<?xml version="1.0" encoding="UTF-8"?>
<gpx version="1.1" creator="Apple Health Export" xmlns="http://www.topografix.com/GPX/1/1" xmlns:xsi="http://www.w3.org/2001/XMLSchema-instance" xsi:schemaLocation="http://www.topografix.com/GPX/1/1 http://www.topografix.com/GPX/1/1/gpx.xsd">
  <metadata>
    <time>2026-04-21T05:05:50Z</time>
  </metadata>
  <trk>
    <name>Route 2022-11-29 3:13pm</name>
    <trkseg>
      <trkpt lon="-77.042767" lat="38.899595"><ele>20.195606</ele><time>2022-11-29T19:27:53Z</time><extensions><speed>1.414494</speed><course>89.881047</course><hAcc>2.238986</hAcc><vAcc>1.314174</vAcc></extensions></trkpt>
      <trkpt lon="-77.042751" lat="38.899595"><ele>20.223216</ele><time>2022-11-29T19:27:54Z</time><extensions><speed>1.415125</speed><course>89.868620</course><hAcc>2.064405</hAcc><vAcc>1.165128</vAcc></extensions></trkpt>
      <trkpt lon="-77.042735" lat="38.899595"><ele>20.250577</ele><time>2022-11-29T19:27:55Z</time><extensions><speed>1.416560</speed><course>89.852204</course><hAcc>1.931895</hAcc><vAcc>1.041949</vAcc></extensions></trkpt>
      <trkpt lon="-77.042719" lat="38.899595"><ele>20.277018</ele><time>2022-11-29T19:27:56Z</time><extensions><speed>1.418767</speed><course>89.835066</course><hAcc>1.837495</hAcc><vAcc>0.943792</vAcc></extensions></trkpt>
      <trkpt lon="-77.042702" lat="38.899595"><ele>20.301785</ele><time>2022-11-29T19:27:57Z</time><extensions><speed>1.421519</speed><course>89.805432</course><hAcc>1.774792</hAcc><vAcc>0.868764</vAcc></extensions></trkpt>
      <trkpt lon="-77.042686" lat="38.899595"><ele>20.324214</ele><time>2022-11-29T19:27:58Z</time><extensions><speed>1.426494</speed><course>89.767508</course><hAcc>1.736458</hAcc><vAcc>0.813981</vAcc></extensions></trkpt>
      <trkpt lon="-77.042669" lat="38.899595"><ele>20.343870</ele><time>2022-11-29T19:27:59Z</time><extensions><speed>1.432374</speed><course>89.719991</course><hAcc>1.715457</hAcc><vAcc>0.775847</vAcc></extensions></trkpt>
      <trkpt lon="-77.042653" lat="38.899595"><ele>20.360448</ele><time>2022-11-29T19:28:00Z</time><extensions><speed>1.439618</speed><course>89.667705</course><hAcc>1.705607</hAcc><vAcc>0.750547</vAcc></extensions></trkpt>
      <trkpt lon="-77.042636" lat="38.899595"><ele>20.373904</ele><time>2022-11-29T19:28:01Z</time><extensions><speed>1.447632</speed><course>89.606764</course><hAcc>1.701891</hAcc><vAcc>0.734523</vAcc></extensions></trkpt>
      <trkpt lon="-77.042619" lat="38.899595"><ele>20.384205</ele><time>2022-11-29T19:28:02Z</time><extensions><speed>1.455217</speed><course>89.534077</course><hAcc>1.700507</hAcc><vAcc>0.724806</vAcc></extensions></trkpt>
      <trkpt lon="-77.042603" lat="38.899595"><ele>20.391297</ele><time>2022-11-29T19:28:03Z</time><extensions><speed>1.461601</speed><course>89.448690</course><hAcc>1.698775</hAcc><vAcc>0.719137</vAcc></extensions></trkpt>
      <trkpt lon="-77.042586" lat="38.899595"><ele>20.395127</ele><time>2022-11-29T19:28:04Z</time><extensions><speed>1.468030</speed><course>89.356125</course><hAcc>1.694916</hAcc><vAcc>0.715921</vAcc></extensions></trkpt>
      <trkpt lon="-77.042569" lat="38.899595"><ele>20.395638</ele><time>2022-11-29T19:28:05Z</time><extensions><speed>1.474198</speed><course>89.258225</course><hAcc>1.687849</hAcc><vAcc>0.714110</vAcc></extensions></trkpt>
      <trkpt lon="-77.042552" lat="38.899596"><ele>20.392901</ele><time>2022-11-29T19:28:06Z</time><extensions><speed>1.480282</speed><course>89.154471</course><hAcc>1.676980</hAcc><vAcc>0.713062</vAcc></extensions></trkpt>
      <trkpt lon="-77.042535" lat="38.899596"><ele>20.387272</ele><time>2022-11-29T19:28:07Z</time><extensions><speed>1.485370</speed><course>89.043519</course><hAcc>1.662044</hAcc><vAcc>0.712417</vAcc></extensions></trkpt>
      <trkpt lon="-77.042517" lat="38.899596"><ele>20.379465</ele><time>2022-11-29T19:28:08Z</time><extensions><speed>1.489104</speed><course>88.924831</course><hAcc>1.642991</hAcc><vAcc>0.711997</vAcc></extensions></trkpt>
      <trkpt lon="-77.042500" lat="38.899596"><ele>20.370277</ele><time>2022-11-29T19:28:09Z</time><extensions><speed>1.490828</speed><course>88.798239</course><hAcc>1.619893</hAcc><vAcc>0.711727</vAcc></extensions></trkpt>
      <trkpt lon="-77.042483" lat="38.899597"><ele>20.360429</ele><time>2022-11-29T19:28:10Z</time><extensions><speed>1.492212</speed><course>88.665059</course><hAcc>1.592869</hAcc><vAcc>0.711585</vAcc></extensions></trkpt>
      <trkpt lon="-77.042466" lat="38.899597"><ele>20.350429</ele><time>2022-11-29T19:28:11Z</time><extensions><speed>1.493828</speed><course>88.524501</course><hAcc>1.562028</hAcc><vAcc>0.711576</vAcc></extensions></trkpt>
      <trkpt lon="-77.042449" lat="38.899597"><ele>20.340536</ele><time>2022-11-29T19:28:12Z</time><extensions><speed>1.493246</speed><course>88.378007</course><hAcc>1.527547</hAcc><vAcc>0.711727</vAcc></extensions></trkpt>
      <trkpt lon="-77.042431" lat="38.899598"><ele>20.330857</ele><time>2022-11-29T19:28:13Z</time><extensions><speed>1.491681</speed><course>88.228880</course><hAcc>1.489646</hAcc><vAcc>0.712077</vAcc></extensions></trkpt>
      <trkpt lon="-77.042414" lat="38.899598"><ele>20.321420</ele><time>2022-11-29T19:28:15Z</time><extensions><speed>1.489941</speed><course>88.080179</course><hAcc>1.448574</hAcc><vAcc>0.712666</vAcc></extensions></trkpt>
      <trkpt lon="-77.042397" lat="38.899599"><ele>20.312188</ele><time>2022-11-29T19:28:16Z</time><extensions><speed>1.487489</speed><course>87.933613</course><hAcc>1.404873</hAcc><vAcc>0.713526</vAcc></extensions></trkpt>
      <trkpt lon="-77.042380" lat="38.899599"><ele>20.303083</ele><time>2022-11-29T19:28:17Z</time><extensions><speed>1.483996</speed><course>87.789985</course><hAcc>1.359276</hAcc><vAcc>0.714687</vAcc></extensions></trkpt>
      <trkpt lon="-77.042363" lat="38.899600"><ele>20.294044</ele><time>2022-11-29T19:28:18Z</time><extensions><speed>1.479490</speed><course>87.661849</course><hAcc>1.312871</hAcc><vAcc>0.716156</vAcc></extensions></trkpt>
      <trkpt lon="-77.042346" lat="38.899600"><ele>20.284915</ele><time>2022-11-29T19:28:19Z</time><extensions><speed>1.474350</speed><course>87.555729</course><hAcc>1.267135</hAcc><vAcc>0.717935</vAcc></extensions></trkpt>
      <trkpt lon="-77.042329" lat="38.899601"><ele>20.275578</ele><time>2022-11-29T19:28:20Z</time><extensions><speed>1.468462</speed><course>87.479156</course><hAcc>1.223955</hAcc><vAcc>0.720017</vAcc></extensions></trkpt>
      <trkpt lon="-77.042312" lat="38.899601"><ele>20.266035</ele><time>2022-11-29T19:28:21Z</time><extensions><speed>1.463608</speed><course>87.446650</course><hAcc>1.185355</hAcc><vAcc>0.722386</vAcc></extensions></trkpt>
      <trkpt lon="-77.042295" lat="38.899602"><ele>20.256226</ele><time>2022-11-29T19:28:22Z</time><extensions><speed>1.459731</speed><course>87.491276</course><hAcc>1.153006</hAcc><vAcc>0.725013</vAcc></extensions></trkpt>
      <trkpt lon="-77.042279" lat="38.899602"><ele>20.246300</ele><time>2022-11-29T19:28:23Z</time><extensions><speed>1.456073</speed><course>87.634767</course><hAcc>1.128012</hAcc><vAcc>0.727857</vAcc></extensions></trkpt>
      <trkpt lon="-77.042262" lat="38.899603"><ele>20.236373</ele><time>2022-11-29T19:28:24Z</time><extensions><speed>1.453916</speed><course>87.895648</course><hAcc>1.111072</hAcc><vAcc>0.730865</vAcc></extensions></trkpt>
      <trkpt lon="-77.042245" lat="38.899603"><ele>20.226406</ele><time>2022-11-29T19:28:25Z</time><extensions><speed>1.453329</speed><course>88.293447</course><hAcc>1.102497</hAcc><vAcc>0.733967</vAcc></extensions></trkpt>
      <trkpt lon="-77.042228" lat="38.899604"><ele>20.216548</ele><time>2022-11-29T19:28:26Z</time><extensions><speed>1.454756</speed><course>88.843962</course><hAcc>1.102251</hAcc><vAcc>0.737086</vAcc></extensions></trkpt>
      <trkpt lon="-77.042211" lat="38.899604"><ele>20.206763</ele><time>2022-11-29T19:28:27Z</time><extensions><speed>1.458121</speed><course>89.564425</course><hAcc>1.110014</hAcc><vAcc>0.740141</vAcc></extensions></trkpt>
      <trkpt lon="-77.042195" lat="38.899604"><ele>20.197015</ele><time>2022-11-29T19:28:28Z</time><extensions><speed>1.463489</speed><course>90.467627</course><hAcc>1.125196</hAcc><vAcc>0.743065</vAcc></extensions></trkpt>
      <trkpt lon="-77.042178" lat="38.899604"><ele>20.187390</ele><time>2022-11-29T19:28:29Z</time><extensions><speed>1.470856</speed><course>91.562174</course><hAcc>1.146922</hAcc><vAcc>0.745797</vAcc></extensions></trkpt>
      <trkpt lon="-77.042161" lat="38.899603"><ele>20.177934</ele><time>2022-11-29T19:28:30Z</time><extensions><speed>1.478897</speed><course>92.874258</course><hAcc>1.173970</hAcc><vAcc>0.748284</vAcc></extensions></trkpt>
      <trkpt lon="-77.042144" lat="38.899602"><ele>20.168687</ele><time>2022-11-29T19:28:31Z</time><extensions><speed>1.486271</speed><course>94.487580</course><hAcc>1.204702</hAcc><vAcc>0.750481</vAcc></extensions></trkpt>
      <trkpt lon="-77.042127" lat="38.899601"><ele>20.159745</ele><time>2022-11-29T19:28:32Z</time><extensions><speed>1.490819</speed><course>96.209662</course><hAcc>1.237013</hAcc><vAcc>0.752357</vAcc></extensions></trkpt>
      <trkpt lon="-77.042110" lat="38.899599"><ele>20.151236</ele><time>2022-11-29T19:28:33Z</time><extensions><speed>1.491849</speed><course>98.065062</course><hAcc>1.268286</hAcc><vAcc>0.753901</vAcc></extensions></trkpt>
      <trkpt lon="-77.042093" lat="38.899597"><ele>20.143377</ele><time>2022-11-29T19:28:34Z</time><extensions><speed>1.490599</speed><course>99.967945</course><hAcc>1.295742</hAcc><vAcc>0.755144</vAcc></extensions></trkpt>
      <trkpt lon="-77.042076" lat="38.899595"><ele>20.136357</ele><time>2022-11-29T19:28:35Z</time><extensions><speed>1.488664</speed><course>101.894382</course><hAcc>1.317166</hAcc><vAcc>0.756184</vAcc></extensions></trkpt>
      <trkpt lon="-77.042059" lat="38.899592"><ele>20.130485</ele><time>2022-11-29T19:28:36Z</time><extensions><speed>1.485986</speed><course>103.850514</course><hAcc>1.331282</hAcc><vAcc>0.757205</vAcc></extensions></trkpt>
      <trkpt lon="-77.042042" lat="38.899588"><ele>20.125737</ele><time>2022-11-29T19:28:37Z</time><extensions><speed>1.483109</speed><course>105.826498</course><hAcc>1.337658</hAcc><vAcc>0.758497</vAcc></extensions></trkpt>
      <trkpt lon="-77.042026" lat="38.899584"><ele>20.122006</ele><time>2022-11-29T19:28:38Z</time><extensions><speed>1.480872</speed><course>107.812419</course><hAcc>1.336670</hAcc><vAcc>0.760464</vAcc></extensions></trkpt>
      <trkpt lon="-77.042010" lat="38.899580"><ele>20.119017</ele><time>2022-11-29T19:28:39Z</time><extensions><speed>1.480287</speed><course>109.779774</course><hAcc>1.329469</hAcc><vAcc>0.763629</vAcc></extensions></trkpt>
      <trkpt lon="-77.041994" lat="38.899575"><ele>20.116634</ele><time>2022-11-29T19:28:40Z</time><extensions><speed>1.480144</speed><course>111.708374</course><hAcc>1.317999</hAcc><vAcc>0.768644</vAcc></extensions></trkpt>
      <trkpt lon="-77.041978" lat="38.899570"><ele>20.113896</ele><time>2022-11-29T19:28:41Z</time><extensions><speed>1.481733</speed><course>113.594235</course><hAcc>1.304941</hAcc><vAcc>0.776279</vAcc></extensions></trkpt>
      <trkpt lon="-77.041963" lat="38.899565"><ele>20.110043</ele><time>2022-11-29T19:28:42Z</time><extensions><speed>1.486089</speed><course>115.421139</course><hAcc>1.293654</hAcc><vAcc>0.787400</vAcc></extensions></trkpt>
      <trkpt lon="-77.041947" lat="38.899559"><ele>20.104137</ele><time>2022-11-29T19:28:43Z</time><extensions><speed>1.492258</speed><course>117.142978</course><hAcc>1.287765</hAcc><vAcc>0.802921</vAcc></extensions></trkpt>
      <trkpt lon="-77.041932" lat="38.899552"><ele>20.095532</ele><time>2022-11-29T19:28:44Z</time><extensions><speed>1.498328</speed><course>118.687891</course><hAcc>1.290555</hAcc><vAcc>0.823713</vAcc></extensions></trkpt>
      <trkpt lon="-77.041917" lat="38.899546"><ele>20.083871</ele><time>2022-11-29T19:28:45Z</time><extensions><speed>1.506138</speed><course>120.042122</course><hAcc>1.304345</hAcc><vAcc>0.850497</vAcc></extensions></trkpt>
      <trkpt lon="-77.041902" lat="38.899539"><ele>20.069095</ele><time>2022-11-29T19:28:46Z</time><extensions><speed>1.515607</speed><course>121.191815</course><hAcc>1.330563</hAcc><vAcc>0.883711</vAcc></extensions></trkpt>
      <trkpt lon="-77.041887" lat="38.899532"><ele>20.051829</ele><time>2022-11-29T19:28:47Z</time><extensions><speed>1.524419</speed><course>122.128309</course><hAcc>1.369300</hAcc><vAcc>0.923390</vAcc></extensions></trkpt>
      <trkpt lon="-77.041872" lat="38.899524"><ele>20.032348</ele><time>2022-11-29T19:28:48Z</time><extensions><speed>1.531447</speed><course>122.805538</course><hAcc>1.419670</hAcc><vAcc>0.969070</vAcc></extensions></trkpt>
      <trkpt lon="-77.041858" lat="38.899517"><ele>20.011442</ele><time>2022-11-29T19:28:49Z</time><extensions><speed>1.537703</speed><course>123.304848</course><hAcc>1.479887</hAcc><vAcc>1.019708</vAcc></extensions></trkpt>
      <trkpt lon="-77.041843" lat="38.899509"><ele>19.989480</ele><time>2022-11-29T19:28:50Z</time><extensions><speed>1.544674</speed><course>123.648581</course><hAcc>1.546772</hAcc><vAcc>1.073699</vAcc></extensions></trkpt>
      <trkpt lon="-77.041828" lat="38.899501"><ele>19.966270</ele><time>2022-11-29T19:28:51Z</time><extensions><speed>1.553462</speed><course>123.853619</course><hAcc>1.617262</hAcc><vAcc>1.129174</vAcc></extensions></trkpt>
      <trkpt lon="-77.041813" lat="38.899493"><ele>19.942399</ele><time>2022-11-29T19:28:52Z</time><extensions><speed>1.560594</speed><course>123.874653</course><hAcc>1.688717</hAcc><vAcc>1.184476</vAcc></extensions></trkpt>
      <trkpt lon="-77.041798" lat="38.899485"><ele>19.917507</ele><time>2022-11-29T19:28:53Z</time><extensions><speed>1.561806</speed><course>123.730635</course><hAcc>1.758874</hAcc><vAcc>1.238353</vAcc></extensions></trkpt>
      <trkpt lon="-77.041783" lat="38.899478"><ele>19.892724</ele><time>2022-11-29T19:28:54Z</time><extensions><speed>1.560598</speed><course>123.386717</course><hAcc>1.826062</hAcc><vAcc>1.289904</vAcc></extensions></trkpt>
      <trkpt lon="-77.041768" lat="38.899470"><ele>19.867433</ele><time>2022-11-29T19:28:55Z</time><extensions><speed>1.561454</speed><course>122.968781</course><hAcc>1.889098</hAcc><vAcc>1.338518</vAcc></extensions></trkpt>
      <trkpt lon="-77.041753" lat="38.899462"><ele>19.841613</ele><time>2022-11-29T19:28:56Z</time><extensions><speed>1.565582</speed><course>122.479716</course><hAcc>1.946777</hAcc><vAcc>1.383813</vAcc></extensions></trkpt>
      <trkpt lon="-77.041738" lat="38.899455"><ele>19.815867</ele><time>2022-11-29T19:28:57Z</time><extensions><speed>1.570681</speed><course>121.921127</course><hAcc>1.997724</hAcc><vAcc>1.425585</vAcc></extensions></trkpt>
      <trkpt lon="-77.041722" lat="38.899447"><ele>19.790096</ele><time>2022-11-29T19:28:58Z</time><extensions><speed>1.573623</speed><course>121.297344</course><hAcc>2.040337</hAcc><vAcc>1.463764</vAcc></extensions></trkpt>
      <trkpt lon="-77.041707" lat="38.899440"><ele>19.763870</ele><time>2022-11-29T19:28:59Z</time><extensions><speed>1.573388</speed><course>120.604668</course><hAcc>2.072499</hAcc><vAcc>1.498380</vAcc></extensions></trkpt>
      <trkpt lon="-77.041691" lat="38.899433"><ele>19.737923</ele><time>2022-11-29T19:29:00Z</time><extensions><speed>1.570688</speed><course>119.838544</course><hAcc>2.091559</hAcc><vAcc>1.529536</vAcc></extensions></trkpt>
      <trkpt lon="-77.041676" lat="38.899426"><ele>19.712148</ele><time>2022-11-29T19:29:01Z</time><extensions><speed>1.566205</speed><course>118.992303</course><hAcc>2.093536</hAcc><vAcc>1.557385</vAcc></extensions></trkpt>
      <trkpt lon="-77.041660" lat="38.899419"><ele>19.686655</ele><time>2022-11-29T19:29:02Z</time><extensions><speed>1.560276</speed><course>118.062784</course><hAcc>2.073420</hAcc><vAcc>1.582118</vAcc></extensions></trkpt>
      <trkpt lon="-77.041644" lat="38.899412"><ele>19.661056</ele><time>2022-11-29T19:29:03Z</time><extensions><speed>1.559866</speed><course>117.959582</course><hAcc>2.042656</hAcc><vAcc>1.603943</vAcc></extensions></trkpt>
      <trkpt lon="-77.041628" lat="38.899406"><ele>19.636360</ele><time>2022-11-29T19:29:04Z</time><extensions><speed>1.559229</speed><course>117.851126</course><hAcc>2.017052</hAcc><vAcc>1.623084</vAcc></extensions></trkpt>
      <trkpt lon="-77.041612" lat="38.899399"><ele>19.612162</ele><time>2022-11-29T19:29:05Z</time><extensions><speed>1.558726</speed><course>117.737874</course><hAcc>1.996032</hAcc><vAcc>1.639768</vAcc></extensions></trkpt>
      <trkpt lon="-77.041596" lat="38.899393"><ele>19.588520</ele><time>2022-11-29T19:29:06Z</time><extensions><speed>1.558407</speed><course>117.620394</course><hAcc>1.979250</hAcc><vAcc>1.654220</vAcc></extensions></trkpt>
      <trkpt lon="-77.041580" lat="38.899386"><ele>19.566193</ele><time>2022-11-29T19:29:07Z</time><extensions><speed>1.558192</speed><course>117.498941</course><hAcc>1.966148</hAcc><vAcc>1.666659</vAcc></extensions></trkpt>
      <trkpt lon="-77.041564" lat="38.899380"><ele>19.544378</ele><time>2022-11-29T19:29:08Z</time><extensions><speed>1.557741</speed><course>117.372608</course><hAcc>1.956262</hAcc><vAcc>1.677297</vAcc></extensions></trkpt>
      <trkpt lon="-77.041548" lat="38.899373"><ele>19.523851</ele><time>2022-11-29T19:29:09Z</time><extensions><speed>1.557126</speed><course>117.245885</course><hAcc>1.949087</hAcc><vAcc>1.686333</vAcc></extensions></trkpt>
      <trkpt lon="-77.041532" lat="38.899367"><ele>19.503762</ele><time>2022-11-29T19:29:10Z</time><extensions><speed>1.556391</speed><course>117.118695</course><hAcc>1.944226</hAcc><vAcc>1.693956</vAcc></extensions></trkpt>
      <trkpt lon="-77.041516" lat="38.899360"><ele>19.484861</ele><time>2022-11-29T19:29:11Z</time><extensions><speed>1.555680</speed><course>116.991146</course><hAcc>1.941374</hAcc><vAcc>1.700343</vAcc></extensions></trkpt>
      <trkpt lon="-77.041500" lat="38.899354"><ele>19.467420</ele><time>2022-11-29T19:29:12Z</time><extensions><speed>1.554953</speed><course>116.863719</course><hAcc>1.940239</hAcc><vAcc>1.705655</vAcc></extensions></trkpt>
      <trkpt lon="-77.041484" lat="38.899348"><ele>19.451378</ele><time>2022-11-29T19:29:13Z</time><extensions><speed>1.554268</speed><course>116.736544</course><hAcc>1.940470</hAcc><vAcc>1.710043</vAcc></extensions></trkpt>
      <trkpt lon="-77.041468" lat="38.899341"><ele>19.436468</ele><time>2022-11-29T19:29:14Z</time><extensions><speed>1.553569</speed><course>116.610215</course><hAcc>1.941685</hAcc><vAcc>1.713646</vAcc></extensions></trkpt>
      <trkpt lon="-77.041452" lat="38.899335"><ele>19.422739</ele><time>2022-11-29T19:29:15Z</time><extensions><speed>1.553089</speed><course>116.484368</course><hAcc>1.943847</hAcc><vAcc>1.716585</vAcc></extensions></trkpt>
      <trkpt lon="-77.041436" lat="38.899329"><ele>19.410406</ele><time>2022-11-29T19:29:16Z</time><extensions><speed>1.552614</speed><course>116.359937</course><hAcc>1.946395</hAcc><vAcc>1.718974</vAcc></extensions></trkpt>
      <trkpt lon="-77.041420" lat="38.899323"><ele>19.399031</ele><time>2022-11-29T19:29:17Z</time><extensions><speed>1.552129</speed><course>116.236913</course><hAcc>1.949613</hAcc><vAcc>1.720908</vAcc></extensions></trkpt>
      <trkpt lon="-77.041404" lat="38.899316"><ele>19.388800</ele><time>2022-11-29T19:29:18Z</time><extensions><speed>1.551687</speed><course>116.115501</course><hAcc>1.953109</hAcc><vAcc>1.722473</vAcc></extensions></trkpt>
      <trkpt lon="-77.041388" lat="38.899310"><ele>19.379641</ele><time>2022-11-29T19:29:19Z</time><extensions><speed>1.551369</speed><course>115.995630</course><hAcc>1.956739</hAcc><vAcc>1.723744</vAcc></extensions></trkpt>
      <trkpt lon="-77.041372" lat="38.899304"><ele>19.372242</ele><time>2022-11-29T19:29:20Z</time><extensions><speed>1.551153</speed><course>115.877539</course><hAcc>1.960429</hAcc><vAcc>1.724782</vAcc></extensions></trkpt>
      <trkpt lon="-77.041356" lat="38.899298"><ele>19.365196</ele><time>2022-11-29T19:29:21Z</time><extensions><speed>1.551267</speed><course>115.761352</course><hAcc>1.964062</hAcc><vAcc>1.725642</vAcc></extensions></trkpt>
      <trkpt lon="-77.041340" lat="38.899292"><ele>19.358863</ele><time>2022-11-29T19:29:22Z</time><extensions><speed>1.551548</speed><course>115.647347</course><hAcc>1.967587</hAcc><vAcc>1.726365</vAcc></extensions></trkpt>
      <trkpt lon="-77.041324" lat="38.899286"><ele>19.353586</ele><time>2022-11-29T19:29:23Z</time><extensions><speed>1.552164</speed><course>115.536017</course><hAcc>1.970937</hAcc><vAcc>1.726986</vAcc></extensions></trkpt>
      <trkpt lon="-77.041308" lat="38.899280"><ele>19.348876</ele><time>2022-11-29T19:29:24Z</time><extensions><speed>1.552831</speed><course>115.427907</course><hAcc>1.974116</hAcc><vAcc>1.727533</vAcc></extensions></trkpt>
      <trkpt lon="-77.041291" lat="38.899274"><ele>19.344803</ele><time>2022-11-29T19:29:25Z</time><extensions><speed>1.553376</speed><course>115.323060</course><hAcc>1.977021</hAcc><vAcc>1.728027</vAcc></extensions></trkpt>
      <trkpt lon="-77.041275" lat="38.899268"><ele>19.341210</ele><time>2022-11-29T19:29:26Z</time><extensions><speed>1.553755</speed><course>115.221240</course><hAcc>1.979678</hAcc><vAcc>1.728482</vAcc></extensions></trkpt>
      <trkpt lon="-77.041259" lat="38.899262"><ele>19.337213</ele><time>2022-11-29T19:29:27Z</time><extensions><speed>1.553992</speed><course>115.122423</course><hAcc>1.981995</hAcc><vAcc>1.728909</vAcc></extensions></trkpt>
      <trkpt lon="-77.041243" lat="38.899256"><ele>19.333720</ele><time>2022-11-29T19:29:28Z</time><extensions><speed>1.554093</speed><course>115.026634</course><hAcc>1.984043</hAcc><vAcc>1.729317</vAcc></extensions></trkpt>
      <trkpt lon="-77.041226" lat="38.899250"><ele>19.330534</ele><time>2022-11-29T19:29:29Z</time><extensions><speed>1.554052</speed><course>114.933948</course><hAcc>1.985800</hAcc><vAcc>1.729711</vAcc></extensions></trkpt>
      <trkpt lon="-77.041210" lat="38.899244"><ele>19.327145</ele><time>2022-11-29T19:29:30Z</time><extensions><speed>1.553972</speed><course>114.844421</course><hAcc>1.987321</hAcc><vAcc>1.730094</vAcc></extensions></trkpt>
      <trkpt lon="-77.041194" lat="38.899238"><ele>19.323448</ele><time>2022-11-29T19:29:31Z</time><extensions><speed>1.553801</speed><course>114.758013</course><hAcc>1.988522</hAcc><vAcc>1.730469</vAcc></extensions></trkpt>
      <trkpt lon="-77.041177" lat="38.899232"><ele>19.320122</ele><time>2022-11-29T19:29:32Z</time><extensions><speed>1.553506</speed><course>114.674920</course><hAcc>1.989439</hAcc><vAcc>1.730836</vAcc></extensions></trkpt>
      <trkpt lon="-77.041161" lat="38.899227"><ele>19.316883</ele><time>2022-11-29T19:29:33Z</time><extensions><speed>1.553203</speed><course>114.594929</course><hAcc>1.990071</hAcc><vAcc>1.731195</vAcc></extensions></trkpt>
      <trkpt lon="-77.041144" lat="38.899221"><ele>19.313735</ele><time>2022-11-29T19:29:34Z</time><extensions><speed>1.552653</speed><course>114.518342</course><hAcc>1.990432</hAcc><vAcc>1.731546</vAcc></extensions></trkpt>
      <trkpt lon="-77.041128" lat="38.899215"><ele>19.310316</ele><time>2022-11-29T19:29:35Z</time><extensions><speed>1.551978</speed><course>114.444812</course><hAcc>1.990579</hAcc><vAcc>1.731887</vAcc></extensions></trkpt>
      <trkpt lon="-77.041112" lat="38.899209"><ele>19.306845</ele><time>2022-11-29T19:29:36Z</time><extensions><speed>1.551297</speed><course>114.374445</course><hAcc>1.990541</hAcc><vAcc>1.732218</vAcc></extensions></trkpt>
      <trkpt lon="-77.041095" lat="38.899203"><ele>19.303194</ele><time>2022-11-29T19:29:37Z</time><extensions><speed>1.550660</speed><course>114.306914</course><hAcc>1.990330</hAcc><vAcc>1.732537</vAcc></extensions></trkpt>
      <trkpt lon="-77.041079" lat="38.899198"><ele>19.299324</ele><time>2022-11-29T19:29:38Z</time><extensions><speed>1.549929</speed><course>114.242290</course><hAcc>1.989942</hAcc><vAcc>1.732845</vAcc></extensions></trkpt>
      <trkpt lon="-77.041063" lat="38.899192"><ele>19.295442</ele><time>2022-11-29T19:29:39Z</time><extensions><speed>1.549102</speed><course>114.180516</course><hAcc>1.989402</hAcc><vAcc>1.733139</vAcc></extensions></trkpt>
      <trkpt lon="-77.041046" lat="38.899186"><ele>19.291498</ele><time>2022-11-29T19:29:40Z</time><extensions><speed>1.548094</speed><course>114.121548</course><hAcc>1.988731</hAcc><vAcc>1.733419</vAcc></extensions></trkpt>
      <trkpt lon="-77.041030" lat="38.899180"><ele>19.287456</ele><time>2022-11-29T19:29:41Z</time><extensions><speed>1.547210</speed><course>114.065471</course><hAcc>1.987909</hAcc><vAcc>1.733683</vAcc></extensions></trkpt>
      <trkpt lon="-77.041014" lat="38.899175"><ele>19.283088</ele><time>2022-11-29T19:29:42Z</time><extensions><speed>1.546275</speed><course>114.012207</course><hAcc>1.987029</hAcc><vAcc>1.733932</vAcc></extensions></trkpt>
      <trkpt lon="-77.040997" lat="38.899169"><ele>19.278161</ele><time>2022-11-29T19:29:43Z</time><extensions><speed>1.545261</speed><course>113.961565</course><hAcc>1.986086</hAcc><vAcc>1.734164</vAcc></extensions></trkpt>
      <trkpt lon="-77.040981" lat="38.899163"><ele>19.272791</ele><time>2022-11-29T19:29:44Z</time><extensions><speed>1.544161</speed><course>113.913473</course><hAcc>1.985042</hAcc><vAcc>1.734380</vAcc></extensions></trkpt>
      <trkpt lon="-77.040964" lat="38.899158"><ele>19.267143</ele><time>2022-11-29T19:29:45Z</time><extensions><speed>1.543015</speed><course>113.867858</course><hAcc>1.983934</hAcc><vAcc>1.734579</vAcc></extensions></trkpt>
      <trkpt lon="-77.040948" lat="38.899152"><ele>19.261486</ele><time>2022-11-29T19:29:46Z</time><extensions><speed>1.541888</speed><course>113.824638</course><hAcc>1.982797</hAcc><vAcc>1.734761</vAcc></extensions></trkpt>
      <trkpt lon="-77.040932" lat="38.899146"><ele>19.255066</ele><time>2022-11-29T19:29:47Z</time><extensions><speed>1.540629</speed><course>113.783770</course><hAcc>1.981661</hAcc><vAcc>1.734928</vAcc></extensions></trkpt>
      <trkpt lon="-77.040916" lat="38.899141"><ele>19.248397</ele><time>2022-11-29T19:29:48Z</time><extensions><speed>1.539277</speed><course>113.745177</course><hAcc>1.980556</hAcc><vAcc>1.735079</vAcc></extensions></trkpt>
      <trkpt lon="-77.040899" lat="38.899135"><ele>19.241265</ele><time>2022-11-29T19:29:49Z</time><extensions><speed>1.537722</speed><course>113.708802</course><hAcc>1.979504</hAcc><vAcc>1.735215</vAcc></extensions></trkpt>
      <trkpt lon="-77.040883" lat="38.899130"><ele>19.233459</ele><time>2022-11-29T19:29:50Z</time><extensions><speed>1.536163</speed><course>113.674473</course><hAcc>1.978058</hAcc><vAcc>1.735337</vAcc></extensions></trkpt>
      <trkpt lon="-77.040867" lat="38.899124"><ele>19.225590</ele><time>2022-11-29T19:29:51Z</time><extensions><speed>1.534411</speed><course>113.642272</course><hAcc>1.977087</hAcc><vAcc>1.735447</vAcc></extensions></trkpt>
      <trkpt lon="-77.040851" lat="38.899119"><ele>19.217375</ele><time>2022-11-29T19:29:52Z</time><extensions><speed>1.532762</speed><course>113.612049</course><hAcc>1.976182</hAcc><vAcc>1.735544</vAcc></extensions></trkpt>
      <trkpt lon="-77.040835" lat="38.899113"><ele>19.209228</ele><time>2022-11-29T19:29:53Z</time><extensions><speed>1.531161</speed><course>113.583716</course><hAcc>1.975336</hAcc><vAcc>1.735630</vAcc></extensions></trkpt>
      <trkpt lon="-77.040818" lat="38.899107"><ele>19.199974</ele><time>2022-11-29T19:29:54Z</time><extensions><speed>1.529578</speed><course>113.562348</course><hAcc>1.974548</hAcc><vAcc>1.735705</vAcc></extensions></trkpt>
      <trkpt lon="-77.040802" lat="38.899102"><ele>19.190694</ele><time>2022-11-29T19:29:54Z</time><extensions><speed>1.527806</speed><course>113.544004</course><hAcc>1.973799</hAcc><vAcc>1.735768</vAcc></extensions></trkpt>
      <trkpt lon="-77.040786" lat="38.899096"><ele>19.181735</ele><time>2022-11-29T19:29:55Z</time><extensions><speed>1.526089</speed><course>113.525354</course><hAcc>1.973238</hAcc><vAcc>1.735821</vAcc></extensions></trkpt>
      <trkpt lon="-77.040770" lat="38.899091"><ele>19.172619</ele><time>2022-11-29T19:29:56Z</time><extensions><speed>1.524325</speed><course>113.504398</course><hAcc>1.972635</hAcc><vAcc>1.735864</vAcc></extensions></trkpt>
      <trkpt lon="-77.040754" lat="38.899086"><ele>19.163529</ele><time>2022-11-29T19:29:57Z</time><extensions><speed>1.522405</speed><course>113.484986</course><hAcc>1.972157</hAcc><vAcc>1.735896</vAcc></extensions></trkpt>
      <trkpt lon="-77.040738" lat="38.899080"><ele>19.154757</ele><time>2022-11-29T19:29:58Z</time><extensions><speed>1.520567</speed><course>113.467068</course><hAcc>1.971724</hAcc><vAcc>1.735919</vAcc></extensions></trkpt>
      <trkpt lon="-77.040721" lat="38.899075"><ele>19.146670</ele><time>2022-11-29T19:29:59Z</time><extensions><speed>1.518899</speed><course>113.450585</course><hAcc>1.971319</hAcc><vAcc>1.735931</vAcc></extensions></trkpt>
      <trkpt lon="-77.040705" lat="38.899069"><ele>19.138466</ele><time>2022-11-29T19:30:00Z</time><extensions><speed>1.517188</speed><course>113.435473</course><hAcc>1.970937</hAcc><vAcc>1.735935</vAcc></extensions></trkpt>
      <trkpt lon="-77.040689" lat="38.899064"><ele>19.129802</ele><time>2022-11-29T19:30:01Z</time><extensions><speed>1.515382</speed><course>113.421665</course><hAcc>1.970570</hAcc><vAcc>1.735928</vAcc></extensions></trkpt>
      <trkpt lon="-77.040673" lat="38.899058"><ele>19.121464</ele><time>2022-11-29T19:30:02Z</time><extensions><speed>1.513685</speed><course>113.409952</course><hAcc>1.970203</hAcc><vAcc>1.735913</vAcc></extensions></trkpt>
      <trkpt lon="-77.040657" lat="38.899053"><ele>19.113276</ele><time>2022-11-29T19:30:03Z</time><extensions><speed>1.512100</speed><course>113.401904</course><hAcc>1.969587</hAcc><vAcc>1.735890</vAcc></extensions></trkpt>
      <trkpt lon="-77.040641" lat="38.899047"><ele>19.104487</ele><time>2022-11-29T19:30:04Z</time><extensions><speed>1.509716</speed><course>113.391784</course><hAcc>1.969222</hAcc><vAcc>1.735858</vAcc></extensions></trkpt>
      <trkpt lon="-77.040625" lat="38.899042"><ele>19.095309</ele><time>2022-11-29T19:30:05Z</time><extensions><speed>1.507134</speed><course>113.382880</course><hAcc>1.968829</hAcc><vAcc>1.735819</vAcc></extensions></trkpt>
      <trkpt lon="-77.040609" lat="38.899037"><ele>19.086164</ele><time>2022-11-29T19:30:06Z</time><extensions><speed>1.504304</speed><course>113.376706</course><hAcc>1.968428</hAcc><vAcc>1.735772</vAcc></extensions></trkpt>
      <trkpt lon="-77.040594" lat="38.899031"><ele>19.076293</ele><time>2022-11-29T19:30:07Z</time><extensions><speed>1.501500</speed><course>113.370546</course><hAcc>1.968061</hAcc><vAcc>1.735717</vAcc></extensions></trkpt>
      <trkpt lon="-77.040578" lat="38.899026"><ele>19.066415</ele><time>2022-11-29T19:30:08Z</time><extensions><speed>1.498794</speed><course>113.366724</course><hAcc>1.967666</hAcc><vAcc>1.735655</vAcc></extensions></trkpt>
      <trkpt lon="-77.040562" lat="38.899021"><ele>19.055898</ele><time>2022-11-29T19:30:09Z</time><extensions><speed>1.495955</speed><course>113.364061</course><hAcc>1.967342</hAcc><vAcc>1.735585</vAcc></extensions></trkpt>
      <trkpt lon="-77.040546" lat="38.899015"><ele>19.045200</ele><time>2022-11-29T19:30:10Z</time><extensions><speed>1.493389</speed><course>113.360021</course><hAcc>1.966876</hAcc><vAcc>1.735508</vAcc></extensions></trkpt>
      <trkpt lon="-77.040530" lat="38.899010"><ele>19.034169</ele><time>2022-11-29T19:30:11Z</time><extensions><speed>1.490551</speed><course>113.356568</course><hAcc>1.966691</hAcc><vAcc>1.735424</vAcc></extensions></trkpt>
      <trkpt lon="-77.040514" lat="38.899005"><ele>19.022866</ele><time>2022-11-29T19:30:12Z</time><extensions><speed>1.487465</speed><course>113.353846</course><hAcc>1.966656</hAcc><vAcc>1.735332</vAcc></extensions></trkpt>
      <trkpt lon="-77.040499" lat="38.898999"><ele>19.011465</ele><time>2022-11-29T19:30:13Z</time><extensions><speed>1.484228</speed><course>113.351820</course><hAcc>1.966806</hAcc><vAcc>1.735235</vAcc></extensions></trkpt>
      <trkpt lon="-77.040483" lat="38.898994"><ele>18.999759</ele><time>2022-11-29T19:30:14Z</time><extensions><speed>1.480958</speed><course>113.361649</course><hAcc>1.967167</hAcc><vAcc>1.735131</vAcc></extensions></trkpt>
      <trkpt lon="-77.040467" lat="38.898989"><ele>18.988533</ele><time>2022-11-29T19:30:15Z</time><extensions><speed>1.477721</speed><course>113.372712</course><hAcc>1.967848</hAcc><vAcc>1.735022</vAcc></extensions></trkpt>
      <trkpt lon="-77.040452" lat="38.898983"><ele>18.977491</ele><time>2022-11-29T19:30:16Z</time><extensions><speed>1.474783</speed><course>113.382333</course><hAcc>1.968941</hAcc><vAcc>1.734908</vAcc></extensions></trkpt>
      <trkpt lon="-77.040436" lat="38.898978"><ele>18.966885</ele><time>2022-11-29T19:30:17Z</time><extensions><speed>1.471801</speed><course>113.392439</course><hAcc>1.970535</hAcc><vAcc>1.734790</vAcc></extensions></trkpt>
      <trkpt lon="-77.040421" lat="38.898973"><ele>18.956113</ele><time>2022-11-29T19:30:18Z</time><extensions><speed>1.468873</speed><course>113.403297</course><hAcc>1.972760</hAcc><vAcc>1.734669</vAcc></extensions></trkpt>
      <trkpt lon="-77.040405" lat="38.898968"><ele>18.946060</ele><time>2022-11-29T19:30:20Z</time><extensions><speed>1.466229</speed><course>113.413928</course><hAcc>1.975751</hAcc><vAcc>1.734536</vAcc></extensions></trkpt>
      <trkpt lon="-77.040390" lat="38.898962"><ele>18.936553</ele><time>2022-11-29T19:30:21Z</time><extensions><speed>1.463712</speed><course>113.424528</course><hAcc>1.979649</hAcc><vAcc>1.734392</vAcc></extensions></trkpt>
      <trkpt lon="-77.040374" lat="38.898957"><ele>18.927526</ele><time>2022-11-29T19:30:22Z</time><extensions><speed>1.461597</speed><course>113.433515</course><hAcc>1.984622</hAcc><vAcc>1.734246</vAcc></extensions></trkpt>
      <trkpt lon="-77.040359" lat="38.898952"><ele>18.918790</ele><time>2022-11-29T19:30:23Z</time><extensions><speed>1.459582</speed><course>113.441925</course><hAcc>1.990872</hAcc><vAcc>1.734099</vAcc></extensions></trkpt>
      <trkpt lon="-77.040343" lat="38.898946"><ele>18.910921</ele><time>2022-11-29T19:30:24Z</time><extensions><speed>1.457810</speed><course>113.450957</course><hAcc>1.998588</hAcc><vAcc>1.733949</vAcc></extensions></trkpt>
      <trkpt lon="-77.040328" lat="38.898941"><ele>18.903600</ele><time>2022-11-29T19:30:25Z</time><extensions><speed>1.456040</speed><course>113.446495</course><hAcc>2.008016</hAcc><vAcc>1.733798</vAcc></extensions></trkpt>
      <trkpt lon="-77.040312" lat="38.898936"><ele>18.896706</ele><time>2022-11-29T19:30:26Z</time><extensions><speed>1.454608</speed><course>113.443442</course><hAcc>2.019400</hAcc><vAcc>1.733647</vAcc></extensions></trkpt>
      <trkpt lon="-77.040297" lat="38.898931"><ele>18.890040</ele><time>2022-11-29T19:30:27Z</time><extensions><speed>1.453667</speed><course>113.443617</course><hAcc>2.033029</hAcc><vAcc>1.733495</vAcc></extensions></trkpt>
      <trkpt lon="-77.040281" lat="38.898926"><ele>18.883886</ele><time>2022-11-29T19:30:28Z</time><extensions><speed>1.453510</speed><course>113.446496</course><hAcc>2.049151</hAcc><vAcc>1.733344</vAcc></extensions></trkpt>
      <trkpt lon="-77.040266" lat="38.898920"><ele>18.878263</ele><time>2022-11-29T19:30:29Z</time><extensions><speed>1.453261</speed><course>113.449724</course><hAcc>2.068115</hAcc><vAcc>1.733195</vAcc></extensions></trkpt>
      <trkpt lon="-77.040250" lat="38.898915"><ele>18.872838</ele><time>2022-11-29T19:30:30Z</time><extensions><speed>1.453439</speed><course>113.452674</course><hAcc>2.090177</hAcc><vAcc>1.733049</vAcc></extensions></trkpt>
      <trkpt lon="-77.040235" lat="38.898910"><ele>18.867734</ele><time>2022-11-29T19:30:31Z</time><extensions><speed>1.453320</speed><course>113.455967</course><hAcc>2.115768</hAcc><vAcc>1.732906</vAcc></extensions></trkpt>
      <trkpt lon="-77.040219" lat="38.898905"><ele>18.862471</ele><time>2022-11-29T19:30:32Z</time><extensions><speed>1.453411</speed><course>113.458967</course><hAcc>2.145122</hAcc><vAcc>1.732768</vAcc></extensions></trkpt>
      <trkpt lon="-77.040203" lat="38.898899"><ele>18.857404</ele><time>2022-11-29T19:30:33Z</time><extensions><speed>1.453497</speed><course>113.462015</course><hAcc>2.178618</hAcc><vAcc>1.732635</vAcc></extensions></trkpt>
      <trkpt lon="-77.040188" lat="38.898894"><ele>18.852444</ele><time>2022-11-29T19:30:34Z</time><extensions><speed>1.453637</speed><course>113.465041</course><hAcc>2.216584</hAcc><vAcc>1.732509</vAcc></extensions></trkpt>
      <trkpt lon="-77.040172" lat="38.898889"><ele>18.847502</ele><time>2022-11-29T19:30:35Z</time><extensions><speed>1.454027</speed><course>113.468007</course><hAcc>2.259350</hAcc><vAcc>1.732391</vAcc></extensions></trkpt>
      <trkpt lon="-77.040157" lat="38.898884"><ele>18.842486</ele><time>2022-11-29T19:30:36Z</time><extensions><speed>1.454490</speed><course>113.470859</course><hAcc>2.307230</hAcc><vAcc>1.732282</vAcc></extensions></trkpt>
      <trkpt lon="-77.040141" lat="38.898878"><ele>18.837295</ele><time>2022-11-29T19:30:37Z</time><extensions><speed>1.454168</speed><course>113.508422</course><hAcc>2.347724</hAcc><vAcc>1.732183</vAcc></extensions></trkpt>
      <trkpt lon="-77.040126" lat="38.898873"><ele>18.831798</ele><time>2022-11-29T19:30:38Z</time><extensions><speed>1.454471</speed><course>113.542068</course><hAcc>2.372497</hAcc><vAcc>1.732094</vAcc></extensions></trkpt>
      <trkpt lon="-77.040110" lat="38.898868"><ele>18.825841</ele><time>2022-11-29T19:30:39Z</time><extensions><speed>1.454075</speed><course>113.571527</course><hAcc>2.386749</hAcc><vAcc>1.732018</vAcc></extensions></trkpt>
      <trkpt lon="-77.040095" lat="38.898862"><ele>18.819244</ele><time>2022-11-29T19:30:40Z</time><extensions><speed>1.453246</speed><course>113.596472</course><hAcc>2.394114</hAcc><vAcc>1.731955</vAcc></extensions></trkpt>
      <trkpt lon="-77.040080" lat="38.898857"><ele>18.811808</ele><time>2022-11-29T19:30:41Z</time><extensions><speed>1.452905</speed><course>113.617070</course><hAcc>2.397194</hAcc><vAcc>1.731908</vAcc></extensions></trkpt>
      <trkpt lon="-77.040064" lat="38.898852"><ele>18.803333</ele><time>2022-11-29T19:30:42Z</time><extensions><speed>1.452606</speed><course>113.632374</course><hAcc>2.397945</hAcc><vAcc>1.731875</vAcc></extensions></trkpt>
      <trkpt lon="-77.040049" lat="38.898847"><ele>18.793609</ele><time>2022-11-29T19:30:43Z</time><extensions><speed>1.451871</speed><course>113.642080</course><hAcc>2.397733</hAcc><vAcc>1.731859</vAcc></extensions></trkpt>
      <trkpt lon="-77.040033" lat="38.898841"><ele>18.782413</ele><time>2022-11-29T19:30:44Z</time><extensions><speed>1.448676</speed><course>113.645586</course><hAcc>2.397501</hAcc><vAcc>1.731859</vAcc></extensions></trkpt>
      <trkpt lon="-77.040018" lat="38.898836"><ele>18.769518</ele><time>2022-11-29T19:30:45Z</time><extensions><speed>1.447808</speed><course>113.643259</course><hAcc>2.397755</hAcc><vAcc>1.731875</vAcc></extensions></trkpt>
      <trkpt lon="-77.040003" lat="38.898831"><ele>18.754728</ele><time>2022-11-29T19:30:46Z</time><extensions><speed>1.446207</speed><course>113.636866</course><hAcc>2.398852</hAcc><vAcc>1.731904</vAcc></extensions></trkpt>
      <trkpt lon="-77.039988" lat="38.898826"><ele>18.737895</ele><time>2022-11-29T19:30:47Z</time><extensions><speed>1.445527</speed><course>113.627515</course><hAcc>2.400931</hAcc><vAcc>1.731947</vAcc></extensions></trkpt>
      <trkpt lon="-77.039972" lat="38.898820"><ele>18.718475</ele><time>2022-11-29T19:30:48Z</time><extensions><speed>1.445340</speed><course>113.615580</course><hAcc>2.403993</hAcc><vAcc>1.732000</vAcc></extensions></trkpt>
      <trkpt lon="-77.039957" lat="38.898815"><ele>18.696572</ele><time>2022-11-29T19:30:49Z</time><extensions><speed>1.444429</speed><course>113.600479</course><hAcc>2.407980</hAcc><vAcc>1.732062</vAcc></extensions></trkpt>
      <trkpt lon="-77.039942" lat="38.898810"><ele>18.672637</ele><time>2022-11-29T19:30:50Z</time><extensions><speed>1.443304</speed><course>113.581393</course><hAcc>2.412763</hAcc><vAcc>1.732132</vAcc></extensions></trkpt>
      <trkpt lon="-77.039926" lat="38.898805"><ele>18.646548</ele><time>2022-11-29T19:30:51Z</time><extensions><speed>1.443721</speed><course>113.557455</course><hAcc>2.418148</hAcc><vAcc>1.732206</vAcc></extensions></trkpt>
      <trkpt lon="-77.039911" lat="38.898800"><ele>18.618262</ele><time>2022-11-29T19:30:52Z</time><extensions><speed>1.443439</speed><course>113.527919</course><hAcc>2.423914</hAcc><vAcc>1.732286</vAcc></extensions></trkpt>
      <trkpt lon="-77.039896" lat="38.898794"><ele>18.587767</ele><time>2022-11-29T19:30:53Z</time><extensions><speed>1.441525</speed><course>113.491886</course><hAcc>2.429800</hAcc><vAcc>1.732370</vAcc></extensions></trkpt>
      <trkpt lon="-77.039881" lat="38.898789"><ele>18.555066</ele><time>2022-11-29T19:30:54Z</time><extensions><speed>1.439571</speed><course>113.448554</course><hAcc>2.435503</hAcc><vAcc>1.732458</vAcc></extensions></trkpt>
      <trkpt lon="-77.039865" lat="38.898784"><ele>18.519494</ele><time>2022-11-29T19:30:55Z</time><extensions><speed>1.440342</speed><course>113.399903</course><hAcc>2.440790</hAcc><vAcc>1.732552</vAcc></extensions></trkpt>
      <trkpt lon="-77.039850" lat="38.898779"><ele>18.481770</ele><time>2022-11-29T19:30:56Z</time><extensions><speed>1.439113</speed><course>113.343333</course><hAcc>2.445705</hAcc><vAcc>1.732652</vAcc></extensions></trkpt>
      <trkpt lon="-77.039835" lat="38.898774"><ele>18.442062</ele><time>2022-11-29T19:30:57Z</time><extensions><speed>1.435634</speed><course>113.277581</course><hAcc>2.450299</hAcc><vAcc>1.732760</vAcc></extensions></trkpt>
      <trkpt lon="-77.039820" lat="38.898769"><ele>18.400445</ele><time>2022-11-29T19:30:58Z</time><extensions><speed>1.428139</speed><course>113.200830</course><hAcc>2.454596</hAcc><vAcc>1.732878</vAcc></extensions></trkpt>
      <trkpt lon="-77.039804" lat="38.898764"><ele>18.356718</ele><time>2022-11-29T19:30:59Z</time><extensions><speed>1.416057</speed><course>113.112550</course><hAcc>2.458586</hAcc><vAcc>1.733008</vAcc></extensions></trkpt>
      <trkpt lon="-77.039790" lat="38.898759"><ele>18.311025</ele><time>2022-11-29T19:31:00Z</time><extensions><speed>1.400957</speed><course>113.012509</course><hAcc>2.462196</hAcc><vAcc>1.733151</vAcc></extensions></trkpt>
      <trkpt lon="-77.039775" lat="38.898754"><ele>18.263499</ele><time>2022-11-29T19:31:01Z</time><extensions><speed>1.382573</speed><course>112.898426</course><hAcc>2.465296</hAcc><vAcc>1.733309</vAcc></extensions></trkpt>
      <trkpt lon="-77.039760" lat="38.898749"><ele>18.213670</ele><time>2022-11-29T19:31:02Z</time><extensions><speed>1.362948</speed><course>112.768591</course><hAcc>2.467878</hAcc><vAcc>1.733480</vAcc></extensions></trkpt>
      <trkpt lon="-77.039746" lat="38.898744"><ele>18.162651</ele><time>2022-11-29T19:31:03Z</time><extensions><speed>1.341508</speed><course>112.621787</course><hAcc>2.470019</hAcc><vAcc>1.733665</vAcc></extensions></trkpt>
      <trkpt lon="-77.039732" lat="38.898740"><ele>18.109293</ele><time>2022-11-29T19:31:04Z</time><extensions><speed>1.317501</speed><course>112.456952</course><hAcc>2.471842</hAcc><vAcc>1.733861</vAcc></extensions></trkpt>
      <trkpt lon="-77.039718" lat="38.898735"><ele>18.054695</ele><time>2022-11-29T19:31:05Z</time><extensions><speed>1.289179</speed><course>112.269157</course><hAcc>2.473395</hAcc><vAcc>1.734066</vAcc></extensions></trkpt>
      <trkpt lon="-77.039704" lat="38.898731"><ele>17.998934</ele><time>2022-11-29T19:31:06Z</time><extensions><speed>1.256565</speed><course>112.123914</course><hAcc>2.474668</hAcc><vAcc>1.734276</vAcc></extensions></trkpt>
      <trkpt lon="-77.039691" lat="38.898727"><ele>17.942885</ele><time>2022-11-29T19:31:07Z</time><extensions><speed>1.219779</speed><course>112.021202</course><hAcc>2.475653</hAcc><vAcc>1.734490</vAcc></extensions></trkpt>
      <trkpt lon="-77.039678" lat="38.898723"><ele>17.885955</ele><time>2022-11-29T19:31:08Z</time><extensions><speed>1.180548</speed><course>111.951334</course><hAcc>2.476351</hAcc><vAcc>1.734702</vAcc></extensions></trkpt>
      <trkpt lon="-77.039666" lat="38.898719"><ele>17.828483</ele><time>2022-11-29T19:31:09Z</time><extensions><speed>1.138759</speed><course>111.920195</course><hAcc>2.476784</hAcc><vAcc>1.734910</vAcc></extensions></trkpt>
      <trkpt lon="-77.039654" lat="38.898715"><ele>17.770856</ele><time>2022-11-29T19:31:10Z</time><extensions><speed>1.093408</speed><course>111.937010</course><hAcc>2.476991</hAcc><vAcc>1.735111</vAcc></extensions></trkpt>
      <trkpt lon="-77.039642" lat="38.898711"><ele>17.713496</ele><time>2022-11-29T19:31:11Z</time><extensions><speed>1.044440</speed><course>112.005933</course><hAcc>2.477030</hAcc><vAcc>1.735301</vAcc></extensions></trkpt>
      <trkpt lon="-77.039631" lat="38.898708"><ele>17.656837</ele><time>2022-11-29T19:31:12Z</time><extensions><speed>0.991725</speed><course>112.133872</course><hAcc>2.476967</hAcc><vAcc>1.735478</vAcc></extensions></trkpt>
      <trkpt lon="-77.039621" lat="38.898705"><ele>17.601306</ele><time>2022-11-29T19:31:13Z</time><extensions><speed>0.936688</speed><course>112.318060</course><hAcc>2.476872</hAcc><vAcc>1.735639</vAcc></extensions></trkpt>
      <trkpt lon="-77.039611" lat="38.898702"><ele>17.547085</ele><time>2022-11-29T19:31:14Z</time><extensions><speed>0.879636</speed><course>112.560976</course><hAcc>2.476819</hAcc><vAcc>1.735784</vAcc></extensions></trkpt>
      <trkpt lon="-77.039602" lat="38.898699"><ele>17.494819</ele><time>2022-11-29T19:31:15Z</time><extensions><speed>0.820056</speed><course>112.880895</course><hAcc>2.476879</hAcc><vAcc>1.735909</vAcc></extensions></trkpt>
      <trkpt lon="-77.039594" lat="38.898696"><ele>17.444851</ele><time>2022-11-29T19:31:16Z</time><extensions><speed>0.757144</speed><course>113.140482</course><hAcc>2.477131</hAcc><vAcc>1.736016</vAcc></extensions></trkpt>
      <trkpt lon="-77.039586" lat="38.898693"><ele>17.397460</ele><time>2022-11-29T19:31:17Z</time><extensions><speed>0.691856</speed><course>113.340286</course><hAcc>2.477643</hAcc><vAcc>1.736103</vAcc></extensions></trkpt>
      <trkpt lon="-77.039579" lat="38.898691"><ele>17.352866</ele><time>2022-11-29T19:31:18Z</time><extensions><speed>0.626741</speed><course>113.505022</course><hAcc>2.478484</hAcc><vAcc>1.736171</vAcc></extensions></trkpt>
      <trkpt lon="-77.039573" lat="38.898689"><ele>17.311233</ele><time>2022-11-29T19:31:19Z</time><extensions><speed>0.565637</speed><course>113.669654</course><hAcc>2.479671</hAcc><vAcc>1.736219</vAcc></extensions></trkpt>
      <trkpt lon="-77.039568" lat="38.898687"><ele>17.272672</ele><time>2022-11-29T19:31:20Z</time><extensions><speed>0.507857</speed><course>113.832846</course><hAcc>2.481214</hAcc><vAcc>1.736249</vAcc></extensions></trkpt>
      <trkpt lon="-77.039562" lat="38.898685"><ele>17.237223</ele><time>2022-11-29T19:31:21Z</time><extensions><speed>0.454375</speed><course>113.993102</course><hAcc>2.483074</hAcc><vAcc>1.736262</vAcc></extensions></trkpt>
      <trkpt lon="-77.039558" lat="38.898683"><ele>17.204869</ele><time>2022-11-29T19:31:22Z</time><extensions><speed>0.403571</speed><course>114.148509</course><hAcc>2.485246</hAcc><vAcc>1.736260</vAcc></extensions></trkpt>
      <trkpt lon="-77.039554" lat="38.898682"><ele>17.175540</ele><time>2022-11-29T19:31:23Z</time><extensions><speed>0.356335</speed><course>114.298169</course><hAcc>2.487600</hAcc><vAcc>1.736246</vAcc></extensions></trkpt>
      <trkpt lon="-77.039550" lat="38.898681"><ele>17.149135</ele><time>2022-11-29T19:31:24Z</time><extensions><speed>0.312595</speed><course>114.439112</course><hAcc>2.490006</hAcc><vAcc>1.736220</vAcc></extensions></trkpt>
      <trkpt lon="-77.039547" lat="38.898680"><ele>17.125536</ele><time>2022-11-29T19:31:25Z</time><extensions><speed>0.272403</speed><course>114.571550</course><hAcc>2.492210</hAcc><vAcc>1.736185</vAcc></extensions></trkpt>
      <trkpt lon="-77.039545" lat="38.898679"><ele>17.104608</ele><time>2022-11-29T19:31:26Z</time><extensions><speed>0.235728</speed><course>114.689865</course><hAcc>2.494081</hAcc><vAcc>1.736144</vAcc></extensions></trkpt>
      <trkpt lon="-77.039542" lat="38.898678"><ele>17.084454</ele><time>2022-11-29T19:31:27Z</time><extensions><speed>0.202528</speed><course>114.788132</course><hAcc>2.495482</hAcc><vAcc>1.736098</vAcc></extensions></trkpt>
      <trkpt lon="-77.039540" lat="38.898677"><ele>17.066789</ele><time>2022-11-29T19:31:28Z</time><extensions><speed>0.172374</speed><course>114.874406</course><hAcc>2.496258</hAcc><vAcc>1.736049</vAcc></extensions></trkpt>
      <trkpt lon="-77.039539" lat="38.898677"><ele>17.051628</ele><time>2022-11-29T19:31:29Z</time><extensions><speed>0.144831</speed><course>114.883249</course><hAcc>2.496328</hAcc><vAcc>1.736000</vAcc></extensions></trkpt>
      <trkpt lon="-77.039538" lat="38.898676"><ele>17.039719</ele><time>2022-11-29T19:31:30Z</time><extensions><speed>0.118775</speed><course>114.742695</course><hAcc>2.495713</hAcc><vAcc>1.735954</vAcc></extensions></trkpt>
      <trkpt lon="-77.039537" lat="38.898676"><ele>17.029835</ele><time>2022-11-29T19:31:31Z</time><extensions><speed>0.095092</speed><course>114.461217</course><hAcc>2.494491</hAcc><vAcc>1.735911</vAcc></extensions></trkpt>
      <trkpt lon="-77.039536" lat="38.898676"><ele>17.022558</ele><time>2022-11-29T19:31:32Z</time><extensions><speed>0.072238</speed><course>113.781223</course><hAcc>2.492336</hAcc><vAcc>1.735729</vAcc></extensions></trkpt>
      <trkpt lon="-77.039536" lat="38.898676"><ele>17.015015</ele><time>2022-11-29T19:31:33Z</time><extensions><speed>0.052706</speed><course>112.733378</course><hAcc>2.490027</hAcc><vAcc>1.735687</vAcc></extensions></trkpt>
      <trkpt lon="-77.039536" lat="38.898676"><ele>17.008800</ele><time>2022-11-29T19:31:34Z</time><extensions><speed>0.035414</speed><course>110.684404</course><hAcc>2.487442</hAcc><vAcc>1.735693</vAcc></extensions></trkpt>
      <trkpt lon="-77.039536" lat="38.898676"><ele>17.003950</ele><time>2022-11-29T19:31:35Z</time><extensions><speed>0.019613</speed><course>105.358529</course><hAcc>2.484801</hAcc><vAcc>1.735702</vAcc></extensions></trkpt>
      <trkpt lon="-77.039535" lat="38.898676"><ele>17.000222</ele><time>2022-11-29T19:31:36Z</time><extensions><speed>0.006602</speed><course>79.143442</course><hAcc>2.482324</hAcc><vAcc>1.735717</vAcc></extensions></trkpt>
      <trkpt lon="-77.039536" lat="38.898676"><ele>16.997446</ele><time>2022-11-29T19:31:37Z</time><extensions><speed>0.008277</speed><course>327.083621</course><hAcc>2.480268</hAcc><vAcc>1.735733</vAcc></extensions></trkpt>
      <trkpt lon="-77.039536" lat="38.898676"><ele>16.994827</ele><time>2022-11-29T19:31:38Z</time><extensions><speed>0.018667</speed><course>310.119278</course><hAcc>2.478789</hAcc><vAcc>1.735749</vAcc></extensions></trkpt>
      <trkpt lon="-77.039536" lat="38.898676"><ele>16.991404</ele><time>2022-11-29T19:31:39Z</time><extensions><speed>0.028440</speed><course>305.700486</course><hAcc>2.477933</hAcc><vAcc>1.735766</vAcc></extensions></trkpt>
      <trkpt lon="-77.039536" lat="38.898676"><ele>16.986404</ele><time>2022-11-29T19:31:40Z</time><extensions><speed>0.036843</speed><course>303.679217</course><hAcc>2.477694</hAcc><vAcc>1.735784</vAcc></extensions></trkpt>
      <trkpt lon="-77.039537" lat="38.898677"><ele>16.980335</ele><time>2022-11-29T19:31:41Z</time><extensions><speed>0.043237</speed><course>302.454715</course><hAcc>2.478015</hAcc><vAcc>1.735810</vAcc></extensions></trkpt>
      <trkpt lon="-77.039537" lat="38.898677"><ele>16.972637</ele><time>2022-11-29T19:31:42Z</time><extensions><speed>0.046880</speed><course>301.516712</course><hAcc>2.478785</hAcc><vAcc>1.735817</vAcc></extensions></trkpt>
      <trkpt lon="-77.039538" lat="38.898677"><ele>16.963646</ele><time>2022-11-29T19:31:43Z</time><extensions><speed>0.048234</speed><course>300.565506</course><hAcc>2.479884</hAcc><vAcc>1.735812</vAcc></extensions></trkpt>
      <trkpt lon="-77.039538" lat="38.898677"><ele>16.951420</ele><time>2022-11-29T19:31:44Z</time><extensions><speed>0.048546</speed><course>298.703489</course><hAcc>2.481220</hAcc><vAcc>1.735783</vAcc></extensions></trkpt>
      <trkpt lon="-77.039539" lat="38.898677"><ele>16.936826</ele><time>2022-11-29T19:31:45Z</time><extensions><speed>0.046497</speed><course>296.014700</course><hAcc>2.482631</hAcc><vAcc>1.735707</vAcc></extensions></trkpt>
      <trkpt lon="-77.039539" lat="38.898677"><ele>16.920482</ele><time>2022-11-29T19:31:46Z</time><extensions><speed>0.042042</speed><course>293.608387</course><hAcc>2.484035</hAcc><vAcc>1.735584</vAcc></extensions></trkpt>
      <trkpt lon="-77.039539" lat="38.898677"><ele>16.902331</ele><time>2022-11-29T19:31:47Z</time><extensions><speed>0.036648</speed><course>290.233383</course><hAcc>2.485349</hAcc><vAcc>1.735398</vAcc></extensions></trkpt>
      <trkpt lon="-77.039539" lat="38.898677"><ele>16.882550</ele><time>2022-11-29T19:31:48Z</time><extensions><speed>0.029479</speed><course>284.420783</course><hAcc>2.486456</hAcc><vAcc>1.735140</vAcc></extensions></trkpt>
      <trkpt lon="-77.039539" lat="38.898677"><ele>16.860125</ele><time>2022-11-29T19:31:49Z</time><extensions><speed>0.021567</speed><course>272.635359</course><hAcc>2.487223</hAcc><vAcc>1.734775</vAcc></extensions></trkpt>
      <trkpt lon="-77.039540" lat="38.898677"><ele>16.834732</ele><time>2022-11-29T19:31:50Z</time><extensions><speed>0.014832</speed><course>246.502532</course><hAcc>2.487500</hAcc><vAcc>1.734282</vAcc></extensions></trkpt>
      <trkpt lon="-77.039540" lat="38.898677"><ele>16.807050</ele><time>2022-11-29T19:31:51Z</time><extensions><speed>0.014450</speed><course>198.995953</course><hAcc>2.487108</hAcc><vAcc>1.733633</vAcc></extensions></trkpt>
      <trkpt lon="-77.039539" lat="38.898677"><ele>16.777231</ele><time>2022-11-29T19:31:52Z</time><extensions><speed>0.022878</speed><course>167.349530</course><hAcc>2.485911</hAcc><vAcc>1.732799</vAcc></extensions></trkpt>
      <trkpt lon="-77.039539" lat="38.898676"><ele>16.745682</ele><time>2022-11-29T19:31:53Z</time><extensions><speed>0.035615</speed><course>154.310091</course><hAcc>2.483976</hAcc><vAcc>1.731740</vAcc></extensions></trkpt>
      <trkpt lon="-77.039539" lat="38.898676"><ele>16.713548</ele><time>2022-11-29T19:31:54Z</time><extensions><speed>0.050032</speed><course>147.762437</course><hAcc>2.481364</hAcc><vAcc>1.730416</vAcc></extensions></trkpt>
      <trkpt lon="-77.039539" lat="38.898675"><ele>16.681149</ele><time>2022-11-29T19:31:55Z</time><extensions><speed>0.065494</speed><course>143.735677</course><hAcc>2.478093</hAcc><vAcc>1.728774</vAcc></extensions></trkpt>
      <trkpt lon="-77.039538" lat="38.898674"><ele>16.648562</ele><time>2022-11-29T19:31:56Z</time><extensions><speed>0.081820</speed><course>140.880176</course><hAcc>2.474144</hAcc><vAcc>1.726759</vAcc></extensions></trkpt>
      <trkpt lon="-77.039537" lat="38.898674"><ele>16.616459</ele><time>2022-11-29T19:31:57Z</time><extensions><speed>0.099029</speed><course>138.664641</course><hAcc>2.469464</hAcc><vAcc>1.724307</vAcc></extensions></trkpt>
      <trkpt lon="-77.039536" lat="38.898673"><ele>16.585562</ele><time>2022-11-29T19:31:58Z</time><extensions><speed>0.117209</speed><course>136.855598</course><hAcc>2.463978</hAcc><vAcc>1.721346</vAcc></extensions></trkpt>
      <trkpt lon="-77.039535" lat="38.898672"><ele>16.557255</ele><time>2022-11-29T19:31:59Z</time><extensions><speed>0.136437</speed><course>135.314213</course><hAcc>2.457582</hAcc><vAcc>1.717796</vAcc></extensions></trkpt>
      <trkpt lon="-77.039534" lat="38.898671"><ele>16.530800</ele><time>2022-11-29T19:32:00Z</time><extensions><speed>0.156810</speed><course>133.986200</course><hAcc>2.450161</hAcc><vAcc>1.713569</vAcc></extensions></trkpt>
      <trkpt lon="-77.039533" lat="38.898670"><ele>16.506207</ele><time>2022-11-29T19:32:01Z</time><extensions><speed>0.178400</speed><course>132.820419</course><hAcc>2.441571</hAcc><vAcc>1.708566</vAcc></extensions></trkpt>
      <trkpt lon="-77.039531" lat="38.898669"><ele>16.483852</ele><time>2022-11-29T19:32:02Z</time><extensions><speed>0.201301</speed><course>131.791048</course><hAcc>2.431647</hAcc><vAcc>1.702679</vAcc></extensions></trkpt>
      <trkpt lon="-77.039529" lat="38.898667"><ele>16.464102</ele><time>2022-11-29T19:32:02Z</time><extensions><speed>0.225563</speed><course>130.866198</course><hAcc>2.420200</hAcc><vAcc>1.695792</vAcc></extensions></trkpt>
      <trkpt lon="-77.039527" lat="38.898666"><ele>16.446967</ele><time>2022-11-29T19:32:03Z</time><extensions><speed>0.251272</speed><course>130.031391</course><hAcc>2.407022</hAcc><vAcc>1.687779</vAcc></extensions></trkpt>
      <trkpt lon="-77.039525" lat="38.898665"><ele>16.432253</ele><time>2022-11-29T19:32:04Z</time><extensions><speed>0.278545</speed><course>129.278482</course><hAcc>2.391889</hAcc><vAcc>1.678512</vAcc></extensions></trkpt>
      <trkpt lon="-77.039522" lat="38.898663"><ele>16.420109</ele><time>2022-11-29T19:32:05Z</time><extensions><speed>0.307381</speed><course>128.578494</course><hAcc>2.374574</hAcc><vAcc>1.667855</vAcc></extensions></trkpt>
      <trkpt lon="-77.039519" lat="38.898661"><ele>16.410259</ele><time>2022-11-29T19:32:06Z</time><extensions><speed>0.337791</speed><course>127.927404</course><hAcc>2.354841</hAcc><vAcc>1.655672</vAcc></extensions></trkpt>
      <trkpt lon="-77.039516" lat="38.898659"><ele>16.402871</ele><time>2022-11-29T19:32:07Z</time><extensions><speed>0.369949</speed><course>127.322466</course><hAcc>2.332438</hAcc><vAcc>1.641828</vAcc></extensions></trkpt>
      <trkpt lon="-77.039512" lat="38.898657"><ele>16.397953</ele><time>2022-11-29T19:32:08Z</time><extensions><speed>0.403710</speed><course>126.753748</course><hAcc>2.307108</hAcc><vAcc>1.626198</vAcc></extensions></trkpt>
      <trkpt lon="-77.039509" lat="38.898655"><ele>16.395461</ele><time>2022-11-29T19:32:09Z</time><extensions><speed>0.439152</speed><course>126.213287</course><hAcc>2.278572</hAcc><vAcc>1.608667</vAcc></extensions></trkpt>
      <trkpt lon="-77.039504" lat="38.898652"><ele>16.394976</ele><time>2022-11-29T19:32:10Z</time><extensions><speed>0.476189</speed><course>125.690728</course><hAcc>2.246534</hAcc><vAcc>1.589145</vAcc></extensions></trkpt>
      <trkpt lon="-77.039500" lat="38.898650"><ele>16.397083</ele><time>2022-11-29T19:32:11Z</time><extensions><speed>0.515450</speed><course>125.182252</course><hAcc>2.210667</hAcc><vAcc>1.567570</vAcc></extensions></trkpt>
      <trkpt lon="-77.039495" lat="38.898647"><ele>16.401732</ele><time>2022-11-29T19:32:12Z</time><extensions><speed>0.556955</speed><course>124.688664</course><hAcc>2.170677</hAcc><vAcc>1.543927</vAcc></extensions></trkpt>
      <trkpt lon="-77.039489" lat="38.898644"><ele>16.408902</ele><time>2022-11-29T19:32:13Z</time><extensions><speed>0.601363</speed><course>124.204345</course><hAcc>2.126332</hAcc><vAcc>1.518258</vAcc></extensions></trkpt>
      <trkpt lon="-77.039483" lat="38.898641"><ele>16.418507</ele><time>2022-11-29T19:32:14Z</time><extensions><speed>0.646392</speed><course>123.726008</course><hAcc>2.077583</hAcc><vAcc>1.490683</vAcc></extensions></trkpt>
      <trkpt lon="-77.039477" lat="38.898637"><ele>16.430467</ele><time>2022-11-29T19:32:15Z</time><extensions><speed>0.696146</speed><course>123.247765</course><hAcc>2.024350</hAcc><vAcc>1.461420</vAcc></extensions></trkpt>
      <trkpt lon="-77.039470" lat="38.898634"><ele>16.444729</ele><time>2022-11-29T19:32:16Z</time><extensions><speed>0.749852</speed><course>122.769311</course><hAcc>1.966778</hAcc><vAcc>1.430807</vAcc></extensions></trkpt>
      <trkpt lon="-77.039462" lat="38.898630"><ele>16.461223</ele><time>2022-11-29T19:32:17Z</time><extensions><speed>0.803023</speed><course>122.285921</course><hAcc>1.905612</hAcc><vAcc>1.399330</vAcc></extensions></trkpt>
      <trkpt lon="-77.039454" lat="38.898626"><ele>16.479991</ele><time>2022-11-29T19:32:18Z</time><extensions><speed>0.855258</speed><course>121.787489</course><hAcc>1.841972</hAcc><vAcc>1.367647</vAcc></extensions></trkpt>
      <trkpt lon="-77.039445" lat="38.898622"><ele>16.501279</ele><time>2022-11-29T19:32:19Z</time><extensions><speed>0.900549</speed><course>121.261853</course><hAcc>1.777209</hAcc><vAcc>1.336604</vAcc></extensions></trkpt>
      <trkpt lon="-77.039436" lat="38.898618"><ele>16.525430</ele><time>2022-11-29T19:32:20Z</time><extensions><speed>0.933859</speed><course>120.688722</course><hAcc>1.712829</hAcc><vAcc>1.307247</vAcc></extensions></trkpt>
      <trkpt lon="-77.039427" lat="38.898613"><ele>16.552903</ele><time>2022-11-29T19:32:21Z</time><extensions><speed>0.954966</speed><course>120.045890</course><hAcc>1.650566</hAcc><vAcc>1.280801</vAcc></extensions></trkpt>
      <trkpt lon="-77.039417" lat="38.898609"><ele>16.584148</ele><time>2022-11-29T19:32:22Z</time><extensions><speed>0.962060</speed><course>119.282064</course><hAcc>1.592070</hAcc><vAcc>1.258315</vAcc></extensions></trkpt>
      <trkpt lon="-77.039407" lat="38.898605"><ele>16.619505</ele><time>2022-11-29T19:32:23Z</time><extensions><speed>0.954718</speed><course>118.324632</course><hAcc>1.538271</hAcc><vAcc>1.240136</vAcc></extensions></trkpt>
      <trkpt lon="-77.039398" lat="38.898601"><ele>16.659394</ele><time>2022-11-29T19:32:24Z</time><extensions><speed>0.932325</speed><course>117.091154</course><hAcc>1.489400</hAcc><vAcc>1.226029</vAcc></extensions></trkpt>
      <trkpt lon="-77.039388" lat="38.898597"><ele>16.704367</ele><time>2022-11-29T19:32:26Z</time><extensions><speed>0.894960</speed><course>115.463664</course><hAcc>1.445243</hAcc><vAcc>1.215600</vAcc></extensions></trkpt>
      <trkpt lon="-77.039379" lat="38.898594"><ele>16.754900</ele><time>2022-11-29T19:32:27Z</time><extensions><speed>0.845634</speed><course>113.300813</course><hAcc>1.405491</hAcc><vAcc>1.208481</vAcc></extensions></trkpt>
      <trkpt lon="-77.039370" lat="38.898591"><ele>16.811388</ele><time>2022-11-29T19:32:28Z</time><extensions><speed>0.786338</speed><course>110.392684</course><hAcc>1.369666</hAcc><vAcc>1.204276</vAcc></extensions></trkpt>
      <trkpt lon="-77.039362" lat="38.898589"><ele>16.874205</ele><time>2022-11-29T19:32:29Z</time><extensions><speed>0.719274</speed><course>106.429646</course><hAcc>1.337371</hAcc><vAcc>1.202556</vAcc></extensions></trkpt>
      <trkpt lon="-77.039355" lat="38.898588"><ele>16.943495</ele><time>2022-11-29T19:32:30Z</time><extensions><speed>0.646188</speed><course>100.867288</course><hAcc>1.308260</hAcc><vAcc>1.202826</vAcc></extensions></trkpt>
      <trkpt lon="-77.039348" lat="38.898587"><ele>17.019026</ele><time>2022-11-29T19:32:31Z</time><extensions><speed>0.572262</speed><course>92.917126</course><hAcc>1.282079</hAcc><vAcc>1.204512</vAcc></extensions></trkpt>
      <trkpt lon="-77.039341" lat="38.898587"><ele>17.100466</ele><time>2022-11-29T19:32:32Z</time><extensions><speed>0.508421</speed><course>81.696964</course><hAcc>1.258645</hAcc><vAcc>1.207007</vAcc></extensions></trkpt>
      <trkpt lon="-77.039336" lat="38.898588"><ele>17.187361</ele><time>2022-11-29T19:32:33Z</time><extensions><speed>0.471662</speed><course>67.235698</course><hAcc>1.237789</hAcc><vAcc>1.209731</vAcc></extensions></trkpt>
      <trkpt lon="-77.039331" lat="38.898590"><ele>17.279161</ele><time>2022-11-29T19:32:34Z</time><extensions><speed>0.473985</speed><course>51.412072</course><hAcc>1.219328</hAcc><vAcc>1.212160</vAcc></extensions></trkpt>
      <trkpt lon="-77.039327" lat="38.898594"><ele>17.375225</ele><time>2022-11-29T19:32:35Z</time><extensions><speed>0.512743</speed><course>36.854521</course><hAcc>1.203011</hAcc><vAcc>1.213847</vAcc></extensions></trkpt>
      <trkpt lon="-77.039324" lat="38.898598"><ele>17.474921</ele><time>2022-11-29T19:32:36Z</time><extensions><speed>0.578964</speed><course>25.067641</course><hAcc>1.188384</hAcc><vAcc>1.214429</vAcc></extensions></trkpt>
      <trkpt lon="-77.039322" lat="38.898603"><ele>17.577644</ele><time>2022-11-29T19:32:37Z</time><extensions><speed>0.671736</speed><course>16.522523</course><hAcc>1.174993</hAcc><vAcc>1.213612</vAcc></extensions></trkpt>
      <trkpt lon="-77.039320" lat="38.898609"><ele>17.682793</ele><time>2022-11-29T19:32:38Z</time><extensions><speed>0.778104</speed><course>10.654204</course><hAcc>1.162728</hAcc><vAcc>1.211157</vAcc></extensions></trkpt>
      <trkpt lon="-77.039318" lat="38.898617"><ele>17.789721</ele><time>2022-11-29T19:32:39Z</time><extensions><speed>0.891020</speed><course>6.691550</course><hAcc>1.151592</hAcc><vAcc>1.206893</vAcc></extensions></trkpt>
      <trkpt lon="-77.039317" lat="38.898625"><ele>17.897699</ele><time>2022-11-29T19:32:40Z</time><extensions><speed>1.005826</speed><course>4.028043</course><hAcc>1.141575</hAcc><vAcc>1.200730</vAcc></extensions></trkpt>
      <trkpt lon="-77.039317" lat="38.898635"><ele>18.005918</ele><time>2022-11-29T19:32:41Z</time><extensions><speed>1.122931</speed><course>2.242496</course><hAcc>1.132665</hAcc><vAcc>1.192655</vAcc></extensions></trkpt>
      <trkpt lon="-77.039316" lat="38.898646"><ele>18.113635</ele><time>2022-11-29T19:32:42Z</time><extensions><speed>1.242499</speed><course>1.080923</course><hAcc>1.124780</hAcc><vAcc>1.182713</vAcc></extensions></trkpt>
      <trkpt lon="-77.039316" lat="38.898657"><ele>18.220122</ele><time>2022-11-29T19:32:43Z</time><extensions><speed>1.362845</speed><course>0.371388</course><hAcc>1.117796</hAcc><vAcc>1.170998</vAcc></extensions></trkpt>
      <trkpt lon="-77.039316" lat="38.898670"><ele>18.324787</ele><time>2022-11-29T19:32:44Z</time><extensions><speed>1.468083</speed><course>359.864851</course><hAcc>1.111594</hAcc><vAcc>1.157642</vAcc></extensions></trkpt>
      <trkpt lon="-77.039316" lat="38.898684"><ele>18.427178</ele><time>2022-11-29T19:32:45Z</time><extensions><speed>1.552832</speed><course>359.602112</course><hAcc>1.106111</hAcc><vAcc>1.142817</vAcc></extensions></trkpt>
      <trkpt lon="-77.039316" lat="38.898698"><ele>18.527007</ele><time>2022-11-29T19:32:46Z</time><extensions><speed>1.615428</speed><course>359.532550</course><hAcc>1.101282</hAcc><vAcc>1.126724</vAcc></extensions></trkpt>
      <trkpt lon="-77.039317" lat="38.898713"><ele>18.624104</ele><time>2022-11-29T19:32:47Z</time><extensions><speed>1.655912</speed><course>359.633607</course><hAcc>1.097043</hAcc><vAcc>1.109593</vAcc></extensions></trkpt>
      <trkpt lon="-77.039317" lat="38.898728"><ele>18.718517</ele><time>2022-11-29T19:32:48Z</time><extensions><speed>1.678560</speed><course>359.908166</course><hAcc>1.093358</hAcc><vAcc>1.091665</vAcc></extensions></trkpt>
      <trkpt lon="-77.039317" lat="38.898743"><ele>18.810532</ele><time>2022-11-29T19:32:49Z</time><extensions><speed>1.684037</speed><course>0.371922</course><hAcc>1.090227</hAcc><vAcc>1.073181</vAcc></extensions></trkpt>
      <trkpt lon="-77.039316" lat="38.898758"><ele>18.900577</ele><time>2022-11-29T19:32:50Z</time><extensions><speed>1.670888</speed><course>1.049091</course><hAcc>1.087736</hAcc><vAcc>1.054368</vAcc></extensions></trkpt>
      <trkpt lon="-77.039316" lat="38.898773"><ele>18.989148</ele><time>2022-11-29T19:32:51Z</time><extensions><speed>1.641258</speed><course>1.980277</course><hAcc>1.086104</hAcc><vAcc>1.035429</vAcc></extensions></trkpt>
      <trkpt lon="-77.039315" lat="38.898788"><ele>19.076789</ele><time>2022-11-29T19:32:52Z</time><extensions><speed>1.595113</speed><course>3.225859</course><hAcc>1.085733</hAcc><vAcc>1.016540</vAcc></extensions></trkpt>
      <trkpt lon="-77.039314" lat="38.898802"><ele>19.163999</ele><time>2022-11-29T19:32:53Z</time><extensions><speed>1.535594</speed><course>4.866204</course><hAcc>1.087207</hAcc><vAcc>0.997852</vAcc></extensions></trkpt>
      <trkpt lon="-77.039312" lat="38.898815"><ele>19.251246</ele><time>2022-11-29T19:32:54Z</time><extensions><speed>1.463873</speed><course>7.017673</course><hAcc>1.091309</hAcc><vAcc>0.979495</vAcc></extensions></trkpt>
      <trkpt lon="-77.039310" lat="38.898828"><ele>19.338816</ele><time>2022-11-29T19:32:55Z</time><extensions><speed>1.382905</speed><course>9.825819</course><hAcc>1.099052</hAcc><vAcc>0.961576</vAcc></extensions></trkpt>
      <trkpt lon="-77.039306" lat="38.898840"><ele>19.426835</ele><time>2022-11-29T19:32:56Z</time><extensions><speed>1.296085</speed><course>13.472759</course><hAcc>1.111618</hAcc><vAcc>0.944186</vAcc></extensions></trkpt>
      <trkpt lon="-77.039303" lat="38.898850"><ele>19.515093</ele><time>2022-11-29T19:32:57Z</time><extensions><speed>1.205152</speed><course>18.226735</course><hAcc>1.130295</hAcc><vAcc>0.927420</vAcc></extensions></trkpt>
      <trkpt lon="-77.039298" lat="38.898860"><ele>19.603082</ele><time>2022-11-29T19:32:58Z</time><extensions><speed>1.115914</speed><course>24.400204</course><hAcc>1.156357</hAcc><vAcc>0.911383</vAcc></extensions></trkpt>
      <trkpt lon="-77.039292" lat="38.898869"><ele>19.689914</ele><time>2022-11-29T19:32:59Z</time><extensions><speed>1.038204</speed><course>32.233232</course><hAcc>1.190884</hAcc><vAcc>0.896200</vAcc></extensions></trkpt>
      <trkpt lon="-77.039285" lat="38.898876"><ele>19.774335</ele><time>2022-11-29T19:33:00Z</time><extensions><speed>0.983934</speed><course>41.658146</course><hAcc>1.234540</hAcc><vAcc>0.882020</vAcc></extensions></trkpt>
      <trkpt lon="-77.039277" lat="38.898882"><ele>19.854642</ele><time>2022-11-29T19:33:01Z</time><extensions><speed>0.963081</speed><course>52.211517</course><hAcc>1.287384</hAcc><vAcc>0.869020</vAcc></extensions></trkpt>
      <trkpt lon="-77.039267" lat="38.898886"><ele>19.929126</ele><time>2022-11-29T19:33:02Z</time><extensions><speed>0.979840</speed><course>62.959664</course><hAcc>1.348730</hAcc><vAcc>0.857399</vAcc></extensions></trkpt>
      <trkpt lon="-77.039257" lat="38.898890"><ele>19.996077</ele><time>2022-11-29T19:33:03Z</time><extensions><speed>1.031244</speed><course>72.747612</course><hAcc>1.416978</hAcc><vAcc>0.847357</vAcc></extensions></trkpt>
      <trkpt lon="-77.039245" lat="38.898892"><ele>20.054154</ele><time>2022-11-29T19:33:04Z</time><extensions><speed>1.110106</speed><course>80.971558</course><hAcc>1.489832</hAcc><vAcc>0.839057</vAcc></extensions></trkpt>
      <trkpt lon="-77.039231" lat="38.898893"><ele>20.102382</ele><time>2022-11-29T19:33:05Z</time><extensions><speed>1.206030</speed><course>87.494157</course><hAcc>1.564975</hAcc><vAcc>0.832584</vAcc></extensions></trkpt>
      <trkpt lon="-77.039217" lat="38.898893"><ele>20.140262</ele><time>2022-11-29T19:33:06Z</time><extensions><speed>1.302922</speed><course>92.203562</course><hAcc>1.640403</hAcc><vAcc>0.827914</vAcc></extensions></trkpt>
      <trkpt lon="-77.039202" lat="38.898892"><ele>20.167667</ele><time>2022-11-29T19:33:07Z</time><extensions><speed>1.394192</speed><course>95.605795</course><hAcc>1.714559</hAcc><vAcc>0.824921</vAcc></extensions></trkpt>
      <trkpt lon="-77.039185" lat="38.898891"><ele>20.184812</ele><time>2022-11-29T19:33:08Z</time><extensions><speed>1.476683</speed><course>98.063712</course><hAcc>1.786314</hAcc><vAcc>0.823388</vAcc></extensions></trkpt>
      <trkpt lon="-77.039168" lat="38.898889"><ele>20.192429</ele><time>2022-11-29T19:33:09Z</time><extensions><speed>1.548984</speed><course>99.831780</course><hAcc>1.854921</hAcc><vAcc>0.823044</vAcc></extensions></trkpt>
      <trkpt lon="-77.039150" lat="38.898886"><ele>20.191393</ele><time>2022-11-29T19:33:10Z</time><extensions><speed>1.611365</speed><course>101.083890</course><hAcc>1.919890</hAcc><vAcc>0.823591</vAcc></extensions></trkpt>
      <trkpt lon="-77.039131" lat="38.898883"><ele>20.182775</ele><time>2022-11-29T19:33:11Z</time><extensions><speed>1.664837</speed><course>101.939580</course><hAcc>1.980938</hAcc><vAcc>0.824734</vAcc></extensions></trkpt>
      <trkpt lon="-77.039112" lat="38.898880"><ele>20.167838</ele><time>2022-11-29T19:33:12Z</time><extensions><speed>1.709818</speed><course>102.503743</course><hAcc>2.038016</hAcc><vAcc>0.826194</vAcc></extensions></trkpt>
      <trkpt lon="-77.039093" lat="38.898876"><ele>20.147895</ele><time>2022-11-29T19:33:13Z</time><extensions><speed>1.748071</speed><course>102.829785</course><hAcc>2.091271</hAcc><vAcc>0.827726</vAcc></extensions></trkpt>
      <trkpt lon="-77.039073" lat="38.898873"><ele>20.124157</ele><time>2022-11-29T19:33:14Z</time><extensions><speed>1.779255</speed><course>102.971801</course><hAcc>2.140826</hAcc><vAcc>0.829125</vAcc></extensions></trkpt>
      <trkpt lon="-77.039053" lat="38.898869"><ele>20.097652</ele><time>2022-11-29T19:33:15Z</time><extensions><speed>1.804769</speed><course>102.963773</course><hAcc>2.186847</hAcc><vAcc>0.830222</vAcc></extensions></trkpt>
      <trkpt lon="-77.039033" lat="38.898866"><ele>20.069188</ele><time>2022-11-29T19:33:16Z</time><extensions><speed>1.824104</speed><course>102.842597</course><hAcc>2.229498</hAcc><vAcc>0.830887</vAcc></extensions></trkpt>
      <trkpt lon="-77.039012" lat="38.898862"><ele>20.039281</ele><time>2022-11-29T19:33:17Z</time><extensions><speed>1.838429</speed><course>102.626014</course><hAcc>2.269020</hAcc><vAcc>0.831027</vAcc></extensions></trkpt>
      <trkpt lon="-77.038991" lat="38.898858"><ele>20.008202</ele><time>2022-11-29T19:33:18Z</time><extensions><speed>1.848256</speed><course>102.340842</course><hAcc>2.305622</hAcc><vAcc>0.830581</vAcc></extensions></trkpt>
      <trkpt lon="-77.038970" lat="38.898855"><ele>19.976107</ele><time>2022-11-29T19:33:19Z</time><extensions><speed>1.853693</speed><course>102.002799</course><hAcc>2.339533</hAcc><vAcc>0.829524</vAcc></extensions></trkpt>
      <trkpt lon="-77.038950" lat="38.898851"><ele>19.943280</ele><time>2022-11-29T19:33:20Z</time><extensions><speed>1.855627</speed><course>101.619415</course><hAcc>2.370962</hAcc><vAcc>0.827870</vAcc></extensions></trkpt>
      <trkpt lon="-77.038929" lat="38.898848"><ele>19.909835</ele><time>2022-11-29T19:33:21Z</time><extensions><speed>1.855402</speed><course>101.197632</course><hAcc>2.400103</hAcc><vAcc>0.825664</vAcc></extensions></trkpt>
      <trkpt lon="-77.038908" lat="38.898845"><ele>19.875830</ele><time>2022-11-29T19:33:22Z</time><extensions><speed>1.853729</speed><course>100.741259</course><hAcc>2.427139</hAcc><vAcc>0.822972</vAcc></extensions></trkpt>
      <trkpt lon="-77.038887" lat="38.898842"><ele>19.841456</ele><time>2022-11-29T19:33:23Z</time><extensions><speed>1.850799</speed><course>100.259571</course><hAcc>2.452196</hAcc><vAcc>0.819874</vAcc></extensions></trkpt>
      <trkpt lon="-77.038865" lat="38.898839"><ele>19.806730</ele><time>2022-11-29T19:33:24Z</time><extensions><speed>1.848043</speed><course>99.756700</course><hAcc>2.475387</hAcc><vAcc>0.816458</vAcc></extensions></trkpt>
      <trkpt lon="-77.038844" lat="38.898836"><ele>19.771628</ele><time>2022-11-29T19:33:25Z</time><extensions><speed>1.845693</speed><course>99.245396</course><hAcc>2.496830</hAcc><vAcc>0.812817</vAcc></extensions></trkpt>
      <trkpt lon="-77.038823" lat="38.898834"><ele>19.736117</ele><time>2022-11-29T19:33:26Z</time><extensions><speed>1.841734</speed><course>98.738611</course><hAcc>2.516659</hAcc><vAcc>0.809035</vAcc></extensions></trkpt>
      <trkpt lon="-77.038802" lat="38.898831"><ele>19.700065</ele><time>2022-11-29T19:33:27Z</time><extensions><speed>1.837287</speed><course>98.237845</course><hAcc>2.534986</hAcc><vAcc>0.805186</vAcc></extensions></trkpt>
      <trkpt lon="-77.038781" lat="38.898829"><ele>19.663388</ele><time>2022-11-29T19:33:28Z</time><extensions><speed>1.832061</speed><course>97.747446</course><hAcc>2.551911</hAcc><vAcc>0.801324</vAcc></extensions></trkpt>
      <trkpt lon="-77.038761" lat="38.898827"><ele>19.626056</ele><time>2022-11-29T19:33:29Z</time><extensions><speed>1.824390</speed><course>97.272329</course><hAcc>2.567557</hAcc><vAcc>0.797484</vAcc></extensions></trkpt>
      <trkpt lon="-77.038740" lat="38.898825"><ele>19.588126</ele><time>2022-11-29T19:33:30Z</time><extensions><speed>1.815459</speed><course>96.807008</course><hAcc>2.582013</hAcc><vAcc>0.793692</vAcc></extensions></trkpt>
      <trkpt lon="-77.038719" lat="38.898823"><ele>19.549745</ele><time>2022-11-29T19:33:31Z</time><extensions><speed>1.805805</speed><course>96.352446</course><hAcc>2.595318</hAcc><vAcc>0.789966</vAcc></extensions></trkpt>
      <trkpt lon="-77.038698" lat="38.898821"><ele>19.511176</ele><time>2022-11-29T19:33:32Z</time><extensions><speed>1.797760</speed><course>95.908743</course><hAcc>2.607501</hAcc><vAcc>0.786325</vAcc></extensions></trkpt>
      <trkpt lon="-77.038678" lat="38.898819"><ele>19.472687</ele><time>2022-11-29T19:33:33Z</time><extensions><speed>1.791258</speed><course>95.475390</course><hAcc>2.618570</hAcc><vAcc>0.782788</vAcc></extensions></trkpt>
      <trkpt lon="-77.038657" lat="38.898818"><ele>19.434668</ele><time>2022-11-29T19:33:34Z</time><extensions><speed>1.785879</speed><course>95.054565</course><hAcc>2.628490</hAcc><vAcc>0.779377</vAcc></extensions></trkpt>
      <trkpt lon="-77.038637" lat="38.898817"><ele>19.397110</ele><time>2022-11-29T19:33:35Z</time><extensions><speed>1.781147</speed><course>94.649366</course><hAcc>2.637257</hAcc><vAcc>0.776121</vAcc></extensions></trkpt>
      <trkpt lon="-77.038616" lat="38.898815"><ele>19.360377</ele><time>2022-11-29T19:33:36Z</time><extensions><speed>1.778739</speed><course>94.257796</course><hAcc>2.644812</hAcc><vAcc>0.773048</vAcc></extensions></trkpt>
      <trkpt lon="-77.038596" lat="38.898814"><ele>19.324669</ele><time>2022-11-29T19:33:37Z</time><extensions><speed>1.777883</speed><course>93.884792</course><hAcc>2.651069</hAcc><vAcc>0.770188</vAcc></extensions></trkpt>
      <trkpt lon="-77.038575" lat="38.898813"><ele>19.290267</ele><time>2022-11-29T19:33:38Z</time><extensions><speed>1.776725</speed><course>93.535219</course><hAcc>2.655928</hAcc><vAcc>0.767564</vAcc></extensions></trkpt>
      <trkpt lon="-77.038555" lat="38.898812"><ele>19.257454</ele><time>2022-11-29T19:33:39Z</time><extensions><speed>1.775287</speed><course>93.213579</course><hAcc>2.659294</hAcc><vAcc>0.765192</vAcc></extensions></trkpt>
      <trkpt lon="-77.038534" lat="38.898811"><ele>19.226582</ele><time>2022-11-29T19:33:40Z</time><extensions><speed>1.774492</speed><course>92.913313</course><hAcc>2.661135</hAcc><vAcc>0.763078</vAcc></extensions></trkpt>
      <trkpt lon="-77.038514" lat="38.898811"><ele>19.197953</ele><time>2022-11-29T19:33:41Z</time><extensions><speed>1.773852</speed><course>92.632163</course><hAcc>2.661425</hAcc><vAcc>0.761215</vAcc></extensions></trkpt>
      <trkpt lon="-77.038494" lat="38.898810"><ele>19.171846</ele><time>2022-11-29T19:33:42Z</time><extensions><speed>1.772044</speed><course>92.370524</course><hAcc>2.660143</hAcc><vAcc>0.759586</vAcc></extensions></trkpt>
      <trkpt lon="-77.038473" lat="38.898809"><ele>19.148394</ele><time>2022-11-29T19:33:43Z</time><extensions><speed>1.768514</speed><course>92.134862</course><hAcc>2.657294</hAcc><vAcc>0.758170</vAcc></extensions></trkpt>
      <trkpt lon="-77.038453" lat="38.898809"><ele>19.127913</ele><time>2022-11-29T19:33:44Z</time><extensions><speed>1.762927</speed><course>91.916246</course><hAcc>2.653053</hAcc><vAcc>0.756936</vAcc></extensions></trkpt>
      <trkpt lon="-77.038432" lat="38.898808"><ele>19.110744</ele><time>2022-11-29T19:33:45Z</time><extensions><speed>1.757163</speed><course>91.712138</course><hAcc>2.647625</hAcc><vAcc>0.755854</vAcc></extensions></trkpt>
      <trkpt lon="-77.038412" lat="38.898808"><ele>19.096765</ele><time>2022-11-29T19:33:46Z</time><extensions><speed>1.753091</speed><course>91.520221</course><hAcc>2.641207</hAcc><vAcc>0.754893</vAcc></extensions></trkpt>
      <trkpt lon="-77.038392" lat="38.898807"><ele>19.086076</ele><time>2022-11-29T19:33:47Z</time><extensions><speed>1.749611</speed><course>91.340771</course><hAcc>2.633985</hAcc><vAcc>0.754032</vAcc></extensions></trkpt>
      <trkpt lon="-77.038372" lat="38.898807"><ele>19.078425</ele><time>2022-11-29T19:33:48Z</time><extensions><speed>1.746722</speed><course>91.173057</course><hAcc>2.626126</hAcc><vAcc>0.753253</vAcc></extensions></trkpt>
      <trkpt lon="-77.038352" lat="38.898807"><ele>19.073398</ele><time>2022-11-29T19:33:49Z</time><extensions><speed>1.744633</speed><course>91.018558</course><hAcc>2.617773</hAcc><vAcc>0.752548</vAcc></extensions></trkpt>
      <trkpt lon="-77.038332" lat="38.898806"><ele>19.069737</ele><time>2022-11-29T19:33:50Z</time><extensions><speed>1.743543</speed><course>90.877294</course><hAcc>2.609050</hAcc><vAcc>0.751913</vAcc></extensions></trkpt>
      <trkpt lon="-77.038312" lat="38.898806"><ele>19.066725</ele><time>2022-11-29T19:33:51Z</time><extensions><speed>1.741286</speed><course>90.749437</course><hAcc>2.600101</hAcc><vAcc>0.751339</vAcc></extensions></trkpt>
      <trkpt lon="-77.038292" lat="38.898806"><ele>19.063006</ele><time>2022-11-29T19:33:52Z</time><extensions><speed>1.738583</speed><course>90.633549</course><hAcc>2.591092</hAcc><vAcc>0.750810</vAcc></extensions></trkpt>
      <trkpt lon="-77.038272" lat="38.898806"><ele>19.057780</ele><time>2022-11-29T19:33:52Z</time><extensions><speed>1.735829</speed><course>90.528791</course><hAcc>2.582198</hAcc><vAcc>0.750303</vAcc></extensions></trkpt>
      <trkpt lon="-77.038252" lat="38.898806"><ele>19.050449</ele><time>2022-11-29T19:33:53Z</time><extensions><speed>1.731867</speed><course>90.434734</course><hAcc>2.573590</hAcc><vAcc>0.749801</vAcc></extensions></trkpt>
      <trkpt lon="-77.038232" lat="38.898806"><ele>19.040849</ele><time>2022-11-29T19:33:54Z</time><extensions><speed>1.727109</speed><course>90.350661</course><hAcc>2.565417</hAcc><vAcc>0.749305</vAcc></extensions></trkpt>
      <trkpt lon="-77.038212" lat="38.898806"><ele>19.029486</ele><time>2022-11-29T19:33:55Z</time><extensions><speed>1.720885</speed><course>90.275879</course><hAcc>2.557812</hAcc><vAcc>0.748842</vAcc></extensions></trkpt>
      <trkpt lon="-77.038192" lat="38.898806"><ele>19.017097</ele><time>2022-11-29T19:33:56Z</time><extensions><speed>1.714182</speed><course>90.209482</course><hAcc>2.550878</hAcc><vAcc>0.748484</vAcc></extensions></trkpt>
      <trkpt lon="-77.038172" lat="38.898805"><ele>19.004796</ele><time>2022-11-29T19:33:57Z</time><extensions><speed>1.706533</speed><course>90.150719</course><hAcc>2.544667</hAcc><vAcc>0.748367</vAcc></extensions></trkpt>
      <trkpt lon="-77.038153" lat="38.898805"><ele>18.993682</ele><time>2022-11-29T19:33:58Z</time><extensions><speed>1.698925</speed><course>90.098965</course><hAcc>2.539146</hAcc><vAcc>0.748703</vAcc></extensions></trkpt>
      <trkpt lon="-77.038133" lat="38.898805"><ele>18.984921</ele><time>2022-11-29T19:33:59Z</time><extensions><speed>1.691108</speed><course>90.053609</course><hAcc>2.534228</hAcc><vAcc>0.749794</vAcc></extensions></trkpt>
      <trkpt lon="-77.038114" lat="38.898805"><ele>18.979319</ele><time>2022-11-29T19:34:00Z</time><extensions><speed>1.683647</speed><course>90.014076</course><hAcc>2.529775</hAcc><vAcc>0.752034</vAcc></extensions></trkpt>
      <trkpt lon="-77.038094" lat="38.898805"><ele>18.977622</ele><time>2022-11-29T19:34:01Z</time><extensions><speed>1.676414</speed><course>89.979834</course><hAcc>2.525630</hAcc><vAcc>0.755912</vAcc></extensions></trkpt>
      <trkpt lon="-77.038075" lat="38.898805"><ele>18.980361</ele><time>2022-11-29T19:34:02Z</time><extensions><speed>1.668814</speed><course>89.950357</course><hAcc>2.521620</hAcc><vAcc>0.761996</vAcc></extensions></trkpt>
      <trkpt lon="-77.038056" lat="38.898805"><ele>18.987823</ele><time>2022-11-29T19:34:03Z</time><extensions><speed>1.661231</speed><course>89.925171</course><hAcc>2.517591</hAcc><vAcc>0.770902</vAcc></extensions></trkpt>
      <trkpt lon="-77.038037" lat="38.898805"><ele>19.000146</ele><time>2022-11-29T19:34:04Z</time><extensions><speed>1.653830</speed><course>89.903819</course><hAcc>2.513432</hAcc><vAcc>0.783244</vAcc></extensions></trkpt>
      <trkpt lon="-77.038018" lat="38.898806"><ele>19.017360</ele><time>2022-11-29T19:34:05Z</time><extensions><speed>1.646971</speed><course>89.885940</course><hAcc>2.509124</hAcc><vAcc>0.799554</vAcc></extensions></trkpt>
      <trkpt lon="-77.037999" lat="38.898806"><ele>19.039325</ele><time>2022-11-29T19:34:06Z</time><extensions><speed>1.638396</speed><course>89.870826</course><hAcc>2.504776</hAcc><vAcc>0.820200</vAcc></extensions></trkpt>
      <trkpt lon="-77.037980" lat="38.898806"><ele>19.065702</ele><time>2022-11-29T19:34:07Z</time><extensions><speed>1.628993</speed><course>89.858305</course><hAcc>2.500718</hAcc><vAcc>0.845282</vAcc></extensions></trkpt>
      <trkpt lon="-77.037961" lat="38.898806"><ele>19.096018</ele><time>2022-11-29T19:34:08Z</time><extensions><speed>1.619521</speed><course>89.848124</course><hAcc>2.497481</hAcc><vAcc>0.874529</vAcc></extensions></trkpt>
      <trkpt lon="-77.037943" lat="38.898806"><ele>19.129529</ele><time>2022-11-29T19:34:09Z</time><extensions><speed>1.610928</speed><course>89.840076</course><hAcc>2.495817</hAcc><vAcc>0.907203</vAcc></extensions></trkpt>
      <trkpt lon="-77.037924" lat="38.898806"><ele>19.165368</ele><time>2022-11-29T19:34:10Z</time><extensions><speed>1.601324</speed><course>89.833650</course><hAcc>2.496741</hAcc><vAcc>0.942038</vAcc></extensions></trkpt>
      <trkpt lon="-77.037906" lat="38.898806"><ele>19.202738</ele><time>2022-11-29T19:34:12Z</time><extensions><speed>1.591035</speed><course>89.828606</course><hAcc>2.501588</hAcc><vAcc>0.977217</vAcc></extensions></trkpt>
      <trkpt lon="-77.037887" lat="38.898806"><ele>19.240769</ele><time>2022-11-29T19:34:12Z</time><extensions><speed>1.581607</speed><course>89.824850</course><hAcc>2.512073</hAcc><vAcc>1.010585</vAcc></extensions></trkpt>
      <trkpt lon="-77.037869" lat="38.898806"><ele>19.279405</ele><time>2022-11-29T19:34:13Z</time><extensions><speed>1.573158</speed><course>89.822146</course><hAcc>2.530378</hAcc><vAcc>1.040253</vAcc></extensions></trkpt>
      <trkpt lon="-77.037851" lat="38.898806"><ele>19.318101</ele><time>2022-11-29T19:34:14Z</time><extensions><speed>1.566810</speed><course>89.820394</course><hAcc>2.559193</hAcc><vAcc>1.064742</vAcc></extensions></trkpt>
      <trkpt lon="-77.037833" lat="38.898806"><ele>19.356035</ele><time>2022-11-29T19:34:15Z</time><extensions><speed>1.564260</speed><course>89.819613</course><hAcc>2.601749</hAcc><vAcc>1.083005</vAcc></extensions></trkpt>
      <trkpt lon="-77.037815" lat="38.898806"><ele>19.393088</ele><time>2022-11-29T19:34:16Z</time><extensions><speed>1.562083</speed><course>89.819308</course><hAcc>2.661759</hAcc><vAcc>1.094368</vAcc></extensions></trkpt>
      <trkpt lon="-77.037797" lat="38.898806"><ele>19.428749</ele><time>2022-11-29T19:34:17Z</time><extensions><speed>1.559686</speed><course>89.819345</course><hAcc>2.743247</hAcc><vAcc>1.098492</vAcc></extensions></trkpt>
      <trkpt lon="-77.037779" lat="38.898806"><ele>19.462438</ele><time>2022-11-29T19:34:18Z</time><extensions><speed>1.558661</speed><course>89.819590</course><hAcc>2.850407</hAcc><vAcc>1.095352</vAcc></extensions></trkpt>
      <trkpt lon="-77.037761" lat="38.898806"><ele>19.493422</ele><time>2022-11-29T19:34:19Z</time><extensions><speed>1.558657</speed><course>89.819876</course><hAcc>2.987474</hAcc><vAcc>1.085228</vAcc></extensions></trkpt>
      <trkpt lon="-77.037743" lat="38.898806"><ele>19.521187</ele><time>2022-11-29T19:34:20Z</time><extensions><speed>1.596657</speed><course>89.850105</course><hAcc>3.015287</hAcc><vAcc>1.068717</vAcc></extensions></trkpt>
      <trkpt lon="-77.037725" lat="38.898806"><ele>19.545179</ele><time>2022-11-29T19:34:21Z</time><extensions><speed>1.548398</speed><course>89.869004</course><hAcc>2.970157</hAcc><vAcc>1.046754</vAcc></extensions></trkpt>
      <trkpt lon="-77.037707" lat="38.898806"><ele>19.564771</ele><time>2022-11-29T19:34:22Z</time><extensions><speed>1.440784</speed><course>89.879623</course><hAcc>2.927313</hAcc><vAcc>1.020642</vAcc></extensions></trkpt>
      <trkpt lon="-77.037691" lat="38.898806"><ele>19.579322</ele><time>2022-11-29T19:34:23Z</time><extensions><speed>1.388632</speed><course>89.897672</course><hAcc>2.893892</hAcc><vAcc>0.992076</vAcc></extensions></trkpt>
      <trkpt lon="-77.037675" lat="38.898806"><ele>19.588276</ele><time>2022-11-29T19:34:24Z</time><extensions><speed>1.352233</speed><course>89.920273</course><hAcc>2.861074</hAcc><vAcc>0.962933</vAcc></extensions></trkpt>
      <trkpt lon="-77.037660" lat="38.898806"><ele>19.591295</ele><time>2022-11-29T19:34:25Z</time><extensions><speed>1.331229</speed><course>89.924039</course><hAcc>2.795807</hAcc><vAcc>0.934851</vAcc></extensions></trkpt>
      <trkpt lon="-77.037645" lat="38.898806"><ele>19.588290</ele><time>2022-11-29T19:34:26Z</time><extensions><speed>1.305456</speed><course>89.928805</course><hAcc>2.719302</hAcc><vAcc>0.909011</vAcc></extensions></trkpt>
      <trkpt lon="-77.037629" lat="38.898806"><ele>19.579437</ele><time>2022-11-29T19:34:27Z</time><extensions><speed>1.367802</speed><course>89.941497</course><hAcc>2.654484</hAcc><vAcc>0.886167</vAcc></extensions></trkpt>
      <trkpt lon="-77.037613" lat="38.898806"><ele>19.565152</ele><time>2022-11-29T19:34:28Z</time><extensions><speed>1.488193</speed><course>89.958374</course><hAcc>2.620371</hAcc><vAcc>0.866689</vAcc></extensions></trkpt>
      <trkpt lon="-77.037596" lat="38.898806"><ele>19.545899</ele><time>2022-11-29T19:34:29Z</time><extensions><speed>1.507721</speed><course>89.976069</course><hAcc>2.623557</hAcc><vAcc>0.850638</vAcc></extensions></trkpt>
      <trkpt lon="-77.037578" lat="38.898806"><ele>19.521980</ele><time>2022-11-29T19:34:30Z</time><extensions><speed>1.517385</speed><course>89.984781</course><hAcc>2.619631</hAcc><vAcc>0.837838</vAcc></extensions></trkpt>
      <trkpt lon="-77.037561" lat="38.898806"><ele>19.493564</ele><time>2022-11-29T19:34:32Z</time><extensions><speed>1.531771</speed><course>89.988231</course><hAcc>2.609437</hAcc><vAcc>0.827935</vAcc></extensions></trkpt>
      <trkpt lon="-77.037543" lat="38.898806"><ele>19.461103</ele><time>2022-11-29T19:34:33Z</time><extensions><speed>1.560733</speed><course>89.994356</course><hAcc>2.622376</hAcc><vAcc>0.820530</vAcc></extensions></trkpt>
      <trkpt lon="-77.037525" lat="38.898806"><ele>19.425270</ele><time>2022-11-29T19:34:34Z</time><extensions><speed>1.558839</speed><course>89.996314</course><hAcc>2.624153</hAcc><vAcc>0.815173</vAcc></extensions></trkpt>
      <trkpt lon="-77.037507" lat="38.898806"><ele>19.386922</ele><time>2022-11-29T19:34:35Z</time><extensions><speed>1.543560</speed><course>89.994818</course><hAcc>2.616254</hAcc><vAcc>0.811432</vAcc></extensions></trkpt>
      <trkpt lon="-77.037489" lat="38.898806"><ele>19.347073</ele><time>2022-11-29T19:34:36Z</time><extensions><speed>1.551450</speed><course>89.995694</course><hAcc>2.634986</hAcc><vAcc>0.808918</vAcc></extensions></trkpt>
      <trkpt lon="-77.037471" lat="38.898806"><ele>19.306983</ele><time>2022-11-29T19:34:37Z</time><extensions><speed>1.548212</speed><course>89.998005</course><hAcc>2.675933</hAcc><vAcc>0.807299</vAcc></extensions></trkpt>
      <trkpt lon="-77.037453" lat="38.898806"><ele>19.267977</ele><time>2022-11-29T19:34:38Z</time><extensions><speed>1.533654</speed><course>89.999607</course><hAcc>2.698331</hAcc><vAcc>0.806308</vAcc></extensions></trkpt>
      <trkpt lon="-77.037436" lat="38.898806"><ele>19.231168</ele><time>2022-11-29T19:34:39Z</time><extensions><speed>1.499803</speed><course>90.003797</course><hAcc>2.699140</hAcc><vAcc>0.805739</vAcc></extensions></trkpt>
      <trkpt lon="-77.037419" lat="38.898806"><ele>19.197321</ele><time>2022-11-29T19:34:40Z</time><extensions><speed>1.387585</speed><course>90.016477</course><hAcc>2.704105</hAcc><vAcc>0.805443</vAcc></extensions></trkpt>
      <trkpt lon="-77.037404" lat="38.898806"><ele>19.166761</ele><time>2022-11-29T19:34:41Z</time><extensions><speed>1.252870</speed><course>90.046764</course><hAcc>2.729579</hAcc><vAcc>0.805321</vAcc></extensions></trkpt>
      <trkpt lon="-77.037390" lat="38.898806"><ele>19.139264</ele><time>2022-11-29T19:34:42Z</time><extensions><speed>1.217658</speed><course>90.105008</course><hAcc>2.769767</hAcc><vAcc>0.805312</vAcc></extensions></trkpt>
      <trkpt lon="-77.037376" lat="38.898806"><ele>19.114126</ele><time>2022-11-29T19:34:43Z</time><extensions><speed>1.145834</speed><course>90.132656</course><hAcc>2.806760</hAcc><vAcc>0.805386</vAcc></extensions></trkpt>
      <trkpt lon="-77.037363" lat="38.898806"><ele>19.090341</ele><time>2022-11-29T19:34:44Z</time><extensions><speed>1.196749</speed><course>90.148924</course><hAcc>2.828054</hAcc><vAcc>0.805534</vAcc></extensions></trkpt>
      <trkpt lon="-77.037349" lat="38.898806"><ele>19.066820</ele><time>2022-11-29T19:34:45Z</time><extensions><speed>1.250650</speed><course>90.156707</course><hAcc>2.828363</hAcc><vAcc>0.805760</vAcc></extensions></trkpt>
      <trkpt lon="-77.037334" lat="38.898806"><ele>19.042565</ele><time>2022-11-29T19:34:46Z</time><extensions><speed>1.361407</speed><course>90.160940</course><hAcc>2.810241</hAcc><vAcc>0.806075</vAcc></extensions></trkpt>
      <trkpt lon="-77.037317" lat="38.898806"><ele>19.016709</ele><time>2022-11-29T19:34:47Z</time><extensions><speed>1.446639</speed><course>90.163217</course><hAcc>2.779515</hAcc><vAcc>0.806495</vAcc></extensions></trkpt>
      <trkpt lon="-77.037300" lat="38.898806"><ele>18.988537</ele><time>2022-11-29T19:34:48Z</time><extensions><speed>1.530434</speed><course>90.164504</course><hAcc>2.737116</hAcc><vAcc>0.807033</vAcc></extensions></trkpt>
      <trkpt lon="-77.037282" lat="38.898806"><ele>18.957562</ele><time>2022-11-29T19:34:49Z</time><extensions><speed>1.585514</speed><course>90.165277</course><hAcc>2.693242</hAcc><vAcc>0.807698</vAcc></extensions></trkpt>
      <trkpt lon="-77.037264" lat="38.898806"><ele>18.923621</ele><time>2022-11-29T19:34:50Z</time><extensions><speed>1.575381</speed><course>90.165918</course><hAcc>2.663643</hAcc><vAcc>0.808488</vAcc></extensions></trkpt>
      <trkpt lon="-77.037246" lat="38.898806"><ele>18.886989</ele><time>2022-11-29T19:34:51Z</time><extensions><speed>1.594929</speed><course>90.166309</course><hAcc>2.643896</hAcc><vAcc>0.809390</vAcc></extensions></trkpt>
      <trkpt lon="-77.037227" lat="38.898806"><ele>18.848533</ele><time>2022-11-29T19:34:52Z</time><extensions><speed>1.575827</speed><course>90.166904</course><hAcc>2.656913</hAcc><vAcc>0.810381</vAcc></extensions></trkpt>
      <trkpt lon="-77.037209" lat="38.898806"><ele>18.809557</ele><time>2022-11-29T19:34:53Z</time><extensions><speed>1.557195</speed><course>90.167021</course><hAcc>2.656528</hAcc><vAcc>0.811435</vAcc></extensions></trkpt>
      <trkpt lon="-77.037191" lat="38.898806"><ele>18.771340</ele><time>2022-11-29T19:34:54Z</time><extensions><speed>1.590972</speed><course>90.166939</course><hAcc>2.643002</hAcc><vAcc>0.812526</vAcc></extensions></trkpt>
      <trkpt lon="-77.037173" lat="38.898806"><ele>18.734855</ele><time>2022-11-29T19:34:55Z</time><extensions><speed>1.561890</speed><course>90.167094</course><hAcc>2.660319</hAcc><vAcc>0.813654</vAcc></extensions></trkpt>
      <trkpt lon="-77.037155" lat="38.898806"><ele>18.700851</ele><time>2022-11-29T19:34:56Z</time><extensions><speed>1.539463</speed><course>90.167124</course><hAcc>2.672348</hAcc><vAcc>0.814860</vAcc></extensions></trkpt>
      <trkpt lon="-77.037138" lat="38.898806"><ele>18.669962</ele><time>2022-11-29T19:34:57Z</time><extensions><speed>1.526650</speed><course>90.167047</course><hAcc>2.688960</hAcc><vAcc>0.816271</vAcc></extensions></trkpt>
      <trkpt lon="-77.037120" lat="38.898806"><ele>18.642736</ele><time>2022-11-29T19:34:58Z</time><extensions><speed>1.498126</speed><course>90.167133</course><hAcc>2.727213</hAcc><vAcc>0.818145</vAcc></extensions></trkpt>
      <trkpt lon="-77.037103" lat="38.898806"><ele>18.619575</ele><time>2022-11-29T19:34:59Z</time><extensions><speed>1.479078</speed><course>90.166971</course><hAcc>2.742540</hAcc><vAcc>0.820948</vAcc></extensions></trkpt>
      <trkpt lon="-77.037086" lat="38.898806"><ele>18.600521</ele><time>2022-11-29T19:35:00Z</time><extensions><speed>1.433265</speed><course>90.166944</course><hAcc>2.783877</hAcc><vAcc>0.825443</vAcc></extensions></trkpt>
      <trkpt lon="-77.037070" lat="38.898806"><ele>18.583506</ele><time>2022-11-29T19:35:01Z</time><extensions><speed>1.318142</speed><course>90.166770</course><hAcc>2.795087</hAcc><vAcc>0.825445</vAcc></extensions></trkpt>
      <trkpt lon="-77.037055" lat="38.898806"><ele>18.564873</ele><time>2022-11-29T19:35:02Z</time><extensions><speed>1.216132</speed><course>90.166908</course><hAcc>2.824586</hAcc><vAcc>0.825439</vAcc></extensions></trkpt>
      <trkpt lon="-77.037041" lat="38.898806"><ele>18.545047</ele><time>2022-11-29T19:35:03Z</time><extensions><speed>1.208510</speed><course>90.167470</course><hAcc>2.868013</hAcc><vAcc>0.825419</vAcc></extensions></trkpt>
      <trkpt lon="-77.037027" lat="38.898805"><ele>18.530894</ele><time>2022-11-29T19:35:04Z</time><extensions><speed>1.233443</speed><course>90.168232</course><hAcc>2.914882</hAcc><vAcc>0.825390</vAcc></extensions></trkpt>
      <trkpt lon="-77.037012" lat="38.898805"><ele>18.520737</ele><time>2022-11-29T19:35:05Z</time><extensions><speed>1.232598</speed><course>90.168918</course><hAcc>2.975333</hAcc><vAcc>0.825376</vAcc></extensions></trkpt>
      <trkpt lon="-77.036997" lat="38.898805"><ele>18.512995</ele><time>2022-11-29T19:35:06Z</time><extensions><speed>1.335238</speed><course>90.169794</course><hAcc>3.044327</hAcc><vAcc>0.825388</vAcc></extensions></trkpt>
      <trkpt lon="-77.036981" lat="38.898805"><ele>18.505532</ele><time>2022-11-29T19:35:07Z</time><extensions><speed>1.415289</speed><course>90.170980</course><hAcc>3.096442</hAcc><vAcc>0.825415</vAcc></extensions></trkpt>
      <trkpt lon="-77.036965" lat="38.898805"><ele>18.493357</ele><time>2022-11-29T19:35:08Z</time><extensions><speed>1.329455</speed><course>90.182851</course><hAcc>3.067939</hAcc><vAcc>0.825459</vAcc></extensions></trkpt>
      <trkpt lon="-77.036949" lat="38.898805"><ele>18.482838</ele><time>2022-11-29T19:35:09Z</time><extensions><speed>1.281589</speed><course>90.203073</course><hAcc>3.061120</hAcc><vAcc>0.825518</vAcc></extensions></trkpt>
      <trkpt lon="-77.036934" lat="38.898805"><ele>18.479851</ele><time>2022-11-29T19:35:10Z</time><extensions><speed>1.292227</speed><course>90.240212</course><hAcc>3.094785</hAcc><vAcc>0.825582</vAcc></extensions></trkpt>
      <trkpt lon="-77.036918" lat="38.898805"><ele>18.486558</ele><time>2022-11-29T19:35:11Z</time><extensions><speed>1.408701</speed><course>90.258263</course><hAcc>3.158385</hAcc><vAcc>0.825631</vAcc></extensions></trkpt>
      <trkpt lon="-77.036901" lat="38.898805"><ele>18.496270</ele><time>2022-11-29T19:35:12Z</time><extensions><speed>1.511001</speed><course>90.267022</course><hAcc>3.216696</hAcc><vAcc>0.825682</vAcc></extensions></trkpt>
      <trkpt lon="-77.036884" lat="38.898805"><ele>18.508144</ele><time>2022-11-29T19:35:13Z</time><extensions><speed>1.477996</speed><course>90.268542</course><hAcc>3.211421</hAcc><vAcc>0.825771</vAcc></extensions></trkpt>
      <trkpt lon="-77.036868" lat="38.898805"><ele>18.529039</ele><time>2022-11-29T19:35:14Z</time><extensions><speed>1.397241</speed><course>90.269101</course><hAcc>3.210313</hAcc><vAcc>0.825861</vAcc></extensions></trkpt>
      <trkpt lon="-77.036853" lat="38.898805"><ele>18.546601</ele><time>2022-11-29T19:35:15Z</time><extensions><speed>1.250967</speed><course>90.269370</course><hAcc>3.243989</hAcc><vAcc>0.825934</vAcc></extensions></trkpt>
      <trkpt lon="-77.036839" lat="38.898805"><ele>18.562781</ele><time>2022-11-29T19:35:16Z</time><extensions><speed>1.277621</speed><course>90.269464</course><hAcc>3.292163</hAcc><vAcc>0.826016</vAcc></extensions></trkpt>
      <trkpt lon="-77.036824" lat="38.898805"><ele>18.587343</ele><time>2022-11-29T19:35:17Z</time><extensions><speed>1.327467</speed><course>90.269476</course><hAcc>3.340520</hAcc><vAcc>0.826113</vAcc></extensions></trkpt>
      <trkpt lon="-77.036809" lat="38.898805"><ele>18.594913</ele><time>2022-11-29T19:35:18Z</time><extensions><speed>1.303662</speed><course>90.269472</course><hAcc>3.384239</hAcc><vAcc>0.826213</vAcc></extensions></trkpt>
      <trkpt lon="-77.036795" lat="38.898805"><ele>18.592283</ele><time>2022-11-29T19:35:19Z</time><extensions><speed>1.214377</speed><course>90.269480</course><hAcc>3.419130</hAcc><vAcc>0.826328</vAcc></extensions></trkpt>
      <trkpt lon="-77.036781" lat="38.898805"><ele>18.603549</ele><time>2022-11-29T19:35:20Z</time><extensions><speed>1.063515</speed><course>90.269506</course><hAcc>3.444868</hAcc><vAcc>0.826452</vAcc></extensions></trkpt>
      <trkpt lon="-77.036770" lat="38.898805"><ele>18.609561</ele><time>2022-11-29T19:35:21Z</time><extensions><speed>0.821778</speed><course>90.269581</course><hAcc>3.463330</hAcc><vAcc>0.826582</vAcc></extensions></trkpt>
      <trkpt lon="-77.036762" lat="38.898805"><ele>18.615596</ele><time>2022-11-29T19:35:22Z</time><extensions><speed>0.497610</speed><course>90.269819</course><hAcc>3.475818</hAcc><vAcc>0.826710</vAcc></extensions></trkpt>
      <trkpt lon="-77.036757" lat="38.898805"><ele>18.639106</ele><time>2022-11-29T19:35:23Z</time><extensions><speed>0.236099</speed><course>90.270406</course><hAcc>3.485158</hAcc><vAcc>0.826833</vAcc></extensions></trkpt>
      <trkpt lon="-77.036755" lat="38.898805"><ele>18.670623</ele><time>2022-11-29T19:35:24Z</time><extensions><speed>0.135492</speed><course>90.249943</course><hAcc>3.487359</hAcc><vAcc>0.826953</vAcc></extensions></trkpt>
      <trkpt lon="-77.036753" lat="38.898805"><ele>18.703184</ele><time>2022-11-29T19:35:25Z</time><extensions><speed>0.130090</speed><course>90.253678</course><hAcc>3.482114</hAcc><vAcc>0.827063</vAcc></extensions></trkpt>
      <trkpt lon="-77.036751" lat="38.898805"><ele>18.730068</ele><time>2022-11-29T19:35:26Z</time><extensions><speed>0.200870</speed><course>90.275584</course><hAcc>3.473625</hAcc><vAcc>0.827163</vAcc></extensions></trkpt>
      <trkpt lon="-77.036747" lat="38.898805"><ele>18.762208</ele><time>2022-11-29T19:35:27Z</time><extensions><speed>0.369860</speed><course>90.305463</course><hAcc>3.464517</hAcc><vAcc>0.827251</vAcc></extensions></trkpt>
      <trkpt lon="-77.036740" lat="38.898805"><ele>18.801023</ele><time>2022-11-29T19:35:28Z</time><extensions><speed>0.702290</speed><course>90.307260</course><hAcc>3.457872</hAcc><vAcc>0.827322</vAcc></extensions></trkpt>
      <trkpt lon="-77.036730" lat="38.898804"><ele>18.854005</ele><time>2022-11-29T19:35:29Z</time><extensions><speed>0.960275</speed><course>90.312756</course><hAcc>3.457407</hAcc><vAcc>0.827377</vAcc></extensions></trkpt>
      <trkpt lon="-77.036718" lat="38.898804"><ele>18.904574</ele><time>2022-11-29T19:35:30Z</time><extensions><speed>1.183348</speed><course>90.328287</course><hAcc>3.445218</hAcc><vAcc>0.827428</vAcc></extensions></trkpt>
      <trkpt lon="-77.036703" lat="38.898804"><ele>18.949636</ele><time>2022-11-29T19:35:31Z</time><extensions><speed>1.292739</speed><course>90.363598</course><hAcc>3.422573</hAcc><vAcc>0.827463</vAcc></extensions></trkpt>
      <trkpt lon="-77.036688" lat="38.898804"><ele>18.989828</ele><time>2022-11-29T19:35:32Z</time><extensions><speed>1.381032</speed><course>90.433704</course><hAcc>3.388734</hAcc><vAcc>0.827484</vAcc></extensions></trkpt>
      <trkpt lon="-77.036671" lat="38.898804"><ele>19.023317</ele><time>2022-11-29T19:35:33Z</time><extensions><speed>1.522380</speed><course>90.564366</course><hAcc>3.339666</hAcc><vAcc>0.827488</vAcc></extensions></trkpt>
      <trkpt lon="-77.036656" lat="38.898804"><ele>19.056251</ele><time>2022-11-29T19:35:34Z</time><extensions><speed>1.486277</speed><course>90.871115</course><hAcc>3.234895</hAcc><vAcc>0.827476</vAcc></extensions></trkpt>
      <trkpt lon="-77.036641" lat="38.898804"><ele>19.088081</ele><time>2022-11-29T19:35:35Z</time><extensions><speed>1.377210</speed><course>90.986090</course><hAcc>3.167416</hAcc><vAcc>0.827446</vAcc></extensions></trkpt>
      <trkpt lon="-77.036628" lat="38.898804"><ele>19.118151</ele><time>2022-11-29T19:35:36Z</time><extensions><speed>1.263819</speed><course>90.959721</course><hAcc>3.103523</hAcc><vAcc>0.827445</vAcc></extensions></trkpt>
      <trkpt lon="-77.036615" lat="38.898803"><ele>19.149268</ele><time>2022-11-29T19:35:37Z</time><extensions><speed>1.189126</speed><course>90.733884</course><hAcc>3.030454</hAcc><vAcc>0.827426</vAcc></extensions></trkpt>
      <trkpt lon="-77.036603" lat="38.898803"><ele>19.174737</ele><time>2022-11-29T19:35:38Z</time><extensions><speed>1.148353</speed><course>90.615483</course><hAcc>2.941460</hAcc><vAcc>0.827390</vAcc></extensions></trkpt>
      <trkpt lon="-77.036592" lat="38.898803"><ele>19.193023</ele><time>2022-11-29T19:35:39Z</time><extensions><speed>1.047676</speed><course>90.561181</course><hAcc>2.833441</hAcc><vAcc>0.827340</vAcc></extensions></trkpt>
      <trkpt lon="-77.036581" lat="38.898803"><ele>19.206900</ele><time>2022-11-29T19:35:40Z</time><extensions><speed>0.983908</speed><course>90.530546</course><hAcc>2.701971</hAcc><vAcc>0.827280</vAcc></extensions></trkpt>
      <trkpt lon="-77.036571" lat="38.898803"><ele>19.216339</ele><time>2022-11-29T19:35:41Z</time><extensions><speed>0.899082</speed><course>90.514111</course><hAcc>2.546322</hAcc><vAcc>0.827219</vAcc></extensions></trkpt>
      <trkpt lon="-77.036561" lat="38.898803"><ele>19.224417</ele><time>2022-11-29T19:35:42Z</time><extensions><speed>0.868750</speed><course>90.502602</course><hAcc>2.359689</hAcc><vAcc>0.827126</vAcc></extensions></trkpt>
      <trkpt lon="-77.036551" lat="38.898803"><ele>19.227862</ele><time>2022-11-29T19:35:43Z</time><extensions><speed>0.865945</speed><course>90.493499</course><hAcc>2.149757</hAcc><vAcc>0.827022</vAcc></extensions></trkpt>
      <trkpt lon="-77.036541" lat="38.898803"><ele>19.230914</ele><time>2022-11-29T19:35:44Z</time><extensions><speed>0.846031</speed><course>90.484335</course><hAcc>1.959560</hAcc><vAcc>0.826893</vAcc></extensions></trkpt>
      <trkpt lon="-77.036531" lat="38.898803"><ele>19.233027</ele><time>2022-11-29T19:35:45Z</time><extensions><speed>0.841935</speed><course>90.475048</course><hAcc>1.836065</hAcc><vAcc>0.826782</vAcc></extensions></trkpt>
      <trkpt lon="-77.036522" lat="38.898803"><ele>19.234558</ele><time>2022-11-29T19:35:46Z</time><extensions><speed>0.850294</speed><course>90.466355</course><hAcc>1.786832</hAcc><vAcc>0.826644</vAcc></extensions></trkpt>
      <trkpt lon="-77.036514" lat="38.898803"><ele>19.224308</ele><time>2022-11-29T19:35:47Z</time><extensions><speed>0.492428</speed><course>90.470056</course><hAcc>1.734206</hAcc><vAcc>0.826498</vAcc></extensions></trkpt>
      <trkpt lon="-77.036510" lat="38.898803"><ele>19.195012</ele><time>2022-11-29T19:35:48Z</time><extensions><speed>0.168011</speed><course>90.487796</course><hAcc>1.702416</hAcc><vAcc>0.826334</vAcc></extensions></trkpt>
      <trkpt lon="-77.036510" lat="38.898803"><ele>19.157436</ele><time>2022-11-29T19:35:49Z</time><extensions><speed>0.083202</speed><course>270.406025</course><hAcc>1.691736</hAcc><vAcc>0.826190</vAcc></extensions></trkpt>
      <trkpt lon="-77.036512" lat="38.898803"><ele>19.123557</ele><time>2022-11-29T19:35:50Z</time><extensions><speed>0.251876</speed><course>269.444346</course><hAcc>1.702286</hAcc><vAcc>0.826060</vAcc></extensions></trkpt>
      <trkpt lon="-77.036515" lat="38.898802"><ele>19.085931</ele><time>2022-11-29T19:35:51Z</time><extensions><speed>0.267867</speed><course>267.424251</course><hAcc>1.712163</hAcc><vAcc>0.825943</vAcc></extensions></trkpt>
      <trkpt lon="-77.036517" lat="38.898802"><ele>19.041781</ele><time>2022-11-29T19:35:52Z</time><extensions><speed>0.230984</speed><course>262.795469</course><hAcc>1.719609</hAcc><vAcc>0.825844</vAcc></extensions></trkpt>
      <trkpt lon="-77.036520" lat="38.898802"><ele>18.990960</ele><time>2022-11-29T19:35:53Z</time><extensions><speed>0.185575</speed><course>252.567662</course><hAcc>1.726698</hAcc><vAcc>0.825764</vAcc></extensions></trkpt>
      <trkpt lon="-77.036522" lat="38.898801"><ele>18.941321</ele><time>2022-11-29T19:35:54Z</time><extensions><speed>0.154646</speed><course>231.450796</course><hAcc>1.732815</hAcc><vAcc>0.825705</vAcc></extensions></trkpt>
      <trkpt lon="-77.036523" lat="38.898800"><ele>18.890502</ele><time>2022-11-29T19:35:55Z</time><extensions><speed>0.162111</speed><course>200.941979</course><hAcc>1.736717</hAcc><vAcc>0.825669</vAcc></extensions></trkpt>
      <trkpt lon="-77.036523" lat="38.898798"><ele>18.858055</ele><time>2022-11-29T19:35:55Z</time><extensions><speed>0.235214</speed><course>175.792666</course><hAcc>1.733804</hAcc><vAcc>0.825652</vAcc></extensions></trkpt>
      <trkpt lon="-77.036522" lat="38.898795"><ele>18.818451</ele><time>2022-11-29T19:35:56Z</time><extensions><speed>0.367785</speed><course>159.517780</course><hAcc>1.727733</hAcc><vAcc>0.825650</vAcc></extensions></trkpt>
      <trkpt lon="-77.036519" lat="38.898791"><ele>18.775468</ele><time>2022-11-29T19:35:57Z</time><extensions><speed>0.561575</speed><course>148.063831</course><hAcc>1.719709</hAcc><vAcc>0.825662</vAcc></extensions></trkpt>
      <trkpt lon="-77.036514" lat="38.898787"><ele>18.728108</ele><time>2022-11-29T19:35:58Z</time><extensions><speed>0.822810</speed><course>136.679283</course><hAcc>1.715754</hAcc><vAcc>0.825686</vAcc></extensions></trkpt>
      <trkpt lon="-77.036505" lat="38.898781"><ele>18.672178</ele><time>2022-11-29T19:35:59Z</time><extensions><speed>1.245926</speed><course>121.541422</course><hAcc>1.718505</hAcc><vAcc>0.825721</vAcc></extensions></trkpt>
      <trkpt lon="-77.036492" lat="38.898775"><ele>18.625544</ele><time>2022-11-29T19:36:00Z</time><extensions><speed>1.442808</speed><course>117.358647</course><hAcc>1.716341</hAcc><vAcc>0.825766</vAcc></extensions></trkpt>
      <trkpt lon="-77.036477" lat="38.898769"><ele>18.582470</ele><time>2022-11-29T19:36:01Z</time><extensions><speed>1.487905</speed><course>116.016976</course><hAcc>1.710234</hAcc><vAcc>0.825813</vAcc></extensions></trkpt>
      <trkpt lon="-77.036461" lat="38.898764"><ele>18.517679</ele><time>2022-11-29T19:36:02Z</time><extensions><speed>1.524522</speed><course>115.208940</course><hAcc>1.703628</hAcc><vAcc>0.825862</vAcc></extensions></trkpt>
      <trkpt lon="-77.036445" lat="38.898758"><ele>18.454801</ele><time>2022-11-29T19:36:03Z</time><extensions><speed>1.508271</speed><course>116.827332</course><hAcc>1.701795</hAcc><vAcc>0.825905</vAcc></extensions></trkpt>
      <trkpt lon="-77.036431" lat="38.898751"><ele>18.390802</ele><time>2022-11-29T19:36:04Z</time><extensions><speed>1.476548</speed><course>125.575391</course><hAcc>1.704271</hAcc><vAcc>0.825945</vAcc></extensions></trkpt>
      <trkpt lon="-77.036417" lat="38.898743"><ele>18.342109</ele><time>2022-11-29T19:36:05Z</time><extensions><speed>1.427037</speed><course>127.831979</course><hAcc>1.707315</hAcc><vAcc>0.825981</vAcc></extensions></trkpt>
      <trkpt lon="-77.036405" lat="38.898736"><ele>18.291660</ele><time>2022-11-29T19:36:06Z</time><extensions><speed>1.302669</speed><course>126.018056</course><hAcc>1.708856</hAcc><vAcc>0.826008</vAcc></extensions></trkpt>
      <trkpt lon="-77.036393" lat="38.898730"><ele>18.237014</ele><time>2022-11-29T19:36:07Z</time><extensions><speed>1.149425</speed><course>119.637974</course><hAcc>1.708992</hAcc><vAcc>0.826019</vAcc></extensions></trkpt>
      <trkpt lon="-77.036381" lat="38.898725"><ele>18.178875</ele><time>2022-11-29T19:36:08Z</time><extensions><speed>1.073641</speed><course>112.637779</course><hAcc>1.711609</hAcc><vAcc>0.826019</vAcc></extensions></trkpt>
      <trkpt lon="-77.036370" lat="38.898722"><ele>18.113635</ele><time>2022-11-29T19:36:09Z</time><extensions><speed>1.043428</speed><course>109.405479</course><hAcc>1.719920</hAcc><vAcc>0.826014</vAcc></extensions></trkpt>
      <trkpt lon="-77.036358" lat="38.898719"><ele>18.045033</ele><time>2022-11-29T19:36:10Z</time><extensions><speed>1.101242</speed><course>109.043380</course><hAcc>1.732847</hAcc><vAcc>0.826013</vAcc></extensions></trkpt>
      <trkpt lon="-77.036346" lat="38.898716"><ele>17.975879</ele><time>2022-11-29T19:36:11Z</time><extensions><speed>1.164671</speed><course>109.495002</course><hAcc>1.757919</hAcc><vAcc>0.826023</vAcc></extensions></trkpt>
      <trkpt lon="-77.036334" lat="38.898712"><ele>17.912516</ele><time>2022-11-29T19:36:12Z</time><extensions><speed>1.074399</speed><course>113.523226</course><hAcc>1.808983</hAcc><vAcc>0.826037</vAcc></extensions></trkpt>
      <trkpt lon="-77.036323" lat="38.898708"><ele>17.860762</ele><time>2022-11-29T19:36:13Z</time><extensions><speed>1.105833</speed><course>112.106854</course><hAcc>1.895698</hAcc><vAcc>0.826058</vAcc></extensions></trkpt>
      <trkpt lon="-77.036311" lat="38.898705"><ele>17.811048</ele><time>2022-11-29T19:36:14Z</time><extensions><speed>1.063472</speed><course>104.739796</course><hAcc>2.037147</hAcc><vAcc>0.826084</vAcc></extensions></trkpt>
      <trkpt lon="-77.036298" lat="38.898704"><ele>17.774458</ele><time>2022-11-29T19:36:15Z</time><extensions><speed>1.197555</speed><course>90.449396</course><hAcc>2.218541</hAcc><vAcc>0.826106</vAcc></extensions></trkpt>
      <trkpt lon="-77.036284" lat="38.898705"><ele>17.744953</ele><time>2022-11-29T19:36:16Z</time><extensions><speed>1.256194</speed><course>85.953563</course><hAcc>2.398497</hAcc><vAcc>0.826128</vAcc></extensions></trkpt>
      <trkpt lon="-77.036269" lat="38.898706"><ele>17.722424</ele><time>2022-11-29T19:36:17Z</time><extensions><speed>1.229759</speed><course>84.409904</course><hAcc>2.562148</hAcc><vAcc>0.826180</vAcc></extensions></trkpt>
      <trkpt lon="-77.036255" lat="38.898707"><ele>17.704124</ele><time>2022-11-29T19:36:18Z</time><extensions><speed>1.206003</speed><course>84.195397</course><hAcc>2.708369</hAcc><vAcc>0.826245</vAcc></extensions></trkpt>
      <trkpt lon="-77.036241" lat="38.898708"><ele>17.678747</ele><time>2022-11-29T19:36:19Z</time><extensions><speed>1.187785</speed><course>84.541181</course><hAcc>2.835478</hAcc><vAcc>0.826336</vAcc></extensions></trkpt>
      <trkpt lon="-77.036228" lat="38.898709"><ele>17.671013</ele><time>2022-11-29T19:36:20Z</time><extensions><speed>1.145090</speed><course>85.020894</course><hAcc>2.944448</hAcc><vAcc>0.826435</vAcc></extensions></trkpt>
      <trkpt lon="-77.036215" lat="38.898710"><ele>17.686420</ele><time>2022-11-29T19:36:21Z</time><extensions><speed>1.131542</speed><course>85.599111</course><hAcc>3.032837</hAcc><vAcc>0.826542</vAcc></extensions></trkpt>
      <trkpt lon="-77.036201" lat="38.898711"><ele>17.707077</ele><time>2022-11-29T19:36:22Z</time><extensions><speed>1.132750</speed><course>86.171435</course><hAcc>3.106506</hAcc><vAcc>0.826652</vAcc></extensions></trkpt>
      <trkpt lon="-77.036188" lat="38.898711"><ele>17.759223</ele><time>2022-11-29T19:36:23Z</time><extensions><speed>1.127882</speed><course>86.685686</course><hAcc>3.170757</hAcc><vAcc>0.826751</vAcc></extensions></trkpt>
      <trkpt lon="-77.036175" lat="38.898712"><ele>17.817001</ele><time>2022-11-29T19:36:24Z</time><extensions><speed>1.195006</speed><course>87.300450</course><hAcc>3.226685</hAcc><vAcc>0.826839</vAcc></extensions></trkpt>
      <trkpt lon="-77.036161" lat="38.898713"><ele>17.871618</ele><time>2022-11-29T19:36:25Z</time><extensions><speed>1.231338</speed><course>87.658493</course><hAcc>3.279499</hAcc><vAcc>0.826923</vAcc></extensions></trkpt>
      <trkpt lon="-77.036146" lat="38.898713"><ele>17.921477</ele><time>2022-11-29T19:36:26Z</time><extensions><speed>1.256875</speed><course>87.812741</course><hAcc>3.328674</hAcc><vAcc>0.827002</vAcc></extensions></trkpt>
      <trkpt lon="-77.036131" lat="38.898714"><ele>17.969057</ele><time>2022-11-29T19:36:27Z</time><extensions><speed>1.289283</speed><course>87.716811</course><hAcc>3.374196</hAcc><vAcc>0.827069</vAcc></extensions></trkpt>
      <trkpt lon="-77.036116" lat="38.898714"><ele>18.007126</ele><time>2022-11-29T19:36:28Z</time><extensions><speed>1.270042</speed><course>87.728830</course><hAcc>3.411907</hAcc><vAcc>0.827121</vAcc></extensions></trkpt>
      <trkpt lon="-77.036101" lat="38.898715"><ele>18.036048</ele><time>2022-11-29T19:36:29Z</time><extensions><speed>1.249555</speed><course>87.838935</course><hAcc>3.440712</hAcc><vAcc>0.827153</vAcc></extensions></trkpt>
      <trkpt lon="-77.036085" lat="38.898715"><ele>18.075113</ele><time>2022-11-29T19:36:30Z</time><extensions><speed>1.317682</speed><course>87.996389</course><hAcc>3.450544</hAcc><vAcc>0.827166</vAcc></extensions></trkpt>
      <trkpt lon="-77.036070" lat="38.898716"><ele>18.111866</ele><time>2022-11-29T19:36:31Z</time><extensions><speed>1.345438</speed><course>88.112272</course><hAcc>3.444208</hAcc><vAcc>0.827155</vAcc></extensions></trkpt>
      <trkpt lon="-77.036053" lat="38.898716"><ele>18.139849</ele><time>2022-11-29T19:36:32Z</time><extensions><speed>1.400357</speed><course>88.232412</course><hAcc>3.425781</hAcc><vAcc>0.827127</vAcc></extensions></trkpt>
      <trkpt lon="-77.036037" lat="38.898716"><ele>18.171629</ele><time>2022-11-29T19:36:33Z</time><extensions><speed>1.376585</speed><course>88.309994</course><hAcc>3.403062</hAcc><vAcc>0.827097</vAcc></extensions></trkpt>
      <trkpt lon="-77.036020" lat="38.898717"><ele>18.209720</ele><time>2022-11-29T19:36:34Z</time><extensions><speed>1.386468</speed><course>88.424531</course><hAcc>3.384909</hAcc><vAcc>0.827063</vAcc></extensions></trkpt>
      <trkpt lon="-77.036004" lat="38.898717"><ele>18.242368</ele><time>2022-11-29T19:36:35Z</time><extensions><speed>1.440913</speed><course>88.594425</course><hAcc>3.388647</hAcc><vAcc>0.827015</vAcc></extensions></trkpt>
      <trkpt lon="-77.035987" lat="38.898717"><ele>18.271300</ele><time>2022-11-29T19:36:36Z</time><extensions><speed>1.383239</speed><course>88.833851</course><hAcc>3.399355</hAcc><vAcc>0.826865</vAcc></extensions></trkpt>
      <trkpt lon="-77.035972" lat="38.898718"><ele>18.290163</ele><time>2022-11-29T19:36:38Z</time><extensions><speed>1.326320</speed><course>88.694564</course><hAcc>3.336496</hAcc><vAcc>0.826538</vAcc></extensions></trkpt>
      <trkpt lon="-77.035957" lat="38.898718"><ele>18.305576</ele><time>2022-11-29T19:36:39Z</time><extensions><speed>1.294525</speed><course>88.652936</course><hAcc>3.282333</hAcc><vAcc>0.826075</vAcc></extensions></trkpt>
      <trkpt lon="-77.035942" lat="38.898718"><ele>18.325657</ele><time>2022-11-29T19:36:40Z</time><extensions><speed>1.280559</speed><course>88.658236</course><hAcc>3.251405</hAcc><vAcc>0.825584</vAcc></extensions></trkpt>
      <trkpt lon="-77.035927" lat="38.898719"><ele>18.342486</ele><time>2022-11-29T19:36:41Z</time><extensions><speed>1.296125</speed><course>88.689554</course><hAcc>3.230358</hAcc><vAcc>0.825082</vAcc></extensions></trkpt>
      <trkpt lon="-77.035911" lat="38.898719"><ele>18.357768</ele><time>2022-11-29T19:36:42Z</time><extensions><speed>1.329519</speed><course>88.711761</course><hAcc>3.207726</hAcc><vAcc>0.824563</vAcc></extensions></trkpt>
      <trkpt lon="-77.035895" lat="38.898719"><ele>18.372408</ele><time>2022-11-29T19:36:43Z</time><extensions><speed>1.339538</speed><course>88.708390</course><hAcc>3.190177</hAcc><vAcc>0.824006</vAcc></extensions></trkpt>
      <trkpt lon="-77.035880" lat="38.898719"><ele>18.372500</ele><time>2022-11-29T19:36:44Z</time><extensions><speed>1.292290</speed><course>88.713968</course><hAcc>3.178596</hAcc><vAcc>0.823412</vAcc></extensions></trkpt>
      <trkpt lon="-77.035864" lat="38.898720"><ele>18.382467</ele><time>2022-11-29T19:36:45Z</time><extensions><speed>1.264076</speed><course>88.729691</course><hAcc>3.173931</hAcc><vAcc>0.822815</vAcc></extensions></trkpt>
      <trkpt lon="-77.035849" lat="38.898720"><ele>18.393842</ele><time>2022-11-29T19:36:46Z</time><extensions><speed>1.270329</speed><course>88.749827</course><hAcc>3.176851</hAcc><vAcc>0.822247</vAcc></extensions></trkpt>
      <trkpt lon="-77.035834" lat="38.898720"><ele>18.406597</ele><time>2022-11-29T19:36:47Z</time><extensions><speed>1.312254</speed><course>88.773228</course><hAcc>3.188544</hAcc><vAcc>0.821745</vAcc></extensions></trkpt>
      <trkpt lon="-77.035819" lat="38.898720"><ele>18.423831</ele><time>2022-11-29T19:36:48Z</time><extensions><speed>1.327947</speed><course>88.791297</course><hAcc>3.204382</hAcc><vAcc>0.821364</vAcc></extensions></trkpt>
      <trkpt lon="-77.035803" lat="38.898721"><ele>18.450843</ele><time>2022-11-29T19:36:49Z</time><extensions><speed>1.333986</speed><course>88.810665</course><hAcc>3.222948</hAcc><vAcc>0.821156</vAcc></extensions></trkpt>
      <trkpt lon="-77.035787" lat="38.898721"><ele>18.476745</ele><time>2022-11-29T19:36:50Z</time><extensions><speed>1.376608</speed><course>88.832516</course><hAcc>3.238376</hAcc><vAcc>0.821144</vAcc></extensions></trkpt>
      <trkpt lon="-77.035770" lat="38.898721"><ele>18.504110</ele><time>2022-11-29T19:36:51Z</time><extensions><speed>1.372315</speed><course>88.848920</course><hAcc>3.241222</hAcc><vAcc>0.821299</vAcc></extensions></trkpt>
      <trkpt lon="-77.035754" lat="38.898722"><ele>18.534350</ele><time>2022-11-29T19:36:52Z</time><extensions><speed>1.465104</speed><course>88.868486</course><hAcc>3.231646</hAcc><vAcc>0.821607</vAcc></extensions></trkpt>
      <trkpt lon="-77.035736" lat="38.898722"><ele>18.565106</ele><time>2022-11-29T19:36:53Z</time><extensions><speed>1.511963</speed><course>88.879789</course><hAcc>3.210671</hAcc><vAcc>0.822028</vAcc></extensions></trkpt>
      <trkpt lon="-77.035719" lat="38.898722"><ele>18.575414</ele><time>2022-11-29T19:36:54Z</time><extensions><speed>1.398233</speed><course>88.884628</course><hAcc>3.185890</hAcc><vAcc>0.822518</vAcc></extensions></trkpt>
      <trkpt lon="-77.035702" lat="38.898722"><ele>18.588412</ele><time>2022-11-29T19:36:55Z</time><extensions><speed>1.368174</speed><course>88.875972</course><hAcc>3.134314</hAcc><vAcc>0.823041</vAcc></extensions></trkpt>
      <trkpt lon="-77.035686" lat="38.898723"><ele>18.598974</ele><time>2022-11-29T19:36:56Z</time><extensions><speed>1.343666</speed><course>88.859114</course><hAcc>3.080525</hAcc><vAcc>0.823570</vAcc></extensions></trkpt>
      <trkpt lon="-77.035670" lat="38.898723"><ele>18.600706</ele><time>2022-11-29T19:36:57Z</time><extensions><speed>1.434806</speed><course>88.826113</course><hAcc>3.038762</hAcc><vAcc>0.824082</vAcc></extensions></trkpt>
      <trkpt lon="-77.035653" lat="38.898723"><ele>18.599374</ele><time>2022-11-29T19:36:58Z</time><extensions><speed>1.479132</speed><course>88.815862</course><hAcc>3.025616</hAcc><vAcc>0.824571</vAcc></extensions></trkpt>
      <trkpt lon="-77.035636" lat="38.898723"><ele>18.602528</ele><time>2022-11-29T19:36:59Z</time><extensions><speed>1.427379</speed><course>88.816983</course><hAcc>3.025559</hAcc><vAcc>0.825029</vAcc></extensions></trkpt>
      <trkpt lon="-77.035620" lat="38.898724"><ele>18.601671</ele><time>2022-11-29T19:37:00Z</time><extensions><speed>1.440187</speed><course>88.812158</course><hAcc>2.964473</hAcc><vAcc>0.825445</vAcc></extensions></trkpt>
      <trkpt lon="-77.035603" lat="38.898724"><ele>18.590674</ele><time>2022-11-29T19:37:01Z</time><extensions><speed>1.464462</speed><course>88.813450</course><hAcc>2.938321</hAcc><vAcc>0.825809</vAcc></extensions></trkpt>
      <trkpt lon="-77.035586" lat="38.898724"><ele>18.585500</ele><time>2022-11-29T19:37:02Z</time><extensions><speed>1.447132</speed><course>88.818316</course><hAcc>2.941236</hAcc><vAcc>0.826119</vAcc></extensions></trkpt>
      <trkpt lon="-77.035568" lat="38.898724"><ele>18.572620</ele><time>2022-11-29T19:37:03Z</time><extensions><speed>1.541915</speed><course>88.817206</course><hAcc>2.915603</hAcc><vAcc>0.826384</vAcc></extensions></trkpt>
      <trkpt lon="-77.035550" lat="38.898725"><ele>18.555276</ele><time>2022-11-29T19:37:04Z</time><extensions><speed>1.518725</speed><course>88.820170</course><hAcc>2.927185</hAcc><vAcc>0.826601</vAcc></extensions></trkpt>
      <trkpt lon="-77.035533" lat="38.898725"><ele>18.534806</ele><time>2022-11-29T19:37:05Z</time><extensions><speed>1.500856</speed><course>88.820635</course><hAcc>2.915371</hAcc><vAcc>0.826771</vAcc></extensions></trkpt>
      <trkpt lon="-77.035516" lat="38.898725"><ele>18.493472</ele><time>2022-11-29T19:37:06Z</time><extensions><speed>1.435603</speed><course>88.819370</course><hAcc>2.888290</hAcc><vAcc>0.826890</vAcc></extensions></trkpt>
      <trkpt lon="-77.035500" lat="38.898726"><ele>18.451546</ele><time>2022-11-29T19:37:07Z</time><extensions><speed>1.278532</speed><course>88.816526</course><hAcc>2.855044</hAcc><vAcc>0.826957</vAcc></extensions></trkpt>
      <trkpt lon="-77.035486" lat="38.898726"><ele>18.406644</ele><time>2022-11-29T19:37:08Z</time><extensions><speed>1.137263</speed><course>88.815346</course><hAcc>2.856905</hAcc><vAcc>0.827018</vAcc></extensions></trkpt>
      <trkpt lon="-77.035472" lat="38.898726"><ele>18.358485</ele><time>2022-11-29T19:37:09Z</time><extensions><speed>1.286668</speed><course>88.816560</course><hAcc>2.878246</hAcc><vAcc>0.827039</vAcc></extensions></trkpt>
      <trkpt lon="-77.035457" lat="38.898726"><ele>18.314519</ele><time>2022-11-29T19:37:10Z</time><extensions><speed>1.419345</speed><course>88.818305</course><hAcc>2.922035</hAcc><vAcc>0.827040</vAcc></extensions></trkpt>
      <trkpt lon="-77.035440" lat="38.898727"><ele>18.259289</ele><time>2022-11-29T19:37:11Z</time><extensions><speed>1.490771</speed><course>88.820812</course><hAcc>2.966348</hAcc><vAcc>0.827024</vAcc></extensions></trkpt>
      <trkpt lon="-77.035423" lat="38.898727"><ele>18.205906</ele><time>2022-11-29T19:37:12Z</time><extensions><speed>1.496087</speed><course>88.818436</course><hAcc>2.952547</hAcc><vAcc>0.827012</vAcc></extensions></trkpt>
      <trkpt lon="-77.035405" lat="38.898727"><ele>18.150431</ele><time>2022-11-29T19:37:13Z</time><extensions><speed>1.515432</speed><course>88.818530</course><hAcc>2.953628</hAcc><vAcc>0.826993</vAcc></extensions></trkpt>
      <trkpt lon="-77.035388" lat="38.898727"><ele>18.102779</ele><time>2022-11-29T19:37:14Z</time><extensions><speed>1.528472</speed><course>88.818614</course><hAcc>2.936468</hAcc><vAcc>0.826968</vAcc></extensions></trkpt>
      <trkpt lon="-77.035370" lat="38.898728"><ele>18.066764</ele><time>2022-11-29T19:37:15Z</time><extensions><speed>1.519741</speed><course>88.818388</course><hAcc>2.911419</hAcc><vAcc>0.826939</vAcc></extensions></trkpt>
      <trkpt lon="-77.035353" lat="38.898728"><ele>18.020305</ele><time>2022-11-29T19:37:16Z</time><extensions><speed>1.500250</speed><course>88.818657</course><hAcc>2.903909</hAcc><vAcc>0.826907</vAcc></extensions></trkpt>
      <trkpt lon="-77.035336" lat="38.898728"><ele>17.980888</ele><time>2022-11-29T19:37:17Z</time><extensions><speed>1.527344</speed><course>88.819030</course><hAcc>2.906617</hAcc><vAcc>0.826886</vAcc></extensions></trkpt>
      <trkpt lon="-77.035318" lat="38.898728"><ele>17.939644</ele><time>2022-11-29T19:37:18Z</time><extensions><speed>1.534762</speed><course>88.819284</course><hAcc>2.902993</hAcc><vAcc>0.826859</vAcc></extensions></trkpt>
      <trkpt lon="-77.035301" lat="38.898729"><ele>17.909879</ele><time>2022-11-29T19:37:19Z</time><extensions><speed>1.532264</speed><course>88.819365</course><hAcc>2.886097</hAcc><vAcc>0.826836</vAcc></extensions></trkpt>
      <trkpt lon="-77.035283" lat="38.898729"><ele>17.887045</ele><time>2022-11-29T19:37:20Z</time><extensions><speed>1.522051</speed><course>88.819761</course><hAcc>2.875066</hAcc><vAcc>0.826822</vAcc></extensions></trkpt>
      <trkpt lon="-77.035266" lat="38.898729"><ele>17.872817</ele><time>2022-11-29T19:37:21Z</time><extensions><speed>1.517036</speed><course>88.822227</course><hAcc>2.864245</hAcc><vAcc>0.826803</vAcc></extensions></trkpt>
      <trkpt lon="-77.035249" lat="38.898730"><ele>17.854063</ele><time>2022-11-29T19:37:22Z</time><extensions><speed>1.517526</speed><course>88.834313</course><hAcc>2.857173</hAcc><vAcc>0.826780</vAcc></extensions></trkpt>
      <trkpt lon="-77.035232" lat="38.898730"><ele>17.843251</ele><time>2022-11-29T19:37:23Z</time><extensions><speed>1.514373</speed><course>88.896483</course><hAcc>2.847103</hAcc><vAcc>0.826757</vAcc></extensions></trkpt>
      <trkpt lon="-77.035215" lat="38.898730"><ele>17.835084</ele><time>2022-11-29T19:37:24Z</time><extensions><speed>1.485587</speed><course>89.199065</course><hAcc>2.828809</hAcc><vAcc>0.826749</vAcc></extensions></trkpt>
      <trkpt lon="-77.035198" lat="38.898730"><ele>17.832250</ele><time>2022-11-29T19:37:25Z</time><extensions><speed>1.449114</speed><course>89.291824</course><hAcc>2.821432</hAcc><vAcc>0.826747</vAcc></extensions></trkpt>
      <trkpt lon="-77.035182" lat="38.898730"><ele>17.819394</ele><time>2022-11-29T19:37:26Z</time><extensions><speed>1.419339</speed><course>89.323037</course><hAcc>2.833326</hAcc><vAcc>0.826760</vAcc></extensions></trkpt>
      <trkpt lon="-77.035165" lat="38.898731"><ele>17.818054</ele><time>2022-11-29T19:37:27Z</time><extensions><speed>1.469382</speed><course>89.339281</course><hAcc>2.858079</hAcc><vAcc>0.826782</vAcc></extensions></trkpt>
      <trkpt lon="-77.035149" lat="38.898731"><ele>17.816399</ele><time>2022-11-29T19:37:28Z</time><extensions><speed>1.461611</speed><course>89.338138</course><hAcc>2.824121</hAcc><vAcc>0.826824</vAcc></extensions></trkpt>
      <trkpt lon="-77.035133" lat="38.898731"><ele>17.819076</ele><time>2022-11-29T19:37:29Z</time><extensions><speed>1.434841</speed><course>89.329701</course><hAcc>2.784022</hAcc><vAcc>0.826874</vAcc></extensions></trkpt>
      <trkpt lon="-77.035117" lat="38.898731"><ele>17.810969</ele><time>2022-11-29T19:37:29Z</time><extensions><speed>1.426223</speed><course>89.312710</course><hAcc>2.774858</hAcc><vAcc>0.826943</vAcc></extensions></trkpt>
      <trkpt lon="-77.035100" lat="38.898731"><ele>17.806519</ele><time>2022-11-29T19:37:30Z</time><extensions><speed>1.481306</speed><course>89.256497</course><hAcc>2.761277</hAcc><vAcc>0.827024</vAcc></extensions></trkpt>
      <trkpt lon="-77.035084" lat="38.898731"><ele>17.807076</ele><time>2022-11-29T19:37:31Z</time><extensions><speed>1.499951</speed><course>88.927798</course><hAcc>2.724845</hAcc><vAcc>0.827111</vAcc></extensions></trkpt>
      <trkpt lon="-77.035067" lat="38.898732"><ele>17.805487</ele><time>2022-11-29T19:37:32Z</time><extensions><speed>1.494826</speed><course>88.866281</course><hAcc>2.677236</hAcc><vAcc>0.827187</vAcc></extensions></trkpt>
      <trkpt lon="-77.035050" lat="38.898732"><ele>17.799024</ele><time>2022-11-29T19:37:33Z</time><extensions><speed>1.487401</speed><course>88.854762</course><hAcc>2.641358</hAcc><vAcc>0.827249</vAcc></extensions></trkpt>
      <trkpt lon="-77.035034" lat="38.898732"><ele>17.791071</ele><time>2022-11-29T19:37:34Z</time><extensions><speed>1.469130</speed><course>88.851152</course><hAcc>2.602616</hAcc><vAcc>0.827306</vAcc></extensions></trkpt>
      <trkpt lon="-77.035017" lat="38.898732"><ele>17.782312</ele><time>2022-11-29T19:37:35Z</time><extensions><speed>1.444439</speed><course>88.848655</course><hAcc>2.569827</hAcc><vAcc>0.827341</vAcc></extensions></trkpt>
      <trkpt lon="-77.035001" lat="38.898733"><ele>17.769209</ele><time>2022-11-29T19:37:36Z</time><extensions><speed>1.458471</speed><course>88.851155</course><hAcc>2.557055</hAcc><vAcc>0.827362</vAcc></extensions></trkpt>
      <trkpt lon="-77.034984" lat="38.898733"><ele>17.757520</ele><time>2022-11-29T19:37:37Z</time><extensions><speed>1.448088</speed><course>88.851342</course><hAcc>2.539230</hAcc><vAcc>0.827365</vAcc></extensions></trkpt>
      <trkpt lon="-77.034968" lat="38.898733"><ele>17.742903</ele><time>2022-11-29T19:37:38Z</time><extensions><speed>1.423245</speed><course>88.848599</course><hAcc>2.518867</hAcc><vAcc>0.827349</vAcc></extensions></trkpt>
      <trkpt lon="-77.034951" lat="38.898733"><ele>17.725332</ele><time>2022-11-29T19:37:39Z</time><extensions><speed>1.435344</speed><course>88.853062</course><hAcc>2.536345</hAcc><vAcc>0.827322</vAcc></extensions></trkpt>
      <trkpt lon="-77.034935" lat="38.898734"><ele>17.703886</ele><time>2022-11-29T19:37:40Z</time><extensions><speed>1.408545</speed><course>88.854518</course><hAcc>2.536181</hAcc><vAcc>0.827299</vAcc></extensions></trkpt>
      <trkpt lon="-77.034919" lat="38.898734"><ele>17.683932</ele><time>2022-11-29T19:37:41Z</time><extensions><speed>1.321032</speed><course>88.855732</course><hAcc>2.503829</hAcc><vAcc>0.827260</vAcc></extensions></trkpt>
      <trkpt lon="-77.034904" lat="38.898734"><ele>17.668897</ele><time>2022-11-29T19:37:42Z</time><extensions><speed>1.295727</speed><course>88.867764</course><hAcc>2.489914</hAcc><vAcc>0.827221</vAcc></extensions></trkpt>
      <trkpt lon="-77.034890" lat="38.898734"><ele>17.647059</ele><time>2022-11-29T19:37:43Z</time><extensions><speed>1.272691</speed><course>88.898242</course><hAcc>2.496838</hAcc><vAcc>0.827197</vAcc></extensions></trkpt>
      <trkpt lon="-77.034875" lat="38.898735"><ele>17.626086</ele><time>2022-11-29T19:37:44Z</time><extensions><speed>1.247820</speed><course>88.913531</course><hAcc>2.511350</hAcc><vAcc>0.827178</vAcc></extensions></trkpt>
      <trkpt lon="-77.034861" lat="38.898735"><ele>17.606794</ele><time>2022-11-29T19:37:45Z</time><extensions><speed>1.159732</speed><course>88.920816</course><hAcc>2.521010</hAcc><vAcc>0.827176</vAcc></extensions></trkpt>
      <trkpt lon="-77.034848" lat="38.898735"><ele>17.589172</ele><time>2022-11-29T19:37:46Z</time><extensions><speed>1.215889</speed><course>88.926159</course><hAcc>2.523123</hAcc><vAcc>0.827194</vAcc></extensions></trkpt>
      <trkpt lon="-77.034834" lat="38.898735"><ele>17.590626</ele><time>2022-11-29T19:37:47Z</time><extensions><speed>1.192797</speed><course>88.928837</course><hAcc>2.519758</hAcc><vAcc>0.827223</vAcc></extensions></trkpt>
      <trkpt lon="-77.034820" lat="38.898735"><ele>17.602316</ele><time>2022-11-29T19:37:48Z</time><extensions><speed>1.275675</speed><course>88.931158</course><hAcc>2.533549</hAcc><vAcc>0.827250</vAcc></extensions></trkpt>
      <trkpt lon="-77.034805" lat="38.898736"><ele>17.601844</ele><time>2022-11-29T19:37:49Z</time><extensions><speed>1.395159</speed><course>88.933590</course><hAcc>2.575914</hAcc><vAcc>0.827282</vAcc></extensions></trkpt>
      <trkpt lon="-77.034788" lat="38.898736"><ele>17.593780</ele><time>2022-11-29T19:37:50Z</time><extensions><speed>1.444714</speed><course>88.936972</course><hAcc>2.600837</hAcc><vAcc>0.827320</vAcc></extensions></trkpt>
      <trkpt lon="-77.034772" lat="38.898736"><ele>17.584561</ele><time>2022-11-29T19:37:51Z</time><extensions><speed>1.433598</speed><course>88.953428</course><hAcc>2.589324</hAcc><vAcc>0.827366</vAcc></extensions></trkpt>
      <trkpt lon="-77.034756" lat="38.898736"><ele>17.560223</ele><time>2022-11-29T19:37:52Z</time><extensions><speed>1.360358</speed><course>89.039945</course><hAcc>2.550680</hAcc><vAcc>0.827407</vAcc></extensions></trkpt>
      <trkpt lon="-77.034741" lat="38.898737"><ele>17.530000</ele><time>2022-11-29T19:37:53Z</time><extensions><speed>1.290994</speed><course>89.077720</course><hAcc>2.542580</hAcc><vAcc>0.827439</vAcc></extensions></trkpt>
      <trkpt lon="-77.034726" lat="38.898737"><ele>17.501437</ele><time>2022-11-29T19:37:54Z</time><extensions><speed>1.267881</speed><course>89.094925</course><hAcc>2.561622</hAcc><vAcc>0.827458</vAcc></extensions></trkpt>
      <trkpt lon="-77.034711" lat="38.898737"><ele>17.466521</ele><time>2022-11-29T19:37:55Z</time><extensions><speed>1.313020</speed><course>89.102564</course><hAcc>2.600136</hAcc><vAcc>0.827491</vAcc></extensions></trkpt>
      <trkpt lon="-77.034696" lat="38.898737"><ele>17.433355</ele><time>2022-11-29T19:37:56Z</time><extensions><speed>1.352031</speed><course>89.105317</course><hAcc>2.654472</hAcc><vAcc>0.827523</vAcc></extensions></trkpt>
      <trkpt lon="-77.034680" lat="38.898737"><ele>17.394157</ele><time>2022-11-29T19:37:57Z</time><extensions><speed>1.370122</speed><course>89.105828</course><hAcc>2.709990</hAcc><vAcc>0.827556</vAcc></extensions></trkpt>
      <trkpt lon="-77.034665" lat="38.898737"><ele>17.355224</ele><time>2022-11-29T19:37:58Z</time><extensions><speed>1.344578</speed><course>89.105953</course><hAcc>2.738241</hAcc><vAcc>0.827578</vAcc></extensions></trkpt>
      <trkpt lon="-77.034649" lat="38.898738"><ele>17.315408</ele><time>2022-11-29T19:37:59Z</time><extensions><speed>1.289085</speed><course>89.106213</course><hAcc>2.748385</hAcc><vAcc>0.827602</vAcc></extensions></trkpt>
      <trkpt lon="-77.034635" lat="38.898738"><ele>17.277563</ele><time>2022-11-29T19:38:00Z</time><extensions><speed>1.219286</speed><course>89.106568</course><hAcc>2.771997</hAcc><vAcc>0.827630</vAcc></extensions></trkpt>
      <trkpt lon="-77.034621" lat="38.898738"><ele>17.236697</ele><time>2022-11-29T19:38:01Z</time><extensions><speed>1.174879</speed><course>89.105985</course><hAcc>2.803995</hAcc><vAcc>0.827651</vAcc></extensions></trkpt>
      <trkpt lon="-77.034607" lat="38.898738"><ele>17.198188</ele><time>2022-11-29T19:38:02Z</time><extensions><speed>1.127720</speed><course>89.105436</course><hAcc>2.808179</hAcc><vAcc>0.827664</vAcc></extensions></trkpt>
      <trkpt lon="-77.034594" lat="38.898738"><ele>17.155779</ele><time>2022-11-29T19:38:03Z</time><extensions><speed>1.163191</speed><course>89.104240</course><hAcc>2.807758</hAcc><vAcc>0.827670</vAcc></extensions></trkpt>
      <trkpt lon="-77.034580" lat="38.898739"><ele>17.125166</ele><time>2022-11-29T19:38:04Z</time><extensions><speed>1.212479</speed><course>89.102294</course><hAcc>2.812517</hAcc><vAcc>0.827667</vAcc></extensions></trkpt>
      <trkpt lon="-77.034565" lat="38.898739"><ele>17.091480</ele><time>2022-11-29T19:38:05Z</time><extensions><speed>1.195726</speed><course>89.099415</course><hAcc>2.827257</hAcc><vAcc>0.833447</vAcc></extensions></trkpt>
      <trkpt lon="-77.034551" lat="38.898739"><ele>17.062811</ele><time>2022-11-29T19:38:06Z</time><extensions><speed>1.189507</speed><course>89.094420</course><hAcc>2.845559</hAcc><vAcc>0.843316</vAcc></extensions></trkpt>
      <trkpt lon="-77.034538" lat="38.898739"><ele>17.039345</ele><time>2022-11-29T19:38:07Z</time><extensions><speed>1.148352</speed><course>89.085500</course><hAcc>2.867517</hAcc><vAcc>0.858614</vAcc></extensions></trkpt>
      <trkpt lon="-77.034524" lat="38.898739"><ele>17.019390</ele><time>2022-11-29T19:38:08Z</time><extensions><speed>1.251059</speed><course>89.070553</course><hAcc>2.888622</hAcc><vAcc>0.880606</vAcc></extensions></trkpt>
      <trkpt lon="-77.034508" lat="38.898739"><ele>17.002391</ele><time>2022-11-29T19:38:09Z</time><extensions><speed>1.361776</speed><course>89.042212</course><hAcc>2.910104</hAcc><vAcc>0.910309</vAcc></extensions></trkpt>
      <trkpt lon="-77.034492" lat="38.898740"><ele>16.986890</ele><time>2022-11-29T19:38:10Z</time><extensions><speed>1.396151</speed><course>88.981604</course><hAcc>2.936931</hAcc><vAcc>0.948324</vAcc></extensions></trkpt>
      <trkpt lon="-77.034476" lat="38.898740"><ele>16.972983</ele><time>2022-11-29T19:38:11Z</time><extensions><speed>1.365791</speed><course>88.953890</course><hAcc>2.974912</hAcc><vAcc>0.994715</vAcc></extensions></trkpt>
      <trkpt lon="-77.034460" lat="38.898740"><ele>16.961456</ele><time>2022-11-29T19:38:12Z</time><extensions><speed>1.369380</speed><course>88.939354</course><hAcc>3.019976</hAcc><vAcc>1.048956</vAcc></extensions></trkpt>
      <trkpt lon="-77.034444" lat="38.898740"><ele>16.947628</ele><time>2022-11-29T19:38:13Z</time><extensions><speed>1.366250</speed><course>88.930256</course><hAcc>3.001058</hAcc><vAcc>1.109923</vAcc></extensions></trkpt>
      <trkpt lon="-77.034424" lat="38.898744"><ele>16.883449</ele><time>2022-11-29T19:38:14Z</time><extensions><speed>1.400278</speed><course>88.751781</course><hAcc>2.697924</hAcc><vAcc>1.064269</vAcc></extensions></trkpt>
      <trkpt lon="-77.034408" lat="38.898744"><ele>16.862855</ele><time>2022-11-29T19:38:15Z</time><extensions><speed>1.401881</speed><course>88.770781</course><hAcc>2.605243</hAcc><vAcc>1.114571</vAcc></extensions></trkpt>
      <trkpt lon="-77.034391" lat="38.898745"><ele>16.841665</ele><time>2022-11-29T19:38:16Z</time><extensions><speed>1.403777</speed><course>88.809913</course><hAcc>2.538948</hAcc><vAcc>1.166331</vAcc></extensions></trkpt>
      <trkpt lon="-77.034375" lat="38.898745"><ele>16.819506</ele><time>2022-11-29T19:38:17Z</time><extensions><speed>1.406576</speed><course>88.878109</course><hAcc>2.494080</hAcc><vAcc>1.218017</vAcc></extensions></trkpt>
      <trkpt lon="-77.034359" lat="38.898745"><ele>16.796603</ele><time>2022-11-29T19:38:18Z</time><extensions><speed>1.408097</speed><course>88.983219</course><hAcc>2.465946</hAcc><vAcc>1.268452</vAcc></extensions></trkpt>
      <trkpt lon="-77.034343" lat="38.898745"><ele>16.772926</ele><time>2022-11-29T19:38:19Z</time><extensions><speed>1.408120</speed><course>89.121925</course><hAcc>2.450435</hAcc><vAcc>1.316777</vAcc></extensions></trkpt>
      <trkpt lon="-77.034326" lat="38.898746"><ele>16.748450</ele><time>2022-11-29T19:38:20Z</time><extensions><speed>1.406898</speed><course>89.281476</course><hAcc>2.444105</hAcc><vAcc>1.362396</vAcc></extensions></trkpt>
      <trkpt lon="-77.034310" lat="38.898746"><ele>16.723293</ele><time>2022-11-29T19:38:21Z</time><extensions><speed>1.404964</speed><course>89.474918</course><hAcc>2.444115</hAcc><vAcc>1.404930</vAcc></extensions></trkpt>
      <trkpt lon="-77.034294" lat="38.898746"><ele>16.697277</ele><time>2022-11-29T19:38:22Z</time><extensions><speed>1.401996</speed><course>89.709809</course><hAcc>2.448219</hAcc><vAcc>1.444162</vAcc></extensions></trkpt>
      <trkpt lon="-77.034277" lat="38.898746"><ele>16.670596</ele><time>2022-11-29T19:38:23Z</time><extensions><speed>1.398377</speed><course>89.994045</course><hAcc>2.454686</hAcc><vAcc>1.480005</vAcc></extensions></trkpt>
      <trkpt lon="-77.034261" lat="38.898746"><ele>16.642846</ele><time>2022-11-29T19:38:24Z</time><extensions><speed>1.394543</speed><course>90.324220</course><hAcc>2.462234</hAcc><vAcc>1.512466</vAcc></extensions></trkpt>
      <trkpt lon="-77.034245" lat="38.898746"><ele>16.614462</ele><time>2022-11-29T19:38:25Z</time><extensions><speed>1.390140</speed><course>90.709872</course><hAcc>2.469929</hAcc><vAcc>1.541618</vAcc></extensions></trkpt>
      <trkpt lon="-77.034229" lat="38.898746"><ele>16.585052</ele><time>2022-11-29T19:38:26Z</time><extensions><speed>1.385331</speed><course>91.144912</course><hAcc>2.477131</hAcc><vAcc>1.567583</vAcc></extensions></trkpt>
      <trkpt lon="-77.034213" lat="38.898745"><ele>16.554462</ele><time>2022-11-29T19:38:27Z</time><extensions><speed>1.380868</speed><course>91.640344</course><hAcc>2.483419</hAcc><vAcc>1.590515</vAcc></extensions></trkpt>
      <trkpt lon="-77.034197" lat="38.898745"><ele>16.523445</ele><time>2022-11-29T19:38:28Z</time><extensions><speed>1.376278</speed><course>92.199078</course><hAcc>2.488542</hAcc><vAcc>1.610583</vAcc></extensions></trkpt>
      <trkpt lon="-77.034181" lat="38.898744"><ele>16.491327</ele><time>2022-11-29T19:38:29Z</time><extensions><speed>1.371477</speed><course>92.827865</course><hAcc>2.492351</hAcc><vAcc>1.627967</vAcc></extensions></trkpt>
      <trkpt lon="-77.034166" lat="38.898744"><ele>16.458492</ele><time>2022-11-29T19:38:30Z</time><extensions><speed>1.366030</speed><course>93.532579</course><hAcc>2.494776</hAcc><vAcc>1.642844</vAcc></extensions></trkpt>
      <trkpt lon="-77.034150" lat="38.898743"><ele>16.425370</ele><time>2022-11-29T19:38:31Z</time><extensions><speed>1.360147</speed><course>94.315646</course><hAcc>2.495784</hAcc><vAcc>1.655386</vAcc></extensions></trkpt>
      <trkpt lon="-77.034134" lat="38.898742"><ele>16.391481</ele><time>2022-11-29T19:38:32Z</time><extensions><speed>1.353935</speed><course>95.188407</course><hAcc>2.495356</hAcc><vAcc>1.665754</vAcc></extensions></trkpt>
      <trkpt lon="-77.034119" lat="38.898741"><ele>16.357113</ele><time>2022-11-29T19:38:33Z</time><extensions><speed>1.347265</speed><course>96.158376</course><hAcc>2.493472</hAcc><vAcc>1.674095</vAcc></extensions></trkpt>
      <trkpt lon="-77.034103" lat="38.898739"><ele>16.322241</ele><time>2022-11-29T19:38:34Z</time><extensions><speed>1.340331</speed><course>97.236675</course><hAcc>2.490155</hAcc><vAcc>1.680537</vAcc></extensions></trkpt>
      <trkpt lon="-77.034088" lat="38.898738"><ele>16.287036</ele><time>2022-11-29T19:38:35Z</time><extensions><speed>1.333450</speed><course>98.421975</course><hAcc>2.485386</hAcc><vAcc>1.685193</vAcc></extensions></trkpt>
      <trkpt lon="-77.034073" lat="38.898736"><ele>16.251783</ele><time>2022-11-29T19:38:36Z</time><extensions><speed>1.327301</speed><course>99.736142</course><hAcc>2.479140</hAcc><vAcc>1.688154</vAcc></extensions></trkpt>
      <trkpt lon="-77.034058" lat="38.898734"><ele>16.216000</ele><time>2022-11-29T19:38:37Z</time><extensions><speed>1.321358</speed><course>101.168939</course><hAcc>2.471418</hAcc><vAcc>1.689494</vAcc></extensions></trkpt>
      <trkpt lon="-77.034043" lat="38.898731"><ele>16.179874</ele><time>2022-11-29T19:38:38Z</time><extensions><speed>1.315894</speed><course>102.722402</course><hAcc>2.462189</hAcc><vAcc>1.689268</vAcc></extensions></trkpt>
      <trkpt lon="-77.034028" lat="38.898729"><ele>16.143616</ele><time>2022-11-29T19:38:39Z</time><extensions><speed>1.310551</speed><course>104.405815</course><hAcc>2.451366</hAcc><vAcc>1.687513</vAcc></extensions></trkpt>
      <trkpt lon="-77.034014" lat="38.898725"><ele>16.107050</ele><time>2022-11-29T19:38:40Z</time><extensions><speed>1.304572</speed><course>106.242225</course><hAcc>2.438807</hAcc><vAcc>1.684253</vAcc></extensions></trkpt>
      <trkpt lon="-77.033999" lat="38.898722"><ele>16.070315</ele><time>2022-11-29T19:38:41Z</time><extensions><speed>1.298268</speed><course>108.259153</course><hAcc>2.424316</hAcc><vAcc>1.679497</vAcc></extensions></trkpt>
      <trkpt lon="-77.033985" lat="38.898718"><ele>16.033136</ele><time>2022-11-29T19:38:42Z</time><extensions><speed>1.291686</speed><course>110.448132</course><hAcc>2.407700</hAcc><vAcc>1.673248</vAcc></extensions></trkpt>
      <trkpt lon="-77.033971" lat="38.898714"><ele>15.995464</ele><time>2022-11-29T19:38:43Z</time><extensions><speed>1.285291</speed><course>112.893148</course><hAcc>2.388706</hAcc><vAcc>1.665495</vAcc></extensions></trkpt>
      <trkpt lon="-77.033958" lat="38.898709"><ele>15.957386</ele><time>2022-11-29T19:38:44Z</time><extensions><speed>1.280662</speed><course>115.587441</course><hAcc>2.367222</hAcc><vAcc>1.656244</vAcc></extensions></trkpt>
      <trkpt lon="-77.033945" lat="38.898704"><ele>15.918597</ele><time>2022-11-29T19:38:45Z</time><extensions><speed>1.277822</speed><course>118.443816</course><hAcc>2.343308</hAcc><vAcc>1.645499</vAcc></extensions></trkpt>
      <trkpt lon="-77.033932" lat="38.898698"><ele>15.878901</ele><time>2022-11-29T19:38:46Z</time><extensions><speed>1.276728</speed><course>121.459249</course><hAcc>2.317083</hAcc><vAcc>1.633282</vAcc></extensions></trkpt>
      <trkpt lon="-77.033920" lat="38.898692"><ele>15.838268</ele><time>2022-11-29T19:38:47Z</time><extensions><speed>1.279350</speed><course>124.559068</course><hAcc>2.288663</hAcc><vAcc>1.619639</vAcc></extensions></trkpt>
      <trkpt lon="-77.033908" lat="38.898685"><ele>15.796615</ele><time>2022-11-29T19:38:48Z</time><extensions><speed>1.285540</speed><course>127.733362</course><hAcc>2.258172</hAcc><vAcc>1.604653</vAcc></extensions></trkpt>
      <trkpt lon="-77.033896" lat="38.898678"><ele>15.753835</ele><time>2022-11-29T19:38:49Z</time><extensions><speed>1.293369</speed><course>131.042877</course><hAcc>2.225775</hAcc><vAcc>1.588455</vAcc></extensions></trkpt>
      <trkpt lon="-77.033885" lat="38.898670"><ele>15.709801</ele><time>2022-11-29T19:38:50Z</time><extensions><speed>1.303519</speed><course>134.481775</course><hAcc>2.191723</hAcc><vAcc>1.571241</vAcc></extensions></trkpt>
      <trkpt lon="-77.033875" lat="38.898661"><ele>15.664010</ele><time>2022-11-29T19:38:51Z</time><extensions><speed>1.316272</speed><course>137.996893</course><hAcc>2.156411</hAcc><vAcc>1.553286</vAcc></extensions></trkpt>
      <trkpt lon="-77.033865" lat="38.898652"><ele>15.617010</ele><time>2022-11-29T19:38:52Z</time><extensions><speed>1.333121</speed><course>141.632269</course><hAcc>2.120390</hAcc><vAcc>1.534963</vAcc></extensions></trkpt>
      <trkpt lon="-77.033856" lat="38.898642"><ele>15.568852</ele><time>2022-11-29T19:38:53Z</time><extensions><speed>1.352680</speed><course>145.289744</course><hAcc>2.084482</hAcc><vAcc>1.516762</vAcc></extensions></trkpt>
      <trkpt lon="-77.033847" lat="38.898632"><ele>15.519560</ele><time>2022-11-29T19:38:54Z</time><extensions><speed>1.374552</speed><course>148.986823</course><hAcc>2.049776</hAcc><vAcc>1.499298</vAcc></extensions></trkpt>
      <trkpt lon="-77.033839" lat="38.898621"><ele>15.469209</ele><time>2022-11-29T19:38:55Z</time><extensions><speed>1.398033</speed><course>152.717886</course><hAcc>2.017598</hAcc><vAcc>1.483327</vAcc></extensions></trkpt>
      <trkpt lon="-77.033832" lat="38.898610"><ele>15.417786</ele><time>2022-11-29T19:38:56Z</time><extensions><speed>1.420532</speed><course>156.065321</course><hAcc>1.989495</hAcc><vAcc>1.469740</vAcc></extensions></trkpt>
      <trkpt lon="-77.033826" lat="38.898598"><ele>15.366056</ele><time>2022-11-29T19:38:57Z</time><extensions><speed>1.440644</speed><course>159.055154</course><hAcc>1.967225</hAcc><vAcc>1.459548</vAcc></extensions></trkpt>
      <trkpt lon="-77.033821" lat="38.898586"><ele>15.313745</ele><time>2022-11-29T19:38:59Z</time><extensions><speed>1.456406</speed><course>161.721096</course><hAcc>1.952697</hAcc><vAcc>1.453843</vAcc></extensions></trkpt>
      <trkpt lon="-77.033816" lat="38.898573"><ele>15.261696</ele><time>2022-11-29T19:39:00Z</time><extensions><speed>1.468924</speed><course>164.091889</course><hAcc>1.947661</hAcc><vAcc>1.453436</vAcc></extensions></trkpt>
      <trkpt lon="-77.033811" lat="38.898560"><ele>15.209998</ele><time>2022-11-29T19:39:01Z</time><extensions><speed>1.479427</speed><course>166.224919</course><hAcc>1.952757</hAcc><vAcc>1.458351</vAcc></extensions></trkpt>
      <trkpt lon="-77.033807" lat="38.898547"><ele>15.158547</ele><time>2022-11-29T19:39:02Z</time><extensions><speed>1.487934</speed><course>168.122703</course><hAcc>1.967197</hAcc><vAcc>1.467871</vAcc></extensions></trkpt>
      <trkpt lon="-77.033804" lat="38.898534"><ele>15.107776</ele><time>2022-11-29T19:39:03Z</time><extensions><speed>1.494587</speed><course>169.808593</course><hAcc>1.989182</hAcc><vAcc>1.480976</vAcc></extensions></trkpt>
      <trkpt lon="-77.033801" lat="38.898521"><ele>15.057353</ele><time>2022-11-29T19:39:04Z</time><extensions><speed>1.499589</speed><course>171.307556</course><hAcc>2.016699</hAcc><vAcc>1.496648</vAcc></extensions></trkpt>
      <trkpt lon="-77.033799" lat="38.898507"><ele>15.007287</ele><time>2022-11-29T19:39:05Z</time><extensions><speed>1.503083</speed><course>172.644014</course><hAcc>2.047926</hAcc><vAcc>1.513983</vAcc></extensions></trkpt>
      <trkpt lon="-77.033797" lat="38.898494"><ele>14.957848</ele><time>2022-11-29T19:39:06Z</time><extensions><speed>1.504837</speed><course>173.823886</course><hAcc>2.081335</hAcc><vAcc>1.532212</vAcc></extensions></trkpt>
      <trkpt lon="-77.033795" lat="38.898480"><ele>14.909025</ele><time>2022-11-29T19:39:07Z</time><extensions><speed>1.504150</speed><course>174.875183</course><hAcc>2.115712</hAcc><vAcc>1.550708</vAcc></extensions></trkpt>
      <trkpt lon="-77.033794" lat="38.898467"><ele>14.861003</ele><time>2022-11-29T19:39:08Z</time><extensions><speed>1.501453</speed><course>175.813936</course><hAcc>2.150022</hAcc><vAcc>1.568976</vAcc></extensions></trkpt>
      <trkpt lon="-77.033793" lat="38.898453"><ele>14.813611</ele><time>2022-11-29T19:39:09Z</time><extensions><speed>1.496865</speed><course>176.647777</course><hAcc>2.183403</hAcc><vAcc>1.586640</vAcc></extensions></trkpt>
      <trkpt lon="-77.033792" lat="38.898440"><ele>14.767035</ele><time>2022-11-29T19:39:10Z</time><extensions><speed>1.492031</speed><course>177.386911</course><hAcc>2.215184</hAcc><vAcc>1.603430</vAcc></extensions></trkpt>
      <trkpt lon="-77.033791" lat="38.898427"><ele>14.721446</ele><time>2022-11-29T19:39:11Z</time><extensions><speed>1.487322</speed><course>178.035970</course><hAcc>2.244930</hAcc><vAcc>1.619159</vAcc></extensions></trkpt>
      <trkpt lon="-77.033791" lat="38.898413"><ele>14.677047</ele><time>2022-11-29T19:39:12Z</time><extensions><speed>1.481881</speed><course>178.604242</course><hAcc>2.272430</hAcc><vAcc>1.633714</vAcc></extensions></trkpt>
      <trkpt lon="-77.033790" lat="38.898400"><ele>14.633628</ele><time>2022-11-29T19:39:13Z</time><extensions><speed>1.475345</speed><course>179.098989</course><hAcc>2.297594</hAcc><vAcc>1.647038</vAcc></extensions></trkpt>
      <trkpt lon="-77.033790" lat="38.898387"><ele>14.591567</ele><time>2022-11-29T19:39:14Z</time><extensions><speed>1.468075</speed><course>179.527672</course><hAcc>2.320438</hAcc><vAcc>1.659117</vAcc></extensions></trkpt>
      <trkpt lon="-77.033790" lat="38.898373"><ele>14.550683</ele><time>2022-11-29T19:39:15Z</time><extensions><speed>1.461047</speed><course>179.896779</course><hAcc>2.341046</hAcc><vAcc>1.669974</vAcc></extensions></trkpt>
      <trkpt lon="-77.033790" lat="38.898360"><ele>14.511096</ele><time>2022-11-29T19:39:16Z</time><extensions><speed>1.454420</speed><course>180.211434</course><hAcc>2.359533</hAcc><vAcc>1.679653</vAcc></extensions></trkpt>
      <trkpt lon="-77.033790" lat="38.898347"><ele>14.472966</ele><time>2022-11-29T19:39:17Z</time><extensions><speed>1.448964</speed><course>180.476027</course><hAcc>2.376019</hAcc><vAcc>1.688217</vAcc></extensions></trkpt>
      <trkpt lon="-77.033790" lat="38.898334"><ele>14.436173</ele><time>2022-11-29T19:39:18Z</time><extensions><speed>1.443909</speed><course>180.695088</course><hAcc>2.390631</hAcc><vAcc>1.695742</vAcc></extensions></trkpt>
      <trkpt lon="-77.033790" lat="38.898321"><ele>14.400946</ele><time>2022-11-29T19:39:19Z</time><extensions><speed>1.439505</speed><course>180.874544</course><hAcc>2.403512</hAcc><vAcc>1.702308</vAcc></extensions></trkpt>
      <trkpt lon="-77.033791" lat="38.898308"><ele>14.366591</ele><time>2022-11-29T19:39:20Z</time><extensions><speed>1.435355</speed><course>181.016904</course><hAcc>2.414807</hAcc><vAcc>1.708000</vAcc></extensions></trkpt>
      <trkpt lon="-77.033791" lat="38.898295"><ele>14.333460</ele><time>2022-11-29T19:39:21Z</time><extensions><speed>1.431911</speed><course>181.125575</course><hAcc>2.424641</hAcc><vAcc>1.712902</vAcc></extensions></trkpt>
      <trkpt lon="-77.033791" lat="38.898282"><ele>14.301470</ele><time>2022-11-29T19:39:22Z</time><extensions><speed>1.428877</speed><course>181.204451</course><hAcc>2.433117</hAcc><vAcc>1.717097</vAcc></extensions></trkpt>
      <trkpt lon="-77.033792" lat="38.898270"><ele>14.270659</ele><time>2022-11-29T19:39:23Z</time><extensions><speed>1.425750</speed><course>181.256660</course><hAcc>2.440300</hAcc><vAcc>1.720663</vAcc></extensions></trkpt>
      <trkpt lon="-77.033792" lat="38.898257"><ele>14.240646</ele><time>2022-11-29T19:39:24Z</time><extensions><speed>1.422992</speed><course>181.284913</course><hAcc>2.446185</hAcc><vAcc>1.723676</vAcc></extensions></trkpt>
      <trkpt lon="-77.033793" lat="38.898244"><ele>14.211678</ele><time>2022-11-29T19:39:25Z</time><extensions><speed>1.420210</speed><course>181.300892</course><hAcc>2.450786</hAcc><vAcc>1.726205</vAcc></extensions></trkpt>
      <trkpt lon="-77.033793" lat="38.898231"><ele>14.183685</ele><time>2022-11-29T19:39:26Z</time><extensions><speed>1.418299</speed><course>181.297786</course><hAcc>2.454350</hAcc><vAcc>1.728313</vAcc></extensions></trkpt>
      <trkpt lon="-77.033793" lat="38.898218"><ele>14.156445</ele><time>2022-11-29T19:39:27Z</time><extensions><speed>1.416759</speed><course>181.278903</course><hAcc>2.457089</hAcc><vAcc>1.730057</vAcc></extensions></trkpt>
      <trkpt lon="-77.033794" lat="38.898206"><ele>14.130084</ele><time>2022-11-29T19:39:28Z</time><extensions><speed>1.416501</speed><course>181.245580</course><hAcc>2.459190</hAcc><vAcc>1.731489</vAcc></extensions></trkpt>
      <trkpt lon="-77.033794" lat="38.898193"><ele>14.104968</ele><time>2022-11-29T19:39:29Z</time><extensions><speed>1.417386</speed><course>181.202018</course><hAcc>2.460777</hAcc><vAcc>1.732656</vAcc></extensions></trkpt>
      <trkpt lon="-77.033794" lat="38.898180"><ele>14.080439</ele><time>2022-11-29T19:39:30Z</time><extensions><speed>1.418518</speed><course>181.151692</course><hAcc>2.461943</hAcc><vAcc>1.733599</vAcc></extensions></trkpt>
      <trkpt lon="-77.033795" lat="38.898167"><ele>14.056997</ele><time>2022-11-29T19:39:31Z</time><extensions><speed>1.419132</speed><course>181.096426</course><hAcc>2.462771</hAcc><vAcc>1.734352</vAcc></extensions></trkpt>
      <trkpt lon="-77.033795" lat="38.898154"><ele>14.034253</ele><time>2022-11-29T19:39:32Z</time><extensions><speed>1.419082</speed><course>181.038118</course><hAcc>2.463336</hAcc><vAcc>1.734948</vAcc></extensions></trkpt>
      <trkpt lon="-77.033795" lat="38.898142"><ele>14.012263</ele><time>2022-11-29T19:39:33Z</time><extensions><speed>1.417400</speed><course>180.978130</course><hAcc>2.463725</hAcc><vAcc>1.735414</vAcc></extensions></trkpt>
      <trkpt lon="-77.033796" lat="38.898129"><ele>13.990732</ele><time>2022-11-29T19:39:34Z</time><extensions><speed>1.415545</speed><course>180.915727</course><hAcc>2.464013</hAcc><vAcc>1.735773</vAcc></extensions></trkpt>
      <trkpt lon="-77.033796" lat="38.898116"><ele>13.969772</ele><time>2022-11-29T19:39:35Z</time><extensions><speed>1.412821</speed><course>180.851630</course><hAcc>2.464232</hAcc><vAcc>1.736044</vAcc></extensions></trkpt>
      <trkpt lon="-77.033796" lat="38.898103"><ele>13.949478</ele><time>2022-11-29T19:39:36Z</time><extensions><speed>1.409718</speed><course>180.786921</course><hAcc>2.464449</hAcc><vAcc>1.736245</vAcc></extensions></trkpt>
      <trkpt lon="-77.033796" lat="38.898091"><ele>13.929872</ele><time>2022-11-29T19:39:37Z</time><extensions><speed>1.406762</speed><course>180.721677</course><hAcc>2.464654</hAcc><vAcc>1.736390</vAcc></extensions></trkpt>
      <trkpt lon="-77.033796" lat="38.898078"><ele>13.910639</ele><time>2022-11-29T19:39:37Z</time><extensions><speed>1.404098</speed><course>180.656765</course><hAcc>2.464860</hAcc><vAcc>1.736491</vAcc></extensions></trkpt>
      <trkpt lon="-77.033797" lat="38.898065"><ele>13.891860</ele><time>2022-11-29T19:39:38Z</time><extensions><speed>1.401159</speed><course>180.592462</course><hAcc>2.465113</hAcc><vAcc>1.736557</vAcc></extensions></trkpt>
      <trkpt lon="-77.033797" lat="38.898053"><ele>13.873383</ele><time>2022-11-29T19:39:39Z</time><extensions><speed>1.398413</speed><course>180.528191</course><hAcc>2.465473</hAcc><vAcc>1.736598</vAcc></extensions></trkpt>
      <trkpt lon="-77.033797" lat="38.898040"><ele>13.855249</ele><time>2022-11-29T19:39:40Z</time><extensions><speed>1.394647</speed><course>180.465515</course><hAcc>2.465995</hAcc><vAcc>1.736620</vAcc></extensions></trkpt>
      <trkpt lon="-77.033797" lat="38.898027"><ele>13.837262</ele><time>2022-11-29T19:39:41Z</time><extensions><speed>1.390436</speed><course>180.403772</course><hAcc>2.466701</hAcc><vAcc>1.736629</vAcc></extensions></trkpt>
      <trkpt lon="-77.033797" lat="38.898015"><ele>13.819064</ele><time>2022-11-29T19:39:42Z</time><extensions><speed>1.385593</speed><course>180.343557</course><hAcc>2.467589</hAcc><vAcc>1.736628</vAcc></extensions></trkpt>
      <trkpt lon="-77.033797" lat="38.898002"><ele>13.800802</ele><time>2022-11-29T19:39:43Z</time><extensions><speed>1.382076</speed><course>180.284293</course><hAcc>2.468633</hAcc><vAcc>1.736623</vAcc></extensions></trkpt>
      <trkpt lon="-77.033797" lat="38.897990"><ele>13.782636</ele><time>2022-11-29T19:39:44Z</time><extensions><speed>1.378618</speed><course>180.226615</course><hAcc>2.469815</hAcc><vAcc>1.736614</vAcc></extensions></trkpt>
      <trkpt lon="-77.033797" lat="38.897977"><ele>13.763975</ele><time>2022-11-29T19:39:45Z</time><extensions><speed>1.376722</speed><course>180.169748</course><hAcc>2.471118</hAcc><vAcc>1.736605</vAcc></extensions></trkpt>
      <trkpt lon="-77.033797" lat="38.897965"><ele>13.744948</ele><time>2022-11-29T19:39:46Z</time><extensions><speed>1.376952</speed><course>180.113221</course><hAcc>2.472481</hAcc><vAcc>1.736595</vAcc></extensions></trkpt>
      <trkpt lon="-77.033797" lat="38.897952"><ele>13.725140</ele><time>2022-11-29T19:39:47Z</time><extensions><speed>1.379473</speed><course>180.057339</course><hAcc>2.473754</hAcc><vAcc>1.736588</vAcc></extensions></trkpt>
      <trkpt lon="-77.033797" lat="38.897940"><ele>13.704574</ele><time>2022-11-29T19:39:48Z</time><extensions><speed>1.384611</speed><course>180.002074</course><hAcc>2.474671</hAcc><vAcc>1.736583</vAcc></extensions></trkpt>
      <trkpt lon="-77.033797" lat="38.897927"><ele>13.683500</ele><time>2022-11-29T19:39:49Z</time><extensions><speed>1.391262</speed><course>179.951813</course><hAcc>2.474974</hAcc><vAcc>1.736580</vAcc></extensions></trkpt>
      <trkpt lon="-77.033797" lat="38.897914"><ele>13.661541</ele><time>2022-11-29T19:39:50Z</time><extensions><speed>1.396600</speed><course>179.902597</course><hAcc>2.474734</hAcc><vAcc>1.736579</vAcc></extensions></trkpt>
      <trkpt lon="-77.033797" lat="38.897902"><ele>13.638843</ele><time>2022-11-29T19:39:51Z</time><extensions><speed>1.399733</speed><course>179.855845</course><hAcc>2.474318</hAcc><vAcc>1.736582</vAcc></extensions></trkpt>
      <trkpt lon="-77.033797" lat="38.897889"><ele>13.615313</ele><time>2022-11-29T19:39:52Z</time><extensions><speed>1.400735</speed><course>179.810121</course><hAcc>2.473785</hAcc><vAcc>1.736586</vAcc></extensions></trkpt>
      <trkpt lon="-77.033797" lat="38.897876"><ele>13.590969</ele><time>2022-11-29T19:39:53Z</time><extensions><speed>1.400166</speed><course>179.764868</course><hAcc>2.473225</hAcc><vAcc>1.736594</vAcc></extensions></trkpt>
      <trkpt lon="-77.033797" lat="38.897864"><ele>13.565876</ele><time>2022-11-29T19:39:54Z</time><extensions><speed>1.398819</speed><course>179.719692</course><hAcc>2.472708</hAcc><vAcc>1.736604</vAcc></extensions></trkpt>
      <trkpt lon="-77.033797" lat="38.897851"><ele>13.539902</ele><time>2022-11-29T19:39:55Z</time><extensions><speed>1.396149</speed><course>179.674878</course><hAcc>2.472349</hAcc><vAcc>1.736616</vAcc></extensions></trkpt>
      <trkpt lon="-77.033797" lat="38.897838"><ele>13.513015</ele><time>2022-11-29T19:39:56Z</time><extensions><speed>1.393044</speed><course>179.629604</course><hAcc>2.472084</hAcc><vAcc>1.736631</vAcc></extensions></trkpt>
      <trkpt lon="-77.033797" lat="38.897826"><ele>13.485139</ele><time>2022-11-29T19:39:57Z</time><extensions><speed>1.387847</speed><course>179.583452</course><hAcc>2.471904</hAcc><vAcc>1.736648</vAcc></extensions></trkpt>
      <trkpt lon="-77.033797" lat="38.897813"><ele>13.456872</ele><time>2022-11-29T19:39:58Z</time><extensions><speed>1.381981</speed><course>179.536026</course><hAcc>2.471791</hAcc><vAcc>1.736666</vAcc></extensions></trkpt>
      <trkpt lon="-77.033797" lat="38.897801"><ele>13.428090</ele><time>2022-11-29T19:39:59Z</time><extensions><speed>1.374070</speed><course>179.486861</course><hAcc>2.471743</hAcc><vAcc>1.736685</vAcc></extensions></trkpt>
      <trkpt lon="-77.033796" lat="38.897789"><ele>13.398586</ele><time>2022-11-29T19:40:00Z</time><extensions><speed>1.365419</speed><course>179.435550</course><hAcc>2.471723</hAcc><vAcc>1.736706</vAcc></extensions></trkpt>
      <trkpt lon="-77.033796" lat="38.897776"><ele>13.368606</ele><time>2022-11-29T19:40:01Z</time><extensions><speed>1.355155</speed><course>179.381625</course><hAcc>2.471765</hAcc><vAcc>1.736726</vAcc></extensions></trkpt>
      <trkpt lon="-77.033796" lat="38.897764"><ele>13.338431</ele><time>2022-11-29T19:40:02Z</time><extensions><speed>1.344668</speed><course>179.324841</course><hAcc>2.471859</hAcc><vAcc>1.736748</vAcc></extensions></trkpt>
      <trkpt lon="-77.033796" lat="38.897752"><ele>13.307888</ele><time>2022-11-29T19:40:03Z</time><extensions><speed>1.333513</speed><course>179.264747</course><hAcc>2.472007</hAcc><vAcc>1.736769</vAcc></extensions></trkpt>
      <trkpt lon="-77.033796" lat="38.897740"><ele>13.277156</ele><time>2022-11-29T19:40:04Z</time><extensions><speed>1.321332</speed><course>179.200854</course><hAcc>2.472224</hAcc><vAcc>1.736790</vAcc></extensions></trkpt>
      <trkpt lon="-77.033795" lat="38.897728"><ele>13.246488</ele><time>2022-11-29T19:40:05Z</time><extensions><speed>1.307766</speed><course>179.132656</course><hAcc>2.472523</hAcc><vAcc>1.736810</vAcc></extensions></trkpt>
      <trkpt lon="-77.033795" lat="38.897716"><ele>13.216087</ele><time>2022-11-29T19:40:06Z</time><extensions><speed>1.293088</speed><course>179.059633</course><hAcc>2.472899</hAcc><vAcc>1.736831</vAcc></extensions></trkpt>
      <trkpt lon="-77.033795" lat="38.897705"><ele>13.185737</ele><time>2022-11-29T19:40:07Z</time><extensions><speed>1.277293</speed><course>178.981211</course><hAcc>2.473346</hAcc><vAcc>1.736850</vAcc></extensions></trkpt>
      <trkpt lon="-77.033795" lat="38.897693"><ele>13.155544</ele><time>2022-11-29T19:40:08Z</time><extensions><speed>1.260472</speed><course>178.917854</course><hAcc>2.473883</hAcc><vAcc>1.736870</vAcc></extensions></trkpt>
      <trkpt lon="-77.033795" lat="38.897682"><ele>13.125740</ele><time>2022-11-29T19:40:09Z</time><extensions><speed>1.242561</speed><course>178.878716</course><hAcc>2.474535</hAcc><vAcc>1.736888</vAcc></extensions></trkpt>
      <trkpt lon="-77.033795" lat="38.897671"><ele>13.096392</ele><time>2022-11-29T19:40:10Z</time><extensions><speed>1.222589</speed><course>178.843299</course><hAcc>2.475290</hAcc><vAcc>1.736907</vAcc></extensions></trkpt>
      <trkpt lon="-77.033794" lat="38.897660"><ele>13.067514</ele><time>2022-11-29T19:40:11Z</time><extensions><speed>1.201412</speed><course>178.817901</course><hAcc>2.476129</hAcc><vAcc>1.736925</vAcc></extensions></trkpt>
      <trkpt lon="-77.033794" lat="38.897649"><ele>13.039251</ele><time>2022-11-29T19:40:12Z</time><extensions><speed>1.178579</speed><course>178.754423</course><hAcc>2.477017</hAcc><vAcc>1.736942</vAcc></extensions></trkpt>
      <trkpt lon="-77.033794" lat="38.897639"><ele>13.011611</ele><time>2022-11-29T19:40:13Z</time><extensions><speed>1.154006</speed><course>178.688424</course><hAcc>2.477984</hAcc><vAcc>1.736959</vAcc></extensions></trkpt>
      <trkpt lon="-77.033794" lat="38.897629"><ele>12.984492</ele><time>2022-11-29T19:40:14Z</time><extensions><speed>1.128006</speed><course>178.622144</course><hAcc>2.479025</hAcc><vAcc>1.736976</vAcc></extensions></trkpt>
      <trkpt lon="-77.033793" lat="38.897619"><ele>12.957957</ele><time>2022-11-29T19:40:15Z</time><extensions><speed>1.100647</speed><course>178.550273</course><hAcc>2.480093</hAcc><vAcc>1.736993</vAcc></extensions></trkpt>
      <trkpt lon="-77.033793" lat="38.897609"><ele>12.932147</ele><time>2022-11-29T19:40:16Z</time><extensions><speed>1.071845</speed><course>178.480498</course><hAcc>2.481190</hAcc><vAcc>1.737009</vAcc></extensions></trkpt>
      <trkpt lon="-77.033793" lat="38.897599"><ele>12.907387</ele><time>2022-11-29T19:40:17Z</time><extensions><speed>1.042278</speed><course>178.403763</course><hAcc>2.482256</hAcc><vAcc>1.737025</vAcc></extensions></trkpt>
      <trkpt lon="-77.033792" lat="38.897590"><ele>12.883332</ele><time>2022-11-29T19:40:18Z</time><extensions><speed>1.011027</speed><course>178.316821</course><hAcc>2.483273</hAcc><vAcc>1.737038</vAcc></extensions></trkpt>
      <trkpt lon="-77.033792" lat="38.897581"><ele>12.860457</ele><time>2022-11-29T19:40:19Z</time><extensions><speed>0.977568</speed><course>178.208154</course><hAcc>2.484207</hAcc><vAcc>1.737052</vAcc></extensions></trkpt>
      <trkpt lon="-77.033792" lat="38.897572"><ele>12.838638</ele><time>2022-11-29T19:40:20Z</time><extensions><speed>0.940920</speed><course>178.078145</course><hAcc>2.485045</hAcc><vAcc>1.737063</vAcc></extensions></trkpt>
      <trkpt lon="-77.033791" lat="38.897564"><ele>12.817950</ele><time>2022-11-29T19:40:21Z</time><extensions><speed>0.901544</speed><course>177.941538</course><hAcc>2.485794</hAcc><vAcc>1.737074</vAcc></extensions></trkpt>
      <trkpt lon="-77.033791" lat="38.897556"><ele>12.798449</ele><time>2022-11-29T19:40:22Z</time><extensions><speed>0.859596</speed><course>177.778577</course><hAcc>2.486350</hAcc><vAcc>1.737082</vAcc></extensions></trkpt>
      <trkpt lon="-77.033791" lat="38.897549"><ele>12.780167</ele><time>2022-11-29T19:40:23Z</time><extensions><speed>0.814897</speed><course>177.583471</course><hAcc>2.486629</hAcc><vAcc>1.737090</vAcc></extensions></trkpt>
      <trkpt lon="-77.033790" lat="38.897542"><ele>12.763107</ele><time>2022-11-29T19:40:24Z</time><extensions><speed>0.766764</speed><course>177.345203</course><hAcc>2.486530</hAcc><vAcc>1.737095</vAcc></extensions></trkpt>
      <trkpt lon="-77.033790" lat="38.897535"><ele>12.747263</ele><time>2022-11-29T19:40:25Z</time><extensions><speed>0.716196</speed><course>177.048916</course><hAcc>2.485991</hAcc><vAcc>1.737099</vAcc></extensions></trkpt>
      <trkpt lon="-77.033789" lat="38.897529"><ele>12.732357</ele><time>2022-11-29T19:40:26Z</time><extensions><speed>0.662686</speed><course>176.674393</course><hAcc>2.485105</hAcc><vAcc>1.737101</vAcc></extensions></trkpt>
      <trkpt lon="-77.033789" lat="38.897523"><ele>12.718779</ele><time>2022-11-29T19:40:27Z</time><extensions><speed>0.607359</speed><course>176.214193</course><hAcc>2.484033</hAcc><vAcc>1.737100</vAcc></extensions></trkpt>
      <trkpt lon="-77.033788" lat="38.897518"><ele>12.706699</ele><time>2022-11-29T19:40:28Z</time><extensions><speed>0.550971</speed><course>175.663515</course><hAcc>2.482915</hAcc><vAcc>1.737098</vAcc></extensions></trkpt>
      <trkpt lon="-77.033788" lat="38.897513"><ele>12.695938</ele><time>2022-11-29T19:40:29Z</time><extensions><speed>0.495068</speed><course>175.082084</course><hAcc>2.481843</hAcc><vAcc>1.737094</vAcc></extensions></trkpt>
      <trkpt lon="-77.033788" lat="38.897509"><ele>12.686035</ele><time>2022-11-29T19:40:30Z</time><extensions><speed>0.443487</speed><course>174.374001</course><hAcc>2.481055</hAcc><vAcc>1.737086</vAcc></extensions></trkpt>
      <trkpt lon="-77.033787" lat="38.897505"><ele>12.676687</ele><time>2022-11-29T19:40:31Z</time><extensions><speed>0.395724</speed><course>173.477253</course><hAcc>2.480722</hAcc><vAcc>1.737075</vAcc></extensions></trkpt>
      <trkpt lon="-77.033787" lat="38.897502"><ele>12.668347</ele><time>2022-11-29T19:40:32Z</time><extensions><speed>0.351837</speed><course>172.342612</course><hAcc>2.480959</hAcc><vAcc>1.737059</vAcc></extensions></trkpt>
      <trkpt lon="-77.033787" lat="38.897499"><ele>12.661065</ele><time>2022-11-29T19:40:33Z</time><extensions><speed>0.311677</speed><course>170.848221</course><hAcc>2.481848</hAcc><vAcc>1.737038</vAcc></extensions></trkpt>
      <trkpt lon="-77.033786" lat="38.897496"><ele>12.653983</ele><time>2022-11-29T19:40:34Z</time><extensions><speed>0.275131</speed><course>168.992414</course><hAcc>2.483414</hAcc><vAcc>1.737012</vAcc></extensions></trkpt>
      <trkpt lon="-77.033786" lat="38.897494"><ele>12.648600</ele><time>2022-11-29T19:40:35Z</time><extensions><speed>0.242462</speed><course>166.484017</course><hAcc>2.485648</hAcc><vAcc>1.736980</vAcc></extensions></trkpt>
      <trkpt lon="-77.033785" lat="38.897492"><ele>12.644723</ele><time>2022-11-29T19:40:36Z</time><extensions><speed>0.213454</speed><course>163.363502</course><hAcc>2.488501</hAcc><vAcc>1.736941</vAcc></extensions></trkpt>
      <trkpt lon="-77.033784" lat="38.897490"><ele>12.641936</ele><time>2022-11-29T19:40:37Z</time><extensions><speed>0.188362</speed><course>159.310805</course><hAcc>2.491898</hAcc><vAcc>1.736897</vAcc></extensions></trkpt>
      <trkpt lon="-77.033784" lat="38.897489"><ele>12.639635</ele><time>2022-11-29T19:40:38Z</time><extensions><speed>0.167267</speed><course>154.199095</course><hAcc>2.495697</hAcc><vAcc>1.736846</vAcc></extensions></trkpt>
      <trkpt lon="-77.033783" lat="38.897488"><ele>12.637757</ele><time>2022-11-29T19:40:39Z</time><extensions><speed>0.149902</speed><course>148.224350</course><hAcc>2.499673</hAcc><vAcc>1.736788</vAcc></extensions></trkpt>
      <trkpt lon="-77.033782" lat="38.897487"><ele>12.635688</ele><time>2022-11-29T19:40:40Z</time><extensions><speed>0.136918</speed><course>141.140861</course><hAcc>2.503475</hAcc><vAcc>1.736724</vAcc></extensions></trkpt>
      <trkpt lon="-77.033781" lat="38.897486"><ele>12.634242</ele><time>2022-11-29T19:40:41Z</time><extensions><speed>0.129364</speed><course>133.479524</course><hAcc>2.506740</hAcc><vAcc>1.736651</vAcc></extensions></trkpt>
      <trkpt lon="-77.033780" lat="38.897485"><ele>12.632950</ele><time>2022-11-29T19:40:42Z</time><extensions><speed>0.125825</speed><course>125.704895</course><hAcc>2.509415</hAcc><vAcc>1.736571</vAcc></extensions></trkpt>
      <trkpt lon="-77.033779" lat="38.897484"><ele>12.631744</ele><time>2022-11-29T19:40:43Z</time><extensions><speed>0.126541</speed><course>118.261314</course><hAcc>2.511378</hAcc><vAcc>1.736481</vAcc></extensions></trkpt>
      <trkpt lon="-77.033778" lat="38.897484"><ele>12.630460</ele><time>2022-11-29T19:40:44Z</time><extensions><speed>0.131384</speed><course>111.642213</course><hAcc>2.512463</hAcc><vAcc>1.736381</vAcc></extensions></trkpt>
      <trkpt lon="-77.033776" lat="38.897483"><ele>12.629398</ele><time>2022-11-29T19:40:45Z</time><extensions><speed>0.140325</speed><course>106.159577</course><hAcc>2.512711</hAcc><vAcc>1.736269</vAcc></extensions></trkpt>
      <trkpt lon="-77.033775" lat="38.897483"><ele>12.628451</ele><time>2022-11-29T19:40:46Z</time><extensions><speed>0.151246</speed><course>101.867456</course><hAcc>2.512503</hAcc><vAcc>1.736145</vAcc></extensions></trkpt>
      <trkpt lon="-77.033773" lat="38.897483"><ele>12.627101</ele><time>2022-11-29T19:40:47Z</time><extensions><speed>0.163559</speed><course>98.598548</course><hAcc>2.512179</hAcc><vAcc>1.736006</vAcc></extensions></trkpt>
      <trkpt lon="-77.033771" lat="38.897483"><ele>12.625655</ele><time>2022-11-29T19:40:48Z</time><extensions><speed>0.176862</speed><course>96.154313</course><hAcc>2.511937</hAcc><vAcc>1.735850</vAcc></extensions></trkpt>
      <trkpt lon="-77.033769" lat="38.897483"><ele>12.624190</ele><time>2022-11-29T19:40:49Z</time><extensions><speed>0.191148</speed><course>94.348052</course><hAcc>2.511850</hAcc><vAcc>1.735677</vAcc></extensions></trkpt>
      <trkpt lon="-77.033767" lat="38.897482"><ele>12.622544</ele><time>2022-11-29T19:40:50Z</time><extensions><speed>0.206143</speed><course>93.031176</course><hAcc>2.511910</hAcc><vAcc>1.735484</vAcc></extensions></trkpt>
      <trkpt lon="-77.033764" lat="38.897482"><ele>12.620845</ele><time>2022-11-29T19:40:51Z</time><extensions><speed>0.222272</speed><course>92.093188</course><hAcc>2.512072</hAcc><vAcc>1.735268</vAcc></extensions></trkpt>
      <trkpt lon="-77.033762" lat="38.897482"><ele>12.619476</ele><time>2022-11-29T19:40:52Z</time><extensions><speed>0.238738</speed><course>91.447620</course><hAcc>2.512395</hAcc><vAcc>1.735026</vAcc></extensions></trkpt>
      <trkpt lon="-77.033759" lat="38.897482"><ele>12.618061</ele><time>2022-11-29T19:40:53Z</time><extensions><speed>0.255228</speed><course>91.023473</course><hAcc>2.512920</hAcc><vAcc>1.734757</vAcc></extensions></trkpt>
      <trkpt lon="-77.033756" lat="38.897482"><ele>12.616763</ele><time>2022-11-29T19:40:54Z</time><extensions><speed>0.271674</speed><course>90.761124</course><hAcc>2.513685</hAcc><vAcc>1.734459</vAcc></extensions></trkpt>
      <trkpt lon="-77.033753" lat="38.897482"><ele>12.615408</ele><time>2022-11-29T19:40:55Z</time><extensions><speed>0.287875</speed><course>90.611945</course><hAcc>2.514690</hAcc><vAcc>1.734130</vAcc></extensions></trkpt>
      <trkpt lon="-77.033749" lat="38.897482"><ele>12.614801</ele><time>2022-11-29T19:40:56Z</time><extensions><speed>0.303450</speed><course>90.538961</course><hAcc>2.515929</hAcc><vAcc>1.733770</vAcc></extensions></trkpt>
      <trkpt lon="-77.033746" lat="38.897482"><ele>12.613572</ele><time>2022-11-29T19:40:57Z</time><extensions><speed>0.318663</speed><course>90.514373</course><hAcc>2.517394</hAcc><vAcc>1.733379</vAcc></extensions></trkpt>
      <trkpt lon="-77.033742" lat="38.897482"><ele>12.612772</ele><time>2022-11-29T19:40:58Z</time><extensions><speed>0.333424</speed><course>90.518834</course><hAcc>2.519068</hAcc><vAcc>1.732958</vAcc></extensions></trkpt>
      <trkpt lon="-77.033738" lat="38.897482"><ele>12.611993</ele><time>2022-11-29T19:40:59Z</time><extensions><speed>0.347333</speed><course>90.542399</course><hAcc>2.520960</hAcc><vAcc>1.732509</vAcc></extensions></trkpt>
      <trkpt lon="-77.033734" lat="38.897482"><ele>12.611131</ele><time>2022-11-29T19:41:00Z</time><extensions><speed>0.357920</speed><course>90.571948</course><hAcc>2.523080</hAcc><vAcc>1.732037</vAcc></extensions></trkpt>
      <trkpt lon="-77.033730" lat="38.897482"><ele>12.610365</ele><time>2022-11-29T19:41:01Z</time><extensions><speed>0.365639</speed><course>90.607457</course><hAcc>2.525320</hAcc><vAcc>1.731547</vAcc></extensions></trkpt>
      <trkpt lon="-77.033726" lat="38.897482"><ele>12.609332</ele><time>2022-11-29T19:41:02Z</time><extensions><speed>0.370646</speed><course>90.643590</course><hAcc>2.527439</hAcc><vAcc>1.731046</vAcc></extensions></trkpt>
      <trkpt lon="-77.033721" lat="38.897482"><ele>12.608373</ele><time>2022-11-29T19:41:03Z</time><extensions><speed>0.377841</speed><course>90.691721</course><hAcc>2.529167</hAcc><vAcc>1.730541</vAcc></extensions></trkpt>
      <trkpt lon="-77.033717" lat="38.897482"><ele>12.607402</ele><time>2022-11-29T19:41:04Z</time><extensions><speed>0.387441</speed><course>90.749594</course><hAcc>2.530402</hAcc><vAcc>1.730043</vAcc></extensions></trkpt>
      <trkpt lon="-77.033713" lat="38.897482"><ele>12.606390</ele><time>2022-11-29T19:41:05Z</time><extensions><speed>0.398980</speed><course>90.814667</course><hAcc>2.531203</hAcc><vAcc>1.729563</vAcc></extensions></trkpt>
      <trkpt lon="-77.033708" lat="38.897482"><ele>12.605394</ele><time>2022-11-29T19:41:06Z</time><extensions><speed>0.413015</speed><course>90.884222</course><hAcc>2.531683</hAcc><vAcc>1.729111</vAcc></extensions></trkpt>
      <trkpt lon="-77.033703" lat="38.897482"><ele>12.603649</ele><time>2022-11-29T19:41:07Z</time><extensions><speed>0.428398</speed><course>90.956805</course><hAcc>2.531984</hAcc><vAcc>1.728700</vAcc></extensions></trkpt>
      <trkpt lon="-77.033698" lat="38.897482"><ele>12.601962</ele><time>2022-11-29T19:41:08Z</time><extensions><speed>0.445652</speed><course>91.029368</course><hAcc>2.532181</hAcc><vAcc>1.728341</vAcc></extensions></trkpt>
      <trkpt lon="-77.033693" lat="38.897482"><ele>12.600203</ele><time>2022-11-29T19:41:09Z</time><extensions><speed>0.464857</speed><course>91.100476</course><hAcc>2.532226</hAcc><vAcc>1.728044</vAcc></extensions></trkpt>
      <trkpt lon="-77.033687" lat="38.897481"><ele>12.598274</ele><time>2022-11-29T19:41:10Z</time><extensions><speed>0.487778</speed><course>91.167558</course><hAcc>2.531997</hAcc><vAcc>1.727818</vAcc></extensions></trkpt>
      <trkpt lon="-77.033681" lat="38.897481"><ele>12.595846</ele><time>2022-11-29T19:41:11Z</time><extensions><speed>0.515435</speed><course>91.228904</course><hAcc>2.531457</hAcc><vAcc>1.727666</vAcc></extensions></trkpt>
      <trkpt lon="-77.033675" lat="38.897481"><ele>12.592909</ele><time>2022-11-29T19:41:12Z</time><extensions><speed>0.545381</speed><course>91.284568</course><hAcc>2.530760</hAcc><vAcc>1.727594</vAcc></extensions></trkpt>
      <trkpt lon="-77.033669" lat="38.897481"><ele>12.589538</ele><time>2022-11-29T19:41:13Z</time><extensions><speed>0.578208</speed><course>91.333112</course><hAcc>2.530041</hAcc><vAcc>1.727601</vAcc></extensions></trkpt>
      <trkpt lon="-77.033662" lat="38.897481"><ele>12.586695</ele><time>2022-11-29T19:41:14Z</time><extensions><speed>0.613917</speed><course>91.372634</course><hAcc>2.529402</hAcc><vAcc>1.727688</vAcc></extensions></trkpt>
      <trkpt lon="-77.033655" lat="38.897481"><ele>12.583577</ele><time>2022-11-29T19:41:15Z</time><extensions><speed>0.652493</speed><course>91.400953</course><hAcc>2.528941</hAcc><vAcc>1.727852</vAcc></extensions></trkpt>
      <trkpt lon="-77.033647" lat="38.897481"><ele>12.580208</ele><time>2022-11-29T19:41:16Z</time><extensions><speed>0.693565</speed><course>91.425745</course><hAcc>2.528721</hAcc><vAcc>1.728089</vAcc></extensions></trkpt>
      <trkpt lon="-77.033638" lat="38.897481"><ele>12.576599</ele><time>2022-11-29T19:41:17Z</time><extensions><speed>0.737490</speed><course>91.442777</course><hAcc>2.528797</hAcc><vAcc>1.728393</vAcc></extensions></trkpt>
      <trkpt lon="-77.033630" lat="38.897480"><ele>12.572848</ele><time>2022-11-29T19:41:18Z</time><extensions><speed>0.782386</speed><course>91.455203</course><hAcc>2.529214</hAcc><vAcc>1.728753</vAcc></extensions></trkpt>
      <trkpt lon="-77.033620" lat="38.897480"><ele>12.568478</ele><time>2022-11-29T19:41:19Z</time><extensions><speed>0.826380</speed><course>91.462689</course><hAcc>2.529934</hAcc><vAcc>1.729157</vAcc></extensions></trkpt>
      <trkpt lon="-77.033611" lat="38.897480"><ele>12.563410</ele><time>2022-11-29T19:41:20Z</time><extensions><speed>0.867561</speed><course>91.448052</course><hAcc>2.530348</hAcc><vAcc>1.729472</vAcc></extensions></trkpt>
      <trkpt lon="-77.033601" lat="38.897480"><ele>12.558935</ele><time>2022-11-29T19:41:21Z</time><extensions><speed>0.905499</speed><course>91.432534</course><hAcc>2.530986</hAcc><vAcc>1.729885</vAcc></extensions></trkpt>
      <trkpt lon="-77.033590" lat="38.897480"><ele>12.554736</ele><time>2022-11-29T19:41:22Z</time><extensions><speed>0.940323</speed><course>91.414966</course><hAcc>2.531639</hAcc><vAcc>1.730313</vAcc></extensions></trkpt>
      <trkpt lon="-77.033579" lat="38.897479"><ele>12.550539</ele><time>2022-11-29T19:41:23Z</time><extensions><speed>0.972244</speed><course>91.392175</course><hAcc>2.532232</hAcc><vAcc>1.730737</vAcc></extensions></trkpt>
      <trkpt lon="-77.033568" lat="38.897479"><ele>12.546726</ele><time>2022-11-29T19:41:24Z</time><extensions><speed>1.001943</speed><course>91.365286</course><hAcc>2.532742</hAcc><vAcc>1.731145</vAcc></extensions></trkpt>
      <trkpt lon="-77.033556" lat="38.897479"><ele>12.543316</ele><time>2022-11-29T19:41:25Z</time><extensions><speed>1.028723</speed><course>91.334536</course><hAcc>2.533145</hAcc><vAcc>1.731519</vAcc></extensions></trkpt>
      <trkpt lon="-77.033544" lat="38.897479"><ele>12.540367</ele><time>2022-11-29T19:41:26Z</time><extensions><speed>1.055516</speed><course>91.302415</course><hAcc>2.533426</hAcc><vAcc>1.731844</vAcc></extensions></trkpt>
      <trkpt lon="-77.033532" lat="38.897479"><ele>12.537994</ele><time>2022-11-29T19:41:27Z</time><extensions><speed>1.081528</speed><course>91.269630</course><hAcc>2.533544</hAcc><vAcc>1.732115</vAcc></extensions></trkpt>
      <trkpt lon="-77.033519" lat="38.897478"><ele>12.536226</ele><time>2022-11-29T19:41:28Z</time><extensions><speed>1.107913</speed><course>91.232691</course><hAcc>2.533474</hAcc><vAcc>1.732313</vAcc></extensions></trkpt>
      <trkpt lon="-77.033506" lat="38.897478"><ele>12.535677</ele><time>2022-11-29T19:41:29Z</time><extensions><speed>1.135980</speed><course>91.192296</course><hAcc>2.533185</hAcc><vAcc>1.732440</vAcc></extensions></trkpt>
      <trkpt lon="-77.033493" lat="38.897478"><ele>12.536196</ele><time>2022-11-29T19:41:30Z</time><extensions><speed>1.161715</speed><course>91.147539</course><hAcc>2.532693</hAcc><vAcc>1.732494</vAcc></extensions></trkpt>
      <trkpt lon="-77.033480" lat="38.897478"><ele>12.538032</ele><time>2022-11-29T19:41:31Z</time><extensions><speed>1.186370</speed><course>91.093440</course><hAcc>2.532057</hAcc><vAcc>1.732467</vAcc></extensions></trkpt>
      <trkpt lon="-77.033466" lat="38.897478"><ele>12.541382</ele><time>2022-11-29T19:41:32Z</time><extensions><speed>1.207612</speed><course>91.033383</course><hAcc>2.531258</hAcc><vAcc>1.732407</vAcc></extensions></trkpt>
      <trkpt lon="-77.033452" lat="38.897477"><ele>12.546580</ele><time>2022-11-29T19:41:33Z</time><extensions><speed>1.224938</speed><course>90.964740</course><hAcc>2.530199</hAcc><vAcc>1.732220</vAcc></extensions></trkpt>
      <trkpt lon="-77.033438" lat="38.897477"><ele>12.552670</ele><time>2022-11-29T19:41:34Z</time><extensions><speed>1.238649</speed><course>90.905606</course><hAcc>2.528930</hAcc><vAcc>1.731912</vAcc></extensions></trkpt>
      <trkpt lon="-77.033423" lat="38.897477"><ele>12.559455</ele><time>2022-11-29T19:41:35Z</time><extensions><speed>1.249856</speed><course>90.855104</course><hAcc>2.527495</hAcc><vAcc>1.731479</vAcc></extensions></trkpt>
      <trkpt lon="-77.033409" lat="38.897477"><ele>12.566455</ele><time>2022-11-29T19:41:36Z</time><extensions><speed>1.259864</speed><course>90.812166</course><hAcc>2.525961</hAcc><vAcc>1.730915</vAcc></extensions></trkpt>
      <trkpt lon="-77.033394" lat="38.897477"><ele>12.574031</ele><time>2022-11-29T19:41:37Z</time><extensions><speed>1.268583</speed><course>90.776917</course><hAcc>2.524359</hAcc><vAcc>1.730218</vAcc></extensions></trkpt>
      <trkpt lon="-77.033380" lat="38.897477"><ele>12.582176</ele><time>2022-11-29T19:41:38Z</time><extensions><speed>1.276043</speed><course>90.749351</course><hAcc>2.522685</hAcc><vAcc>1.729372</vAcc></extensions></trkpt>
      <trkpt lon="-77.033365" lat="38.897476"><ele>12.590441</ele><time>2022-11-29T19:41:39Z</time><extensions><speed>1.281775</speed><course>90.729054</course><hAcc>2.520946</hAcc><vAcc>1.728357</vAcc></extensions></trkpt>
      <trkpt lon="-77.033350" lat="38.897476"><ele>12.598989</ele><time>2022-11-29T19:41:40Z</time><extensions><speed>1.286534</speed><course>90.714977</course><hAcc>2.519128</hAcc><vAcc>1.727156</vAcc></extensions></trkpt>
      <trkpt lon="-77.033335" lat="38.897476"><ele>12.607565</ele><time>2022-11-29T19:41:41Z</time><extensions><speed>1.290974</speed><course>90.706466</course><hAcc>2.517167</hAcc><vAcc>1.725738</vAcc></extensions></trkpt>
      <trkpt lon="-77.033320" lat="38.897476"><ele>12.616197</ele><time>2022-11-29T19:41:42Z</time><extensions><speed>1.295297</speed><course>90.703689</course><hAcc>2.514953</hAcc><vAcc>1.724076</vAcc></extensions></trkpt>
      <trkpt lon="-77.033305" lat="38.897476"><ele>12.624510</ele><time>2022-11-29T19:41:43Z</time><extensions><speed>1.299188</speed><course>90.706366</course><hAcc>2.512338</hAcc><vAcc>1.722133</vAcc></extensions></trkpt>
      <trkpt lon="-77.033290" lat="38.897476"><ele>12.632885</ele><time>2022-11-29T19:41:44Z</time><extensions><speed>1.302484</speed><course>90.715771</course><hAcc>2.509148</hAcc><vAcc>1.719866</vAcc></extensions></trkpt>
      <trkpt lon="-77.033275" lat="38.897476"><ele>12.640896</ele><time>2022-11-29T19:41:45Z</time><extensions><speed>1.304751</speed><course>90.731046</course><hAcc>2.505259</hAcc><vAcc>1.717224</vAcc></extensions></trkpt>
      <trkpt lon="-77.033260" lat="38.897475"><ele>12.648562</ele><time>2022-11-29T19:41:46Z</time><extensions><speed>1.305602</speed><course>90.751986</course><hAcc>2.500549</hAcc><vAcc>1.714146</vAcc></extensions></trkpt>
      <trkpt lon="-77.033245" lat="38.897475"><ele>12.656096</ele><time>2022-11-29T19:41:47Z</time><extensions><speed>1.304308</speed><course>90.779278</course><hAcc>2.494875</hAcc><vAcc>1.710563</vAcc></extensions></trkpt>
      <trkpt lon="-77.033230" lat="38.897475"><ele>12.663052</ele><time>2022-11-29T19:41:48Z</time><extensions><speed>1.302349</speed><course>90.811631</course><hAcc>2.488104</hAcc><vAcc>1.706399</vAcc></extensions></trkpt>
      <trkpt lon="-77.033215" lat="38.897475"><ele>12.669541</ele><time>2022-11-29T19:41:49Z</time><extensions><speed>1.301053</speed><course>90.847495</course><hAcc>2.480099</hAcc><vAcc>1.701561</vAcc></extensions></trkpt>
      <trkpt lon="-77.033200" lat="38.897475"><ele>12.675405</ele><time>2022-11-29T19:41:50Z</time><extensions><speed>1.300226</speed><course>90.886678</course><hAcc>2.470701</hAcc><vAcc>1.695952</vAcc></extensions></trkpt>
      <trkpt lon="-77.033185" lat="38.897475"><ele>12.681530</ele><time>2022-11-29T19:41:51Z</time><extensions><speed>1.299393</speed><course>90.929108</course><hAcc>2.459737</hAcc><vAcc>1.689465</vAcc></extensions></trkpt>
      <trkpt lon="-77.033170" lat="38.897474"><ele>12.686759</ele><time>2022-11-29T19:41:52Z</time><extensions><speed>1.297707</speed><course>90.974855</course><hAcc>2.447031</hAcc><vAcc>1.681985</vAcc></extensions></trkpt>
      <trkpt lon="-77.033155" lat="38.897474"><ele>12.691166</ele><time>2022-11-29T19:41:53Z</time><extensions><speed>1.295048</speed><course>91.022885</course><hAcc>2.432405</hAcc><vAcc>1.673388</vAcc></extensions></trkpt>
      <trkpt lon="-77.033140" lat="38.897474"><ele>12.695382</ele><time>2022-11-29T19:41:54Z</time><extensions><speed>1.291953</speed><course>91.072148</course><hAcc>2.415662</hAcc><vAcc>1.663544</vAcc></extensions></trkpt>
      <trkpt lon="-77.033126" lat="38.897474"><ele>12.699341</ele><time>2022-11-29T19:41:55Z</time><extensions><speed>1.288733</speed><course>91.121622</course><hAcc>2.396575</hAcc><vAcc>1.652318</vAcc></extensions></trkpt>
      <trkpt lon="-77.033111" lat="38.897473"><ele>12.703088</ele><time>2022-11-29T19:41:56Z</time><extensions><speed>1.285717</speed><course>91.169943</course><hAcc>2.374892</hAcc><vAcc>1.639576</vAcc></extensions></trkpt>
      <trkpt lon="-77.033096" lat="38.897473"><ele>12.706557</ele><time>2022-11-29T19:41:57Z</time><extensions><speed>1.283474</speed><course>91.215506</course><hAcc>2.350338</hAcc><vAcc>1.625185</vAcc></extensions></trkpt>
      <trkpt lon="-77.033081" lat="38.897473"><ele>12.709599</ele><time>2022-11-29T19:41:58Z</time><extensions><speed>1.280905</speed><course>91.259548</course><hAcc>2.322607</hAcc><vAcc>1.609020</vAcc></extensions></trkpt>
      <trkpt lon="-77.033066" lat="38.897473"><ele>12.712389</ele><time>2022-11-29T19:41:59Z</time><extensions><speed>1.278833</speed><course>91.300045</course><hAcc>2.291418</hAcc><vAcc>1.590971</vAcc></extensions></trkpt>
      <trkpt lon="-77.033052" lat="38.897472"><ele>12.714915</ele><time>2022-11-29T19:42:00Z</time><extensions><speed>1.277140</speed><course>91.335458</course><hAcc>2.256551</hAcc><vAcc>1.570954</vAcc></extensions></trkpt>
      <trkpt lon="-77.033037" lat="38.897472"><ele>12.717312</ele><time>2022-11-29T19:42:01Z</time><extensions><speed>1.276860</speed><course>91.363115</course><hAcc>2.217846</hAcc><vAcc>1.548916</vAcc></extensions></trkpt>
      <trkpt lon="-77.033022" lat="38.897472"><ele>12.719667</ele><time>2022-11-29T19:42:02Z</time><extensions><speed>1.278970</speed><course>91.381439</course><hAcc>2.175204</hAcc><vAcc>1.524854</vAcc></extensions></trkpt>
      <trkpt lon="-77.033007" lat="38.897472"><ele>12.722033</ele><time>2022-11-29T19:42:03Z</time><extensions><speed>1.282057</speed><course>91.388901</course><hAcc>2.128658</hAcc><vAcc>1.498829</vAcc></extensions></trkpt>
      <trkpt lon="-77.032993" lat="38.897471"><ele>12.724481</ele><time>2022-11-29T19:42:04Z</time><extensions><speed>1.286484</speed><course>91.383106</course><hAcc>2.078395</hAcc><vAcc>1.470980</vAcc></extensions></trkpt>
      <trkpt lon="-77.032978" lat="38.897471"><ele>12.727118</ele><time>2022-11-29T19:42:05Z</time><extensions><speed>1.293000</speed><course>91.362653</course><hAcc>2.024747</hAcc><vAcc>1.441550</vAcc></extensions></trkpt>
      <trkpt lon="-77.032963" lat="38.897471"><ele>12.730026</ele><time>2022-11-29T19:42:06Z</time><extensions><speed>1.301972</speed><course>91.326219</course><hAcc>1.968285</hAcc><vAcc>1.410904</vAcc></extensions></trkpt>
      <trkpt lon="-77.032948" lat="38.897471"><ele>12.733227</ele><time>2022-11-29T19:42:07Z</time><extensions><speed>1.312813</speed><course>91.274588</course><hAcc>1.909877</hAcc><vAcc>1.379551</vAcc></extensions></trkpt>
      <trkpt lon="-77.032933" lat="38.897470"><ele>12.736724</ele><time>2022-11-29T19:42:08Z</time><extensions><speed>1.325267</speed><course>91.207993</course><hAcc>1.850717</hAcc><vAcc>1.348165</vAcc></extensions></trkpt>
      <trkpt lon="-77.032917" lat="38.897470"><ele>12.740476</ele><time>2022-11-29T19:42:09Z</time><extensions><speed>1.336353</speed><course>91.130691</course><hAcc>1.792339</hAcc><vAcc>1.317592</vAcc></extensions></trkpt>
      <trkpt lon="-77.032902" lat="38.897470"><ele>12.744390</ele><time>2022-11-29T19:42:10Z</time><extensions><speed>1.345667</speed><course>91.043435</course><hAcc>1.736637</hAcc><vAcc>1.288845</vAcc></extensions></trkpt>
      <trkpt lon="-77.032886" lat="38.897470"><ele>12.748472</ele><time>2022-11-29T19:42:11Z</time><extensions><speed>1.353967</speed><course>90.948917</course><hAcc>1.685627</hAcc><vAcc>1.262873</vAcc></extensions></trkpt>
      <trkpt lon="-77.032871" lat="38.897469"><ele>12.752658</ele><time>2022-11-29T19:42:12Z</time><extensions><speed>1.360869</speed><course>90.851830</course><hAcc>1.640892</hAcc><vAcc>1.240185</vAcc></extensions></trkpt>
      <trkpt lon="-77.032855" lat="38.897469"><ele>12.757076</ele><time>2022-11-29T19:42:13Z</time><extensions><speed>1.366920</speed><course>90.760261</course><hAcc>1.603116</hAcc><vAcc>1.220766</vAcc></extensions></trkpt>
      <trkpt lon="-77.032839" lat="38.897469"><ele>12.761591</ele><time>2022-11-29T19:42:14Z</time><extensions><speed>1.373984</speed><course>90.678162</course><hAcc>1.572223</hAcc><vAcc>1.204215</vAcc></extensions></trkpt>
      <trkpt lon="-77.032823" lat="38.897469"><ele>12.766210</ele><time>2022-11-29T19:42:15Z</time><extensions><speed>1.381442</speed><course>90.610049</course><hAcc>1.547643</hAcc><vAcc>1.189909</vAcc></extensions></trkpt>
      <trkpt lon="-77.032807" lat="38.897469"><ele>12.770861</ele><time>2022-11-29T19:42:16Z</time><extensions><speed>1.387705</speed><course>90.559243</course><hAcc>1.528467</hAcc><vAcc>1.177188</vAcc></extensions></trkpt>
      <trkpt lon="-77.032791" lat="38.897469"><ele>12.775490</ele><time>2022-11-29T19:42:17Z</time><extensions><speed>1.393031</speed><course>90.526086</course><hAcc>1.513556</hAcc><vAcc>1.165465</vAcc></extensions></trkpt>
      <trkpt lon="-77.032775" lat="38.897469"><ele>12.780122</ele><time>2022-11-29T19:42:18Z</time><extensions><speed>1.397870</speed><course>90.507290</course><hAcc>1.501617</hAcc><vAcc>1.154264</vAcc></extensions></trkpt>
      <trkpt lon="-77.032759" lat="38.897468"><ele>12.784940</ele><time>2022-11-29T19:42:19Z</time><extensions><speed>1.400008</speed><course>90.499181</course><hAcc>1.491259</hAcc><vAcc>1.143210</vAcc></extensions></trkpt>
      <trkpt lon="-77.032743" lat="38.897468"><ele>12.789947</ele><time>2022-11-29T19:42:20Z</time><extensions><speed>1.402084</speed><course>90.495134</course><hAcc>1.481073</hAcc><vAcc>1.131975</vAcc></extensions></trkpt>
      <trkpt lon="-77.032727" lat="38.897468"><ele>12.795131</ele><time>2022-11-29T19:42:21Z</time><extensions><speed>1.404539</speed><course>90.489015</course><hAcc>1.469610</hAcc><vAcc>1.120243</vAcc></extensions></trkpt>
      <trkpt lon="-77.032711" lat="38.897468"><ele>12.801040</ele><time>2022-11-29T19:42:22Z</time><extensions><speed>1.406751</speed><course>90.477674</course><hAcc>1.455583</hAcc><vAcc>1.107692</vAcc></extensions></trkpt>
      <trkpt lon="-77.032695" lat="38.897468"><ele>12.807757</ele><time>2022-11-29T19:42:23Z</time><extensions><speed>1.407133</speed><course>90.460832</course><hAcc>1.438257</hAcc><vAcc>1.094090</vAcc></extensions></trkpt>
      <trkpt lon="-77.032679" lat="38.897468"><ele>12.815555</ele><time>2022-11-29T19:42:24Z</time><extensions><speed>1.409710</speed><course>90.437755</course><hAcc>1.417555</hAcc><vAcc>1.079428</vAcc></extensions></trkpt>
      <trkpt lon="-77.032663" lat="38.897468"><ele>12.824626</ele><time>2022-11-29T19:42:25Z</time><extensions><speed>1.412662</speed><course>90.410100</course><hAcc>1.393879</hAcc><vAcc>1.063914</vAcc></extensions></trkpt>
      <trkpt lon="-77.032646" lat="38.897468"><ele>12.835168</ele><time>2022-11-29T19:42:26Z</time><extensions><speed>1.415530</speed><course>90.379169</course><hAcc>1.367894</hAcc><vAcc>1.047858</vAcc></extensions></trkpt>
      <trkpt lon="-77.032630" lat="38.897468"><ele>12.847348</ele><time>2022-11-29T19:42:27Z</time><extensions><speed>1.419058</speed><course>90.345953</course><hAcc>1.340359</hAcc><vAcc>1.031598</vAcc></extensions></trkpt>
      <trkpt lon="-77.032614" lat="38.897468"><ele>12.861365</ele><time>2022-11-29T19:42:28Z</time><extensions><speed>1.423439</speed><course>90.311408</course><hAcc>1.312005</hAcc><vAcc>1.015440</vAcc></extensions></trkpt>
      <trkpt lon="-77.032597" lat="38.897467"><ele>12.877338</ele><time>2022-11-29T19:42:29Z</time><extensions><speed>1.429980</speed><course>90.276804</course><hAcc>1.283472</hAcc><vAcc>0.999638</vAcc></extensions></trkpt>
      <trkpt lon="-77.032581" lat="38.897467"><ele>12.895418</ele><time>2022-11-29T19:42:30Z</time><extensions><speed>1.435761</speed><course>90.242982</course><hAcc>1.255389</hAcc><vAcc>0.984386</vAcc></extensions></trkpt>
      <trkpt lon="-77.032564" lat="38.897467"><ele>12.915737</ele><time>2022-11-29T19:42:31Z</time><extensions><speed>1.440405</speed><course>90.210444</course><hAcc>1.228318</hAcc><vAcc>0.969822</vAcc></extensions></trkpt>
      <trkpt lon="-77.032548" lat="38.897467"><ele>12.938427</ele><time>2022-11-29T19:42:32Z</time><extensions><speed>1.445578</speed><course>90.179465</course><hAcc>1.202653</hAcc><vAcc>0.956034</vAcc></extensions></trkpt>
      <trkpt lon="-77.032531" lat="38.897467"><ele>12.963575</ele><time>2022-11-29T19:42:33Z</time><extensions><speed>1.453225</speed><course>90.150306</course><hAcc>1.178594</hAcc><vAcc>0.943064</vAcc></extensions></trkpt>
      <trkpt lon="-77.032514" lat="38.897467"><ele>12.991153</ele><time>2022-11-29T19:42:34Z</time><extensions><speed>1.462395</speed><course>90.123563</course><hAcc>1.156154</hAcc><vAcc>0.930912</vAcc></extensions></trkpt>
      <trkpt lon="-77.032497" lat="38.897467"><ele>13.021084</ele><time>2022-11-29T19:42:35Z</time><extensions><speed>1.473718</speed><course>90.099363</course><hAcc>1.135227</hAcc><vAcc>0.919544</vAcc></extensions></trkpt>
      <trkpt lon="-77.032480" lat="38.897467"><ele>13.053100</ele><time>2022-11-29T19:42:36Z</time><extensions><speed>1.484804</speed><course>90.077980</course><hAcc>1.115601</hAcc><vAcc>0.908896</vAcc></extensions></trkpt>
      <trkpt lon="-77.032463" lat="38.897467"><ele>13.086536</ele><time>2022-11-29T19:42:37Z</time><extensions><speed>1.495007</speed><course>90.031992</course><hAcc>1.096974</hAcc><vAcc>0.898890</vAcc></extensions></trkpt>
      <trkpt lon="-77.032445" lat="38.897467"><ele>13.121442</ele><time>2022-11-29T19:42:38Z</time><extensions><speed>1.507645</speed><course>89.980616</course><hAcc>1.079022</hAcc><vAcc>0.889447</vAcc></extensions></trkpt>
      <trkpt lon="-77.032428" lat="38.897467"><ele>13.157362</ele><time>2022-11-29T19:42:39Z</time><extensions><speed>1.518059</speed><course>89.930741</course><hAcc>1.061616</hAcc><vAcc>0.880514</vAcc></extensions></trkpt>
      <trkpt lon="-77.032410" lat="38.897467"><ele>13.193755</ele><time>2022-11-29T19:42:40Z</time><extensions><speed>1.524533</speed><course>89.875080</course><hAcc>1.044729</hAcc><vAcc>0.872102</vAcc></extensions></trkpt>
      <trkpt lon="-77.032393" lat="38.897467"><ele>13.230145</ele><time>2022-11-29T19:42:41Z</time><extensions><speed>1.529409</speed><course>89.826151</course><hAcc>1.028389</hAcc><vAcc>0.864269</vAcc></extensions></trkpt>
      <trkpt lon="-77.032375" lat="38.897467"><ele>13.265731</ele><time>2022-11-29T19:42:42Z</time><extensions><speed>1.532940</speed><course>89.774955</course><hAcc>1.012745</hAcc><vAcc>0.857087</vAcc></extensions></trkpt>
      <trkpt lon="-77.032358" lat="38.897467"><ele>13.299982</ele><time>2022-11-29T19:42:43Z</time><extensions><speed>1.532323</speed><course>89.776644</course><hAcc>0.998035</hAcc><vAcc>0.850610</vAcc></extensions></trkpt>
      <trkpt lon="-77.032340" lat="38.897467"><ele>13.332569</ele><time>2022-11-29T19:42:44Z</time><extensions><speed>1.525817</speed><course>89.781183</course><hAcc>0.984573</hAcc><vAcc>0.844847</vAcc></extensions></trkpt>
      <trkpt lon="-77.032322" lat="38.897468"><ele>13.363601</ele><time>2022-11-29T19:42:45Z</time><extensions><speed>1.511474</speed><course>89.788286</course><hAcc>0.972753</hAcc><vAcc>0.839766</vAcc></extensions></trkpt>
      <trkpt lon="-77.032305" lat="38.897468"><ele>13.393408</ele><time>2022-11-29T19:42:46Z</time><extensions><speed>1.487110</speed><course>89.801541</course><hAcc>0.963014</hAcc><vAcc>0.835309</vAcc></extensions></trkpt>
      <trkpt lon="-77.032288" lat="38.897468"><ele>13.422264</ele><time>2022-11-29T19:42:47Z</time><extensions><speed>1.450055</speed><course>89.821033</course><hAcc>0.955753</hAcc><vAcc>0.831416</vAcc></extensions></trkpt>
      <trkpt lon="-77.032272" lat="38.897468"><ele>13.450287</ele><time>2022-11-29T19:42:48Z</time><extensions><speed>1.396476</speed><course>89.848579</course><hAcc>0.951149</hAcc><vAcc>0.828025</vAcc></extensions></trkpt>
      <trkpt lon="-77.032256" lat="38.897468"><ele>13.477755</ele><time>2022-11-29T19:42:49Z</time><extensions><speed>1.323417</speed><course>89.887597</course><hAcc>0.948878</hAcc><vAcc>0.825083</vAcc></extensions></trkpt>
      <trkpt lon="-77.032241" lat="38.897468"><ele>13.504737</ele><time>2022-11-29T19:42:50Z</time><extensions><speed>1.227853</speed><course>89.945098</course><hAcc>0.947673</hAcc><vAcc>0.822547</vAcc></extensions></trkpt>
      <trkpt lon="-77.032228" lat="38.897468"><ele>13.531022</ele><time>2022-11-29T19:42:51Z</time><extensions><speed>1.106511</speed><course>90.032918</course><hAcc>0.944698</hAcc><vAcc>0.820388</vAcc></extensions></trkpt>
      <trkpt lon="-77.032216" lat="38.897468"><ele>13.556495</ele><time>2022-11-29T19:42:52Z</time><extensions><speed>0.957713</speed><course>90.174368</course><hAcc>0.934589</hAcc><vAcc>0.818588</vAcc></extensions></trkpt>
      <trkpt lon="-77.032206" lat="38.897468"><ele>13.580795</ele><time>2022-11-29T19:42:53Z</time><extensions><speed>0.778627</speed><course>90.421916</course><hAcc>0.907850</hAcc><vAcc>0.817141</vAcc></extensions></trkpt>
      <trkpt lon="-77.032197" lat="38.897467"><ele>13.603482</ele><time>2022-11-29T19:42:54Z</time><extensions><speed>0.759736</speed><course>90.464925</course><hAcc>0.871616</hAcc><vAcc>0.816051</vAcc></extensions></trkpt>
      <trkpt lon="-77.032189" lat="38.897467"><ele>13.623974</ele><time>2022-11-29T19:42:55Z</time><extensions><speed>0.737953</speed><course>90.514395</course><hAcc>0.842082</hAcc><vAcc>0.815304</vAcc></extensions></trkpt>
      <trkpt lon="-77.032180" lat="38.897467"><ele>13.641655</ele><time>2022-11-29T19:42:56Z</time><extensions><speed>0.713427</speed><course>90.571950</course><hAcc>0.818508</hAcc><vAcc>0.814856</vAcc></extensions></trkpt>
      <trkpt lon="-77.032172" lat="38.897467"><ele>13.655818</ele><time>2022-11-29T19:42:57Z</time><extensions><speed>0.686324</speed><course>90.639488</course><hAcc>0.800082</hAcc><vAcc>0.814644</vAcc></extensions></trkpt>
      <trkpt lon="-77.032164" lat="38.897467"><ele>13.665896</ele><time>2022-11-29T19:42:58Z</time><extensions><speed>0.656861</speed><course>90.719222</course><hAcc>0.786001</hAcc><vAcc>0.814637</vAcc></extensions></trkpt>
      <trkpt lon="-77.032157" lat="38.897467"><ele>13.671652</ele><time>2022-11-29T19:43:00Z</time><extensions><speed>0.625228</speed><course>90.814208</course><hAcc>0.775503</hAcc><vAcc>0.814853</vAcc></extensions></trkpt>
      <trkpt lon="-77.032150" lat="38.897467"><ele>13.673025</ele><time>2022-11-29T19:43:01Z</time><extensions><speed>0.591776</speed><course>90.927201</course><hAcc>0.767898</hAcc><vAcc>0.815318</vAcc></extensions></trkpt>
      <trkpt lon="-77.032143" lat="38.897467"><ele>13.669943</ele><time>2022-11-29T19:43:02Z</time><extensions><speed>0.557111</speed><course>91.061504</course><hAcc>0.762586</hAcc><vAcc>0.816023</vAcc></extensions></trkpt>
      <trkpt lon="-77.032137" lat="38.897467"><ele>13.662503</ele><time>2022-11-29T19:43:03Z</time><extensions><speed>0.521523</speed><course>91.221415</course><hAcc>0.759067</hAcc><vAcc>0.816888</vAcc></extensions></trkpt>
      <trkpt lon="-77.032131" lat="38.897467"><ele>13.650621</ele><time>2022-11-29T19:43:04Z</time><extensions><speed>0.485368</speed><course>91.414024</course><hAcc>0.756980</hAcc><vAcc>0.817752</vAcc></extensions></trkpt>
      <trkpt lon="-77.032126" lat="38.897467"><ele>13.634298</ele><time>2022-11-29T19:43:05Z</time><extensions><speed>0.449415</speed><course>91.643100</course><hAcc>0.755914</hAcc><vAcc>0.818390</vAcc></extensions></trkpt>
      <trkpt lon="-77.032121" lat="38.897466"><ele>13.613549</ele><time>2022-11-29T19:43:06Z</time><extensions><speed>0.414236</speed><course>91.914057</course><hAcc>0.755581</hAcc><vAcc>0.818576</vAcc></extensions></trkpt>
      <trkpt lon="-77.032116" lat="38.897466"><ele>13.588685</ele><time>2022-11-29T19:43:07Z</time><extensions><speed>0.380165</speed><course>92.233538</course><hAcc>0.755746</hAcc><vAcc>0.818149</vAcc></extensions></trkpt>
      <trkpt lon="-77.032112" lat="38.897466"><ele>13.560331</ele><time>2022-11-29T19:43:08Z</time><extensions><speed>0.347473</speed><course>92.609255</course><hAcc>0.756224</hAcc><vAcc>0.817082</vAcc></extensions></trkpt>
      <trkpt lon="-77.032108" lat="38.897466"><ele>13.529282</ele><time>2022-11-29T19:43:09Z</time><extensions><speed>0.316335</speed><course>93.050388</course><hAcc>0.756877</hAcc><vAcc>0.815529</vAcc></extensions></trkpt>
      <trkpt lon="-77.032105" lat="38.897466"><ele>13.496255</ele><time>2022-11-29T19:43:10Z</time><extensions><speed>0.286880</speed><course>93.567490</course><hAcc>0.757613</hAcc><vAcc>0.813748</vAcc></extensions></trkpt>
      <trkpt lon="-77.032102" lat="38.897466"><ele>13.461719</ele><time>2022-11-29T19:43:11Z</time><extensions><speed>0.259218</speed><course>94.171923</course><hAcc>0.758374</hAcc><vAcc>0.812009</vAcc></extensions></trkpt>
      <trkpt lon="-77.032099" lat="38.897466"><ele>13.425906</ele><time>2022-11-29T19:43:12Z</time><extensions><speed>0.233418</speed><course>94.875965</course><hAcc>0.759129</hAcc><vAcc>0.810574</vAcc></extensions></trkpt>
      <trkpt lon="-77.032096" lat="38.897465"><ele>13.388753</ele><time>2022-11-29T19:43:13Z</time><extensions><speed>0.209533</speed><course>95.691273</course><hAcc>0.759865</hAcc><vAcc>0.809650</vAcc></extensions></trkpt>
      <trkpt lon="-77.032094" lat="38.897465"><ele>13.349835</ele><time>2022-11-29T19:43:14Z</time><extensions><speed>0.187671</speed><course>96.640006</course><hAcc>0.760585</hAcc><vAcc>0.809322</vAcc></extensions></trkpt>
      <trkpt lon="-77.032092" lat="38.897465"><ele>13.308487</ele><time>2022-11-29T19:43:15Z</time><extensions><speed>0.167789</speed><course>97.727955</course><hAcc>0.761283</hAcc><vAcc>0.809543</vAcc></extensions></trkpt>
      <trkpt lon="-77.032090" lat="38.897465"><ele>13.264079</ele><time>2022-11-29T19:43:16Z</time><extensions><speed>0.149542</speed><course>98.967658</course><hAcc>0.761948</hAcc><vAcc>0.810197</vAcc></extensions></trkpt>
      <trkpt lon="-77.032089" lat="38.897465"><ele>13.216057</ele><time>2022-11-29T19:43:17Z</time><extensions><speed>0.133001</speed><course>100.331588</course><hAcc>0.762551</hAcc><vAcc>0.811140</vAcc></extensions></trkpt>
      <trkpt lon="-77.032087" lat="38.897464"><ele>13.163911</ele><time>2022-11-29T19:43:18Z</time><extensions><speed>0.118053</speed><course>101.831475</course><hAcc>0.763075</hAcc><vAcc>0.812210</vAcc></extensions></trkpt>
      <trkpt lon="-77.032086" lat="38.897464"><ele>13.107167</ele><time>2022-11-29T19:43:19Z</time><extensions><speed>0.104730</speed><course>103.446711</course><hAcc>0.763478</hAcc><vAcc>0.813224</vAcc></extensions></trkpt>
      <trkpt lon="-77.032085" lat="38.897464"><ele>13.045441</ele><time>2022-11-29T19:43:20Z</time><extensions><speed>0.093017</speed><course>105.120856</course><hAcc>0.763721</hAcc><vAcc>0.813984</vAcc></extensions></trkpt>
      <trkpt lon="-77.032085" lat="38.897464"><ele>12.978482</ele><time>2022-11-29T19:43:21Z</time><extensions><speed>0.082835</speed><course>106.768733</course><hAcc>0.763756</hAcc><vAcc>0.814285</vAcc></extensions></trkpt>
      <trkpt lon="-77.032084" lat="38.897464"><ele>12.906227</ele><time>2022-11-29T19:43:22Z</time><extensions><speed>0.074063</speed><course>108.288283</course><hAcc>0.763534</hAcc><vAcc>0.813934</vAcc></extensions></trkpt>
      <trkpt lon="-77.032083" lat="38.897463"><ele>12.828850</ele><time>2022-11-29T19:43:23Z</time><extensions><speed>0.066627</speed><course>109.534911</course><hAcc>0.763011</hAcc><vAcc>0.812755</vAcc></extensions></trkpt>
      <trkpt lon="-77.032083" lat="38.897463"><ele>12.746747</ele><time>2022-11-29T19:43:24Z</time><extensions><speed>0.060375</speed><course>110.265084</course><hAcc>0.762159</hAcc><vAcc>0.810596</vAcc></extensions></trkpt>
      <trkpt lon="-77.032082" lat="38.897463"><ele>12.660413</ele><time>2022-11-29T19:43:25Z</time><extensions><speed>0.055198</speed><course>110.238347</course><hAcc>0.760962</hAcc><vAcc>0.807356</vAcc></extensions></trkpt>
      <trkpt lon="-77.032082" lat="38.897463"><ele>12.571047</ele><time>2022-11-29T19:43:26Z</time><extensions><speed>0.051250</speed><course>109.125562</course><hAcc>0.759415</hAcc><vAcc>0.803011</vAcc></extensions></trkpt>
      <trkpt lon="-77.032082" lat="38.897463"><ele>12.480173</ele><time>2022-11-29T19:43:27Z</time><extensions><speed>0.048415</speed><course>106.731803</course><hAcc>0.757524</hAcc><vAcc>0.797647</vAcc></extensions></trkpt>
      <trkpt lon="-77.032081" lat="38.897463"><ele>12.389769</ele><time>2022-11-29T19:43:28Z</time><extensions><speed>0.046650</speed><course>102.986470</course><hAcc>0.755325</hAcc><vAcc>0.791477</vAcc></extensions></trkpt>
      <trkpt lon="-77.032081" lat="38.897462"><ele>12.302044</ele><time>2022-11-29T19:43:29Z</time><extensions><speed>0.046012</speed><course>98.096828</course><hAcc>0.752872</hAcc><vAcc>0.784788</vAcc></extensions></trkpt>
      <trkpt lon="-77.032081" lat="38.897462"><ele>12.218948</ele><time>2022-11-29T19:43:30Z</time><extensions><speed>0.046636</speed><course>92.593433</course><hAcc>0.750248</hAcc><vAcc>0.777844</vAcc></extensions></trkpt>
      <trkpt lon="-77.032080" lat="38.897462"><ele>12.141779</ele><time>2022-11-29T19:43:31Z</time><extensions><speed>0.048791</speed><course>87.142727</course><hAcc>0.747566</hAcc><vAcc>0.770831</vAcc></extensions></trkpt>
      <trkpt lon="-77.032080" lat="38.897462"><ele>12.071133</ele><time>2022-11-29T19:43:32Z</time><extensions><speed>0.052369</speed><course>82.394080</course><hAcc>0.744958</hAcc><vAcc>0.763901</vAcc></extensions></trkpt>
      <trkpt lon="-77.032079" lat="38.897463"><ele>12.007708</ele><time>2022-11-29T19:43:33Z</time><extensions><speed>0.057176</speed><course>78.744114</course><hAcc>0.742574</hAcc><vAcc>0.757210</vAcc></extensions></trkpt>
      <trkpt lon="-77.032079" lat="38.897463"><ele>11.952327</ele><time>2022-11-29T19:43:34Z</time><extensions><speed>0.062878</speed><course>76.314452</course><hAcc>0.740591</hAcc><vAcc>0.750920</vAcc></extensions></trkpt>
      <trkpt lon="-77.032078" lat="38.897463"><ele>11.906124</ele><time>2022-11-29T19:43:35Z</time><extensions><speed>0.069264</speed><course>74.959697</course><hAcc>0.739203</hAcc><vAcc>0.745182</vAcc></extensions></trkpt>
      <trkpt lon="-77.032078" lat="38.897463"><ele>11.870154</ele><time>2022-11-29T19:43:36Z</time><extensions><speed>0.076072</speed><course>74.347509</course><hAcc>0.738607</hAcc><vAcc>0.740130</vAcc></extensions></trkpt>
      <trkpt lon="-77.032077" lat="38.897463"><ele>11.844629</ele><time>2022-11-29T19:43:37Z</time><extensions><speed>0.083724</speed><course>74.350315</course><hAcc>0.739017</hAcc><vAcc>0.735920</vAcc></extensions></trkpt>
      <trkpt lon="-77.032076" lat="38.897463"><ele>11.829298</ele><time>2022-11-29T19:43:38Z</time><extensions><speed>0.092202</speed><course>74.779929</course><hAcc>0.740670</hAcc><vAcc>0.732751</vAcc></extensions></trkpt>
      <trkpt lon="-77.032075" lat="38.897464"><ele>11.823561</ele><time>2022-11-29T19:43:39Z</time><extensions><speed>0.101731</speed><course>75.514812</course><hAcc>0.743807</hAcc><vAcc>0.730839</vAcc></extensions></trkpt>
      <trkpt lon="-77.032074" lat="38.897464"><ele>11.826965</ele><time>2022-11-29T19:43:40Z</time><extensions><speed>0.112430</speed><course>76.438860</course><hAcc>0.748658</hAcc><vAcc>0.730373</vAcc></extensions></trkpt>
      <trkpt lon="-77.032073" lat="38.897464"><ele>11.838984</ele><time>2022-11-29T19:43:41Z</time><extensions><speed>0.124420</speed><course>77.460869</course><hAcc>0.755440</hAcc><vAcc>0.731520</vAcc></extensions></trkpt>
      <trkpt lon="-77.032071" lat="38.897464"><ele>11.859195</ele><time>2022-11-29T19:43:42Z</time><extensions><speed>0.137805</speed><course>78.512444</course><hAcc>0.764366</hAcc><vAcc>0.734458</vAcc></extensions></trkpt>
      <trkpt lon="-77.032070" lat="38.897465"><ele>11.887012</ele><time>2022-11-29T19:43:43Z</time><extensions><speed>0.152737</speed><course>79.548144</course><hAcc>0.775640</hAcc><vAcc>0.739421</vAcc></extensions></trkpt>
      <trkpt lon="-77.032068" lat="38.897465"><ele>11.921867</ele><time>2022-11-29T19:43:44Z</time><extensions><speed>0.169245</speed><course>80.531261</course><hAcc>0.789447</hAcc><vAcc>0.746746</vAcc></extensions></trkpt>
      <trkpt lon="-77.032066" lat="38.897465"><ele>11.962991</ele><time>2022-11-29T19:43:45Z</time><extensions><speed>0.187301</speed><course>81.445982</course><hAcc>0.805948</hAcc><vAcc>0.756888</vAcc></extensions></trkpt>
      <trkpt lon="-77.032064" lat="38.897465"><ele>12.009622</ele><time>2022-11-29T19:43:46Z</time><extensions><speed>0.206865</speed><course>82.280345</course><hAcc>0.825257</hAcc><vAcc>0.770421</vAcc></extensions></trkpt>
      <trkpt lon="-77.032061" lat="38.897466"><ele>12.060898</ele><time>2022-11-29T19:43:47Z</time><extensions><speed>0.227849</speed><course>83.029721</course><hAcc>0.847435</hAcc><vAcc>0.788011</vAcc></extensions></trkpt>
      <trkpt lon="-77.032059" lat="38.897466"><ele>12.115816</ele><time>2022-11-29T19:43:48Z</time><extensions><speed>0.250257</speed><course>83.698399</course><hAcc>0.872482</hAcc><vAcc>0.810352</vAcc></extensions></trkpt>
      <trkpt lon="-77.032056" lat="38.897466"><ele>12.173242</ele><time>2022-11-29T19:43:49Z</time><extensions><speed>0.274012</speed><course>84.290901</course><hAcc>0.900342</hAcc><vAcc>0.838078</vAcc></extensions></trkpt>
      <trkpt lon="-77.032052" lat="38.897466"><ele>12.231914</ele><time>2022-11-29T19:43:50Z</time><extensions><speed>0.298997</speed><course>84.813149</course><hAcc>0.930889</hAcc><vAcc>0.871651</vAcc></extensions></trkpt>
      <trkpt lon="-77.032049" lat="38.897467"><ele>12.290669</ele><time>2022-11-29T19:43:51Z</time><extensions><speed>0.324959</speed><course>85.269761</course><hAcc>0.963911</hAcc><vAcc>0.911246</vAcc></extensions></trkpt>
      <trkpt lon="-77.032045" lat="38.897467"><ele>12.348011</ele><time>2022-11-29T19:43:52Z</time><extensions><speed>0.351690</speed><course>85.668010</course><hAcc>0.999135</hAcc><vAcc>0.956629</vAcc></extensions></trkpt>
      <trkpt lon="-77.032041" lat="38.897467"><ele>12.403114</ele><time>2022-11-29T19:43:53Z</time><extensions><speed>0.379122</speed><course>86.017438</course><hAcc>1.036271</hAcc><vAcc>1.007017</vAcc></extensions></trkpt>
      <trkpt lon="-77.032036" lat="38.897467"><ele>12.455829</ele><time>2022-11-29T19:43:54Z</time><extensions><speed>0.406769</speed><course>86.321072</course><hAcc>1.074852</hAcc><vAcc>1.060971</vAcc></extensions></trkpt>
      <trkpt lon="-77.032031" lat="38.897468"><ele>12.505838</ele><time>2022-11-29T19:43:55Z</time><extensions><speed>0.434677</speed><course>86.588132</course><hAcc>1.114452</hAcc><vAcc>1.116646</vAcc></extensions></trkpt>
      <trkpt lon="-77.032026" lat="38.897468"><ele>12.553437</ele><time>2022-11-29T19:43:56Z</time><extensions><speed>0.462564</speed><course>86.822706</course><hAcc>1.154647</hAcc><vAcc>1.172340</vAcc></extensions></trkpt>
      <trkpt lon="-77.032020" lat="38.897468"><ele>12.598552</ele><time>2022-11-29T19:43:57Z</time><extensions><speed>0.490607</speed><course>87.031440</course><hAcc>1.195059</hAcc><vAcc>1.226753</vAcc></extensions></trkpt>
      <trkpt lon="-77.032015" lat="38.897468"><ele>12.641048</ele><time>2022-11-29T19:43:58Z</time><extensions><speed>0.518780</speed><course>87.218222</course><hAcc>1.235369</hAcc><vAcc>1.278941</vAcc></extensions></trkpt>
      <trkpt lon="-77.032008" lat="38.897468"><ele>12.681542</ele><time>2022-11-29T19:43:59Z</time><extensions><speed>0.547235</speed><course>87.387056</course><hAcc>1.275307</hAcc><vAcc>1.328259</vAcc></extensions></trkpt>
      <trkpt lon="-77.032002" lat="38.897469"><ele>12.720336</ele><time>2022-11-29T19:44:00Z</time><extensions><speed>0.575915</speed><course>87.540050</course><hAcc>1.314636</hAcc><vAcc>1.374296</vAcc></extensions></trkpt>
      <trkpt lon="-77.031995" lat="38.897469"><ele>12.757470</ele><time>2022-11-29T19:44:01Z</time><extensions><speed>0.604752</speed><course>87.679174</course><hAcc>1.353183</hAcc><vAcc>1.416825</vAcc></extensions></trkpt>
      <trkpt lon="-77.031988" lat="38.897469"><ele>12.793049</ele><time>2022-11-29T19:44:02Z</time><extensions><speed>0.633791</speed><course>87.806491</course><hAcc>1.390816</hAcc><vAcc>1.455760</vAcc></extensions></trkpt>
      <trkpt lon="-77.031980" lat="38.897469"><ele>12.827202</ele><time>2022-11-29T19:44:03Z</time><extensions><speed>0.663016</speed><course>87.923529</course><hAcc>1.427403</hAcc><vAcc>1.491116</vAcc></extensions></trkpt>
      <trkpt lon="-77.031972" lat="38.897470"><ele>12.859602</ele><time>2022-11-29T19:44:04Z</time><extensions><speed>0.692631</speed><course>88.031986</course><hAcc>1.462901</hAcc><vAcc>1.522988</vAcc></extensions></trkpt>
      <trkpt lon="-77.031964" lat="38.897470"><ele>12.890552</ele><time>2022-11-29T19:44:05Z</time><extensions><speed>0.722061</speed><course>88.131632</course><hAcc>1.497289</hAcc><vAcc>1.551522</vAcc></extensions></trkpt>
      <trkpt lon="-77.031956" lat="38.897470"><ele>12.920542</ele><time>2022-11-29T19:44:06Z</time><extensions><speed>0.751220</speed><course>88.222975</course><hAcc>1.530542</hAcc><vAcc>1.576901</vAcc></extensions></trkpt>
      <trkpt lon="-77.031947" lat="38.897470"><ele>12.949416</ele><time>2022-11-29T19:44:07Z</time><extensions><speed>0.779916</speed><course>88.306087</course><hAcc>1.562639</hAcc><vAcc>1.599332</vAcc></extensions></trkpt>
      <trkpt lon="-77.031938" lat="38.897470"><ele>12.977345</ele><time>2022-11-29T19:44:08Z</time><extensions><speed>0.808282</speed><course>88.381620</course><hAcc>1.593630</hAcc><vAcc>1.619033</vAcc></extensions></trkpt>
      <trkpt lon="-77.031928" lat="38.897471"><ele>13.003937</ele><time>2022-11-29T19:44:09Z</time><extensions><speed>0.835806</speed><course>88.449759</course><hAcc>1.623572</hAcc><vAcc>1.636230</vAcc></extensions></trkpt>
      <trkpt lon="-77.031918" lat="38.897471"><ele>13.030022</ele><time>2022-11-29T19:44:10Z</time><extensions><speed>0.862162</speed><course>88.511052</course><hAcc>1.652559</hAcc><vAcc>1.651144</vAcc></extensions></trkpt>
      <trkpt lon="-77.031908" lat="38.897471"><ele>13.055443</ele><time>2022-11-29T19:44:11Z</time><extensions><speed>0.887661</speed><course>88.567165</course><hAcc>1.680717</hAcc><vAcc>1.663994</vAcc></extensions></trkpt>
      <trkpt lon="-77.031898" lat="38.897471"><ele>13.080370</ele><time>2022-11-29T19:44:12Z</time><extensions><speed>0.912140</speed><course>88.618732</course><hAcc>1.708161</hAcc><vAcc>1.674990</vAcc></extensions></trkpt>
      <trkpt lon="-77.031887" lat="38.897471"><ele>13.104272</ele><time>2022-11-29T19:44:13Z</time><extensions><speed>0.935633</speed><course>88.666943</course><hAcc>1.735046</hAcc><vAcc>1.684329</vAcc></extensions></trkpt>
      <trkpt lon="-77.031876" lat="38.897472"><ele>13.128212</ele><time>2022-11-29T19:44:14Z</time><extensions><speed>0.958486</speed><course>88.712738</course><hAcc>1.761518</hAcc><vAcc>1.692197</vAcc></extensions></trkpt>
      <trkpt lon="-77.031865" lat="38.897472"><ele>13.151169</ele><time>2022-11-29T19:44:15Z</time><extensions><speed>0.980299</speed><course>88.755794</course><hAcc>1.787788</hAcc><vAcc>1.698768</vAcc></extensions></trkpt>
      <trkpt lon="-77.031854" lat="38.897472"><ele>13.173569</ele><time>2022-11-29T19:44:16Z</time><extensions><speed>1.000735</speed><course>88.795992</course><hAcc>1.814079</hAcc><vAcc>1.704202</vAcc></extensions></trkpt>
      <trkpt lon="-77.031842" lat="38.897472"><ele>13.195458</ele><time>2022-11-29T19:44:17Z</time><extensions><speed>1.020041</speed><course>88.833898</course><hAcc>1.840630</hAcc><vAcc>1.708644</vAcc></extensions></trkpt>
      <trkpt lon="-77.031830" lat="38.897472"><ele>13.217129</ele><time>2022-11-29T19:44:18Z</time><extensions><speed>1.039311</speed><course>88.870966</course><hAcc>1.867648</hAcc><vAcc>1.712230</vAcc></extensions></trkpt>
      <trkpt lon="-77.031818" lat="38.897472"><ele>13.237955</ele><time>2022-11-29T19:44:19Z</time><extensions><speed>1.057612</speed><course>88.905934</course><hAcc>1.895459</hAcc><vAcc>1.715080</vAcc></extensions></trkpt>
      <trkpt lon="-77.031806" lat="38.897473"><ele>13.258227</ele><time>2022-11-29T19:44:20Z</time><extensions><speed>1.074727</speed><course>88.938615</course><hAcc>1.924335</hAcc><vAcc>1.717304</vAcc></extensions></trkpt>
      <trkpt lon="-77.031793" lat="38.897473"><ele>13.278243</ele><time>2022-11-29T19:44:21Z</time><extensions><speed>1.090517</speed><course>88.968948</course><hAcc>1.954586</hAcc><vAcc>1.719000</vAcc></extensions></trkpt>
      <trkpt lon="-77.031780" lat="38.897473"><ele>13.297208</ele><time>2022-11-29T19:44:22Z</time><extensions><speed>1.104835</speed><course>88.996991</course><hAcc>1.986563</hAcc><vAcc>1.720257</vAcc></extensions></trkpt>
      <trkpt lon="-77.031768" lat="38.897473"><ele>13.315409</ele><time>2022-11-29T19:44:23Z</time><extensions><speed>1.118160</speed><course>89.023335</course><hAcc>2.020605</hAcc><vAcc>1.721153</vAcc></extensions></trkpt>
      <trkpt lon="-77.031755" lat="38.897473"><ele>13.332688</ele><time>2022-11-29T19:44:24Z</time><extensions><speed>1.130042</speed><course>89.047627</course><hAcc>2.056450</hAcc><vAcc>1.721633</vAcc></extensions></trkpt>
      <trkpt lon="-77.031742" lat="38.897474"><ele>13.349929</ele><time>2022-11-29T19:44:25Z</time><extensions><speed>1.141101</speed><course>89.070195</course><hAcc>2.095460</hAcc><vAcc>1.721998</vAcc></extensions></trkpt>
      <trkpt lon="-77.031728" lat="38.897474"><ele>13.366550</ele><time>2022-11-29T19:44:26Z</time><extensions><speed>1.151301</speed><course>89.091227</course><hAcc>2.137721</hAcc><vAcc>1.722200</vAcc></extensions></trkpt>
      <trkpt lon="-77.031715" lat="38.897474"><ele>13.382422</ele><time>2022-11-29T19:44:27Z</time><extensions><speed>1.160501</speed><course>89.110684</course><hAcc>2.183439</hAcc><vAcc>1.722272</vAcc></extensions></trkpt>
      <trkpt lon="-77.031702" lat="38.897474"><ele>13.397437</ele><time>2022-11-29T19:44:28Z</time><extensions><speed>1.169202</speed><course>89.128853</course><hAcc>2.232981</hAcc><vAcc>1.722243</vAcc></extensions></trkpt>
      <trkpt lon="-77.031688" lat="38.897474"><ele>13.411469</ele><time>2022-11-29T19:44:29Z</time><extensions><speed>1.177200</speed><course>89.145505</course><hAcc>2.286832</hAcc><vAcc>1.722173</vAcc></extensions></trkpt>
      <trkpt lon="-77.031674" lat="38.897474"><ele>13.424140</ele><time>2022-11-29T19:44:30Z</time><extensions><speed>1.251433</speed><course>89.299413</course><hAcc>2.332373</hAcc><vAcc>1.722040</vAcc></extensions></trkpt>
      <trkpt lon="-77.031659" lat="38.897474"><ele>13.436447</ele><time>2022-11-29T19:44:31Z</time><extensions><speed>1.317214</speed><course>89.426210</course><hAcc>2.360413</hAcc><vAcc>1.721894</vAcc></extensions></trkpt>
      <trkpt lon="-77.031643" lat="38.897475"><ele>13.447982</ele><time>2022-11-29T19:44:32Z</time><extensions><speed>1.376418</speed><course>89.531970</course><hAcc>2.376871</hAcc><vAcc>1.721741</vAcc></extensions></trkpt>
      <trkpt lon="-77.031627" lat="38.897475"><ele>13.458724</ele><time>2022-11-29T19:44:33Z</time><extensions><speed>1.427589</speed><course>89.620424</course><hAcc>2.385605</hAcc><vAcc>1.721577</vAcc></extensions></trkpt>
      <trkpt lon="-77.031610" lat="38.897475"><ele>13.468532</ele><time>2022-11-29T19:44:34Z</time><extensions><speed>1.471310</speed><course>89.695431</course><hAcc>2.389336</hAcc><vAcc>1.721408</vAcc></extensions></trkpt>
      <trkpt lon="-77.031593" lat="38.897475"><ele>13.477421</ele><time>2022-11-29T19:44:35Z</time><extensions><speed>1.507493</speed><course>89.759487</course><hAcc>2.389968</hAcc><vAcc>1.721227</vAcc></extensions></trkpt>
      <trkpt lon="-77.031576" lat="38.897475"><ele>13.485410</ele><time>2022-11-29T19:44:36Z</time><extensions><speed>1.537622</speed><course>89.814806</course><hAcc>2.388792</hAcc><vAcc>1.721034</vAcc></extensions></trkpt>
      <trkpt lon="-77.031558" lat="38.897475"><ele>13.492618</ele><time>2022-11-29T19:44:37Z</time><extensions><speed>1.562154</speed><course>89.862792</course><hAcc>2.386653</hAcc><vAcc>1.720832</vAcc></extensions></trkpt>
      <trkpt lon="-77.031539" lat="38.897475"><ele>13.499098</ele><time>2022-11-29T19:44:38Z</time><extensions><speed>1.580553</speed><course>89.904444</course><hAcc>2.384035</hAcc><vAcc>1.720617</vAcc></extensions></trkpt>
      <trkpt lon="-77.031521" lat="38.897475"><ele>13.504903</ele><time>2022-11-29T19:44:39Z</time><extensions><speed>1.593739</speed><course>89.940735</course><hAcc>2.381250</hAcc><vAcc>1.720372</vAcc></extensions></trkpt>
      <trkpt lon="-77.031503" lat="38.897475"><ele>13.510188</ele><time>2022-11-29T19:44:40Z</time><extensions><speed>1.603931</speed><course>89.972353</course><hAcc>2.379175</hAcc><vAcc>1.720100</vAcc></extensions></trkpt>
      <trkpt lon="-77.031484" lat="38.897475"><ele>13.514530</ele><time>2022-11-29T19:44:41Z</time><extensions><speed>1.610934</speed><course>89.999907</course><hAcc>2.377973</hAcc><vAcc>1.719813</vAcc></extensions></trkpt>
      <trkpt lon="-77.031465" lat="38.897475"><ele>13.517549</ele><time>2022-11-29T19:44:42Z</time><extensions><speed>1.616481</speed><course>90.024245</course><hAcc>2.375267</hAcc><vAcc>1.719406</vAcc></extensions></trkpt>
      <trkpt lon="-77.031447" lat="38.897475"><ele>13.519934</ele><time>2022-11-29T19:44:43Z</time><extensions><speed>1.619860</speed><course>90.045391</course><hAcc>2.371513</hAcc><vAcc>1.718867</vAcc></extensions></trkpt>
      <trkpt lon="-77.031428" lat="38.897475"><ele>13.521855</ele><time>2022-11-29T19:44:44Z</time><extensions><speed>1.621961</speed><course>90.063758</course><hAcc>2.366731</hAcc><vAcc>1.718189</vAcc></extensions></trkpt>
      <trkpt lon="-77.031409" lat="38.897475"><ele>13.522930</ele><time>2022-11-29T19:44:45Z</time><extensions><speed>1.621990</speed><course>90.079493</course><hAcc>2.360964</hAcc><vAcc>1.717349</vAcc></extensions></trkpt>
      <trkpt lon="-77.031390" lat="38.897475"><ele>13.524750</ele><time>2022-11-29T19:44:46Z</time><extensions><speed>1.621742</speed><course>90.092741</course><hAcc>2.354796</hAcc><vAcc>1.716312</vAcc></extensions></trkpt>
      <trkpt lon="-77.031371" lat="38.897475"><ele>13.526693</ele><time>2022-11-29T19:44:47Z</time><extensions><speed>1.620014</speed><course>90.103736</course><hAcc>2.347732</hAcc><vAcc>1.715038</vAcc></extensions></trkpt>
      <trkpt lon="-77.031352" lat="38.897475"><ele>13.527867</ele><time>2022-11-29T19:44:48Z</time><extensions><speed>1.616630</speed><course>90.112684</course><hAcc>2.339560</hAcc><vAcc>1.713481</vAcc></extensions></trkpt>
      <trkpt lon="-77.031333" lat="38.897475"><ele>13.529116</ele><time>2022-11-29T19:44:49Z</time><extensions><speed>1.611635</speed><course>90.119717</course><hAcc>2.330160</hAcc><vAcc>1.711578</vAcc></extensions></trkpt>
      <trkpt lon="-77.031315" lat="38.897475"><ele>13.530604</ele><time>2022-11-29T19:44:50Z</time><extensions><speed>1.605839</speed><course>90.124898</course><hAcc>2.319880</hAcc><vAcc>1.709265</vAcc></extensions></trkpt>
      <trkpt lon="-77.031296" lat="38.897475"><ele>13.532531</ele><time>2022-11-29T19:44:51Z</time><extensions><speed>1.599572</speed><course>90.128335</course><hAcc>2.308367</hAcc><vAcc>1.706467</vAcc></extensions></trkpt>
      <trkpt lon="-77.031277" lat="38.897475"><ele>13.534651</ele><time>2022-11-29T19:44:52Z</time><extensions><speed>1.592809</speed><course>90.130091</course><hAcc>2.295390</hAcc><vAcc>1.703100</vAcc></extensions></trkpt>
      <trkpt lon="-77.031259" lat="38.897475"><ele>13.536675</ele><time>2022-11-29T19:44:53Z</time><extensions><speed>1.584798</speed><course>90.130251</course><hAcc>2.281027</hAcc><vAcc>1.699072</vAcc></extensions></trkpt>
      <trkpt lon="-77.031241" lat="38.897475"><ele>13.538390</ele><time>2022-11-29T19:44:54Z</time><extensions><speed>1.576305</speed><course>90.128819</course><hAcc>2.265104</hAcc><vAcc>1.694280</vAcc></extensions></trkpt>
      <trkpt lon="-77.031223" lat="38.897475"><ele>13.540483</ele><time>2022-11-29T19:44:55Z</time><extensions><speed>1.568609</speed><course>90.125750</course><hAcc>2.247797</hAcc><vAcc>1.688614</vAcc></extensions></trkpt>
      <trkpt lon="-77.031204" lat="38.897475"><ele>13.543197</ele><time>2022-11-29T19:44:56Z</time><extensions><speed>1.560850</speed><course>90.121049</course><hAcc>2.228558</hAcc><vAcc>1.681954</vAcc></extensions></trkpt>
      <trkpt lon="-77.031187" lat="38.897475"><ele>13.546544</ele><time>2022-11-29T19:44:57Z</time><extensions><speed>1.551148</speed><course>90.114775</course><hAcc>2.206320</hAcc><vAcc>1.674175</vAcc></extensions></trkpt>
      <trkpt lon="-77.031169" lat="38.897474"><ele>13.550557</ele><time>2022-11-29T19:44:58Z</time><extensions><speed>1.539548</speed><course>90.106904</course><hAcc>2.179308</hAcc><vAcc>1.665149</vAcc></extensions></trkpt>
      <trkpt lon="-77.031151" lat="38.897474"><ele>13.555152</ele><time>2022-11-29T19:44:59Z</time><extensions><speed>1.526933</speed><course>90.097362</course><hAcc>2.144813</hAcc><vAcc>1.654743</vAcc></extensions></trkpt>
      <trkpt lon="-77.031134" lat="38.897474"><ele>13.560282</ele><time>2022-11-29T19:45:00Z</time><extensions><speed>1.512739</speed><course>90.086103</course><hAcc>2.099005</hAcc><vAcc>1.642824</vAcc></extensions></trkpt>
      <trkpt lon="-77.031117" lat="38.897474"><ele>13.566101</ele><time>2022-11-29T19:45:01Z</time><extensions><speed>1.495870</speed><course>90.073088</course><hAcc>2.036319</hAcc><vAcc>1.629264</vAcc></extensions></trkpt>
      <trkpt lon="-77.031099" lat="38.897474"><ele>13.573043</ele><time>2022-11-29T19:45:02Z</time><extensions><speed>1.494268</speed><course>90.071726</course><hAcc>1.964790</hAcc><vAcc>1.613922</vAcc></extensions></trkpt>
      <trkpt lon="-77.031082" lat="38.897474"><ele>13.581153</ele><time>2022-11-29T19:45:03Z</time><extensions><speed>1.492387</speed><course>90.069886</course><hAcc>1.897456</hAcc><vAcc>1.596718</vAcc></extensions></trkpt>
      <trkpt lon="-77.031065" lat="38.897474"><ele>13.590247</ele><time>2022-11-29T19:45:04Z</time><extensions><speed>1.490178</speed><course>90.067739</course><hAcc>1.833961</hAcc><vAcc>1.577566</vAcc></extensions></trkpt>
      <trkpt lon="-77.031048" lat="38.897474"><ele>13.600432</ele><time>2022-11-29T19:45:05Z</time><extensions><speed>1.487759</speed><course>90.067402</course><hAcc>1.774019</hAcc><vAcc>1.556416</vAcc></extensions></trkpt>
      <trkpt lon="-77.031031" lat="38.897474"><ele>13.611774</ele><time>2022-11-29T19:45:06Z</time><extensions><speed>1.485332</speed><course>90.065288</course><hAcc>1.717381</hAcc><vAcc>1.533261</vAcc></extensions></trkpt>
      <trkpt lon="-77.031014" lat="38.897474"><ele>13.624264</ele><time>2022-11-29T19:45:07Z</time><extensions><speed>1.482936</speed><course>90.059602</course><hAcc>1.663843</hAcc><vAcc>1.508152</vAcc></extensions></trkpt>
      <trkpt lon="-77.030997" lat="38.897474"><ele>13.637900</ele><time>2022-11-29T19:45:08Z</time><extensions><speed>1.480293</speed><course>90.054049</course><hAcc>1.613215</hAcc><vAcc>1.481216</vAcc></extensions></trkpt>
      <trkpt lon="-77.030980" lat="38.897474"><ele>13.652762</ele><time>2022-11-29T19:45:09Z</time><extensions><speed>1.477942</speed><course>90.050817</course><hAcc>1.565330</hAcc><vAcc>1.452671</vAcc></extensions></trkpt>
      <trkpt lon="-77.030963" lat="38.897474"><ele>13.668879</ele><time>2022-11-29T19:45:10Z</time><extensions><speed>1.475997</speed><course>90.050204</course><hAcc>1.520055</hAcc><vAcc>1.422845</vAcc></extensions></trkpt>
      <trkpt lon="-77.030946" lat="38.897474"><ele>13.686251</ele><time>2022-11-29T19:45:11Z</time><extensions><speed>1.473656</speed><course>90.050183</course><hAcc>1.477295</hAcc><vAcc>1.392202</vAcc></extensions></trkpt>
      <trkpt lon="-77.030929" lat="38.897474"><ele>13.704875</ele><time>2022-11-29T19:45:12Z</time><extensions><speed>1.471364</speed><course>90.051753</course><hAcc>1.436989</hAcc><vAcc>1.361349</vAcc></extensions></trkpt>
      <trkpt lon="-77.030912" lat="38.897474"><ele>13.724730</ele><time>2022-11-29T19:45:13Z</time><extensions><speed>1.468942</speed><course>90.056628</course><hAcc>1.399106</hAcc><vAcc>1.331054</vAcc></extensions></trkpt>
      <trkpt lon="-77.030895" lat="38.897474"><ele>13.745795</ele><time>2022-11-29T19:45:14Z</time><extensions><speed>1.466611</speed><course>90.061124</course><hAcc>1.363666</hAcc><vAcc>1.302233</vAcc></extensions></trkpt>
      <trkpt lon="-77.030878" lat="38.897474"><ele>13.768095</ele><time>2022-11-29T19:45:15Z</time><extensions><speed>1.464032</speed><course>90.065469</course><hAcc>1.330668</hAcc><vAcc>1.275696</vAcc></extensions></trkpt>
      <trkpt lon="-77.030861" lat="38.897474"><ele>13.791539</ele><time>2022-11-29T19:45:16Z</time><extensions><speed>1.461352</speed><course>90.069590</course><hAcc>1.300118</hAcc><vAcc>1.251781</vAcc></extensions></trkpt>
      <trkpt lon="-77.030845" lat="38.897474"><ele>13.816033</ele><time>2022-11-29T19:45:17Z</time><extensions><speed>1.458625</speed><course>90.073543</course><hAcc>1.271959</hAcc><vAcc>1.230426</vAcc></extensions></trkpt>
      <trkpt lon="-77.030828" lat="38.897474"><ele>13.841377</ele><time>2022-11-29T19:45:18Z</time><extensions><speed>1.455705</speed><course>90.077359</course><hAcc>1.246091</hAcc><vAcc>1.211385</vAcc></extensions></trkpt>
      <trkpt lon="-77.030811" lat="38.897474"><ele>13.867326</ele><time>2022-11-29T19:45:19Z</time><extensions><speed>1.452952</speed><course>90.080598</course><hAcc>1.222371</hAcc><vAcc>1.194281</vAcc></extensions></trkpt>
      <trkpt lon="-77.030794" lat="38.897474"><ele>13.893612</ele><time>2022-11-29T19:45:20Z</time><extensions><speed>1.450162</speed><course>90.084279</course><hAcc>1.200652</hAcc><vAcc>1.178673</vAcc></extensions></trkpt>
      <trkpt lon="-77.030778" lat="38.897474"><ele>13.920018</ele><time>2022-11-29T19:45:21Z</time><extensions><speed>1.447533</speed><course>90.068598</course><hAcc>1.180791</hAcc><vAcc>1.164151</vAcc></extensions></trkpt>
      <trkpt lon="-77.030761" lat="38.897474"><ele>13.945908</ele><time>2022-11-29T19:45:22Z</time><extensions><speed>1.445110</speed><course>90.055514</course><hAcc>1.162640</hAcc><vAcc>1.150355</vAcc></extensions></trkpt>
      <trkpt lon="-77.030744" lat="38.897474"><ele>13.971089</ele><time>2022-11-29T19:45:23Z</time><extensions><speed>1.442858</speed><course>90.045388</course><hAcc>1.146082</hAcc><vAcc>1.137010</vAcc></extensions></trkpt>
      <trkpt lon="-77.030728" lat="38.897474"><ele>13.995298</ele><time>2022-11-29T19:45:24Z</time><extensions><speed>1.440795</speed><course>90.037876</course><hAcc>1.130972</hAcc><vAcc>1.123969</vAcc></extensions></trkpt>
      <trkpt lon="-77.030711" lat="38.897474"><ele>14.018330</ele><time>2022-11-29T19:45:25Z</time><extensions><speed>1.438906</speed><course>90.034112</course><hAcc>1.117162</hAcc><vAcc>1.111206</vAcc></extensions></trkpt>
      <trkpt lon="-77.030695" lat="38.897474"><ele>14.039926</ele><time>2022-11-29T19:45:26Z</time><extensions><speed>1.437170</speed><course>90.037863</course><hAcc>1.104491</hAcc><vAcc>1.098767</vAcc></extensions></trkpt>
      <trkpt lon="-77.030678" lat="38.897474"><ele>14.059914</ele><time>2022-11-29T19:45:27Z</time><extensions><speed>1.435676</speed><course>90.046981</course><hAcc>1.092789</hAcc><vAcc>1.086697</vAcc></extensions></trkpt>
      <trkpt lon="-77.030661" lat="38.897474"><ele>14.078154</ele><time>2022-11-29T19:45:28Z</time><extensions><speed>1.434434</speed><course>90.059667</course><hAcc>1.081873</hAcc><vAcc>1.074966</vAcc></extensions></trkpt>
      <trkpt lon="-77.030645" lat="38.897474"><ele>14.094524</ele><time>2022-11-29T19:45:29Z</time><extensions><speed>1.433403</speed><course>90.073751</course><hAcc>1.071543</hAcc><vAcc>1.063435</vAcc></extensions></trkpt>
      <trkpt lon="-77.030628" lat="38.897474"><ele>14.108956</ele><time>2022-11-29T19:45:30Z</time><extensions><speed>1.432444</speed><course>90.088774</course><hAcc>1.061586</hAcc><vAcc>1.051861</vAcc></extensions></trkpt>
      <trkpt lon="-77.030612" lat="38.897474"><ele>14.121304</ele><time>2022-11-29T19:45:31Z</time><extensions><speed>1.431869</speed><course>90.105341</course><hAcc>1.051787</hAcc><vAcc>1.039934</vAcc></extensions></trkpt>
      <trkpt lon="-77.030595" lat="38.897474"><ele>14.131480</ele><time>2022-11-29T19:45:32Z</time><extensions><speed>1.431440</speed><course>90.121558</course><hAcc>1.041957</hAcc><vAcc>1.027456</vAcc></extensions></trkpt>
      <trkpt lon="-77.030579" lat="38.897474"><ele>14.139451</ele><time>2022-11-29T19:45:33Z</time><extensions><speed>1.431527</speed><course>90.136996</course><hAcc>1.031948</hAcc><vAcc>1.014501</vAcc></extensions></trkpt>
      <trkpt lon="-77.030562" lat="38.897474"><ele>14.145223</ele><time>2022-11-29T19:45:34Z</time><extensions><speed>1.432253</speed><course>90.152828</course><hAcc>1.021649</hAcc><vAcc>1.001354</vAcc></extensions></trkpt>
      <trkpt lon="-77.030545" lat="38.897474"><ele>14.149151</ele><time>2022-11-29T19:45:35Z</time><extensions><speed>1.433711</speed><course>90.168460</course><hAcc>1.010977</hAcc><vAcc>0.988348</vAcc></extensions></trkpt>
      <trkpt lon="-77.030529" lat="38.897474"><ele>14.151568</ele><time>2022-11-29T19:45:36Z</time><extensions><speed>1.435467</speed><course>90.183736</course><hAcc>0.999882</hAcc><vAcc>0.975764</vAcc></extensions></trkpt>
      <trkpt lon="-77.030512" lat="38.897474"><ele>14.152532</ele><time>2022-11-29T19:45:37Z</time><extensions><speed>1.435675</speed><course>90.238851</course><hAcc>0.988379</hAcc><vAcc>0.963785</vAcc></extensions></trkpt>
      <trkpt lon="-77.030496" lat="38.897474"><ele>14.153394</ele><time>2022-11-29T19:45:38Z</time><extensions><speed>1.436300</speed><course>90.293315</course><hAcc>0.976369</hAcc><vAcc>0.952491</vAcc></extensions></trkpt>
      <trkpt lon="-77.030479" lat="38.897473"><ele>14.154942</ele><time>2022-11-29T19:45:39Z</time><extensions><speed>1.437326</speed><course>90.346823</course><hAcc>0.963865</hAcc><vAcc>0.941896</vAcc></extensions></trkpt>
      <trkpt lon="-77.030462" lat="38.897473"><ele>14.157954</ele><time>2022-11-29T19:45:40Z</time><extensions><speed>1.438716</speed><course>90.397299</course><hAcc>0.950908</hAcc><vAcc>0.932002</vAcc></extensions></trkpt>
      <trkpt lon="-77.030446" lat="38.897473"><ele>14.163183</ele><time>2022-11-29T19:45:41Z</time><extensions><speed>1.440373</speed><course>90.431866</course><hAcc>0.937610</hAcc><vAcc>0.922821</vAcc></extensions></trkpt>
      <trkpt lon="-77.030429" lat="38.897473"><ele>14.170977</ele><time>2022-11-29T19:45:42Z</time><extensions><speed>1.442394</speed><course>90.470547</course><hAcc>0.924028</hAcc><vAcc>0.914386</vAcc></extensions></trkpt>
      <trkpt lon="-77.030412" lat="38.897473"><ele>14.181596</ele><time>2022-11-29T19:45:43Z</time><extensions><speed>1.444873</speed><course>90.511855</course><hAcc>0.910281</hAcc><vAcc>0.906738</vAcc></extensions></trkpt>
      <trkpt lon="-77.030396" lat="38.897472"><ele>14.194823</ele><time>2022-11-29T19:45:44Z</time><extensions><speed>1.447621</speed><course>90.561428</course><hAcc>0.896502</hAcc><vAcc>0.899904</vAcc></extensions></trkpt>
      <trkpt lon="-77.030379" lat="38.897472"><ele>14.210098</ele><time>2022-11-29T19:45:45Z</time><extensions><speed>1.450467</speed><course>90.616688</course><hAcc>0.882842</hAcc><vAcc>0.893888</vAcc></extensions></trkpt>
      <trkpt lon="-77.030362" lat="38.897472"><ele>14.226523</ele><time>2022-11-29T19:45:46Z</time><extensions><speed>1.453246</speed><course>90.667441</course><hAcc>0.869451</hAcc><vAcc>0.888660</vAcc></extensions></trkpt>
      <trkpt lon="-77.030345" lat="38.897472"><ele>14.242941</ele><time>2022-11-29T19:45:47Z</time><extensions><speed>1.456124</speed><course>90.723385</course><hAcc>0.856448</hAcc><vAcc>0.884162</vAcc></extensions></trkpt>
      <trkpt lon="-77.030328" lat="38.897471"><ele>14.258053</ele><time>2022-11-29T19:45:48Z</time><extensions><speed>1.458837</speed><course>90.769432</course><hAcc>0.843978</hAcc><vAcc>0.880299</vAcc></extensions></trkpt>
      <trkpt lon="-77.030311" lat="38.897471"><ele>14.270356</ele><time>2022-11-29T19:45:49Z</time><extensions><speed>1.461214</speed><course>90.806429</course><hAcc>0.832150</hAcc><vAcc>0.876950</vAcc></extensions></trkpt>
      <trkpt lon="-77.030294" lat="38.897471"><ele>14.278309</ele><time>2022-11-29T19:45:50Z</time><extensions><speed>1.463347</speed><course>90.830476</course><hAcc>0.821057</hAcc><vAcc>0.873984</vAcc></extensions></trkpt>
      <trkpt lon="-77.030277" lat="38.897471"><ele>14.280485</ele><time>2022-11-29T19:45:51Z</time><extensions><speed>1.464917</speed><course>90.838875</course><hAcc>0.810784</hAcc><vAcc>0.871276</vAcc></extensions></trkpt>
      <trkpt lon="-77.030260" lat="38.897470"><ele>14.275858</ele><time>2022-11-29T19:45:52Z</time><extensions><speed>1.465951</speed><course>90.832816</course><hAcc>0.801357</hAcc><vAcc>0.868733</vAcc></extensions></trkpt>
      <trkpt lon="-77.030242" lat="38.897470"><ele>14.263969</ele><time>2022-11-29T19:45:53Z</time><extensions><speed>1.466471</speed><course>90.809912</course><hAcc>0.792801</hAcc><vAcc>0.866301</vAcc></extensions></trkpt>
      <trkpt lon="-77.030225" lat="38.897470"><ele>14.244903</ele><time>2022-11-29T19:45:54Z</time><extensions><speed>1.466339</speed><course>90.768223</course><hAcc>0.785118</hAcc><vAcc>0.863966</vAcc></extensions></trkpt>
      <trkpt lon="-77.030208" lat="38.897470"><ele>14.219188</ele><time>2022-11-29T19:45:55Z</time><extensions><speed>1.465463</speed><course>90.706939</course><hAcc>0.778285</hAcc><vAcc>0.861740</vAcc></extensions></trkpt>
      <trkpt lon="-77.030191" lat="38.897469"><ele>14.187761</ele><time>2022-11-29T19:45:56Z</time><extensions><speed>1.463671</speed><course>90.625887</course><hAcc>0.772261</hAcc><vAcc>0.859655</vAcc></extensions></trkpt>
      <trkpt lon="-77.030174" lat="38.897469"><ele>14.151860</ele><time>2022-11-29T19:45:57Z</time><extensions><speed>1.460002</speed><course>90.504358</course><hAcc>0.767172</hAcc><vAcc>0.857740</vAcc></extensions></trkpt>
      <trkpt lon="-77.030157" lat="38.897469"><ele>14.113000</ele><time>2022-11-29T19:45:58Z</time><extensions><speed>1.455626</speed><course>90.360800</course><hAcc>0.762813</hAcc><vAcc>0.856020</vAcc></extensions></trkpt>
      <trkpt lon="-77.030140" lat="38.897469"><ele>14.072837</ele><time>2022-11-29T19:45:59Z</time><extensions><speed>1.450152</speed><course>90.194104</course><hAcc>0.759117</hAcc><vAcc>0.854523</vAcc></extensions></trkpt>
      <trkpt lon="-77.030124" lat="38.897469"><ele>14.033064</ele><time>2022-11-29T19:46:00Z</time><extensions><speed>1.443665</speed><course>90.005321</course><hAcc>0.756020</hAcc><vAcc>0.853275</vAcc></extensions></trkpt>
      <trkpt lon="-77.030107" lat="38.897470"><ele>13.995209</ele><time>2022-11-29T19:46:01Z</time><extensions><speed>1.436499</speed><course>89.793737</course><hAcc>0.753460</hAcc><vAcc>0.852301</vAcc></extensions></trkpt>
      <trkpt lon="-77.030090" lat="38.897470"><ele>13.960447</ele><time>2022-11-29T19:46:02Z</time><extensions><speed>1.428109</speed><course>89.558654</course><hAcc>0.751390</hAcc><vAcc>0.851619</vAcc></extensions></trkpt>
      <trkpt lon="-77.030074" lat="38.897470"><ele>13.929447</ele><time>2022-11-29T19:46:03Z</time><extensions><speed>1.418471</speed><course>89.298340</course><hAcc>0.749769</hAcc><vAcc>0.851235</vAcc></extensions></trkpt>
      <trkpt lon="-77.030058" lat="38.897470"><ele>13.902458</ele><time>2022-11-29T19:46:04Z</time><extensions><speed>1.407529</speed><course>89.010496</course><hAcc>0.748567</hAcc><vAcc>0.851143</vAcc></extensions></trkpt>
      <trkpt lon="-77.030042" lat="38.897471"><ele>13.879022</ele><time>2022-11-29T19:46:05Z</time><extensions><speed>1.395356</speed><course>88.692724</course><hAcc>0.747764</hAcc><vAcc>0.851330</vAcc></extensions></trkpt>
      <trkpt lon="-77.030026" lat="38.897471"><ele>13.858113</ele><time>2022-11-29T19:46:06Z</time><extensions><speed>1.381920</speed><course>88.342298</course><hAcc>0.747354</hAcc><vAcc>0.851777</vAcc></extensions></trkpt>
      <trkpt lon="-77.030010" lat="38.897472"><ele>13.838000</ele><time>2022-11-29T19:46:07Z</time><extensions><speed>1.367425</speed><course>87.956562</course><hAcc>0.747343</hAcc><vAcc>0.852465</vAcc></extensions></trkpt>
      <trkpt lon="-77.029994" lat="38.897472"><ele>13.816356</ele><time>2022-11-29T19:46:08Z</time><extensions><speed>1.351525</speed><course>87.532412</course><hAcc>0.747750</hAcc><vAcc>0.853377</vAcc></extensions></trkpt>
      <trkpt lon="-77.029979" lat="38.897473"><ele>13.790593</ele><time>2022-11-29T19:46:09Z</time><extensions><speed>1.334399</speed><course>87.066531</course><hAcc>0.748602</hAcc><vAcc>0.854506</vAcc></extensions></trkpt>
      <trkpt lon="-77.029964" lat="38.897474"><ele>13.757509</ele><time>2022-11-29T19:46:10Z</time><extensions><speed>1.316095</speed><course>86.555505</course><hAcc>0.749945</hAcc><vAcc>0.855852</vAcc></extensions></trkpt>
      <trkpt lon="-77.029949" lat="38.897474"><ele>13.713524</ele><time>2022-11-29T19:46:11Z</time><extensions><speed>1.296493</speed><course>85.996389</course><hAcc>0.751838</hAcc><vAcc>0.857439</vAcc></extensions></trkpt>
      <trkpt lon="-77.029934" lat="38.897475"><ele>13.655141</ele><time>2022-11-29T19:46:12Z</time><extensions><speed>1.275640</speed><course>85.388360</course><hAcc>0.754356</hAcc><vAcc>0.859317</vAcc></extensions></trkpt>
      <trkpt lon="-77.029919" lat="38.897476"><ele>13.579515</ele><time>2022-11-29T19:46:13Z</time><extensions><speed>1.253562</speed><course>84.733655</course><hAcc>0.757582</hAcc><vAcc>0.861566</vAcc></extensions></trkpt>
      <trkpt lon="-77.029905" lat="38.897478"><ele>13.484152</ele><time>2022-11-29T19:46:14Z</time><extensions><speed>1.230191</speed><course>84.034357</course><hAcc>0.761622</hAcc><vAcc>0.864301</vAcc></extensions></trkpt>
      <trkpt lon="-77.029891" lat="38.897479"><ele>13.367423</ele><time>2022-11-29T19:46:15Z</time><extensions><speed>1.205754</speed><course>83.294429</course><hAcc>0.766575</hAcc><vAcc>0.867664</vAcc></extensions></trkpt>
      <trkpt lon="-77.029878" lat="38.897480"><ele>13.228006</ele><time>2022-11-29T19:46:16Z</time><extensions><speed>1.180165</speed><course>82.517358</course><hAcc>0.772565</hAcc><vAcc>0.871814</vAcc></extensions></trkpt>
      <trkpt lon="-77.029865" lat="38.897482"><ele>13.064775</ele><time>2022-11-29T19:46:17Z</time><extensions><speed>1.153613</speed><course>81.707883</course><hAcc>0.779707</hAcc><vAcc>0.876926</vAcc></extensions></trkpt>
      <trkpt lon="-77.029852" lat="38.897483"><ele>12.877293</ele><time>2022-11-29T19:46:18Z</time><extensions><speed>1.126270</speed><course>80.870839</course><hAcc>0.788108</hAcc><vAcc>0.883182</vAcc></extensions></trkpt>
      <trkpt lon="-77.029839" lat="38.897485"><ele>12.664834</ele><time>2022-11-29T19:46:19Z</time><extensions><speed>1.098390</speed><course>80.012143</course><hAcc>0.797873</hAcc><vAcc>0.890758</vAcc></extensions></trkpt>
      <trkpt lon="-77.029827" lat="38.897487"><ele>12.428076</ele><time>2022-11-29T19:46:20Z</time><extensions><speed>1.070133</speed><course>79.138826</course><hAcc>0.809083</hAcc><vAcc>0.899814</vAcc></extensions></trkpt>
      <trkpt lon="-77.029815" lat="38.897489"><ele>12.167358</ele><time>2022-11-29T19:46:21Z</time><extensions><speed>1.041698</speed><course>78.260099</course><hAcc>0.821806</hAcc><vAcc>0.910476</vAcc></extensions></trkpt>
      <trkpt lon="-77.029804" lat="38.897491"><ele>11.883609</ele><time>2022-11-29T19:46:22Z</time><extensions><speed>1.013118</speed><course>77.385762</course><hAcc>0.836073</hAcc><vAcc>0.922813</vAcc></extensions></trkpt>
      <trkpt lon="-77.029792" lat="38.897493"><ele>11.578910</ele><time>2022-11-29T19:46:23Z</time><extensions><speed>0.984685</speed><course>76.532244</course><hAcc>0.851883</hAcc><vAcc>0.936811</vAcc></extensions></trkpt>
      <trkpt lon="-77.029782" lat="38.897495"><ele>11.255878</ele><time>2022-11-29T19:46:24Z</time><extensions><speed>0.956659</speed><course>75.711551</course><hAcc>0.869199</hAcc><vAcc>0.952354</vAcc></extensions></trkpt>
      <trkpt lon="-77.029771" lat="38.897497"><ele>10.918325</ele><time>2022-11-29T19:46:25Z</time><extensions><speed>0.929416</speed><course>74.958787</course><hAcc>0.887956</hAcc><vAcc>0.969200</vAcc></extensions></trkpt>
      <trkpt lon="-77.029761" lat="38.897499"><ele>10.570618</ele><time>2022-11-29T19:46:26Z</time><extensions><speed>0.903152</speed><course>74.305732</course><hAcc>0.908039</hAcc><vAcc>0.986966</vAcc></extensions></trkpt>
      <trkpt lon="-77.029751" lat="38.897501"><ele>10.218608</ele><time>2022-11-29T19:46:27Z</time><extensions><speed>0.877537</speed><course>73.779654</course><hAcc>0.929286</hAcc><vAcc>1.005122</vAcc></extensions></trkpt>
      <trkpt lon="-77.029742" lat="38.897504"><ele>9.868970</ele><time>2022-11-29T19:46:28Z</time><extensions><speed>0.852648</speed><course>73.399542</course><hAcc>0.951514</hAcc><vAcc>1.023075</vAcc></extensions></trkpt>
      <trkpt lon="-77.029732" lat="38.897506"><ele>9.527934</ele><time>2022-11-29T19:46:29Z</time><extensions><speed>0.828743</speed><course>73.172331</course><hAcc>0.974544</hAcc><vAcc>1.040374</vAcc></extensions></trkpt>
      <trkpt lon="-77.029723" lat="38.897508"><ele>9.200976</ele><time>2022-11-29T19:46:30Z</time><extensions><speed>0.806075</speed><course>73.105558</course><hAcc>0.998223</hAcc><vAcc>1.056797</vAcc></extensions></trkpt>
      <trkpt lon="-77.029714" lat="38.897510"><ele>8.892850</ele><time>2022-11-29T19:46:31Z</time><extensions><speed>0.784817</speed><course>73.208046</course><hAcc>1.022405</hAcc><vAcc>1.072349</vAcc></extensions></trkpt>
      <trkpt lon="-77.029706" lat="38.897512"><ele>8.607916</ele><time>2022-11-29T19:46:32Z</time><extensions><speed>0.765230</speed><course>73.490467</course><hAcc>1.046984</hAcc><vAcc>1.087207</vAcc></extensions></trkpt>
      <trkpt lon="-77.029698" lat="38.897514"><ele>8.349992</ele><time>2022-11-29T19:46:33Z</time><extensions><speed>0.747416</speed><course>73.959807</course><hAcc>1.071889</hAcc><vAcc>1.101650</vAcc></extensions></trkpt>
      <trkpt lon="-77.029689" lat="38.897516"><ele>8.122890</ele><time>2022-11-29T19:46:34Z</time><extensions><speed>0.731519</speed><course>74.621380</course><hAcc>1.097079</hAcc><vAcc>1.115995</vAcc></extensions></trkpt>
      <trkpt lon="-77.029681" lat="38.897517"><ele>7.928994</ele><time>2022-11-29T19:46:35Z</time><extensions><speed>0.717728</speed><course>75.477206</course><hAcc>1.122530</hAcc><vAcc>1.130568</vAcc></extensions></trkpt>
      <trkpt lon="-77.029673" lat="38.897519"><ele>7.771214</ele><time>2022-11-29T19:46:36Z</time><extensions><speed>0.706157</speed><course>76.514394</course><hAcc>1.148283</hAcc><vAcc>1.145692</vAcc></extensions></trkpt>
      <trkpt lon="-77.029665" lat="38.897520"><ele>7.651157</ele><time>2022-11-29T19:46:37Z</time><extensions><speed>0.696941</speed><course>77.721839</course><hAcc>1.174365</hAcc><vAcc>1.161668</vAcc></extensions></trkpt>
      <trkpt lon="-77.029658" lat="38.897522"><ele>7.569879</ele><time>2022-11-29T19:46:38Z</time><extensions><speed>0.690170</speed><course>79.074548</course><hAcc>1.200830</hAcc><vAcc>1.178763</vAcc></extensions></trkpt>
      <trkpt lon="-77.029650" lat="38.897523"><ele>7.527715</ele><time>2022-11-29T19:46:39Z</time><extensions><speed>0.685911</speed><course>80.538030</course><hAcc>1.227755</hAcc><vAcc>1.197217</vAcc></extensions></trkpt>
      <trkpt lon="-77.029642" lat="38.897524"><ele>7.524746</ele><time>2022-11-29T19:46:40Z</time><extensions><speed>0.684299</speed><course>82.084096</course><hAcc>1.255187</hAcc><vAcc>1.217232</vAcc></extensions></trkpt>
      <trkpt lon="-77.029634" lat="38.897524"><ele>7.560242</ele><time>2022-11-29T19:46:41Z</time><extensions><speed>0.685545</speed><course>83.675975</course><hAcc>1.283187</hAcc><vAcc>1.238963</vAcc></extensions></trkpt>
      <trkpt lon="-77.029626" lat="38.897525"><ele>7.633050</ele><time>2022-11-29T19:46:42Z</time><extensions><speed>0.689341</speed><course>85.270335</course><hAcc>1.311859</hAcc><vAcc>1.262492</vAcc></extensions></trkpt>
      <trkpt lon="-77.029618" lat="38.897525"><ele>7.741282</ele><time>2022-11-29T19:46:43Z</time><extensions><speed>0.695568</speed><course>86.835777</course><hAcc>1.341215</hAcc><vAcc>1.287810</vAcc></extensions></trkpt>
      <trkpt lon="-77.029610" lat="38.897526"><ele>7.882492</ele><time>2022-11-29T19:46:44Z</time><extensions><speed>0.703923</speed><course>88.337757</course><hAcc>1.371319</hAcc><vAcc>1.314800</vAcc></extensions></trkpt>
      <trkpt lon="-77.029602" lat="38.897526"><ele>8.053456</ele><time>2022-11-29T19:46:45Z</time><extensions><speed>0.714140</speed><course>89.748424</course><hAcc>1.402216</hAcc><vAcc>1.343215</vAcc></extensions></trkpt>
      <trkpt lon="-77.029594" lat="38.897526"><ele>8.250312</ele><time>2022-11-29T19:46:46Z</time><extensions><speed>0.726261</speed><course>91.044543</course><hAcc>1.433937</hAcc><vAcc>1.372666</vAcc></extensions></trkpt>
      <trkpt lon="-77.029585" lat="38.897525"><ele>8.468378</ele><time>2022-11-29T19:46:47Z</time><extensions><speed>0.739595</speed><course>92.207706</course><hAcc>1.466493</hAcc><vAcc>1.402607</vAcc></extensions></trkpt>
      <trkpt lon="-77.029577" lat="38.897525"><ele>8.702812</ele><time>2022-11-29T19:46:48Z</time><extensions><speed>0.754313</speed><course>93.232813</course><hAcc>1.499879</hAcc><vAcc>1.432407</vAcc></extensions></trkpt>
      <trkpt lon="-77.029568" lat="38.897525"><ele>8.949210</ele><time>2022-11-29T19:46:49Z</time><extensions><speed>0.769614</speed><course>94.128654</course><hAcc>1.534138</hAcc><vAcc>1.461495</vAcc></extensions></trkpt>
      <trkpt lon="-77.029559" lat="38.897524"><ele>9.203341</ele><time>2022-11-29T19:46:50Z</time><extensions><speed>0.785204</speed><course>94.907967</course><hAcc>1.569287</hAcc><vAcc>1.489425</vAcc></extensions></trkpt>
      <trkpt lon="-77.029550" lat="38.897523"><ele>9.461782</ele><time>2022-11-29T19:46:51Z</time><extensions><speed>0.800579</speed><course>95.583720</course><hAcc>1.605414</hAcc><vAcc>1.515868</vAcc></extensions></trkpt>
      <trkpt lon="-77.029541" lat="38.897523"><ele>9.721063</ele><time>2022-11-29T19:46:52Z</time><extensions><speed>0.815838</speed><course>96.166073</course><hAcc>1.642604</hAcc><vAcc>1.540598</vAcc></extensions></trkpt>
      <trkpt lon="-77.029531" lat="38.897522"><ele>9.978523</ele><time>2022-11-29T19:46:53Z</time><extensions><speed>0.830524</speed><course>96.666956</course><hAcc>1.681019</hAcc><vAcc>1.563476</vAcc></extensions></trkpt>
      <trkpt lon="-77.029521" lat="38.897521"><ele>10.231996</ele><time>2022-11-29T19:46:54Z</time><extensions><speed>0.844628</speed><course>97.095113</course><hAcc>1.720835</hAcc><vAcc>1.584435</vAcc></extensions></trkpt>
      <trkpt lon="-77.029512" lat="38.897520"><ele>10.479529</ele><time>2022-11-29T19:46:55Z</time><extensions><speed>0.858103</speed><course>97.458850</course><hAcc>1.762256</hAcc><vAcc>1.603462</vAcc></extensions></trkpt>
      <trkpt lon="-77.029502" lat="38.897519"><ele>10.719481</ele><time>2022-11-29T19:46:56Z</time><extensions><speed>0.870764</speed><course>97.767614</course><hAcc>1.805496</hAcc><vAcc>1.620589</vAcc></extensions></trkpt>
      <trkpt lon="-77.029492" lat="38.897518"><ele>10.950912</ele><time>2022-11-29T19:46:57Z</time><extensions><speed>0.882576</speed><course>98.028035</course><hAcc>1.850805</hAcc><vAcc>1.635880</vAcc></extensions></trkpt>
      <trkpt lon="-77.029482" lat="38.897517"><ele>11.172671</ele><time>2022-11-29T19:46:58Z</time><extensions><speed>0.893724</speed><course>98.244215</course><hAcc>1.898465</hAcc><vAcc>1.649423</vAcc></extensions></trkpt>
      <trkpt lon="-77.029471" lat="38.897515"><ele>11.384075</ele><time>2022-11-29T19:46:59Z</time><extensions><speed>0.903841</speed><course>98.424178</course><hAcc>1.948738</hAcc><vAcc>1.661321</vAcc></extensions></trkpt>
      <trkpt lon="-77.029461" lat="38.897514"><ele>11.584663</ele><time>2022-11-29T19:47:00Z</time><extensions><speed>0.913314</speed><course>98.568711</course><hAcc>2.001945</hAcc><vAcc>1.671688</vAcc></extensions></trkpt>
      <trkpt lon="-77.029450" lat="38.897513"><ele>11.774141</ele><time>2022-11-29T19:47:01Z</time><extensions><speed>0.922051</speed><course>98.683677</course><hAcc>2.058338</hAcc><vAcc>1.680643</vAcc></extensions></trkpt>
      <trkpt lon="-77.029440" lat="38.897512"><ele>11.952456</ele><time>2022-11-29T19:47:02Z</time><extensions><speed>0.929811</speed><course>98.774262</course><hAcc>2.118264</hAcc><vAcc>1.688303</vAcc></extensions></trkpt>
      <trkpt lon="-77.029429" lat="38.897510"><ele>12.119973</ele><time>2022-11-29T19:47:03Z</time><extensions><speed>0.937014</speed><course>98.840798</course><hAcc>2.181937</hAcc><vAcc>1.694788</vAcc></extensions></trkpt>
      <trkpt lon="-77.029418" lat="38.897509"><ele>12.276664</ele><time>2022-11-29T19:47:04Z</time><extensions><speed>1.005163</speed><course>99.318139</course><hAcc>2.236630</hAcc><vAcc>1.700210</vAcc></extensions></trkpt>
      <trkpt lon="-77.029406" lat="38.897507"><ele>12.422458</ele><time>2022-11-29T19:47:05Z</time><extensions><speed>1.066302</speed><course>99.579837</course><hAcc>2.274231</hAcc><vAcc>1.704678</vAcc></extensions></trkpt>
      <trkpt lon="-77.029394" lat="38.897506"><ele>12.557794</ele><time>2022-11-29T19:47:06Z</time><extensions><speed>1.123743</speed><course>99.672011</course><hAcc>2.300251</hAcc><vAcc>1.708293</vAcc></extensions></trkpt>
      <trkpt lon="-77.029381" lat="38.897504"><ele>12.683546</ele><time>2022-11-29T19:47:07Z</time><extensions><speed>1.175122</speed><course>99.659587</course><hAcc>2.318522</hAcc><vAcc>1.711150</vAcc></extensions></trkpt>
      <trkpt lon="-77.029367" lat="38.897502"><ele>12.799679</ele><time>2022-11-29T19:47:08Z</time><extensions><speed>1.219575</speed><course>99.577377</course><hAcc>2.331804</hAcc><vAcc>1.713331</vAcc></extensions></trkpt>
      <trkpt lon="-77.029353" lat="38.897500"><ele>12.906190</ele><time>2022-11-29T19:47:09Z</time><extensions><speed>1.256820</speed><course>99.453601</course><hAcc>2.341949</hAcc><vAcc>1.714912</vAcc></extensions></trkpt>
      <trkpt lon="-77.029338" lat="38.897498"><ele>13.003783</ele><time>2022-11-29T19:47:10Z</time><extensions><speed>1.289069</speed><course>99.287485</course><hAcc>2.350306</hAcc><vAcc>1.715980</vAcc></extensions></trkpt>
      <trkpt lon="-77.029324" lat="38.897497"><ele>13.092843</ele><time>2022-11-29T19:47:11Z</time><extensions><speed>1.317725</speed><course>99.084295</course><hAcc>2.357787</hAcc><vAcc>1.716605</vAcc></extensions></trkpt>
      <trkpt lon="-77.029308" lat="38.897495"><ele>13.173259</ele><time>2022-11-29T19:47:12Z</time><extensions><speed>1.344460</speed><course>98.840579</course><hAcc>2.364932</hAcc><vAcc>1.716852</vAcc></extensions></trkpt>
      <trkpt lon="-77.029293" lat="38.897493"><ele>13.246249</ele><time>2022-11-29T19:47:13Z</time><extensions><speed>1.366525</speed><course>98.578814</course><hAcc>2.372138</hAcc><vAcc>1.716783</vAcc></extensions></trkpt>
      <trkpt lon="-77.029277" lat="38.897491"><ele>13.311553</ele><time>2022-11-29T19:47:14Z</time><extensions><speed>1.386059</speed><course>98.293807</course><hAcc>2.379495</hAcc><vAcc>1.716456</vAcc></extensions></trkpt>
      <trkpt lon="-77.029261" lat="38.897489"><ele>13.369640</ele><time>2022-11-29T19:47:15Z</time><extensions><speed>1.400951</speed><course>98.006763</course><hAcc>2.387040</hAcc><vAcc>1.715925</vAcc></extensions></trkpt>
      <trkpt lon="-77.029245" lat="38.897487"><ele>13.421119</ele><time>2022-11-29T19:47:16Z</time><extensions><speed>1.413186</speed><course>97.711061</course><hAcc>2.394722</hAcc><vAcc>1.715242</vAcc></extensions></trkpt>
      <trkpt lon="-77.029229" lat="38.897486"><ele>13.466032</ele><time>2022-11-29T19:47:17Z</time><extensions><speed>1.424272</speed><course>97.402557</course><hAcc>2.402309</hAcc><vAcc>1.714455</vAcc></extensions></trkpt>
      <trkpt lon="-77.029212" lat="38.897484"><ele>13.504981</ele><time>2022-11-29T19:47:18Z</time><extensions><speed>1.433503</speed><course>97.091206</course><hAcc>2.409710</hAcc><vAcc>1.713605</vAcc></extensions></trkpt>
      <trkpt lon="-77.029196" lat="38.897483"><ele>13.538191</ele><time>2022-11-29T19:47:19Z</time><extensions><speed>1.440343</speed><course>96.783960</course><hAcc>2.416862</hAcc><vAcc>1.712724</vAcc></extensions></trkpt>
      <trkpt lon="-77.029179" lat="38.897481"><ele>13.566159</ele><time>2022-11-29T19:47:20Z</time><extensions><speed>1.445468</speed><course>96.478194</course><hAcc>2.423754</hAcc><vAcc>1.711841</vAcc></extensions></trkpt>
      <trkpt lon="-77.029163" lat="38.897480"><ele>13.589658</ele><time>2022-11-29T19:47:21Z</time><extensions><speed>1.449594</speed><course>96.168311</course><hAcc>2.430624</hAcc><vAcc>1.710977</vAcc></extensions></trkpt>
      <trkpt lon="-77.029146" lat="38.897478"><ele>13.608492</ele><time>2022-11-29T19:47:22Z</time><extensions><speed>1.451800</speed><course>95.864045</course><hAcc>2.437235</hAcc><vAcc>1.710147</vAcc></extensions></trkpt>
      <trkpt lon="-77.029129" lat="38.897477"><ele>13.623415</ele><time>2022-11-29T19:47:23Z</time><extensions><speed>1.452165</speed><course>95.561547</course><hAcc>2.443546</hAcc><vAcc>1.709364</vAcc></extensions></trkpt>
      <trkpt lon="-77.029113" lat="38.897476"><ele>13.634629</ele><time>2022-11-29T19:47:24Z</time><extensions><speed>1.450807</speed><course>95.258528</course><hAcc>2.449603</hAcc><vAcc>1.708634</vAcc></extensions></trkpt>
      <trkpt lon="-77.029096" lat="38.897474"><ele>13.642918</ele><time>2022-11-29T19:47:25Z</time><extensions><speed>1.447333</speed><course>94.955494</course><hAcc>2.455608</hAcc><vAcc>1.707964</vAcc></extensions></trkpt>
      <trkpt lon="-77.029079" lat="38.897473"><ele>13.647841</ele><time>2022-11-29T19:47:26Z</time><extensions><speed>1.442273</speed><course>94.653555</course><hAcc>2.461594</hAcc><vAcc>1.707356</vAcc></extensions></trkpt>
      <trkpt lon="-77.029063" lat="38.897472"><ele>13.650396</ele><time>2022-11-29T19:47:27Z</time><extensions><speed>1.436038</speed><course>94.345314</course><hAcc>2.467620</hAcc><vAcc>1.706810</vAcc></extensions></trkpt>
      <trkpt lon="-77.029047" lat="38.897471"><ele>13.650907</ele><time>2022-11-29T19:47:28Z</time><extensions><speed>1.428237</speed><course>94.030866</course><hAcc>2.472823</hAcc><vAcc>1.706328</vAcc></extensions></trkpt>
      <trkpt lon="-77.029030" lat="38.897470"><ele>13.649108</ele><time>2022-11-29T19:47:29Z</time><extensions><speed>1.421215</speed><course>93.701539</course><hAcc>2.477371</hAcc><vAcc>1.705906</vAcc></extensions></trkpt>
      <trkpt lon="-77.029013" lat="38.897469"><ele>13.645435</ele><time>2022-11-29T19:47:30Z</time><extensions><speed>1.412812</speed><course>93.361539</course><hAcc>2.481774</hAcc><vAcc>1.705542</vAcc></extensions></trkpt>
      <trkpt lon="-77.028997" lat="38.897469"><ele>13.639886</ele><time>2022-11-29T19:47:31Z</time><extensions><speed>1.403170</speed><course>93.011461</course><hAcc>2.484844</hAcc><vAcc>1.705230</vAcc></extensions></trkpt>
      <trkpt lon="-77.028981" lat="38.897468"><ele>13.633029</ele><time>2022-11-29T19:47:32Z</time><extensions><speed>1.393376</speed><course>92.649790</course><hAcc>2.485665</hAcc><vAcc>1.704963</vAcc></extensions></trkpt>
      <trkpt lon="-77.028964" lat="38.897467"><ele>13.624841</ele><time>2022-11-29T19:47:33Z</time><extensions><speed>1.383966</speed><course>92.272380</course><hAcc>2.482837</hAcc><vAcc>1.704738</vAcc></extensions></trkpt>
      <trkpt lon="-77.028947" lat="38.897467"><ele>13.615590</ele><time>2022-11-29T19:47:34Z</time><extensions><speed>1.372934</speed><course>91.883477</course><hAcc>2.474804</hAcc><vAcc>1.704548</vAcc></extensions></trkpt>
      <trkpt lon="-77.028930" lat="38.897466"><ele>13.605634</ele><time>2022-11-29T19:47:35Z</time><extensions><speed>1.359602</speed><course>91.481536</course><hAcc>2.458805</hAcc><vAcc>1.704393</vAcc></extensions></trkpt>
      <trkpt lon="-77.028914" lat="38.897466"><ele>13.594938</ele><time>2022-11-29T19:47:36Z</time><extensions><speed>1.342754</speed><course>91.064389</course><hAcc>2.431234</hAcc><vAcc>1.704271</vAcc></extensions></trkpt>
      <trkpt lon="-77.028898" lat="38.897466"><ele>13.583595</ele><time>2022-11-29T19:47:37Z</time><extensions><speed>1.322921</speed><course>90.627132</course><hAcc>2.387107</hAcc><vAcc>1.704184</vAcc></extensions></trkpt>
      <trkpt lon="-77.028882" lat="38.897466"><ele>13.571981</ele><time>2022-11-29T19:47:38Z</time><extensions><speed>1.318885</speed><course>90.576426</course><hAcc>2.335380</hAcc><vAcc>1.704133</vAcc></extensions></trkpt>
      <trkpt lon="-77.028867" lat="38.897466"><ele>13.560251</ele><time>2022-11-29T19:47:39Z</time><extensions><speed>1.314466</speed><course>90.526299</course><hAcc>2.289046</hAcc><vAcc>1.704122</vAcc></extensions></trkpt>
      <trkpt lon="-77.028851" lat="38.897466"><ele>13.548627</ele><time>2022-11-29T19:47:40Z</time><extensions><speed>1.309891</speed><course>90.476515</course><hAcc>2.247922</hAcc><vAcc>1.704155</vAcc></extensions></trkpt>
      <trkpt lon="-77.028836" lat="38.897465"><ele>13.537573</ele><time>2022-11-29T19:47:41Z</time><extensions><speed>1.305692</speed><course>90.426462</course><hAcc>2.211071</hAcc><vAcc>1.704236</vAcc></extensions></trkpt>
      <trkpt lon="-77.028820" lat="38.897465"><ele>13.526307</ele><time>2022-11-29T19:47:42Z</time><extensions><speed>1.300957</speed><course>90.376990</course><hAcc>2.179159</hAcc><vAcc>1.704367</vAcc></extensions></trkpt>
      <trkpt lon="-77.028804" lat="38.897465"><ele>13.514623</ele><time>2022-11-29T19:47:43Z</time><extensions><speed>1.296079</speed><course>90.327811</course><hAcc>2.151544</hAcc><vAcc>1.704546</vAcc></extensions></trkpt>
      <trkpt lon="-77.028789" lat="38.897465"><ele>13.502848</ele><time>2022-11-29T19:47:44Z</time><extensions><speed>1.290711</speed><course>90.278918</course><hAcc>2.127703</hAcc><vAcc>1.704767</vAcc></extensions></trkpt>
      <trkpt lon="-77.028774" lat="38.897465"><ele>13.491103</ele><time>2022-11-29T19:47:45Z</time><extensions><speed>1.285094</speed><course>90.230144</course><hAcc>2.107226</hAcc><vAcc>1.705021</vAcc></extensions></trkpt>
      <trkpt lon="-77.028758" lat="38.897465"><ele>13.479783</ele><time>2022-11-29T19:47:46Z</time><extensions><speed>1.279134</speed><course>90.181458</course><hAcc>2.089751</hAcc><vAcc>1.705298</vAcc></extensions></trkpt>
      <trkpt lon="-77.028743" lat="38.897465"><ele>13.468588</ele><time>2022-11-29T19:47:47Z</time><extensions><speed>1.272670</speed><course>90.132905</course><hAcc>2.074997</hAcc><vAcc>1.705589</vAcc></extensions></trkpt>
      <trkpt lon="-77.028728" lat="38.897465"><ele>13.457653</ele><time>2022-11-29T19:47:48Z</time><extensions><speed>1.266003</speed><course>90.084202</course><hAcc>2.062430</hAcc><vAcc>1.705886</vAcc></extensions></trkpt>
      <trkpt lon="-77.028713" lat="38.897465"><ele>13.447011</ele><time>2022-11-29T19:47:49Z</time><extensions><speed>1.259001</speed><course>90.035383</course><hAcc>2.051799</hAcc><vAcc>1.706183</vAcc></extensions></trkpt>
      <trkpt lon="-77.028698" lat="38.897465"><ele>13.436688</ele><time>2022-11-29T19:47:50Z</time><extensions><speed>1.251434</speed><course>89.986873</course><hAcc>2.043306</hAcc><vAcc>1.706478</vAcc></extensions></trkpt>
      <trkpt lon="-77.028683" lat="38.897465"><ele>13.426443</ele><time>2022-11-29T19:47:51Z</time><extensions><speed>1.243536</speed><course>89.938347</course><hAcc>2.036376</hAcc><vAcc>1.706770</vAcc></extensions></trkpt>
      <trkpt lon="-77.028668" lat="38.897465"><ele>13.416886</ele><time>2022-11-29T19:47:52Z</time><extensions><speed>1.235238</speed><course>89.889855</course><hAcc>2.030833</hAcc><vAcc>1.707058</vAcc></extensions></trkpt>
      <trkpt lon="-77.028654" lat="38.897465"><ele>13.407945</ele><time>2022-11-29T19:47:53Z</time><extensions><speed>1.226319</speed><course>89.841277</course><hAcc>2.026341</hAcc><vAcc>1.707347</vAcc></extensions></trkpt>
      <trkpt lon="-77.028640" lat="38.897465"><ele>13.398729</ele><time>2022-11-29T19:47:54Z</time><extensions><speed>1.217200</speed><course>89.792592</course><hAcc>2.022685</hAcc><vAcc>1.707638</vAcc></extensions></trkpt>
      <trkpt lon="-77.028626" lat="38.897465"><ele>13.390139</ele><time>2022-11-29T19:47:55Z</time><extensions><speed>1.207879</speed><course>89.743974</course><hAcc>2.019861</hAcc><vAcc>1.707934</vAcc></extensions></trkpt>
      <trkpt lon="-77.028612" lat="38.897465"><ele>13.382374</ele><time>2022-11-29T19:47:56Z</time><extensions><speed>1.198097</speed><course>89.697444</course><hAcc>2.017773</hAcc><vAcc>1.708237</vAcc></extensions></trkpt>
      <trkpt lon="-77.028598" lat="38.897465"><ele>13.372826</ele><time>2022-11-29T19:47:57Z</time><extensions><speed>1.183787</speed><course>89.669470</course><hAcc>2.015569</hAcc><vAcc>1.708399</vAcc></extensions></trkpt>
      <trkpt lon="-77.028585" lat="38.897466"><ele>13.365162</ele><time>2022-11-29T19:47:58Z</time><extensions><speed>1.173071</speed><course>89.637318</course><hAcc>2.014719</hAcc><vAcc>1.708705</vAcc></extensions></trkpt>
      <trkpt lon="-77.028571" lat="38.897466"><ele>13.358107</ele><time>2022-11-29T19:47:59Z</time><extensions><speed>1.162978</speed><course>89.593922</course><hAcc>2.014482</hAcc><vAcc>1.709061</vAcc></extensions></trkpt>
      <trkpt lon="-77.028558" lat="38.897466"><ele>13.350869</ele><time>2022-11-29T19:48:00Z</time><extensions><speed>1.153315</speed><course>89.561786</course><hAcc>2.013663</hAcc><vAcc>1.709407</vAcc></extensions></trkpt>
      <trkpt lon="-77.028545" lat="38.897466"><ele>13.343790</ele><time>2022-11-29T19:48:01Z</time><extensions><speed>1.143577</speed><course>89.529246</course><hAcc>2.012892</hAcc><vAcc>1.709754</vAcc></extensions></trkpt>
      <trkpt lon="-77.028532" lat="38.897466"><ele>13.336846</ele><time>2022-11-29T19:48:02Z</time><extensions><speed>1.134304</speed><course>89.496112</course><hAcc>2.011335</hAcc><vAcc>1.710107</vAcc></extensions></trkpt>
      <trkpt lon="-77.028519" lat="38.897466"><ele>13.330029</ele><time>2022-11-29T19:48:03Z</time><extensions><speed>1.123854</speed><course>89.462108</course><hAcc>2.010243</hAcc><vAcc>1.710459</vAcc></extensions></trkpt>
      <trkpt lon="-77.028507" lat="38.897466"><ele>13.324993</ele><time>2022-11-29T19:48:04Z</time><extensions><speed>1.111912</speed><course>89.426110</course><hAcc>2.008965</hAcc><vAcc>1.710821</vAcc></extensions></trkpt>
      <trkpt lon="-77.028495" lat="38.897466"><ele>13.320186</ele><time>2022-11-29T19:48:05Z</time><extensions><speed>1.099390</speed><course>89.389727</course><hAcc>2.007274</hAcc><vAcc>1.711183</vAcc></extensions></trkpt>
      <trkpt lon="-77.028483" lat="38.897467"><ele>13.315485</ele><time>2022-11-29T19:48:06Z</time><extensions><speed>1.086460</speed><course>89.360183</course><hAcc>2.005245</hAcc><vAcc>1.711530</vAcc></extensions></trkpt>
      <trkpt lon="-77.028471" lat="38.897467"><ele>13.311342</ele><time>2022-11-29T19:48:07Z</time><extensions><speed>1.073241</speed><course>89.326312</course><hAcc>2.001833</hAcc><vAcc>1.711874</vAcc></extensions></trkpt>
      <trkpt lon="-77.028459" lat="38.897467"><ele>13.307907</ele><time>2022-11-29T19:48:08Z</time><extensions><speed>1.060778</speed><course>89.297434</course><hAcc>1.998712</hAcc><vAcc>1.712214</vAcc></extensions></trkpt>
      <trkpt lon="-77.028448" lat="38.897467"><ele>13.304506</ele><time>2022-11-29T19:48:09Z</time><extensions><speed>1.048318</speed><course>89.271202</course><hAcc>1.994936</hAcc><vAcc>1.712548</vAcc></extensions></trkpt>
      <trkpt lon="-77.028436" lat="38.897468"><ele>13.301231</ele><time>2022-11-29T19:48:10Z</time><extensions><speed>1.035709</speed><course>89.248360</course><hAcc>1.990428</hAcc><vAcc>1.712879</vAcc></extensions></trkpt>
      <trkpt lon="-77.028424" lat="38.897468"><ele>13.298557</ele><time>2022-11-29T19:48:11Z</time><extensions><speed>1.022554</speed><course>89.228875</course><hAcc>1.985100</hAcc><vAcc>1.713209</vAcc></extensions></trkpt>
      <trkpt lon="-77.028413" lat="38.897468"><ele>13.296370</ele><time>2022-11-29T19:48:12Z</time><extensions><speed>1.009374</speed><course>89.214887</course><hAcc>1.978981</hAcc><vAcc>1.713537</vAcc></extensions></trkpt>
      <trkpt lon="-77.028402" lat="38.897468"><ele>13.294295</ele><time>2022-11-29T19:48:13Z</time><extensions><speed>0.995895</speed><course>89.206524</course><hAcc>1.972067</hAcc><vAcc>1.713857</vAcc></extensions></trkpt>
      <trkpt lon="-77.028391" lat="38.897468"><ele>13.291087</ele><time>2022-11-29T19:48:14Z</time><extensions><speed>0.982167</speed><course>89.213070</course><hAcc>1.964336</hAcc><vAcc>1.714159</vAcc></extensions></trkpt>
      <trkpt lon="-77.028380" lat="38.897469"><ele>13.286438</ele><time>2022-11-29T19:48:15Z</time><extensions><speed>0.968860</speed><course>89.228649</course><hAcc>1.957739</hAcc><vAcc>1.714429</vAcc></extensions></trkpt>
      <trkpt lon="-77.028369" lat="38.897469"><ele>13.281058</ele><time>2022-11-29T19:48:16Z</time><extensions><speed>0.955289</speed><course>89.251005</course><hAcc>1.950321</hAcc><vAcc>1.714637</vAcc></extensions></trkpt>
      <trkpt lon="-77.028359" lat="38.897469"><ele>13.276076</ele><time>2022-11-29T19:48:17Z</time><extensions><speed>0.941721</speed><course>89.280526</course><hAcc>1.942016</hAcc><vAcc>1.714747</vAcc></extensions></trkpt>
      <trkpt lon="-77.028348" lat="38.897469"><ele>13.271647</ele><time>2022-11-29T19:48:18Z</time><extensions><speed>0.928178</speed><course>89.317677</course><hAcc>1.932742</hAcc><vAcc>1.714715</vAcc></extensions></trkpt>
      <trkpt lon="-77.028338" lat="38.897469"><ele>13.267643</ele><time>2022-11-29T19:48:19Z</time><extensions><speed>0.914241</speed><course>89.361949</course><hAcc>1.922509</hAcc><vAcc>1.714487</vAcc></extensions></trkpt>
      <trkpt lon="-77.028328" lat="38.897469"><ele>13.263838</ele><time>2022-11-29T19:48:20Z</time><extensions><speed>0.900241</speed><course>89.413443</course><hAcc>1.911238</hAcc><vAcc>1.714000</vAcc></extensions></trkpt>
      <trkpt lon="-77.028319" lat="38.897469"><ele>13.260194</ele><time>2022-11-29T19:48:21Z</time><extensions><speed>0.886763</speed><course>89.472762</course><hAcc>1.898844</hAcc><vAcc>1.713184</vAcc></extensions></trkpt>
      <trkpt lon="-77.028309" lat="38.897469"><ele>13.256823</ele><time>2022-11-29T19:48:22Z</time><extensions><speed>0.873823</speed><course>89.540127</course><hAcc>1.885179</hAcc><vAcc>1.711961</vAcc></extensions></trkpt>
      <trkpt lon="-77.028300" lat="38.897469"><ele>13.253926</ele><time>2022-11-29T19:48:23Z</time><extensions><speed>0.861629</speed><course>89.614207</course><hAcc>1.870493</hAcc><vAcc>1.710250</vAcc></extensions></trkpt>
      <trkpt lon="-77.028291" lat="38.897469"><ele>13.251233</ele><time>2022-11-29T19:48:24Z</time><extensions><speed>0.850450</speed><course>89.695394</course><hAcc>1.854665</hAcc><vAcc>1.707964</vAcc></extensions></trkpt>
      <trkpt lon="-77.028282" lat="38.897469"><ele>13.248634</ele><time>2022-11-29T19:48:25Z</time><extensions><speed>0.840391</speed><course>89.783179</course><hAcc>1.837783</hAcc><vAcc>1.705009</vAcc></extensions></trkpt>
      <trkpt lon="-77.028273" lat="38.897469"><ele>13.246225</ele><time>2022-11-29T19:48:26Z</time><extensions><speed>0.831648</speed><course>89.876923</course><hAcc>1.819747</hAcc><vAcc>1.701291</vAcc></extensions></trkpt>
      <trkpt lon="-77.028264" lat="38.897469"><ele>13.244241</ele><time>2022-11-29T19:48:27Z</time><extensions><speed>0.823622</speed><course>89.981094</course><hAcc>1.797128</hAcc><vAcc>1.696706</vAcc></extensions></trkpt>
      <trkpt lon="-77.028256" lat="38.897469"><ele>13.242427</ele><time>2022-11-29T19:48:28Z</time><extensions><speed>0.817534</speed><course>90.086224</course><hAcc>1.775320</hAcc><vAcc>1.691150</vAcc></extensions></trkpt>
      <trkpt lon="-77.028247" lat="38.897469"><ele>13.241091</ele><time>2022-11-29T19:48:29Z</time><extensions><speed>0.812493</speed><course>90.192765</course><hAcc>1.753639</hAcc><vAcc>1.684513</vAcc></extensions></trkpt>
      <trkpt lon="-77.028238" lat="38.897469"><ele>13.240788</ele><time>2022-11-29T19:48:30Z</time><extensions><speed>0.808617</speed><course>90.301187</course><hAcc>1.731663</hAcc><vAcc>1.676684</vAcc></extensions></trkpt>
      <trkpt lon="-77.028229" lat="38.897468"><ele>13.241368</ele><time>2022-11-29T19:48:31Z</time><extensions><speed>0.805877</speed><course>90.411525</course><hAcc>1.709109</hAcc><vAcc>1.667553</vAcc></extensions></trkpt>
      <trkpt lon="-77.028220" lat="38.897468"><ele>13.242857</ele><time>2022-11-29T19:48:32Z</time><extensions><speed>0.804587</speed><course>90.523303</course><hAcc>1.685833</hAcc><vAcc>1.657009</vAcc></extensions></trkpt>
      <trkpt lon="-77.028211" lat="38.897468"><ele>13.245286</ele><time>2022-11-29T19:48:33Z</time><extensions><speed>0.804414</speed><course>90.636083</course><hAcc>1.661747</hAcc><vAcc>1.644949</vAcc></extensions></trkpt>
      <trkpt lon="-77.028202" lat="38.897468"><ele>13.248783</ele><time>2022-11-29T19:48:34Z</time><extensions><speed>0.805712</speed><course>90.748738</course><hAcc>1.636818</hAcc><vAcc>1.631280</vAcc></extensions></trkpt>
      <trkpt lon="-77.028193" lat="38.897468"><ele>13.253127</ele><time>2022-11-29T19:48:35Z</time><extensions><speed>0.808415</speed><course>90.860407</course><hAcc>1.611022</hAcc><vAcc>1.615925</vAcc></extensions></trkpt>
      <trkpt lon="-77.028184" lat="38.897468"><ele>13.258287</ele><time>2022-11-29T19:48:36Z</time><extensions><speed>0.812508</speed><course>90.970418</course><hAcc>1.584363</hAcc><vAcc>1.598832</vAcc></extensions></trkpt>
      <trkpt lon="-77.028175" lat="38.897468"><ele>13.264245</ele><time>2022-11-29T19:48:37Z</time><extensions><speed>0.818034</speed><course>91.077892</course><hAcc>1.556869</hAcc><vAcc>1.579980</vAcc></extensions></trkpt>
      <trkpt lon="-77.028165" lat="38.897468"><ele>13.270936</ele><time>2022-11-29T19:48:38Z</time><extensions><speed>0.825084</speed><course>91.181861</course><hAcc>1.528577</hAcc><vAcc>1.559394</vAcc></extensions></trkpt>
      <trkpt lon="-77.028156" lat="38.897467"><ele>13.278468</ele><time>2022-11-29T19:48:39Z</time><extensions><speed>0.833715</speed><course>91.281700</course><hAcc>1.499554</hAcc><vAcc>1.537156</vAcc></extensions></trkpt>
      <trkpt lon="-77.028146" lat="38.897467"><ele>13.286650</ele><time>2022-11-29T19:48:40Z</time><extensions><speed>0.843914</speed><course>91.376847</course><hAcc>1.469866</hAcc><vAcc>1.513420</vAcc></extensions></trkpt>
      <trkpt lon="-77.028136" lat="38.897467"><ele>13.295524</ele><time>2022-11-29T19:48:41Z</time><extensions><speed>0.855452</speed><course>91.466683</course><hAcc>1.439622</hAcc><vAcc>1.488428</vAcc></extensions></trkpt>
      <trkpt lon="-77.028126" lat="38.897467"><ele>13.305004</ele><time>2022-11-29T19:48:42Z</time><extensions><speed>0.868173</speed><course>91.551029</course><hAcc>1.408948</hAcc><vAcc>1.462531</vAcc></extensions></trkpt>
      <trkpt lon="-77.028116" lat="38.897467"><ele>13.315055</ele><time>2022-11-29T19:48:43Z</time><extensions><speed>0.881942</speed><course>91.629643</course><hAcc>1.378003</hAcc><vAcc>1.436201</vAcc></extensions></trkpt>
      <trkpt lon="-77.028106" lat="38.897466"><ele>13.325647</ele><time>2022-11-29T19:48:44Z</time><extensions><speed>0.896565</speed><course>91.702610</course><hAcc>1.346968</hAcc><vAcc>1.410049</vAcc></extensions></trkpt>
      <trkpt lon="-77.028095" lat="38.897466"><ele>13.336662</ele><time>2022-11-29T19:48:45Z</time><extensions><speed>0.912230</speed><course>91.769385</course><hAcc>1.316046</hAcc><vAcc>1.384829</vAcc></extensions></trkpt>
      <trkpt lon="-77.028085" lat="38.897466"><ele>13.348027</ele><time>2022-11-29T19:48:46Z</time><extensions><speed>0.928929</speed><course>91.829602</course><hAcc>1.285475</hAcc><vAcc>1.361426</vAcc></extensions></trkpt>
      <trkpt lon="-77.028074" lat="38.897465"><ele>13.359567</ele><time>2022-11-29T19:48:47Z</time><extensions><speed>0.946061</speed><course>91.883054</course><hAcc>1.255520</hAcc><vAcc>1.340829</vAcc></extensions></trkpt>
      <trkpt lon="-77.028063" lat="38.897465"><ele>13.371153</ele><time>2022-11-29T19:48:48Z</time><extensions><speed>0.963385</speed><course>91.927497</course><hAcc>1.226457</hAcc><vAcc>1.323735</vAcc></extensions></trkpt>
      <trkpt lon="-77.028052" lat="38.897465"><ele>13.382711</ele><time>2022-11-29T19:48:49Z</time><extensions><speed>0.980957</speed><course>91.962129</course><hAcc>1.198522</hAcc><vAcc>1.309988</vAcc></extensions></trkpt>
      <trkpt lon="-77.028040" lat="38.897465"><ele>13.394175</ele><time>2022-11-29T19:48:50Z</time><extensions><speed>0.998759</speed><course>91.986651</course><hAcc>1.171924</hAcc><vAcc>1.298765</vAcc></extensions></trkpt>
      <trkpt lon="-77.028029" lat="38.897464"><ele>13.405404</ele><time>2022-11-29T19:48:51Z</time><extensions><speed>1.016926</speed><course>92.000751</course><hAcc>1.146845</hAcc><vAcc>1.289096</vAcc></extensions></trkpt>
      <trkpt lon="-77.028017" lat="38.897464"><ele>13.416321</ele><time>2022-11-29T19:48:52Z</time><extensions><speed>1.035329</speed><course>92.003775</course><hAcc>1.123429</hAcc><vAcc>1.280018</vAcc></extensions></trkpt>
      <trkpt lon="-77.028005" lat="38.897464"><ele>13.426945</ele><time>2022-11-29T19:48:53Z</time><extensions><speed>1.054639</speed><course>91.994438</course><hAcc>1.101775</hAcc><vAcc>1.270605</vAcc></extensions></trkpt>
      <trkpt lon="-77.027992" lat="38.897463"><ele>13.437436</ele><time>2022-11-29T19:48:54Z</time><extensions><speed>1.074167</speed><course>91.972111</course><hAcc>1.081936</hAcc><vAcc>1.260046</vAcc></extensions></trkpt>
      <trkpt lon="-77.027979" lat="38.897463"><ele>13.448039</ele><time>2022-11-29T19:48:55Z</time><extensions><speed>1.094083</speed><course>91.938021</course><hAcc>1.063926</hAcc><vAcc>1.247719</vAcc></extensions></trkpt>
      <trkpt lon="-77.027966" lat="38.897463"><ele>13.458994</ele><time>2022-11-29T19:48:56Z</time><extensions><speed>1.113456</speed><course>91.888249</course><hAcc>1.047733</hAcc><vAcc>1.233246</vAcc></extensions></trkpt>
      <trkpt lon="-77.027953" lat="38.897462"><ele>13.470586</ele><time>2022-11-29T19:48:57Z</time><extensions><speed>1.132357</speed><course>91.832667</course><hAcc>1.033268</hAcc><vAcc>1.216503</vAcc></extensions></trkpt>
      <trkpt lon="-77.027940" lat="38.897462"><ele>13.483180</ele><time>2022-11-29T19:48:58Z</time><extensions><speed>1.151033</speed><course>91.766234</course><hAcc>1.020426</hAcc><vAcc>1.197580</vAcc></extensions></trkpt>
      <trkpt lon="-77.027926" lat="38.897462"><ele>13.496879</ele><time>2022-11-29T19:48:59Z</time><extensions><speed>1.169540</speed><course>91.686496</course><hAcc>1.009092</hAcc><vAcc>1.176745</vAcc></extensions></trkpt>
      <trkpt lon="-77.027912" lat="38.897461"><ele>13.512001</ele><time>2022-11-29T19:49:00Z</time><extensions><speed>1.187710</speed><course>91.596429</course><hAcc>0.999120</hAcc><vAcc>1.154414</vAcc></extensions></trkpt>
      <trkpt lon="-77.027898" lat="38.897461"><ele>13.528885</ele><time>2022-11-29T19:49:01Z</time><extensions><speed>1.205557</speed><course>91.498098</course><hAcc>0.990338</hAcc><vAcc>1.131110</vAcc></extensions></trkpt>
      <trkpt lon="-77.027884" lat="38.897461"><ele>13.547689</ele><time>2022-11-29T19:49:02Z</time><extensions><speed>1.222745</speed><course>91.394608</course><hAcc>0.982548</hAcc><vAcc>1.107425</vAcc></extensions></trkpt>
      <trkpt lon="-77.027869" lat="38.897460"><ele>13.568462</ele><time>2022-11-29T19:49:03Z</time><extensions><speed>1.239154</speed><course>91.291933</course><hAcc>0.975518</hAcc><vAcc>1.083979</vAcc></extensions></trkpt>
      <trkpt lon="-77.027855" lat="38.897460"><ele>13.591167</ele><time>2022-11-29T19:49:04Z</time><extensions><speed>1.254557</speed><course>91.192742</course><hAcc>0.968997</hAcc><vAcc>1.061378</vAcc></extensions></trkpt>
      <trkpt lon="-77.027840" lat="38.897460"><ele>13.615680</ele><time>2022-11-29T19:49:05Z</time><extensions><speed>1.268745</speed><course>91.096044</course><hAcc>0.962708</hAcc><vAcc>1.040165</vAcc></extensions></trkpt>
      <trkpt lon="-77.027825" lat="38.897460"><ele>13.641286</ele><time>2022-11-29T19:49:06Z</time><extensions><speed>1.281315</speed><course>91.001732</course><hAcc>0.956367</hAcc><vAcc>1.020784</vAcc></extensions></trkpt>
      <trkpt lon="-77.027810" lat="38.897459"><ele>13.667371</ele><time>2022-11-29T19:49:07Z</time><extensions><speed>1.291991</speed><course>90.909787</course><hAcc>0.949712</hAcc><vAcc>1.003569</vAcc></extensions></trkpt>
      <trkpt lon="-77.027796" lat="38.897459"><ele>13.693418</ele><time>2022-11-29T19:49:08Z</time><extensions><speed>1.300948</speed><course>90.820160</course><hAcc>0.942517</hAcc><vAcc>0.988722</vAcc></extensions></trkpt>
      <trkpt lon="-77.027781" lat="38.897459"><ele>13.719065</ele><time>2022-11-29T19:49:09Z</time><extensions><speed>1.308430</speed><course>90.732754</course><hAcc>0.934607</hAcc><vAcc>0.976316</vAcc></extensions></trkpt>
      <trkpt lon="-77.027766" lat="38.897459"><ele>13.744116</ele><time>2022-11-29T19:49:10Z</time><extensions><speed>1.314408</speed><course>90.647683</course><hAcc>0.925851</hAcc><vAcc>0.966291</vAcc></extensions></trkpt>
      <trkpt lon="-77.027751" lat="38.897459"><ele>13.768146</ele><time>2022-11-29T19:49:11Z</time><extensions><speed>1.318835</speed><course>90.564936</course><hAcc>0.916174</hAcc><vAcc>0.958471</vAcc></extensions></trkpt>
      <trkpt lon="-77.027735" lat="38.897459"><ele>13.790893</ele><time>2022-11-29T19:49:12Z</time><extensions><speed>1.321893</speed><course>90.484431</course><hAcc>0.905556</hAcc><vAcc>0.952592</vAcc></extensions></trkpt>
      <trkpt lon="-77.027720" lat="38.897459"><ele>13.812090</ele><time>2022-11-29T19:49:13Z</time><extensions><speed>1.323746</speed><course>90.406202</course><hAcc>0.894024</hAcc><vAcc>0.948335</vAcc></extensions></trkpt>
      <trkpt lon="-77.027705" lat="38.897459"><ele>13.831478</ele><time>2022-11-29T19:49:14Z</time><extensions><speed>1.324478</speed><course>90.329951</course><hAcc>0.881646</hAcc><vAcc>0.945347</vAcc></extensions></trkpt>
      <trkpt lon="-77.027690" lat="38.897459"><ele>13.848783</ele><time>2022-11-29T19:49:15Z</time><extensions><speed>1.323948</speed><course>90.256028</course><hAcc>0.868578</hAcc><vAcc>0.943312</vAcc></extensions></trkpt>
      <trkpt lon="-77.027675" lat="38.897458"><ele>13.863830</ele><time>2022-11-29T19:49:16Z</time><extensions><speed>1.322034</speed><course>90.184266</course><hAcc>0.854990</hAcc><vAcc>0.941953</vAcc></extensions></trkpt>
      <trkpt lon="-77.027659" lat="38.897458"><ele>13.876435</ele><time>2022-11-29T19:49:17Z</time><extensions><speed>1.318774</speed><course>90.114407</course><hAcc>0.841102</hAcc><vAcc>0.941034</vAcc></extensions></trkpt>
      <trkpt lon="-77.027644" lat="38.897458"><ele>13.886514</ele><time>2022-11-29T19:49:18Z</time><extensions><speed>1.314306</speed><course>90.046231</course><hAcc>0.827156</hAcc><vAcc>0.940374</vAcc></extensions></trkpt>
      <trkpt lon="-77.027629" lat="38.897458"><ele>13.894083</ele><time>2022-11-29T19:49:19Z</time><extensions><speed>1.308747</speed><course>89.979478</course><hAcc>0.813381</hAcc><vAcc>0.939842</vAcc></extensions></trkpt>
      <trkpt lon="-77.027614" lat="38.897458"><ele>13.899154</ele><time>2022-11-29T19:49:20Z</time><extensions><speed>1.301866</speed><course>89.913813</course><hAcc>0.799975</hAcc><vAcc>0.939345</vAcc></extensions></trkpt>
      <trkpt lon="-77.027599" lat="38.897458"><ele>13.901971</ele><time>2022-11-29T19:49:21Z</time><extensions><speed>1.293847</speed><course>89.848788</course><hAcc>0.787104</hAcc><vAcc>0.938806</vAcc></extensions></trkpt>
      <trkpt lon="-77.027584" lat="38.897458"><ele>13.902874</ele><time>2022-11-29T19:49:22Z</time><extensions><speed>1.284650</speed><course>89.783991</course><hAcc>0.774899</hAcc><vAcc>0.938151</vAcc></extensions></trkpt>
      <trkpt lon="-77.027570" lat="38.897459"><ele>13.902197</ele><time>2022-11-29T19:49:23Z</time><extensions><speed>1.274234</speed><course>89.718939</course><hAcc>0.763457</hAcc><vAcc>0.937306</vAcc></extensions></trkpt>
      <trkpt lon="-77.027555" lat="38.897459"><ele>13.900311</ele><time>2022-11-29T19:49:24Z</time><extensions><speed>1.262361</speed><course>89.653120</course><hAcc>0.752845</hAcc><vAcc>0.936211</vAcc></extensions></trkpt>
      <trkpt lon="-77.027540" lat="38.897459"><ele>13.897640</ele><time>2022-11-29T19:49:25Z</time><extensions><speed>1.249065</speed><course>89.585935</course><hAcc>0.743096</hAcc><vAcc>0.934838</vAcc></extensions></trkpt>
      <trkpt lon="-77.027526" lat="38.897459"><ele>13.894647</ele><time>2022-11-29T19:49:26Z</time><extensions><speed>1.234310</speed><course>89.516761</course><hAcc>0.734221</hAcc><vAcc>0.933201</vAcc></extensions></trkpt>
      <trkpt lon="-77.027512" lat="38.897459"><ele>13.891847</ele><time>2022-11-29T19:49:27Z</time><extensions><speed>1.218088</speed><course>89.444849</course><hAcc>0.726208</hAcc><vAcc>0.931352</vAcc></extensions></trkpt>
      <trkpt lon="-77.027498" lat="38.897459"><ele>13.889800</ele><time>2022-11-29T19:49:28Z</time><extensions><speed>1.200471</speed><course>89.369476</course><hAcc>0.719023</hAcc><vAcc>0.929363</vAcc></extensions></trkpt>
      <trkpt lon="-77.027484" lat="38.897459"><ele>13.889121</ele><time>2022-11-29T19:49:29Z</time><extensions><speed>1.181732</speed><course>89.289913</course><hAcc>0.712616</hAcc><vAcc>0.927298</vAcc></extensions></trkpt>
      <trkpt lon="-77.027471" lat="38.897459"><ele>13.890460</ele><time>2022-11-29T19:49:30Z</time><extensions><speed>1.162064</speed><course>89.205400</course><hAcc>0.706926</hAcc><vAcc>0.925195</vAcc></extensions></trkpt>
      <trkpt lon="-77.027458" lat="38.897459"><ele>13.894498</ele><time>2022-11-29T19:49:31Z</time><extensions><speed>1.141454</speed><course>89.115193</course><hAcc>0.701883</hAcc><vAcc>0.923049</vAcc></extensions></trkpt>
      <trkpt lon="-77.027445" lat="38.897460"><ele>13.901876</ele><time>2022-11-29T19:49:32Z</time><extensions><speed>1.119981</speed><course>89.018524</course><hAcc>0.697414</hAcc><vAcc>0.920807</vAcc></extensions></trkpt>
      <trkpt lon="-77.027432" lat="38.897460"><ele>13.913184</ele><time>2022-11-29T19:49:33Z</time><extensions><speed>1.097559</speed><course>88.914520</course><hAcc>0.693445</hAcc><vAcc>0.918387</vAcc></extensions></trkpt>
      <trkpt lon="-77.027419" lat="38.897460"><ele>13.928906</ele><time>2022-11-29T19:49:34Z</time><extensions><speed>1.074052</speed><course>88.802246</course><hAcc>0.689902</hAcc><vAcc>0.915697</vAcc></extensions></trkpt>
      <trkpt lon="-77.027407" lat="38.897460"><ele>13.949390</ele><time>2022-11-29T19:49:35Z</time><extensions><speed>1.049604</speed><course>88.680921</course><hAcc>0.686714</hAcc><vAcc>0.912656</vAcc></extensions></trkpt>
      <trkpt lon="-77.027395" lat="38.897460"><ele>13.974669</ele><time>2022-11-29T19:49:36Z</time><extensions><speed>1.024603</speed><course>88.550006</course><hAcc>0.683811</hAcc><vAcc>0.909204</vAcc></extensions></trkpt>
      <trkpt lon="-77.027383" lat="38.897461"><ele>14.004671</ele><time>2022-11-29T19:49:37Z</time><extensions><speed>0.999521</speed><course>88.409300</course><hAcc>0.681133</hAcc><vAcc>0.905321</vAcc></extensions></trkpt>
      <trkpt lon="-77.027372" lat="38.897461"><ele>14.038905</ele><time>2022-11-29T19:49:38Z</time><extensions><speed>0.974330</speed><course>88.258374</course><hAcc>0.678626</hAcc><vAcc>0.901028</vAcc></extensions></trkpt>
      <trkpt lon="-77.027361" lat="38.897461"><ele>14.076803</ele><time>2022-11-29T19:49:39Z</time><extensions><speed>0.949416</speed><course>88.097681</course><hAcc>0.676244</hAcc><vAcc>0.896384</vAcc></extensions></trkpt>
      <trkpt lon="-77.027350" lat="38.897461"><ele>14.117890</ele><time>2022-11-29T19:49:40Z</time><extensions><speed>0.925064</speed><course>87.927964</course><hAcc>0.673953</hAcc><vAcc>0.891453</vAcc></extensions></trkpt>
      <trkpt lon="-77.027340" lat="38.897462"><ele>14.161681</ele><time>2022-11-29T19:49:41Z</time><extensions><speed>0.901483</speed><course>87.750345</course><hAcc>0.671728</hAcc><vAcc>0.886299</vAcc></extensions></trkpt>
      <trkpt lon="-77.027329" lat="38.897462"><ele>14.207467</ele><time>2022-11-29T19:49:42Z</time><extensions><speed>0.879194</speed><course>87.567363</course><hAcc>0.669562</hAcc><vAcc>0.880986</vAcc></extensions></trkpt>
      <trkpt lon="-77.027319" lat="38.897462"><ele>14.254119</ele><time>2022-11-29T19:49:43Z</time><extensions><speed>0.858556</speed><course>87.382149</course><hAcc>0.667472</hAcc><vAcc>0.875600</vAcc></extensions></trkpt>
      <trkpt lon="-77.027310" lat="38.897463"><ele>14.300108</ele><time>2022-11-29T19:49:44Z</time><extensions><speed>0.840066</speed><course>87.199381</course><hAcc>0.665504</hAcc><vAcc>0.870242</vAcc></extensions></trkpt>
      <trkpt lon="-77.027300" lat="38.897463"><ele>14.343569</ele><time>2022-11-29T19:49:45Z</time><extensions><speed>0.824184</speed><course>87.024980</course><hAcc>0.663739</hAcc><vAcc>0.865028</vAcc></extensions></trkpt>
      <trkpt lon="-77.027291" lat="38.897464"><ele>14.382444</ele><time>2022-11-29T19:49:46Z</time><extensions><speed>0.812199</speed><course>86.866597</course><hAcc>0.662301</hAcc><vAcc>0.860073</vAcc></extensions></trkpt>
      <trkpt lon="-77.027281" lat="38.897464"><ele>14.414827</ele><time>2022-11-29T19:49:47Z</time><extensions><speed>0.803858</speed><course>86.730588</course><hAcc>0.661377</hAcc><vAcc>0.855485</vAcc></extensions></trkpt>
      <trkpt lon="-77.027272" lat="38.897464"><ele>14.438857</ele><time>2022-11-29T19:49:48Z</time><extensions><speed>0.799287</speed><course>86.621827</course><hAcc>0.661225</hAcc><vAcc>0.851364</vAcc></extensions></trkpt>
      <trkpt lon="-77.027263" lat="38.897465"><ele>14.453058</ele><time>2022-11-29T19:49:49Z</time><extensions><speed>0.798495</speed><course>86.542185</course><hAcc>0.662187</hAcc><vAcc>0.847783</vAcc></extensions></trkpt>
      <trkpt lon="-77.027254" lat="38.897465"><ele>14.456523</ele><time>2022-11-29T19:49:50Z</time><extensions><speed>0.801359</speed><course>86.491530</course><hAcc>0.664697</hAcc><vAcc>0.844784</vAcc></extensions></trkpt>
      <trkpt lon="-77.027244" lat="38.897466"><ele>14.448838</ele><time>2022-11-29T19:49:51Z</time><extensions><speed>0.807596</speed><course>86.468658</course><hAcc>0.669300</hAcc><vAcc>0.842375</vAcc></extensions></trkpt>
      <trkpt lon="-77.027235" lat="38.897466"><ele>14.429922</ele><time>2022-11-29T19:49:52Z</time><extensions><speed>0.816813</speed><course>86.471699</course><hAcc>0.676660</hAcc><vAcc>0.840557</vAcc></extensions></trkpt>
      <trkpt lon="-77.027226" lat="38.897467"><ele>14.400150</ele><time>2022-11-29T19:49:53Z</time><extensions><speed>0.828499</speed><course>86.498306</course><hAcc>0.687556</hAcc><vAcc>0.839335</vAcc></extensions></trkpt>
      <trkpt lon="-77.027216" lat="38.897467"><ele>14.360087</ele><time>2022-11-29T19:49:54Z</time><extensions><speed>0.842055</speed><course>86.545002</course><hAcc>0.702867</hAcc><vAcc>0.838736</vAcc></extensions></trkpt>
      <trkpt lon="-77.027206" lat="38.897468"><ele>14.310252</ele><time>2022-11-29T19:49:55Z</time><extensions><speed>0.856506</speed><course>86.605964</course><hAcc>0.723524</hAcc><vAcc>0.838795</vAcc></extensions></trkpt>
      <trkpt lon="-77.027196" lat="38.897468"><ele>14.251301</ele><time>2022-11-29T19:49:56Z</time><extensions><speed>0.871579</speed><course>86.675641</course><hAcc>0.750461</hAcc><vAcc>0.839547</vAcc></extensions></trkpt>
      <trkpt lon="-77.027186" lat="38.897468"><ele>14.184176</ele><time>2022-11-29T19:49:57Z</time><extensions><speed>0.886217</speed><course>86.747469</course><hAcc>0.784546</hAcc><vAcc>0.841002</vAcc></extensions></trkpt>
      <trkpt lon="-77.027175" lat="38.897469"><ele>14.110301</ele><time>2022-11-29T19:49:58Z</time><extensions><speed>1.035613</speed><course>87.412092</course><hAcc>0.809092</hAcc><vAcc>0.843141</vAcc></extensions></trkpt>
      <trkpt lon="-77.027162" lat="38.897469"><ele>14.031569</ele><time>2022-11-29T19:49:59Z</time><extensions><speed>1.165763</speed><course>87.891993</course><hAcc>0.817394</hAcc><vAcc>0.845910</vAcc></extensions></trkpt>
      <trkpt lon="-77.027148" lat="38.897470"><ele>13.950098</ele><time>2022-11-29T19:50:00Z</time><extensions><speed>1.275644</speed><course>88.254400</course><hAcc>0.819424</hAcc><vAcc>0.849238</vAcc></extensions></trkpt>
      <trkpt lon="-77.027133" lat="38.897470"><ele>13.868028</ele><time>2022-11-29T19:50:01Z</time><extensions><speed>1.366670</speed><course>88.538186</course><hAcc>0.820311</hAcc><vAcc>0.853035</vAcc></extensions></trkpt>
      <trkpt lon="-77.027117" lat="38.897470"><ele>13.787500</ele><time>2022-11-29T19:50:02Z</time><extensions><speed>1.439586</speed><course>88.764991</course><hAcc>0.822298</hAcc><vAcc>0.857199</vAcc></extensions></trkpt>
      <trkpt lon="-77.027100" lat="38.897471"><ele>13.710708</ele><time>2022-11-29T19:50:03Z</time><extensions><speed>1.494318</speed><course>88.948486</course><hAcc>0.825945</hAcc><vAcc>0.861617</vAcc></extensions></trkpt>
      <trkpt lon="-77.027083" lat="38.897471"><ele>13.639848</ele><time>2022-11-29T19:50:04Z</time><extensions><speed>1.532765</speed><course>89.099945</course><hAcc>0.830967</hAcc><vAcc>0.866170</vAcc></extensions></trkpt>
      <trkpt lon="-77.027065" lat="38.897471"><ele>13.577082</ele><time>2022-11-29T19:50:05Z</time><extensions><speed>1.555240</speed><course>89.227279</course><hAcc>0.836723</hAcc><vAcc>0.870727</vAcc></extensions></trkpt>
      <trkpt lon="-77.027047" lat="38.897471"><ele>13.524411</ele><time>2022-11-29T19:50:06Z</time><extensions><speed>1.565270</speed><course>89.337115</course><hAcc>0.842495</hAcc><vAcc>0.875163</vAcc></extensions></trkpt>
      <trkpt lon="-77.027029" lat="38.897471"><ele>13.483448</ele><time>2022-11-29T19:50:07Z</time><extensions><speed>1.570880</speed><course>89.434630</course><hAcc>0.847716</hAcc><vAcc>0.879360</vAcc></extensions></trkpt>
      <trkpt lon="-77.027011" lat="38.897471"><ele>13.455183</ele><time>2022-11-29T19:50:08Z</time><extensions><speed>1.569518</speed><course>89.523545</course><hAcc>0.852142</hAcc><vAcc>0.883223</vAcc></extensions></trkpt>
      <trkpt lon="-77.026993" lat="38.897472"><ele>13.439949</ele><time>2022-11-29T19:50:09Z</time><extensions><speed>1.561011</speed><course>89.607749</course><hAcc>0.855687</hAcc><vAcc>0.886689</vAcc></extensions></trkpt>
      <trkpt lon="-77.026975" lat="38.897472"><ele>13.437215</ele><time>2022-11-29T19:50:10Z</time><extensions><speed>1.547725</speed><course>89.690162</course><hAcc>0.858350</hAcc><vAcc>0.889742</vAcc></extensions></trkpt>
      <trkpt lon="-77.026957" lat="38.897472"><ele>13.445750</ele><time>2022-11-29T19:50:11Z</time><extensions><speed>1.531430</speed><course>89.773008</course><hAcc>0.860201</hAcc><vAcc>0.892403</vAcc></extensions></trkpt>
      <trkpt lon="-77.026939" lat="38.897472"><ele>13.463802</ele><time>2022-11-29T19:50:12Z</time><extensions><speed>1.513798</speed><course>89.858033</course><hAcc>0.861351</hAcc><vAcc>0.894730</vAcc></extensions></trkpt>
      <trkpt lon="-77.026922" lat="38.897472"><ele>13.489310</ele><time>2022-11-29T19:50:13Z</time><extensions><speed>1.496311</speed><course>89.946205</course><hAcc>0.861935</hAcc><vAcc>0.896806</vAcc></extensions></trkpt>
      <trkpt lon="-77.026905" lat="38.897472"><ele>13.520162</ele><time>2022-11-29T19:50:14Z</time><extensions><speed>1.480033</speed><course>90.037571</course><hAcc>0.862101</hAcc><vAcc>0.898726</vAcc></extensions></trkpt>
      <trkpt lon="-77.026888" lat="38.897472"><ele>13.554550</ele><time>2022-11-29T19:50:15Z</time><extensions><speed>1.465951</speed><course>90.130883</course><hAcc>0.862011</hAcc><vAcc>0.900586</vAcc></extensions></trkpt>
      <trkpt lon="-77.026871" lat="38.897472"><ele>13.591125</ele><time>2022-11-29T19:50:16Z</time><extensions><speed>1.452851</speed><course>90.224357</course><hAcc>0.861820</hAcc><vAcc>0.902471</vAcc></extensions></trkpt>
      <trkpt lon="-77.026854" lat="38.897472"><ele>13.628999</ele><time>2022-11-29T19:50:17Z</time><extensions><speed>1.442514</speed><course>90.310338</course><hAcc>0.861635</hAcc><vAcc>0.904450</vAcc></extensions></trkpt>
      <trkpt lon="-77.026838" lat="38.897472"><ele>13.667638</ele><time>2022-11-29T19:50:18Z</time><extensions><speed>1.436038</speed><course>90.387697</course><hAcc>0.861549</hAcc><vAcc>0.906570</vAcc></extensions></trkpt>
      <trkpt lon="-77.026821" lat="38.897471"><ele>13.706796</ele><time>2022-11-29T19:50:19Z</time><extensions><speed>1.432054</speed><course>90.454897</course><hAcc>0.861638</hAcc><vAcc>0.908864</vAcc></extensions></trkpt>
      <trkpt lon="-77.026805" lat="38.897471"><ele>13.746377</ele><time>2022-11-29T19:50:20Z</time><extensions><speed>1.429282</speed><course>90.511667</course><hAcc>0.861952</hAcc><vAcc>0.911346</vAcc></extensions></trkpt>
      <trkpt lon="-77.026788" lat="38.897471"><ele>13.786320</ele><time>2022-11-29T19:50:21Z</time><extensions><speed>1.427204</speed><course>90.558482</course><hAcc>0.862518</hAcc><vAcc>0.914021</vAcc></extensions></trkpt>
      <trkpt lon="-77.026772" lat="38.897471"><ele>13.826528</ele><time>2022-11-29T19:50:22Z</time><extensions><speed>1.425597</speed><course>90.595974</course><hAcc>0.863353</hAcc><vAcc>0.916879</vAcc></extensions></trkpt>
      <trkpt lon="-77.026756" lat="38.897471"><ele>13.866819</ele><time>2022-11-29T19:50:23Z</time><extensions><speed>1.423838</speed><course>90.624965</course><hAcc>0.864493</hAcc><vAcc>0.919905</vAcc></extensions></trkpt>
      <trkpt lon="-77.026739" lat="38.897471"><ele>13.906864</ele><time>2022-11-29T19:50:24Z</time><extensions><speed>1.423374</speed><course>90.646527</course><hAcc>0.865969</hAcc><vAcc>0.923075</vAcc></extensions></trkpt>
      <trkpt lon="-77.026723" lat="38.897471"><ele>13.946148</ele><time>2022-11-29T19:50:25Z</time><extensions><speed>1.423399</speed><course>90.661688</course><hAcc>0.867794</hAcc><vAcc>0.926366</vAcc></extensions></trkpt>
      <trkpt lon="-77.026706" lat="38.897471"><ele>13.984009</ele><time>2022-11-29T19:50:26Z</time><extensions><speed>1.424836</speed><course>90.671499</course><hAcc>0.869982</hAcc><vAcc>0.929753</vAcc></extensions></trkpt>
      <trkpt lon="-77.026690" lat="38.897470"><ele>14.019693</ele><time>2022-11-29T19:50:27Z</time><extensions><speed>1.425356</speed><course>90.676911</course><hAcc>0.872552</hAcc><vAcc>0.933212</vAcc></extensions></trkpt>
      <trkpt lon="-77.026673" lat="38.897470"><ele>14.052436</ele><time>2022-11-29T19:50:28Z</time><extensions><speed>1.424549</speed><course>90.678835</course><hAcc>0.875550</hAcc><vAcc>0.936721</vAcc></extensions></trkpt>
      <trkpt lon="-77.026657" lat="38.897470"><ele>14.081510</ele><time>2022-11-29T19:50:29Z</time><extensions><speed>1.421683</speed><course>90.678470</course><hAcc>0.879069</hAcc><vAcc>0.940262</vAcc></extensions></trkpt>
      <trkpt lon="-77.026641" lat="38.897470"><ele>14.106390</ele><time>2022-11-29T19:50:30Z</time><extensions><speed>1.416148</speed><course>90.676292</course><hAcc>0.883256</hAcc><vAcc>0.943815</vAcc></extensions></trkpt>
      <trkpt lon="-77.026624" lat="38.897470"><ele>14.126570</ele><time>2022-11-29T19:50:31Z</time><extensions><speed>1.408958</speed><course>90.673535</course><hAcc>0.888316</hAcc><vAcc>0.947360</vAcc></extensions></trkpt>
      <trkpt lon="-77.026608" lat="38.897470"><ele>14.141506</ele><time>2022-11-29T19:50:32Z</time><extensions><speed>1.399769</speed><course>90.670691</course><hAcc>0.894440</hAcc><vAcc>0.950878</vAcc></extensions></trkpt>
      <trkpt lon="-77.026592" lat="38.897469"><ele>14.150659</ele><time>2022-11-29T19:50:33Z</time><extensions><speed>1.387249</speed><course>90.667977</course><hAcc>0.901720</hAcc><vAcc>0.954349</vAcc></extensions></trkpt>
      <trkpt lon="-77.026576" lat="38.897469"><ele>14.153425</ele><time>2022-11-29T19:50:34Z</time><extensions><speed>1.372061</speed><course>90.665519</course><hAcc>0.910097</hAcc><vAcc>0.957753</vAcc></extensions></trkpt>
      <trkpt lon="-77.026561" lat="38.897469"><ele>14.149191</ele><time>2022-11-29T19:50:35Z</time><extensions><speed>1.354930</speed><course>90.663144</course><hAcc>0.919347</hAcc><vAcc>0.961066</vAcc></extensions></trkpt>
      <trkpt lon="-77.026545" lat="38.897469"><ele>14.137482</ele><time>2022-11-29T19:50:36Z</time><extensions><speed>1.335941</speed><course>90.660807</course><hAcc>0.929167</hAcc><vAcc>0.964267</vAcc></extensions></trkpt>
      <trkpt lon="-77.026530" lat="38.897469"><ele>14.117899</ele><time>2022-11-29T19:50:37Z</time><extensions><speed>1.313671</speed><course>90.657750</course><hAcc>0.939313</hAcc><vAcc>0.967332</vAcc></extensions></trkpt>
      <trkpt lon="-77.026515" lat="38.897469"><ele>14.090132</ele><time>2022-11-29T19:50:38Z</time><extensions><speed>1.288702</speed><course>90.653243</course><hAcc>0.949368</hAcc><vAcc>0.970240</vAcc></extensions></trkpt>
      <trkpt lon="-77.026500" lat="38.897469"><ele>14.053900</ele><time>2022-11-29T19:50:39Z</time><extensions><speed>1.262555</speed><course>90.646292</course><hAcc>0.958780</hAcc><vAcc>0.972976</vAcc></extensions></trkpt>
      <trkpt lon="-77.026486" lat="38.897468"><ele>14.009020</ele><time>2022-11-29T19:50:40Z</time><extensions><speed>1.236094</speed><course>90.635914</course><hAcc>0.966942</hAcc><vAcc>0.975528</vAcc></extensions></trkpt>
      <trkpt lon="-77.026472" lat="38.897468"><ele>13.955328</ele><time>2022-11-29T19:50:41Z</time><extensions><speed>1.206048</speed><course>90.620989</course><hAcc>0.973302</hAcc><vAcc>0.977895</vAcc></extensions></trkpt>
      <trkpt lon="-77.026458" lat="38.897468"><ele>13.892692</ele><time>2022-11-29T19:50:42Z</time><extensions><speed>1.171693</speed><course>90.600083</course><hAcc>0.977448</hAcc><vAcc>0.980082</vAcc></extensions></trkpt>
      <trkpt lon="-77.026445" lat="38.897468"><ele>13.821133</ele><time>2022-11-29T19:50:43Z</time><extensions><speed>1.132414</speed><course>90.571218</course><hAcc>0.979197</hAcc><vAcc>0.982103</vAcc></extensions></trkpt>
      <trkpt lon="-77.026432" lat="38.897468"><ele>13.740831</ele><time>2022-11-29T19:50:44Z</time><extensions><speed>1.085798</speed><course>90.531781</course><hAcc>0.978552</hAcc><vAcc>0.983981</vAcc></extensions></trkpt>
      <trkpt lon="-77.026420" lat="38.897468"><ele>13.652227</ele><time>2022-11-29T19:50:45Z</time><extensions><speed>1.034501</speed><course>90.478340</course><hAcc>0.975732</hAcc><vAcc>0.985743</vAcc></extensions></trkpt>
      <trkpt lon="-77.026408" lat="38.897468"><ele>13.556123</ele><time>2022-11-29T19:50:46Z</time><extensions><speed>0.982121</speed><course>90.406842</course><hAcc>0.971148</hAcc><vAcc>0.987425</vAcc></extensions></trkpt>
      <trkpt lon="-77.026397" lat="38.897468"><ele>13.453599</ele><time>2022-11-29T19:50:47Z</time><extensions><speed>0.927961</speed><course>90.312171</course><hAcc>0.965368</hAcc><vAcc>0.989061</vAcc></extensions></trkpt>
      <trkpt lon="-77.026387" lat="38.897468"><ele>13.345988</ele><time>2022-11-29T19:50:48Z</time><extensions><speed>0.870786</speed><course>90.187320</course><hAcc>0.959016</hAcc><vAcc>0.990687</vAcc></extensions></trkpt>
      <trkpt lon="-77.026377" lat="38.897468"><ele>13.234846</ele><time>2022-11-29T19:50:49Z</time><extensions><speed>0.809962</speed><course>90.022494</course><hAcc>0.952707</hAcc><vAcc>0.992332</vAcc></extensions></trkpt>
      <trkpt lon="-77.026368" lat="38.897468"><ele>13.121905</ele><time>2022-11-29T19:50:50Z</time><extensions><speed>0.743483</speed><course>89.802095</course><hAcc>0.947022</hAcc><vAcc>0.994024</vAcc></extensions></trkpt>
      <trkpt lon="-77.026360" lat="38.897468"><ele>13.008961</ele><time>2022-11-29T19:50:51Z</time><extensions><speed>0.672874</speed><course>89.505768</course><hAcc>0.942476</hAcc><vAcc>0.995786</vAcc></extensions></trkpt>
      <trkpt lon="-77.026352" lat="38.897468"><ele>12.897752</ele><time>2022-11-29T19:50:52Z</time><extensions><speed>0.599033</speed><course>89.103596</course><hAcc>0.939488</hAcc><vAcc>0.997636</vAcc></extensions></trkpt>
      <trkpt lon="-77.026346" lat="38.897468"><ele>12.789880</ele><time>2022-11-29T19:50:53Z</time><extensions><speed>0.522976</speed><course>88.549613</course><hAcc>0.938345</hAcc><vAcc>0.999594</vAcc></extensions></trkpt>
      <trkpt lon="-77.026340" lat="38.897468"><ele>12.686816</ele><time>2022-11-29T19:50:54Z</time><extensions><speed>0.447330</speed><course>87.778663</course><hAcc>0.939194</hAcc><vAcc>1.001671</vAcc></extensions></trkpt>
      <trkpt lon="-77.026336" lat="38.897468"><ele>12.589718</ele><time>2022-11-29T19:50:55Z</time><extensions><speed>0.373453</speed><course>86.689208</course><hAcc>0.942051</hAcc><vAcc>1.003871</vAcc></extensions></trkpt>
      <trkpt lon="-77.026332" lat="38.897469"><ele>12.499730</ele><time>2022-11-29T19:50:56Z</time><extensions><speed>0.302639</speed><course>85.110998</course><hAcc>0.946704</hAcc><vAcc>1.006189</vAcc></extensions></trkpt>
      <trkpt lon="-77.026329" lat="38.897469"><ele>12.417779</ele><time>2022-11-29T19:50:57Z</time><extensions><speed>0.242131</speed><course>82.877314</course><hAcc>0.952822</hAcc><vAcc>1.008608</vAcc></extensions></trkpt>
      <trkpt lon="-77.026326" lat="38.897469"><ele>12.344757</ele><time>2022-11-29T19:50:58Z</time><extensions><speed>0.189800</speed><course>79.722863</course><hAcc>0.960375</hAcc><vAcc>1.011112</vAcc></extensions></trkpt>
      <trkpt lon="-77.026324" lat="38.897469"><ele>12.281799</ele><time>2022-11-29T19:50:59Z</time><extensions><speed>0.145762</speed><course>75.254603</course><hAcc>0.969190</hAcc><vAcc>1.013686</vAcc></extensions></trkpt>
      <trkpt lon="-77.026323" lat="38.897470"><ele>12.229639</ele><time>2022-11-29T19:51:00Z</time><extensions><speed>0.109871</speed><course>68.939374</course><hAcc>0.978850</hAcc><vAcc>1.016307</vAcc></extensions></trkpt>
      <trkpt lon="-77.026322" lat="38.897470"><ele>12.188719</ele><time>2022-11-29T19:51:01Z</time><extensions><speed>0.081850</speed><course>60.139738</course><hAcc>0.988754</hAcc><vAcc>1.018947</vAcc></extensions></trkpt>
      <trkpt lon="-77.026321" lat="38.897470"><ele>12.159288</ele><time>2022-11-29T19:51:02Z</time><extensions><speed>0.061722</speed><course>48.373263</course><hAcc>0.998402</hAcc><vAcc>1.021576</vAcc></extensions></trkpt>
      <trkpt lon="-77.026321" lat="38.897471"><ele>12.141193</ele><time>2022-11-29T19:51:03Z</time><extensions><speed>0.047761</speed><course>33.712487</course><hAcc>1.007738</hAcc><vAcc>1.024173</vAcc></extensions></trkpt>
      <trkpt lon="-77.026321" lat="38.897471"><ele>12.134186</ele><time>2022-11-29T19:51:04Z</time><extensions><speed>0.038934</speed><course>17.187987</course><hAcc>1.016677</hAcc><vAcc>1.026736</vAcc></extensions></trkpt>
      <trkpt lon="-77.026321" lat="38.897472"><ele>12.137733</ele><time>2022-11-29T19:51:05Z</time><extensions><speed>0.033385</speed><course>0.499604</course><hAcc>1.025286</hAcc><vAcc>1.029281</vAcc></extensions></trkpt>
      <trkpt lon="-77.026321" lat="38.897472"><ele>12.151073</ele><time>2022-11-29T19:51:06Z</time><extensions><speed>0.029634</speed><course>344.715469</course><hAcc>1.033569</hAcc><vAcc>1.031852</vAcc></extensions></trkpt>
      <trkpt lon="-77.026321" lat="38.897472"><ele>12.173224</ele><time>2022-11-29T19:51:07Z</time><extensions><speed>0.026990</speed><course>330.046964</course><hAcc>1.041566</hAcc><vAcc>1.034522</vAcc></extensions></trkpt>
      <trkpt lon="-77.026321" lat="38.897472"><ele>12.203078</ele><time>2022-11-29T19:51:08Z</time><extensions><speed>0.024927</speed><course>316.323636</course><hAcc>1.049593</hAcc><vAcc>1.037380</vAcc></extensions></trkpt>
      <trkpt lon="-77.026321" lat="38.897472"><ele>12.239519</ele><time>2022-11-29T19:51:09Z</time><extensions><speed>0.023210</speed><course>303.046372</course><hAcc>1.057900</hAcc><vAcc>1.040509</vAcc></extensions></trkpt>
      <trkpt lon="-77.026321" lat="38.897472"><ele>12.281561</ele><time>2022-11-29T19:51:10Z</time><extensions><speed>0.021841</speed><course>289.597373</course><hAcc>1.066575</hAcc><vAcc>1.043950</vAcc></extensions></trkpt>
      <trkpt lon="-77.026322" lat="38.897472"><ele>12.328469</ele><time>2022-11-29T19:51:11Z</time><extensions><speed>0.020965</speed><course>275.924490</course><hAcc>1.075625</hAcc><vAcc>1.047706</vAcc></extensions></trkpt>
      <trkpt lon="-77.026322" lat="38.897472"><ele>12.379483</ele><time>2022-11-29T19:51:12Z</time><extensions><speed>0.020681</speed><course>262.434277</course><hAcc>1.085007</hAcc><vAcc>1.051751</vAcc></extensions></trkpt>
      <trkpt lon="-77.026322" lat="38.897472"><ele>12.433638</ele><time>2022-11-29T19:51:13Z</time><extensions><speed>0.021046</speed><course>249.667838</course><hAcc>1.094616</hAcc><vAcc>1.056042</vAcc></extensions></trkpt>
      <trkpt lon="-77.026322" lat="38.897472"><ele>12.490287</ele><time>2022-11-29T19:51:14Z</time><extensions><speed>0.022025</speed><course>238.219252</course><hAcc>1.104280</hAcc><vAcc>1.060527</vAcc></extensions></trkpt>
      <trkpt lon="-77.026323" lat="38.897472"><ele>12.548842</ele><time>2022-11-29T19:51:15Z</time><extensions><speed>0.023420</speed><course>228.523841</course><hAcc>1.113838</hAcc><vAcc>1.065157</vAcc></extensions></trkpt>
      <trkpt lon="-77.026323" lat="38.897472"><ele>12.608694</ele><time>2022-11-29T19:51:16Z</time><extensions><speed>0.024999</speed><course>220.699334</course><hAcc>1.123176</hAcc><vAcc>1.069895</vAcc></extensions></trkpt>
      <trkpt lon="-77.026323" lat="38.897472"><ele>12.669366</ele><time>2022-11-29T19:51:17Z</time><extensions><speed>0.026516</speed><course>214.535886</course><hAcc>1.132243</hAcc><vAcc>1.074722</vAcc></extensions></trkpt>
      <trkpt lon="-77.026323" lat="38.897472"><ele>12.730980</ele><time>2022-11-29T19:51:17Z</time><extensions><speed>0.027774</speed><course>209.706417</course><hAcc>1.141038</hAcc><vAcc>1.079646</vAcc></extensions></trkpt>
      <trkpt lon="-77.026323" lat="38.897471"><ele>12.792582</ele><time>2022-11-29T19:51:18Z</time><extensions><speed>0.028579</speed><course>205.950565</course><hAcc>1.149652</hAcc><vAcc>1.084698</vAcc></extensions></trkpt>
      <trkpt lon="-77.026323" lat="38.897471"><ele>12.853790</ele><time>2022-11-29T19:51:20Z</time><extensions><speed>0.028858</speed><course>203.056069</course><hAcc>1.158250</hAcc><vAcc>1.089920</vAcc></extensions></trkpt>
      <trkpt lon="-77.026323" lat="38.897471"><ele>12.913965</ele><time>2022-11-29T19:51:21Z</time><extensions><speed>0.028655</speed><course>200.870503</course><hAcc>1.166993</hAcc><vAcc>1.095343</vAcc></extensions></trkpt>
      <trkpt lon="-77.026324" lat="38.897471"><ele>12.972681</ele><time>2022-11-29T19:51:22Z</time><extensions><speed>0.028013</speed><course>199.201589</course><hAcc>1.176019</hAcc><vAcc>1.100996</vAcc></extensions></trkpt>
      <trkpt lon="-77.026324" lat="38.897471"><ele>13.029424</ele><time>2022-11-29T19:51:23Z</time><extensions><speed>0.026861</speed><course>197.861012</course><hAcc>1.185393</hAcc><vAcc>1.106879</vAcc></extensions></trkpt>
      <trkpt lon="-77.026324" lat="38.897470"><ele>13.083752</ele><time>2022-11-29T19:51:24Z</time><extensions><speed>0.025354</speed><course>196.642091</course><hAcc>1.195145</hAcc><vAcc>1.112977</vAcc></extensions></trkpt>
      <trkpt lon="-77.026324" lat="38.897470"><ele>13.135304</ele><time>2022-11-29T19:51:25Z</time><extensions><speed>0.023605</speed><course>195.512765</course><hAcc>1.205230</hAcc><vAcc>1.119266</vAcc></extensions></trkpt>
      <trkpt lon="-77.026324" lat="38.897470"><ele>13.183800</ele><time>2022-11-29T19:51:26Z</time><extensions><speed>0.021780</speed><course>194.392013</course><hAcc>1.215551</hAcc><vAcc>1.125711</vAcc></extensions></trkpt>
      <trkpt lon="-77.026324" lat="38.897470"><ele>13.229319</ele><time>2022-11-29T19:51:27Z</time><extensions><speed>0.020008</speed><course>193.064536</course><hAcc>1.226019</hAcc><vAcc>1.132275</vAcc></extensions></trkpt>
      <trkpt lon="-77.026324" lat="38.897470"><ele>13.271774</ele><time>2022-11-29T19:51:28Z</time><extensions><speed>0.018420</speed><course>191.404816</course><hAcc>1.236539</hAcc><vAcc>1.138916</vAcc></extensions></trkpt>
      <trkpt lon="-77.026324" lat="38.897469"><ele>13.311431</ele><time>2022-11-29T19:51:29Z</time><extensions><speed>0.017116</speed><course>189.110032</course><hAcc>1.246966</hAcc><vAcc>1.145597</vAcc></extensions></trkpt>
      <trkpt lon="-77.026324" lat="38.897469"><ele>13.348909</ele><time>2022-11-29T19:51:30Z</time><extensions><speed>0.016325</speed><course>186.304008</course><hAcc>1.257215</hAcc><vAcc>1.152265</vAcc></extensions></trkpt>
      <trkpt lon="-77.026324" lat="38.897469"><ele>13.384340</ele><time>2022-11-29T19:51:31Z</time><extensions><speed>0.016051</speed><course>183.138786</course><hAcc>1.267482</hAcc><vAcc>1.158864</vAcc></extensions></trkpt>
      <trkpt lon="-77.026324" lat="38.897469"><ele>13.417295</ele><time>2022-11-29T19:51:32Z</time><extensions><speed>0.016320</speed><course>179.686612</course><hAcc>1.277948</hAcc><vAcc>1.165371</vAcc></extensions></trkpt>
      <trkpt lon="-77.026324" lat="38.897469"><ele>13.448811</ele><time>2022-11-29T19:51:33Z</time><extensions><speed>0.017143</speed><course>176.239486</course><hAcc>1.288706</hAcc><vAcc>1.171780</vAcc></extensions></trkpt>
      <trkpt lon="-77.026324" lat="38.897469"><ele>13.478450</ele><time>2022-11-29T19:51:34Z</time><extensions><speed>0.018496</speed><course>173.074137</course><hAcc>1.299728</hAcc><vAcc>1.178028</vAcc></extensions></trkpt>
      <trkpt lon="-77.026324" lat="38.897468"><ele>13.507422</ele><time>2022-11-29T19:51:35Z</time><extensions><speed>0.020374</speed><course>170.501278</course><hAcc>1.310817</hAcc><vAcc>1.184063</vAcc></extensions></trkpt>
      <trkpt lon="-77.026324" lat="38.897468"><ele>13.535794</ele><time>2022-11-29T19:51:36Z</time><extensions><speed>0.022662</speed><course>168.524728</course><hAcc>1.321626</hAcc><vAcc>1.189834</vAcc></extensions></trkpt>
      <trkpt lon="-77.026324" lat="38.897468"><ele>13.563692</ele><time>2022-11-29T19:51:37Z</time><extensions><speed>0.025419</speed><course>167.189961</course><hAcc>1.331665</hAcc><vAcc>1.195290</vAcc></extensions></trkpt>
      <trkpt lon="-77.026324" lat="38.897468"><ele>13.590885</ele><time>2022-11-29T19:51:38Z</time><extensions><speed>0.028887</speed><course>166.294347</course><hAcc>1.340401</hAcc><vAcc>1.200373</vAcc></extensions></trkpt>
      <trkpt lon="-77.026324" lat="38.897468"><ele>13.617864</ele><time>2022-11-29T19:51:39Z</time><extensions><speed>0.033034</speed><course>165.842815</course><hAcc>1.347844</hAcc><vAcc>1.205023</vAcc></extensions></trkpt>
      <trkpt lon="-77.026324" lat="38.897467"><ele>13.644735</ele><time>2022-11-29T19:51:40Z</time><extensions><speed>0.037560</speed><course>165.800581</course><hAcc>1.354425</hAcc><vAcc>1.209171</vAcc></extensions></trkpt>
      <trkpt lon="-77.026324" lat="38.897467"><ele>13.671592</ele><time>2022-11-29T19:51:41Z</time><extensions><speed>0.042415</speed><course>166.078376</course><hAcc>1.360410</hAcc><vAcc>1.212744</vAcc></extensions></trkpt>
      <trkpt lon="-77.026323" lat="38.897467"><ele>13.698714</ele><time>2022-11-29T19:51:42Z</time><extensions><speed>0.047587</speed><course>166.643120</course><hAcc>1.365859</hAcc><vAcc>1.215668</vAcc></extensions></trkpt>
      <trkpt lon="-77.026323" lat="38.897466"><ele>13.725367</ele><time>2022-11-29T19:51:43Z</time><extensions><speed>0.052996</speed><course>167.427842</course><hAcc>1.370688</hAcc><vAcc>1.217866</vAcc></extensions></trkpt>
      <trkpt lon="-77.026323" lat="38.897466"><ele>13.751362</ele><time>2022-11-29T19:51:44Z</time><extensions><speed>0.058534</speed><course>168.401109</course><hAcc>1.374735</hAcc><vAcc>1.219267</vAcc></extensions></trkpt>
      <trkpt lon="-77.026323" lat="38.897465"><ele>13.777186</ele><time>2022-11-29T19:51:45Z</time><extensions><speed>0.064093</speed><course>169.512954</course><hAcc>1.377801</hAcc><vAcc>1.219808</vAcc></extensions></trkpt>
      <trkpt lon="-77.026323" lat="38.897465"><ele>13.802443</ele><time>2022-11-29T19:51:46Z</time><extensions><speed>0.069610</speed><course>170.768389</course><hAcc>1.379704</hAcc><vAcc>1.219443</vAcc></extensions></trkpt>
      <trkpt lon="-77.026323" lat="38.897464"><ele>13.826771</ele><time>2022-11-29T19:51:47Z</time><extensions><speed>0.074872</speed><course>172.195723</course><hAcc>1.380294</hAcc><vAcc>1.218151</vAcc></extensions></trkpt>
      <trkpt lon="-77.026323" lat="38.897463"><ele>13.849940</ele><time>2022-11-29T19:51:48Z</time><extensions><speed>0.079715</speed><course>173.801820</course><hAcc>1.379461</hAcc><vAcc>1.215945</vAcc></extensions></trkpt>
      <trkpt lon="-77.026323" lat="38.897462"><ele>13.871539</ele><time>2022-11-29T19:51:49Z</time><extensions><speed>0.083919</speed><course>175.617259</course><hAcc>1.377191</hAcc><vAcc>1.212882</vAcc></extensions></trkpt>
      <trkpt lon="-77.026322" lat="38.897462"><ele>13.891180</ele><time>2022-11-29T19:51:50Z</time><extensions><speed>0.087322</speed><course>177.698996</course><hAcc>1.373589</hAcc><vAcc>1.209074</vAcc></extensions></trkpt>
      <trkpt lon="-77.026323" lat="38.897461"><ele>13.908157</ele><time>2022-11-29T19:51:51Z</time><extensions><speed>0.089580</speed><course>180.362965</course><hAcc>1.368908</hAcc><vAcc>1.204694</vAcc></extensions></trkpt>
      <trkpt lon="-77.026323" lat="38.897460"><ele>13.922256</ele><time>2022-11-29T19:51:52Z</time><extensions><speed>0.090606</speed><course>183.501854</course><hAcc>1.363615</hAcc><vAcc>1.199989</vAcc></extensions></trkpt>
      <trkpt lon="-77.026323" lat="38.897459"><ele>13.932809</ele><time>2022-11-29T19:51:53Z</time><extensions><speed>0.090588</speed><course>187.235667</course><hAcc>1.358329</hAcc><vAcc>1.195260</vAcc></extensions></trkpt>
      <trkpt lon="-77.026323" lat="38.897458"><ele>13.939170</ele><time>2022-11-29T19:51:54Z</time><extensions><speed>0.090524</speed><course>191.584919</course><hAcc>1.353718</hAcc><vAcc>1.190809</vAcc></extensions></trkpt>
      <trkpt lon="-77.026323" lat="38.897458"><ele>13.940712</ele><time>2022-11-29T19:51:55Z</time><extensions><speed>0.091561</speed><course>196.101748</course><hAcc>1.350441</hAcc><vAcc>1.186889</vAcc></extensions></trkpt>
      <trkpt lon="-77.026323" lat="38.897457"><ele>13.937002</ele><time>2022-11-29T19:51:56Z</time><extensions><speed>0.094553</speed><course>200.574410</course><hAcc>1.349126</hAcc><vAcc>1.183687</vAcc></extensions></trkpt>
      <trkpt lon="-77.026324" lat="38.897456"><ele>13.927606</ele><time>2022-11-29T19:51:57Z</time><extensions><speed>0.099944</speed><course>204.551375</course><hAcc>1.350492</hAcc><vAcc>1.181339</vAcc></extensions></trkpt>
      <trkpt lon="-77.026324" lat="38.897455"><ele>13.912127</ele><time>2022-11-29T19:51:58Z</time><extensions><speed>0.107929</speed><course>207.681550</course><hAcc>1.355339</hAcc><vAcc>1.179940</vAcc></extensions></trkpt>
      <trkpt lon="-77.026325" lat="38.897454"><ele>13.890204</ele><time>2022-11-29T19:51:59Z</time><extensions><speed>0.118524</speed><course>209.798992</course><hAcc>1.364568</hAcc><vAcc>1.179551</vAcc></extensions></trkpt>
      <trkpt lon="-77.026326" lat="38.897453"><ele>13.861529</ele><time>2022-11-29T19:52:00Z</time><extensions><speed>0.131626</speed><course>210.919980</course><hAcc>1.379199</hAcc><vAcc>1.180206</vAcc></extensions></trkpt>
      <trkpt lon="-77.026327" lat="38.897452"><ele>13.825869</ele><time>2022-11-29T19:52:01Z</time><extensions><speed>0.147052</speed><course>211.172618</course><hAcc>1.400362</hAcc><vAcc>1.181910</vAcc></extensions></trkpt>
      <trkpt lon="-77.026328" lat="38.897451"><ele>13.783080</ele><time>2022-11-29T19:52:02Z</time><extensions><speed>0.164609</speed><course>210.739463</course><hAcc>1.429209</hAcc><vAcc>1.184613</vAcc></extensions></trkpt>
      <trkpt lon="-77.026329" lat="38.897450"><ele>13.733075</ele><time>2022-11-29T19:52:03Z</time><extensions><speed>0.183952</speed><course>209.859366</course><hAcc>1.466716</hAcc><vAcc>1.188149</vAcc></extensions></trkpt>
      <trkpt lon="-77.026330" lat="38.897448"><ele>13.675828</ele><time>2022-11-29T19:52:04Z</time><extensions><speed>0.204758</speed><course>208.766433</course><hAcc>1.513446</hAcc><vAcc>1.192170</vAcc></extensions></trkpt>
      <trkpt lon="-77.026331" lat="38.897447"><ele>13.611449</ele><time>2022-11-29T19:52:05Z</time><extensions><speed>0.226607</speed><course>207.620114</course><hAcc>1.569475</hAcc><vAcc>1.196126</vAcc></extensions></trkpt>
      <trkpt lon="-77.026332" lat="38.897445"><ele>13.540296</ele><time>2022-11-29T19:52:06Z</time><extensions><speed>0.248729</speed><course>206.517464</course><hAcc>1.634317</hAcc><vAcc>1.199269</vAcc></extensions></trkpt>
      <trkpt lon="-77.026333" lat="38.897443"><ele>13.463076</ele><time>2022-11-29T19:52:07Z</time><extensions><speed>0.270579</speed><course>205.502252</course><hAcc>1.706899</hAcc><vAcc>1.200662</vAcc></extensions></trkpt>
      <trkpt lon="-77.026335" lat="38.897440"><ele>13.380917</ele><time>2022-11-29T19:52:08Z</time><extensions><speed>0.291191</speed><course>204.580482</course><hAcc>1.785648</hAcc><vAcc>1.199197</vAcc></extensions></trkpt>
      <trkpt lon="-77.026336" lat="38.897438"><ele>13.295246</ele><time>2022-11-29T19:52:09Z</time><extensions><speed>0.309706</speed><course>203.725470</course><hAcc>1.868674</hAcc><vAcc>1.193695</vAcc></extensions></trkpt>
      <trkpt lon="-77.026338" lat="38.897435"><ele>13.207471</ele><time>2022-11-29T19:52:10Z</time><extensions><speed>0.326076</speed><course>202.901114</course><hAcc>1.954238</hAcc><vAcc>1.183085</vAcc></extensions></trkpt>
      <trkpt lon="-77.026339" lat="38.897432"><ele>13.118841</ele><time>2022-11-29T19:52:11Z</time><extensions><speed>0.340243</speed><course>202.090096</course><hAcc>2.041062</hAcc><vAcc>1.166487</vAcc></extensions></trkpt>
      <trkpt lon="-77.026341" lat="38.897429"><ele>13.030467</ele><time>2022-11-29T19:52:12Z</time><extensions><speed>0.351594</speed><course>201.287747</course><hAcc>2.128235</hAcc><vAcc>1.143217</vAcc></extensions></trkpt>
      <trkpt lon="-77.026342" lat="38.897426"><ele>12.943341</ele><time>2022-11-29T19:52:13Z</time><extensions><speed>0.360151</speed><course>200.501558</course><hAcc>2.215133</hAcc><vAcc>1.112790</vAcc></extensions></trkpt>
      <trkpt lon="-77.026343" lat="38.897423"><ele>12.858358</ele><time>2022-11-29T19:52:14Z</time><extensions><speed>0.366299</speed><course>199.728626</course><hAcc>2.301482</hAcc><vAcc>1.074927</vAcc></extensions></trkpt>
      <trkpt lon="-77.026345" lat="38.897420"><ele>12.776337</ele><time>2022-11-29T19:52:15Z</time><extensions><speed>0.370036</speed><course>198.951321</course><hAcc>2.387242</hAcc><vAcc>1.029571</vAcc></extensions></trkpt>
      <trkpt lon="-77.026346" lat="38.897417"><ele>12.698036</ele><time>2022-11-29T19:52:16Z</time><extensions><speed>0.371862</speed><course>198.154281</course><hAcc>2.472486</hAcc><vAcc>0.976929</vAcc></extensions></trkpt>
      <trkpt lon="-77.026348" lat="38.897414"><ele>12.624180</ele><time>2022-11-29T19:52:17Z</time><extensions><speed>0.372285</speed><course>197.322903</course><hAcc>2.557443</hAcc><vAcc>0.917523</vAcc></extensions></trkpt>
      <trkpt lon="-77.026349" lat="38.897411"><ele>12.555468</ele><time>2022-11-29T19:52:18Z</time><extensions><speed>0.371408</speed><course>196.445969</course><hAcc>2.642455</hAcc><vAcc>0.852277</vAcc></extensions></trkpt>
      <trkpt lon="-77.026350" lat="38.897407"><ele>12.492574</ele><time>2022-11-29T19:52:19Z</time><extensions><speed>0.369543</speed><course>195.515766</course><hAcc>2.727934</hAcc><vAcc>0.782647</vAcc></extensions></trkpt>
      <trkpt lon="-77.026351" lat="38.897404"><ele>12.436148</ele><time>2022-11-29T19:52:20Z</time><extensions><speed>0.366662</speed><course>194.533750</course><hAcc>2.814338</hAcc><vAcc>0.710819</vAcc></extensions></trkpt>
      <trkpt lon="-77.026352" lat="38.897401"><ele>12.386791</ele><time>2022-11-29T19:52:21Z</time><extensions><speed>0.362571</speed><course>193.507729</course><hAcc>2.902078</hAcc><vAcc>0.639966</vAcc></extensions></trkpt>
      <trkpt lon="-77.026353" lat="38.897398"><ele>12.345003</ele><time>2022-11-29T19:52:22Z</time><extensions><speed>0.357652</speed><course>192.437186</course><hAcc>2.991544</hAcc><vAcc>0.574410</vAcc></extensions></trkpt>
      <trkpt lon="-77.026354" lat="38.897395"><ele>12.311110</ele><time>2022-11-29T19:52:23Z</time><extensions><speed>0.351872</speed><course>191.314540</course><hAcc>3.083187</hAcc><vAcc>0.519121</vAcc></extensions></trkpt>
      <trkpt lon="-77.026355" lat="38.897392"><ele>12.284823</ele><time>2022-11-29T19:52:24Z</time><extensions><speed>0.345206</speed><course>190.129111</course><hAcc>3.177491</hAcc><vAcc>0.478108</vAcc></extensions></trkpt>
      <trkpt lon="-77.026355" lat="38.897389"><ele>12.265009</ele><time>2022-11-29T19:52:25Z</time><extensions><speed>0.337699</speed><course>188.869177</course><hAcc>3.275000</hAcc><vAcc>0.452675</vAcc></extensions></trkpt>
      <trkpt lon="-77.026356" lat="38.897386"><ele>12.250366</ele><time>2022-11-29T19:52:26Z</time><extensions><speed>0.329354</speed><course>187.521234</course><hAcc>3.376327</hAcc><vAcc>0.440973</vAcc></extensions></trkpt>
      <trkpt lon="-77.026356" lat="38.897383"><ele>12.239914</ele><time>2022-11-29T19:52:27Z</time><extensions><speed>0.322349</speed><course>186.080038</course><hAcc>3.482513</hAcc><vAcc>0.438938</vAcc></extensions></trkpt>
      <trkpt lon="-77.026357" lat="38.897380"><ele>12.233016</ele><time>2022-11-29T19:52:28Z</time><extensions><speed>0.317284</speed><course>184.556323</course><hAcc>3.595374</hAcc><vAcc>0.441800</vAcc></extensions></trkpt>
      <trkpt lon="-77.026357" lat="38.897377"><ele>12.229192</ele><time>2022-11-29T19:52:29Z</time><extensions><speed>0.314236</speed><course>182.973497</course><hAcc>3.717254</hAcc><vAcc>0.445202</vAcc></extensions></trkpt>
      <trkpt lon="-77.026357" lat="38.897374"><ele>12.227700</ele><time>2022-11-29T19:52:30Z</time><extensions><speed>0.311920</speed><course>181.359364</course><hAcc>3.850577</hAcc><vAcc>0.445914</vAcc></extensions></trkpt>
      <trkpt lon="-77.026357" lat="38.897371"><ele>12.227390</ele><time>2022-11-29T19:52:31Z</time><extensions><speed>0.310411</speed><course>179.739792</course><hAcc>3.997559</hAcc><vAcc>0.442439</vAcc></extensions></trkpt>
      <trkpt lon="-77.026357" lat="38.897369"><ele>12.226814</ele><time>2022-11-29T19:52:32Z</time><extensions><speed>0.309464</speed><course>178.141613</course><hAcc>4.160269</hAcc><vAcc>0.435184</vAcc></extensions></trkpt>
      <trkpt lon="-77.026357" lat="38.897366"><ele>12.224624</ele><time>2022-11-29T19:52:33Z</time><extensions><speed>0.309851</speed><course>176.594496</course><hAcc>4.340770</hAcc><vAcc>0.425831</vAcc></extensions></trkpt>
      <trkpt lon="-77.026357" lat="38.897363"><ele>12.220302</ele><time>2022-11-29T19:52:34Z</time><extensions><speed>0.310552</speed><course>175.125266</course><hAcc>4.540927</hAcc><vAcc>0.416160</vAcc></extensions></trkpt>
      <trkpt lon="-77.026356" lat="38.897360"><ele>12.213968</ele><time>2022-11-29T19:52:35Z</time><extensions><speed>0.311494</speed><course>173.752444</course><hAcc>4.762024</hAcc><vAcc>0.407290</vAcc></extensions></trkpt>
      <trkpt lon="-77.026356" lat="38.897358"><ele>12.205418</ele><time>2022-11-29T19:52:36Z</time><extensions><speed>0.312641</speed><course>172.493726</course><hAcc>5.004989</hAcc><vAcc>0.399685</vAcc></extensions></trkpt>
      <trkpt lon="-77.026355" lat="38.897355"><ele>12.194296</ele><time>2022-11-29T19:52:37Z</time><extensions><speed>0.313908</speed><course>171.365493</course><hAcc>5.270412</hAcc><vAcc>0.393568</vAcc></extensions></trkpt>
      <trkpt lon="-77.026355" lat="38.897352"><ele>12.180691</ele><time>2022-11-29T19:52:38Z</time><extensions><speed>0.315241</speed><course>170.378103</course><hAcc>5.558598</hAcc><vAcc>0.389591</vAcc></extensions></trkpt>
      <trkpt lon="-77.026354" lat="38.897349"><ele>12.165073</ele><time>2022-11-29T19:52:39Z</time><extensions><speed>0.316548</speed><course>169.536416</course><hAcc>5.869646</hAcc><vAcc>0.389765</vAcc></extensions></trkpt>
      <trkpt lon="-77.026353" lat="38.897346"><ele>12.148203</ele><time>2022-11-29T19:52:40Z</time><extensions><speed>0.317765</speed><course>168.841906</course><hAcc>6.203479</hAcc><vAcc>0.398467</vAcc></extensions></trkpt>
      <trkpt lon="-77.026353" lat="38.897344"><ele>12.131147</ele><time>2022-11-29T19:52:41Z</time><extensions><speed>0.318844</speed><course>168.294207</course><hAcc>6.559903</hAcc><vAcc>0.422907</vAcc></extensions></trkpt>
      <trkpt lon="-77.026352" lat="38.897341"><ele>12.114851</ele><time>2022-11-29T19:52:42Z</time><extensions><speed>0.319529</speed><course>167.940629</course><hAcc>6.938574</hAcc><vAcc>0.471905</vAcc></extensions></trkpt>
      <trkpt lon="-77.026351" lat="38.897338"><ele>12.099487</ele><time>2022-11-29T19:52:43Z</time><extensions><speed>0.319937</speed><course>167.745941</course><hAcc>7.338983</hAcc><vAcc>0.552837</vAcc></extensions></trkpt>
      <trkpt lon="-77.026350" lat="38.897335"><ele>12.084364</ele><time>2022-11-29T19:52:44Z</time><extensions><speed>0.320106</speed><course>167.662918</course><hAcc>7.768924</hAcc><vAcc>0.671478</vAcc></extensions></trkpt>
      <trkpt lon="-77.026243" lat="38.897337"><ele>12.161227</ele><time>2022-11-29T19:54:00Z</time><extensions><speed>0.006875</speed><course>114.110779</course><hAcc>6.721412</hAcc><vAcc>3.374485</vAcc></extensions></trkpt>
      <trkpt lon="-77.026243" lat="38.897337"><ele>12.160783</ele><time>2022-11-29T19:54:01Z</time><extensions><speed>0.006885</speed><course>114.107151</course><hAcc>6.498937</hAcc><vAcc>3.244981</vAcc></extensions></trkpt>
      <trkpt lon="-77.026243" lat="38.897337"><ele>12.160353</ele><time>2022-11-29T19:54:02Z</time><extensions><speed>0.006898</speed><course>114.104751</course><hAcc>6.388183</hAcc><vAcc>3.174053</vAcc></extensions></trkpt>
      <trkpt lon="-77.026243" lat="38.897337"><ele>12.159941</ele><time>2022-11-29T19:54:03Z</time><extensions><speed>0.006951</speed><course>114.117927</course><hAcc>6.392534</hAcc><vAcc>3.163852</vAcc></extensions></trkpt>
      <trkpt lon="-77.026243" lat="38.897337"><ele>12.159545</ele><time>2022-11-29T19:54:04Z</time><extensions><speed>0.006978</speed><course>114.134363</course><hAcc>6.512889</hAcc><vAcc>3.215072</vAcc></extensions></trkpt>
      <trkpt lon="-77.026243" lat="38.897337"><ele>12.159157</ele><time>2022-11-29T19:54:05Z</time><extensions><speed>0.006979</speed><course>114.138910</course><hAcc>6.745647</hAcc><vAcc>3.326398</vAcc></extensions></trkpt>
      <trkpt lon="-77.026244" lat="38.897339"><ele>12.059407</ele><time>2022-11-29T19:55:12Z</time><extensions><speed>0.040748</speed><course>61.550843</course><hAcc>7.478867</hAcc><vAcc>1.086628</vAcc></extensions></trkpt>
      <trkpt lon="-77.026243" lat="38.897339"><ele>12.062113</ele><time>2022-11-29T19:55:13Z</time><extensions><speed>0.040766</speed><course>61.519160</course><hAcc>7.070371</hAcc><vAcc>0.915451</vAcc></extensions></trkpt>
      <trkpt lon="-77.026243" lat="38.897339"><ele>12.064881</ele><time>2022-11-29T19:55:14Z</time><extensions><speed>0.040774</speed><course>61.400892</course><hAcc>6.685097</hAcc><vAcc>0.769493</vAcc></extensions></trkpt>
      <trkpt lon="-77.026242" lat="38.897339"><ele>12.068001</ele><time>2022-11-29T19:55:15Z</time><extensions><speed>0.040747</speed><course>61.156048</course><hAcc>6.323187</hAcc><vAcc>0.651162</vAcc></extensions></trkpt>
      <trkpt lon="-77.026242" lat="38.897339"><ele>12.072165</ele><time>2022-11-29T19:55:16Z</time><extensions><speed>0.040678</speed><course>60.765252</course><hAcc>5.985249</hAcc><vAcc>0.561641</vAcc></extensions></trkpt>
      <trkpt lon="-77.026242" lat="38.897340"><ele>12.078275</ele><time>2022-11-29T19:55:17Z</time><extensions><speed>0.040567</speed><course>60.231998</course><hAcc>5.671702</hAcc><vAcc>0.499097</vAcc></extensions></trkpt>
      <trkpt lon="-77.026241" lat="38.897340"><ele>12.087239</ele><time>2022-11-29T19:55:18Z</time><extensions><speed>0.040413</speed><course>59.576568</course><hAcc>5.382685</hAcc><vAcc>0.458799</vAcc></extensions></trkpt>
      <trkpt lon="-77.026241" lat="38.897340"><ele>12.099851</ele><time>2022-11-29T19:55:19Z</time><extensions><speed>0.040232</speed><course>58.842707</course><hAcc>5.118789</hAcc><vAcc>0.435483</vAcc></extensions></trkpt>
      <trkpt lon="-77.026240" lat="38.897340"><ele>12.116907</ele><time>2022-11-29T19:55:20Z</time><extensions><speed>0.040020</speed><course>58.087835</course><hAcc>4.880362</hAcc><vAcc>0.425906</vAcc></extensions></trkpt>
      <trkpt lon="-77.026240" lat="38.897340"><ele>12.139413</ele><time>2022-11-29T19:55:21Z</time><extensions><speed>0.039774</speed><course>57.356962</course><hAcc>4.667256</hAcc><vAcc>0.429173</vAcc></extensions></trkpt>
      <trkpt lon="-77.026240" lat="38.897340"><ele>12.168055</ele><time>2022-11-29T19:55:22Z</time><extensions><speed>0.039503</speed><course>56.687147</course><hAcc>4.480213</hAcc><vAcc>0.445941</vAcc></extensions></trkpt>
      <trkpt lon="-77.026239" lat="38.897341"><ele>12.202601</ele><time>2022-11-29T19:55:23Z</time><extensions><speed>0.039217</speed><course>56.101144</course><hAcc>4.319379</hAcc><vAcc>0.477491</vAcc></extensions></trkpt>
      <trkpt lon="-77.026239" lat="38.897341"><ele>12.241001</ele><time>2022-11-29T19:55:23Z</time><extensions><speed>0.038942</speed><course>55.630928</course><hAcc>4.187379</hAcc><vAcc>0.523693</vAcc></extensions></trkpt>
      <trkpt lon="-77.026238" lat="38.897341"><ele>12.282794</ele><time>2022-11-29T19:55:24Z</time><extensions><speed>0.038689</speed><course>55.271690</course><hAcc>4.079897</hAcc><vAcc>0.585788</vAcc></extensions></trkpt>
      <trkpt lon="-77.026238" lat="38.897341"><ele>12.325778</ele><time>2022-11-29T19:55:25Z</time><extensions><speed>0.038487</speed><course>55.087015</course><hAcc>3.999448</hAcc><vAcc>0.661548</vAcc></extensions></trkpt>
      <trkpt lon="-77.026238" lat="38.897341"><ele>12.368921</ele><time>2022-11-29T19:55:26Z</time><extensions><speed>0.038483</speed><course>55.143263</course><hAcc>3.945905</hAcc><vAcc>0.748314</vAcc></extensions></trkpt>
      <trkpt lon="-77.026237" lat="38.897342"><ele>12.411537</ele><time>2022-11-29T19:55:27Z</time><extensions><speed>0.038729</speed><course>55.478074</course><hAcc>3.919089</hAcc><vAcc>0.843564</vAcc></extensions></trkpt>
      <trkpt lon="-77.026237" lat="38.897342"><ele>12.453109</ele><time>2022-11-29T19:55:28Z</time><extensions><speed>0.039280</speed><course>56.078205</course><hAcc>3.919025</hAcc><vAcc>0.945827</vAcc></extensions></trkpt>
      <trkpt lon="-77.026237" lat="38.897342"><ele>12.493394</ele><time>2022-11-29T19:55:30Z</time><extensions><speed>0.040114</speed><course>56.924407</course><hAcc>3.946134</hAcc><vAcc>1.054591</vAcc></extensions></trkpt>
      <trkpt lon="-77.026236" lat="38.897342"><ele>12.532083</ele><time>2022-11-29T19:55:31Z</time><extensions><speed>0.041209</speed><course>57.981189</course><hAcc>4.000916</hAcc><vAcc>1.169304</vAcc></extensions></trkpt>
      <trkpt lon="-77.026236" lat="38.897342"><ele>12.569182</ele><time>2022-11-29T19:55:32Z</time><extensions><speed>0.042586</speed><course>59.218063</course><hAcc>4.084137</hAcc><vAcc>1.290495</vAcc></extensions></trkpt>
      <trkpt lon="-77.026235" lat="38.897343"><ele>12.604663</ele><time>2022-11-29T19:55:33Z</time><extensions><speed>0.044242</speed><course>60.600121</course><hAcc>4.196626</hAcc><vAcc>1.418865</vAcc></extensions></trkpt>
      <trkpt lon="-77.026235" lat="38.897343"><ele>12.638544</ele><time>2022-11-29T19:55:34Z</time><extensions><speed>0.046207</speed><course>62.092814</course><hAcc>4.339330</hAcc><vAcc>1.555346</vAcc></extensions></trkpt>
      <trkpt lon="-77.026234" lat="38.897343"><ele>12.670880</ele><time>2022-11-29T19:55:35Z</time><extensions><speed>0.048322</speed><course>63.665550</course><hAcc>4.513039</hAcc><vAcc>1.701006</vAcc></extensions></trkpt>
      <trkpt lon="-77.026234" lat="38.897343"><ele>12.701784</ele><time>2022-11-29T19:55:36Z</time><extensions><speed>0.050597</speed><course>65.294643</course><hAcc>4.718170</hAcc><vAcc>1.856952</vAcc></extensions></trkpt>
      <trkpt lon="-77.026233" lat="38.897343"><ele>12.731420</ele><time>2022-11-29T19:55:37Z</time><extensions><speed>0.052970</speed><course>66.924289</course><hAcc>4.955046</hAcc><vAcc>2.024285</vAcc></extensions></trkpt>
      <trkpt lon="-77.026233" lat="38.897344"><ele>12.759997</ele><time>2022-11-29T19:55:38Z</time><extensions><speed>0.055228</speed><course>68.483888</course><hAcc>5.223728</hAcc><vAcc>2.204091</vAcc></extensions></trkpt>
      <trkpt lon="-77.026231" lat="38.897344"><ele>12.836744</ele><time>2022-11-29T19:55:41Z</time><extensions><speed>0.068339</speed><course>79.304239</course><hAcc>6.222722</hAcc><vAcc>2.813388</vAcc></extensions></trkpt>
      <trkpt lon="-77.026230" lat="38.897344"><ele>12.859701</ele><time>2022-11-29T19:55:42Z</time><extensions><speed>0.068990</speed><course>80.363756</course><hAcc>6.636762</hAcc><vAcc>3.058452</vAcc></extensions></trkpt>
      <trkpt lon="-77.026194" lat="38.897392"><ele>13.062586</ele><time>2022-11-29T19:56:13Z</time><extensions><speed>0.128280</speed><course>167.041374</course><hAcc>5.435629</hAcc><vAcc>2.419558</vAcc></extensions></trkpt>
      <trkpt lon="-77.026194" lat="38.897391"><ele>13.018692</ele><time>2022-11-29T19:56:14Z</time><extensions><speed>0.128609</speed><course>167.038101</course><hAcc>5.136924</hAcc><vAcc>2.252249</vAcc></extensions></trkpt>
      <trkpt lon="-77.026193" lat="38.897390"><ele>12.974631</ele><time>2022-11-29T19:56:15Z</time><extensions><speed>0.129182</speed><course>167.026871</course><hAcc>4.874364</hAcc><vAcc>2.106909</vAcc></extensions></trkpt>
      <trkpt lon="-77.026193" lat="38.897388"><ele>12.930447</ele><time>2022-11-29T19:56:16Z</time><extensions><speed>0.130375</speed><course>167.004058</course><hAcc>4.648699</hAcc><vAcc>1.982860</vAcc></extensions></trkpt>
      <trkpt lon="-77.026193" lat="38.897387"><ele>12.886403</ele><time>2022-11-29T19:56:17Z</time><extensions><speed>0.132534</speed><course>166.967811</course><hAcc>4.461011</hAcc><vAcc>1.879715</vAcc></extensions></trkpt>
      <trkpt lon="-77.026192" lat="38.897386"><ele>12.842573</ele><time>2022-11-29T19:56:18Z</time><extensions><speed>0.134628</speed><course>166.918164</course><hAcc>4.312601</hAcc><vAcc>1.796528</vAcc></extensions></trkpt>
      <trkpt lon="-77.026192" lat="38.897385"><ele>12.799139</ele><time>2022-11-29T19:56:19Z</time><extensions><speed>0.136530</speed><course>166.854904</course><hAcc>4.206218</hAcc><vAcc>1.732734</vAcc></extensions></trkpt>
      <trkpt lon="-77.026192" lat="38.897384"><ele>12.756172</ele><time>2022-11-29T19:56:20Z</time><extensions><speed>0.137955</speed><course>166.776999</course><hAcc>4.144177</hAcc><vAcc>1.687848</vAcc></extensions></trkpt>
      <trkpt lon="-77.026191" lat="38.897383"><ele>12.713783</ele><time>2022-11-29T19:56:21Z</time><extensions><speed>0.138926</speed><course>166.689250</course><hAcc>4.128582</hAcc><vAcc>1.661896</vAcc></extensions></trkpt>
      <trkpt lon="-77.026191" lat="38.897380"><ele>12.632694</ele><time>2022-11-29T19:56:23Z</time><extensions><speed>0.140698</speed><course>166.350507</course><hAcc>4.226243</hAcc><vAcc>1.643374</vAcc></extensions></trkpt>
      <trkpt lon="-77.026190" lat="38.897379"><ele>12.594241</ele><time>2022-11-29T19:56:24Z</time><extensions><speed>0.141037</speed><course>166.276312</course><hAcc>4.343380</hAcc><vAcc>1.652712</vAcc></extensions></trkpt>
      <trkpt lon="-77.026190" lat="38.897378"><ele>12.556564</ele><time>2022-11-29T19:56:25Z</time><extensions><speed>0.141133</speed><course>166.215871</course><hAcc>4.512349</hAcc><vAcc>1.684507</vAcc></extensions></trkpt>
      <trkpt lon="-77.026189" lat="38.897376"><ele>12.519693</ele><time>2022-11-29T19:56:26Z</time><extensions><speed>0.141005</speed><course>166.170667</course><hAcc>4.731165</hAcc><vAcc>1.740116</vAcc></extensions></trkpt>
      <trkpt lon="-77.026189" lat="38.897375"><ele>12.483443</ele><time>2022-11-29T19:56:27Z</time><extensions><speed>0.140749</speed><course>166.141364</course><hAcc>4.997693</hAcc><vAcc>1.821258</vAcc></extensions></trkpt>
      <trkpt lon="-77.026189" lat="38.897374"><ele>12.447706</ele><time>2022-11-29T19:56:28Z</time><extensions><speed>0.140652</speed><course>166.126677</course><hAcc>5.308808</hAcc><vAcc>1.929510</vAcc></extensions></trkpt>
      <trkpt lon="-77.026188" lat="38.897373"><ele>12.412294</ele><time>2022-11-29T19:56:29Z</time><extensions><speed>0.140572</speed><course>166.122534</course><hAcc>5.661466</hAcc><vAcc>2.066253</vAcc></extensions></trkpt>
      <trkpt lon="-77.026212" lat="38.897395"><ele>12.328338</ele><time>2022-11-29T19:57:58Z</time><extensions><speed>0.166701</speed><course>83.854331</course><hAcc>9.691599</hAcc><vAcc>1.143031</vAcc></extensions></trkpt>
      <trkpt lon="-77.026210" lat="38.897396"><ele>12.308458</ele><time>2022-11-29T19:57:59Z</time><extensions><speed>0.165554</speed><course>85.102935</course><hAcc>9.192100</hAcc><vAcc>0.963901</vAcc></extensions></trkpt>
      <trkpt lon="-77.026208" lat="38.897396"><ele>12.288915</ele><time>2022-11-29T19:58:00Z</time><extensions><speed>0.164922</speed><course>85.988110</course><hAcc>8.736490</hAcc><vAcc>0.810818</vAcc></extensions></trkpt>
      <trkpt lon="-77.026206" lat="38.897396"><ele>12.270341</ele><time>2022-11-29T19:58:01Z</time><extensions><speed>0.164348</speed><course>86.744003</course><hAcc>8.326776</hAcc><vAcc>0.686696</vAcc></extensions></trkpt>
      <trkpt lon="-77.026204" lat="38.897396"><ele>12.253792</ele><time>2022-11-29T19:58:02Z</time><extensions><speed>0.164236</speed><course>87.300238</course><hAcc>7.968347</hAcc><vAcc>0.597272</vAcc></extensions></trkpt>
      <trkpt lon="-77.026202" lat="38.897396"><ele>12.240499</ele><time>2022-11-29T19:58:03Z</time><extensions><speed>0.165847</speed><course>87.076982</course><hAcc>7.667945</hAcc><vAcc>0.548563</vAcc></extensions></trkpt>
      <trkpt lon="-77.026200" lat="38.897396"><ele>12.231170</ele><time>2022-11-29T19:58:04Z</time><extensions><speed>0.167839</speed><course>86.829566</course><hAcc>7.426271</hAcc><vAcc>0.542657</vAcc></extensions></trkpt>
      <trkpt lon="-77.026198" lat="38.897396"><ele>12.225870</ele><time>2022-11-29T19:58:05Z</time><extensions><speed>0.170189</speed><course>86.566238</course><hAcc>7.247925</hAcc><vAcc>0.577221</vAcc></extensions></trkpt>
      <trkpt lon="-77.026186" lat="38.897397"><ele>12.131521</ele><time>2022-11-29T19:58:10Z</time><extensions><speed>0.251310</speed><course>81.239639</course><hAcc>6.793595</hAcc><vAcc>0.621455</vAcc></extensions></trkpt>
      <trkpt lon="-77.026183" lat="38.897398"><ele>12.093508</ele><time>2022-11-29T19:58:11Z</time><extensions><speed>0.255516</speed><course>81.081760</course><hAcc>6.762516</hAcc><vAcc>0.598479</vAcc></extensions></trkpt>
      <trkpt lon="-77.026180" lat="38.897398"><ele>12.047862</ele><time>2022-11-29T19:58:12Z</time><extensions><speed>0.259914</speed><course>80.940222</course><hAcc>6.782843</hAcc><vAcc>0.604635</vAcc></extensions></trkpt>
      <trkpt lon="-77.026177" lat="38.897398"><ele>11.992244</ele><time>2022-11-29T19:58:13Z</time><extensions><speed>0.264428</speed><course>80.818154</course><hAcc>6.853326</hAcc><vAcc>0.639501</vAcc></extensions></trkpt>
      <trkpt lon="-77.026174" lat="38.897399"><ele>11.923042</ele><time>2022-11-29T19:58:14Z</time><extensions><speed>0.268841</speed><course>80.713225</course><hAcc>6.973770</hAcc><vAcc>0.702389</vAcc></extensions></trkpt>
      <trkpt lon="-77.026142" lat="38.897401"><ele>10.943095</ele><time>2022-11-29T19:58:30Z</time><extensions><speed>0.080878</speed><course>95.930781</course><hAcc>6.370938</hAcc><vAcc>0.755973</vAcc></extensions></trkpt>
      <trkpt lon="-77.026141" lat="38.897401"><ele>10.905666</ele><time>2022-11-29T19:58:31Z</time><extensions><speed>0.075136</speed><course>97.673741</course><hAcc>6.074117</hAcc><vAcc>0.683279</vAcc></extensions></trkpt>
      <trkpt lon="-77.026141" lat="38.897401"><ele>10.884129</ele><time>2022-11-29T19:58:32Z</time><extensions><speed>0.068300</speed><course>100.212732</course><hAcc>5.800916</hAcc><vAcc>0.627539</vAcc></extensions></trkpt>
      <trkpt lon="-77.026140" lat="38.897401"><ele>10.876703</ele><time>2022-11-29T19:58:33Z</time><extensions><speed>0.060592</speed><course>103.903147</course><hAcc>5.560116</hAcc><vAcc>0.596914</vAcc></extensions></trkpt>
      <trkpt lon="-77.026139" lat="38.897401"><ele>10.879060</ele><time>2022-11-29T19:58:33Z</time><extensions><speed>0.052097</speed><course>109.549550</course><hAcc>5.352248</hAcc><vAcc>0.596479</vAcc></extensions></trkpt>
      <trkpt lon="-77.026139" lat="38.897401"><ele>10.887626</ele><time>2022-11-29T19:58:34Z</time><extensions><speed>0.042930</speed><course>119.132231</course><hAcc>5.175665</hAcc><vAcc>0.628942</vAcc></extensions></trkpt>
      <trkpt lon="-77.026143" lat="38.897399"><ele>11.017058</ele><time>2022-11-29T19:58:38Z</time><extensions><speed>0.239713</speed><course>245.669356</course><hAcc>4.544076</hAcc><vAcc>0.749868</vAcc></extensions></trkpt>
      <trkpt lon="-77.026149" lat="38.897397"><ele>11.131558</ele><time>2022-11-29T19:58:41Z</time><extensions><speed>0.331600</speed><course>247.512291</course><hAcc>4.202846</hAcc><vAcc>0.796347</vAcc></extensions></trkpt>
      <trkpt lon="-77.026153" lat="38.897395"><ele>11.192758</ele><time>2022-11-29T19:58:42Z</time><extensions><speed>0.358390</speed><course>247.809885</course><hAcc>4.044382</hAcc><vAcc>0.827842</vAcc></extensions></trkpt>
      <trkpt lon="-77.026157" lat="38.897394"><ele>11.254909</ele><time>2022-11-29T19:58:43Z</time><extensions><speed>0.388365</speed><course>248.027982</course><hAcc>3.901885</hAcc><vAcc>0.868234</vAcc></extensions></trkpt>
      <trkpt lon="-77.026161" lat="38.897393"><ele>11.317552</ele><time>2022-11-29T19:58:44Z</time><extensions><speed>0.422553</speed><course>248.146889</course><hAcc>3.775236</hAcc><vAcc>0.911425</vAcc></extensions></trkpt>
      <trkpt lon="-77.026166" lat="38.897391"><ele>11.380256</ele><time>2022-11-29T19:58:45Z</time><extensions><speed>0.461803</speed><course>248.157550</course><hAcc>3.664091</hAcc><vAcc>0.953186</vAcc></extensions></trkpt>
      <trkpt lon="-77.026171" lat="38.897390"><ele>11.442619</ele><time>2022-11-29T19:58:46Z</time><extensions><speed>0.506633</speed><course>248.008480</course><hAcc>3.567855</hAcc><vAcc>0.990796</vAcc></extensions></trkpt>
      <trkpt lon="-77.026177" lat="38.897388"><ele>11.504259</ele><time>2022-11-29T19:58:47Z</time><extensions><speed>0.555084</speed><course>247.721720</course><hAcc>3.485781</hAcc><vAcc>1.022588</vAcc></extensions></trkpt>
      <trkpt lon="-77.026183" lat="38.897386"><ele>11.564871</ele><time>2022-11-29T19:58:48Z</time><extensions><speed>0.605098</speed><course>247.315673</course><hAcc>3.417059</hAcc><vAcc>1.047532</vAcc></extensions></trkpt>
      <trkpt lon="-77.026189" lat="38.897384"><ele>11.624246</ele><time>2022-11-29T19:58:49Z</time><extensions><speed>0.652970</speed><course>246.821135</course><hAcc>3.360821</hAcc><vAcc>1.064970</vAcc></extensions></trkpt>
      <trkpt lon="-77.026197" lat="38.897381"><ele>11.682224</ele><time>2022-11-29T19:58:50Z</time><extensions><speed>0.697817</speed><course>246.212963</course><hAcc>3.316179</hAcc><vAcc>1.074514</vAcc></extensions></trkpt>
      <trkpt lon="-77.026204" lat="38.897379"><ele>11.738647</ele><time>2022-11-29T19:58:51Z</time><extensions><speed>0.738196</speed><course>245.441312</course><hAcc>3.282256</hAcc><vAcc>1.075992</vAcc></extensions></trkpt>
      <trkpt lon="-77.026212" lat="38.897376"><ele>11.793341</ele><time>2022-11-29T19:58:52Z</time><extensions><speed>0.774188</speed><course>244.552027</course><hAcc>3.258211</hAcc><vAcc>1.069386</vAcc></extensions></trkpt>
      <trkpt lon="-77.026220" lat="38.897373"><ele>11.846135</ele><time>2022-11-29T19:58:53Z</time><extensions><speed>0.805653</speed><course>243.633643</course><hAcc>3.243240</hAcc><vAcc>1.054775</vAcc></extensions></trkpt>
      <trkpt lon="-77.026229" lat="38.897369"><ele>11.896832</ele><time>2022-11-29T19:58:54Z</time><extensions><speed>0.831901</speed><course>242.752125</course><hAcc>3.236580</hAcc><vAcc>1.032248</vAcc></extensions></trkpt>
      <trkpt lon="-77.026237" lat="38.897366"><ele>11.945192</ele><time>2022-11-29T19:58:55Z</time><extensions><speed>0.850882</speed><course>242.057189</course><hAcc>3.237532</hAcc><vAcc>1.001899</vAcc></extensions></trkpt>
      <trkpt lon="-77.026246" lat="38.897362"><ele>11.990963</ele><time>2022-11-29T19:58:56Z</time><extensions><speed>0.862632</speed><course>241.516827</course><hAcc>3.245525</hAcc><vAcc>0.964042</vAcc></extensions></trkpt>
      <trkpt lon="-77.026255" lat="38.897358"><ele>12.033885</ele><time>2022-11-29T19:58:57Z</time><extensions><speed>0.867038</speed><course>241.112937</course><hAcc>3.260120</hAcc><vAcc>0.919447</vAcc></extensions></trkpt>
      <trkpt lon="-77.026263" lat="38.897355"><ele>12.073717</ele><time>2022-11-29T19:58:58Z</time><extensions><speed>0.864906</speed><course>240.835204</course><hAcc>3.281002</hAcc><vAcc>0.869530</vAcc></extensions></trkpt>
      <trkpt lon="-77.026272" lat="38.897351"><ele>12.110262</ele><time>2022-11-29T19:58:59Z</time><extensions><speed>0.856952</speed><course>240.672383</course><hAcc>3.308000</hAcc><vAcc>0.816639</vAcc></extensions></trkpt>
      <trkpt lon="-77.026281" lat="38.897347"><ele>12.143408</ele><time>2022-11-29T19:59:00Z</time><extensions><speed>0.843867</speed><course>240.605521</course><hAcc>3.341112</hAcc><vAcc>0.764393</vAcc></extensions></trkpt>
      <trkpt lon="-77.026289" lat="38.897343"><ele>12.173079</ele><time>2022-11-29T19:59:01Z</time><extensions><speed>0.828370</speed><course>240.570566</course><hAcc>3.380552</hAcc><vAcc>0.718331</vAcc></extensions></trkpt>
      <trkpt lon="-77.026297" lat="38.897340"><ele>12.199060</ele><time>2022-11-29T19:59:02Z</time><extensions><speed>0.810366</speed><course>240.576812</course><hAcc>3.426809</hAcc><vAcc>0.686750</vAcc></extensions></trkpt>
      <trkpt lon="-77.026305" lat="38.897336"><ele>12.220860</ele><time>2022-11-29T19:59:03Z</time><extensions><speed>0.788206</speed><course>240.668095</course><hAcc>3.480638</hAcc><vAcc>0.679813</vAcc></extensions></trkpt>
      <trkpt lon="-77.026313" lat="38.897333"><ele>12.238288</ele><time>2022-11-29T19:59:04Z</time><extensions><speed>0.762580</speed><course>240.834116</course><hAcc>3.542971</hAcc><vAcc>0.705378</vAcc></extensions></trkpt>
      <trkpt lon="-77.026327" lat="38.897327"><ele>12.257227</ele><time>2022-11-29T19:59:06Z</time><extensions><speed>0.645227</speed><course>241.913561</course><hAcc>3.662104</hAcc><vAcc>0.829746</vAcc></extensions></trkpt>
      <trkpt lon="-77.026334" lat="38.897324"><ele>12.259817</ele><time>2022-11-29T19:59:07Z</time><extensions><speed>0.619927</speed><course>242.245892</course><hAcc>3.723440</hAcc><vAcc>0.923439</vAcc></extensions></trkpt>
      <trkpt lon="-77.026340" lat="38.897321"><ele>12.260569</ele><time>2022-11-29T19:59:08Z</time><extensions><speed>0.597722</speed><course>242.571432</course><hAcc>3.800585</hAcc><vAcc>1.035341</vAcc></extensions></trkpt>
      <trkpt lon="-77.026346" lat="38.897319"><ele>12.259919</ele><time>2022-11-29T19:59:09Z</time><extensions><speed>0.577339</speed><course>242.879532</course><hAcc>3.895214</hAcc><vAcc>1.160577</vAcc></extensions></trkpt>
      <trkpt lon="-77.026352" lat="38.897317"><ele>12.258229</ele><time>2022-11-29T19:59:10Z</time><extensions><speed>0.559216</speed><course>243.158105</course><hAcc>4.008953</hAcc><vAcc>1.296677</vAcc></extensions></trkpt>
      <trkpt lon="-77.026358" lat="38.897314"><ele>12.255816</ele><time>2022-11-29T19:59:11Z</time><extensions><speed>0.544275</speed><course>243.393171</course><hAcc>4.143508</hAcc><vAcc>1.442757</vAcc></extensions></trkpt>
      <trkpt lon="-77.026363" lat="38.897312"><ele>12.252939</ele><time>2022-11-29T19:59:12Z</time><extensions><speed>0.531403</speed><course>243.570158</course><hAcc>4.300523</hAcc><vAcc>1.598891</vAcc></extensions></trkpt>
      <trkpt lon="-77.026369" lat="38.897310"><ele>12.249789</ele><time>2022-11-29T19:59:13Z</time><extensions><speed>0.521270</speed><course>243.686808</course><hAcc>4.481429</hAcc><vAcc>1.765720</vAcc></extensions></trkpt>
      <trkpt lon="-77.026374" lat="38.897308"><ele>12.246499</ele><time>2022-11-29T19:59:14Z</time><extensions><speed>0.513035</speed><course>243.754333</course><hAcc>4.687393</hAcc><vAcc>1.944263</vAcc></extensions></trkpt>
      <trkpt lon="-77.026379" lat="38.897306"><ele>12.243155</ele><time>2022-11-29T19:59:15Z</time><extensions><speed>0.506079</speed><course>243.785211</course><hAcc>4.918975</hAcc><vAcc>2.135768</vAcc></extensions></trkpt>
      <trkpt lon="-77.026384" lat="38.897304"><ele>12.239806</ele><time>2022-11-29T19:59:16Z</time><extensions><speed>0.501733</speed><course>243.793067</course><hAcc>5.176558</hAcc><vAcc>2.341589</vAcc></extensions></trkpt>
      <trkpt lon="-77.026339" lat="38.897341"><ele>12.061552</ele><time>2022-11-29T20:01:13Z</time><extensions><speed>0.004465</speed><course>84.383506</course><hAcc>6.367287</hAcc><vAcc>4.007730</vAcc></extensions></trkpt>
      <trkpt lon="-77.026339" lat="38.897341"><ele>12.058806</ele><time>2022-11-29T20:01:14Z</time><extensions><speed>0.004467</speed><course>84.359456</course><hAcc>6.130284</hAcc><vAcc>3.904847</vAcc></extensions></trkpt>
      <trkpt lon="-77.026339" lat="38.897341"><ele>12.056057</ele><time>2022-11-29T20:01:15Z</time><extensions><speed>0.004451</speed><course>84.307583</course><hAcc>6.010204</hAcc><vAcc>3.852696</vAcc></extensions></trkpt>
      <trkpt lon="-77.026339" lat="38.897341"><ele>12.053289</ele><time>2022-11-29T20:01:16Z</time><extensions><speed>0.004423</speed><course>84.260964</course><hAcc>6.011916</hAcc><vAcc>3.852180</vAcc></extensions></trkpt>
      <trkpt lon="-77.026338" lat="38.897341"><ele>12.050587</ele><time>2022-11-29T20:01:17Z</time><extensions><speed>0.004383</speed><course>84.234553</course><hAcc>6.131975</hAcc><vAcc>3.902475</vAcc></extensions></trkpt>
      <trkpt lon="-77.026338" lat="38.897341"><ele>12.047866</ele><time>2022-11-29T20:01:18Z</time><extensions><speed>0.004373</speed><course>84.225532</course><hAcc>6.366514</hAcc><vAcc>4.003742</vAcc></extensions></trkpt>
      <trkpt lon="-77.026293" lat="38.897326"><ele>12.050207</ele><time>2022-11-29T20:03:58Z</time><extensions><speed>0.025561</speed><course>339.915113</course><hAcc>7.290032</hAcc><vAcc>4.255927</vAcc></extensions></trkpt>
      <trkpt lon="-77.026293" lat="38.897326"><ele>12.048648</ele><time>2022-11-29T20:03:59Z</time><extensions><speed>0.025639</speed><course>339.927384</course><hAcc>6.908047</hAcc><vAcc>4.154007</vAcc></extensions></trkpt>
      <trkpt lon="-77.026293" lat="38.897326"><ele>12.047070</ele><time>2022-11-29T20:04:00Z</time><extensions><speed>0.025743</speed><course>339.957911</course><hAcc>6.764663</hAcc><vAcc>4.108777</vAcc></extensions></trkpt>
      <trkpt lon="-77.026293" lat="38.897326"><ele>12.045486</ele><time>2022-11-29T20:04:01Z</time><extensions><speed>0.025798</speed><course>339.985121</course><hAcc>6.874527</hAcc><vAcc>4.121347</vAcc></extensions></trkpt>
      <trkpt lon="-77.026293" lat="38.897327"><ele>12.042285</ele><time>2022-11-29T20:04:03Z</time><extensions><speed>0.025840</speed><course>340.022481</course><hAcc>7.794944</hAcc><vAcc>4.317473</vAcc></extensions></trkpt>
      <trkpt lon="-77.026307" lat="38.897326"><ele>12.283727</ele><time>2022-11-29T20:04:30Z</time><extensions><speed>0.016283</speed><course>282.519446</course><hAcc>6.551065</hAcc><vAcc>3.950286</vAcc></extensions></trkpt>
      <trkpt lon="-77.026307" lat="38.897327"><ele>12.281570</ele><time>2022-11-29T20:04:31Z</time><extensions><speed>0.016255</speed><course>282.502373</course><hAcc>6.230185</hAcc><vAcc>3.846310</vAcc></extensions></trkpt>
      <trkpt lon="-77.026307" lat="38.897327"><ele>12.279409</ele><time>2022-11-29T20:04:32Z</time><extensions><speed>0.016191</speed><course>282.458360</course><hAcc>6.063266</hAcc><vAcc>3.793265</vAcc></extensions></trkpt>
      <trkpt lon="-77.026307" lat="38.897327"><ele>12.277262</ele><time>2022-11-29T20:04:33Z</time><extensions><speed>0.016147</speed><course>282.409976</course><hAcc>6.062756</hAcc><vAcc>3.792506</vAcc></extensions></trkpt>
      <trkpt lon="-77.026307" lat="38.897327"><ele>12.275144</ele><time>2022-11-29T20:04:34Z</time><extensions><speed>0.016111</speed><course>282.379232</course><hAcc>6.228577</hAcc><vAcc>3.843815</vAcc></extensions></trkpt>
      <trkpt lon="-77.026307" lat="38.897327"><ele>12.273042</ele><time>2022-11-29T20:04:35Z</time><extensions><speed>0.016088</speed><course>282.369893</course><hAcc>6.550538</hAcc><vAcc>3.946447</vAcc></extensions></trkpt>
      <trkpt lon="-77.026257" lat="38.897332"><ele>12.029461</ele><time>2022-11-29T20:04:56Z</time><extensions><speed>0.031332</speed><course>64.079962</course><hAcc>5.825067</hAcc><vAcc>1.817831</vAcc></extensions></trkpt>
      <trkpt lon="-77.026257" lat="38.897332"><ele>12.030411</ele><time>2022-11-29T20:04:57Z</time><extensions><speed>0.031343</speed><course>64.078001</course><hAcc>5.506048</hAcc><vAcc>1.728094</vAcc></extensions></trkpt>
      <trkpt lon="-77.026257" lat="38.897332"><ele>12.031330</ele><time>2022-11-29T20:04:58Z</time><extensions><speed>0.031454</speed><course>64.072603</course><hAcc>5.235727</hAcc><vAcc>1.685180</vAcc></extensions></trkpt>
      <trkpt lon="-77.026256" lat="38.897332"><ele>12.032187</ele><time>2022-11-29T20:04:59Z</time><extensions><speed>0.031637</speed><course>64.064803</course><hAcc>5.018101</hAcc><vAcc>1.686837</vAcc></extensions></trkpt>
      <trkpt lon="-77.026256" lat="38.897333"><ele>12.032956</ele><time>2022-11-29T20:05:00Z</time><extensions><speed>0.031861</speed><course>64.055845</course><hAcc>4.858545</hAcc><vAcc>1.728455</vAcc></extensions></trkpt>
      <trkpt lon="-77.026256" lat="38.897333"><ele>12.033639</ele><time>2022-11-29T20:05:01Z</time><extensions><speed>0.032113</speed><course>64.046572</course><hAcc>4.758110</hAcc><vAcc>1.805155</vAcc></extensions></trkpt>
      <trkpt lon="-77.026255" lat="38.897333"><ele>12.034231</ele><time>2022-11-29T20:05:02Z</time><extensions><speed>0.032306</speed><course>64.038373</course><hAcc>4.720224</hAcc><vAcc>1.910325</vAcc></extensions></trkpt>
      <trkpt lon="-77.026255" lat="38.897333"><ele>12.034762</ele><time>2022-11-29T20:05:03Z</time><extensions><speed>0.032457</speed><course>64.031988</course><hAcc>4.745590</hAcc><vAcc>2.042869</vAcc></extensions></trkpt>
      <trkpt lon="-77.026255" lat="38.897333"><ele>12.035237</ele><time>2022-11-29T20:05:04Z</time><extensions><speed>0.032425</speed><course>64.027994</course><hAcc>4.834866</hAcc><vAcc>2.197255</vAcc></extensions></trkpt>
      <trkpt lon="-77.026254" lat="38.897333"><ele>12.035676</ele><time>2022-11-29T20:05:05Z</time><extensions><speed>0.032303</speed><course>64.025766</course><hAcc>4.985450</hAcc><vAcc>2.371017</vAcc></extensions></trkpt>
      <trkpt lon="-77.026254" lat="38.897333"><ele>12.036101</ele><time>2022-11-29T20:05:06Z</time><extensions><speed>0.032157</speed><course>64.024737</course><hAcc>5.197708</hAcc><vAcc>2.566326</vAcc></extensions></trkpt>
      <trkpt lon="-77.026254" lat="38.897333"><ele>12.036515</ele><time>2022-11-29T20:05:07Z</time><extensions><speed>0.032073</speed><course>64.024475</course><hAcc>5.466554</hAcc><vAcc>2.780767</vAcc></extensions></trkpt>
      <trkpt lon="-77.026260" lat="38.897318"><ele>12.266297</ele><time>2022-11-29T20:05:29Z</time><extensions><speed>0.015600</speed><course>24.883867</course><hAcc>6.583448</hAcc><vAcc>3.602706</vAcc></extensions></trkpt>
      <trkpt lon="-77.026259" lat="38.897318"><ele>12.264900</ele><time>2022-11-29T20:05:30Z</time><extensions><speed>0.015617</speed><course>24.880948</course><hAcc>6.373591</hAcc><vAcc>3.495135</vAcc></extensions></trkpt>
      <trkpt lon="-77.026259" lat="38.897318"><ele>12.263476</ele><time>2022-11-29T20:05:31Z</time><extensions><speed>0.015656</speed><course>24.874921</course><hAcc>6.263865</hAcc><vAcc>3.442389</vAcc></extensions></trkpt>
      <trkpt lon="-77.026259" lat="38.897318"><ele>12.262051</ele><time>2022-11-29T20:05:32Z</time><extensions><speed>0.015667</speed><course>24.871845</course><hAcc>6.260400</hAcc><vAcc>3.446957</vAcc></extensions></trkpt>
      <trkpt lon="-77.026259" lat="38.897318"><ele>12.260622</ele><time>2022-11-29T20:05:33Z</time><extensions><speed>0.015648</speed><course>24.871308</course><hAcc>6.362646</hAcc><vAcc>3.508182</vAcc></extensions></trkpt>
      <trkpt lon="-77.026259" lat="38.897318"><ele>12.259198</ele><time>2022-11-29T20:05:34Z</time><extensions><speed>0.015603</speed><course>24.870846</course><hAcc>6.567759</hAcc><vAcc>3.624692</vAcc></extensions></trkpt>
      <trkpt lon="-77.026266" lat="38.897319"><ele>12.250356</ele><time>2022-11-29T20:05:59Z</time><extensions><speed>0.048003</speed><course>301.216834</course><hAcc>6.571256</hAcc><vAcc>3.713835</vAcc></extensions></trkpt>
      <trkpt lon="-77.026267" lat="38.897319"><ele>12.244048</ele><time>2022-11-29T20:06:00Z</time><extensions><speed>0.048114</speed><course>301.225890</course><hAcc>6.203793</hAcc><vAcc>3.564365</vAcc></extensions></trkpt>
      <trkpt lon="-77.026267" lat="38.897319"><ele>12.237688</ele><time>2022-11-29T20:06:01Z</time><extensions><speed>0.048281</speed><course>301.268671</course><hAcc>5.910097</hAcc><vAcc>3.448105</vAcc></extensions></trkpt>
      <trkpt lon="-77.026268" lat="38.897319"><ele>12.231289</ele><time>2022-11-29T20:06:02Z</time><extensions><speed>0.048500</speed><course>301.349364</course><hAcc>5.698924</hAcc><vAcc>3.366195</vAcc></extensions></trkpt>
      <trkpt lon="-77.026268" lat="38.897320"><ele>12.224858</ele><time>2022-11-29T20:06:03Z</time><extensions><speed>0.048756</speed><course>301.448256</course><hAcc>5.576424</hAcc><vAcc>3.319398</vAcc></extensions></trkpt>
      <trkpt lon="-77.026269" lat="38.897320"><ele>12.218350</ele><time>2022-11-29T20:06:04Z</time><extensions><speed>0.049196</speed><course>301.552000</course><hAcc>5.545117</hAcc><vAcc>3.308129</vAcc></extensions></trkpt>
      <trkpt lon="-77.026274" lat="38.897323"><ele>12.139028</ele><time>2022-11-29T20:06:12Z</time><extensions><speed>0.086498</speed><course>306.552204</course><hAcc>5.948523</hAcc><vAcc>2.913503</vAcc></extensions></trkpt>
      <trkpt lon="-77.026283" lat="38.897330"><ele>12.024355</ele><time>2022-11-29T20:06:30Z</time><extensions><speed>0.046719</speed><course>336.290615</course><hAcc>5.268580</hAcc><vAcc>1.367460</vAcc></extensions></trkpt>
      <trkpt lon="-77.026283" lat="38.897331"><ele>12.022214</ele><time>2022-11-29T20:06:31Z</time><extensions><speed>0.045838</speed><course>337.045540</course><hAcc>5.004614</hAcc><vAcc>1.196323</vAcc></extensions></trkpt>
      <trkpt lon="-77.026283" lat="38.897331"><ele>12.020256</ele><time>2022-11-29T20:06:32Z</time><extensions><speed>0.044781</speed><course>337.885264</course><hAcc>4.767434</hAcc><vAcc>1.053233</vAcc></extensions></trkpt>
      <trkpt lon="-77.026284" lat="38.897331"><ele>12.018501</ele><time>2022-11-29T20:06:33Z</time><extensions><speed>0.043519</speed><course>338.754749</course><hAcc>4.555721</hAcc><vAcc>0.943167</vAcc></extensions></trkpt>
      <trkpt lon="-77.026284" lat="38.897332"><ele>12.017017</ele><time>2022-11-29T20:06:34Z</time><extensions><speed>0.041989</speed><course>339.617009</course><hAcc>4.369197</hAcc><vAcc>0.873833</vAcc></extensions></trkpt>
      <trkpt lon="-77.026284" lat="38.897332"><ele>12.015931</ele><time>2022-11-29T20:06:35Z</time><extensions><speed>0.040167</speed><course>340.407813</course><hAcc>4.208851</hAcc><vAcc>0.851622</vAcc></extensions></trkpt>
      <trkpt lon="-77.026284" lat="38.897332"><ele>12.015341</ele><time>2022-11-29T20:06:36Z</time><extensions><speed>0.038062</speed><course>341.063189</course><hAcc>4.076918</hAcc><vAcc>0.874476</vAcc></extensions></trkpt>
      <trkpt lon="-77.026284" lat="38.897333"><ele>12.015196</ele><time>2022-11-29T20:06:37Z</time><extensions><speed>0.035956</speed><course>341.473519</course><hAcc>3.973799</hAcc><vAcc>0.931618</vAcc></extensions></trkpt>
      <trkpt lon="-77.026284" lat="38.897333"><ele>12.015404</ele><time>2022-11-29T20:06:38Z</time><extensions><speed>0.033639</speed><course>341.591021</course><hAcc>3.898071</hAcc><vAcc>1.013047</vAcc></extensions></trkpt>
      <trkpt lon="-77.026284" lat="38.897333"><ele>12.015894</ele><time>2022-11-29T20:06:39Z</time><extensions><speed>0.031312</speed><course>341.460717</course><hAcc>3.852442</hAcc><vAcc>1.108808</vAcc></extensions></trkpt>
      <trkpt lon="-77.026285" lat="38.897334"><ele>12.016605</ele><time>2022-11-29T20:06:40Z</time><extensions><speed>0.029108</speed><course>341.075202</course><hAcc>3.837608</hAcc><vAcc>1.213621</vAcc></extensions></trkpt>
      <trkpt lon="-77.026285" lat="38.897334"><ele>12.017512</ele><time>2022-11-29T20:06:41Z</time><extensions><speed>0.026995</speed><course>340.467142</course><hAcc>3.854685</hAcc><vAcc>1.325474</vAcc></extensions></trkpt>
      <trkpt lon="-77.026285" lat="38.897334"><ele>12.018601</ele><time>2022-11-29T20:06:42Z</time><extensions><speed>0.025053</speed><course>339.696705</course><hAcc>3.904505</hAcc><vAcc>1.442720</vAcc></extensions></trkpt>
      <trkpt lon="-77.026285" lat="38.897334"><ele>12.019840</ele><time>2022-11-29T20:06:43Z</time><extensions><speed>0.023283</speed><course>338.812777</course><hAcc>3.988199</hAcc><vAcc>1.567079</vAcc></extensions></trkpt>
      <trkpt lon="-77.026285" lat="38.897334"><ele>12.045601</ele><time>2022-11-29T20:06:52Z</time><extensions><speed>0.031928</speed><course>178.312689</course><hAcc>3.896325</hAcc><vAcc>1.848415</vAcc></extensions></trkpt>
      <trkpt lon="-77.026285" lat="38.897333"><ele>12.049957</ele><time>2022-11-29T20:06:53Z</time><extensions><speed>0.031457</speed><course>178.520930</course><hAcc>3.760175</hAcc><vAcc>1.809395</vAcc></extensions></trkpt>
      <trkpt lon="-77.026285" lat="38.897333"><ele>12.054125</ele><time>2022-11-29T20:06:54Z</time><extensions><speed>0.030963</speed><course>178.482240</course><hAcc>3.644686</hAcc><vAcc>1.784145</vAcc></extensions></trkpt>
      <trkpt lon="-77.026285" lat="38.897333"><ele>12.058097</ele><time>2022-11-29T20:06:55Z</time><extensions><speed>0.030529</speed><course>178.038458</course><hAcc>3.547154</hAcc><vAcc>1.770362</vAcc></extensions></trkpt>
      <trkpt lon="-77.026285" lat="38.897333"><ele>12.061647</ele><time>2022-11-29T20:06:56Z</time><extensions><speed>0.030388</speed><course>177.098328</course><hAcc>3.468204</hAcc><vAcc>1.766455</vAcc></extensions></trkpt>
      <trkpt lon="-77.026285" lat="38.897332"><ele>12.064802</ele><time>2022-11-29T20:06:57Z</time><extensions><speed>0.030195</speed><course>175.928574</course><hAcc>3.406862</hAcc><vAcc>1.770761</vAcc></extensions></trkpt>
      <trkpt lon="-77.026285" lat="38.897332"><ele>12.067527</ele><time>2022-11-29T20:06:58Z</time><extensions><speed>0.029942</speed><course>174.602612</course><hAcc>3.361845</hAcc><vAcc>1.782081</vAcc></extensions></trkpt>
      <trkpt lon="-77.026285" lat="38.897332"><ele>12.069626</ele><time>2022-11-29T20:06:59Z</time><extensions><speed>0.029447</speed><course>172.719757</course><hAcc>3.332891</hAcc><vAcc>1.799487</vAcc></extensions></trkpt>
      <trkpt lon="-77.026285" lat="38.897332"><ele>12.071026</ele><time>2022-11-29T20:07:00Z</time><extensions><speed>0.028596</speed><course>170.852809</course><hAcc>3.319569</hAcc><vAcc>1.822534</vAcc></extensions></trkpt>
      <trkpt lon="-77.026285" lat="38.897331"><ele>12.072118</ele><time>2022-11-29T20:07:01Z</time><extensions><speed>0.027314</speed><course>168.976058</course><hAcc>3.321731</hAcc><vAcc>1.850969</vAcc></extensions></trkpt>
      <trkpt lon="-77.026285" lat="38.897331"><ele>12.072576</ele><time>2022-11-29T20:07:02Z</time><extensions><speed>0.025643</speed><course>167.041502</course><hAcc>3.339594</hAcc><vAcc>1.885548</vAcc></extensions></trkpt>
      <trkpt lon="-77.026285" lat="38.897331"><ele>12.072550</ele><time>2022-11-29T20:07:03Z</time><extensions><speed>0.023734</speed><course>165.000994</course><hAcc>3.373281</hAcc><vAcc>1.926138</vAcc></extensions></trkpt>
      <trkpt lon="-77.026285" lat="38.897331"><ele>12.072511</ele><time>2022-11-29T20:07:04Z</time><extensions><speed>0.021799</speed><course>163.058900</course><hAcc>3.423482</hAcc><vAcc>1.973734</vAcc></extensions></trkpt>
      <trkpt lon="-77.026285" lat="38.897330"><ele>12.072138</ele><time>2022-11-29T20:07:05Z</time><extensions><speed>0.019910</speed><course>160.911549</course><hAcc>3.491437</hAcc><vAcc>2.029744</vAcc></extensions></trkpt>
      <trkpt lon="-77.026285" lat="38.897330"><ele>12.071444</ele><time>2022-11-29T20:07:06Z</time><extensions><speed>0.018200</speed><course>158.588472</course><hAcc>3.578690</hAcc><vAcc>2.095746</vAcc></extensions></trkpt>
      <trkpt lon="-77.026285" lat="38.897331"><ele>12.059052</ele><time>2022-11-29T20:07:18Z</time><extensions><speed>0.023822</speed><course>340.451055</course><hAcc>3.480625</hAcc><vAcc>2.114012</vAcc></extensions></trkpt>
      <trkpt lon="-77.026285" lat="38.897331"><ele>12.058010</ele><time>2022-11-29T20:07:18Z</time><extensions><speed>0.022957</speed><course>338.626153</course><hAcc>3.360830</hAcc><vAcc>2.052555</vAcc></extensions></trkpt>
      <trkpt lon="-77.026285" lat="38.897331"><ele>12.057278</ele><time>2022-11-29T20:07:19Z</time><extensions><speed>0.022005</speed><course>336.412623</course><hAcc>3.254566</hAcc><vAcc>2.000151</vAcc></extensions></trkpt>
      <trkpt lon="-77.026285" lat="38.897331"><ele>12.056890</ele><time>2022-11-29T20:07:20Z</time><extensions><speed>0.021081</speed><course>333.974569</course><hAcc>3.161943</hAcc><vAcc>1.956174</vAcc></extensions></trkpt>
      <trkpt lon="-77.026285" lat="38.897331"><ele>12.056832</ele><time>2022-11-29T20:07:21Z</time><extensions><speed>0.020210</speed><course>331.432414</course><hAcc>3.080817</hAcc><vAcc>1.919168</vAcc></extensions></trkpt>
      <trkpt lon="-77.026285" lat="38.897331"><ele>12.057063</ele><time>2022-11-29T20:07:22Z</time><extensions><speed>0.019408</speed><course>328.927270</course><hAcc>3.009370</hAcc><vAcc>1.887930</vAcc></extensions></trkpt>
      <trkpt lon="-77.026285" lat="38.897332"><ele>12.057529</ele><time>2022-11-29T20:07:23Z</time><extensions><speed>0.018451</speed><course>326.587881</course><hAcc>2.946625</hAcc><vAcc>1.861483</vAcc></extensions></trkpt>
      <trkpt lon="-77.026285" lat="38.897332"><ele>12.058185</ele><time>2022-11-29T20:07:24Z</time><extensions><speed>0.017282</speed><course>324.517509</course><hAcc>2.892315</hAcc><vAcc>1.839137</vAcc></extensions></trkpt>
      <trkpt lon="-77.026286" lat="38.897332"><ele>12.058997</ele><time>2022-11-29T20:07:25Z</time><extensions><speed>0.015855</speed><course>322.696897</course><hAcc>2.845601</hAcc><vAcc>1.820109</vAcc></extensions></trkpt>
      <trkpt lon="-77.026286" lat="38.897332"><ele>12.059933</ele><time>2022-11-29T20:07:26Z</time><extensions><speed>0.014198</speed><course>321.081946</course><hAcc>2.806137</hAcc><vAcc>1.803953</vAcc></extensions></trkpt>
      <trkpt lon="-77.026286" lat="38.897332"><ele>12.060989</ele><time>2022-11-29T20:07:28Z</time><extensions><speed>0.012286</speed><course>319.544612</course><hAcc>2.772455</hAcc><vAcc>1.789846</vAcc></extensions></trkpt>
      <trkpt lon="-77.026286" lat="38.897332"><ele>12.062102</ele><time>2022-11-29T20:07:29Z</time><extensions><speed>0.010307</speed><course>318.127105</course><hAcc>2.745064</hAcc><vAcc>1.777967</vAcc></extensions></trkpt>
      <trkpt lon="-77.026286" lat="38.897332"><ele>12.063273</ele><time>2022-11-29T20:07:30Z</time><extensions><speed>0.008223</speed><course>316.665738</course><hAcc>2.722735</hAcc><vAcc>1.767889</vAcc></extensions></trkpt>
      <trkpt lon="-77.026286" lat="38.897332"><ele>12.064485</ele><time>2022-11-29T20:07:31Z</time><extensions><speed>0.006069</speed><course>314.947884</course><hAcc>2.704911</hAcc><vAcc>1.759413</vAcc></extensions></trkpt>
      <trkpt lon="-77.026286" lat="38.897332"><ele>12.065729</ele><time>2022-11-29T20:07:32Z</time><extensions><speed>0.003852</speed><course>312.267743</course><hAcc>2.690998</hAcc><vAcc>1.752323</vAcc></extensions></trkpt>
      <trkpt lon="-77.026286" lat="38.897332"><ele>12.066996</ele><time>2022-11-29T20:07:33Z</time><extensions><speed>0.001627</speed><course>304.211369</course><hAcc>2.680521</hAcc><vAcc>1.746481</vAcc></extensions></trkpt>
      <trkpt lon="-77.026286" lat="38.897332"><ele>12.068290</ele><time>2022-11-29T20:07:34Z</time><extensions><speed>0.000788</speed><course>163.807883</course><hAcc>2.672886</hAcc><vAcc>1.741680</vAcc></extensions></trkpt>
      <trkpt lon="-77.026286" lat="38.897332"><ele>12.069565</ele><time>2022-11-29T20:07:34Z</time><extensions><speed>0.002878</speed><course>143.294596</course><hAcc>2.668052</hAcc><vAcc>1.738104</vAcc></extensions></trkpt>
      <trkpt lon="-77.026286" lat="38.897332"><ele>12.070881</ele><time>2022-11-29T20:07:35Z</time><extensions><speed>0.005074</speed><course>139.802505</course><hAcc>2.665506</hAcc><vAcc>1.735563</vAcc></extensions></trkpt>
      <trkpt lon="-77.026286" lat="38.897332"><ele>12.072213</ele><time>2022-11-29T20:07:36Z</time><extensions><speed>0.007211</speed><course>138.303372</course><hAcc>2.664848</hAcc><vAcc>1.733948</vAcc></extensions></trkpt>
      <trkpt lon="-77.026286" lat="38.897332"><ele>12.073564</ele><time>2022-11-29T20:07:37Z</time><extensions><speed>0.009267</speed><course>137.454438</course><hAcc>2.665799</hAcc><vAcc>1.733261</vAcc></extensions></trkpt>
      <trkpt lon="-77.026286" lat="38.897332"><ele>12.074941</ele><time>2022-11-29T20:07:38Z</time><extensions><speed>0.011212</speed><course>136.930223</course><hAcc>2.668118</hAcc><vAcc>1.733538</vAcc></extensions></trkpt>
      <trkpt lon="-77.026286" lat="38.897332"><ele>12.076350</ele><time>2022-11-29T20:07:39Z</time><extensions><speed>0.013033</speed><course>136.614995</course><hAcc>2.671575</hAcc><vAcc>1.734853</vAcc></extensions></trkpt>
      <trkpt lon="-77.026286" lat="38.897332"><ele>12.077802</ele><time>2022-11-29T20:07:40Z</time><extensions><speed>0.014727</speed><course>136.460895</course><hAcc>2.676014</hAcc><vAcc>1.737331</vAcc></extensions></trkpt>
      <trkpt lon="-77.026285" lat="38.897332"><ele>12.079306</ele><time>2022-11-29T20:07:41Z</time><extensions><speed>0.016338</speed><course>136.448149</course><hAcc>2.681509</hAcc><vAcc>1.741150</vAcc></extensions></trkpt>
      <trkpt lon="-77.026285" lat="38.897332"><ele>12.080876</ele><time>2022-11-29T20:07:42Z</time><extensions><speed>0.017776</speed><course>136.570798</course><hAcc>2.688546</hAcc><vAcc>1.746559</vAcc></extensions></trkpt>
      <trkpt lon="-77.026285" lat="38.897332"><ele>12.082526</ele><time>2022-11-29T20:07:43Z</time><extensions><speed>0.019066</speed><course>136.832643</course><hAcc>2.697941</hAcc><vAcc>1.753892</vAcc></extensions></trkpt>
      <trkpt lon="-77.026285" lat="38.897331"><ele>12.084271</ele><time>2022-11-29T20:07:44Z</time><extensions><speed>0.020004</speed><course>137.249311</course><hAcc>2.710845</hAcc><vAcc>1.763583</vAcc></extensions></trkpt>
      <trkpt lon="-77.026285" lat="38.897331"><ele>12.086128</ele><time>2022-11-29T20:07:45Z</time><extensions><speed>0.020552</speed><course>137.853191</course><hAcc>2.728350</hAcc><vAcc>1.776193</vAcc></extensions></trkpt>
      <trkpt lon="-77.026285" lat="38.897331"><ele>12.088115</ele><time>2022-11-29T20:07:46Z</time><extensions><speed>0.020666</speed><course>138.698441</course><hAcc>2.751471</hAcc><vAcc>1.792421</vAcc></extensions></trkpt>
      <trkpt lon="-77.026284" lat="38.897331"><ele>12.092888</ele><time>2022-11-29T20:07:48Z</time><extensions><speed>0.018355</speed><course>144.684112</course><hAcc>2.777094</hAcc><vAcc>1.809916</vAcc></extensions></trkpt>
      <trkpt lon="-77.026284" lat="38.897331"><ele>12.095701</ele><time>2022-11-29T20:07:49Z</time><extensions><speed>0.017345</speed><course>147.295308</course><hAcc>2.780970</hAcc><vAcc>1.812514</vAcc></extensions></trkpt>
      <trkpt lon="-77.026284" lat="38.897331"><ele>12.098731</ele><time>2022-11-29T20:07:50Z</time><extensions><speed>0.016245</speed><course>150.792658</course><hAcc>2.792990</hAcc><vAcc>1.820672</vAcc></extensions></trkpt>
      <trkpt lon="-77.026284" lat="38.897331"><ele>12.102019</ele><time>2022-11-29T20:07:51Z</time><extensions><speed>0.015035</speed><course>155.375318</course><hAcc>2.814290</hAcc><vAcc>1.834402</vAcc></extensions></trkpt>
      <trkpt lon="-77.026284" lat="38.897330"><ele>12.105613</ele><time>2022-11-29T20:07:52Z</time><extensions><speed>0.013819</speed><course>161.288292</course><hAcc>2.846383</hAcc><vAcc>1.853925</vAcc></extensions></trkpt>
      <trkpt lon="-77.026284" lat="38.897330"><ele>12.109563</ele><time>2022-11-29T20:07:53Z</time><extensions><speed>0.012716</speed><course>168.713001</course><hAcc>2.890961</hAcc><vAcc>1.879662</vAcc></extensions></trkpt>
      <trkpt lon="-77.026284" lat="38.897330"><ele>12.113897</ele><time>2022-11-29T20:07:54Z</time><extensions><speed>0.011852</speed><course>177.588815</course><hAcc>2.949764</hAcc><vAcc>1.912211</vAcc></extensions></trkpt>
      <trkpt lon="-77.026284" lat="38.897330"><ele>12.118627</ele><time>2022-11-29T20:07:55Z</time><extensions><speed>0.011372</speed><course>187.373727</course><hAcc>3.024561</hAcc><vAcc>1.952339</vAcc></extensions></trkpt>
      <trkpt lon="-77.026284" lat="38.897330"><ele>12.123740</ele><time>2022-11-29T20:07:56Z</time><extensions><speed>0.011311</speed><course>197.020149</course><hAcc>3.117222</hAcc><vAcc>2.000959</vAcc></extensions></trkpt>
      <trkpt lon="-77.026284" lat="38.897330"><ele>12.129207</ele><time>2022-11-29T20:07:57Z</time><extensions><speed>0.011628</speed><course>205.365508</course><hAcc>3.229605</hAcc><vAcc>2.059119</vAcc></extensions></trkpt>
      <trkpt lon="-77.026284" lat="38.897330"><ele>12.134980</ele><time>2022-11-29T20:07:58Z</time><extensions><speed>0.012177</speed><course>211.774940</course><hAcc>3.363569</hAcc><vAcc>2.127974</vAcc></extensions></trkpt>
      <trkpt lon="-77.026284" lat="38.897330"><ele>12.141001</ele><time>2022-11-29T20:07:59Z</time><extensions><speed>0.012784</speed><course>216.267010</course><hAcc>3.520928</hAcc><vAcc>2.208761</vAcc></extensions></trkpt>
      <trkpt lon="-77.026284" lat="38.897330"><ele>12.147201</ele><time>2022-11-29T20:08:00Z</time><extensions><speed>0.013298</speed><course>219.082446</course><hAcc>3.703395</hAcc><vAcc>2.302775</vAcc></extensions></trkpt>
      <trkpt lon="-77.026284" lat="38.897330"><ele>12.153508</ele><time>2022-11-29T20:08:01Z</time><extensions><speed>0.013672</speed><course>220.637253</course><hAcc>3.912628</hAcc><vAcc>2.411340</vAcc></extensions></trkpt>
      <trkpt lon="-77.026285" lat="38.897329"><ele>12.159855</ele><time>2022-11-29T20:08:02Z</time><extensions><speed>0.013890</speed><course>221.391727</course><hAcc>4.149979</hAcc><vAcc>2.535794</vAcc></extensions></trkpt>
      <trkpt lon="-77.026285" lat="38.897329"><ele>12.166200</ele><time>2022-11-29T20:08:03Z</time><extensions><speed>0.013982</speed><course>221.682852</course><hAcc>4.416080</hAcc><vAcc>2.677461</vAcc></extensions></trkpt>
      <trkpt lon="-77.026285" lat="38.897329"><ele>12.172522</ele><time>2022-11-29T20:08:04Z</time><extensions><speed>0.013999</speed><course>221.748950</course><hAcc>4.710930</hAcc><vAcc>2.837629</vAcc></extensions></trkpt>
      <trkpt lon="-77.026300" lat="38.897339"><ele>12.533568</ele><time>2022-11-29T20:08:34Z</time><extensions><speed>0.050714</speed><course>189.849088</course><hAcc>5.000846</hAcc><vAcc>2.685097</vAcc></extensions></trkpt>
      <trkpt lon="-77.026300" lat="38.897339"><ele>12.512410</ele><time>2022-11-29T20:08:35Z</time><extensions><speed>0.050980</speed><course>189.848418</course><hAcc>4.745070</hAcc><vAcc>2.519387</vAcc></extensions></trkpt>
      <trkpt lon="-77.026300" lat="38.897338"><ele>12.491050</ele><time>2022-11-29T20:08:36Z</time><extensions><speed>0.051520</speed><course>189.845771</course><hAcc>4.514953</hAcc><vAcc>2.371852</vAcc></extensions></trkpt>
      <trkpt lon="-77.026300" lat="38.897338"><ele>12.469403</ele><time>2022-11-29T20:08:37Z</time><extensions><speed>0.052307</speed><course>189.839936</course><hAcc>4.309206</hAcc><vAcc>2.241264</vAcc></extensions></trkpt>
      <trkpt lon="-77.026300" lat="38.897337"><ele>12.447425</ele><time>2022-11-29T20:08:38Z</time><extensions><speed>0.053300</speed><course>189.829825</course><hAcc>4.126553</hAcc><vAcc>2.126331</vAcc></extensions></trkpt>
      <trkpt lon="-77.026301" lat="38.897337"><ele>12.425122</ele><time>2022-11-29T20:08:39Z</time><extensions><speed>0.054485</speed><course>189.814481</course><hAcc>3.965737</hAcc><vAcc>2.025701</vAcc></extensions></trkpt>
      <trkpt lon="-77.026301" lat="38.897336"><ele>12.402549</ele><time>2022-11-29T20:08:40Z</time><extensions><speed>0.055876</speed><course>189.793089</course><hAcc>3.825523</hAcc><vAcc>1.937976</vAcc></extensions></trkpt>
      <trkpt lon="-77.026301" lat="38.897336"><ele>12.379812</ele><time>2022-11-29T20:08:41Z</time><extensions><speed>0.057424</speed><course>189.764947</course><hAcc>3.704882</hAcc><vAcc>1.861731</vAcc></extensions></trkpt>
      <trkpt lon="-77.026301" lat="38.897335"><ele>12.357063</ele><time>2022-11-29T20:08:42Z</time><extensions><speed>0.058915</speed><course>189.729380</course><hAcc>3.603307</hAcc><vAcc>1.795533</vAcc></extensions></trkpt>
      <trkpt lon="-77.026301" lat="38.897335"><ele>12.334467</ele><time>2022-11-29T20:08:43Z</time><extensions><speed>0.060275</speed><course>189.685806</course><hAcc>3.520650</hAcc><vAcc>1.737967</vAcc></extensions></trkpt>
      <trkpt lon="-77.026301" lat="38.897334"><ele>12.312178</ele><time>2022-11-29T20:08:44Z</time><extensions><speed>0.061464</speed><course>189.633215</course><hAcc>3.456796</hAcc><vAcc>1.687640</vAcc></extensions></trkpt>
      <trkpt lon="-77.026301" lat="38.897334"><ele>12.290325</ele><time>2022-11-29T20:08:45Z</time><extensions><speed>0.062460</speed><course>189.569718</course><hAcc>3.411545</hAcc><vAcc>1.643168</vAcc></extensions></trkpt>
      <trkpt lon="-77.026301" lat="38.897333"><ele>12.269001</ele><time>2022-11-29T20:08:46Z</time><extensions><speed>0.063417</speed><course>189.493022</course><hAcc>3.384550</hAcc><vAcc>1.603175</vAcc></extensions></trkpt>
      <trkpt lon="-77.026302" lat="38.897333"><ele>12.248270</ele><time>2022-11-29T20:08:47Z</time><extensions><speed>0.064380</speed><course>189.400840</course><hAcc>3.375486</hAcc><vAcc>1.566339</vAcc></extensions></trkpt>
      <trkpt lon="-77.026302" lat="38.897332"><ele>12.228164</ele><time>2022-11-29T20:08:48Z</time><extensions><speed>0.065275</speed><course>189.291342</course><hAcc>3.384194</hAcc><vAcc>1.531428</vAcc></extensions></trkpt>
      <trkpt lon="-77.026302" lat="38.897332"><ele>12.208674</ele><time>2022-11-29T20:08:49Z</time><extensions><speed>0.066161</speed><course>189.163275</course><hAcc>3.410650</hAcc><vAcc>1.497314</vAcc></extensions></trkpt>
      <trkpt lon="-77.026302" lat="38.897331"><ele>12.189758</ele><time>2022-11-29T20:08:50Z</time><extensions><speed>0.067068</speed><course>189.015610</course><hAcc>3.455032</hAcc><vAcc>1.462982</vAcc></extensions></trkpt>
      <trkpt lon="-77.026302" lat="38.897330"><ele>12.171359</ele><time>2022-11-29T20:08:51Z</time><extensions><speed>0.067984</speed><course>188.849319</course><hAcc>3.517777</hAcc><vAcc>1.427554</vAcc></extensions></trkpt>
      <trkpt lon="-77.026302" lat="38.897330"><ele>12.153433</ele><time>2022-11-29T20:08:52Z</time><extensions><speed>0.068825</speed><course>188.667787</course><hAcc>3.599495</hAcc><vAcc>1.390318</vAcc></extensions></trkpt>
      <trkpt lon="-77.026302" lat="38.897329"><ele>12.135949</ele><time>2022-11-29T20:08:53Z</time><extensions><speed>0.069523</speed><course>188.472625</course><hAcc>3.700807</hAcc><vAcc>1.350762</vAcc></extensions></trkpt>
      <trkpt lon="-77.026302" lat="38.897328"><ele>12.118862</ele><time>2022-11-29T20:08:54Z</time><extensions><speed>0.070033</speed><course>188.260736</course><hAcc>3.822222</hAcc><vAcc>1.308633</vAcc></extensions></trkpt>
      <trkpt lon="-77.026302" lat="38.897328"><ele>12.102101</ele><time>2022-11-29T20:08:55Z</time><extensions><speed>0.070350</speed><course>188.033559</course><hAcc>3.964088</hAcc><vAcc>1.264000</vAcc></extensions></trkpt>
      <trkpt lon="-77.026303" lat="38.897327"><ele>12.085585</ele><time>2022-11-29T20:08:56Z</time><extensions><speed>0.070936</speed><course>187.802026</course><hAcc>4.127144</hAcc><vAcc>1.217409</vAcc></extensions></trkpt>
      <trkpt lon="-77.026303" lat="38.897326"><ele>12.053298</ele><time>2022-11-29T20:08:58Z</time><extensions><speed>0.073813</speed><course>186.956289</course><hAcc>4.509656</hAcc><vAcc>1.079052</vAcc></extensions></trkpt>
      <trkpt lon="-77.026303" lat="38.897325"><ele>12.037467</ele><time>2022-11-29T20:08:59Z</time><extensions><speed>0.074482</speed><course>186.772248</course><hAcc>4.737446</hAcc><vAcc>0.987964</vAcc></extensions></trkpt>
      <trkpt lon="-77.026303" lat="38.897325"><ele>12.021680</ele><time>2022-11-29T20:09:00Z</time><extensions><speed>0.075083</speed><course>186.615245</course><hAcc>4.995951</hAcc><vAcc>0.901284</vAcc></extensions></trkpt>
      <trkpt lon="-77.026303" lat="38.897324"><ele>12.005863</ele><time>2022-11-29T20:09:01Z</time><extensions><speed>0.075525</speed><course>186.498547</course><hAcc>5.284843</hAcc><vAcc>0.826928</vAcc></extensions></trkpt>
      <trkpt lon="-77.026303" lat="38.897323"><ele>11.989952</ele><time>2022-11-29T20:09:02Z</time><extensions><speed>0.075776</speed><course>186.433635</course><hAcc>5.603427</hAcc><vAcc>0.778524</vAcc></extensions></trkpt>
      <trkpt lon="-77.026303" lat="38.897323"><ele>11.973935</ele><time>2022-11-29T20:09:03Z</time><extensions><speed>0.075863</speed><course>186.410206</course><hAcc>5.950709</hAcc><vAcc>0.774700</vAcc></extensions></trkpt>
      <trkpt lon="-77.026303" lat="38.897322"><ele>11.957886</ele><time>2022-11-29T20:09:04Z</time><extensions><speed>0.075865</speed><course>186.405546</course><hAcc>6.325474</hAcc><vAcc>0.831310</vAcc></extensions></trkpt>
      <trkpt lon="-77.026314" lat="38.897329"><ele>12.472018</ele><time>2022-11-29T20:09:25Z</time><extensions><speed>0.000694</speed><course>21.377806</course><hAcc>7.197373</hAcc><vAcc>4.002314</vAcc></extensions></trkpt>
      <trkpt lon="-77.026314" lat="38.897329"><ele>12.471292</ele><time>2022-11-29T20:09:26Z</time><extensions><speed>0.000696</speed><course>21.365157</course><hAcc>7.044782</hAcc><vAcc>3.908622</vAcc></extensions></trkpt>
      <trkpt lon="-77.026314" lat="38.897329"><ele>12.470571</ele><time>2022-11-29T20:09:27Z</time><extensions><speed>0.000702</speed><course>21.359399</course><hAcc>6.995339</hAcc><vAcc>3.876150</vAcc></extensions></trkpt>
      <trkpt lon="-77.026314" lat="38.897329"><ele>12.469858</ele><time>2022-11-29T20:09:28Z</time><extensions><speed>0.000705</speed><course>21.423112</course><hAcc>7.051049</hAcc><vAcc>3.905671</vAcc></extensions></trkpt>
      <trkpt lon="-77.026314" lat="38.897329"><ele>12.469151</ele><time>2022-11-29T20:09:29Z</time><extensions><speed>0.000705</speed><course>21.479969</course><hAcc>7.211335</hAcc><vAcc>3.996555</vAcc></extensions></trkpt>
      <trkpt lon="-77.026278" lat="38.897334"><ele>12.128360</ele><time>2022-11-29T20:11:30Z</time><extensions><speed>0.000000</speed><course>0.000000</course><hAcc>5.450142</hAcc><vAcc>3.498949</vAcc></extensions></trkpt>
      <trkpt lon="-77.026278" lat="38.897334"><ele>12.128360</ele><time>2022-11-29T20:11:31Z</time><extensions><speed>0.000000</speed><course>0.000000</course><hAcc>5.200744</hAcc><vAcc>3.365989</vAcc></extensions></trkpt>
      <trkpt lon="-77.026278" lat="38.897334"><ele>12.128360</ele><time>2022-11-29T20:11:32Z</time><extensions><speed>0.000000</speed><course>0.000000</course><hAcc>5.017054</hAcc><vAcc>3.269463</vAcc></extensions></trkpt>
      <trkpt lon="-77.026278" lat="38.897334"><ele>12.128360</ele><time>2022-11-29T20:11:33Z</time><extensions><speed>0.000000</speed><course>0.000000</course><hAcc>4.904811</hAcc><vAcc>3.211122</vAcc></extensions></trkpt>
      <trkpt lon="-77.026278" lat="38.897334"><ele>12.128360</ele><time>2022-11-29T20:11:34Z</time><extensions><speed>0.000000</speed><course>0.000000</course><hAcc>4.867170</hAcc><vAcc>3.191720</vAcc></extensions></trkpt>
      <trkpt lon="-77.026278" lat="38.897334"><ele>12.128360</ele><time>2022-11-29T20:11:35Z</time><extensions><speed>0.000000</speed><course>0.000000</course><hAcc>4.904818</hAcc><vAcc>3.211300</vAcc></extensions></trkpt>
      <trkpt lon="-77.026278" lat="38.897334"><ele>12.128360</ele><time>2022-11-29T20:11:36Z</time><extensions><speed>0.000000</speed><course>0.000000</course><hAcc>5.017001</hAcc><vAcc>3.269785</vAcc></extensions></trkpt>
      <trkpt lon="-77.026278" lat="38.897334"><ele>12.128360</ele><time>2022-11-29T20:11:37Z</time><extensions><speed>0.000000</speed><course>0.000000</course><hAcc>5.198829</hAcc><vAcc>3.365464</vAcc></extensions></trkpt>
      <trkpt lon="-77.026278" lat="38.897334"><ele>12.128360</ele><time>2022-11-29T20:11:38Z</time><extensions><speed>0.000000</speed><course>0.000000</course><hAcc>5.451885</hAcc><vAcc>3.500435</vAcc></extensions></trkpt>
      <trkpt lon="-77.026232" lat="38.897382"><ele>12.174909</ele><time>2022-11-29T20:13:44Z</time><extensions><speed>0.000000</speed><course>0.000000</course><hAcc>5.189103</hAcc><vAcc>3.145801</vAcc></extensions></trkpt>
      <trkpt lon="-77.026232" lat="38.897382"><ele>12.174909</ele><time>2022-11-29T20:13:45Z</time><extensions><speed>0.000000</speed><course>0.000000</course><hAcc>4.921410</hAcc><vAcc>2.988201</vAcc></extensions></trkpt>
      <trkpt lon="-77.026232" lat="38.897382"><ele>12.174909</ele><time>2022-11-29T20:13:46Z</time><extensions><speed>0.000000</speed><course>0.000000</course><hAcc>4.699121</hAcc><vAcc>2.860409</vAcc></extensions></trkpt>
      <trkpt lon="-77.026232" lat="38.897382"><ele>12.174909</ele><time>2022-11-29T20:13:47Z</time><extensions><speed>0.000000</speed><course>0.000000</course><hAcc>4.522984</hAcc><vAcc>2.762547</vAcc></extensions></trkpt>
      <trkpt lon="-77.026232" lat="38.897382"><ele>12.174909</ele><time>2022-11-29T20:13:48Z</time><extensions><speed>0.000000</speed><course>0.000000</course><hAcc>4.396701</hAcc><vAcc>2.695712</vAcc></extensions></trkpt>
      <trkpt lon="-77.026232" lat="38.897382"><ele>12.174909</ele><time>2022-11-29T20:13:49Z</time><extensions><speed>0.000000</speed><course>0.000000</course><hAcc>4.324097</hAcc><vAcc>2.660576</vAcc></extensions></trkpt>
      <trkpt lon="-77.026232" lat="38.897382"><ele>12.174909</ele><time>2022-11-29T20:13:50Z</time><extensions><speed>0.000000</speed><course>0.000000</course><hAcc>4.307705</hAcc><vAcc>2.657425</vAcc></extensions></trkpt>
      <trkpt lon="-77.026232" lat="38.897382"><ele>12.174909</ele><time>2022-11-29T20:13:52Z</time><extensions><speed>0.000000</speed><course>0.000000</course><hAcc>4.436984</hAcc><vAcc>2.737463</vAcc></extensions></trkpt>
      <trkpt lon="-77.026232" lat="38.897382"><ele>12.174909</ele><time>2022-11-29T20:13:53Z</time><extensions><speed>0.000000</speed><course>0.000000</course><hAcc>4.584131</hAcc><vAcc>2.820979</vAcc></extensions></trkpt>
      <trkpt lon="-77.026232" lat="38.897382"><ele>12.174909</ele><time>2022-11-29T20:13:54Z</time><extensions><speed>0.000000</speed><course>0.000000</course><hAcc>4.786570</hAcc><vAcc>2.935237</vAcc></extensions></trkpt>
      <trkpt lon="-77.026232" lat="38.897382"><ele>12.174909</ele><time>2022-11-29T20:13:54Z</time><extensions><speed>0.000000</speed><course>0.000000</course><hAcc>4.845074</hAcc><vAcc>2.968317</vAcc></extensions></trkpt>
      <trkpt lon="-77.026232" lat="38.897382"><ele>12.174909</ele><time>2022-11-29T20:13:55Z</time><extensions><speed>0.000000</speed><course>0.000000</course><hAcc>5.042306</hAcc><vAcc>3.080323</vAcc></extensions></trkpt>
    </trkseg>
  </trk>
</gpx>