<?xml version="1.0" encoding="UTF-8"?>
<gpx version="1.1" creator="Apple Health Export" xmlns="http://www.topografix.com/GPX/1/1" xmlns:xsi="http://www.w3.org/2001/XMLSchema-instance" xsi:schemaLocation="http://www.topografix.com/GPX/1/1 http://www.topografix.com/GPX/1/1/gpx.xsd">
  <metadata>
    <time>2026-04-21T05:05:51Z</time>
  </metadata>
  <trk>
    <name>Route 2026-03-11 7:50pm</name>
    <trkseg>
      <trkpt lon="-76.448262" lat="39.345391"><ele>23.799777</ele><time>2026-03-11T23:24:25Z</time><extensions><speed>1.550805</speed><course>139.372624</course><hAcc>2.057099</hAcc><vAcc>3.000000</vAcc></extensions></trkpt>
      <trkpt lon="-76.448253" lat="39.345381"><ele>23.702552</ele><time>2026-03-11T23:24:26Z</time><extensions><speed>1.539804</speed><course>142.706924</course><hAcc>2.072544</hAcc><vAcc>3.000000</vAcc></extensions></trkpt>
      <trkpt lon="-76.448246" lat="39.345369"><ele>23.672865</ele><time>2026-03-11T23:24:27Z</time><extensions><speed>1.591920</speed><course>148.955589</course><hAcc>2.068917</hAcc><vAcc>3.000000</vAcc></extensions></trkpt>
      <trkpt lon="-76.448238" lat="39.345358"><ele>23.595454</ele><time>2026-03-11T23:24:28Z</time><extensions><speed>1.562139</speed><course>149.618801</course><hAcc>2.065471</hAcc><vAcc>3.000000</vAcc></extensions></trkpt>
      <trkpt lon="-76.448226" lat="39.345348"><ele>23.495593</ele><time>2026-03-11T23:24:29Z</time><extensions><speed>1.566916</speed><course>146.770712</course><hAcc>2.062198</hAcc><vAcc>3.000000</vAcc></extensions></trkpt>
      <trkpt lon="-76.448212" lat="39.345340"><ele>23.446119</ele><time>2026-03-11T23:24:30Z</time><extensions><speed>1.570161</speed><course>138.990050</course><hAcc>2.110393</hAcc><vAcc>3.000000</vAcc></extensions></trkpt>
      <trkpt lon="-76.448203" lat="39.345330"><ele>23.328720</ele><time>2026-03-11T23:24:31Z</time><extensions><speed>1.566941</speed><course>141.274579</course><hAcc>2.114097</hAcc><vAcc>3.000000</vAcc></extensions></trkpt>
      <trkpt lon="-76.448197" lat="39.345321"><ele>23.332905</ele><time>2026-03-11T23:24:32Z</time><extensions><speed>1.555042</speed><course>145.611839</course><hAcc>2.108392</hAcc><vAcc>3.000000</vAcc></extensions></trkpt>
      <trkpt lon="-76.448188" lat="39.345312"><ele>23.308947</ele><time>2026-03-11T23:24:33Z</time><extensions><speed>1.554221</speed><course>144.815412</course><hAcc>2.102972</hAcc><vAcc>3.000000</vAcc></extensions></trkpt>
      <trkpt lon="-76.448179" lat="39.345301"><ele>23.591406</ele><time>2026-03-11T23:24:34Z</time><extensions><speed>1.587593</speed><course>144.374342</course><hAcc>2.097824</hAcc><vAcc>3.000000</vAcc></extensions></trkpt>
      <trkpt lon="-76.448172" lat="39.345291"><ele>23.678559</ele><time>2026-03-11T23:24:35Z</time><extensions><speed>1.553482</speed><course>148.705664</course><hAcc>2.092933</hAcc><vAcc>3.000000</vAcc></extensions></trkpt>
      <trkpt lon="-76.448175" lat="39.345276"><ele>23.924273</ele><time>2026-03-11T23:24:36Z</time><extensions><speed>1.531000</speed><course>169.069860</course><hAcc>2.097625</hAcc><vAcc>3.000000</vAcc></extensions></trkpt>
      <trkpt lon="-76.448162" lat="39.345268"><ele>24.004294</ele><time>2026-03-11T23:24:37Z</time><extensions><speed>1.548460</speed><course>154.624829</course><hAcc>2.124457</hAcc><vAcc>3.000000</vAcc></extensions></trkpt>
      <trkpt lon="-76.448148" lat="39.345260"><ele>24.073518</ele><time>2026-03-11T23:24:38Z</time><extensions><speed>1.562758</speed><course>142.175569</course><hAcc>2.121721</hAcc><vAcc>3.000000</vAcc></extensions></trkpt>
      <trkpt lon="-76.448135" lat="39.345254"><ele>23.670089</ele><time>2026-03-11T23:24:39Z</time><extensions><speed>1.554654</speed><course>134.607745</course><hAcc>2.115635</hAcc><vAcc>3.000000</vAcc></extensions></trkpt>
      <trkpt lon="-76.448124" lat="39.345244"><ele>23.737225</ele><time>2026-03-11T23:24:40Z</time><extensions><speed>1.577432</speed><course>136.444984</course><hAcc>2.109853</hAcc><vAcc>3.000000</vAcc></extensions></trkpt>
      <trkpt lon="-76.448116" lat="39.345234"><ele>23.589078</ele><time>2026-03-11T23:24:41Z</time><extensions><speed>1.559245</speed><course>141.342533</course><hAcc>2.104360</hAcc><vAcc>3.000000</vAcc></extensions></trkpt>
      <trkpt lon="-76.448104" lat="39.345228"><ele>23.451105</ele><time>2026-03-11T23:24:42Z</time><extensions><speed>1.549921</speed><course>137.210618</course><hAcc>2.136332</hAcc><vAcc>3.000000</vAcc></extensions></trkpt>
      <trkpt lon="-76.448089" lat="39.345226"><ele>23.077789</ele><time>2026-03-11T23:24:43Z</time><extensions><speed>1.535585</speed><course>123.485572</course><hAcc>2.129515</hAcc><vAcc>3.000000</vAcc></extensions></trkpt>
      <trkpt lon="-76.448078" lat="39.345218"><ele>22.872424</ele><time>2026-03-11T23:24:44Z</time><extensions><speed>1.527825</speed><course>124.316889</course><hAcc>2.123039</hAcc><vAcc>3.000000</vAcc></extensions></trkpt>
      <trkpt lon="-76.448069" lat="39.345208"><ele>22.741961</ele><time>2026-03-11T23:24:45Z</time><extensions><speed>1.527417</speed><course>133.961028</course><hAcc>2.116887</hAcc><vAcc>3.000000</vAcc></extensions></trkpt>
      <trkpt lon="-76.448068" lat="39.345197"><ele>22.776308</ele><time>2026-03-11T23:24:46Z</time><extensions><speed>1.535120</speed><course>151.195600</course><hAcc>2.153519</hAcc><vAcc>3.000000</vAcc></extensions></trkpt>
      <trkpt lon="-76.448065" lat="39.345186"><ele>22.474998</ele><time>2026-03-11T23:24:47Z</time><extensions><speed>1.498939</speed><course>155.227612</course><hAcc>2.145843</hAcc><vAcc>3.000000</vAcc></extensions></trkpt>
      <trkpt lon="-76.448062" lat="39.345177"><ele>21.951670</ele><time>2026-03-11T23:24:48Z</time><extensions><speed>1.409522</speed><course>157.231880</course><hAcc>2.138551</hAcc><vAcc>3.000000</vAcc></extensions></trkpt>
      <trkpt lon="-76.448059" lat="39.345167"><ele>21.866267</ele><time>2026-03-11T23:24:49Z</time><extensions><speed>1.446110</speed><course>158.000546</course><hAcc>2.131624</hAcc><vAcc>3.000000</vAcc></extensions></trkpt>
      <trkpt lon="-76.448056" lat="39.345159"><ele>21.731535</ele><time>2026-03-11T23:24:50Z</time><extensions><speed>1.434341</speed><course>158.449799</course><hAcc>2.125089</hAcc><vAcc>3.000000</vAcc></extensions></trkpt>
      <trkpt lon="-76.448056" lat="39.345152"><ele>21.685930</ele><time>2026-03-11T23:24:51Z</time><extensions><speed>1.243312</speed><course>164.834620</course><hAcc>2.118834</hAcc><vAcc>3.000000</vAcc></extensions></trkpt>
      <trkpt lon="-76.448061" lat="39.345158"><ele>21.843037</ele><time>2026-03-11T23:24:52Z</time><extensions><speed>0.154521</speed><course>178.964723</course><hAcc>2.119509</hAcc><vAcc>3.000000</vAcc></extensions></trkpt>
      <trkpt lon="-76.448059" lat="39.345147"><ele>21.718716</ele><time>2026-03-11T23:24:53Z</time><extensions><speed>0.851162</speed><course>171.342621</course><hAcc>2.113852</hAcc><vAcc>3.000000</vAcc></extensions></trkpt>
      <trkpt lon="-76.448056" lat="39.345140"><ele>21.698366</ele><time>2026-03-11T23:24:54Z</time><extensions><speed>0.866705</speed><course>166.141996</course><hAcc>2.108159</hAcc><vAcc>3.000000</vAcc></extensions></trkpt>
      <trkpt lon="-76.448055" lat="39.345132"><ele>21.532076</ele><time>2026-03-11T23:24:55Z</time><extensions><speed>0.873080</speed><course>168.262275</course><hAcc>2.123742</hAcc><vAcc>3.000000</vAcc></extensions></trkpt>
      <trkpt lon="-76.448053" lat="39.345124"><ele>21.481521</ele><time>2026-03-11T23:24:56Z</time><extensions><speed>0.858544</speed><course>167.891949</course><hAcc>2.117555</hAcc><vAcc>3.000000</vAcc></extensions></trkpt>
      <trkpt lon="-76.448051" lat="39.345116"><ele>21.194417</ele><time>2026-03-11T23:24:57Z</time><extensions><speed>0.941103</speed><course>168.100048</course><hAcc>2.122491</hAcc><vAcc>3.000000</vAcc></extensions></trkpt>
      <trkpt lon="-76.448049" lat="39.345105"><ele>21.232783</ele><time>2026-03-11T23:24:58Z</time><extensions><speed>1.062844</speed><course>169.960661</course><hAcc>2.127359</hAcc><vAcc>3.000000</vAcc></extensions></trkpt>
      <trkpt lon="-76.448050" lat="39.345098"><ele>20.913062</ele><time>2026-03-11T23:24:59Z</time><extensions><speed>0.903256</speed><course>176.332308</course><hAcc>2.141300</hAcc><vAcc>3.000000</vAcc></extensions></trkpt>
      <trkpt lon="-76.448047" lat="39.345087"><ele>21.017948</ele><time>2026-03-11T23:25:00Z</time><extensions><speed>1.013909</speed><course>171.360122</course><hAcc>2.153026</hAcc><vAcc>3.000000</vAcc></extensions></trkpt>
      <trkpt lon="-76.448042" lat="39.345079"><ele>20.830013</ele><time>2026-03-11T23:25:01Z</time><extensions><speed>1.010365</speed><course>164.219863</course><hAcc>2.165972</hAcc><vAcc>3.000000</vAcc></extensions></trkpt>
      <trkpt lon="-76.448038" lat="39.345071"><ele>21.279909</ele><time>2026-03-11T23:25:02Z</time><extensions><speed>1.006903</speed><course>161.392703</course><hAcc>2.157674</hAcc><vAcc>3.000000</vAcc></extensions></trkpt>
      <trkpt lon="-76.448035" lat="39.345064"><ele>20.930968</ele><time>2026-03-11T23:25:03Z</time><extensions><speed>0.952347</speed><course>163.751947</course><hAcc>2.184185</hAcc><vAcc>3.000000</vAcc></extensions></trkpt>
      <trkpt lon="-76.448033" lat="39.345055"><ele>20.678068</ele><time>2026-03-11T23:25:04Z</time><extensions><speed>0.921319</speed><course>166.629086</course><hAcc>2.183170</hAcc><vAcc>3.000000</vAcc></extensions></trkpt>
      <trkpt lon="-76.448033" lat="39.345045"><ele>20.478252</ele><time>2026-03-11T23:25:05Z</time><extensions><speed>1.026875</speed><course>173.216716</course><hAcc>2.188397</hAcc><vAcc>3.000000</vAcc></extensions></trkpt>
      <trkpt lon="-76.448029" lat="39.345038"><ele>20.146843</ele><time>2026-03-11T23:25:06Z</time><extensions><speed>0.911793</speed><course>168.767386</course><hAcc>2.178977</hAcc><vAcc>3.000000</vAcc></extensions></trkpt>
      <trkpt lon="-76.448026" lat="39.345028"><ele>19.891294</ele><time>2026-03-11T23:25:07Z</time><extensions><speed>0.929796</speed><course>167.428364</course><hAcc>2.220904</hAcc><vAcc>3.000000</vAcc></extensions></trkpt>
      <trkpt lon="-76.448031" lat="39.345025"><ele>19.836919</ele><time>2026-03-11T23:25:08Z</time><extensions><speed>0.524523</speed><course>188.404324</course><hAcc>2.238133</hAcc><vAcc>3.000000</vAcc></extensions></trkpt>
      <trkpt lon="-76.448038" lat="39.345019"><ele>19.593189</ele><time>2026-03-11T23:25:09Z</time><extensions><speed>0.604856</speed><course>205.327193</course><hAcc>2.258306</hAcc><vAcc>3.000000</vAcc></extensions></trkpt>
      <trkpt lon="-76.448042" lat="39.345011"><ele>19.519035</ele><time>2026-03-11T23:25:10Z</time><extensions><speed>0.714331</speed><course>206.718947</course><hAcc>2.309808</hAcc><vAcc>3.000000</vAcc></extensions></trkpt>
      <trkpt lon="-76.448046" lat="39.344996"><ele>19.496130</ele><time>2026-03-11T23:25:11Z</time><extensions><speed>1.047447</speed><course>200.661089</course><hAcc>2.336677</hAcc><vAcc>3.000000</vAcc></extensions></trkpt>
      <trkpt lon="-76.448048" lat="39.344977"><ele>19.623493</ele><time>2026-03-11T23:25:12Z</time><extensions><speed>1.447039</speed><course>192.113637</course><hAcc>2.349656</hAcc><vAcc>3.000000</vAcc></extensions></trkpt>
      <trkpt lon="-76.448045" lat="39.344963"><ele>19.713621</ele><time>2026-03-11T23:25:13Z</time><extensions><speed>1.489050</speed><course>181.637205</course><hAcc>2.332173</hAcc><vAcc>3.000000</vAcc></extensions></trkpt>
      <trkpt lon="-76.448039" lat="39.344950"><ele>19.981270</ele><time>2026-03-11T23:25:14Z</time><extensions><speed>1.529188</speed><course>172.535637</course><hAcc>2.334003</hAcc><vAcc>3.000000</vAcc></extensions></trkpt>
      <trkpt lon="-76.448039" lat="39.344940"><ele>19.892535</ele><time>2026-03-11T23:25:15Z</time><extensions><speed>1.464191</speed><course>176.811247</course><hAcc>2.352126</hAcc><vAcc>3.000000</vAcc></extensions></trkpt>
      <trkpt lon="-76.448041" lat="39.344929"><ele>19.892740</ele><time>2026-03-11T23:25:16Z</time><extensions><speed>1.491775</speed><course>181.502860</course><hAcc>2.353986</hAcc><vAcc>3.000000</vAcc></extensions></trkpt>
      <trkpt lon="-76.448036" lat="39.344919"><ele>20.725638</ele><time>2026-03-11T23:25:17Z</time><extensions><speed>1.245837</speed><course>178.456103</course><hAcc>2.428102</hAcc><vAcc>3.000000</vAcc></extensions></trkpt>
      <trkpt lon="-76.448029" lat="39.344915"><ele>20.917017</ele><time>2026-03-11T23:25:18Z</time><extensions><speed>0.900436</speed><course>169.018811</course><hAcc>2.471862</hAcc><vAcc>3.000000</vAcc></extensions></trkpt>
      <trkpt lon="-76.448018" lat="39.344907"><ele>21.254969</ele><time>2026-03-11T23:25:19Z</time><extensions><speed>0.920424</speed><course>158.720021</course><hAcc>2.489292</hAcc><vAcc>3.000000</vAcc></extensions></trkpt>
      <trkpt lon="-76.448013" lat="39.344897"><ele>21.490004</ele><time>2026-03-11T23:25:20Z</time><extensions><speed>1.041684</speed><course>161.494977</course><hAcc>2.545953</hAcc><vAcc>3.000000</vAcc></extensions></trkpt>
      <trkpt lon="-76.448007" lat="39.344888"><ele>21.488602</ele><time>2026-03-11T23:25:21Z</time><extensions><speed>1.118967</speed><course>161.451320</course><hAcc>2.624140</hAcc><vAcc>3.000000</vAcc></extensions></trkpt>
      <trkpt lon="-76.448003" lat="39.344878"><ele>21.758605</ele><time>2026-03-11T23:25:22Z</time><extensions><speed>1.153382</speed><course>166.034116</course><hAcc>2.685583</hAcc><vAcc>3.000000</vAcc></extensions></trkpt>
      <trkpt lon="-76.447999" lat="39.344869"><ele>21.695211</ele><time>2026-03-11T23:25:23Z</time><extensions><speed>1.145126</speed><course>166.785269</course><hAcc>2.731837</hAcc><vAcc>3.000000</vAcc></extensions></trkpt>
      <trkpt lon="-76.447998" lat="39.344861"><ele>21.679733</ele><time>2026-03-11T23:25:24Z</time><extensions><speed>1.028129</speed><course>170.726486</course><hAcc>2.733020</hAcc><vAcc>3.000000</vAcc></extensions></trkpt>
      <trkpt lon="-76.447997" lat="39.344854"><ele>21.649948</ele><time>2026-03-11T23:25:25Z</time><extensions><speed>0.806959</speed><course>171.465576</course><hAcc>2.783481</hAcc><vAcc>3.000000</vAcc></extensions></trkpt>
      <trkpt lon="-76.447994" lat="39.344843"><ele>21.327356</ele><time>2026-03-11T23:25:26Z</time><extensions><speed>0.971584</speed><course>170.831406</course><hAcc>2.873478</hAcc><vAcc>3.000000</vAcc></extensions></trkpt>
      <trkpt lon="-76.447998" lat="39.344834"><ele>21.672295</ele><time>2026-03-11T23:25:27Z</time><extensions><speed>0.962131</speed><course>177.316179</course><hAcc>3.041697</hAcc><vAcc>3.000000</vAcc></extensions></trkpt>
      <trkpt lon="-76.447996" lat="39.344819"><ele>21.332139</ele><time>2026-03-11T23:25:28Z</time><extensions><speed>1.234568</speed><course>173.270724</course><hAcc>3.155149</hAcc><vAcc>3.000000</vAcc></extensions></trkpt>
      <trkpt lon="-76.447997" lat="39.344809"><ele>21.196502</ele><time>2026-03-11T23:25:29Z</time><extensions><speed>1.068186</speed><course>174.056269</course><hAcc>3.192217</hAcc><vAcc>3.000000</vAcc></extensions></trkpt>
      <trkpt lon="-76.447996" lat="39.344799"><ele>21.625780</ele><time>2026-03-11T23:25:30Z</time><extensions><speed>0.883598</speed><course>172.573133</course><hAcc>3.284841</hAcc><vAcc>3.037280</vAcc></extensions></trkpt>
      <trkpt lon="-76.447992" lat="39.344792"><ele>21.595986</ele><time>2026-03-11T23:25:31Z</time><extensions><speed>0.733389</speed><course>162.941809</course><hAcc>3.346913</hAcc><vAcc>3.240917</vAcc></extensions></trkpt>
      <trkpt lon="-76.447996" lat="39.344779"><ele>21.498030</ele><time>2026-03-11T23:25:32Z</time><extensions><speed>0.878690</speed><course>181.425201</course><hAcc>3.424553</hAcc><vAcc>3.218664</vAcc></extensions></trkpt>
      <trkpt lon="-76.448001" lat="39.344775"><ele>20.896908</ele><time>2026-03-11T23:25:33Z</time><extensions><speed>0.540917</speed><course>193.725506</course><hAcc>3.575458</hAcc><vAcc>3.258481</vAcc></extensions></trkpt>
      <trkpt lon="-76.448006" lat="39.344776"><ele>20.959675</ele><time>2026-03-11T23:25:34Z</time><extensions><speed>0.142991</speed><course>218.307130</course><hAcc>3.609870</hAcc><vAcc>3.217842</vAcc></extensions></trkpt>
      <trkpt lon="-76.448014" lat="39.344764"><ele>21.385208</ele><time>2026-03-11T23:25:35Z</time><extensions><speed>0.549283</speed><course>209.078174</course><hAcc>3.587009</hAcc><vAcc>3.000000</vAcc></extensions></trkpt>
      <trkpt lon="-76.448016" lat="39.344739"><ele>21.440679</ele><time>2026-03-11T23:25:36Z</time><extensions><speed>1.552942</speed><course>182.941794</course><hAcc>3.607522</hAcc><vAcc>3.017944</vAcc></extensions></trkpt>
      <trkpt lon="-76.448014" lat="39.344721"><ele>21.361673</ele><time>2026-03-11T23:25:37Z</time><extensions><speed>1.712712</speed><course>179.094067</course><hAcc>3.604378</hAcc><vAcc>3.072480</vAcc></extensions></trkpt>
      <trkpt lon="-76.448013" lat="39.344710"><ele>20.541503</ele><time>2026-03-11T23:25:38Z</time><extensions><speed>1.340815</speed><course>175.521281</course><hAcc>3.550137</hAcc><vAcc>3.376610</vAcc></extensions></trkpt>
      <trkpt lon="-76.448011" lat="39.344748"><ele>19.730055</ele><time>2026-03-11T23:25:39Z</time><extensions><speed>1.873612</speed><course>8.882983</course><hAcc>3.536011</hAcc><vAcc>3.000000</vAcc></extensions></trkpt>
      <trkpt lon="-76.448002" lat="39.344733"><ele>19.556952</ele><time>2026-03-11T23:25:40Z</time><extensions><speed>0.966421</speed><course>34.368849</course><hAcc>3.459211</hAcc><vAcc>3.061037</vAcc></extensions></trkpt>
      <trkpt lon="-76.448005" lat="39.344732"><ele>19.911586</ele><time>2026-03-11T23:25:41Z</time><extensions><speed>0.341631</speed><course>23.734226</course><hAcc>3.431690</hAcc><vAcc>3.000000</vAcc></extensions></trkpt>
      <trkpt lon="-76.448014" lat="39.344733"><ele>20.526868</ele><time>2026-03-11T23:25:42Z</time><extensions><speed>0.085344</speed><course>23.734214</course><hAcc>3.453627</hAcc><vAcc>3.000000</vAcc></extensions></trkpt>
      <trkpt lon="-76.448000" lat="39.344735"><ele>19.706966</ele><time>2026-03-11T23:25:43Z</time><extensions><speed>0.693633</speed><course>41.000804</course><hAcc>3.380945</hAcc><vAcc>3.000000</vAcc></extensions></trkpt>
      <trkpt lon="-76.448011" lat="39.344732"><ele>19.814994</ele><time>2026-03-11T23:25:44Z</time><extensions><speed>0.275340</speed><course>333.959487</course><hAcc>3.385971</hAcc><vAcc>3.200361</vAcc></extensions></trkpt>
      <trkpt lon="-76.448012" lat="39.344732"><ele>20.024681</ele><time>2026-03-11T23:25:45Z</time><extensions><speed>0.196256</speed><course>334.281140</course><hAcc>3.387065</hAcc><vAcc>3.009892</vAcc></extensions></trkpt>
      <trkpt lon="-76.448013" lat="39.344730"><ele>20.333450</ele><time>2026-03-11T23:25:46Z</time><extensions><speed>0.024752</speed><course>334.281139</course><hAcc>3.317711</hAcc><vAcc>3.000000</vAcc></extensions></trkpt>
      <trkpt lon="-76.448013" lat="39.344730"><ele>20.421497</ele><time>2026-03-11T23:25:47Z</time><extensions><speed>0.076165</speed><course>334.281139</course><hAcc>3.296785</hAcc><vAcc>3.003910</vAcc></extensions></trkpt>
      <trkpt lon="-76.448013" lat="39.344727"><ele>20.544996</ele><time>2026-03-11T23:25:48Z</time><extensions><speed>0.034945</speed><course>334.281138</course><hAcc>3.313496</hAcc><vAcc>3.000000</vAcc></extensions></trkpt>
      <trkpt lon="-76.448010" lat="39.344722"><ele>20.428176</ele><time>2026-03-11T23:25:49Z</time><extensions><speed>0.074731</speed><course>334.281140</course><hAcc>3.303150</hAcc><vAcc>3.000000</vAcc></extensions></trkpt>
      <trkpt lon="-76.447999" lat="39.344715"><ele>19.408966</ele><time>2026-03-11T23:25:50Z</time><extensions><speed>0.488060</speed><course>117.315159</course><hAcc>3.271748</hAcc><vAcc>3.000000</vAcc></extensions></trkpt>
      <trkpt lon="-76.448000" lat="39.344714"><ele>19.326874</ele><time>2026-03-11T23:25:51Z</time><extensions><speed>0.288222</speed><course>127.066964</course><hAcc>3.256484</hAcc><vAcc>3.000000</vAcc></extensions></trkpt>
      <trkpt lon="-76.448007" lat="39.344707"><ele>20.012975</ele><time>2026-03-11T23:25:52Z</time><extensions><speed>0.305684</speed><course>185.174245</course><hAcc>3.193660</hAcc><vAcc>3.000000</vAcc></extensions></trkpt>
      <trkpt lon="-76.448012" lat="39.344696"><ele>20.495096</ele><time>2026-03-11T23:25:53Z</time><extensions><speed>0.701962</speed><course>205.614015</course><hAcc>3.228719</hAcc><vAcc>3.000000</vAcc></extensions></trkpt>
      <trkpt lon="-76.448004" lat="39.344681"><ele>20.776426</ele><time>2026-03-11T23:25:54Z</time><extensions><speed>0.785463</speed><course>171.075451</course><hAcc>3.256662</hAcc><vAcc>3.000000</vAcc></extensions></trkpt>
      <trkpt lon="-76.448002" lat="39.344669"><ele>20.912581</ele><time>2026-03-11T23:25:55Z</time><extensions><speed>0.998923</speed><course>174.799488</course><hAcc>3.248928</hAcc><vAcc>3.000000</vAcc></extensions></trkpt>
      <trkpt lon="-76.448000" lat="39.344656"><ele>20.935840</ele><time>2026-03-11T23:25:56Z</time><extensions><speed>1.221025</speed><course>175.626242</course><hAcc>3.229003</hAcc><vAcc>3.000000</vAcc></extensions></trkpt>
      <trkpt lon="-76.448001" lat="39.344640"><ele>20.798022</ele><time>2026-03-11T23:25:57Z</time><extensions><speed>1.338424</speed><course>179.120249</course><hAcc>3.189133</hAcc><vAcc>3.000000</vAcc></extensions></trkpt>
      <trkpt lon="-76.448006" lat="39.344625"><ele>20.518948</ele><time>2026-03-11T23:25:58Z</time><extensions><speed>1.323703</speed><course>189.093403</course><hAcc>3.167211</hAcc><vAcc>3.000000</vAcc></extensions></trkpt>
      <trkpt lon="-76.448016" lat="39.344612"><ele>20.299873</ele><time>2026-03-11T23:25:59Z</time><extensions><speed>1.305788</speed><course>203.481726</course><hAcc>3.176223</hAcc><vAcc>3.000000</vAcc></extensions></trkpt>
      <trkpt lon="-76.448026" lat="39.344600"><ele>21.010462</ele><time>2026-03-11T23:26:00Z</time><extensions><speed>1.297971</speed><course>214.216331</course><hAcc>3.196857</hAcc><vAcc>3.000000</vAcc></extensions></trkpt>
      <trkpt lon="-76.448034" lat="39.344587"><ele>21.426218</ele><time>2026-03-11T23:26:01Z</time><extensions><speed>1.152632</speed><course>213.782914</course><hAcc>3.178263</hAcc><vAcc>3.000000</vAcc></extensions></trkpt>
      <trkpt lon="-76.448036" lat="39.344575"><ele>22.533985</ele><time>2026-03-11T23:26:02Z</time><extensions><speed>1.034478</speed><course>207.458002</course><hAcc>3.232855</hAcc><vAcc>3.000000</vAcc></extensions></trkpt>
      <trkpt lon="-76.448029" lat="39.344586"><ele>21.943047</ele><time>2026-03-11T23:26:03Z</time><extensions><speed>0.082390</speed><course>203.838917</course><hAcc>3.299501</hAcc><vAcc>3.000000</vAcc></extensions></trkpt>
      <trkpt lon="-76.448022" lat="39.344585"><ele>21.887208</ele><time>2026-03-11T23:26:04Z</time><extensions><speed>0.072347</speed><course>174.476592</course><hAcc>3.449441</hAcc><vAcc>3.000000</vAcc></extensions></trkpt>
      <trkpt lon="-76.448020" lat="39.344581"><ele>21.838523</ele><time>2026-03-11T23:26:05Z</time><extensions><speed>0.289697</speed><course>174.476594</course><hAcc>3.674575</hAcc><vAcc>3.000000</vAcc></extensions></trkpt>
      <trkpt lon="-76.448020" lat="39.344579"><ele>21.824028</ele><time>2026-03-11T23:26:06Z</time><extensions><speed>0.337143</speed><course>174.476594</course><hAcc>3.899561</hAcc><vAcc>3.000000</vAcc></extensions></trkpt>
      <trkpt lon="-76.448019" lat="39.344571"><ele>22.018532</ele><time>2026-03-11T23:26:07Z</time><extensions><speed>0.888061</speed><course>183.458309</course><hAcc>4.191512</hAcc><vAcc>3.000000</vAcc></extensions></trkpt>
      <trkpt lon="-76.448021" lat="39.344576"><ele>21.664948</ele><time>2026-03-11T23:26:08Z</time><extensions><speed>0.439976</speed><course>201.048223</course><hAcc>4.382666</hAcc><vAcc>3.000000</vAcc></extensions></trkpt>
      <trkpt lon="-76.448024" lat="39.344576"><ele>21.425604</ele><time>2026-03-11T23:26:09Z</time><extensions><speed>0.322350</speed><course>202.802166</course><hAcc>4.352876</hAcc><vAcc>3.000000</vAcc></extensions></trkpt>
      <trkpt lon="-76.448022" lat="39.344585"><ele>21.311245</ele><time>2026-03-11T23:26:10Z</time><extensions><speed>0.081226</speed><course>202.802167</course><hAcc>4.468236</hAcc><vAcc>3.000000</vAcc></extensions></trkpt>
      <trkpt lon="-76.448026" lat="39.344590"><ele>21.143537</ele><time>2026-03-11T23:26:11Z</time><extensions><speed>0.421754</speed><course>202.802165</course><hAcc>4.516699</hAcc><vAcc>3.000000</vAcc></extensions></trkpt>
      <trkpt lon="-76.448025" lat="39.344592"><ele>21.077719</ele><time>2026-03-11T23:26:12Z</time><extensions><speed>0.439878</speed><course>202.802165</course><hAcc>4.687209</hAcc><vAcc>3.000000</vAcc></extensions></trkpt>
      <trkpt lon="-76.448021" lat="39.344589"><ele>21.056057</ele><time>2026-03-11T23:26:13Z</time><extensions><speed>0.263610</speed><course>202.802168</course><hAcc>4.707182</hAcc><vAcc>3.000000</vAcc></extensions></trkpt>
      <trkpt lon="-76.448025" lat="39.344570"><ele>21.245707</ele><time>2026-03-11T23:26:14Z</time><extensions><speed>0.538252</speed><course>202.802165</course><hAcc>4.832273</hAcc><vAcc>3.000000</vAcc></extensions></trkpt>
      <trkpt lon="-76.448025" lat="39.344559"><ele>21.286567</ele><time>2026-03-11T23:26:15Z</time><extensions><speed>0.503253</speed><course>193.883550</course><hAcc>4.972359</hAcc><vAcc>3.000000</vAcc></extensions></trkpt>
      <trkpt lon="-76.448012" lat="39.344562"><ele>20.503626</ele><time>2026-03-11T23:26:16Z</time><extensions><speed>0.397478</speed><course>91.836489</course><hAcc>4.958125</hAcc><vAcc>3.000000</vAcc></extensions></trkpt>
      <trkpt lon="-76.448010" lat="39.344556"><ele>20.214452</ele><time>2026-03-11T23:26:17Z</time><extensions><speed>0.225669</speed><course>77.815862</course><hAcc>5.145730</hAcc><vAcc>3.000000</vAcc></extensions></trkpt>
      <trkpt lon="-76.448017" lat="39.344547"><ele>20.014824</ele><time>2026-03-11T23:26:18Z</time><extensions><speed>0.110719</speed><course>77.815867</course><hAcc>5.287262</hAcc><vAcc>3.000000</vAcc></extensions></trkpt>
      <trkpt lon="-76.448018" lat="39.344545"><ele>20.043999</ele><time>2026-03-11T23:26:19Z</time><extensions><speed>0.022537</speed><course>77.815869</course><hAcc>5.495110</hAcc><vAcc>3.000000</vAcc></extensions></trkpt>
      <trkpt lon="-76.448020" lat="39.344528"><ele>19.859247</ele><time>2026-03-11T23:26:20Z</time><extensions><speed>0.192048</speed><course>77.815890</course><hAcc>5.794262</hAcc><vAcc>3.030946</vAcc></extensions></trkpt>
      <trkpt lon="-76.448015" lat="39.344504"><ele>20.504481</ele><time>2026-03-11T23:26:21Z</time><extensions><speed>0.849896</speed><course>153.439482</course><hAcc>6.057457</hAcc><vAcc>3.498534</vAcc></extensions></trkpt>
      <trkpt lon="-76.448021" lat="39.344499"><ele>21.032955</ele><time>2026-03-11T23:26:22Z</time><extensions><speed>0.552629</speed><course>185.932689</course><hAcc>6.019282</hAcc><vAcc>3.519079</vAcc></extensions></trkpt>
      <trkpt lon="-76.448021" lat="39.344500"><ele>20.943410</ele><time>2026-03-11T23:26:23Z</time><extensions><speed>0.000000</speed><course>187.245715</course><hAcc>6.133016</hAcc><vAcc>3.488605</vAcc></extensions></trkpt>
      <trkpt lon="-76.448021" lat="39.344500"><ele>20.943410</ele><time>2026-03-11T23:26:24Z</time><extensions><speed>0.000000</speed><course>187.245715</course><hAcc>6.238437</hAcc><vAcc>4.095915</vAcc></extensions></trkpt>
      <trkpt lon="-76.448021" lat="39.344500"><ele>20.943410</ele><time>2026-03-11T23:26:25Z</time><extensions><speed>0.000000</speed><course>187.245715</course><hAcc>6.465234</hAcc><vAcc>4.096972</vAcc></extensions></trkpt>
      <trkpt lon="-76.448021" lat="39.344500"><ele>20.943410</ele><time>2026-03-11T23:26:26Z</time><extensions><speed>0.000000</speed><course>187.245715</course><hAcc>6.571481</hAcc><vAcc>4.042126</vAcc></extensions></trkpt>
      <trkpt lon="-76.448034" lat="39.344499"><ele>20.411083</ele><time>2026-03-11T23:26:27Z</time><extensions><speed>0.033428</speed><course>189.132696</course><hAcc>6.645735</hAcc><vAcc>3.966427</vAcc></extensions></trkpt>
      <trkpt lon="-76.448034" lat="39.344499"><ele>20.431017</ele><time>2026-03-11T23:26:28Z</time><extensions><speed>0.000000</speed><course>189.132696</course><hAcc>6.651919</hAcc><vAcc>3.825901</vAcc></extensions></trkpt>
      <trkpt lon="-76.448036" lat="39.344503"><ele>20.238155</ele><time>2026-03-11T23:26:29Z</time><extensions><speed>0.000000</speed><course>189.132695</course><hAcc>6.580459</hAcc><vAcc>3.783087</vAcc></extensions></trkpt>
      <trkpt lon="-76.448036" lat="39.344503"><ele>20.238155</ele><time>2026-03-11T23:26:30Z</time><extensions><speed>0.000000</speed><course>189.132695</course><hAcc>6.543265</hAcc><vAcc>3.627684</vAcc></extensions></trkpt>
      <trkpt lon="-76.448037" lat="39.344505"><ele>20.126752</ele><time>2026-03-11T23:26:31Z</time><extensions><speed>0.075756</speed><course>189.132694</course><hAcc>6.380159</hAcc><vAcc>3.611535</vAcc></extensions></trkpt>
      <trkpt lon="-76.448037" lat="39.344505"><ele>20.129117</ele><time>2026-03-11T23:26:32Z</time><extensions><speed>0.000000</speed><course>189.132694</course><hAcc>6.240688</hAcc><vAcc>3.474577</vAcc></extensions></trkpt>
      <trkpt lon="-76.448043" lat="39.344495"><ele>20.075879</ele><time>2026-03-11T23:26:33Z</time><extensions><speed>0.283034</speed><course>189.132689</course><hAcc>6.166971</hAcc><vAcc>3.439988</vAcc></extensions></trkpt>
      <trkpt lon="-76.448043" lat="39.344497"><ele>20.238455</ele><time>2026-03-11T23:26:34Z</time><extensions><speed>0.194843</speed><course>189.132690</course><hAcc>6.210843</hAcc><vAcc>3.275730</vAcc></extensions></trkpt>
      <trkpt lon="-76.448044" lat="39.344492"><ele>20.141869</ele><time>2026-03-11T23:26:35Z</time><extensions><speed>0.407346</speed><course>189.132688</course><hAcc>6.169389</hAcc><vAcc>3.376950</vAcc></extensions></trkpt>
      <trkpt lon="-76.448044" lat="39.344493"><ele>20.310842</ele><time>2026-03-11T23:26:36Z</time><extensions><speed>0.251107</speed><course>189.132689</course><hAcc>6.135308</hAcc><vAcc>3.488550</vAcc></extensions></trkpt>
      <trkpt lon="-76.448032" lat="39.344490"><ele>20.740274</ele><time>2026-03-11T23:26:37Z</time><extensions><speed>0.662935</speed><course>171.259299</course><hAcc>6.064032</hAcc><vAcc>3.255713</vAcc></extensions></trkpt>
      <trkpt lon="-76.448030" lat="39.344487"><ele>20.714731</ele><time>2026-03-11T23:26:38Z</time><extensions><speed>0.337148</speed><course>167.753504</course><hAcc>5.975300</hAcc><vAcc>3.179291</vAcc></extensions></trkpt>
      <trkpt lon="-76.448024" lat="39.344493"><ele>20.641045</ele><time>2026-03-11T23:26:39Z</time><extensions><speed>0.057330</speed><course>167.753509</course><hAcc>5.957601</hAcc><vAcc>3.064683</vAcc></extensions></trkpt>
      <trkpt lon="-76.448030" lat="39.344475"><ele>21.295852</ele><time>2026-03-11T23:26:40Z</time><extensions><speed>0.704375</speed><course>192.425787</course><hAcc>5.871262</hAcc><vAcc>3.239781</vAcc></extensions></trkpt>
      <trkpt lon="-76.448032" lat="39.344484"><ele>21.414067</ele><time>2026-03-11T23:26:41Z</time><extensions><speed>0.284097</speed><course>-1.000000</course><hAcc>5.871262</hAcc><vAcc>3.487705</vAcc></extensions></trkpt>
      <trkpt lon="-76.448033" lat="39.344488"><ele>21.345232</ele><time>2026-03-11T23:26:42Z</time><extensions><speed>0.018913</speed><course>-1.000000</course><hAcc>5.748358</hAcc><vAcc>3.684311</vAcc></extensions></trkpt>
      <trkpt lon="-76.448041" lat="39.344484"><ele>21.660230</ele><time>2026-03-11T23:26:43Z</time><extensions><speed>0.208419</speed><course>-1.000000</course><hAcc>5.720953</hAcc><vAcc>4.047994</vAcc></extensions></trkpt>
      <trkpt lon="-76.448040" lat="39.344482"><ele>21.564942</ele><time>2026-03-11T23:26:44Z</time><extensions><speed>0.308730</speed><course>-1.000000</course><hAcc>5.657875</hAcc><vAcc>4.246425</vAcc></extensions></trkpt>
      <trkpt lon="-76.448038" lat="39.344479"><ele>21.419659</ele><time>2026-03-11T23:26:45Z</time><extensions><speed>0.165778</speed><course>-1.000000</course><hAcc>5.579481</hAcc><vAcc>4.168116</vAcc></extensions></trkpt>
      <trkpt lon="-76.448036" lat="39.344478"><ele>21.313764</ele><time>2026-03-11T23:26:46Z</time><extensions><speed>0.000000</speed><course>-1.000000</course><hAcc>5.611068</hAcc><vAcc>4.408401</vAcc></extensions></trkpt>
      <trkpt lon="-76.448038" lat="39.344479"><ele>21.055019</ele><time>2026-03-11T23:26:47Z</time><extensions><speed>0.134098</speed><course>-1.000000</course><hAcc>5.564453</hAcc><vAcc>4.286053</vAcc></extensions></trkpt>
      <trkpt lon="-76.448034" lat="39.344478"><ele>20.948269</ele><time>2026-03-11T23:26:48Z</time><extensions><speed>0.198390</speed><course>-1.000000</course><hAcc>5.543781</hAcc><vAcc>4.147718</vAcc></extensions></trkpt>
      <trkpt lon="-76.448034" lat="39.344477"><ele>20.903793</ele><time>2026-03-11T23:26:49Z</time><extensions><speed>0.065812</speed><course>-1.000000</course><hAcc>5.426961</hAcc><vAcc>4.086955</vAcc></extensions></trkpt>
      <trkpt lon="-76.448035" lat="39.344476"><ele>20.838363</ele><time>2026-03-11T23:26:50Z</time><extensions><speed>0.077958</speed><course>-1.000000</course><hAcc>5.354627</hAcc><vAcc>3.974298</vAcc></extensions></trkpt>
      <trkpt lon="-76.448039" lat="39.344480"><ele>21.019900</ele><time>2026-03-11T23:26:51Z</time><extensions><speed>0.152809</speed><course>-1.000000</course><hAcc>5.383200</hAcc><vAcc>3.813836</vAcc></extensions></trkpt>
      <trkpt lon="-76.448042" lat="39.344483"><ele>21.424400</ele><time>2026-03-11T23:26:52Z</time><extensions><speed>0.178407</speed><course>-1.000000</course><hAcc>5.435277</hAcc><vAcc>3.901535</vAcc></extensions></trkpt>
      <trkpt lon="-76.448042" lat="39.344485"><ele>21.518491</ele><time>2026-03-11T23:26:53Z</time><extensions><speed>0.231750</speed><course>-1.000000</course><hAcc>5.524586</hAcc><vAcc>3.938072</vAcc></extensions></trkpt>
      <trkpt lon="-76.448047" lat="39.344482"><ele>21.617936</ele><time>2026-03-11T23:26:54Z</time><extensions><speed>0.316552</speed><course>-1.000000</course><hAcc>5.466607</hAcc><vAcc>4.238405</vAcc></extensions></trkpt>
      <trkpt lon="-76.448047" lat="39.344482"><ele>21.447258</ele><time>2026-03-11T23:26:55Z</time><extensions><speed>0.359296</speed><course>-1.000000</course><hAcc>5.400084</hAcc><vAcc>4.413988</vAcc></extensions></trkpt>
      <trkpt lon="-76.448051" lat="39.344480"><ele>21.220419</ele><time>2026-03-11T23:26:56Z</time><extensions><speed>0.289353</speed><course>-1.000000</course><hAcc>5.272127</hAcc><vAcc>4.329444</vAcc></extensions></trkpt>
      <trkpt lon="-76.448051" lat="39.344480"><ele>21.382590</ele><time>2026-03-11T23:26:57Z</time><extensions><speed>0.277862</speed><course>-1.000000</course><hAcc>5.185776</hAcc><vAcc>4.042982</vAcc></extensions></trkpt>
      <trkpt lon="-76.448048" lat="39.344484"><ele>21.358853</ele><time>2026-03-11T23:26:58Z</time><extensions><speed>0.157126</speed><course>-1.000000</course><hAcc>5.142695</hAcc><vAcc>3.881498</vAcc></extensions></trkpt>
      <trkpt lon="-76.448050" lat="39.344481"><ele>21.691791</ele><time>2026-03-11T23:26:59Z</time><extensions><speed>0.321055</speed><course>-1.000000</course><hAcc>5.107383</hAcc><vAcc>4.124185</vAcc></extensions></trkpt>
      <trkpt lon="-76.448052" lat="39.344482"><ele>21.785852</ele><time>2026-03-11T23:27:00Z</time><extensions><speed>0.305974</speed><course>-1.000000</course><hAcc>5.084628</hAcc><vAcc>4.284535</vAcc></extensions></trkpt>
      <trkpt lon="-76.448044" lat="39.344476"><ele>22.281892</ele><time>2026-03-11T23:27:01Z</time><extensions><speed>0.339259</speed><course>177.500342</course><hAcc>5.078069</hAcc><vAcc>4.286739</vAcc></extensions></trkpt>
      <trkpt lon="-76.448040" lat="39.344470"><ele>22.008843</ele><time>2026-03-11T23:27:02Z</time><extensions><speed>0.559515</speed><course>159.239989</course><hAcc>4.988101</hAcc><vAcc>4.449319</vAcc></extensions></trkpt>
      <trkpt lon="-76.448040" lat="39.344470"><ele>22.008843</ele><time>2026-03-11T23:27:02Z</time><extensions><speed>0.559515</speed><course>159.239989</course><hAcc>4.795014</hAcc><vAcc>4.449319</vAcc></extensions></trkpt>
      <trkpt lon="-76.448033" lat="39.344462"><ele>21.681226</ele><time>2026-03-11T23:27:03Z</time><extensions><speed>0.924455</speed><course>151.561884</course><hAcc>4.957499</hAcc><vAcc>4.051238</vAcc></extensions></trkpt>
      <trkpt lon="-76.448040" lat="39.344468"><ele>21.541920</ele><time>2026-03-11T23:27:04Z</time><extensions><speed>0.087674</speed><course>161.604295</course><hAcc>4.869855</hAcc><vAcc>3.703643</vAcc></extensions></trkpt>
      <trkpt lon="-76.448041" lat="39.344471"><ele>21.243890</ele><time>2026-03-11T23:27:05Z</time><extensions><speed>0.078072</speed><course>161.604294</course><hAcc>4.796086</hAcc><vAcc>3.359311</vAcc></extensions></trkpt>
      <trkpt lon="-76.448027" lat="39.344473"><ele>20.654120</ele><time>2026-03-11T23:27:06Z</time><extensions><speed>0.294660</speed><course>104.273252</course><hAcc>4.858874</hAcc><vAcc>3.517244</vAcc></extensions></trkpt>
      <trkpt lon="-76.448028" lat="39.344474"><ele>20.841616</ele><time>2026-03-11T23:27:07Z</time><extensions><speed>0.011489</speed><course>97.975210</course><hAcc>4.822659</hAcc><vAcc>3.589653</vAcc></extensions></trkpt>
      <trkpt lon="-76.448030" lat="39.344478"><ele>20.878895</ele><time>2026-03-11T23:27:08Z</time><extensions><speed>0.035898</speed><course>97.975203</course><hAcc>4.773690</hAcc><vAcc>3.493856</vAcc></extensions></trkpt>
      <trkpt lon="-76.448030" lat="39.344480"><ele>20.570053</ele><time>2026-03-11T23:27:09Z</time><extensions><speed>0.116573</speed><course>97.975200</course><hAcc>4.689606</hAcc><vAcc>3.449357</vAcc></extensions></trkpt>
      <trkpt lon="-76.448028" lat="39.344485"><ele>20.577782</ele><time>2026-03-11T23:27:10Z</time><extensions><speed>0.118684</speed><course>97.975195</course><hAcc>4.711607</hAcc><vAcc>3.688453</vAcc></extensions></trkpt>
      <trkpt lon="-76.448027" lat="39.344488"><ele>20.706625</ele><time>2026-03-11T23:27:11Z</time><extensions><speed>0.235230</speed><course>97.975190</course><hAcc>4.645886</hAcc><vAcc>3.628435</vAcc></extensions></trkpt>
      <trkpt lon="-76.448035" lat="39.344498"><ele>20.948223</ele><time>2026-03-11T23:27:12Z</time><extensions><speed>0.000000</speed><course>28.514875</course><hAcc>4.628530</hAcc><vAcc>3.608279</vAcc></extensions></trkpt>
      <trkpt lon="-76.448032" lat="39.344502"><ele>20.843557</ele><time>2026-03-11T23:27:13Z</time><extensions><speed>0.308617</speed><course>19.075509</course><hAcc>4.625598</hAcc><vAcc>3.369613</vAcc></extensions></trkpt>
      <trkpt lon="-76.448040" lat="39.344493"><ele>20.953827</ele><time>2026-03-11T23:27:14Z</time><extensions><speed>0.203441</speed><course>-1.000000</course><hAcc>4.724295</hAcc><vAcc>3.489767</vAcc></extensions></trkpt>
      <trkpt lon="-76.448038" lat="39.344499"><ele>21.090579</ele><time>2026-03-11T23:27:15Z</time><extensions><speed>0.126354</speed><course>-1.000000</course><hAcc>4.756735</hAcc><vAcc>3.507850</vAcc></extensions></trkpt>
      <trkpt lon="-76.448048" lat="39.344500"><ele>20.971333</ele><time>2026-03-11T23:27:16Z</time><extensions><speed>0.263282</speed><course>256.025187</course><hAcc>4.794363</hAcc><vAcc>3.669338</vAcc></extensions></trkpt>
      <trkpt lon="-76.448046" lat="39.344498"><ele>20.990274</ele><time>2026-03-11T23:27:17Z</time><extensions><speed>0.000000</speed><course>256.025186</course><hAcc>4.862605</hAcc><vAcc>3.740790</vAcc></extensions></trkpt>
      <trkpt lon="-76.448046" lat="39.344496"><ele>21.040176</ele><time>2026-03-11T23:27:18Z</time><extensions><speed>0.041628</speed><course>256.025184</course><hAcc>4.908186</hAcc><vAcc>3.849590</vAcc></extensions></trkpt>
      <trkpt lon="-76.448044" lat="39.344495"><ele>20.825876</ele><time>2026-03-11T23:27:19Z</time><extensions><speed>0.000000</speed><course>256.025183</course><hAcc>5.074907</hAcc><vAcc>4.287995</vAcc></extensions></trkpt>
      <trkpt lon="-76.448042" lat="39.344495"><ele>20.566613</ele><time>2026-03-11T23:27:19Z</time><extensions><speed>0.027842</speed><course>256.025185</course><hAcc>5.156208</hAcc><vAcc>4.526059</vAcc></extensions></trkpt>
      <trkpt lon="-76.448044" lat="39.344495"><ele>20.465679</ele><time>2026-03-11T23:27:20Z</time><extensions><speed>0.000000</speed><course>256.025184</course><hAcc>5.170491</hAcc><vAcc>4.640716</vAcc></extensions></trkpt>
      <trkpt lon="-76.448044" lat="39.344495"><ele>20.465679</ele><time>2026-03-11T23:27:21Z</time><extensions><speed>0.000000</speed><course>256.025184</course><hAcc>5.194973</hAcc><vAcc>4.639674</vAcc></extensions></trkpt>
      <trkpt lon="-76.448046" lat="39.344495"><ele>20.376376</ele><time>2026-03-11T23:27:22Z</time><extensions><speed>0.087872</speed><course>256.025182</course><hAcc>5.238207</hAcc><vAcc>4.585451</vAcc></extensions></trkpt>
      <trkpt lon="-76.448046" lat="39.344494"><ele>20.401570</ele><time>2026-03-11T23:27:24Z</time><extensions><speed>0.000000</speed><course>256.025181</course><hAcc>5.166680</hAcc><vAcc>4.398936</vAcc></extensions></trkpt>
      <trkpt lon="-76.448047" lat="39.344495"><ele>20.340708</ele><time>2026-03-11T23:27:25Z</time><extensions><speed>0.058681</speed><course>256.025183</course><hAcc>5.267581</hAcc><vAcc>4.303040</vAcc></extensions></trkpt>
      <trkpt lon="-76.448047" lat="39.344496"><ele>20.377691</ele><time>2026-03-11T23:27:26Z</time><extensions><speed>0.000000</speed><course>256.025183</course><hAcc>5.363638</hAcc><vAcc>4.391851</vAcc></extensions></trkpt>
      <trkpt lon="-76.448047" lat="39.344496"><ele>20.377691</ele><time>2026-03-11T23:27:27Z</time><extensions><speed>0.000000</speed><course>256.025183</course><hAcc>5.432471</hAcc><vAcc>4.660415</vAcc></extensions></trkpt>
      <trkpt lon="-76.448047" lat="39.344496"><ele>20.377691</ele><time>2026-03-11T23:27:28Z</time><extensions><speed>0.000000</speed><course>256.025183</course><hAcc>5.481188</hAcc><vAcc>4.735268</vAcc></extensions></trkpt>
      <trkpt lon="-76.448047" lat="39.344496"><ele>20.377691</ele><time>2026-03-11T23:27:29Z</time><extensions><speed>0.000000</speed><course>256.025183</course><hAcc>5.768218</hAcc><vAcc>4.862897</vAcc></extensions></trkpt>
      <trkpt lon="-76.448043" lat="39.344498"><ele>20.375530</ele><time>2026-03-11T23:27:30Z</time><extensions><speed>0.000000</speed><course>256.025187</course><hAcc>5.945556</hAcc><vAcc>5.040651</vAcc></extensions></trkpt>
      <trkpt lon="-76.448043" lat="39.344498"><ele>20.375530</ele><time>2026-03-11T23:27:31Z</time><extensions><speed>0.000000</speed><course>256.025187</course><hAcc>6.040942</hAcc><vAcc>4.970744</vAcc></extensions></trkpt>
      <trkpt lon="-76.448043" lat="39.344498"><ele>20.375530</ele><time>2026-03-11T23:27:32Z</time><extensions><speed>0.000000</speed><course>256.025187</course><hAcc>6.252121</hAcc><vAcc>5.157954</vAcc></extensions></trkpt>
      <trkpt lon="-76.448044" lat="39.344498"><ele>20.375530</ele><time>2026-03-11T23:27:32Z</time><extensions><speed>0.000000</speed><course>-1.000000</course><hAcc>2.895014</hAcc><vAcc>5.157954</vAcc></extensions></trkpt>
      <trkpt lon="-76.448043" lat="39.344498"><ele>20.375530</ele><time>2026-03-11T23:27:33Z</time><extensions><speed>0.000000</speed><course>256.025187</course><hAcc>6.491594</hAcc><vAcc>5.155481</vAcc></extensions></trkpt>
      <trkpt lon="-76.448043" lat="39.344498"><ele>20.375530</ele><time>2026-03-11T23:27:34Z</time><extensions><speed>0.000000</speed><course>256.025187</course><hAcc>6.843733</hAcc><vAcc>5.271063</vAcc></extensions></trkpt>
      <trkpt lon="-76.448033" lat="39.344500"><ele>20.140352</ele><time>2026-03-11T23:27:35Z</time><extensions><speed>0.006690</speed><course>256.025194</course><hAcc>7.000539</hAcc><vAcc>5.255644</vAcc></extensions></trkpt>
      <trkpt lon="-76.448033" lat="39.344500"><ele>20.147348</ele><time>2026-03-11T23:27:36Z</time><extensions><speed>0.000000</speed><course>256.025194</course><hAcc>7.021691</hAcc><vAcc>5.329615</vAcc></extensions></trkpt>
      <trkpt lon="-76.448040" lat="39.344494"><ele>20.348571</ele><time>2026-03-11T23:27:37Z</time><extensions><speed>0.019897</speed><course>256.025185</course><hAcc>7.001952</hAcc><vAcc>5.351272</vAcc></extensions></trkpt>
      <trkpt lon="-76.448041" lat="39.344494"><ele>20.355217</ele><time>2026-03-11T23:27:38Z</time><extensions><speed>0.000000</speed><course>256.025184</course><hAcc>7.003747</hAcc><vAcc>5.001342</vAcc></extensions></trkpt>
      <trkpt lon="-76.448035" lat="39.344492"><ele>20.429314</ele><time>2026-03-11T23:27:39Z</time><extensions><speed>0.000000</speed><course>256.025184</course><hAcc>6.945757</hAcc><vAcc>4.640599</vAcc></extensions></trkpt>
      <trkpt lon="-76.448039" lat="39.344490"><ele>20.217261</ele><time>2026-03-11T23:27:40Z</time><extensions><speed>0.222611</speed><course>256.025180</course><hAcc>6.851067</hAcc><vAcc>5.178241</vAcc></extensions></trkpt>
      <trkpt lon="-76.448033" lat="39.344481"><ele>20.201864</ele><time>2026-03-11T23:27:41Z</time><extensions><speed>0.462232</speed><course>152.460246</course><hAcc>6.728018</hAcc><vAcc>5.476801</vAcc></extensions></trkpt>
      <trkpt lon="-76.448031" lat="39.344475"><ele>20.462619</ele><time>2026-03-11T23:27:42Z</time><extensions><speed>0.542787</speed><course>156.915975</course><hAcc>6.564610</hAcc><vAcc>5.367783</vAcc></extensions></trkpt>
      <trkpt lon="-76.448026" lat="39.344467"><ele>20.400741</ele><time>2026-03-11T23:27:43Z</time><extensions><speed>0.599857</speed><course>155.526620</course><hAcc>6.476405</hAcc><vAcc>5.423543</vAcc></extensions></trkpt>
      <trkpt lon="-76.448027" lat="39.344461"><ele>19.996157</ele><time>2026-03-11T23:27:44Z</time><extensions><speed>0.311942</speed><course>160.053519</course><hAcc>6.308173</hAcc><vAcc>5.271217</vAcc></extensions></trkpt>
      <trkpt lon="-76.448028" lat="39.344456"><ele>19.837201</ele><time>2026-03-11T23:27:45Z</time><extensions><speed>0.306340</speed><course>160.053520</course><hAcc>6.127742</hAcc><vAcc>4.957077</vAcc></extensions></trkpt>
      <trkpt lon="-76.448031" lat="39.344454"><ele>19.951111</ele><time>2026-03-11T23:27:46Z</time><extensions><speed>0.023342</speed><course>160.053519</course><hAcc>5.939465</hAcc><vAcc>4.771699</vAcc></extensions></trkpt>
      <trkpt lon="-76.448031" lat="39.344448"><ele>19.918400</ele><time>2026-03-11T23:27:47Z</time><extensions><speed>0.337614</speed><course>160.053520</course><hAcc>5.773297</hAcc><vAcc>4.598036</vAcc></extensions></trkpt>
      <trkpt lon="-76.448032" lat="39.344445"><ele>19.995441</ele><time>2026-03-11T23:27:48Z</time><extensions><speed>0.045463</speed><course>160.053520</course><hAcc>5.634625</hAcc><vAcc>4.484313</vAcc></extensions></trkpt>
      <trkpt lon="-76.448031" lat="39.344441"><ele>19.924149</ele><time>2026-03-11T23:27:49Z</time><extensions><speed>0.143592</speed><course>160.053521</course><hAcc>5.454598</hAcc><vAcc>4.340688</vAcc></extensions></trkpt>
      <trkpt lon="-76.448036" lat="39.344443"><ele>19.998742</ele><time>2026-03-11T23:27:50Z</time><extensions><speed>0.177086</speed><course>160.053519</course><hAcc>5.376400</hAcc><vAcc>4.200509</vAcc></extensions></trkpt>
      <trkpt lon="-76.448035" lat="39.344451"><ele>20.274142</ele><time>2026-03-11T23:27:51Z</time><extensions><speed>0.014569</speed><course>160.053518</course><hAcc>5.421539</hAcc><vAcc>4.323729</vAcc></extensions></trkpt>
      <trkpt lon="-76.448028" lat="39.344442"><ele>20.756758</ele><time>2026-03-11T23:27:52Z</time><extensions><speed>0.543706</speed><course>152.801035</course><hAcc>5.432290</hAcc><vAcc>4.557941</vAcc></extensions></trkpt>
      <trkpt lon="-76.448028" lat="39.344442"><ele>20.817772</ele><time>2026-03-11T23:27:53Z</time><extensions><speed>0.227542</speed><course>134.280375</course><hAcc>5.307789</hAcc><vAcc>4.346722</vAcc></extensions></trkpt>
      <trkpt lon="-76.448027" lat="39.344445"><ele>20.665408</ele><time>2026-03-11T23:27:54Z</time><extensions><speed>0.051112</speed><course>134.280376</course><hAcc>5.185688</hAcc><vAcc>4.188618</vAcc></extensions></trkpt>
      <trkpt lon="-76.448024" lat="39.344443"><ele>20.618088</ele><time>2026-03-11T23:27:55Z</time><extensions><speed>0.271047</speed><course>134.280378</course><hAcc>5.103432</hAcc><vAcc>4.028872</vAcc></extensions></trkpt>
      <trkpt lon="-76.448024" lat="39.344445"><ele>20.404610</ele><time>2026-03-11T23:27:56Z</time><extensions><speed>0.065756</speed><course>134.280378</course><hAcc>5.050347</hAcc><vAcc>3.818917</vAcc></extensions></trkpt>
      <trkpt lon="-76.448023" lat="39.344444"><ele>20.156752</ele><time>2026-03-11T23:27:57Z</time><extensions><speed>0.146218</speed><course>134.280379</course><hAcc>5.072668</hAcc><vAcc>3.656796</vAcc></extensions></trkpt>
      <trkpt lon="-76.448025" lat="39.344446"><ele>20.038021</ele><time>2026-03-11T23:27:58Z</time><extensions><speed>0.027379</speed><course>134.280377</course><hAcc>5.042026</hAcc><vAcc>3.766311</vAcc></extensions></trkpt>
      <trkpt lon="-76.448021" lat="39.344444"><ele>19.981847</ele><time>2026-03-11T23:27:59Z</time><extensions><speed>0.252893</speed><course>134.280380</course><hAcc>4.950205</hAcc><vAcc>3.831939</vAcc></extensions></trkpt>
      <trkpt lon="-76.448023" lat="39.344441"><ele>20.122760</ele><time>2026-03-11T23:28:00Z</time><extensions><speed>0.109081</speed><course>134.280379</course><hAcc>4.875345</hAcc><vAcc>3.708807</vAcc></extensions></trkpt>
      <trkpt lon="-76.448027" lat="39.344440"><ele>19.945549</ele><time>2026-03-11T23:28:01Z</time><extensions><speed>0.225745</speed><course>134.280376</course><hAcc>4.914648</hAcc><vAcc>3.900054</vAcc></extensions></trkpt>
      <trkpt lon="-76.448029" lat="39.344442"><ele>19.958414</ele><time>2026-03-11T23:28:02Z</time><extensions><speed>0.092520</speed><course>134.280375</course><hAcc>4.838771</hAcc><vAcc>3.831656</vAcc></extensions></trkpt>
      <trkpt lon="-76.448026" lat="39.344443"><ele>20.018331</ele><time>2026-03-11T23:28:03Z</time><extensions><speed>0.235168</speed><course>134.280377</course><hAcc>4.802880</hAcc><vAcc>3.746207</vAcc></extensions></trkpt>
      <trkpt lon="-76.448030" lat="39.344443"><ele>19.850103</ele><time>2026-03-11T23:28:04Z</time><extensions><speed>0.199480</speed><course>134.280374</course><hAcc>4.841449</hAcc><vAcc>3.844954</vAcc></extensions></trkpt>
      <trkpt lon="-76.448031" lat="39.344445"><ele>19.636939</ele><time>2026-03-11T23:28:05Z</time><extensions><speed>0.181876</speed><course>134.280373</course><hAcc>4.835393</hAcc><vAcc>3.770047</vAcc></extensions></trkpt>
      <trkpt lon="-76.448034" lat="39.344449"><ele>19.361396</ele><time>2026-03-11T23:28:06Z</time><extensions><speed>0.059314</speed><course>134.280372</course><hAcc>4.824175</hAcc><vAcc>3.681375</vAcc></extensions></trkpt>
      <trkpt lon="-76.448035" lat="39.344448"><ele>19.648975</ele><time>2026-03-11T23:28:07Z</time><extensions><speed>0.069113</speed><course>134.280371</course><hAcc>4.832748</hAcc><vAcc>3.782885</vAcc></extensions></trkpt>
      <trkpt lon="-76.448029" lat="39.344449"><ele>19.935190</ele><time>2026-03-11T23:28:08Z</time><extensions><speed>0.155872</speed><course>134.280374</course><hAcc>4.789159</hAcc><vAcc>3.680557</vAcc></extensions></trkpt>
      <trkpt lon="-76.448035" lat="39.344448"><ele>19.999934</ele><time>2026-03-11T23:28:09Z</time><extensions><speed>0.348435</speed><course>134.280371</course><hAcc>4.692199</hAcc><vAcc>3.615050</vAcc></extensions></trkpt>
      <trkpt lon="-76.448038" lat="39.344448"><ele>20.041160</ele><time>2026-03-11T23:28:10Z</time><extensions><speed>0.000000</speed><course>134.280369</course><hAcc>4.734263</hAcc><vAcc>3.843048</vAcc></extensions></trkpt>
      <trkpt lon="-76.448038" lat="39.344448"><ele>20.041160</ele><time>2026-03-11T23:28:11Z</time><extensions><speed>0.000000</speed><course>134.280369</course><hAcc>4.984008</hAcc><vAcc>4.083946</vAcc></extensions></trkpt>
      <trkpt lon="-76.448038" lat="39.344448"><ele>20.041160</ele><time>2026-03-11T23:28:12Z</time><extensions><speed>0.000000</speed><course>134.280369</course><hAcc>5.127986</hAcc><vAcc>4.243674</vAcc></extensions></trkpt>
      <trkpt lon="-76.448038" lat="39.344448"><ele>20.041160</ele><time>2026-03-11T23:28:13Z</time><extensions><speed>0.000000</speed><course>134.280369</course><hAcc>5.308091</hAcc><vAcc>4.375421</vAcc></extensions></trkpt>
      <trkpt lon="-76.448038" lat="39.344448"><ele>20.041160</ele><time>2026-03-11T23:28:14Z</time><extensions><speed>0.000000</speed><course>134.280369</course><hAcc>5.441270</hAcc><vAcc>4.472980</vAcc></extensions></trkpt>
      <trkpt lon="-76.448038" lat="39.344448"><ele>20.041160</ele><time>2026-03-11T23:28:15Z</time><extensions><speed>0.000000</speed><course>134.280369</course><hAcc>5.451643</hAcc><vAcc>4.467017</vAcc></extensions></trkpt>
      <trkpt lon="-76.448038" lat="39.344448"><ele>20.041160</ele><time>2026-03-11T23:28:16Z</time><extensions><speed>0.000000</speed><course>134.280369</course><hAcc>5.630890</hAcc><vAcc>4.601127</vAcc></extensions></trkpt>
      <trkpt lon="-76.448038" lat="39.344448"><ele>20.041160</ele><time>2026-03-11T23:28:17Z</time><extensions><speed>0.000000</speed><course>134.280369</course><hAcc>5.747391</hAcc><vAcc>4.647207</vAcc></extensions></trkpt>
      <trkpt lon="-76.448038" lat="39.344448"><ele>20.041160</ele><time>2026-03-11T23:28:18Z</time><extensions><speed>0.000000</speed><course>134.280369</course><hAcc>5.751750</hAcc><vAcc>4.630234</vAcc></extensions></trkpt>
      <trkpt lon="-76.448038" lat="39.344448"><ele>20.041160</ele><time>2026-03-11T23:28:19Z</time><extensions><speed>0.000000</speed><course>134.280369</course><hAcc>5.805213</hAcc><vAcc>4.716274</vAcc></extensions></trkpt>
      <trkpt lon="-76.448038" lat="39.344448"><ele>20.041160</ele><time>2026-03-11T23:28:20Z</time><extensions><speed>0.000000</speed><course>134.280369</course><hAcc>5.773339</hAcc><vAcc>4.666081</vAcc></extensions></trkpt>
      <trkpt lon="-76.448038" lat="39.344448"><ele>20.041160</ele><time>2026-03-11T23:28:21Z</time><extensions><speed>0.000000</speed><course>134.280369</course><hAcc>5.799143</hAcc><vAcc>4.719307</vAcc></extensions></trkpt>
      <trkpt lon="-76.448038" lat="39.344448"><ele>20.041160</ele><time>2026-03-11T23:28:22Z</time><extensions><speed>0.000000</speed><course>134.280369</course><hAcc>5.840363</hAcc><vAcc>4.748947</vAcc></extensions></trkpt>
      <trkpt lon="-76.448038" lat="39.344448"><ele>20.041160</ele><time>2026-03-11T23:28:23Z</time><extensions><speed>0.000000</speed><course>134.280369</course><hAcc>5.876558</hAcc><vAcc>4.749753</vAcc></extensions></trkpt>
      <trkpt lon="-76.448038" lat="39.344448"><ele>20.041160</ele><time>2026-03-11T23:28:24Z</time><extensions><speed>0.000000</speed><course>134.280369</course><hAcc>6.032268</hAcc><vAcc>4.879132</vAcc></extensions></trkpt>
      <trkpt lon="-76.448038" lat="39.344448"><ele>20.041160</ele><time>2026-03-11T23:28:25Z</time><extensions><speed>0.000000</speed><course>134.280369</course><hAcc>6.216939</hAcc><vAcc>5.071717</vAcc></extensions></trkpt>
      <trkpt lon="-76.448038" lat="39.344448"><ele>20.041160</ele><time>2026-03-11T23:28:26Z</time><extensions><speed>0.000000</speed><course>134.280369</course><hAcc>6.199792</hAcc><vAcc>5.089202</vAcc></extensions></trkpt>
      <trkpt lon="-76.448038" lat="39.344448"><ele>20.041160</ele><time>2026-03-11T23:28:27Z</time><extensions><speed>0.000000</speed><course>134.280369</course><hAcc>6.305675</hAcc><vAcc>5.203539</vAcc></extensions></trkpt>
      <trkpt lon="-76.448038" lat="39.344448"><ele>20.041160</ele><time>2026-03-11T23:28:28Z</time><extensions><speed>0.000000</speed><course>134.280369</course><hAcc>6.392633</hAcc><vAcc>5.282142</vAcc></extensions></trkpt>
      <trkpt lon="-76.448038" lat="39.344448"><ele>20.041160</ele><time>2026-03-11T23:28:29Z</time><extensions><speed>0.000000</speed><course>134.280369</course><hAcc>6.445552</hAcc><vAcc>5.411471</vAcc></extensions></trkpt>
      <trkpt lon="-76.448038" lat="39.344448"><ele>20.041160</ele><time>2026-03-11T23:28:30Z</time><extensions><speed>0.000000</speed><course>134.280369</course><hAcc>6.621135</hAcc><vAcc>5.582556</vAcc></extensions></trkpt>
      <trkpt lon="-76.448038" lat="39.344448"><ele>20.041160</ele><time>2026-03-11T23:28:31Z</time><extensions><speed>0.000000</speed><course>134.280369</course><hAcc>6.631401</hAcc><vAcc>5.575036</vAcc></extensions></trkpt>
      <trkpt lon="-76.448038" lat="39.344448"><ele>20.041160</ele><time>2026-03-11T23:28:32Z</time><extensions><speed>0.000000</speed><course>134.280369</course><hAcc>6.690882</hAcc><vAcc>5.683304</vAcc></extensions></trkpt>
      <trkpt lon="-76.448038" lat="39.344448"><ele>20.041160</ele><time>2026-03-11T23:28:33Z</time><extensions><speed>0.000000</speed><course>134.280369</course><hAcc>6.753971</hAcc><vAcc>5.740986</vAcc></extensions></trkpt>
      <trkpt lon="-76.448038" lat="39.344448"><ele>20.041160</ele><time>2026-03-11T23:28:34Z</time><extensions><speed>0.000000</speed><course>134.280369</course><hAcc>6.745928</hAcc><vAcc>5.552425</vAcc></extensions></trkpt>
      <trkpt lon="-76.448038" lat="39.344448"><ele>20.041160</ele><time>2026-03-11T23:28:35Z</time><extensions><speed>0.000000</speed><course>134.280369</course><hAcc>6.818205</hAcc><vAcc>5.827573</vAcc></extensions></trkpt>
      <trkpt lon="-76.448038" lat="39.344448"><ele>20.041160</ele><time>2026-03-11T23:28:36Z</time><extensions><speed>0.000000</speed><course>134.280369</course><hAcc>6.754531</hAcc><vAcc>5.582266</vAcc></extensions></trkpt>
      <trkpt lon="-76.448038" lat="39.344448"><ele>20.041160</ele><time>2026-03-11T23:28:37Z</time><extensions><speed>0.000000</speed><course>134.280369</course><hAcc>6.593732</hAcc><vAcc>5.522662</vAcc></extensions></trkpt>
      <trkpt lon="-76.448038" lat="39.344448"><ele>20.041160</ele><time>2026-03-11T23:28:38Z</time><extensions><speed>0.000000</speed><course>134.280369</course><hAcc>6.477281</hAcc><vAcc>5.430916</vAcc></extensions></trkpt>
      <trkpt lon="-76.448038" lat="39.344448"><ele>20.041160</ele><time>2026-03-11T23:28:39Z</time><extensions><speed>0.000000</speed><course>134.280369</course><hAcc>6.513232</hAcc><vAcc>5.471149</vAcc></extensions></trkpt>
      <trkpt lon="-76.447961" lat="39.344604"><ele>26.856003</ele><time>2026-03-11T23:28:55Z</time><extensions><speed>0.000000</speed><course>-1.000000</course><hAcc>7.999580</hAcc><vAcc>88.841278</vAcc></extensions></trkpt>
      <trkpt lon="-76.447958" lat="39.344589"><ele>20.626885</ele><time>2026-03-11T23:28:56Z</time><extensions><speed>0.000000</speed><course>-1.000000</course><hAcc>15.999160</hAcc><vAcc>174.257126</vAcc></extensions></trkpt>
      <trkpt lon="-76.447956" lat="39.344575"><ele>19.458389</ele><time>2026-03-11T23:28:57Z</time><extensions><speed>0.000000</speed><course>-1.000000</course><hAcc>15.999160</hAcc><vAcc>84.272957</vAcc></extensions></trkpt>
      <trkpt lon="-76.447956" lat="39.344565"><ele>19.320165</ele><time>2026-03-11T23:28:58Z</time><extensions><speed>0.000000</speed><course>-1.000000</course><hAcc>15.999160</hAcc><vAcc>92.492058</vAcc></extensions></trkpt>
      <trkpt lon="-76.447960" lat="39.344553"><ele>19.292140</ele><time>2026-03-11T23:28:59Z</time><extensions><speed>0.000000</speed><course>-1.000000</course><hAcc>15.999160</hAcc><vAcc>48.337456</vAcc></extensions></trkpt>
      <trkpt lon="-76.447965" lat="39.344540"><ele>19.272084</ele><time>2026-03-11T23:29:00Z</time><extensions><speed>0.000000</speed><course>-1.000000</course><hAcc>15.999160</hAcc><vAcc>47.023781</vAcc></extensions></trkpt>
      <trkpt lon="-76.447965" lat="39.344540"><ele>19.272084</ele><time>2026-03-11T23:29:01Z</time><extensions><speed>0.000000</speed><course>-1.000000</course><hAcc>15.999160</hAcc><vAcc>32.662403</vAcc></extensions></trkpt>
      <trkpt lon="-76.447965" lat="39.344540"><ele>19.272084</ele><time>2026-03-11T23:29:02Z</time><extensions><speed>0.000000</speed><course>-1.000000</course><hAcc>15.999160</hAcc><vAcc>28.411192</vAcc></extensions></trkpt>
      <trkpt lon="-76.447962" lat="39.344522"><ele>19.249317</ele><time>2026-03-11T23:29:03Z</time><extensions><speed>0.000000</speed><course>-1.000000</course><hAcc>15.999160</hAcc><vAcc>55.996227</vAcc></extensions></trkpt>
      <trkpt lon="-76.447966" lat="39.344517"><ele>19.223250</ele><time>2026-03-11T23:29:04Z</time><extensions><speed>0.000000</speed><course>-1.000000</course><hAcc>15.999160</hAcc><vAcc>54.231308</vAcc></extensions></trkpt>
      <trkpt lon="-76.447999" lat="39.344488"><ele>19.213187</ele><time>2026-03-11T23:29:05Z</time><extensions><speed>0.000000</speed><course>-1.000000</course><hAcc>7.999580</hAcc><vAcc>13.430550</vAcc></extensions></trkpt>
      <trkpt lon="-76.448001" lat="39.344484"><ele>19.170517</ele><time>2026-03-11T23:29:06Z</time><extensions><speed>0.000000</speed><course>-1.000000</course><hAcc>11.999370</hAcc><vAcc>77.105423</vAcc></extensions></trkpt>
      <trkpt lon="-76.448001" lat="39.344484"><ele>19.170517</ele><time>2026-03-11T23:29:07Z</time><extensions><speed>0.000000</speed><course>-1.000000</course><hAcc>11.999370</hAcc><vAcc>77.105423</vAcc></extensions></trkpt>
      <trkpt lon="-76.447991" lat="39.344487"><ele>19.160110</ele><time>2026-03-11T23:29:08Z</time><extensions><speed>0.000000</speed><course>-1.000000</course><hAcc>7.999580</hAcc><vAcc>10.391496</vAcc></extensions></trkpt>
      <trkpt lon="-76.447990" lat="39.344485"><ele>19.163071</ele><time>2026-03-11T23:29:09Z</time><extensions><speed>0.000000</speed><course>-1.000000</course><hAcc>7.999580</hAcc><vAcc>40.019051</vAcc></extensions></trkpt>
      <trkpt lon="-76.448009" lat="39.344488"><ele>19.161642</ele><time>2026-03-11T23:29:10Z</time><extensions><speed>0.000000</speed><course>-1.000000</course><hAcc>7.999580</hAcc><vAcc>160.818283</vAcc></extensions></trkpt>
      <trkpt lon="-76.448004" lat="39.344503"><ele>19.164990</ele><time>2026-03-11T23:29:11Z</time><extensions><speed>0.000000</speed><course>-1.000000</course><hAcc>7.999580</hAcc><vAcc>10.614341</vAcc></extensions></trkpt>
      <trkpt lon="-76.448007" lat="39.344510"><ele>19.187548</ele><time>2026-03-11T23:29:12Z</time><extensions><speed>0.000000</speed><course>-1.000000</course><hAcc>7.999580</hAcc><vAcc>31.473068</vAcc></extensions></trkpt>
      <trkpt lon="-76.448017" lat="39.344501"><ele>19.200167</ele><time>2026-03-11T23:29:13Z</time><extensions><speed>0.000000</speed><course>-1.000000</course><hAcc>7.999580</hAcc><vAcc>21.417145</vAcc></extensions></trkpt>
      <trkpt lon="-76.448011" lat="39.344515"><ele>19.187139</ele><time>2026-03-11T23:29:14Z</time><extensions><speed>-1.000000</speed><course>-1.000000</course><hAcc>11.999370</hAcc><vAcc>7.321295</vAcc></extensions></trkpt>
      <trkpt lon="-76.448041" lat="39.344514"><ele>19.187021</ele><time>2026-03-11T23:29:15Z</time><extensions><speed>0.000000</speed><course>-1.000000</course><hAcc>5.999685</hAcc><vAcc>9.833716</vAcc></extensions></trkpt>
      <trkpt lon="-76.448041" lat="39.344514"><ele>19.187021</ele><time>2026-03-11T23:29:16Z</time><extensions><speed>0.000000</speed><course>-1.000000</course><hAcc>5.999685</hAcc><vAcc>9.833716</vAcc></extensions></trkpt>
      <trkpt lon="-76.448062" lat="39.344508"><ele>19.205648</ele><time>2026-03-11T23:29:17Z</time><extensions><speed>0.000000</speed><course>-1.000000</course><hAcc>11.999370</hAcc><vAcc>25.650970</vAcc></extensions></trkpt>
      <trkpt lon="-76.448078" lat="39.344498"><ele>19.189256</ele><time>2026-03-11T23:29:18Z</time><extensions><speed>0.000000</speed><course>-1.000000</course><hAcc>11.999370</hAcc><vAcc>31.282597</vAcc></extensions></trkpt>
      <trkpt lon="-76.448075" lat="39.344500"><ele>19.149902</ele><time>2026-03-11T23:29:19Z</time><extensions><speed>0.000000</speed><course>-1.000000</course><hAcc>11.999370</hAcc><vAcc>39.360989</vAcc></extensions></trkpt>
      <trkpt lon="-76.448074" lat="39.344510"><ele>19.153063</ele><time>2026-03-11T23:29:20Z</time><extensions><speed>0.000000</speed><course>-1.000000</course><hAcc>11.999370</hAcc><vAcc>23.868240</vAcc></extensions></trkpt>
      <trkpt lon="-76.448075" lat="39.344500"><ele>19.149902</ele><time>2026-03-11T23:29:21Z</time><extensions><speed>0.000000</speed><course>-1.000000</course><hAcc>11.999370</hAcc><vAcc>23.868240</vAcc></extensions></trkpt>
      <trkpt lon="-76.448072" lat="39.344511"><ele>19.169056</ele><time>2026-03-11T23:29:22Z</time><extensions><speed>0.000000</speed><course>-1.000000</course><hAcc>11.999370</hAcc><vAcc>34.828827</vAcc></extensions></trkpt>
      <trkpt lon="-76.448043" lat="39.344519"><ele>19.429189</ele><time>2026-03-11T23:29:23Z</time><extensions><speed>0.000000</speed><course>-1.000000</course><hAcc>23.998740</hAcc><vAcc>2.400000</vAcc></extensions></trkpt>
      <trkpt lon="-76.448027" lat="39.344517"><ele>19.420918</ele><time>2026-03-11T23:29:24Z</time><extensions><speed>0.000000</speed><course>-1.000000</course><hAcc>15.999160</hAcc><vAcc>2.400000</vAcc></extensions></trkpt>
      <trkpt lon="-76.448027" lat="39.344517"><ele>19.420918</ele><time>2026-03-11T23:29:25Z</time><extensions><speed>0.000000</speed><course>-1.000000</course><hAcc>15.999160</hAcc><vAcc>2.400000</vAcc></extensions></trkpt>
      <trkpt lon="-76.448027" lat="39.344517"><ele>19.420918</ele><time>2026-03-11T23:29:26Z</time><extensions><speed>0.000000</speed><course>-1.000000</course><hAcc>15.999160</hAcc><vAcc>2.400000</vAcc></extensions></trkpt>
      <trkpt lon="-76.447890" lat="39.344444"><ele>18.501105</ele><time>2026-03-11T23:29:27Z</time><extensions><speed>0.221075</speed><course>-1.000000</course><hAcc>26.392215</hAcc><vAcc>1.007695</vAcc></extensions></trkpt>
      <trkpt lon="-76.447891" lat="39.344442"><ele>18.344533</ele><time>2026-03-11T23:29:28Z</time><extensions><speed>0.290149</speed><course>-1.000000</course><hAcc>26.408797</hAcc><vAcc>1.007383</vAcc></extensions></trkpt>
      <trkpt lon="-76.447880" lat="39.344436"><ele>18.326919</ele><time>2026-03-11T23:29:29Z</time><extensions><speed>0.802134</speed><course>150.579144</course><hAcc>20.016285</hAcc><vAcc>1.007327</vAcc></extensions></trkpt>
      <trkpt lon="-76.448053" lat="39.344426"><ele>18.321982</ele><time>2026-03-11T23:29:30Z</time><extensions><speed>0.343519</speed><course>-1.000000</course><hAcc>9.405293</hAcc><vAcc>1.002560</vAcc></extensions></trkpt>
      <trkpt lon="-76.448063" lat="39.344445"><ele>18.368477</ele><time>2026-03-11T23:29:31Z</time><extensions><speed>0.512209</speed><course>309.434162</course><hAcc>7.632213</hAcc><vAcc>0.999358</vAcc></extensions></trkpt>
      <trkpt lon="-76.448053" lat="39.344477"><ele>18.369641</ele><time>2026-03-11T23:29:32Z</time><extensions><speed>0.773838</speed><course>306.892818</course><hAcc>6.067993</hAcc><vAcc>1.963690</vAcc></extensions></trkpt>
      <trkpt lon="-76.448048" lat="39.344486"><ele>18.523653</ele><time>2026-03-11T23:29:33Z</time><extensions><speed>0.476227</speed><course>-1.000000</course><hAcc>5.335938</hAcc><vAcc>2.516902</vAcc></extensions></trkpt>
      <trkpt lon="-76.448048" lat="39.344488"><ele>18.440163</ele><time>2026-03-11T23:29:34Z</time><extensions><speed>0.291917</speed><course>-1.000000</course><hAcc>5.162366</hAcc><vAcc>2.678528</vAcc></extensions></trkpt>
      <trkpt lon="-76.448052" lat="39.344504"><ele>18.331979</ele><time>2026-03-11T23:29:35Z</time><extensions><speed>0.311929</speed><course>-1.000000</course><hAcc>5.073924</hAcc><vAcc>2.842505</vAcc></extensions></trkpt>
      <trkpt lon="-76.448054" lat="39.344516"><ele>18.514178</ele><time>2026-03-11T23:29:36Z</time><extensions><speed>0.318214</speed><course>-1.000000</course><hAcc>5.022954</hAcc><vAcc>2.931633</vAcc></extensions></trkpt>
      <trkpt lon="-76.448059" lat="39.344523"><ele>18.473747</ele><time>2026-03-11T23:29:37Z</time><extensions><speed>0.583215</speed><course>52.272067</course><hAcc>4.992603</hAcc><vAcc>2.983027</vAcc></extensions></trkpt>
      <trkpt lon="-76.448065" lat="39.344529"><ele>18.450475</ele><time>2026-03-11T23:29:38Z</time><extensions><speed>0.281585</speed><course>-1.000000</course><hAcc>4.981306</hAcc><vAcc>3.001853</vAcc></extensions></trkpt>
      <trkpt lon="-76.448061" lat="39.344533"><ele>18.346967</ele><time>2026-03-11T23:29:39Z</time><extensions><speed>0.320628</speed><course>-1.000000</course><hAcc>4.972835</hAcc><vAcc>3.015867</vAcc></extensions></trkpt>
      <trkpt lon="-76.448045" lat="39.344536"><ele>18.291449</ele><time>2026-03-11T23:29:40Z</time><extensions><speed>0.375561</speed><course>-1.000000</course><hAcc>4.966612</hAcc><vAcc>3.026103</vAcc></extensions></trkpt>
      <trkpt lon="-76.448037" lat="39.344535"><ele>18.328131</ele><time>2026-03-11T23:29:41Z</time><extensions><speed>0.260486</speed><course>-1.000000</course><hAcc>4.968616</hAcc><vAcc>3.022812</vAcc></extensions></trkpt>
      <trkpt lon="-76.448039" lat="39.344531"><ele>18.044574</ele><time>2026-03-11T23:29:42Z</time><extensions><speed>0.458317</speed><course>243.564975</course><hAcc>4.946410</hAcc><vAcc>3.059014</vAcc></extensions></trkpt>
      <trkpt lon="-76.448041" lat="39.344518"><ele>17.876196</ele><time>2026-03-11T23:29:43Z</time><extensions><speed>0.708356</speed><course>210.204262</course><hAcc>4.921994</hAcc><vAcc>3.098146</vAcc></extensions></trkpt>
      <trkpt lon="-76.448042" lat="39.344510"><ele>17.924916</ele><time>2026-03-11T23:29:44Z</time><extensions><speed>0.529537</speed><course>239.493338</course><hAcc>4.909713</hAcc><vAcc>3.117572</vAcc></extensions></trkpt>
      <trkpt lon="-76.448038" lat="39.344499"><ele>18.241393</ele><time>2026-03-11T23:29:45Z</time><extensions><speed>0.432324</speed><course>-1.000000</course><hAcc>4.889116</hAcc><vAcc>3.149775</vAcc></extensions></trkpt>
      <trkpt lon="-76.448032" lat="39.344504"><ele>18.530727</ele><time>2026-03-11T23:29:46Z</time><extensions><speed>0.110027</speed><course>229.537011</course><hAcc>4.842188</hAcc><vAcc>3.221453</vAcc></extensions></trkpt>
      <trkpt lon="-76.448028" lat="39.344493"><ele>18.937138</ele><time>2026-03-11T23:29:47Z</time><extensions><speed>0.465170</speed><course>185.593424</course><hAcc>4.845909</hAcc><vAcc>3.215853</vAcc></extensions></trkpt>
      <trkpt lon="-76.448035" lat="39.344504"><ele>18.961234</ele><time>2026-03-11T23:29:48Z</time><extensions><speed>0.339314</speed><course>169.130793</course><hAcc>4.848420</hAcc><vAcc>3.212065</vAcc></extensions></trkpt>
      <trkpt lon="-76.448039" lat="39.344506"><ele>18.642623</ele><time>2026-03-11T23:29:49Z</time><extensions><speed>0.093579</speed><course>169.130791</course><hAcc>4.837137</hAcc><vAcc>3.229032</vAcc></extensions></trkpt>
      <trkpt lon="-76.448028" lat="39.344510"><ele>18.628995</ele><time>2026-03-11T23:29:50Z</time><extensions><speed>0.134880</speed><course>169.130796</course><hAcc>4.828560</hAcc><vAcc>3.241843</vAcc></extensions></trkpt>
      <trkpt lon="-76.448029" lat="39.344515"><ele>18.643235</ele><time>2026-03-11T23:29:51Z</time><extensions><speed>0.079426</speed><course>169.130796</course><hAcc>4.829447</hAcc><vAcc>3.240521</vAcc></extensions></trkpt>
      <trkpt lon="-76.448029" lat="39.344519"><ele>18.764127</ele><time>2026-03-11T23:29:52Z</time><extensions><speed>0.036305</speed><course>169.130796</course><hAcc>4.829346</hAcc><vAcc>3.240671</vAcc></extensions></trkpt>
      <trkpt lon="-76.448036" lat="39.344521"><ele>18.793999</ele><time>2026-03-11T23:29:53Z</time><extensions><speed>0.225269</speed><course>169.130792</course><hAcc>4.834207</hAcc><vAcc>3.233416</vAcc></extensions></trkpt>
      <trkpt lon="-76.448029" lat="39.344519"><ele>17.233795</ele><time>2026-03-11T23:29:54Z</time><extensions><speed>0.429155</speed><course>159.847321</course><hAcc>4.837735</hAcc><vAcc>3.228135</vAcc></extensions></trkpt>
      <trkpt lon="-76.448049" lat="39.344514"><ele>18.680094</ele><time>2026-03-11T23:29:55Z</time><extensions><speed>0.725149</speed><course>231.793665</course><hAcc>4.845675</hAcc><vAcc>3.216204</vAcc></extensions></trkpt>
      <trkpt lon="-76.448061" lat="39.344516"><ele>16.920399</ele><time>2026-03-11T23:29:56Z</time><extensions><speed>0.976549</speed><course>242.012591</course><hAcc>4.837882</hAcc><vAcc>3.227915</vAcc></extensions></trkpt>
      <trkpt lon="-76.448070" lat="39.344515"><ele>17.241639</ele><time>2026-03-11T23:29:57Z</time><extensions><speed>0.892290</speed><course>244.091711</course><hAcc>4.837791</hAcc><vAcc>3.228051</vAcc></extensions></trkpt>
      <trkpt lon="-76.448082" lat="39.344513"><ele>19.626555</ele><time>2026-03-11T23:29:58Z</time><extensions><speed>0.775678</speed><course>241.355406</course><hAcc>4.848495</hAcc><vAcc>3.211951</vAcc></extensions></trkpt>
      <trkpt lon="-76.448082" lat="39.344519"><ele>20.506476</ele><time>2026-03-11T23:29:59Z</time><extensions><speed>0.847327</speed><course>-1.000000</course><hAcc>4.856493</hAcc><vAcc>3.199846</vAcc></extensions></trkpt>
      <trkpt lon="-76.448083" lat="39.344517"><ele>20.532248</ele><time>2026-03-11T23:30:00Z</time><extensions><speed>0.602570</speed><course>-1.000000</course><hAcc>4.850976</hAcc><vAcc>3.208204</vAcc></extensions></trkpt>
      <trkpt lon="-76.448085" lat="39.344525"><ele>18.029463</ele><time>2026-03-11T23:30:01Z</time><extensions><speed>0.536934</speed><course>-1.000000</course><hAcc>4.866205</hAcc><vAcc>3.185057</vAcc></extensions></trkpt>
      <trkpt lon="-76.448078" lat="39.344518"><ele>17.385349</ele><time>2026-03-11T23:30:02Z</time><extensions><speed>0.852675</speed><course>-1.000000</course><hAcc>4.852166</hAcc><vAcc>3.206403</vAcc></extensions></trkpt>
      <trkpt lon="-76.448078" lat="39.344515"><ele>18.032637</ele><time>2026-03-11T23:30:03Z</time><extensions><speed>0.450332</speed><course>213.169282</course><hAcc>4.858114</hAcc><vAcc>3.197384</vAcc></extensions></trkpt>
      <trkpt lon="-76.448087" lat="39.344507"><ele>19.914280</ele><time>2026-03-11T23:30:04Z</time><extensions><speed>0.967970</speed><course>223.097619</course><hAcc>4.863163</hAcc><vAcc>3.189700</vAcc></extensions></trkpt>
      <trkpt lon="-76.448090" lat="39.344499"><ele>19.928671</ele><time>2026-03-11T23:30:05Z</time><extensions><speed>1.097348</speed><course>217.075556</course><hAcc>4.862201</hAcc><vAcc>3.191166</vAcc></extensions></trkpt>
      <trkpt lon="-76.448092" lat="39.344505"><ele>18.007199</ele><time>2026-03-11T23:30:06Z</time><extensions><speed>0.545041</speed><course>240.335695</course><hAcc>4.862834</hAcc><vAcc>3.190200</vAcc></extensions></trkpt>
      <trkpt lon="-76.448090" lat="39.344496"><ele>18.503982</ele><time>2026-03-11T23:30:07Z</time><extensions><speed>0.833006</speed><course>224.742501</course><hAcc>4.851377</hAcc><vAcc>3.207597</vAcc></extensions></trkpt>
      <trkpt lon="-76.448077" lat="39.344503"><ele>18.521234</ele><time>2026-03-11T23:30:08Z</time><extensions><speed>0.126842</speed><course>208.881406</course><hAcc>4.844674</hAcc><vAcc>3.217712</vAcc></extensions></trkpt>
      <trkpt lon="-76.448079" lat="39.344504"><ele>18.456965</ele><time>2026-03-11T23:30:09Z</time><extensions><speed>0.204494</speed><course>208.881407</course><hAcc>4.848636</hAcc><vAcc>3.211738</vAcc></extensions></trkpt>
      <trkpt lon="-76.448079" lat="39.344502"><ele>18.821122</ele><time>2026-03-11T23:30:10Z</time><extensions><speed>0.264480</speed><course>208.881405</course><hAcc>4.848748</hAcc><vAcc>3.211569</vAcc></extensions></trkpt>
      <trkpt lon="-76.448072" lat="39.344505"><ele>18.909506</ele><time>2026-03-11T23:30:11Z</time><extensions><speed>0.124744</speed><course>208.881406</course><hAcc>4.823552</hAcc><vAcc>3.249289</vAcc></extensions></trkpt>
      <trkpt lon="-76.448063" lat="39.344505"><ele>18.342565</ele><time>2026-03-11T23:30:12Z</time><extensions><speed>0.268134</speed><course>208.881404</course><hAcc>4.815433</hAcc><vAcc>3.261310</vAcc></extensions></trkpt>
      <trkpt lon="-76.448061" lat="39.344513"><ele>18.287190</ele><time>2026-03-11T23:30:13Z</time><extensions><speed>0.417756</speed><course>294.186723</course><hAcc>4.803321</hAcc><vAcc>3.279122</vAcc></extensions></trkpt>
      <trkpt lon="-76.448059" lat="39.344520"><ele>19.255184</ele><time>2026-03-11T23:30:14Z</time><extensions><speed>0.647541</speed><course>304.000259</course><hAcc>4.796059</hAcc><vAcc>3.289735</vAcc></extensions></trkpt>
      <trkpt lon="-76.448047" lat="39.344517"><ele>20.426914</ele><time>2026-03-11T23:30:15Z</time><extensions><speed>0.702711</speed><course>-1.000000</course><hAcc>4.797507</hAcc><vAcc>3.287622</vAcc></extensions></trkpt>
      <trkpt lon="-76.448029" lat="39.344518"><ele>20.006191</ele><time>2026-03-11T23:30:16Z</time><extensions><speed>0.581144</speed><course>90.804240</course><hAcc>4.806173</hAcc><vAcc>3.274942</vAcc></extensions></trkpt>
      <trkpt lon="-76.448029" lat="39.344522"><ele>19.897335</ele><time>2026-03-11T23:30:17Z</time><extensions><speed>0.594653</speed><course>74.949728</course><hAcc>4.815688</hAcc><vAcc>3.260934</vAcc></extensions></trkpt>
      <trkpt lon="-76.448034" lat="39.344528"><ele>18.874812</ele><time>2026-03-11T23:30:18Z</time><extensions><speed>0.539015</speed><course>-1.000000</course><hAcc>4.821857</hAcc><vAcc>3.251804</vAcc></extensions></trkpt>
      <trkpt lon="-76.448043" lat="39.344525"><ele>20.169238</ele><time>2026-03-11T23:30:19Z</time><extensions><speed>0.097062</speed><course>-1.000000</course><hAcc>4.833609</hAcc><vAcc>3.234311</vAcc></extensions></trkpt>
      <trkpt lon="-76.448039" lat="39.344531"><ele>20.286648</ele><time>2026-03-11T23:30:20Z</time><extensions><speed>0.130787</speed><course>-1.000000</course><hAcc>4.849000</hAcc><vAcc>3.211189</vAcc></extensions></trkpt>
      <trkpt lon="-76.448036" lat="39.344531"><ele>19.943224</ele><time>2026-03-11T23:30:21Z</time><extensions><speed>0.045589</speed><course>93.328793</course><hAcc>4.853987</hAcc><vAcc>3.203646</vAcc></extensions></trkpt>
      <trkpt lon="-76.448031" lat="39.344528"><ele>19.777366</ele><time>2026-03-11T23:30:22Z</time><extensions><speed>0.125577</speed><course>93.328800</course><hAcc>4.863514</hAcc><vAcc>3.189164</vAcc></extensions></trkpt>
      <trkpt lon="-76.448025" lat="39.344536"><ele>19.172229</ele><time>2026-03-11T23:30:23Z</time><extensions><speed>0.308125</speed><course>50.149183</course><hAcc>4.889297</hAcc><vAcc>3.149493</vAcc></extensions></trkpt>
      <trkpt lon="-76.448021" lat="39.344543"><ele>19.390366</ele><time>2026-03-11T23:30:24Z</time><extensions><speed>0.503864</speed><course>41.733103</course><hAcc>4.908032</hAcc><vAcc>3.120218</vAcc></extensions></trkpt>
      <trkpt lon="-76.448029" lat="39.344535"><ele>19.761167</ele><time>2026-03-11T23:30:25Z</time><extensions><speed>0.116481</speed><course>29.800129</course><hAcc>4.916801</hAcc><vAcc>3.106381</vAcc></extensions></trkpt>
      <trkpt lon="-76.448029" lat="39.344538"><ele>19.453238</ele><time>2026-03-11T23:30:26Z</time><extensions><speed>0.135330</speed><course>29.800129</course><hAcc>4.913954</hAcc><vAcc>3.110883</vAcc></extensions></trkpt>
      <trkpt lon="-76.448034" lat="39.344550"><ele>19.723635</ele><time>2026-03-11T23:30:27Z</time><extensions><speed>0.804471</speed><course>337.216172</course><hAcc>4.920917</hAcc><vAcc>3.099857</vAcc></extensions></trkpt>
      <trkpt lon="-76.448040" lat="39.344556"><ele>19.271451</ele><time>2026-03-11T23:30:28Z</time><extensions><speed>1.104432</speed><course>330.406895</course><hAcc>4.921190</hAcc><vAcc>3.099423</vAcc></extensions></trkpt>
      <trkpt lon="-76.448046" lat="39.344565"><ele>18.851985</ele><time>2026-03-11T23:30:29Z</time><extensions><speed>1.320462</speed><course>330.944695</course><hAcc>4.918250</hAcc><vAcc>3.104087</vAcc></extensions></trkpt>
      <trkpt lon="-76.448055" lat="39.344568"><ele>18.869631</ele><time>2026-03-11T23:30:30Z</time><extensions><speed>1.367899</speed><course>326.160076</course><hAcc>4.904262</hAcc><vAcc>3.126139</vAcc></extensions></trkpt>
      <trkpt lon="-76.448060" lat="39.344567"><ele>19.072804</ele><time>2026-03-11T23:30:31Z</time><extensions><speed>1.070525</speed><course>320.552745</course><hAcc>4.899816</hAcc><vAcc>3.133104</vAcc></extensions></trkpt>
      <trkpt lon="-76.448059" lat="39.344573"><ele>19.006961</ele><time>2026-03-11T23:30:32Z</time><extensions><speed>0.854895</speed><course>330.297577</course><hAcc>4.902408</hAcc><vAcc>3.129047</vAcc></extensions></trkpt>
      <trkpt lon="-76.448072" lat="39.344586"><ele>19.341683</ele><time>2026-03-11T23:30:33Z</time><extensions><speed>1.204826</speed><course>330.237765</course><hAcc>4.905585</hAcc><vAcc>3.124064</vAcc></extensions></trkpt>
      <trkpt lon="-76.448072" lat="39.344583"><ele>19.109829</ele><time>2026-03-11T23:30:34Z</time><extensions><speed>0.923150</speed><course>331.199934</course><hAcc>4.923403</hAcc><vAcc>3.095908</vAcc></extensions></trkpt>
      <trkpt lon="-76.448049" lat="39.344574"><ele>19.434470</ele><time>2026-03-11T23:30:35Z</time><extensions><speed>0.320920</speed><course>345.578020</course><hAcc>4.927900</hAcc><vAcc>3.088744</vAcc></extensions></trkpt>
      <trkpt lon="-76.448042" lat="39.344570"><ele>19.447265</ele><time>2026-03-11T23:30:36Z</time><extensions><speed>0.084120</speed><course>345.578025</course><hAcc>4.948097</hAcc><vAcc>3.056283</vAcc></extensions></trkpt>
      <trkpt lon="-76.448038" lat="39.344577"><ele>19.094189</ele><time>2026-03-11T23:30:37Z</time><extensions><speed>0.486921</speed><course>345.578029</course><hAcc>4.967934</hAcc><vAcc>3.023932</vAcc></extensions></trkpt>
      <trkpt lon="-76.448039" lat="39.344580"><ele>19.093179</ele><time>2026-03-11T23:30:38Z</time><extensions><speed>0.724647</speed><course>332.858885</course><hAcc>4.951871</hAcc><vAcc>3.050166</vAcc></extensions></trkpt>
      <trkpt lon="-76.448042" lat="39.344573"><ele>18.626376</ele><time>2026-03-11T23:30:39Z</time><extensions><speed>0.457624</speed><course>291.119957</course><hAcc>4.975405</hAcc><vAcc>3.011624</vAcc></extensions></trkpt>
      <trkpt lon="-76.448054" lat="39.344590"><ele>18.255667</ele><time>2026-03-11T23:30:40Z</time><extensions><speed>1.381402</speed><course>315.176134</course><hAcc>4.970385</hAcc><vAcc>3.019903</vAcc></extensions></trkpt>
      <trkpt lon="-76.448052" lat="39.344585"><ele>18.839749</ele><time>2026-03-11T23:30:41Z</time><extensions><speed>1.060535</speed><course>312.933255</course><hAcc>4.966913</hAcc><vAcc>3.025610</vAcc></extensions></trkpt>
      <trkpt lon="-76.448045" lat="39.344589"><ele>19.084048</ele><time>2026-03-11T23:30:42Z</time><extensions><speed>0.919104</speed><course>328.333005</course><hAcc>4.952478</hAcc><vAcc>3.049181</vAcc></extensions></trkpt>
      <trkpt lon="-76.448040" lat="39.344587"><ele>18.809077</ele><time>2026-03-11T23:30:43Z</time><extensions><speed>0.728892</speed><course>329.398063</course><hAcc>4.960957</hAcc><vAcc>3.035366</vAcc></extensions></trkpt>
      <trkpt lon="-76.448036" lat="39.344585"><ele>18.725996</ele><time>2026-03-11T23:30:44Z</time><extensions><speed>0.564511</speed><course>333.904072</course><hAcc>4.967610</hAcc><vAcc>3.024465</vAcc></extensions></trkpt>
      <trkpt lon="-76.448040" lat="39.344587"><ele>19.227928</ele><time>2026-03-11T23:30:45Z</time><extensions><speed>0.300363</speed><course>332.201030</course><hAcc>4.977573</hAcc><vAcc>3.008040</vAcc></extensions></trkpt>
      <trkpt lon="-76.448042" lat="39.344586"><ele>19.119153</ele><time>2026-03-11T23:30:46Z</time><extensions><speed>0.048554</speed><course>332.201029</course><hAcc>4.998651</hAcc><vAcc>2.972881</vAcc></extensions></trkpt>
      <trkpt lon="-76.448046" lat="39.344587"><ele>18.923063</ele><time>2026-03-11T23:30:47Z</time><extensions><speed>0.038502</speed><course>332.201026</course><hAcc>5.076621</hAcc><vAcc>2.837684</vAcc></extensions></trkpt>
      <trkpt lon="-76.448044" lat="39.344585"><ele>18.671733</ele><time>2026-03-11T23:30:48Z</time><extensions><speed>0.169383</speed><course>332.201028</course><hAcc>5.329127</hAcc><vAcc>2.329150</vAcc></extensions></trkpt>
      <trkpt lon="-76.448044" lat="39.344583"><ele>18.301025</ele><time>2026-03-11T23:30:49Z</time><extensions><speed>0.246607</speed><course>332.201028</course><hAcc>6.477404</hAcc><vAcc>1.247426</vAcc></extensions></trkpt>
      <trkpt lon="-76.448054" lat="39.344571"><ele>18.063696</ele><time>2026-03-11T23:30:50Z</time><extensions><speed>0.268005</speed><course>332.201022</course><hAcc>8.107285</hAcc><vAcc>1.272223</vAcc></extensions></trkpt>
      <trkpt lon="-76.448052" lat="39.344592"><ele>17.595488</ele><time>2026-03-11T23:30:51Z</time><extensions><speed>0.562004</speed><course>332.201023</course><hAcc>9.772110</hAcc><vAcc>1.244520</vAcc></extensions></trkpt>
      <trkpt lon="-76.448055" lat="39.344557"><ele>17.247032</ele><time>2026-03-11T23:30:52Z</time><extensions><speed>0.568648</speed><course>261.429242</course><hAcc>8.631830</hAcc><vAcc>1.227365</vAcc></extensions></trkpt>
      <trkpt lon="-76.448052" lat="39.344535"><ele>17.015142</ele><time>2026-03-11T23:30:53Z</time><extensions><speed>0.626790</speed><course>208.006810</course><hAcc>8.607229</hAcc><vAcc>1.196277</vAcc></extensions></trkpt>
      <trkpt lon="-76.448054" lat="39.344506"><ele>16.523711</ele><time>2026-03-11T23:30:54Z</time><extensions><speed>0.927335</speed><course>201.511214</course><hAcc>8.657650</hAcc><vAcc>1.184631</vAcc></extensions></trkpt>
      <trkpt lon="-76.448027" lat="39.344498"><ele>20.636077</ele><time>2026-03-11T23:30:55Z</time><extensions><speed>0.356075</speed><course>51.175913</course><hAcc>5.126163</hAcc><vAcc>3.505497</vAcc></extensions></trkpt>
      <trkpt lon="-76.448030" lat="39.344504"><ele>20.380952</ele><time>2026-03-11T23:30:56Z</time><extensions><speed>0.225849</speed><course>7.387040</course><hAcc>5.017356</hAcc><vAcc>3.563853</vAcc></extensions></trkpt>
      <trkpt lon="-76.448028" lat="39.344511"><ele>20.161403</ele><time>2026-03-11T23:30:57Z</time><extensions><speed>0.254313</speed><course>7.387043</course><hAcc>5.005415</hAcc><vAcc>3.364663</vAcc></extensions></trkpt>
      <trkpt lon="-76.448026" lat="39.344519"><ele>20.072447</ele><time>2026-03-11T23:30:58Z</time><extensions><speed>0.389400</speed><course>10.648164</course><hAcc>4.941490</hAcc><vAcc>3.017867</vAcc></extensions></trkpt>
      <trkpt lon="-76.448027" lat="39.344524"><ele>19.464060</ele><time>2026-03-11T23:30:59Z</time><extensions><speed>0.635578</speed><course>-1.000000</course><hAcc>4.898968</hAcc><vAcc>3.113573</vAcc></extensions></trkpt>
      <trkpt lon="-76.448026" lat="39.344530"><ele>19.654130</ele><time>2026-03-11T23:31:00Z</time><extensions><speed>0.151026</speed><course>0.911542</course><hAcc>4.928734</hAcc><vAcc>3.062530</vAcc></extensions></trkpt>
      <trkpt lon="-76.448029" lat="39.344537"><ele>19.997344</ele><time>2026-03-11T23:31:01Z</time><extensions><speed>0.036865</speed><course>0.911535</course><hAcc>4.862918</hAcc><vAcc>3.077770</vAcc></extensions></trkpt>
      <trkpt lon="-76.448034" lat="39.344542"><ele>20.307041</ele><time>2026-03-11T23:31:02Z</time><extensions><speed>0.021357</speed><course>0.911527</course><hAcc>4.911625</hAcc><vAcc>3.026879</vAcc></extensions></trkpt>
      <trkpt lon="-76.448034" lat="39.344549"><ele>20.330747</ele><time>2026-03-11T23:31:03Z</time><extensions><speed>0.067801</speed><course>0.911525</course><hAcc>4.884880</hAcc><vAcc>3.038697</vAcc></extensions></trkpt>
      <trkpt lon="-76.448037" lat="39.344548"><ele>20.310751</ele><time>2026-03-11T23:31:04Z</time><extensions><speed>0.040178</speed><course>0.911519</course><hAcc>4.977241</hAcc><vAcc>3.067324</vAcc></extensions></trkpt>
      <trkpt lon="-76.448044" lat="39.344550"><ele>20.574119</ele><time>2026-03-11T23:31:05Z</time><extensions><speed>0.044226</speed><course>0.911507</course><hAcc>4.963693</hAcc><vAcc>3.000000</vAcc></extensions></trkpt>
      <trkpt lon="-76.448051" lat="39.344546"><ele>20.589265</ele><time>2026-03-11T23:31:06Z</time><extensions><speed>0.051567</speed><course>0.911494</course><hAcc>5.141190</hAcc><vAcc>3.000000</vAcc></extensions></trkpt>
      <trkpt lon="-76.448053" lat="39.344534"><ele>20.292101</ele><time>2026-03-11T23:31:07Z</time><extensions><speed>0.056895</speed><course>0.911490</course><hAcc>5.391146</hAcc><vAcc>3.000000</vAcc></extensions></trkpt>
      <trkpt lon="-76.448048" lat="39.344533"><ele>20.053174</ele><time>2026-03-11T23:31:08Z</time><extensions><speed>0.031471</speed><course>0.911500</course><hAcc>5.407282</hAcc><vAcc>3.000000</vAcc></extensions></trkpt>
      <trkpt lon="-76.448043" lat="39.344535"><ele>19.775645</ele><time>2026-03-11T23:31:09Z</time><extensions><speed>0.099648</speed><course>0.911508</course><hAcc>5.423893</hAcc><vAcc>3.000000</vAcc></extensions></trkpt>
      <trkpt lon="-76.448040" lat="39.344536"><ele>19.647009</ele><time>2026-03-11T23:31:10Z</time><extensions><speed>0.090327</speed><course>0.911514</course><hAcc>5.486215</hAcc><vAcc>3.000000</vAcc></extensions></trkpt>
      <trkpt lon="-76.448042" lat="39.344539"><ele>19.378083</ele><time>2026-03-11T23:31:11Z</time><extensions><speed>0.229346</speed><course>0.911511</course><hAcc>5.487943</hAcc><vAcc>3.000000</vAcc></extensions></trkpt>
      <trkpt lon="-76.448045" lat="39.344525"><ele>19.690037</ele><time>2026-03-11T23:31:12Z</time><extensions><speed>0.136143</speed><course>0.911504</course><hAcc>5.972665</hAcc><vAcc>3.000000</vAcc></extensions></trkpt>
      <trkpt lon="-76.448046" lat="39.344525"><ele>19.909600</ele><time>2026-03-11T23:31:13Z</time><extensions><speed>0.044611</speed><course>0.911503</course><hAcc>5.965894</hAcc><vAcc>3.000000</vAcc></extensions></trkpt>
      <trkpt lon="-76.448036" lat="39.344532"><ele>19.843767</ele><time>2026-03-11T23:31:14Z</time><extensions><speed>0.128397</speed><course>0.911521</course><hAcc>6.153840</hAcc><vAcc>3.000000</vAcc></extensions></trkpt>
      <trkpt lon="-76.448030" lat="39.344530"><ele>20.105801</ele><time>2026-03-11T23:31:15Z</time><extensions><speed>0.038052</speed><course>0.911533</course><hAcc>6.314452</hAcc><vAcc>3.000000</vAcc></extensions></trkpt>
      <trkpt lon="-76.448037" lat="39.344533"><ele>20.135322</ele><time>2026-03-11T23:31:16Z</time><extensions><speed>0.041175</speed><course>0.911520</course><hAcc>6.496877</hAcc><vAcc>3.000000</vAcc></extensions></trkpt>
      <trkpt lon="-76.448036" lat="39.344544"><ele>20.300671</ele><time>2026-03-11T23:31:17Z</time><extensions><speed>0.038260</speed><course>0.911522</course><hAcc>6.448789</hAcc><vAcc>3.538051</vAcc></extensions></trkpt>
      <trkpt lon="-76.448044" lat="39.344546"><ele>20.539780</ele><time>2026-03-11T23:31:18Z</time><extensions><speed>0.031936</speed><course>0.911506</course><hAcc>6.436875</hAcc><vAcc>3.737450</vAcc></extensions></trkpt>
      <trkpt lon="-76.448049" lat="39.344547"><ele>20.413206</ele><time>2026-03-11T23:31:19Z</time><extensions><speed>0.164540</speed><course>0.911497</course><hAcc>6.401612</hAcc><vAcc>3.835943</vAcc></extensions></trkpt>
      <trkpt lon="-76.448047" lat="39.344541"><ele>20.317022</ele><time>2026-03-11T23:31:20Z</time><extensions><speed>0.076213</speed><course>0.911501</course><hAcc>6.330219</hAcc><vAcc>3.956649</vAcc></extensions></trkpt>
      <trkpt lon="-76.448042" lat="39.344537"><ele>20.389262</ele><time>2026-03-11T23:31:21Z</time><extensions><speed>0.059732</speed><course>0.911510</course><hAcc>6.191601</hAcc><vAcc>4.017805</vAcc></extensions></trkpt>
      <trkpt lon="-76.448051" lat="39.344541"><ele>21.082000</ele><time>2026-03-11T23:31:22Z</time><extensions><speed>0.703515</speed><course>356.127070</course><hAcc>6.148494</hAcc><vAcc>4.301402</vAcc></extensions></trkpt>
      <trkpt lon="-76.448054" lat="39.344538"><ele>21.091640</ele><time>2026-03-11T23:31:23Z</time><extensions><speed>0.260649</speed><course>359.247984</course><hAcc>6.152006</hAcc><vAcc>4.205854</vAcc></extensions></trkpt>
      <trkpt lon="-76.448052" lat="39.344541"><ele>21.282929</ele><time>2026-03-11T23:31:24Z</time><extensions><speed>0.466344</speed><course>359.247985</course><hAcc>6.073956</hAcc><vAcc>4.162026</vAcc></extensions></trkpt>
      <trkpt lon="-76.448055" lat="39.344549"><ele>21.129423</ele><time>2026-03-11T23:31:25Z</time><extensions><speed>0.500118</speed><course>331.944835</course><hAcc>5.986184</hAcc><vAcc>4.033339</vAcc></extensions></trkpt>
      <trkpt lon="-76.448050" lat="39.344553"><ele>21.341238</ele><time>2026-03-11T23:31:26Z</time><extensions><speed>0.033364</speed><course>313.431977</course><hAcc>5.939755</hAcc><vAcc>4.061335</vAcc></extensions></trkpt>
      <trkpt lon="-76.448051" lat="39.344551"><ele>21.765589</ele><time>2026-03-11T23:31:27Z</time><extensions><speed>0.175083</speed><course>313.431977</course><hAcc>5.869126</hAcc><vAcc>3.830859</vAcc></extensions></trkpt>
      <trkpt lon="-76.448048" lat="39.344555"><ele>21.657095</ele><time>2026-03-11T23:31:28Z</time><extensions><speed>0.182007</speed><course>313.431978</course><hAcc>5.796790</hAcc><vAcc>3.900624</vAcc></extensions></trkpt>
      <trkpt lon="-76.448045" lat="39.344559"><ele>21.560253</ele><time>2026-03-11T23:31:29Z</time><extensions><speed>0.066748</speed><course>313.431980</course><hAcc>5.847210</hAcc><vAcc>3.855862</vAcc></extensions></trkpt>
      <trkpt lon="-76.448045" lat="39.344562"><ele>21.411054</ele><time>2026-03-11T23:31:30Z</time><extensions><speed>0.183130</speed><course>313.431980</course><hAcc>5.736929</hAcc><vAcc>3.842012</vAcc></extensions></trkpt>
      <trkpt lon="-76.448044" lat="39.344567"><ele>21.564369</ele><time>2026-03-11T23:31:31Z</time><extensions><speed>0.203198</speed><course>313.431980</course><hAcc>5.810089</hAcc><vAcc>3.887436</vAcc></extensions></trkpt>
      <trkpt lon="-76.448038" lat="39.344571"><ele>21.422723</ele><time>2026-03-11T23:31:31Z</time><extensions><speed>0.209937</speed><course>313.431984</course><hAcc>5.886299</hAcc><vAcc>3.829938</vAcc></extensions></trkpt>
      <trkpt lon="-76.448041" lat="39.344573"><ele>21.429700</ele><time>2026-03-11T23:31:32Z</time><extensions><speed>0.249640</speed><course>313.431982</course><hAcc>5.727969</hAcc><vAcc>3.831545</vAcc></extensions></trkpt>
      <trkpt lon="-76.448040" lat="39.344573"><ele>21.327594</ele><time>2026-03-11T23:31:33Z</time><extensions><speed>0.091906</speed><course>313.431983</course><hAcc>5.653737</hAcc><vAcc>3.954493</vAcc></extensions></trkpt>
      <trkpt lon="-76.448045" lat="39.344573"><ele>21.374550</ele><time>2026-03-11T23:31:34Z</time><extensions><speed>0.276826</speed><course>313.431980</course><hAcc>5.694228</hAcc><vAcc>3.933768</vAcc></extensions></trkpt>
      <trkpt lon="-76.448038" lat="39.344584"><ele>20.973994</ele><time>2026-03-11T23:31:36Z</time><extensions><speed>0.849846</speed><course>8.760573</course><hAcc>5.626266</hAcc><vAcc>3.952981</vAcc></extensions></trkpt>
      <trkpt lon="-76.448038" lat="39.344591"><ele>20.181653</ele><time>2026-03-11T23:31:37Z</time><extensions><speed>0.604943</speed><course>6.687203</course><hAcc>5.686804</hAcc><vAcc>4.093698</vAcc></extensions></trkpt>
      <trkpt lon="-76.448038" lat="39.344591"><ele>19.783408</ele><time>2026-03-11T23:31:38Z</time><extensions><speed>0.509765</speed><course>-1.000000</course><hAcc>5.913692</hAcc><vAcc>4.175445</vAcc></extensions></trkpt>
      <trkpt lon="-76.448040" lat="39.344594"><ele>19.783711</ele><time>2026-03-11T23:31:39Z</time><extensions><speed>0.301840</speed><course>-1.000000</course><hAcc>5.880105</hAcc><vAcc>4.053589</vAcc></extensions></trkpt>
      <trkpt lon="-76.448039" lat="39.344603"><ele>20.035221</ele><time>2026-03-11T23:31:40Z</time><extensions><speed>0.177830</speed><course>2.597700</course><hAcc>5.765087</hAcc><vAcc>3.860215</vAcc></extensions></trkpt>
      <trkpt lon="-76.448039" lat="39.344601"><ele>19.969249</ele><time>2026-03-11T23:31:41Z</time><extensions><speed>0.073776</speed><course>2.597699</course><hAcc>5.693283</hAcc><vAcc>4.039911</vAcc></extensions></trkpt>
      <trkpt lon="-76.448029" lat="39.344607"><ele>19.780748</ele><time>2026-03-11T23:31:42Z</time><extensions><speed>0.512290</speed><course>57.126944</course><hAcc>5.575275</hAcc><vAcc>4.055656</vAcc></extensions></trkpt>
      <trkpt lon="-76.448015" lat="39.344609"><ele>19.894803</ele><time>2026-03-11T23:31:43Z</time><extensions><speed>1.013616</speed><course>65.267188</course><hAcc>5.419540</hAcc><vAcc>4.113151</vAcc></extensions></trkpt>
      <trkpt lon="-76.448000" lat="39.344608"><ele>19.861334</ele><time>2026-03-11T23:31:44Z</time><extensions><speed>1.239991</speed><course>72.337987</course><hAcc>5.331075</hAcc><vAcc>4.243736</vAcc></extensions></trkpt>
      <trkpt lon="-76.447980" lat="39.344613"><ele>20.175738</ele><time>2026-03-11T23:31:45Z</time><extensions><speed>1.326321</speed><course>76.702759</course><hAcc>5.211799</hAcc><vAcc>4.319557</vAcc></extensions></trkpt>
      <trkpt lon="-76.447958" lat="39.344611"><ele>20.676576</ele><time>2026-03-11T23:31:46Z</time><extensions><speed>1.441320</speed><course>84.930740</course><hAcc>5.165210</hAcc><vAcc>4.178526</vAcc></extensions></trkpt>
      <trkpt lon="-76.447947" lat="39.344614"><ele>20.066418</ele><time>2026-03-11T23:31:47Z</time><extensions><speed>1.109327</speed><course>87.030125</course><hAcc>5.083525</hAcc><vAcc>4.429532</vAcc></extensions></trkpt>
      <trkpt lon="-76.447926" lat="39.344621"><ele>20.530643</ele><time>2026-03-11T23:31:48Z</time><extensions><speed>1.282066</speed><course>79.094988</course><hAcc>4.970584</hAcc><vAcc>4.155227</vAcc></extensions></trkpt>
      <trkpt lon="-76.447915" lat="39.344622"><ele>20.988626</ele><time>2026-03-11T23:31:49Z</time><extensions><speed>0.856946</speed><course>82.382248</course><hAcc>4.871980</hAcc><vAcc>4.021029</vAcc></extensions></trkpt>
      <trkpt lon="-76.447902" lat="39.344616"><ele>21.186666</ele><time>2026-03-11T23:31:50Z</time><extensions><speed>0.805636</speed><course>93.140080</course><hAcc>4.792330</hAcc><vAcc>3.875167</vAcc></extensions></trkpt>
      <trkpt lon="-76.447882" lat="39.344616"><ele>21.387498</ele><time>2026-03-11T23:31:51Z</time><extensions><speed>1.005200</speed><course>84.728296</course><hAcc>4.652714</hAcc><vAcc>3.738601</vAcc></extensions></trkpt>
      <trkpt lon="-76.447865" lat="39.344618"><ele>22.159794</ele><time>2026-03-11T23:31:52Z</time><extensions><speed>1.198878</speed><course>80.847077</course><hAcc>4.549499</hAcc><vAcc>3.632846</vAcc></extensions></trkpt>
      <trkpt lon="-76.447846" lat="39.344622"><ele>21.268437</ele><time>2026-03-11T23:31:53Z</time><extensions><speed>1.393200</speed><course>77.230461</course><hAcc>4.439599</hAcc><vAcc>3.506746</vAcc></extensions></trkpt>
      <trkpt lon="-76.447831" lat="39.344631"><ele>21.462472</ele><time>2026-03-11T23:31:54Z</time><extensions><speed>1.378990</speed><course>63.267065</course><hAcc>4.335408</hAcc><vAcc>3.452998</vAcc></extensions></trkpt>
      <trkpt lon="-76.447830" lat="39.344645"><ele>21.393530</ele><time>2026-03-11T23:31:55Z</time><extensions><speed>1.187181</speed><course>37.605620</course><hAcc>4.313099</hAcc><vAcc>3.515822</vAcc></extensions></trkpt>
      <trkpt lon="-76.447832" lat="39.344651"><ele>22.106679</ele><time>2026-03-11T23:31:56Z</time><extensions><speed>0.664931</speed><course>24.581135</course><hAcc>4.207428</hAcc><vAcc>3.314960</vAcc></extensions></trkpt>
      <trkpt lon="-76.447827" lat="39.344658"><ele>21.388517</ele><time>2026-03-11T23:31:57Z</time><extensions><speed>0.592203</speed><course>27.007186</course><hAcc>4.121398</hAcc><vAcc>3.238467</vAcc></extensions></trkpt>
      <trkpt lon="-76.447821" lat="39.344668"><ele>21.830129</ele><time>2026-03-11T23:31:58Z</time><extensions><speed>0.857321</speed><course>21.084051</course><hAcc>4.087252</hAcc><vAcc>3.357941</vAcc></extensions></trkpt>
      <trkpt lon="-76.447814" lat="39.344670"><ele>22.134138</ele><time>2026-03-11T23:31:59Z</time><extensions><speed>0.699874</speed><course>37.604254</course><hAcc>3.982890</hAcc><vAcc>3.258301</vAcc></extensions></trkpt>
      <trkpt lon="-76.447809" lat="39.344680"><ele>22.080223</ele><time>2026-03-11T23:32:00Z</time><extensions><speed>0.841057</speed><course>25.713620</course><hAcc>3.894379</hAcc><vAcc>3.184106</vAcc></extensions></trkpt>
      <trkpt lon="-76.447805" lat="39.344690"><ele>22.810066</ele><time>2026-03-11T23:32:01Z</time><extensions><speed>1.060866</speed><course>20.955726</course><hAcc>3.799660</hAcc><vAcc>3.132120</vAcc></extensions></trkpt>
      <trkpt lon="-76.447795" lat="39.344701"><ele>23.335799</ele><time>2026-03-11T23:32:02Z</time><extensions><speed>1.326313</speed><course>26.098017</course><hAcc>3.764060</hAcc><vAcc>3.103958</vAcc></extensions></trkpt>
      <trkpt lon="-76.447788" lat="39.344710"><ele>22.937715</ele><time>2026-03-11T23:32:03Z</time><extensions><speed>1.346682</speed><course>32.666129</course><hAcc>3.727283</hAcc><vAcc>3.392720</vAcc></extensions></trkpt>
      <trkpt lon="-76.447787" lat="39.344726"><ele>22.020525</ele><time>2026-03-11T23:32:04Z</time><extensions><speed>1.555251</speed><course>24.420470</course><hAcc>3.685677</hAcc><vAcc>3.148817</vAcc></extensions></trkpt>
      <trkpt lon="-76.447777" lat="39.344739"><ele>21.695330</ele><time>2026-03-11T23:32:05Z</time><extensions><speed>1.559550</speed><course>33.282987</course><hAcc>3.655816</hAcc><vAcc>3.382068</vAcc></extensions></trkpt>
      <trkpt lon="-76.447764" lat="39.344747"><ele>21.116153</ele><time>2026-03-11T23:32:06Z</time><extensions><speed>1.439447</speed><course>45.155803</course><hAcc>3.588727</hAcc><vAcc>3.417328</vAcc></extensions></trkpt>
      <trkpt lon="-76.447758" lat="39.344748"><ele>20.291559</ele><time>2026-03-11T23:32:07Z</time><extensions><speed>0.707120</speed><course>68.225049</course><hAcc>3.522554</hAcc><vAcc>3.081822</vAcc></extensions></trkpt>
      <trkpt lon="-76.447764" lat="39.344746"><ele>19.826148</ele><time>2026-03-11T23:32:08Z</time><extensions><speed>0.415133</speed><course>-1.000000</course><hAcc>3.466133</hAcc><vAcc>3.000000</vAcc></extensions></trkpt>
      <trkpt lon="-76.447753" lat="39.344749"><ele>19.514314</ele><time>2026-03-11T23:32:09Z</time><extensions><speed>0.437851</speed><course>79.281104</course><hAcc>3.392826</hAcc><vAcc>3.000000</vAcc></extensions></trkpt>
      <trkpt lon="-76.447731" lat="39.344753"><ele>19.502164</ele><time>2026-03-11T23:32:10Z</time><extensions><speed>1.045606</speed><course>80.065770</course><hAcc>3.323185</hAcc><vAcc>3.000000</vAcc></extensions></trkpt>
      <trkpt lon="-76.447727" lat="39.344751"><ele>19.500153</ele><time>2026-03-11T23:32:11Z</time><extensions><speed>0.600055</speed><course>91.806615</course><hAcc>3.271496</hAcc><vAcc>3.000000</vAcc></extensions></trkpt>
      <trkpt lon="-76.447701" lat="39.344754"><ele>19.901326</ele><time>2026-03-11T23:32:12Z</time><extensions><speed>1.357731</speed><course>84.740176</course><hAcc>3.221959</hAcc><vAcc>3.000000</vAcc></extensions></trkpt>
      <trkpt lon="-76.447685" lat="39.344760"><ele>20.649201</ele><time>2026-03-11T23:32:13Z</time><extensions><speed>1.489221</speed><course>77.327474</course><hAcc>3.224652</hAcc><vAcc>3.000000</vAcc></extensions></trkpt>
      <trkpt lon="-76.447664" lat="39.344761"><ele>20.747897</ele><time>2026-03-11T23:32:14Z</time><extensions><speed>1.605866</speed><course>87.690419</course><hAcc>3.191454</hAcc><vAcc>3.045020</vAcc></extensions></trkpt>
      <trkpt lon="-76.447649" lat="39.344769"><ele>21.163173</ele><time>2026-03-11T23:32:15Z</time><extensions><speed>1.408879</speed><course>76.790681</course><hAcc>3.168513</hAcc><vAcc>3.048150</vAcc></extensions></trkpt>
      <trkpt lon="-76.447626" lat="39.344775"><ele>20.451663</ele><time>2026-03-11T23:32:16Z</time><extensions><speed>1.502570</speed><course>78.434903</course><hAcc>3.165974</hAcc><vAcc>3.000000</vAcc></extensions></trkpt>
      <trkpt lon="-76.447606" lat="39.344777"><ele>20.161387</ele><time>2026-03-11T23:32:17Z</time><extensions><speed>1.464590</speed><course>85.669285</course><hAcc>3.107675</hAcc><vAcc>3.000000</vAcc></extensions></trkpt>
      <trkpt lon="-76.447591" lat="39.344783"><ele>19.992497</ele><time>2026-03-11T23:32:18Z</time><extensions><speed>1.299611</speed><course>82.702652</course><hAcc>3.122162</hAcc><vAcc>3.000000</vAcc></extensions></trkpt>
      <trkpt lon="-76.447579" lat="39.344788"><ele>20.080413</ele><time>2026-03-11T23:32:19Z</time><extensions><speed>1.075502</speed><course>79.110514</course><hAcc>3.112905</hAcc><vAcc>3.000000</vAcc></extensions></trkpt>
      <trkpt lon="-76.447572" lat="39.344788"><ele>19.706752</ele><time>2026-03-11T23:32:20Z</time><extensions><speed>0.718851</speed><course>82.454538</course><hAcc>3.112095</hAcc><vAcc>3.000000</vAcc></extensions></trkpt>
      <trkpt lon="-76.447546" lat="39.344791"><ele>20.132232</ele><time>2026-03-11T23:32:21Z</time><extensions><speed>1.333116</speed><course>78.992862</course><hAcc>3.103406</hAcc><vAcc>3.000000</vAcc></extensions></trkpt>
      <trkpt lon="-76.447532" lat="39.344795"><ele>20.142560</ele><time>2026-03-11T23:32:22Z</time><extensions><speed>1.274964</speed><course>71.429837</course><hAcc>3.133414</hAcc><vAcc>3.000000</vAcc></extensions></trkpt>
      <trkpt lon="-76.447515" lat="39.344797"><ele>20.354780</ele><time>2026-03-11T23:32:23Z</time><extensions><speed>1.391660</speed><course>69.360051</course><hAcc>3.081818</hAcc><vAcc>3.000000</vAcc></extensions></trkpt>
      <trkpt lon="-76.447504" lat="39.344798"><ele>20.138883</ele><time>2026-03-11T23:32:24Z</time><extensions><speed>0.968698</speed><course>69.168705</course><hAcc>3.070396</hAcc><vAcc>3.000000</vAcc></extensions></trkpt>
      <trkpt lon="-76.447492" lat="39.344798"><ele>19.897572</ele><time>2026-03-11T23:32:25Z</time><extensions><speed>0.851292</speed><course>75.877012</course><hAcc>3.016876</hAcc><vAcc>3.000000</vAcc></extensions></trkpt>
      <trkpt lon="-76.447468" lat="39.344794"><ele>20.271361</ele><time>2026-03-11T23:32:26Z</time><extensions><speed>1.220582</speed><course>88.264236</course><hAcc>2.989628</hAcc><vAcc>3.000000</vAcc></extensions></trkpt>
      <trkpt lon="-76.447450" lat="39.344793"><ele>20.381955</ele><time>2026-03-11T23:32:27Z</time><extensions><speed>1.198509</speed><course>88.752187</course><hAcc>2.940147</hAcc><vAcc>3.000000</vAcc></extensions></trkpt>
      <trkpt lon="-76.447437" lat="39.344795"><ele>20.066036</ele><time>2026-03-11T23:32:28Z</time><extensions><speed>1.051681</speed><course>82.780802</course><hAcc>2.924007</hAcc><vAcc>3.000000</vAcc></extensions></trkpt>
      <trkpt lon="-76.447440" lat="39.344791"><ele>20.023259</ele><time>2026-03-11T23:32:29Z</time><extensions><speed>0.491093</speed><course>102.177479</course><hAcc>2.928102</hAcc><vAcc>3.000000</vAcc></extensions></trkpt>
      <trkpt lon="-76.447419" lat="39.344787"><ele>20.420843</ele><time>2026-03-11T23:32:30Z</time><extensions><speed>1.087996</speed><course>113.188894</course><hAcc>2.954737</hAcc><vAcc>3.000000</vAcc></extensions></trkpt>
      <trkpt lon="-76.447402" lat="39.344785"><ele>20.948368</ele><time>2026-03-11T23:32:31Z</time><extensions><speed>1.260586</speed><course>104.632485</course><hAcc>2.957587</hAcc><vAcc>3.000000</vAcc></extensions></trkpt>
      <trkpt lon="-76.447376" lat="39.344785"><ele>21.525039</ele><time>2026-03-11T23:32:32Z</time><extensions><speed>1.862817</speed><course>98.609608</course><hAcc>2.927892</hAcc><vAcc>3.000000</vAcc></extensions></trkpt>
      <trkpt lon="-76.447354" lat="39.344787"><ele>21.243890</ele><time>2026-03-11T23:32:33Z</time><extensions><speed>1.818708</speed><course>91.884380</course><hAcc>2.911647</hAcc><vAcc>3.000000</vAcc></extensions></trkpt>
      <trkpt lon="-76.447351" lat="39.344787"><ele>21.043813</ele><time>2026-03-11T23:32:34Z</time><extensions><speed>0.980840</speed><course>101.002524</course><hAcc>2.885570</hAcc><vAcc>3.000000</vAcc></extensions></trkpt>
      <trkpt lon="-76.447328" lat="39.344802"><ele>20.940677</ele><time>2026-03-11T23:32:35Z</time><extensions><speed>1.375105</speed><course>79.167256</course><hAcc>2.928433</hAcc><vAcc>3.000000</vAcc></extensions></trkpt>
      <trkpt lon="-76.447318" lat="39.344807"><ele>20.595814</ele><time>2026-03-11T23:32:36Z</time><extensions><speed>1.104224</speed><course>75.469301</course><hAcc>2.919588</hAcc><vAcc>3.000000</vAcc></extensions></trkpt>
      <trkpt lon="-76.447301" lat="39.344807"><ele>20.747509</ele><time>2026-03-11T23:32:37Z</time><extensions><speed>1.094893</speed><course>87.380854</course><hAcc>2.896172</hAcc><vAcc>3.000000</vAcc></extensions></trkpt>
      <trkpt lon="-76.447283" lat="39.344812"><ele>20.471772</ele><time>2026-03-11T23:32:38Z</time><extensions><speed>1.248920</speed><course>84.834426</course><hAcc>2.911990</hAcc><vAcc>3.000000</vAcc></extensions></trkpt>
      <trkpt lon="-76.447267" lat="39.344813"><ele>20.599794</ele><time>2026-03-11T23:32:39Z</time><extensions><speed>1.170493</speed><course>88.741469</course><hAcc>2.933740</hAcc><vAcc>3.000000</vAcc></extensions></trkpt>
      <trkpt lon="-76.447256" lat="39.344820"><ele>20.245118</ele><time>2026-03-11T23:32:40Z</time><extensions><speed>0.827914</speed><course>79.145004</course><hAcc>2.917100</hAcc><vAcc>3.000000</vAcc></extensions></trkpt>
      <trkpt lon="-76.447238" lat="39.344825"><ele>20.133671</ele><time>2026-03-11T23:32:41Z</time><extensions><speed>1.194619</speed><course>77.629156</course><hAcc>2.871245</hAcc><vAcc>3.000000</vAcc></extensions></trkpt>
      <trkpt lon="-76.447220" lat="39.344831"><ele>20.046221</ele><time>2026-03-11T23:32:42Z</time><extensions><speed>1.347291</speed><course>75.692610</course><hAcc>2.827683</hAcc><vAcc>3.000000</vAcc></extensions></trkpt>
      <trkpt lon="-76.447208" lat="39.344835"><ele>19.863322</ele><time>2026-03-11T23:32:43Z</time><extensions><speed>1.136536</speed><course>76.901186</course><hAcc>2.786298</hAcc><vAcc>3.000000</vAcc></extensions></trkpt>
      <trkpt lon="-76.447195" lat="39.344840"><ele>19.870197</ele><time>2026-03-11T23:32:44Z</time><extensions><speed>1.092856</speed><course>75.324312</course><hAcc>2.770843</hAcc><vAcc>3.000000</vAcc></extensions></trkpt>
      <trkpt lon="-76.447175" lat="39.344843"><ele>20.037692</ele><time>2026-03-11T23:32:45Z</time><extensions><speed>1.437194</speed><course>78.652869</course><hAcc>2.753188</hAcc><vAcc>3.000000</vAcc></extensions></trkpt>
      <trkpt lon="-76.447156" lat="39.344842"><ele>20.287393</ele><time>2026-03-11T23:32:46Z</time><extensions><speed>1.450718</speed><course>83.930686</course><hAcc>2.721673</hAcc><vAcc>3.000000</vAcc></extensions></trkpt>
      <trkpt lon="-76.447143" lat="39.344844"><ele>20.196691</ele><time>2026-03-11T23:32:47Z</time><extensions><speed>1.258565</speed><course>82.840237</course><hAcc>2.685589</hAcc><vAcc>3.000000</vAcc></extensions></trkpt>
      <trkpt lon="-76.447135" lat="39.344848"><ele>19.924520</ele><time>2026-03-11T23:32:48Z</time><extensions><speed>0.919658</speed><course>76.001285</course><hAcc>2.668841</hAcc><vAcc>3.000000</vAcc></extensions></trkpt>
      <trkpt lon="-76.447115" lat="39.344851"><ele>19.595819</ele><time>2026-03-11T23:32:49Z</time><extensions><speed>1.171378</speed><course>77.943621</course><hAcc>2.684739</hAcc><vAcc>3.000000</vAcc></extensions></trkpt>
      <trkpt lon="-76.447097" lat="39.344852"><ele>19.778776</ele><time>2026-03-11T23:32:50Z</time><extensions><speed>1.337114</speed><course>78.229089</course><hAcc>2.692110</hAcc><vAcc>3.000000</vAcc></extensions></trkpt>
      <trkpt lon="-76.447085" lat="39.344851"><ele>19.527075</ele><time>2026-03-11T23:32:51Z</time><extensions><speed>1.159507</speed><course>82.778676</course><hAcc>2.657504</hAcc><vAcc>3.000000</vAcc></extensions></trkpt>
      <trkpt lon="-76.447071" lat="39.344851"><ele>19.456107</ele><time>2026-03-11T23:32:52Z</time><extensions><speed>1.167561</speed><course>84.667715</course><hAcc>2.624629</hAcc><vAcc>3.000000</vAcc></extensions></trkpt>
      <trkpt lon="-76.447055" lat="39.344852"><ele>19.960129</ele><time>2026-03-11T23:32:53Z</time><extensions><speed>1.239782</speed><course>85.777040</course><hAcc>2.665309</hAcc><vAcc>3.000000</vAcc></extensions></trkpt>
      <trkpt lon="-76.447041" lat="39.344854"><ele>20.144648</ele><time>2026-03-11T23:32:54Z</time><extensions><speed>1.204725</speed><course>85.439343</course><hAcc>2.647120</hAcc><vAcc>3.000000</vAcc></extensions></trkpt>
      <trkpt lon="-76.447024" lat="39.344856"><ele>20.212825</ele><time>2026-03-11T23:32:55Z</time><extensions><speed>1.428599</speed><course>86.023736</course><hAcc>2.623250</hAcc><vAcc>3.000000</vAcc></extensions></trkpt>
      <trkpt lon="-76.447009" lat="39.344857"><ele>20.250002</ele><time>2026-03-11T23:32:56Z</time><extensions><speed>1.374501</speed><course>84.192200</course><hAcc>2.592088</hAcc><vAcc>3.000000</vAcc></extensions></trkpt>
      <trkpt lon="-76.447000" lat="39.344859"><ele>20.180690</ele><time>2026-03-11T23:32:57Z</time><extensions><speed>0.991355</speed><course>80.520037</course><hAcc>2.566907</hAcc><vAcc>3.000000</vAcc></extensions></trkpt>
      <trkpt lon="-76.446991" lat="39.344854"><ele>19.670033</ele><time>2026-03-11T23:32:58Z</time><extensions><speed>0.824072</speed><course>96.624632</course><hAcc>2.584580</hAcc><vAcc>3.000000</vAcc></extensions></trkpt>
      <trkpt lon="-76.446986" lat="39.344858"><ele>19.502067</ele><time>2026-03-11T23:32:59Z</time><extensions><speed>0.593928</speed><course>82.245863</course><hAcc>2.555351</hAcc><vAcc>3.000000</vAcc></extensions></trkpt>
      <trkpt lon="-76.446967" lat="39.344859"><ele>19.936342</ele><time>2026-03-11T23:33:00Z</time><extensions><speed>1.009372</speed><course>82.243896</course><hAcc>2.546777</hAcc><vAcc>3.000000</vAcc></extensions></trkpt>
      <trkpt lon="-76.446950" lat="39.344858"><ele>19.563485</ele><time>2026-03-11T23:33:01Z</time><extensions><speed>1.204396</speed><course>89.046390</course><hAcc>2.521761</hAcc><vAcc>3.000000</vAcc></extensions></trkpt>
      <trkpt lon="-76.446931" lat="39.344860"><ele>19.927294</ele><time>2026-03-11T23:33:02Z</time><extensions><speed>1.437914</speed><course>86.033971</course><hAcc>2.497145</hAcc><vAcc>3.000000</vAcc></extensions></trkpt>
      <trkpt lon="-76.446916" lat="39.344860"><ele>19.997121</ele><time>2026-03-11T23:33:03Z</time><extensions><speed>1.363099</speed><course>88.341106</course><hAcc>2.478762</hAcc><vAcc>3.000000</vAcc></extensions></trkpt>
      <trkpt lon="-76.446905" lat="39.344867"><ele>19.261975</ele><time>2026-03-11T23:33:04Z</time><extensions><speed>1.177403</speed><course>75.027144</course><hAcc>2.464664</hAcc><vAcc>3.000000</vAcc></extensions></trkpt>
      <trkpt lon="-76.446894" lat="39.344871"><ele>19.621184</ele><time>2026-03-11T23:33:05Z</time><extensions><speed>1.007610</speed><course>73.959003</course><hAcc>2.441431</hAcc><vAcc>3.000000</vAcc></extensions></trkpt>
      <trkpt lon="-76.446887" lat="39.344875"><ele>20.213838</ele><time>2026-03-11T23:33:06Z</time><extensions><speed>0.964371</speed><course>71.880385</course><hAcc>2.481808</hAcc><vAcc>3.000000</vAcc></extensions></trkpt>
      <trkpt lon="-76.446873" lat="39.344875"><ele>20.403304</ele><time>2026-03-11T23:33:07Z</time><extensions><speed>1.052446</speed><course>78.579701</course><hAcc>2.495244</hAcc><vAcc>3.000000</vAcc></extensions></trkpt>
      <trkpt lon="-76.446857" lat="39.344875"><ele>20.129925</ele><time>2026-03-11T23:33:08Z</time><extensions><speed>0.987289</speed><course>85.356806</course><hAcc>2.508557</hAcc><vAcc>3.000000</vAcc></extensions></trkpt>
      <trkpt lon="-76.446841" lat="39.344875"><ele>20.034008</ele><time>2026-03-11T23:33:09Z</time><extensions><speed>1.054767</speed><course>87.363090</course><hAcc>2.565500</hAcc><vAcc>3.000000</vAcc></extensions></trkpt>
      <trkpt lon="-76.446824" lat="39.344874"><ele>19.817162</ele><time>2026-03-11T23:33:10Z</time><extensions><speed>1.109639</speed><course>90.218751</course><hAcc>2.553395</hAcc><vAcc>3.000000</vAcc></extensions></trkpt>
      <trkpt lon="-76.446811" lat="39.344871"><ele>19.943412</ele><time>2026-03-11T23:33:11Z</time><extensions><speed>0.985121</speed><course>95.003323</course><hAcc>2.578849</hAcc><vAcc>3.000000</vAcc></extensions></trkpt>
      <trkpt lon="-76.446804" lat="39.344875"><ele>19.941975</ele><time>2026-03-11T23:33:12Z</time><extensions><speed>0.668727</speed><course>87.811680</course><hAcc>2.549906</hAcc><vAcc>3.000000</vAcc></extensions></trkpt>
      <trkpt lon="-76.446802" lat="39.344878"><ele>19.900348</ele><time>2026-03-11T23:33:13Z</time><extensions><speed>0.453312</speed><course>62.454348</course><hAcc>2.562563</hAcc><vAcc>3.000000</vAcc></extensions></trkpt>
      <trkpt lon="-76.446801" lat="39.344885"><ele>19.948587</ele><time>2026-03-11T23:33:14Z</time><extensions><speed>0.487148</speed><course>31.414830</course><hAcc>2.590962</hAcc><vAcc>3.000000</vAcc></extensions></trkpt>
      <trkpt lon="-76.446804" lat="39.344894"><ele>19.714652</ele><time>2026-03-11T23:33:15Z</time><extensions><speed>0.942471</speed><course>12.599491</course><hAcc>2.621406</hAcc><vAcc>3.000000</vAcc></extensions></trkpt>
      <trkpt lon="-76.446815" lat="39.344906"><ele>19.643044</ele><time>2026-03-11T23:33:16Z</time><extensions><speed>1.227626</speed><course>352.093245</course><hAcc>2.689155</hAcc><vAcc>3.000000</vAcc></extensions></trkpt>
      <trkpt lon="-76.446827" lat="39.344918"><ele>20.012263</ele><time>2026-03-11T23:33:17Z</time><extensions><speed>1.347369</speed><course>343.421792</course><hAcc>2.733004</hAcc><vAcc>3.000000</vAcc></extensions></trkpt>
      <trkpt lon="-76.446832" lat="39.344927"><ele>20.109472</ele><time>2026-03-11T23:33:18Z</time><extensions><speed>1.135087</speed><course>344.067989</course><hAcc>2.769433</hAcc><vAcc>3.000000</vAcc></extensions></trkpt>
      <trkpt lon="-76.446836" lat="39.344936"><ele>20.174273</ele><time>2026-03-11T23:33:19Z</time><extensions><speed>1.000333</speed><course>348.947216</course><hAcc>2.748164</hAcc><vAcc>3.000000</vAcc></extensions></trkpt>
      <trkpt lon="-76.446845" lat="39.344945"><ele>20.024581</ele><time>2026-03-11T23:33:20Z</time><extensions><speed>1.109377</speed><course>342.248369</course><hAcc>2.821447</hAcc><vAcc>3.000000</vAcc></extensions></trkpt>
      <trkpt lon="-76.446850" lat="39.344958"><ele>20.100424</ele><time>2026-03-11T23:33:21Z</time><extensions><speed>1.226023</speed><course>345.866938</course><hAcc>2.780374</hAcc><vAcc>3.000000</vAcc></extensions></trkpt>
      <trkpt lon="-76.446858" lat="39.344969"><ele>20.264046</ele><time>2026-03-11T23:33:22Z</time><extensions><speed>1.242694</speed><course>342.778127</course><hAcc>2.837494</hAcc><vAcc>3.000000</vAcc></extensions></trkpt>
      <trkpt lon="-76.446859" lat="39.344980"><ele>20.054291</ele><time>2026-03-11T23:33:23Z</time><extensions><speed>1.183716</speed><course>350.992246</course><hAcc>3.113687</hAcc><vAcc>3.000000</vAcc></extensions></trkpt>
      <trkpt lon="-76.446863" lat="39.344990"><ele>20.103396</ele><time>2026-03-11T23:33:24Z</time><extensions><speed>1.197246</speed><course>349.695774</course><hAcc>3.257658</hAcc><vAcc>3.000000</vAcc></extensions></trkpt>
      <trkpt lon="-76.446872" lat="39.345002"><ele>19.604138</ele><time>2026-03-11T23:33:25Z</time><extensions><speed>1.365552</speed><course>342.177755</course><hAcc>3.359502</hAcc><vAcc>3.000000</vAcc></extensions></trkpt>
      <trkpt lon="-76.446869" lat="39.345009"><ele>19.538070</ele><time>2026-03-11T23:33:26Z</time><extensions><speed>1.040853</speed><course>347.389579</course><hAcc>3.366157</hAcc><vAcc>3.000000</vAcc></extensions></trkpt>
      <trkpt lon="-76.446876" lat="39.345017"><ele>19.327709</ele><time>2026-03-11T23:33:27Z</time><extensions><speed>1.061104</speed><course>340.084862</course><hAcc>3.351562</hAcc><vAcc>3.000000</vAcc></extensions></trkpt>
      <trkpt lon="-76.446887" lat="39.345028"><ele>19.357776</ele><time>2026-03-11T23:33:28Z</time><extensions><speed>1.349462</speed><course>331.187780</course><hAcc>3.337984</hAcc><vAcc>3.000000</vAcc></extensions></trkpt>
      <trkpt lon="-76.446896" lat="39.345042"><ele>19.474891</ele><time>2026-03-11T23:33:29Z</time><extensions><speed>1.579086</speed><course>332.280586</course><hAcc>3.356019</hAcc><vAcc>3.000000</vAcc></extensions></trkpt>
      <trkpt lon="-76.446899" lat="39.345049"><ele>19.397623</ele><time>2026-03-11T23:33:30Z</time><extensions><speed>1.055890</speed><course>330.573682</course><hAcc>3.288218</hAcc><vAcc>3.154443</vAcc></extensions></trkpt>
      <trkpt lon="-76.446911" lat="39.345062"><ele>19.681419</ele><time>2026-03-11T23:33:31Z</time><extensions><speed>1.414893</speed><course>330.699179</course><hAcc>3.227657</hAcc><vAcc>3.000000</vAcc></extensions></trkpt>
      <trkpt lon="-76.446918" lat="39.345070"><ele>19.607980</ele><time>2026-03-11T23:33:32Z</time><extensions><speed>1.056031</speed><course>331.878514</course><hAcc>3.166274</hAcc><vAcc>3.000000</vAcc></extensions></trkpt>
      <trkpt lon="-76.446928" lat="39.345082"><ele>19.208498</ele><time>2026-03-11T23:33:33Z</time><extensions><speed>1.277220</speed><course>329.952586</course><hAcc>3.107960</hAcc><vAcc>3.000000</vAcc></extensions></trkpt>
      <trkpt lon="-76.446942" lat="39.345095"><ele>19.465536</ele><time>2026-03-11T23:33:34Z</time><extensions><speed>1.534035</speed><course>327.735439</course><hAcc>3.082758</hAcc><vAcc>3.000000</vAcc></extensions></trkpt>
      <trkpt lon="-76.446950" lat="39.345102"><ele>19.612660</ele><time>2026-03-11T23:33:35Z</time><extensions><speed>1.160801</speed><course>326.410031</course><hAcc>3.060411</hAcc><vAcc>3.000000</vAcc></extensions></trkpt>
      <trkpt lon="-76.446961" lat="39.345114"><ele>19.705870</ele><time>2026-03-11T23:33:36Z</time><extensions><speed>1.492225</speed><course>324.736857</course><hAcc>3.068823</hAcc><vAcc>3.000000</vAcc></extensions></trkpt>
      <trkpt lon="-76.446966" lat="39.345121"><ele>19.599824</ele><time>2026-03-11T23:33:37Z</time><extensions><speed>1.143945</speed><course>327.642993</course><hAcc>3.055090</hAcc><vAcc>3.000000</vAcc></extensions></trkpt>
      <trkpt lon="-76.446975" lat="39.345129"><ele>19.641296</ele><time>2026-03-11T23:33:38Z</time><extensions><speed>1.126610</speed><course>324.074521</course><hAcc>3.075610</hAcc><vAcc>3.000000</vAcc></extensions></trkpt>
      <trkpt lon="-76.446982" lat="39.345134"><ele>19.716574</ele><time>2026-03-11T23:33:38Z</time><extensions><speed>0.894228</speed><course>322.191206</course><hAcc>3.108405</hAcc><vAcc>3.000000</vAcc></extensions></trkpt>
      <trkpt lon="-76.446986" lat="39.345136"><ele>19.818404</ele><time>2026-03-11T23:33:39Z</time><extensions><speed>0.496428</speed><course>320.071272</course><hAcc>3.071125</hAcc><vAcc>3.000000</vAcc></extensions></trkpt>
      <trkpt lon="-76.446983" lat="39.345132"><ele>19.878528</ele><time>2026-03-11T23:33:40Z</time><extensions><speed>0.012110</speed><course>320.071408</course><hAcc>3.132313</hAcc><vAcc>3.000000</vAcc></extensions></trkpt>
      <trkpt lon="-76.446986" lat="39.345133"><ele>19.957838</ele><time>2026-03-11T23:33:42Z</time><extensions><speed>0.200485</speed><course>320.071406</course><hAcc>3.246498</hAcc><vAcc>3.000000</vAcc></extensions></trkpt>
      <trkpt lon="-76.446996" lat="39.345142"><ele>20.176496</ele><time>2026-03-11T23:33:43Z</time><extensions><speed>0.936723</speed><course>320.874859</course><hAcc>3.197303</hAcc><vAcc>3.000000</vAcc></extensions></trkpt>
      <trkpt lon="-76.447001" lat="39.345150"><ele>20.424924</ele><time>2026-03-11T23:33:44Z</time><extensions><speed>1.000315</speed><course>327.500225</course><hAcc>3.188579</hAcc><vAcc>3.000000</vAcc></extensions></trkpt>
      <trkpt lon="-76.447009" lat="39.345162"><ele>20.274603</ele><time>2026-03-11T23:33:45Z</time><extensions><speed>1.224299</speed><course>333.295756</course><hAcc>3.283882</hAcc><vAcc>3.000000</vAcc></extensions></trkpt>
      <trkpt lon="-76.447016" lat="39.345171"><ele>20.280238</ele><time>2026-03-11T23:33:46Z</time><extensions><speed>1.183968</speed><course>332.771336</course><hAcc>3.219688</hAcc><vAcc>3.000000</vAcc></extensions></trkpt>
      <trkpt lon="-76.447014" lat="39.345172"><ele>19.469279</ele><time>2026-03-11T23:33:47Z</time><extensions><speed>0.800841</speed><course>336.953762</course><hAcc>3.203037</hAcc><vAcc>3.000000</vAcc></extensions></trkpt>
      <trkpt lon="-76.447035" lat="39.345181"><ele>20.087284</ele><time>2026-03-11T23:33:48Z</time><extensions><speed>1.202891</speed><course>318.797804</course><hAcc>3.193222</hAcc><vAcc>3.000000</vAcc></extensions></trkpt>
      <trkpt lon="-76.447045" lat="39.345189"><ele>20.213328</ele><time>2026-03-11T23:33:49Z</time><extensions><speed>1.248403</speed><course>319.370774</course><hAcc>3.203147</hAcc><vAcc>3.000000</vAcc></extensions></trkpt>
      <trkpt lon="-76.447049" lat="39.345196"><ele>19.851012</ele><time>2026-03-11T23:33:50Z</time><extensions><speed>0.962795</speed><course>326.972894</course><hAcc>3.235214</hAcc><vAcc>3.000000</vAcc></extensions></trkpt>
      <trkpt lon="-76.447058" lat="39.345204"><ele>19.497927</ele><time>2026-03-11T23:33:51Z</time><extensions><speed>0.981225</speed><course>325.941914</course><hAcc>3.240497</hAcc><vAcc>3.000000</vAcc></extensions></trkpt>
      <trkpt lon="-76.447066" lat="39.345209"><ele>19.771357</ele><time>2026-03-11T23:33:52Z</time><extensions><speed>0.877469</speed><course>322.316029</course><hAcc>3.294972</hAcc><vAcc>3.000000</vAcc></extensions></trkpt>
      <trkpt lon="-76.447073" lat="39.345217"><ele>20.113122</ele><time>2026-03-11T23:33:53Z</time><extensions><speed>0.972809</speed><course>327.997712</course><hAcc>3.279894</hAcc><vAcc>3.000000</vAcc></extensions></trkpt>
      <trkpt lon="-76.447086" lat="39.345227"><ele>20.259348</ele><time>2026-03-11T23:33:54Z</time><extensions><speed>1.241022</speed><course>322.845250</course><hAcc>3.258451</hAcc><vAcc>3.000000</vAcc></extensions></trkpt>
      <trkpt lon="-76.447098" lat="39.345237"><ele>20.000377</ele><time>2026-03-11T23:33:55Z</time><extensions><speed>1.331701</speed><course>326.015588</course><hAcc>3.340687</hAcc><vAcc>3.000000</vAcc></extensions></trkpt>
      <trkpt lon="-76.447110" lat="39.345245"><ele>20.313155</ele><time>2026-03-11T23:33:56Z</time><extensions><speed>1.195629</speed><course>321.017696</course><hAcc>3.324576</hAcc><vAcc>3.000000</vAcc></extensions></trkpt>
      <trkpt lon="-76.447125" lat="39.345248"><ele>20.780251</ele><time>2026-03-11T23:33:57Z</time><extensions><speed>1.089855</speed><course>307.252156</course><hAcc>3.292877</hAcc><vAcc>3.000000</vAcc></extensions></trkpt>
      <trkpt lon="-76.447146" lat="39.345255"><ele>21.341404</ele><time>2026-03-11T23:33:58Z</time><extensions><speed>1.275454</speed><course>301.690354</course><hAcc>3.246193</hAcc><vAcc>3.000000</vAcc></extensions></trkpt>
      <trkpt lon="-76.447160" lat="39.345262"><ele>21.559214</ele><time>2026-03-11T23:33:59Z</time><extensions><speed>1.294175</speed><course>304.639472</course><hAcc>3.256132</hAcc><vAcc>3.000000</vAcc></extensions></trkpt>
      <trkpt lon="-76.447169" lat="39.345273"><ele>21.245290</ele><time>2026-03-11T23:34:00Z</time><extensions><speed>1.321078</speed><course>313.757129</course><hAcc>3.283448</hAcc><vAcc>3.000000</vAcc></extensions></trkpt>
      <trkpt lon="-76.447170" lat="39.345282"><ele>21.020864</ele><time>2026-03-11T23:34:01Z</time><extensions><speed>1.052601</speed><course>330.526799</course><hAcc>3.219275</hAcc><vAcc>3.000000</vAcc></extensions></trkpt>
      <trkpt lon="-76.447179" lat="39.345294"><ele>21.255057</ele><time>2026-03-11T23:34:02Z</time><extensions><speed>1.131463</speed><course>335.393022</course><hAcc>3.227899</hAcc><vAcc>3.000000</vAcc></extensions></trkpt>
      <trkpt lon="-76.447187" lat="39.345309"><ele>21.217365</ele><time>2026-03-11T23:34:03Z</time><extensions><speed>1.262961</speed><course>340.391400</course><hAcc>3.171481</hAcc><vAcc>3.000000</vAcc></extensions></trkpt>
      <trkpt lon="-76.447180" lat="39.345322"><ele>21.543849</ele><time>2026-03-11T23:34:04Z</time><extensions><speed>1.142480</speed><course>4.155267</course><hAcc>3.161695</hAcc><vAcc>3.000000</vAcc></extensions></trkpt>
      <trkpt lon="-76.447163" lat="39.345334"><ele>21.525311</ele><time>2026-03-11T23:34:05Z</time><extensions><speed>1.317835</speed><course>30.070542</course><hAcc>3.103610</hAcc><vAcc>3.000000</vAcc></extensions></trkpt>
      <trkpt lon="-76.447152" lat="39.345342"><ele>21.438916</ele><time>2026-03-11T23:34:06Z</time><extensions><speed>1.230745</speed><course>38.505725</course><hAcc>3.077904</hAcc><vAcc>3.000000</vAcc></extensions></trkpt>
      <trkpt lon="-76.447143" lat="39.345353"><ele>21.644110</ele><time>2026-03-11T23:34:07Z</time><extensions><speed>1.261560</speed><course>37.637302</course><hAcc>3.030951</hAcc><vAcc>3.000000</vAcc></extensions></trkpt>
      <trkpt lon="-76.447132" lat="39.345362"><ele>21.781130</ele><time>2026-03-11T23:34:08Z</time><extensions><speed>1.282882</speed><course>41.450604</course><hAcc>2.995862</hAcc><vAcc>3.000000</vAcc></extensions></trkpt>
      <trkpt lon="-76.447120" lat="39.345367"><ele>21.444988</ele><time>2026-03-11T23:34:09Z</time><extensions><speed>1.189177</speed><course>48.355434</course><hAcc>2.975866</hAcc><vAcc>3.000000</vAcc></extensions></trkpt>
      <trkpt lon="-76.447108" lat="39.345375"><ele>21.822409</ele><time>2026-03-11T23:34:10Z</time><extensions><speed>1.275523</speed><course>47.363840</course><hAcc>2.927073</hAcc><vAcc>3.000000</vAcc></extensions></trkpt>
      <trkpt lon="-76.447097" lat="39.345386"><ele>21.997652</ele><time>2026-03-11T23:34:11Z</time><extensions><speed>1.394482</speed><course>43.624824</course><hAcc>2.892717</hAcc><vAcc>3.000000</vAcc></extensions></trkpt>
      <trkpt lon="-76.447086" lat="39.345395"><ele>21.703300</ele><time>2026-03-11T23:34:12Z</time><extensions><speed>1.369168</speed><course>43.728811</course><hAcc>2.852418</hAcc><vAcc>3.000000</vAcc></extensions></trkpt>
      <trkpt lon="-76.447078" lat="39.345406"><ele>21.721527</ele><time>2026-03-11T23:34:13Z</time><extensions><speed>1.442656</speed><course>35.693287</course><hAcc>2.809797</hAcc><vAcc>3.000000</vAcc></extensions></trkpt>
      <trkpt lon="-76.447068" lat="39.345415"><ele>22.155784</ele><time>2026-03-11T23:34:14Z</time><extensions><speed>1.421516</speed><course>38.706398</course><hAcc>2.769307</hAcc><vAcc>3.000000</vAcc></extensions></trkpt>
      <trkpt lon="-76.447057" lat="39.345421"><ele>21.964181</ele><time>2026-03-11T23:34:15Z</time><extensions><speed>1.313555</speed><course>43.521722</course><hAcc>2.730842</hAcc><vAcc>3.000000</vAcc></extensions></trkpt>
      <trkpt lon="-76.447049" lat="39.345427"><ele>21.956382</ele><time>2026-03-11T23:34:16Z</time><extensions><speed>1.086432</speed><course>46.141519</course><hAcc>2.694300</hAcc><vAcc>3.000000</vAcc></extensions></trkpt>
      <trkpt lon="-76.447042" lat="39.345432"><ele>22.044128</ele><time>2026-03-11T23:34:17Z</time><extensions><speed>0.828380</speed><course>49.574610</course><hAcc>2.659585</hAcc><vAcc>3.000000</vAcc></extensions></trkpt>
      <trkpt lon="-76.447045" lat="39.345426"><ele>22.119500</ele><time>2026-03-11T23:34:18Z</time><extensions><speed>0.041366</speed><course>55.958390</course><hAcc>2.633835</hAcc><vAcc>3.000000</vAcc></extensions></trkpt>
      <trkpt lon="-76.447040" lat="39.345428"><ele>22.272457</ele><time>2026-03-11T23:34:19Z</time><extensions><speed>0.401175</speed><course>55.958393</course><hAcc>2.608173</hAcc><vAcc>3.000000</vAcc></extensions></trkpt>
      <trkpt lon="-76.447029" lat="39.345430"><ele>22.314878</ele><time>2026-03-11T23:34:20Z</time><extensions><speed>0.723401</speed><course>66.708038</course><hAcc>2.577765</hAcc><vAcc>3.000000</vAcc></extensions></trkpt>
      <trkpt lon="-76.447015" lat="39.345433"><ele>22.226441</ele><time>2026-03-11T23:34:21Z</time><extensions><speed>1.029213</speed><course>73.372078</course><hAcc>2.548877</hAcc><vAcc>3.000000</vAcc></extensions></trkpt>
      <trkpt lon="-76.446999" lat="39.345443"><ele>22.188994</ele><time>2026-03-11T23:34:22Z</time><extensions><speed>1.313640</speed><course>64.131313</course><hAcc>2.521433</hAcc><vAcc>3.000000</vAcc></extensions></trkpt>
      <trkpt lon="-76.446989" lat="39.345449"><ele>22.020855</ele><time>2026-03-11T23:34:23Z</time><extensions><speed>1.228419</speed><course>58.705328</course><hAcc>2.495361</hAcc><vAcc>3.000000</vAcc></extensions></trkpt>
      <trkpt lon="-76.446978" lat="39.345458"><ele>22.190708</ele><time>2026-03-11T23:34:24Z</time><extensions><speed>1.371685</speed><course>52.217636</course><hAcc>2.470593</hAcc><vAcc>3.000000</vAcc></extensions></trkpt>
      <trkpt lon="-76.446968" lat="39.345467"><ele>22.378352</ele><time>2026-03-11T23:34:25Z</time><extensions><speed>1.296322</speed><course>48.420003</course><hAcc>2.447063</hAcc><vAcc>3.000000</vAcc></extensions></trkpt>
      <trkpt lon="-76.446968" lat="39.345467"><ele>22.378352</ele><time>2026-03-11T23:34:25Z</time><extensions><speed>1.296322</speed><course>48.420003</course><hAcc>2.447063</hAcc><vAcc>3.000000</vAcc></extensions></trkpt>
      <trkpt lon="-76.446950" lat="39.345475"><ele>22.294428</ele><time>2026-03-11T23:34:26Z</time><extensions><speed>1.505511</speed><course>53.581410</course><hAcc>2.491390</hAcc><vAcc>3.000000</vAcc></extensions></trkpt>
      <trkpt lon="-76.446939" lat="39.345476"><ele>21.892950</ele><time>2026-03-11T23:34:27Z</time><extensions><speed>1.104916</speed><course>65.356345</course><hAcc>2.471025</hAcc><vAcc>3.000000</vAcc></extensions></trkpt>
      <trkpt lon="-76.446921" lat="39.345479"><ele>21.459363</ele><time>2026-03-11T23:34:28Z</time><extensions><speed>1.338020</speed><course>70.604259</course><hAcc>2.454125</hAcc><vAcc>3.000000</vAcc></extensions></trkpt>
      <trkpt lon="-76.446905" lat="39.345482"><ele>21.435462</ele><time>2026-03-11T23:34:29Z</time><extensions><speed>1.399452</speed><course>72.426008</course><hAcc>2.472014</hAcc><vAcc>3.000000</vAcc></extensions></trkpt>
      <trkpt lon="-76.446896" lat="39.345489"><ele>21.819361</ele><time>2026-03-11T23:34:30Z</time><extensions><speed>1.139752</speed><course>66.525230</course><hAcc>2.448413</hAcc><vAcc>3.000000</vAcc></extensions></trkpt>
      <trkpt lon="-76.446881" lat="39.345502"><ele>22.127574</ele><time>2026-03-11T23:34:31Z</time><extensions><speed>1.361994</speed><course>57.419841</course><hAcc>2.434822</hAcc><vAcc>3.000000</vAcc></extensions></trkpt>
      <trkpt lon="-76.446867" lat="39.345513"><ele>22.200369</ele><time>2026-03-11T23:34:32Z</time><extensions><speed>1.388500</speed><course>56.718605</course><hAcc>2.413081</hAcc><vAcc>3.000000</vAcc></extensions></trkpt>
      <trkpt lon="-76.446854" lat="39.345525"><ele>22.297350</ele><time>2026-03-11T23:34:33Z</time><extensions><speed>1.161209</speed><course>54.298890</course><hAcc>2.392427</hAcc><vAcc>3.000000</vAcc></extensions></trkpt>
      <trkpt lon="-76.446840" lat="39.345530"><ele>22.432321</ele><time>2026-03-11T23:34:34Z</time><extensions><speed>1.172198</speed><course>60.089056</course><hAcc>2.381547</hAcc><vAcc>3.000000</vAcc></extensions></trkpt>
      <trkpt lon="-76.446824" lat="39.345537"><ele>22.375158</ele><time>2026-03-11T23:34:35Z</time><extensions><speed>1.400747</speed><course>60.839728</course><hAcc>2.362470</hAcc><vAcc>3.000000</vAcc></extensions></trkpt>
      <trkpt lon="-76.446812" lat="39.345538"><ele>22.521329</ele><time>2026-03-11T23:34:36Z</time><extensions><speed>1.163476</speed><course>66.610808</course><hAcc>2.344346</hAcc><vAcc>3.000000</vAcc></extensions></trkpt>
      <trkpt lon="-76.446799" lat="39.345544"><ele>22.748394</ele><time>2026-03-11T23:34:37Z</time><extensions><speed>1.239529</speed><course>64.283358</course><hAcc>2.327129</hAcc><vAcc>3.000000</vAcc></extensions></trkpt>
      <trkpt lon="-76.446785" lat="39.345551"><ele>22.474009</ele><time>2026-03-11T23:34:38Z</time><extensions><speed>1.341220</speed><course>60.464023</course><hAcc>2.323471</hAcc><vAcc>3.000000</vAcc></extensions></trkpt>
      <trkpt lon="-76.446774" lat="39.345559"><ele>22.459991</ele><time>2026-03-11T23:34:39Z</time><extensions><speed>1.437860</speed><course>52.217375</course><hAcc>2.307297</hAcc><vAcc>3.000000</vAcc></extensions></trkpt>
      <trkpt lon="-76.446767" lat="39.345563"><ele>22.452717</ele><time>2026-03-11T23:34:40Z</time><extensions><speed>1.033944</speed><course>54.288536</course><hAcc>2.291932</hAcc><vAcc>3.000000</vAcc></extensions></trkpt>
      <trkpt lon="-76.446756" lat="39.345568"><ele>22.260768</ele><time>2026-03-11T23:34:41Z</time><extensions><speed>1.054617</speed><course>56.303320</course><hAcc>2.277336</hAcc><vAcc>3.000000</vAcc></extensions></trkpt>
      <trkpt lon="-76.446745" lat="39.345579"><ele>22.522781</ele><time>2026-03-11T23:34:42Z</time><extensions><speed>1.196467</speed><course>50.256979</course><hAcc>2.263469</hAcc><vAcc>3.000000</vAcc></extensions></trkpt>
      <trkpt lon="-76.446737" lat="39.345587"><ele>22.538175</ele><time>2026-03-11T23:34:43Z</time><extensions><speed>1.184207</speed><course>46.102850</course><hAcc>2.250295</hAcc><vAcc>3.000000</vAcc></extensions></trkpt>
      <trkpt lon="-76.446724" lat="39.345596"><ele>22.371476</ele><time>2026-03-11T23:34:44Z</time><extensions><speed>1.402968</speed><course>45.979764</course><hAcc>2.265880</hAcc><vAcc>3.000000</vAcc></extensions></trkpt>
      <trkpt lon="-76.446713" lat="39.345600"><ele>22.394785</ele><time>2026-03-11T23:34:45Z</time><extensions><speed>1.193202</speed><course>49.550405</course><hAcc>2.385915</hAcc><vAcc>3.000000</vAcc></extensions></trkpt>
      <trkpt lon="-76.446700" lat="39.345607"><ele>22.437918</ele><time>2026-03-11T23:34:46Z</time><extensions><speed>1.296488</speed><course>52.602928</course><hAcc>2.479393</hAcc><vAcc>3.000000</vAcc></extensions></trkpt>
      <trkpt lon="-76.446687" lat="39.345617"><ele>22.502023</ele><time>2026-03-11T23:34:47Z</time><extensions><speed>1.449577</speed><course>48.145163</course><hAcc>2.463029</hAcc><vAcc>3.000000</vAcc></extensions></trkpt>
      <trkpt lon="-76.446679" lat="39.345621"><ele>22.350140</ele><time>2026-03-11T23:34:48Z</time><extensions><speed>1.115575</speed><course>49.914484</course><hAcc>2.439878</hAcc><vAcc>3.000000</vAcc></extensions></trkpt>
      <trkpt lon="-76.446668" lat="39.345624"><ele>22.456343</ele><time>2026-03-11T23:34:49Z</time><extensions><speed>1.106851</speed><course>54.084867</course><hAcc>2.417884</hAcc><vAcc>3.000000</vAcc></extensions></trkpt>
      <trkpt lon="-76.446656" lat="39.345633"><ele>22.171191</ele><time>2026-03-11T23:34:50Z</time><extensions><speed>1.247732</speed><course>50.429607</course><hAcc>2.481242</hAcc><vAcc>3.000000</vAcc></extensions></trkpt>
      <trkpt lon="-76.446643" lat="39.345639"><ele>22.146857</ele><time>2026-03-11T23:34:51Z</time><extensions><speed>1.280084</speed><course>52.466806</course><hAcc>2.471566</hAcc><vAcc>3.000000</vAcc></extensions></trkpt>
      <trkpt lon="-76.446631" lat="39.345645"><ele>22.127571</ele><time>2026-03-11T23:34:52Z</time><extensions><speed>1.323231</speed><course>54.215877</course><hAcc>2.548577</hAcc><vAcc>3.000000</vAcc></extensions></trkpt>
      <trkpt lon="-76.446616" lat="39.345654"><ele>21.800527</ele><time>2026-03-11T23:34:53Z</time><extensions><speed>1.457693</speed><course>54.461642</course><hAcc>2.589810</hAcc><vAcc>3.000000</vAcc></extensions></trkpt>
      <trkpt lon="-76.446609" lat="39.345663"><ele>22.166636</ele><time>2026-03-11T23:34:54Z</time><extensions><speed>1.127899</speed><course>45.568395</course><hAcc>2.560319</hAcc><vAcc>3.000000</vAcc></extensions></trkpt>
      <trkpt lon="-76.446601" lat="39.345669"><ele>22.431356</ele><time>2026-03-11T23:34:55Z</time><extensions><speed>1.032207</speed><course>44.940666</course><hAcc>2.532304</hAcc><vAcc>3.000000</vAcc></extensions></trkpt>
      <trkpt lon="-76.446590" lat="39.345678"><ele>22.463871</ele><time>2026-03-11T23:34:56Z</time><extensions><speed>1.183133</speed><course>44.797471</course><hAcc>2.505688</hAcc><vAcc>3.000000</vAcc></extensions></trkpt>
      <trkpt lon="-76.446577" lat="39.345688"><ele>22.399511</ele><time>2026-03-11T23:34:57Z</time><extensions><speed>1.407594</speed><course>44.054846</course><hAcc>2.514680</hAcc><vAcc>3.000000</vAcc></extensions></trkpt>
      <trkpt lon="-76.446571" lat="39.345694"><ele>22.732466</ele><time>2026-03-11T23:34:58Z</time><extensions><speed>1.136967</speed><course>43.414419</course><hAcc>2.520610</hAcc><vAcc>3.000000</vAcc></extensions></trkpt>
      <trkpt lon="-76.446561" lat="39.345701"><ele>22.895151</ele><time>2026-03-11T23:34:59Z</time><extensions><speed>1.205299</speed><course>45.086333</course><hAcc>2.603009</hAcc><vAcc>3.000000</vAcc></extensions></trkpt>
      <trkpt lon="-76.446547" lat="39.345712"><ele>22.597321</ele><time>2026-03-11T23:35:00Z</time><extensions><speed>1.410689</speed><course>45.274522</course><hAcc>2.603815</hAcc><vAcc>3.000000</vAcc></extensions></trkpt>
      <trkpt lon="-76.446540" lat="39.345717"><ele>22.531389</ele><time>2026-03-11T23:35:01Z</time><extensions><speed>1.186577</speed><course>44.282507</course><hAcc>2.619398</hAcc><vAcc>3.000000</vAcc></extensions></trkpt>
      <trkpt lon="-76.446530" lat="39.345722"><ele>22.169657</ele><time>2026-03-11T23:35:02Z</time><extensions><speed>1.104602</speed><course>45.371924</course><hAcc>2.588428</hAcc><vAcc>3.000000</vAcc></extensions></trkpt>
      <trkpt lon="-76.446519" lat="39.345732"><ele>22.162573</ele><time>2026-03-11T23:35:03Z</time><extensions><speed>1.187396</speed><course>44.760017</course><hAcc>2.618461</hAcc><vAcc>3.000000</vAcc></extensions></trkpt>
      <trkpt lon="-76.446510" lat="39.345743"><ele>22.947030</ele><time>2026-03-11T23:35:04Z</time><extensions><speed>1.318758</speed><course>39.155756</course><hAcc>2.637345</hAcc><vAcc>3.000000</vAcc></extensions></trkpt>
      <trkpt lon="-76.446498" lat="39.345750"><ele>22.766156</ele><time>2026-03-11T23:35:05Z</time><extensions><speed>1.297235</speed><course>42.901447</course><hAcc>2.709575</hAcc><vAcc>3.000000</vAcc></extensions></trkpt>
      <trkpt lon="-76.446486" lat="39.345760"><ele>22.183881</ele><time>2026-03-11T23:35:06Z</time><extensions><speed>1.345865</speed><course>41.499024</course><hAcc>2.712913</hAcc><vAcc>3.000000</vAcc></extensions></trkpt>
      <trkpt lon="-76.446482" lat="39.345773"><ele>22.413516</ele><time>2026-03-11T23:35:07Z</time><extensions><speed>1.363606</speed><course>30.587242</course><hAcc>2.706532</hAcc><vAcc>3.000000</vAcc></extensions></trkpt>
      <trkpt lon="-76.446472" lat="39.345782"><ele>22.396719</ele><time>2026-03-11T23:35:08Z</time><extensions><speed>1.293162</speed><course>35.796708</course><hAcc>2.689213</hAcc><vAcc>3.000000</vAcc></extensions></trkpt>
      <trkpt lon="-76.446464" lat="39.345786"><ele>21.998715</ele><time>2026-03-11T23:35:09Z</time><extensions><speed>1.113563</speed><course>39.308776</course><hAcc>2.682296</hAcc><vAcc>3.000000</vAcc></extensions></trkpt>
      <trkpt lon="-76.446459" lat="39.345793"><ele>22.213362</ele><time>2026-03-11T23:35:10Z</time><extensions><speed>0.990244</speed><course>37.391539</course><hAcc>2.702744</hAcc><vAcc>3.000000</vAcc></extensions></trkpt>
      <trkpt lon="-76.446447" lat="39.345801"><ele>22.127858</ele><time>2026-03-11T23:35:11Z</time><extensions><speed>1.119126</speed><course>42.788110</course><hAcc>2.667606</hAcc><vAcc>3.000000</vAcc></extensions></trkpt>
      <trkpt lon="-76.446440" lat="39.345810"><ele>22.045396</ele><time>2026-03-11T23:35:12Z</time><extensions><speed>1.197156</speed><course>37.736543</course><hAcc>2.634226</hAcc><vAcc>3.000000</vAcc></extensions></trkpt>
      <trkpt lon="-76.446433" lat="39.345821"><ele>22.263602</ele><time>2026-03-11T23:35:13Z</time><extensions><speed>1.279769</speed><course>33.635414</course><hAcc>2.638748</hAcc><vAcc>3.000000</vAcc></extensions></trkpt>
      <trkpt lon="-76.446427" lat="39.345834"><ele>22.511024</ele><time>2026-03-11T23:35:14Z</time><extensions><speed>1.341017</speed><course>30.565617</course><hAcc>2.675821</hAcc><vAcc>3.000000</vAcc></extensions></trkpt>
      <trkpt lon="-76.446422" lat="39.345845"><ele>21.852504</ele><time>2026-03-11T23:35:15Z</time><extensions><speed>1.358290</speed><course>28.072649</course><hAcc>2.642030</hAcc><vAcc>3.000000</vAcc></extensions></trkpt>
      <trkpt lon="-76.446418" lat="39.345853"><ele>22.669046</ele><time>2026-03-11T23:35:16Z</time><extensions><speed>1.100377</speed><course>26.370074</course><hAcc>2.624919</hAcc><vAcc>3.000000</vAcc></extensions></trkpt>
      <trkpt lon="-76.446410" lat="39.345865"><ele>22.571546</ele><time>2026-03-11T23:35:17Z</time><extensions><speed>1.248712</speed><course>30.710408</course><hAcc>2.614751</hAcc><vAcc>3.000000</vAcc></extensions></trkpt>
      <trkpt lon="-76.446399" lat="39.345879"><ele>22.532175</ele><time>2026-03-11T23:35:18Z</time><extensions><speed>1.469202</speed><course>30.674391</course><hAcc>2.596643</hAcc><vAcc>3.000000</vAcc></extensions></trkpt>
      <trkpt lon="-76.446396" lat="39.345890"><ele>22.640134</ele><time>2026-03-11T23:35:19Z</time><extensions><speed>1.209779</speed><course>22.467243</course><hAcc>2.576606</hAcc><vAcc>3.000000</vAcc></extensions></trkpt>
      <trkpt lon="-76.446390" lat="39.345902"><ele>22.904104</ele><time>2026-03-11T23:35:20Z</time><extensions><speed>1.394285</speed><course>21.679094</course><hAcc>2.574537</hAcc><vAcc>3.000000</vAcc></extensions></trkpt>
      <trkpt lon="-76.446384" lat="39.345912"><ele>23.013344</ele><time>2026-03-11T23:35:21Z</time><extensions><speed>1.272477</speed><course>21.264335</course><hAcc>2.567973</hAcc><vAcc>3.000000</vAcc></extensions></trkpt>
      <trkpt lon="-76.446375" lat="39.345924"><ele>23.103703</ele><time>2026-03-11T23:35:22Z</time><extensions><speed>1.335205</speed><course>23.097870</course><hAcc>2.618995</hAcc><vAcc>3.000000</vAcc></extensions></trkpt>
      <trkpt lon="-76.446367" lat="39.345930"><ele>23.000399</ele><time>2026-03-11T23:35:23Z</time><extensions><speed>1.171115</speed><course>29.735674</course><hAcc>2.609645</hAcc><vAcc>3.000000</vAcc></extensions></trkpt>
      <trkpt lon="-76.446360" lat="39.345937"><ele>22.814065</ele><time>2026-03-11T23:35:24Z</time><extensions><speed>1.001346</speed><course>29.116734</course><hAcc>2.588118</hAcc><vAcc>3.000000</vAcc></extensions></trkpt>
      <trkpt lon="-76.446349" lat="39.345949"><ele>23.107951</ele><time>2026-03-11T23:35:25Z</time><extensions><speed>1.283229</speed><course>33.664236</course><hAcc>2.603375</hAcc><vAcc>3.000000</vAcc></extensions></trkpt>
      <trkpt lon="-76.446341" lat="39.345959"><ele>23.065938</ele><time>2026-03-11T23:35:26Z</time><extensions><speed>1.342984</speed><course>34.990202</course><hAcc>2.587338</hAcc><vAcc>3.000000</vAcc></extensions></trkpt>
      <trkpt lon="-76.446335" lat="39.345965"><ele>23.083529</ele><time>2026-03-11T23:35:27Z</time><extensions><speed>1.126476</speed><course>34.879126</course><hAcc>2.567778</hAcc><vAcc>3.000000</vAcc></extensions></trkpt>
      <trkpt lon="-76.446328" lat="39.345978"><ele>23.151080</ele><time>2026-03-11T23:35:28Z</time><extensions><speed>1.391962</speed><course>28.922123</course><hAcc>2.558614</hAcc><vAcc>3.000000</vAcc></extensions></trkpt>
      <trkpt lon="-76.446324" lat="39.345989"><ele>22.968230</ele><time>2026-03-11T23:35:29Z</time><extensions><speed>1.150909</speed><course>26.070222</course><hAcc>2.543353</hAcc><vAcc>3.000000</vAcc></extensions></trkpt>
      <trkpt lon="-76.446317" lat="39.346000"><ele>23.018014</ele><time>2026-03-11T23:35:30Z</time><extensions><speed>1.330174</speed><course>23.221678</course><hAcc>2.516185</hAcc><vAcc>3.000000</vAcc></extensions></trkpt>
      <trkpt lon="-76.446313" lat="39.346008"><ele>23.344845</ele><time>2026-03-11T23:35:31Z</time><extensions><speed>1.187979</speed><course>22.669301</course><hAcc>2.516213</hAcc><vAcc>3.000000</vAcc></extensions></trkpt>
      <trkpt lon="-76.446306" lat="39.346017"><ele>23.352270</ele><time>2026-03-11T23:35:32Z</time><extensions><speed>1.149174</speed><course>25.916785</course><hAcc>2.530763</hAcc><vAcc>3.000000</vAcc></extensions></trkpt>
      <trkpt lon="-76.446296" lat="39.346031"><ele>23.590471</ele><time>2026-03-11T23:35:33Z</time><extensions><speed>1.394252</speed><course>27.977165</course><hAcc>2.504224</hAcc><vAcc>3.000000</vAcc></extensions></trkpt>
      <trkpt lon="-76.446288" lat="39.346039"><ele>23.058040</ele><time>2026-03-11T23:35:34Z</time><extensions><speed>1.130716</speed><course>32.635434</course><hAcc>2.479013</hAcc><vAcc>3.000000</vAcc></extensions></trkpt>
      <trkpt lon="-76.446280" lat="39.346047"><ele>23.241097</ele><time>2026-03-11T23:35:35Z</time><extensions><speed>1.109075</speed><course>35.767561</course><hAcc>2.460741</hAcc><vAcc>3.000000</vAcc></extensions></trkpt>
      <trkpt lon="-76.446267" lat="39.346055"><ele>23.134371</ele><time>2026-03-11T23:35:36Z</time><extensions><speed>1.162751</speed><course>40.606403</course><hAcc>2.455928</hAcc><vAcc>3.000000</vAcc></extensions></trkpt>
      <trkpt lon="-76.446263" lat="39.346069"><ele>23.171334</ele><time>2026-03-11T23:35:37Z</time><extensions><speed>1.215588</speed><course>27.433552</course><hAcc>2.437291</hAcc><vAcc>3.000000</vAcc></extensions></trkpt>
      <trkpt lon="-76.446258" lat="39.346078"><ele>23.039761</ele><time>2026-03-11T23:35:38Z</time><extensions><speed>1.190988</speed><course>25.012636</course><hAcc>2.422734</hAcc><vAcc>3.000000</vAcc></extensions></trkpt>
      <trkpt lon="-76.446250" lat="39.346088"><ele>22.887563</ele><time>2026-03-11T23:35:39Z</time><extensions><speed>1.307706</speed><course>25.620857</course><hAcc>2.434134</hAcc><vAcc>3.000000</vAcc></extensions></trkpt>
      <trkpt lon="-76.446245" lat="39.346098"><ele>22.732412</ele><time>2026-03-11T23:35:40Z</time><extensions><speed>1.242436</speed><course>24.029588</course><hAcc>2.412427</hAcc><vAcc>3.000000</vAcc></extensions></trkpt>
      <trkpt lon="-76.446236" lat="39.346106"><ele>22.884217</ele><time>2026-03-11T23:35:40Z</time><extensions><speed>1.265295</speed><course>29.558609</course><hAcc>2.397547</hAcc><vAcc>3.000000</vAcc></extensions></trkpt>
      <trkpt lon="-76.446226" lat="39.346115"><ele>22.689603</ele><time>2026-03-11T23:35:41Z</time><extensions><speed>1.300368</speed><course>32.691593</course><hAcc>2.393154</hAcc><vAcc>3.000000</vAcc></extensions></trkpt>
      <trkpt lon="-76.446218" lat="39.346126"><ele>22.563935</ele><time>2026-03-11T23:35:42Z</time><extensions><speed>1.356794</speed><course>30.768453</course><hAcc>2.373496</hAcc><vAcc>3.000000</vAcc></extensions></trkpt>
      <trkpt lon="-76.446212" lat="39.346131"><ele>22.858096</ele><time>2026-03-11T23:35:43Z</time><extensions><speed>1.086353</speed><course>32.004233</course><hAcc>2.381387</hAcc><vAcc>3.000000</vAcc></extensions></trkpt>
      <trkpt lon="-76.446204" lat="39.346142"><ele>22.657945</ele><time>2026-03-11T23:35:44Z</time><extensions><speed>1.222250</speed><course>30.740831</course><hAcc>2.531692</hAcc><vAcc>3.000000</vAcc></extensions></trkpt>
      <trkpt lon="-76.446195" lat="39.346153"><ele>22.636692</ele><time>2026-03-11T23:35:45Z</time><extensions><speed>1.348090</speed><course>32.519067</course><hAcc>2.672390</hAcc><vAcc>3.000000</vAcc></extensions></trkpt>
      <trkpt lon="-76.446188" lat="39.346162"><ele>22.551238</ele><time>2026-03-11T23:35:46Z</time><extensions><speed>1.241376</speed><course>32.306090</course><hAcc>2.638770</hAcc><vAcc>3.000000</vAcc></extensions></trkpt>
      <trkpt lon="-76.446185" lat="39.346173"><ele>22.508645</ele><time>2026-03-11T23:35:48Z</time><extensions><speed>1.256967</speed><course>20.867612</course><hAcc>2.648345</hAcc><vAcc>3.000000</vAcc></extensions></trkpt>
      <trkpt lon="-76.446182" lat="39.346184"><ele>22.520558</ele><time>2026-03-11T23:35:49Z</time><extensions><speed>1.265924</speed><course>19.792464</course><hAcc>2.663133</hAcc><vAcc>3.000000</vAcc></extensions></trkpt>
      <trkpt lon="-76.446172" lat="39.346194"><ele>23.044020</ele><time>2026-03-11T23:35:50Z</time><extensions><speed>1.348191</speed><course>26.653387</course><hAcc>2.737347</hAcc><vAcc>3.000000</vAcc></extensions></trkpt>
      <trkpt lon="-76.446163" lat="39.346205"><ele>22.675050</ele><time>2026-03-11T23:35:51Z</time><extensions><speed>1.365566</speed><course>30.709489</course><hAcc>2.761437</hAcc><vAcc>3.000000</vAcc></extensions></trkpt>
      <trkpt lon="-76.446153" lat="39.346215"><ele>22.546241</ele><time>2026-03-11T23:35:52Z</time><extensions><speed>1.332521</speed><course>34.561314</course><hAcc>2.762205</hAcc><vAcc>3.000000</vAcc></extensions></trkpt>
      <trkpt lon="-76.446148" lat="39.346226"><ele>22.919533</ele><time>2026-03-11T23:35:53Z</time><extensions><speed>1.316609</speed><course>29.456993</course><hAcc>2.788839</hAcc><vAcc>3.000000</vAcc></extensions></trkpt>
      <trkpt lon="-76.446142" lat="39.346237"><ele>23.083430</ele><time>2026-03-11T23:35:54Z</time><extensions><speed>1.352223</speed><course>26.424935</course><hAcc>2.832118</hAcc><vAcc>3.000000</vAcc></extensions></trkpt>
      <trkpt lon="-76.446130" lat="39.346247"><ele>22.809508</ele><time>2026-03-11T23:35:55Z</time><extensions><speed>1.386852</speed><course>33.946139</course><hAcc>2.888643</hAcc><vAcc>3.000000</vAcc></extensions></trkpt>
      <trkpt lon="-76.446127" lat="39.346257"><ele>22.965125</ele><time>2026-03-11T23:35:56Z</time><extensions><speed>1.334603</speed><course>26.792361</course><hAcc>2.901844</hAcc><vAcc>3.000000</vAcc></extensions></trkpt>
      <trkpt lon="-76.446123" lat="39.346265"><ele>23.191616</ele><time>2026-03-11T23:35:57Z</time><extensions><speed>1.152912</speed><course>25.059060</course><hAcc>2.937570</hAcc><vAcc>3.000000</vAcc></extensions></trkpt>
      <trkpt lon="-76.446115" lat="39.346274"><ele>22.844905</ele><time>2026-03-11T23:35:58Z</time><extensions><speed>1.243371</speed><course>25.842378</course><hAcc>2.981063</hAcc><vAcc>3.000000</vAcc></extensions></trkpt>
      <trkpt lon="-76.446108" lat="39.346281"><ele>22.832398</ele><time>2026-03-11T23:35:59Z</time><extensions><speed>1.109405</speed><course>29.808632</course><hAcc>2.966336</hAcc><vAcc>3.000000</vAcc></extensions></trkpt>
      <trkpt lon="-76.446101" lat="39.346293"><ele>23.323680</ele><time>2026-03-11T23:36:00Z</time><extensions><speed>1.281401</speed><course>26.422235</course><hAcc>2.918019</hAcc><vAcc>3.000000</vAcc></extensions></trkpt>
      <trkpt lon="-76.446091" lat="39.346308"><ele>22.924782</ele><time>2026-03-11T23:36:01Z</time><extensions><speed>1.523320</speed><course>27.730554</course><hAcc>2.966220</hAcc><vAcc>3.000000</vAcc></extensions></trkpt>
      <trkpt lon="-76.446089" lat="39.346316"><ele>23.282532</ele><time>2026-03-11T23:36:02Z</time><extensions><speed>1.116144</speed><course>22.342214</course><hAcc>2.917909</hAcc><vAcc>3.102323</vAcc></extensions></trkpt>
      <trkpt lon="-76.446080" lat="39.346326"><ele>23.327730</ele><time>2026-03-11T23:36:03Z</time><extensions><speed>1.302435</speed><course>26.651401</course><hAcc>2.875726</hAcc><vAcc>3.000000</vAcc></extensions></trkpt>
      <trkpt lon="-76.446069" lat="39.346334"><ele>23.429407</ele><time>2026-03-11T23:36:04Z</time><extensions><speed>1.293021</speed><course>33.628070</course><hAcc>2.836154</hAcc><vAcc>3.000000</vAcc></extensions></trkpt>
      <trkpt lon="-76.446063" lat="39.346343"><ele>23.231868</ele><time>2026-03-11T23:36:05Z</time><extensions><speed>1.201552</speed><course>32.115820</course><hAcc>2.794346</hAcc><vAcc>3.000000</vAcc></extensions></trkpt>
      <trkpt lon="-76.446057" lat="39.346353"><ele>23.224269</ele><time>2026-03-11T23:36:06Z</time><extensions><speed>1.230407</speed><course>31.659903</course><hAcc>2.823356</hAcc><vAcc>3.000000</vAcc></extensions></trkpt>
      <trkpt lon="-76.446051" lat="39.346363"><ele>23.367683</ele><time>2026-03-11T23:36:07Z</time><extensions><speed>1.284640</speed><course>31.205764</course><hAcc>2.782188</hAcc><vAcc>3.000000</vAcc></extensions></trkpt>
      <trkpt lon="-76.446044" lat="39.346374"><ele>23.392240</ele><time>2026-03-11T23:36:08Z</time><extensions><speed>1.408016</speed><course>29.828318</course><hAcc>2.743079</hAcc><vAcc>3.000000</vAcc></extensions></trkpt>
      <trkpt lon="-76.446035" lat="39.346384"><ele>23.226047</ele><time>2026-03-11T23:36:09Z</time><extensions><speed>1.389368</speed><course>32.447159</course><hAcc>2.711593</hAcc><vAcc>3.000000</vAcc></extensions></trkpt>
      <trkpt lon="-76.446027" lat="39.346393"><ele>23.583395</ele><time>2026-03-11T23:36:10Z</time><extensions><speed>1.330176</speed><course>33.224545</course><hAcc>2.812076</hAcc><vAcc>3.000000</vAcc></extensions></trkpt>
      <trkpt lon="-76.446024" lat="39.346403"><ele>23.485887</ele><time>2026-03-11T23:36:11Z</time><extensions><speed>1.186574</speed><course>25.765898</course><hAcc>2.790754</hAcc><vAcc>3.000000</vAcc></extensions></trkpt>
      <trkpt lon="-76.446018" lat="39.346408"><ele>23.387148</ele><time>2026-03-11T23:36:12Z</time><extensions><speed>0.994310</speed><course>28.945114</course><hAcc>2.751216</hAcc><vAcc>3.000000</vAcc></extensions></trkpt>
      <trkpt lon="-76.446013" lat="39.346422"><ele>23.646844</ele><time>2026-03-11T23:36:13Z</time><extensions><speed>1.283720</speed><course>25.087570</course><hAcc>2.817747</hAcc><vAcc>3.000000</vAcc></extensions></trkpt>
      <trkpt lon="-76.446004" lat="39.346431"><ele>23.542432</ele><time>2026-03-11T23:36:14Z</time><extensions><speed>1.331135</speed><course>31.623078</course><hAcc>2.937092</hAcc><vAcc>3.000000</vAcc></extensions></trkpt>
      <trkpt lon="-76.446001" lat="39.346439"><ele>23.347320</ele><time>2026-03-11T23:36:15Z</time><extensions><speed>1.150319</speed><course>29.906671</course><hAcc>2.950458</hAcc><vAcc>3.000000</vAcc></extensions></trkpt>
      <trkpt lon="-76.445999" lat="39.346448"><ele>23.912792</ele><time>2026-03-11T23:36:16Z</time><extensions><speed>1.183866</speed><course>23.489358</course><hAcc>2.932178</hAcc><vAcc>3.000000</vAcc></extensions></trkpt>
      <trkpt lon="-76.445994" lat="39.346457"><ele>23.508002</ele><time>2026-03-11T23:36:17Z</time><extensions><speed>1.155618</speed><course>24.558864</course><hAcc>2.895042</hAcc><vAcc>3.000000</vAcc></extensions></trkpt>
      <trkpt lon="-76.445983" lat="39.346465"><ele>23.347711</ele><time>2026-03-11T23:36:18Z</time><extensions><speed>1.196138</speed><course>32.643701</course><hAcc>2.908201</hAcc><vAcc>3.000000</vAcc></extensions></trkpt>
      <trkpt lon="-76.445977" lat="39.346473"><ele>23.428358</ele><time>2026-03-11T23:36:19Z</time><extensions><speed>1.115533</speed><course>29.991235</course><hAcc>2.917800</hAcc><vAcc>3.000000</vAcc></extensions></trkpt>
      <trkpt lon="-76.445969" lat="39.346485"><ele>23.253230</ele><time>2026-03-11T23:36:20Z</time><extensions><speed>1.308841</speed><course>29.442478</course><hAcc>2.918815</hAcc><vAcc>3.000000</vAcc></extensions></trkpt>
      <trkpt lon="-76.445960" lat="39.346495"><ele>23.190625</ele><time>2026-03-11T23:36:21Z</time><extensions><speed>1.410315</speed><course>31.659704</course><hAcc>2.998318</hAcc><vAcc>3.000000</vAcc></extensions></trkpt>
      <trkpt lon="-76.445956" lat="39.346506"><ele>23.378877</ele><time>2026-03-11T23:36:22Z</time><extensions><speed>1.326160</speed><course>27.729241</course><hAcc>2.964188</hAcc><vAcc>3.000000</vAcc></extensions></trkpt>
      <trkpt lon="-76.445946" lat="39.346517"><ele>23.017026</ele><time>2026-03-11T23:36:23Z</time><extensions><speed>1.303892</speed><course>31.757580</course><hAcc>2.935705</hAcc><vAcc>3.000000</vAcc></extensions></trkpt>
      <trkpt lon="-76.445941" lat="39.346522"><ele>23.029310</ele><time>2026-03-11T23:36:24Z</time><extensions><speed>0.940166</speed><course>35.411449</course><hAcc>3.013072</hAcc><vAcc>3.000000</vAcc></extensions></trkpt>
      <trkpt lon="-76.445935" lat="39.346533"><ele>23.064687</ele><time>2026-03-11T23:36:25Z</time><extensions><speed>1.007906</speed><course>31.882838</course><hAcc>3.020559</hAcc><vAcc>3.000000</vAcc></extensions></trkpt>
      <trkpt lon="-76.445927" lat="39.346545"><ele>22.926716</ele><time>2026-03-11T23:36:26Z</time><extensions><speed>1.208377</speed><course>28.285701</course><hAcc>2.988583</hAcc><vAcc>3.000000</vAcc></extensions></trkpt>
      <trkpt lon="-76.445922" lat="39.346556"><ele>22.874578</ele><time>2026-03-11T23:36:27Z</time><extensions><speed>1.279569</speed><course>24.233054</course><hAcc>3.083449</hAcc><vAcc>3.000000</vAcc></extensions></trkpt>
      <trkpt lon="-76.445915" lat="39.346568"><ele>23.121963</ele><time>2026-03-11T23:36:28Z</time><extensions><speed>1.371359</speed><course>24.117048</course><hAcc>3.029277</hAcc><vAcc>3.000000</vAcc></extensions></trkpt>
      <trkpt lon="-76.445908" lat="39.346578"><ele>22.898559</ele><time>2026-03-11T23:36:29Z</time><extensions><speed>1.295462</speed><course>24.124115</course><hAcc>2.977813</hAcc><vAcc>3.000000</vAcc></extensions></trkpt>
      <trkpt lon="-76.445904" lat="39.346589"><ele>22.855396</ele><time>2026-03-11T23:36:30Z</time><extensions><speed>1.253226</speed><course>22.004764</course><hAcc>2.928922</hAcc><vAcc>3.000000</vAcc></extensions></trkpt>
      <trkpt lon="-76.445906" lat="39.346590"><ele>23.552595</ele><time>2026-03-11T23:36:31Z</time><extensions><speed>0.675938</speed><course>12.804078</course><hAcc>2.882476</hAcc><vAcc>3.000000</vAcc></extensions></trkpt>
      <trkpt lon="-76.445905" lat="39.346604"><ele>23.691360</ele><time>2026-03-11T23:36:32Z</time><extensions><speed>0.915015</speed><course>8.662392</course><hAcc>2.857082</hAcc><vAcc>3.000000</vAcc></extensions></trkpt>
      <trkpt lon="-76.445899" lat="39.346616"><ele>23.598825</ele><time>2026-03-11T23:36:33Z</time><extensions><speed>1.154967</speed><course>11.740642</course><hAcc>2.875729</hAcc><vAcc>3.000000</vAcc></extensions></trkpt>
      <trkpt lon="-76.445897" lat="39.346628"><ele>23.477573</ele><time>2026-03-11T23:36:34Z</time><extensions><speed>1.261187</speed><course>8.326501</course><hAcc>2.873439</hAcc><vAcc>3.000000</vAcc></extensions></trkpt>
      <trkpt lon="-76.445894" lat="39.346639"><ele>23.554245</ele><time>2026-03-11T23:36:35Z</time><extensions><speed>1.352255</speed><course>8.758792</course><hAcc>2.830793</hAcc><vAcc>3.000000</vAcc></extensions></trkpt>
      <trkpt lon="-76.445892" lat="39.346653"><ele>23.196966</ele><time>2026-03-11T23:36:36Z</time><extensions><speed>1.423169</speed><course>7.953204</course><hAcc>2.793241</hAcc><vAcc>3.000000</vAcc></extensions></trkpt>
      <trkpt lon="-76.445888" lat="39.346664"><ele>22.759046</ele><time>2026-03-11T23:36:37Z</time><extensions><speed>1.321698</speed><course>9.564905</course><hAcc>2.753579</hAcc><vAcc>3.000000</vAcc></extensions></trkpt>
      <trkpt lon="-76.445885" lat="39.346675"><ele>22.494404</ele><time>2026-03-11T23:36:38Z</time><extensions><speed>1.301303</speed><course>9.642406</course><hAcc>2.770455</hAcc><vAcc>3.000000</vAcc></extensions></trkpt>
      <trkpt lon="-76.445888" lat="39.346684"><ele>22.678322</ele><time>2026-03-11T23:36:39Z</time><extensions><speed>1.194537</speed><course>0.346413</course><hAcc>2.811022</hAcc><vAcc>3.000000</vAcc></extensions></trkpt>
      <trkpt lon="-76.445889" lat="39.346694"><ele>22.665175</ele><time>2026-03-11T23:36:40Z</time><extensions><speed>1.167337</speed><course>359.030881</course><hAcc>2.821806</hAcc><vAcc>3.000000</vAcc></extensions></trkpt>
      <trkpt lon="-76.445892" lat="39.346703"><ele>22.817580</ele><time>2026-03-11T23:36:41Z</time><extensions><speed>1.176962</speed><course>353.265764</course><hAcc>2.902036</hAcc><vAcc>3.000000</vAcc></extensions></trkpt>
      <trkpt lon="-76.445892" lat="39.346715"><ele>22.370634</ele><time>2026-03-11T23:36:42Z</time><extensions><speed>1.250814</speed><course>358.055182</course><hAcc>2.856934</hAcc><vAcc>3.000000</vAcc></extensions></trkpt>
      <trkpt lon="-76.445896" lat="39.346726"><ele>22.346518</ele><time>2026-03-11T23:36:43Z</time><extensions><speed>1.237201</speed><course>351.590332</course><hAcc>2.895643</hAcc><vAcc>3.000000</vAcc></extensions></trkpt>
      <trkpt lon="-76.445899" lat="39.346732"><ele>22.757181</ele><time>2026-03-11T23:36:44Z</time><extensions><speed>0.892159</speed><course>352.331295</course><hAcc>2.920226</hAcc><vAcc>3.000000</vAcc></extensions></trkpt>
      <trkpt lon="-76.445898" lat="39.346742"><ele>22.661794</ele><time>2026-03-11T23:36:45Z</time><extensions><speed>1.008547</speed><course>359.127204</course><hAcc>2.874214</hAcc><vAcc>3.000000</vAcc></extensions></trkpt>
      <trkpt lon="-76.445900" lat="39.346753"><ele>22.522380</ele><time>2026-03-11T23:36:46Z</time><extensions><speed>1.088592</speed><course>356.784360</course><hAcc>2.973529</hAcc><vAcc>3.000000</vAcc></extensions></trkpt>
      <trkpt lon="-76.445900" lat="39.346763"><ele>22.396855</ele><time>2026-03-11T23:36:47Z</time><extensions><speed>1.151166</speed><course>357.303347</course><hAcc>2.924852</hAcc><vAcc>3.000000</vAcc></extensions></trkpt>
      <trkpt lon="-76.445902" lat="39.346775"><ele>22.125937</ele><time>2026-03-11T23:36:48Z</time><extensions><speed>1.220395</speed><course>354.204583</course><hAcc>2.918788</hAcc><vAcc>3.000000</vAcc></extensions></trkpt>
      <trkpt lon="-76.445896" lat="39.346784"><ele>21.997145</ele><time>2026-03-11T23:36:49Z</time><extensions><speed>0.996493</speed><course>7.985251</course><hAcc>2.935619</hAcc><vAcc>3.000000</vAcc></extensions></trkpt>
      <trkpt lon="-76.445897" lat="39.346796"><ele>21.944292</ele><time>2026-03-11T23:36:50Z</time><extensions><speed>1.157926</speed><course>2.632536</course><hAcc>2.888838</hAcc><vAcc>3.000000</vAcc></extensions></trkpt>
      <trkpt lon="-76.445896" lat="39.346809"><ele>22.356292</ele><time>2026-03-11T23:36:51Z</time><extensions><speed>1.211132</speed><course>4.014416</course><hAcc>2.857871</hAcc><vAcc>3.000000</vAcc></extensions></trkpt>
      <trkpt lon="-76.445899" lat="39.346820"><ele>22.305339</ele><time>2026-03-11T23:36:52Z</time><extensions><speed>1.215811</speed><course>358.111431</course><hAcc>2.830924</hAcc><vAcc>3.000000</vAcc></extensions></trkpt>
      <trkpt lon="-76.445898" lat="39.346832"><ele>22.050539</ele><time>2026-03-11T23:36:53Z</time><extensions><speed>1.279564</speed><course>358.838690</course><hAcc>2.789378</hAcc><vAcc>3.000000</vAcc></extensions></trkpt>
      <trkpt lon="-76.445902" lat="39.346844"><ele>22.224642</ele><time>2026-03-11T23:36:54Z</time><extensions><speed>1.362762</speed><course>353.555424</course><hAcc>2.785170</hAcc><vAcc>3.000000</vAcc></extensions></trkpt>
      <trkpt lon="-76.445908" lat="39.346851"><ele>22.336208</ele><time>2026-03-11T23:36:55Z</time><extensions><speed>1.180376</speed><course>344.498924</course><hAcc>2.745912</hAcc><vAcc>3.000000</vAcc></extensions></trkpt>
      <trkpt lon="-76.445915" lat="39.346859"><ele>22.437055</ele><time>2026-03-11T23:36:56Z</time><extensions><speed>1.135334</speed><course>336.687977</course><hAcc>2.708616</hAcc><vAcc>3.000000</vAcc></extensions></trkpt>
      <trkpt lon="-76.445918" lat="39.346868"><ele>22.179510</ele><time>2026-03-11T23:36:57Z</time><extensions><speed>1.110685</speed><course>340.505612</course><hAcc>2.688435</hAcc><vAcc>3.000000</vAcc></extensions></trkpt>
      <trkpt lon="-76.445926" lat="39.346878"><ele>22.279545</ele><time>2026-03-11T23:36:58Z</time><extensions><speed>1.071160</speed><course>340.884956</course><hAcc>2.662758</hAcc><vAcc>3.000000</vAcc></extensions></trkpt>
      <trkpt lon="-76.445931" lat="39.346895"><ele>22.342047</ele><time>2026-03-11T23:36:59Z</time><extensions><speed>1.486061</speed><course>343.043941</course><hAcc>2.642742</hAcc><vAcc>3.000000</vAcc></extensions></trkpt>
      <trkpt lon="-76.445931" lat="39.346904"><ele>22.091996</ele><time>2026-03-11T23:37:00Z</time><extensions><speed>1.088535</speed><course>348.586238</course><hAcc>2.615726</hAcc><vAcc>3.000000</vAcc></extensions></trkpt>
      <trkpt lon="-76.445939" lat="39.346914"><ele>21.568056</ele><time>2026-03-11T23:37:01Z</time><extensions><speed>1.278383</speed><course>341.367950</course><hAcc>2.591282</hAcc><vAcc>3.000000</vAcc></extensions></trkpt>
      <trkpt lon="-76.445949" lat="39.346926"><ele>21.511574</ele><time>2026-03-11T23:37:02Z</time><extensions><speed>1.408353</speed><course>335.688599</course><hAcc>2.585470</hAcc><vAcc>3.000000</vAcc></extensions></trkpt>
      <trkpt lon="-76.445951" lat="39.346933"><ele>21.720989</ele><time>2026-03-11T23:37:03Z</time><extensions><speed>1.075150</speed><course>340.607963</course><hAcc>2.574183</hAcc><vAcc>3.000000</vAcc></extensions></trkpt>
      <trkpt lon="-76.445960" lat="39.346944"><ele>21.828235</ele><time>2026-03-11T23:37:04Z</time><extensions><speed>1.258079</speed><course>334.093454</course><hAcc>2.571961</hAcc><vAcc>3.000000</vAcc></extensions></trkpt>
      <trkpt lon="-76.445970" lat="39.346952"><ele>21.676785</ele><time>2026-03-11T23:37:05Z</time><extensions><speed>1.276282</speed><course>328.520675</course><hAcc>2.580455</hAcc><vAcc>3.000000</vAcc></extensions></trkpt>
      <trkpt lon="-76.445980" lat="39.346961"><ele>21.309625</ele><time>2026-03-11T23:37:06Z</time><extensions><speed>1.274200</speed><course>326.822808</course><hAcc>2.551432</hAcc><vAcc>3.000000</vAcc></extensions></trkpt>
      <trkpt lon="-76.445995" lat="39.346972"><ele>21.646052</ele><time>2026-03-11T23:37:07Z</time><extensions><speed>1.562913</speed><course>323.730961</course><hAcc>2.597792</hAcc><vAcc>3.000000</vAcc></extensions></trkpt>
      <trkpt lon="-76.445998" lat="39.346978"><ele>21.536589</ele><time>2026-03-11T23:37:07Z</time><extensions><speed>1.102221</speed><course>326.883086</course><hAcc>2.621677</hAcc><vAcc>3.000000</vAcc></extensions></trkpt>
      <trkpt lon="-76.446009" lat="39.346989"><ele>21.239096</ele><time>2026-03-11T23:37:08Z</time><extensions><speed>1.286401</speed><course>328.954667</course><hAcc>2.659467</hAcc><vAcc>3.000000</vAcc></extensions></trkpt>
      <trkpt lon="-76.446028" lat="39.346998"><ele>20.975883</ele><time>2026-03-11T23:37:09Z</time><extensions><speed>1.495427</speed><course>326.552603</course><hAcc>2.782973</hAcc><vAcc>3.000000</vAcc></extensions></trkpt>
      <trkpt lon="-76.446038" lat="39.347000"><ele>21.475798</ele><time>2026-03-11T23:37:10Z</time><extensions><speed>1.077867</speed><course>325.753658</course><hAcc>2.782675</hAcc><vAcc>3.000000</vAcc></extensions></trkpt>
      <trkpt lon="-76.446046" lat="39.347007"><ele>21.392592</ele><time>2026-03-11T23:37:11Z</time><extensions><speed>1.090179</speed><course>325.635194</course><hAcc>2.771106</hAcc><vAcc>3.000000</vAcc></extensions></trkpt>
      <trkpt lon="-76.446058" lat="39.347018"><ele>21.538190</ele><time>2026-03-11T23:37:12Z</time><extensions><speed>1.365561</speed><course>321.752427</course><hAcc>2.751643</hAcc><vAcc>3.000000</vAcc></extensions></trkpt>
      <trkpt lon="-76.446063" lat="39.347025"><ele>21.603360</ele><time>2026-03-11T23:37:13Z</time><extensions><speed>1.206017</speed><course>325.352008</course><hAcc>2.726468</hAcc><vAcc>3.000000</vAcc></extensions></trkpt>
      <trkpt lon="-76.446068" lat="39.347033"><ele>21.732079</ele><time>2026-03-11T23:37:14Z</time><extensions><speed>1.105230</speed><course>328.702284</course><hAcc>2.692456</hAcc><vAcc>3.000000</vAcc></extensions></trkpt>
      <trkpt lon="-76.446084" lat="39.347037"><ele>21.855632</ele><time>2026-03-11T23:37:15Z</time><extensions><speed>1.180512</speed><course>310.814388</course><hAcc>2.677025</hAcc><vAcc>3.000000</vAcc></extensions></trkpt>
      <trkpt lon="-76.446097" lat="39.347046"><ele>22.207677</ele><time>2026-03-11T23:37:16Z</time><extensions><speed>1.317852</speed><course>310.726991</course><hAcc>2.643174</hAcc><vAcc>3.000000</vAcc></extensions></trkpt>
      <trkpt lon="-76.446106" lat="39.347053"><ele>22.225657</ele><time>2026-03-11T23:37:17Z</time><extensions><speed>1.188738</speed><course>314.174308</course><hAcc>2.631499</hAcc><vAcc>3.000000</vAcc></extensions></trkpt>
      <trkpt lon="-76.446116" lat="39.347058"><ele>22.134348</ele><time>2026-03-11T23:37:18Z</time><extensions><speed>1.046989</speed><course>309.447081</course><hAcc>2.657904</hAcc><vAcc>3.000000</vAcc></extensions></trkpt>
      <trkpt lon="-76.446128" lat="39.347066"><ele>22.136103</ele><time>2026-03-11T23:37:19Z</time><extensions><speed>1.131569</speed><course>309.908344</course><hAcc>2.658677</hAcc><vAcc>3.000000</vAcc></extensions></trkpt>
      <trkpt lon="-76.446142" lat="39.347073"><ele>22.111019</ele><time>2026-03-11T23:37:20Z</time><extensions><speed>1.255027</speed><course>307.705393</course><hAcc>2.625743</hAcc><vAcc>3.000000</vAcc></extensions></trkpt>
      <trkpt lon="-76.446155" lat="39.347078"><ele>22.376157</ele><time>2026-03-11T23:37:21Z</time><extensions><speed>1.251674</speed><course>304.934819</course><hAcc>2.594456</hAcc><vAcc>3.000000</vAcc></extensions></trkpt>
      <trkpt lon="-76.446162" lat="39.347084"><ele>22.286771</ele><time>2026-03-11T23:37:22Z</time><extensions><speed>1.026125</speed><course>310.441216</course><hAcc>2.590344</hAcc><vAcc>3.000000</vAcc></extensions></trkpt>
      <trkpt lon="-76.446177" lat="39.347092"><ele>22.614069</ele><time>2026-03-11T23:37:23Z</time><extensions><speed>1.280787</speed><course>304.973209</course><hAcc>2.577260</hAcc><vAcc>3.000000</vAcc></extensions></trkpt>
      <trkpt lon="-76.446192" lat="39.347101"><ele>22.485585</ele><time>2026-03-11T23:37:24Z</time><extensions><speed>1.520348</speed><course>306.245706</course><hAcc>2.581656</hAcc><vAcc>3.000000</vAcc></extensions></trkpt>
      <trkpt lon="-76.446202" lat="39.347105"><ele>22.586296</ele><time>2026-03-11T23:37:25Z</time><extensions><speed>1.189519</speed><course>306.167612</course><hAcc>2.597556</hAcc><vAcc>3.000000</vAcc></extensions></trkpt>
      <trkpt lon="-76.446216" lat="39.347114"><ele>22.728800</ele><time>2026-03-11T23:37:26Z</time><extensions><speed>1.410116</speed><course>307.965725</course><hAcc>2.647593</hAcc><vAcc>3.000000</vAcc></extensions></trkpt>
      <trkpt lon="-76.446228" lat="39.347123"><ele>22.833468</ele><time>2026-03-11T23:37:27Z</time><extensions><speed>1.392205</speed><course>308.995867</course><hAcc>2.678323</hAcc><vAcc>3.000000</vAcc></extensions></trkpt>
      <trkpt lon="-76.446238" lat="39.347126"><ele>22.310208</ele><time>2026-03-11T23:37:28Z</time><extensions><speed>1.232475</speed><course>304.708491</course><hAcc>2.692488</hAcc><vAcc>3.000000</vAcc></extensions></trkpt>
      <trkpt lon="-76.446253" lat="39.347130"><ele>22.113197</ele><time>2026-03-11T23:37:29Z</time><extensions><speed>1.270512</speed><course>297.911170</course><hAcc>2.693442</hAcc><vAcc>3.000000</vAcc></extensions></trkpt>
      <trkpt lon="-76.446268" lat="39.347134"><ele>22.463323</ele><time>2026-03-11T23:37:30Z</time><extensions><speed>1.340616</speed><course>295.991127</course><hAcc>2.658770</hAcc><vAcc>3.000000</vAcc></extensions></trkpt>
      <trkpt lon="-76.446279" lat="39.347133"><ele>23.068287</ele><time>2026-03-11T23:37:31Z</time><extensions><speed>1.267031</speed><course>289.824544</course><hAcc>2.692836</hAcc><vAcc>3.000000</vAcc></extensions></trkpt>
      <trkpt lon="-76.446290" lat="39.347139"><ele>22.673908</ele><time>2026-03-11T23:37:32Z</time><extensions><speed>1.168640</speed><course>296.116542</course><hAcc>2.681618</hAcc><vAcc>3.000000</vAcc></extensions></trkpt>
      <trkpt lon="-76.446306" lat="39.347141"><ele>22.716655</ele><time>2026-03-11T23:37:33Z</time><extensions><speed>1.179547</speed><course>288.616971</course><hAcc>2.685202</hAcc><vAcc>3.000000</vAcc></extensions></trkpt>
      <trkpt lon="-76.446323" lat="39.347142"><ele>22.641202</ele><time>2026-03-11T23:37:34Z</time><extensions><speed>1.299387</speed><course>282.424465</course><hAcc>2.688752</hAcc><vAcc>3.000000</vAcc></extensions></trkpt>
      <trkpt lon="-76.446334" lat="39.347146"><ele>22.719215</ele><time>2026-03-11T23:37:35Z</time><extensions><speed>1.239170</speed><course>285.186978</course><hAcc>2.670493</hAcc><vAcc>3.000000</vAcc></extensions></trkpt>
      <trkpt lon="-76.446347" lat="39.347150"><ele>22.374118</ele><time>2026-03-11T23:37:36Z</time><extensions><speed>1.166848</speed><course>289.983687</course><hAcc>2.689040</hAcc><vAcc>3.000000</vAcc></extensions></trkpt>
      <trkpt lon="-76.446358" lat="39.347154"><ele>23.049836</ele><time>2026-03-11T23:37:37Z</time><extensions><speed>1.079413</speed><course>292.712201</course><hAcc>2.654588</hAcc><vAcc>3.000000</vAcc></extensions></trkpt>
      <trkpt lon="-76.446376" lat="39.347156"><ele>23.162796</ele><time>2026-03-11T23:37:38Z</time><extensions><speed>1.246745</speed><course>286.788260</course><hAcc>2.621858</hAcc><vAcc>3.000000</vAcc></extensions></trkpt>
      <trkpt lon="-76.446391" lat="39.347158"><ele>22.811327</ele><time>2026-03-11T23:37:39Z</time><extensions><speed>1.245524</speed><course>284.153403</course><hAcc>2.604991</hAcc><vAcc>3.000000</vAcc></extensions></trkpt>
      <trkpt lon="-76.446409" lat="39.347157"><ele>23.040457</ele><time>2026-03-11T23:37:40Z</time><extensions><speed>1.314499</speed><course>279.639494</course><hAcc>2.598717</hAcc><vAcc>3.000000</vAcc></extensions></trkpt>
      <trkpt lon="-76.446423" lat="39.347156"><ele>23.177135</ele><time>2026-03-11T23:37:41Z</time><extensions><speed>1.172678</speed><course>277.417225</course><hAcc>2.696409</hAcc><vAcc>3.000000</vAcc></extensions></trkpt>
      <trkpt lon="-76.446432" lat="39.347159"><ele>23.306728</ele><time>2026-03-11T23:37:42Z</time><extensions><speed>0.959205</speed><course>285.253720</course><hAcc>2.872943</hAcc><vAcc>3.000000</vAcc></extensions></trkpt>
      <trkpt lon="-76.446448" lat="39.347159"><ele>23.149033</ele><time>2026-03-11T23:37:43Z</time><extensions><speed>1.110849</speed><course>281.141385</course><hAcc>2.939310</hAcc><vAcc>3.000000</vAcc></extensions></trkpt>
      <trkpt lon="-76.446462" lat="39.347160"><ele>22.929214</ele><time>2026-03-11T23:37:44Z</time><extensions><speed>1.188886</speed><course>277.142657</course><hAcc>2.925695</hAcc><vAcc>3.000000</vAcc></extensions></trkpt>
      <trkpt lon="-76.446476" lat="39.347158"><ele>23.028718</ele><time>2026-03-11T23:37:45Z</time><extensions><speed>1.190717</speed><course>271.977518</course><hAcc>2.923745</hAcc><vAcc>3.000000</vAcc></extensions></trkpt>
      <trkpt lon="-76.446489" lat="39.347157"><ele>22.929857</ele><time>2026-03-11T23:37:46Z</time><extensions><speed>1.168885</speed><course>268.556011</course><hAcc>2.970842</hAcc><vAcc>3.000000</vAcc></extensions></trkpt>
      <trkpt lon="-76.446503" lat="39.347155"><ele>23.149399</ele><time>2026-03-11T23:37:47Z</time><extensions><speed>1.199794</speed><course>272.080025</course><hAcc>2.993413</hAcc><vAcc>3.000000</vAcc></extensions></trkpt>
      <trkpt lon="-76.446516" lat="39.347155"><ele>23.066571</ele><time>2026-03-11T23:37:48Z</time><extensions><speed>1.132611</speed><course>275.497094</course><hAcc>3.090176</hAcc><vAcc>3.000000</vAcc></extensions></trkpt>
      <trkpt lon="-76.446534" lat="39.347155"><ele>23.604162</ele><time>2026-03-11T23:37:49Z</time><extensions><speed>1.279842</speed><course>274.952394</course><hAcc>3.104883</hAcc><vAcc>3.000000</vAcc></extensions></trkpt>
      <trkpt lon="-76.446544" lat="39.347153"><ele>23.575725</ele><time>2026-03-11T23:37:50Z</time><extensions><speed>1.085137</speed><course>268.697808</course><hAcc>3.101775</hAcc><vAcc>3.000000</vAcc></extensions></trkpt>
      <trkpt lon="-76.446555" lat="39.347154"><ele>23.714506</ele><time>2026-03-11T23:37:51Z</time><extensions><speed>1.049262</speed><course>276.797994</course><hAcc>3.082074</hAcc><vAcc>3.000000</vAcc></extensions></trkpt>
      <trkpt lon="-76.446568" lat="39.347156"><ele>23.497659</ele><time>2026-03-11T23:37:52Z</time><extensions><speed>1.141162</speed><course>278.122138</course><hAcc>3.027970</hAcc><vAcc>3.000000</vAcc></extensions></trkpt>
      <trkpt lon="-76.446583" lat="39.347154"><ele>23.686257</ele><time>2026-03-11T23:37:53Z</time><extensions><speed>1.230514</speed><course>274.314111</course><hAcc>3.051588</hAcc><vAcc>3.000000</vAcc></extensions></trkpt>
      <trkpt lon="-76.446595" lat="39.347156"><ele>23.477510</ele><time>2026-03-11T23:37:54Z</time><extensions><speed>1.181061</speed><course>277.829028</course><hAcc>3.021564</hAcc><vAcc>3.000000</vAcc></extensions></trkpt>
      <trkpt lon="-76.446615" lat="39.347157"><ele>23.693289</ele><time>2026-03-11T23:37:55Z</time><extensions><speed>1.387840</speed><course>276.162571</course><hAcc>3.033506</hAcc><vAcc>3.000000</vAcc></extensions></trkpt>
      <trkpt lon="-76.446633" lat="39.347157"><ele>23.519714</ele><time>2026-03-11T23:37:56Z</time><extensions><speed>1.344358</speed><course>274.774054</course><hAcc>2.998600</hAcc><vAcc>3.000000</vAcc></extensions></trkpt>
      <trkpt lon="-76.446643" lat="39.347156"><ele>23.558163</ele><time>2026-03-11T23:37:57Z</time><extensions><speed>1.065650</speed><course>272.402291</course><hAcc>2.961344</hAcc><vAcc>3.000000</vAcc></extensions></trkpt>
      <trkpt lon="-76.446663" lat="39.347157"><ele>23.645787</ele><time>2026-03-11T23:37:58Z</time><extensions><speed>1.265520</speed><course>274.657808</course><hAcc>2.972341</hAcc><vAcc>3.000000</vAcc></extensions></trkpt>
      <trkpt lon="-76.446679" lat="39.347161"><ele>23.302201</ele><time>2026-03-11T23:37:59Z</time><extensions><speed>1.251378</speed><course>280.843671</course><hAcc>2.960086</hAcc><vAcc>3.000000</vAcc></extensions></trkpt>
      <trkpt lon="-76.446689" lat="39.347162"><ele>23.639460</ele><time>2026-03-11T23:38:00Z</time><extensions><speed>1.046136</speed><course>283.349078</course><hAcc>3.013315</hAcc><vAcc>3.000000</vAcc></extensions></trkpt>
      <trkpt lon="-76.446703" lat="39.347164"><ele>23.771890</ele><time>2026-03-11T23:38:01Z</time><extensions><speed>1.070534</speed><course>284.729622</course><hAcc>3.254704</hAcc><vAcc>3.000000</vAcc></extensions></trkpt>
      <trkpt lon="-76.446721" lat="39.347163"><ele>23.539917</ele><time>2026-03-11T23:38:02Z</time><extensions><speed>1.190339</speed><course>280.933544</course><hAcc>3.327109</hAcc><vAcc>3.000000</vAcc></extensions></trkpt>
      <trkpt lon="-76.446737" lat="39.347165"><ele>23.892712</ele><time>2026-03-11T23:38:03Z</time><extensions><speed>1.148358</speed><course>285.739084</course><hAcc>3.411766</hAcc><vAcc>3.070061</vAcc></extensions></trkpt>
      <trkpt lon="-76.446749" lat="39.347166"><ele>23.762356</ele><time>2026-03-11T23:38:04Z</time><extensions><speed>1.047758</speed><course>285.190190</course><hAcc>3.479034</hAcc><vAcc>3.000000</vAcc></extensions></trkpt>
      <trkpt lon="-76.446761" lat="39.347168"><ele>23.839140</ele><time>2026-03-11T23:38:05Z</time><extensions><speed>1.070291</speed><course>285.492184</course><hAcc>3.557782</hAcc><vAcc>3.097489</vAcc></extensions></trkpt>
      <trkpt lon="-76.446774" lat="39.347174"><ele>23.894493</ele><time>2026-03-11T23:38:06Z</time><extensions><speed>1.145437</speed><course>291.004882</course><hAcc>3.573438</hAcc><vAcc>3.168272</vAcc></extensions></trkpt>
      <trkpt lon="-76.446785" lat="39.347184"><ele>23.755141</ele><time>2026-03-11T23:38:07Z</time><extensions><speed>1.156703</speed><course>298.756901</course><hAcc>3.569199</hAcc><vAcc>3.096049</vAcc></extensions></trkpt>
      <trkpt lon="-76.446795" lat="39.347191"><ele>24.067282</ele><time>2026-03-11T23:38:08Z</time><extensions><speed>1.203761</speed><course>302.228875</course><hAcc>3.591102</hAcc><vAcc>3.026873</vAcc></extensions></trkpt>
      <trkpt lon="-76.446801" lat="39.347196"><ele>23.908286</ele><time>2026-03-11T23:38:09Z</time><extensions><speed>0.928205</speed><course>306.482933</course><hAcc>3.680927</hAcc><vAcc>3.164189</vAcc></extensions></trkpt>
      <trkpt lon="-76.446809" lat="39.347199"><ele>23.548548</ele><time>2026-03-11T23:38:10Z</time><extensions><speed>0.891209</speed><course>305.393344</course><hAcc>3.613758</hAcc><vAcc>3.156409</vAcc></extensions></trkpt>
      <trkpt lon="-76.446825" lat="39.347201"><ele>23.819847</ele><time>2026-03-11T23:38:11Z</time><extensions><speed>1.057753</speed><course>296.002770</course><hAcc>3.624702</hAcc><vAcc>3.293481</vAcc></extensions></trkpt>
      <trkpt lon="-76.446841" lat="39.347202"><ele>24.049990</ele><time>2026-03-11T23:38:12Z</time><extensions><speed>1.143102</speed><course>291.783282</course><hAcc>3.631319</hAcc><vAcc>3.302739</vAcc></extensions></trkpt>
      <trkpt lon="-76.446857" lat="39.347203"><ele>24.087255</ele><time>2026-03-11T23:38:13Z</time><extensions><speed>1.174334</speed><course>287.686451</course><hAcc>3.626526</hAcc><vAcc>3.234267</vAcc></extensions></trkpt>
      <trkpt lon="-76.446866" lat="39.347207"><ele>24.098790</ele><time>2026-03-11T23:38:14Z</time><extensions><speed>1.051125</speed><course>293.033042</course><hAcc>3.654272</hAcc><vAcc>3.231669</vAcc></extensions></trkpt>
      <trkpt lon="-76.446875" lat="39.347210"><ele>24.165445</ele><time>2026-03-11T23:38:15Z</time><extensions><speed>0.956340</speed><course>295.407052</course><hAcc>3.640954</hAcc><vAcc>3.088607</vAcc></extensions></trkpt>
      <trkpt lon="-76.446886" lat="39.347212"><ele>23.766097</ele><time>2026-03-11T23:38:16Z</time><extensions><speed>0.960232</speed><course>291.282472</course><hAcc>3.700860</hAcc><vAcc>3.275215</vAcc></extensions></trkpt>
      <trkpt lon="-76.446902" lat="39.347214"><ele>23.829238</ele><time>2026-03-11T23:38:17Z</time><extensions><speed>1.110174</speed><course>290.486491</course><hAcc>3.836354</hAcc><vAcc>3.460166</vAcc></extensions></trkpt>
      <trkpt lon="-76.446916" lat="39.347218"><ele>23.972067</ele><time>2026-03-11T23:38:18Z</time><extensions><speed>1.202452</speed><course>296.807036</course><hAcc>3.887800</hAcc><vAcc>3.382415</vAcc></extensions></trkpt>
      <trkpt lon="-76.446927" lat="39.347222"><ele>23.969778</ele><time>2026-03-11T23:38:19Z</time><extensions><speed>1.107291</speed><course>299.121062</course><hAcc>3.906972</hAcc><vAcc>3.313958</vAcc></extensions></trkpt>
      <trkpt lon="-76.446939" lat="39.347226"><ele>24.227633</ele><time>2026-03-11T23:38:20Z</time><extensions><speed>1.011498</speed><course>298.828893</course><hAcc>3.909568</hAcc><vAcc>3.383982</vAcc></extensions></trkpt>
      <trkpt lon="-76.446951" lat="39.347232"><ele>24.241157</ele><time>2026-03-11T23:38:21Z</time><extensions><speed>1.084547</speed><course>301.822237</course><hAcc>3.867334</hAcc><vAcc>3.473023</vAcc></extensions></trkpt>
      <trkpt lon="-76.446960" lat="39.347239"><ele>24.261166</ele><time>2026-03-11T23:38:22Z</time><extensions><speed>1.033011</speed><course>306.467166</course><hAcc>3.887600</hAcc><vAcc>3.405036</vAcc></extensions></trkpt>
      <trkpt lon="-76.446970" lat="39.347245"><ele>23.993023</ele><time>2026-03-11T23:38:23Z</time><extensions><speed>1.055310</speed><course>306.167364</course><hAcc>3.893541</hAcc><vAcc>3.484722</vAcc></extensions></trkpt>
      <trkpt lon="-76.446983" lat="39.347251"><ele>24.148832</ele><time>2026-03-11T23:38:24Z</time><extensions><speed>1.156297</speed><course>302.478038</course><hAcc>3.888739</hAcc><vAcc>3.483138</vAcc></extensions></trkpt>
      <trkpt lon="-76.446994" lat="39.347260"><ele>23.952171</ele><time>2026-03-11T23:38:25Z</time><extensions><speed>1.159382</speed><course>306.741234</course><hAcc>3.859872</hAcc><vAcc>3.557790</vAcc></extensions></trkpt>
      <trkpt lon="-76.446999" lat="39.347267"><ele>23.684789</ele><time>2026-03-11T23:38:26Z</time><extensions><speed>1.010275</speed><course>313.369789</course><hAcc>3.821146</hAcc><vAcc>3.558966</vAcc></extensions></trkpt>
      <trkpt lon="-76.447009" lat="39.347273"><ele>23.330908</ele><time>2026-03-11T23:38:27Z</time><extensions><speed>1.031319</speed><course>314.887567</course><hAcc>3.786194</hAcc><vAcc>3.631106</vAcc></extensions></trkpt>
      <trkpt lon="-76.447018" lat="39.347276"><ele>23.449153</ele><time>2026-03-11T23:38:28Z</time><extensions><speed>0.847101</speed><course>313.372897</course><hAcc>3.757535</hAcc><vAcc>3.387248</vAcc></extensions></trkpt>
      <trkpt lon="-76.447031" lat="39.347281"><ele>23.459793</ele><time>2026-03-11T23:38:29Z</time><extensions><speed>0.940164</speed><course>307.545694</course><hAcc>3.764106</hAcc><vAcc>3.296546</vAcc></extensions></trkpt>
      <trkpt lon="-76.447037" lat="39.347280"><ele>23.769585</ele><time>2026-03-11T23:38:30Z</time><extensions><speed>0.662378</speed><course>298.100785</course><hAcc>3.743769</hAcc><vAcc>3.207984</vAcc></extensions></trkpt>
      <trkpt lon="-76.447046" lat="39.347280"><ele>23.746410</ele><time>2026-03-11T23:38:31Z</time><extensions><speed>0.699210</speed><course>291.359081</course><hAcc>3.724576</hAcc><vAcc>3.238628</vAcc></extensions></trkpt>
      <trkpt lon="-76.447051" lat="39.347283"><ele>23.600994</ele><time>2026-03-11T23:38:32Z</time><extensions><speed>0.609602</speed><course>295.122799</course><hAcc>3.811666</hAcc><vAcc>3.203721</vAcc></extensions></trkpt>
      <trkpt lon="-76.447055" lat="39.347284"><ele>23.825134</ele><time>2026-03-11T23:38:33Z</time><extensions><speed>0.329264</speed><course>296.549657</course><hAcc>3.812014</hAcc><vAcc>3.158472</vAcc></extensions></trkpt>
      <trkpt lon="-76.447050" lat="39.347286"><ele>23.808900</ele><time>2026-03-11T23:38:34Z</time><extensions><speed>0.187174</speed><course>296.549659</course><hAcc>3.890539</hAcc><vAcc>3.000000</vAcc></extensions></trkpt>
      <trkpt lon="-76.447050" lat="39.347290"><ele>23.846966</ele><time>2026-03-11T23:38:35Z</time><extensions><speed>0.192302</speed><course>296.549659</course><hAcc>4.003588</hAcc><vAcc>3.000000</vAcc></extensions></trkpt>
      <trkpt lon="-76.447051" lat="39.347290"><ele>23.987923</ele><time>2026-03-11T23:38:36Z</time><extensions><speed>0.000000</speed><course>296.549659</course><hAcc>4.040249</hAcc><vAcc>3.000000</vAcc></extensions></trkpt>
      <trkpt lon="-76.447055" lat="39.347282"><ele>23.789111</ele><time>2026-03-11T23:38:37Z</time><extensions><speed>0.262030</speed><course>296.549657</course><hAcc>4.034831</hAcc><vAcc>3.000000</vAcc></extensions></trkpt>
      <trkpt lon="-76.447055" lat="39.347295"><ele>23.768279</ele><time>2026-03-11T23:38:38Z</time><extensions><speed>0.692659</speed><course>322.690049</course><hAcc>4.046966</hAcc><vAcc>3.038987</vAcc></extensions></trkpt>
      <trkpt lon="-76.447061" lat="39.347296"><ele>23.352940</ele><time>2026-03-11T23:38:39Z</time><extensions><speed>0.592050</speed><course>299.170085</course><hAcc>4.069641</hAcc><vAcc>3.083132</vAcc></extensions></trkpt>
      <trkpt lon="-76.447060" lat="39.347307"><ele>22.503859</ele><time>2026-03-11T23:38:40Z</time><extensions><speed>0.832663</speed><course>332.252928</course><hAcc>3.966159</hAcc><vAcc>3.138789</vAcc></extensions></trkpt>
      <trkpt lon="-76.447076" lat="39.347319"><ele>22.374455</ele><time>2026-03-11T23:38:41Z</time><extensions><speed>1.379925</speed><course>324.536285</course><hAcc>3.897624</hAcc><vAcc>3.236297</vAcc></extensions></trkpt>
      <trkpt lon="-76.447087" lat="39.347324"><ele>22.806999</ele><time>2026-03-11T23:38:42Z</time><extensions><speed>1.062809</speed><course>322.833976</course><hAcc>3.885104</hAcc><vAcc>3.544743</vAcc></extensions></trkpt>
      <trkpt lon="-76.447093" lat="39.347334"><ele>22.588255</ele><time>2026-03-11T23:38:43Z</time><extensions><speed>1.177779</speed><course>327.101125</course><hAcc>3.822192</hAcc><vAcc>3.302389</vAcc></extensions></trkpt>
      <trkpt lon="-76.447103" lat="39.347343"><ele>22.965866</ele><time>2026-03-11T23:38:44Z</time><extensions><speed>1.211061</speed><course>324.211656</course><hAcc>3.762574</hAcc><vAcc>3.300354</vAcc></extensions></trkpt>
      <trkpt lon="-76.447113" lat="39.347347"><ele>23.224624</ele><time>2026-03-11T23:38:45Z</time><extensions><speed>1.051309</speed><course>313.699224</course><hAcc>3.722318</hAcc><vAcc>3.260375</vAcc></extensions></trkpt>
      <trkpt lon="-76.447124" lat="39.347355"><ele>23.172529</ele><time>2026-03-11T23:38:46Z</time><extensions><speed>1.117162</speed><course>311.592326</course><hAcc>3.697118</hAcc><vAcc>3.139065</vAcc></extensions></trkpt>
      <trkpt lon="-76.447139" lat="39.347361"><ele>23.200920</ele><time>2026-03-11T23:38:47Z</time><extensions><speed>1.218243</speed><course>312.069596</course><hAcc>3.631370</hAcc><vAcc>3.014675</vAcc></extensions></trkpt>
      <trkpt lon="-76.447151" lat="39.347371"><ele>23.113515</ele><time>2026-03-11T23:38:48Z</time><extensions><speed>1.374046</speed><course>315.702026</course><hAcc>3.567958</hAcc><vAcc>3.000000</vAcc></extensions></trkpt>
      <trkpt lon="-76.447161" lat="39.347376"><ele>23.259474</ele><time>2026-03-11T23:38:49Z</time><extensions><speed>1.155248</speed><course>315.724865</course><hAcc>3.507719</hAcc><vAcc>3.000000</vAcc></extensions></trkpt>
      <trkpt lon="-76.447171" lat="39.347383"><ele>23.290253</ele><time>2026-03-11T23:38:50Z</time><extensions><speed>1.127622</speed><course>315.652751</course><hAcc>3.432333</hAcc><vAcc>3.000000</vAcc></extensions></trkpt>
      <trkpt lon="-76.447183" lat="39.347392"><ele>23.312499</ele><time>2026-03-11T23:38:51Z</time><extensions><speed>1.296651</speed><course>317.528997</course><hAcc>3.443731</hAcc><vAcc>3.000000</vAcc></extensions></trkpt>
      <trkpt lon="-76.447193" lat="39.347403"><ele>23.286701</ele><time>2026-03-11T23:38:52Z</time><extensions><speed>1.396816</speed><course>320.039272</course><hAcc>3.452839</hAcc><vAcc>3.000000</vAcc></extensions></trkpt>
      <trkpt lon="-76.447204" lat="39.347416"><ele>22.963517</ele><time>2026-03-11T23:38:53Z</time><extensions><speed>1.513378</speed><course>323.960016</course><hAcc>3.417268</hAcc><vAcc>3.000000</vAcc></extensions></trkpt>
      <trkpt lon="-76.447212" lat="39.347422"><ele>22.860374</ele><time>2026-03-11T23:38:54Z</time><extensions><speed>1.132933</speed><course>322.810402</course><hAcc>3.351887</hAcc><vAcc>3.035342</vAcc></extensions></trkpt>
      <trkpt lon="-76.447220" lat="39.347429"><ele>23.384573</ele><time>2026-03-11T23:38:55Z</time><extensions><speed>1.083098</speed><course>322.191756</course><hAcc>3.311861</hAcc><vAcc>3.000000</vAcc></extensions></trkpt>
      <trkpt lon="-76.447227" lat="39.347437"><ele>23.608427</ele><time>2026-03-11T23:38:56Z</time><extensions><speed>0.955812</speed><course>327.238576</course><hAcc>3.281852</hAcc><vAcc>3.000000</vAcc></extensions></trkpt>
      <trkpt lon="-76.447234" lat="39.347450"><ele>23.231870</ele><time>2026-03-11T23:38:57Z</time><extensions><speed>1.323934</speed><course>331.378430</course><hAcc>3.306431</hAcc><vAcc>3.000000</vAcc></extensions></trkpt>
      <trkpt lon="-76.447243" lat="39.347460"><ele>23.317927</ele><time>2026-03-11T23:38:58Z</time><extensions><speed>1.342921</speed><course>329.736572</course><hAcc>3.280548</hAcc><vAcc>3.000000</vAcc></extensions></trkpt>
      <trkpt lon="-76.447247" lat="39.347469"><ele>23.767589</ele><time>2026-03-11T23:38:59Z</time><extensions><speed>1.070334</speed><course>337.983628</course><hAcc>3.246357</hAcc><vAcc>3.000000</vAcc></extensions></trkpt>
      <trkpt lon="-76.447258" lat="39.347483"><ele>24.595642</ele><time>2026-03-11T23:39:00Z</time><extensions><speed>1.459017</speed><course>333.757400</course><hAcc>3.269299</hAcc><vAcc>3.000000</vAcc></extensions></trkpt>
      <trkpt lon="-76.447259" lat="39.347493"><ele>24.457590</ele><time>2026-03-11T23:39:01Z</time><extensions><speed>1.180692</speed><course>341.499533</course><hAcc>3.285986</hAcc><vAcc>3.000000</vAcc></extensions></trkpt>
      <trkpt lon="-76.447257" lat="39.347508"><ele>23.613218</ele><time>2026-03-11T23:39:02Z</time><extensions><speed>1.384114</speed><course>350.837123</course><hAcc>3.451323</hAcc><vAcc>3.000000</vAcc></extensions></trkpt>
      <trkpt lon="-76.447257" lat="39.347516"><ele>23.693657</ele><time>2026-03-11T23:39:03Z</time><extensions><speed>1.145088</speed><course>355.379355</course><hAcc>3.446510</hAcc><vAcc>3.000000</vAcc></extensions></trkpt>
      <trkpt lon="-76.447261" lat="39.347528"><ele>24.242536</ele><time>2026-03-11T23:39:04Z</time><extensions><speed>1.172036</speed><course>353.733711</course><hAcc>3.374185</hAcc><vAcc>3.000000</vAcc></extensions></trkpt>
      <trkpt lon="-76.447258" lat="39.347541"><ele>23.963843</ele><time>2026-03-11T23:39:05Z</time><extensions><speed>1.264423</speed><course>356.584472</course><hAcc>3.474049</hAcc><vAcc>3.000000</vAcc></extensions></trkpt>
      <trkpt lon="-76.447254" lat="39.347555"><ele>23.587160</ele><time>2026-03-11T23:39:06Z</time><extensions><speed>1.370496</speed><course>0.185897</course><hAcc>3.472158</hAcc><vAcc>3.000000</vAcc></extensions></trkpt>
      <trkpt lon="-76.447251" lat="39.347568"><ele>23.914941</ele><time>2026-03-11T23:39:07Z</time><extensions><speed>1.418626</speed><course>2.451016</course><hAcc>3.517697</hAcc><vAcc>3.000000</vAcc></extensions></trkpt>
      <trkpt lon="-76.447248" lat="39.347579"><ele>23.920313</ele><time>2026-03-11T23:39:08Z</time><extensions><speed>1.195739</speed><course>2.898389</course><hAcc>3.554537</hAcc><vAcc>3.066075</vAcc></extensions></trkpt>
      <trkpt lon="-76.447241" lat="39.347586"><ele>24.334585</ele><time>2026-03-11T23:39:09Z</time><extensions><speed>0.907594</speed><course>16.696949</course><hAcc>3.476810</hAcc><vAcc>3.231800</vAcc></extensions></trkpt>
      <trkpt lon="-76.447231" lat="39.347595"><ele>23.960169</ele><time>2026-03-11T23:39:10Z</time><extensions><speed>1.053414</speed><course>20.596855</course><hAcc>3.443517</hAcc><vAcc>3.022011</vAcc></extensions></trkpt>
      <trkpt lon="-76.447221" lat="39.347605"><ele>23.305823</ele><time>2026-03-11T23:39:11Z</time><extensions><speed>1.023807</speed><course>29.462889</course><hAcc>3.426322</hAcc><vAcc>3.078981</vAcc></extensions></trkpt>
      <trkpt lon="-76.447218" lat="39.347605"><ele>23.102715</ele><time>2026-03-11T23:39:12Z</time><extensions><speed>0.459038</speed><course>39.244223</course><hAcc>3.496451</hAcc><vAcc>3.052993</vAcc></extensions></trkpt>
      <trkpt lon="-76.447219" lat="39.347602"><ele>23.128543</ele><time>2026-03-11T23:39:13Z</time><extensions><speed>0.102113</speed><course>51.917034</course><hAcc>3.485410</hAcc><vAcc>3.000000</vAcc></extensions></trkpt>
      <trkpt lon="-76.447217" lat="39.347604"><ele>23.341839</ele><time>2026-03-11T23:39:14Z</time><extensions><speed>0.008225</speed><course>51.917035</course><hAcc>3.525504</hAcc><vAcc>3.000000</vAcc></extensions></trkpt>
      <trkpt lon="-76.447217" lat="39.347604"><ele>23.345335</ele><time>2026-03-11T23:39:15Z</time><extensions><speed>0.000000</speed><course>51.917035</course><hAcc>3.518313</hAcc><vAcc>3.000000</vAcc></extensions></trkpt>
      <trkpt lon="-76.447217" lat="39.347604"><ele>23.345335</ele><time>2026-03-11T23:39:16Z</time><extensions><speed>0.000000</speed><course>51.917035</course><hAcc>3.535931</hAcc><vAcc>3.000000</vAcc></extensions></trkpt>
      <trkpt lon="-76.447217" lat="39.347604"><ele>23.345335</ele><time>2026-03-11T23:39:17Z</time><extensions><speed>0.000000</speed><course>51.917035</course><hAcc>3.631880</hAcc><vAcc>3.000000</vAcc></extensions></trkpt>
      <trkpt lon="-76.447217" lat="39.347604"><ele>23.345335</ele><time>2026-03-11T23:39:18Z</time><extensions><speed>0.000000</speed><course>51.917035</course><hAcc>3.755268</hAcc><vAcc>3.111367</vAcc></extensions></trkpt>
      <trkpt lon="-76.447217" lat="39.347604"><ele>23.345335</ele><time>2026-03-11T23:39:19Z</time><extensions><speed>0.000000</speed><course>51.917035</course><hAcc>3.902576</hAcc><vAcc>3.240856</vAcc></extensions></trkpt>
      <trkpt lon="-76.447216" lat="39.347605"><ele>23.177698</ele><time>2026-03-11T23:39:20Z</time><extensions><speed>0.026746</speed><course>51.917036</course><hAcc>3.960536</hAcc><vAcc>3.204010</vAcc></extensions></trkpt>
      <trkpt lon="-76.447214" lat="39.347602"><ele>22.933463</ele><time>2026-03-11T23:39:21Z</time><extensions><speed>0.050530</speed><course>51.917040</course><hAcc>3.953274</hAcc><vAcc>3.181336</vAcc></extensions></trkpt>
      <trkpt lon="-76.447214" lat="39.347602"><ele>23.035346</ele><time>2026-03-11T23:39:22Z</time><extensions><speed>0.000000</speed><course>51.917040</course><hAcc>3.919306</hAcc><vAcc>3.113089</vAcc></extensions></trkpt>
      <trkpt lon="-76.447214" lat="39.347602"><ele>23.035346</ele><time>2026-03-11T23:39:23Z</time><extensions><speed>0.000000</speed><course>51.917040</course><hAcc>3.872785</hAcc><vAcc>3.110131</vAcc></extensions></trkpt>
      <trkpt lon="-76.447213" lat="39.347604"><ele>23.019164</ele><time>2026-03-11T23:39:24Z</time><extensions><speed>0.100389</speed><course>51.917040</course><hAcc>3.835571</hAcc><vAcc>3.118912</vAcc></extensions></trkpt>
      <trkpt lon="-76.447211" lat="39.347603"><ele>22.913185</ele><time>2026-03-11T23:39:25Z</time><extensions><speed>0.120060</speed><course>51.917042</course><hAcc>3.816682</hAcc><vAcc>3.164902</vAcc></extensions></trkpt>
      <trkpt lon="-76.447212" lat="39.347603"><ele>23.018120</ele><time>2026-03-11T23:39:26Z</time><extensions><speed>0.063792</speed><course>51.917040</course><hAcc>3.807972</hAcc><vAcc>3.121900</vAcc></extensions></trkpt>
      <trkpt lon="-76.447213" lat="39.347606"><ele>22.852513</ele><time>2026-03-11T23:39:27Z</time><extensions><speed>0.151827</speed><course>51.917038</course><hAcc>3.720381</hAcc><vAcc>3.000000</vAcc></extensions></trkpt>
      <trkpt lon="-76.447215" lat="39.347614"><ele>22.905570</ele><time>2026-03-11T23:39:28Z</time><extensions><speed>0.315556</speed><course>51.917029</course><hAcc>3.691039</hAcc><vAcc>3.000000</vAcc></extensions></trkpt>
      <trkpt lon="-76.447210" lat="39.347635"><ele>22.619651</ele><time>2026-03-11T23:39:29Z</time><extensions><speed>1.272614</speed><course>11.133251</course><hAcc>3.682644</hAcc><vAcc>3.000000</vAcc></extensions></trkpt>
      <trkpt lon="-76.447199" lat="39.347653"><ele>22.338297</ele><time>2026-03-11T23:39:30Z</time><extensions><speed>1.677240</speed><course>17.418942</course><hAcc>3.723966</hAcc><vAcc>3.064061</vAcc></extensions></trkpt>
      <trkpt lon="-76.447193" lat="39.347668"><ele>21.946588</ele><time>2026-03-11T23:39:31Z</time><extensions><speed>1.686121</speed><course>18.705902</course><hAcc>3.709522</hAcc><vAcc>3.074916</vAcc></extensions></trkpt>
      <trkpt lon="-76.447194" lat="39.347681"><ele>22.018919</ele><time>2026-03-11T23:39:32Z</time><extensions><speed>1.543263</speed><course>11.686737</course><hAcc>3.747021</hAcc><vAcc>3.173504</vAcc></extensions></trkpt>
      <trkpt lon="-76.447200" lat="39.347694"><ele>22.582077</ele><time>2026-03-11T23:39:33Z</time><extensions><speed>1.430616</speed><course>0.709935</course><hAcc>3.783449</hAcc><vAcc>3.160335</vAcc></extensions></trkpt>
      <trkpt lon="-76.447204" lat="39.347704"><ele>22.528073</ele><time>2026-03-11T23:39:34Z</time><extensions><speed>1.230184</speed><course>359.119947</course><hAcc>3.817450</hAcc><vAcc>3.208910</vAcc></extensions></trkpt>
      <trkpt lon="-76.447206" lat="39.347715"><ele>22.227820</ele><time>2026-03-11T23:39:35Z</time><extensions><speed>1.290827</speed><course>359.920065</course><hAcc>3.843761</hAcc><vAcc>3.085594</vAcc></extensions></trkpt>
      <trkpt lon="-76.447210" lat="39.347727"><ele>22.211980</ele><time>2026-03-11T23:39:36Z</time><extensions><speed>1.290770</speed><course>358.784278</course><hAcc>3.823581</hAcc><vAcc>3.000000</vAcc></extensions></trkpt>
      <trkpt lon="-76.447215" lat="39.347738"><ele>22.310401</ele><time>2026-03-11T23:39:37Z</time><extensions><speed>1.246293</speed><course>356.818101</course><hAcc>3.768044</hAcc><vAcc>3.000000</vAcc></extensions></trkpt>
      <trkpt lon="-76.447218" lat="39.347747"><ele>22.117698</ele><time>2026-03-11T23:39:38Z</time><extensions><speed>1.111634</speed><course>358.119271</course><hAcc>3.723981</hAcc><vAcc>3.000000</vAcc></extensions></trkpt>
      <trkpt lon="-76.447220" lat="39.347749"><ele>22.600506</ele><time>2026-03-11T23:39:39Z</time><extensions><speed>0.487372</speed><course>0.815124</course><hAcc>3.650992</hAcc><vAcc>3.000000</vAcc></extensions></trkpt>
      <trkpt lon="-76.447231" lat="39.347746"><ele>23.267121</ele><time>2026-03-11T23:39:40Z</time><extensions><speed>0.249948</speed><course>332.452635</course><hAcc>3.586889</hAcc><vAcc>3.000000</vAcc></extensions></trkpt>
      <trkpt lon="-76.447226" lat="39.347748"><ele>22.922273</ele><time>2026-03-11T23:39:41Z</time><extensions><speed>0.262738</speed><course>332.452637</course><hAcc>3.561591</hAcc><vAcc>3.000000</vAcc></extensions></trkpt>
      <trkpt lon="-76.447231" lat="39.347751"><ele>22.964979</ele><time>2026-03-11T23:39:42Z</time><extensions><speed>0.518295</speed><course>333.400118</course><hAcc>3.530459</hAcc><vAcc>3.000000</vAcc></extensions></trkpt>
      <trkpt lon="-76.447238" lat="39.347766"><ele>22.980017</ele><time>2026-03-11T23:39:43Z</time><extensions><speed>1.224560</speed><course>338.926266</course><hAcc>3.478985</hAcc><vAcc>3.000000</vAcc></extensions></trkpt>
      <trkpt lon="-76.447250" lat="39.347781"><ele>22.604299</ele><time>2026-03-11T23:39:44Z</time><extensions><speed>1.531283</speed><course>338.807191</course><hAcc>3.413312</hAcc><vAcc>3.000000</vAcc></extensions></trkpt>
      <trkpt lon="-76.447250" lat="39.347795"><ele>22.502187</ele><time>2026-03-11T23:39:45Z</time><extensions><speed>1.536568</speed><course>348.174425</course><hAcc>3.379873</hAcc><vAcc>3.000000</vAcc></extensions></trkpt>
      <trkpt lon="-76.447254" lat="39.347809"><ele>22.486663</ele><time>2026-03-11T23:39:46Z</time><extensions><speed>1.549389</speed><course>349.220280</course><hAcc>3.350943</hAcc><vAcc>3.000000</vAcc></extensions></trkpt>
      <trkpt lon="-76.447255" lat="39.347819"><ele>22.178185</ele><time>2026-03-11T23:39:47Z</time><extensions><speed>1.338945</speed><course>351.172845</course><hAcc>3.342589</hAcc><vAcc>3.000000</vAcc></extensions></trkpt>
      <trkpt lon="-76.447261" lat="39.347824"><ele>23.436180</ele><time>2026-03-11T23:39:48Z</time><extensions><speed>0.939091</speed><course>340.377849</course><hAcc>3.292964</hAcc><vAcc>3.000000</vAcc></extensions></trkpt>
      <trkpt lon="-76.447263" lat="39.347829"><ele>23.495676</ele><time>2026-03-11T23:39:49Z</time><extensions><speed>0.597282</speed><course>337.920647</course><hAcc>3.241264</hAcc><vAcc>3.000000</vAcc></extensions></trkpt>
      <trkpt lon="-76.447258" lat="39.347825"><ele>23.221894</ele><time>2026-03-11T23:39:50Z</time><extensions><speed>0.047569</speed><course>320.306474</course><hAcc>3.222667</hAcc><vAcc>3.000000</vAcc></extensions></trkpt>
      <trkpt lon="-76.447248" lat="39.347814"><ele>22.601203</ele><time>2026-03-11T23:39:51Z</time><extensions><speed>0.095524</speed><course>-1.000000</course><hAcc>3.289055</hAcc><vAcc>3.000000</vAcc></extensions></trkpt>
      <trkpt lon="-76.447245" lat="39.347801"><ele>22.854881</ele><time>2026-03-11T23:39:52Z</time><extensions><speed>0.350155</speed><course>-1.000000</course><hAcc>3.263354</hAcc><vAcc>3.000000</vAcc></extensions></trkpt>
      <trkpt lon="-76.447237" lat="39.347780"><ele>22.653748</ele><time>2026-03-11T23:39:53Z</time><extensions><speed>0.993632</speed><course>175.163826</course><hAcc>3.292718</hAcc><vAcc>3.000000</vAcc></extensions></trkpt>
      <trkpt lon="-76.447220" lat="39.347761"><ele>22.896897</ele><time>2026-03-11T23:39:54Z</time><extensions><speed>1.520441</speed><course>161.410782</course><hAcc>3.229832</hAcc><vAcc>3.000000</vAcc></extensions></trkpt>
      <trkpt lon="-76.447212" lat="39.347755"><ele>22.873258</ele><time>2026-03-11T23:39:55Z</time><extensions><speed>1.210095</speed><course>156.482605</course><hAcc>3.304869</hAcc><vAcc>3.000000</vAcc></extensions></trkpt>
      <trkpt lon="-76.447204" lat="39.347742"><ele>23.005490</ele><time>2026-03-11T23:39:56Z</time><extensions><speed>1.415168</speed><course>155.687579</course><hAcc>3.305407</hAcc><vAcc>3.070099</vAcc></extensions></trkpt>
      <trkpt lon="-76.447202" lat="39.347726"><ele>23.019132</ele><time>2026-03-11T23:39:57Z</time><extensions><speed>1.487504</speed><course>162.111121</course><hAcc>3.278372</hAcc><vAcc>3.000000</vAcc></extensions></trkpt>
      <trkpt lon="-76.447201" lat="39.347713"><ele>22.901310</ele><time>2026-03-11T23:39:58Z</time><extensions><speed>1.198295</speed><course>172.164520</course><hAcc>3.280665</hAcc><vAcc>3.302938</vAcc></extensions></trkpt>
      <trkpt lon="-76.447198" lat="39.347697"><ele>23.033114</ele><time>2026-03-11T23:39:59Z</time><extensions><speed>1.421316</speed><course>174.777253</course><hAcc>3.325782</hAcc><vAcc>3.072323</vAcc></extensions></trkpt>
      <trkpt lon="-76.447196" lat="39.347683"><ele>23.058982</ele><time>2026-03-11T23:40:00Z</time><extensions><speed>1.245370</speed><course>176.019242</course><hAcc>3.306254</hAcc><vAcc>3.239121</vAcc></extensions></trkpt>
      <trkpt lon="-76.447198" lat="39.347668"><ele>22.979282</ele><time>2026-03-11T23:40:01Z</time><extensions><speed>1.378817</speed><course>181.258431</course><hAcc>3.242120</hAcc><vAcc>3.004069</vAcc></extensions></trkpt>
      <trkpt lon="-76.447198" lat="39.347652"><ele>23.122235</ele><time>2026-03-11T23:40:02Z</time><extensions><speed>1.520938</speed><course>181.806159</course><hAcc>3.368713</hAcc><vAcc>3.000000</vAcc></extensions></trkpt>
      <trkpt lon="-76.447196" lat="39.347640"><ele>23.511600</ele><time>2026-03-11T23:40:03Z</time><extensions><speed>1.309389</speed><course>178.550686</course><hAcc>3.358166</hAcc><vAcc>3.281626</vAcc></extensions></trkpt>
      <trkpt lon="-76.447194" lat="39.347625"><ele>23.788025</ele><time>2026-03-11T23:40:04Z</time><extensions><speed>1.492720</speed><course>175.580834</course><hAcc>3.399466</hAcc><vAcc>3.127351</vAcc></extensions></trkpt>
      <trkpt lon="-76.447193" lat="39.347616"><ele>23.528100</ele><time>2026-03-11T23:40:05Z</time><extensions><speed>1.210248</speed><course>178.404869</course><hAcc>3.434744</hAcc><vAcc>3.315211</vAcc></extensions></trkpt>
      <trkpt lon="-76.447193" lat="39.347604"><ele>23.126476</ele><time>2026-03-11T23:40:06Z</time><extensions><speed>1.225269</speed><course>180.871172</course><hAcc>3.463200</hAcc><vAcc>3.132953</vAcc></extensions></trkpt>
      <trkpt lon="-76.447196" lat="39.347594"><ele>23.191904</ele><time>2026-03-11T23:40:07Z</time><extensions><speed>1.183550</speed><course>185.466530</course><hAcc>3.657664</hAcc><vAcc>3.433047</vAcc></extensions></trkpt>
      <trkpt lon="-76.447200" lat="39.347585"><ele>22.974359</ele><time>2026-03-11T23:40:08Z</time><extensions><speed>1.093851</speed><course>189.773978</course><hAcc>3.668259</hAcc><vAcc>3.333151</vAcc></extensions></trkpt>
      <trkpt lon="-76.447201" lat="39.347573"><ele>22.340578</ele><time>2026-03-11T23:40:09Z</time><extensions><speed>1.158902</speed><course>188.320853</course><hAcc>3.661441</hAcc><vAcc>3.306408</vAcc></extensions></trkpt>
      <trkpt lon="-76.447201" lat="39.347555"><ele>22.708666</ele><time>2026-03-11T23:40:10Z</time><extensions><speed>1.556810</speed><course>186.019651</course><hAcc>3.608928</hAcc><vAcc>3.384975</vAcc></extensions></trkpt>
      <trkpt lon="-76.447203" lat="39.347545"><ele>22.277784</ele><time>2026-03-11T23:40:11Z</time><extensions><speed>1.251284</speed><course>189.362263</course><hAcc>3.609119</hAcc><vAcc>3.621902</vAcc></extensions></trkpt>
      <trkpt lon="-76.447206" lat="39.347531"><ele>22.646777</ele><time>2026-03-11T23:40:12Z</time><extensions><speed>1.361501</speed><course>191.036510</course><hAcc>3.653747</hAcc><vAcc>3.259705</vAcc></extensions></trkpt>
      <trkpt lon="-76.447207" lat="39.347518"><ele>22.985877</ele><time>2026-03-11T23:40:13Z</time><extensions><speed>1.306073</speed><course>190.133636</course><hAcc>3.701037</hAcc><vAcc>3.044406</vAcc></extensions></trkpt>
      <trkpt lon="-76.447209" lat="39.347503"><ele>23.053510</ele><time>2026-03-11T23:40:14Z</time><extensions><speed>1.384687</speed><course>188.885321</course><hAcc>3.696466</hAcc><vAcc>3.244456</vAcc></extensions></trkpt>
      <trkpt lon="-76.447206" lat="39.347491"><ele>23.062915</ele><time>2026-03-11T23:40:15Z</time><extensions><speed>1.276175</speed><course>183.069886</course><hAcc>3.741973</hAcc><vAcc>3.565826</vAcc></extensions></trkpt>
      <trkpt lon="-76.447204" lat="39.347482"><ele>23.466379</ele><time>2026-03-11T23:40:16Z</time><extensions><speed>1.098849</speed><course>180.607009</course><hAcc>3.805771</hAcc><vAcc>3.542616</vAcc></extensions></trkpt>
      <trkpt lon="-76.447201" lat="39.347471"><ele>23.304958</ele><time>2026-03-11T23:40:17Z</time><extensions><speed>1.013681</speed><course>176.072880</course><hAcc>3.790536</hAcc><vAcc>3.433206</vAcc></extensions></trkpt>
      <trkpt lon="-76.447192" lat="39.347458"><ele>23.605149</ele><time>2026-03-11T23:40:18Z</time><extensions><speed>1.221732</speed><course>165.191539</course><hAcc>3.745701</hAcc><vAcc>3.364494</vAcc></extensions></trkpt>
      <trkpt lon="-76.447190" lat="39.347451"><ele>23.486749</ele><time>2026-03-11T23:40:19Z</time><extensions><speed>0.997258</speed><course>168.031376</course><hAcc>3.685642</hAcc><vAcc>3.323964</vAcc></extensions></trkpt>
      <trkpt lon="-76.447191" lat="39.347441"><ele>23.296444</ele><time>2026-03-11T23:40:20Z</time><extensions><speed>0.916039</speed><course>172.082095</course><hAcc>3.666255</hAcc><vAcc>3.512230</vAcc></extensions></trkpt>
      <trkpt lon="-76.447187" lat="39.347430"><ele>23.204213</ele><time>2026-03-11T23:40:21Z</time><extensions><speed>1.151846</speed><course>166.307288</course><hAcc>3.680010</hAcc><vAcc>3.484448</vAcc></extensions></trkpt>
      <trkpt lon="-76.447179" lat="39.347420"><ele>23.432710</ele><time>2026-03-11T23:40:22Z</time><extensions><speed>1.205331</speed><course>157.336688</course><hAcc>3.644472</hAcc><vAcc>3.264690</vAcc></extensions></trkpt>
      <trkpt lon="-76.447173" lat="39.347413"><ele>23.455255</ele><time>2026-03-11T23:40:23Z</time><extensions><speed>1.116408</speed><course>149.539676</course><hAcc>3.637021</hAcc><vAcc>3.045979</vAcc></extensions></trkpt>
      <trkpt lon="-76.447159" lat="39.347404"><ele>23.897382</ele><time>2026-03-11T23:40:24Z</time><extensions><speed>1.167796</speed><course>142.613187</course><hAcc>3.606547</hAcc><vAcc>3.096976</vAcc></extensions></trkpt>
      <trkpt lon="-76.447154" lat="39.347394"><ele>23.865654</ele><time>2026-03-11T23:40:25Z</time><extensions><speed>1.160840</speed><course>149.601737</course><hAcc>3.556594</hAcc><vAcc>3.242684</vAcc></extensions></trkpt>
      <trkpt lon="-76.447159" lat="39.347388"><ele>23.590065</ele><time>2026-03-11T23:40:26Z</time><extensions><speed>0.671709</speed><course>171.712756</course><hAcc>3.478764</hAcc><vAcc>3.103688</vAcc></extensions></trkpt>
      <trkpt lon="-76.447170" lat="39.347383"><ele>24.026065</ele><time>2026-03-11T23:40:27Z</time><extensions><speed>0.811578</speed><course>200.953489</course><hAcc>3.522629</hAcc><vAcc>3.000000</vAcc></extensions></trkpt>
      <trkpt lon="-76.447174" lat="39.347391"><ele>23.764401</ele><time>2026-03-11T23:40:28Z</time><extensions><speed>0.234200</speed><course>228.275864</course><hAcc>3.626138</hAcc><vAcc>3.000000</vAcc></extensions></trkpt>
      <trkpt lon="-76.447173" lat="39.347394"><ele>23.633475</ele><time>2026-03-11T23:40:29Z</time><extensions><speed>0.020460</speed><course>228.275864</course><hAcc>3.689770</hAcc><vAcc>3.004101</vAcc></extensions></trkpt>
      <trkpt lon="-76.447173" lat="39.347394"><ele>23.632284</ele><time>2026-03-11T23:40:30Z</time><extensions><speed>0.000000</speed><course>228.275865</course><hAcc>3.676141</hAcc><vAcc>3.000000</vAcc></extensions></trkpt>
      <trkpt lon="-76.447176" lat="39.347396"><ele>23.552920</ele><time>2026-03-11T23:40:31Z</time><extensions><speed>0.011221</speed><course>228.275862</course><hAcc>3.684734</hAcc><vAcc>3.000000</vAcc></extensions></trkpt>
      <trkpt lon="-76.447176" lat="39.347393"><ele>23.591797</ele><time>2026-03-11T23:40:32Z</time><extensions><speed>0.164801</speed><course>228.275863</course><hAcc>3.669360</hAcc><vAcc>3.000000</vAcc></extensions></trkpt>
      <trkpt lon="-76.447170" lat="39.347389"><ele>23.506686</ele><time>2026-03-11T23:40:33Z</time><extensions><speed>0.262151</speed><course>228.275867</course><hAcc>3.626557</hAcc><vAcc>3.000000</vAcc></extensions></trkpt>
      <trkpt lon="-76.447157" lat="39.347387"><ele>23.051348</ele><time>2026-03-11T23:40:34Z</time><extensions><speed>0.208302</speed><course>228.275876</course><hAcc>3.601091</hAcc><vAcc>3.000000</vAcc></extensions></trkpt>
      <trkpt lon="-76.447146" lat="39.347379"><ele>23.018563</ele><time>2026-03-11T23:40:35Z</time><extensions><speed>0.358449</speed><course>228.275885</course><hAcc>3.696266</hAcc><vAcc>3.000000</vAcc></extensions></trkpt>
      <trkpt lon="-76.447119" lat="39.347361"><ele>22.559156</ele><time>2026-03-11T23:40:36Z</time><extensions><speed>1.584122</speed><course>145.853254</course><hAcc>3.794435</hAcc><vAcc>3.000000</vAcc></extensions></trkpt>
      <trkpt lon="-76.447097" lat="39.347340"><ele>23.451503</ele><time>2026-03-11T23:40:37Z</time><extensions><speed>2.415790</speed><course>141.606885</course><hAcc>3.812198</hAcc><vAcc>3.000000</vAcc></extensions></trkpt>
      <trkpt lon="-76.447070" lat="39.347317"><ele>23.157408</ele><time>2026-03-11T23:40:38Z</time><extensions><speed>2.878927</speed><course>140.282802</course><hAcc>3.859109</hAcc><vAcc>3.000801</vAcc></extensions></trkpt>
      <trkpt lon="-76.447059" lat="39.347308"><ele>23.039705</ele><time>2026-03-11T23:40:39Z</time><extensions><speed>1.721954</speed><course>145.393707</course><hAcc>3.858740</hAcc><vAcc>3.389672</vAcc></extensions></trkpt>
      <trkpt lon="-76.447040" lat="39.347295"><ele>23.563660</ele><time>2026-03-11T23:40:40Z</time><extensions><speed>1.687071</speed><course>139.088518</course><hAcc>3.875211</hAcc><vAcc>3.731794</vAcc></extensions></trkpt>
      <trkpt lon="-76.447021" lat="39.347287"><ele>23.483009</ele><time>2026-03-11T23:40:41Z</time><extensions><speed>1.647061</speed><course>129.086065</course><hAcc>3.902590</hAcc><vAcc>3.740443</vAcc></extensions></trkpt>
      <trkpt lon="-76.447000" lat="39.347282"><ele>22.737151</ele><time>2026-03-11T23:40:42Z</time><extensions><speed>1.606475</speed><course>119.987832</course><hAcc>3.807460</hAcc><vAcc>3.545688</vAcc></extensions></trkpt>
      <trkpt lon="-76.446982" lat="39.347271"><ele>23.283276</ele><time>2026-03-11T23:40:43Z</time><extensions><speed>1.662140</speed><course>123.036267</course><hAcc>3.736459</hAcc><vAcc>3.414194</vAcc></extensions></trkpt>
      <trkpt lon="-76.446963" lat="39.347261"><ele>24.391112</ele><time>2026-03-11T23:40:44Z</time><extensions><speed>1.607551</speed><course>126.704874</course><hAcc>3.679110</hAcc><vAcc>3.354398</vAcc></extensions></trkpt>
      <trkpt lon="-76.446940" lat="39.347253"><ele>23.877568</ele><time>2026-03-11T23:40:45Z</time><extensions><speed>1.710201</speed><course>122.856809</course><hAcc>3.605659</hAcc><vAcc>3.111932</vAcc></extensions></trkpt>
      <trkpt lon="-76.446918" lat="39.347244"><ele>23.391579</ele><time>2026-03-11T23:40:46Z</time><extensions><speed>1.706352</speed><course>120.758356</course><hAcc>3.548314</hAcc><vAcc>3.156028</vAcc></extensions></trkpt>
      <trkpt lon="-76.446898" lat="39.347237"><ele>23.174368</ele><time>2026-03-11T23:40:47Z</time><extensions><speed>1.675760</speed><course>119.159252</course><hAcc>3.472610</hAcc><vAcc>3.000000</vAcc></extensions></trkpt>
      <trkpt lon="-76.446879" lat="39.347225"><ele>23.400419</ele><time>2026-03-11T23:40:48Z</time><extensions><speed>1.697196</speed><course>120.684332</course><hAcc>3.398980</hAcc><vAcc>3.000000</vAcc></extensions></trkpt>
      <trkpt lon="-76.446856" lat="39.347219"><ele>22.816020</ele><time>2026-03-11T23:40:49Z</time><extensions><speed>1.716123</speed><course>114.916517</course><hAcc>3.347290</hAcc><vAcc>3.000000</vAcc></extensions></trkpt>
      <trkpt lon="-76.446828" lat="39.347209"><ele>23.292711</ele><time>2026-03-11T23:40:50Z</time><extensions><speed>1.837979</speed><course>114.418285</course><hAcc>3.300697</hAcc><vAcc>3.000000</vAcc></extensions></trkpt>
      <trkpt lon="-76.446797" lat="39.347201"><ele>22.659948</ele><time>2026-03-11T23:40:51Z</time><extensions><speed>1.854024</speed><course>112.771680</course><hAcc>3.276170</hAcc><vAcc>3.000000</vAcc></extensions></trkpt>
      <trkpt lon="-76.446768" lat="39.347192"><ele>22.642472</ele><time>2026-03-11T23:40:52Z</time><extensions><speed>1.825313</speed><course>112.795035</course><hAcc>3.317988</hAcc><vAcc>3.000000</vAcc></extensions></trkpt>
      <trkpt lon="-76.446733" lat="39.347186"><ele>22.629296</ele><time>2026-03-11T23:40:53Z</time><extensions><speed>1.888389</speed><course>108.944480</course><hAcc>3.378693</hAcc><vAcc>3.000000</vAcc></extensions></trkpt>
      <trkpt lon="-76.446698" lat="39.347177"><ele>22.928948</ele><time>2026-03-11T23:40:54Z</time><extensions><speed>1.817343</speed><course>108.539087</course><hAcc>3.346002</hAcc><vAcc>3.000000</vAcc></extensions></trkpt>
      <trkpt lon="-76.446662" lat="39.347174"><ele>22.918339</ele><time>2026-03-11T23:40:55Z</time><extensions><speed>1.906208</speed><course>102.739250</course><hAcc>3.358042</hAcc><vAcc>3.000000</vAcc></extensions></trkpt>
      <trkpt lon="-76.446627" lat="39.347168"><ele>22.937487</ele><time>2026-03-11T23:40:56Z</time><extensions><speed>1.821641</speed><course>106.396897</course><hAcc>3.363812</hAcc><vAcc>3.000000</vAcc></extensions></trkpt>
      <trkpt lon="-76.446594" lat="39.347162"><ele>23.104762</ele><time>2026-03-11T23:40:57Z</time><extensions><speed>1.868558</speed><course>105.889911</course><hAcc>3.467406</hAcc><vAcc>3.000000</vAcc></extensions></trkpt>
      <trkpt lon="-76.446519" lat="39.347167"><ele>23.161872</ele><time>2026-03-11T23:40:58Z</time><extensions><speed>4.231659</speed><course>96.507065</course><hAcc>3.515482</hAcc><vAcc>3.000000</vAcc></extensions></trkpt>
      <trkpt lon="-76.446463" lat="39.347168"><ele>22.968398</ele><time>2026-03-11T23:40:59Z</time><extensions><speed>4.121876</speed><course>92.908905</course><hAcc>3.504487</hAcc><vAcc>3.000000</vAcc></extensions></trkpt>
      <trkpt lon="-76.446424" lat="39.347173"><ele>22.586537</ele><time>2026-03-11T23:41:00Z</time><extensions><speed>3.481156</speed><course>90.199056</course><hAcc>3.621711</hAcc><vAcc>3.000000</vAcc></extensions></trkpt>
      <trkpt lon="-76.446386" lat="39.347164"><ele>22.783253</ele><time>2026-03-11T23:41:01Z</time><extensions><speed>3.199388</speed><course>97.384657</course><hAcc>3.681120</hAcc><vAcc>3.000000</vAcc></extensions></trkpt>
      <trkpt lon="-76.446348" lat="39.347159"><ele>22.376853</ele><time>2026-03-11T23:41:02Z</time><extensions><speed>3.086313</speed><course>98.454445</course><hAcc>3.681567</hAcc><vAcc>3.000000</vAcc></extensions></trkpt>
      <trkpt lon="-76.446304" lat="39.347154"><ele>22.493687</ele><time>2026-03-11T23:41:03Z</time><extensions><speed>3.303403</speed><course>99.494693</course><hAcc>3.622153</hAcc><vAcc>3.000000</vAcc></extensions></trkpt>
      <trkpt lon="-76.446261" lat="39.347148"><ele>22.499204</ele><time>2026-03-11T23:41:04Z</time><extensions><speed>3.391935</speed><course>103.939384</course><hAcc>3.573650</hAcc><vAcc>3.036326</vAcc></extensions></trkpt>
      <trkpt lon="-76.446217" lat="39.347134"><ele>21.876724</ele><time>2026-03-11T23:41:05Z</time><extensions><speed>3.557224</speed><course>110.104415</course><hAcc>3.534210</hAcc><vAcc>3.000000</vAcc></extensions></trkpt>
      <trkpt lon="-76.446179" lat="39.347125"><ele>22.222674</ele><time>2026-03-11T23:41:06Z</time><extensions><speed>3.281402</speed><course>111.997148</course><hAcc>3.478944</hAcc><vAcc>3.058719</vAcc></extensions></trkpt>
      <trkpt lon="-76.446150" lat="39.347114"><ele>22.158084</ele><time>2026-03-11T23:41:07Z</time><extensions><speed>2.843914</speed><course>116.639062</course><hAcc>3.417540</hAcc><vAcc>3.000000</vAcc></extensions></trkpt>
      <trkpt lon="-76.446129" lat="39.347104"><ele>22.367620</ele><time>2026-03-11T23:41:08Z</time><extensions><speed>2.397800</speed><course>120.144946</course><hAcc>3.346663</hAcc><vAcc>3.000000</vAcc></extensions></trkpt>
      <trkpt lon="-76.446108" lat="39.347098"><ele>22.679472</ele><time>2026-03-11T23:41:09Z</time><extensions><speed>2.204920</speed><course>118.110969</course><hAcc>3.279329</hAcc><vAcc>3.000000</vAcc></extensions></trkpt>
      <trkpt lon="-76.446089" lat="39.347090"><ele>21.867146</ele><time>2026-03-11T23:41:10Z</time><extensions><speed>2.188218</speed><course>117.125252</course><hAcc>3.215363</hAcc><vAcc>3.000000</vAcc></extensions></trkpt>
      <trkpt lon="-76.446075" lat="39.347082"><ele>21.407941</ele><time>2026-03-11T23:41:11Z</time><extensions><speed>1.984202</speed><course>121.105354</course><hAcc>3.241622</hAcc><vAcc>3.000000</vAcc></extensions></trkpt>
      <trkpt lon="-76.446060" lat="39.347070"><ele>21.511044</ele><time>2026-03-11T23:41:12Z</time><extensions><speed>1.974362</speed><course>125.685974</course><hAcc>3.245415</hAcc><vAcc>3.000000</vAcc></extensions></trkpt>
      <trkpt lon="-76.446048" lat="39.347055"><ele>22.544333</ele><time>2026-03-11T23:41:13Z</time><extensions><speed>2.090441</speed><course>133.940859</course><hAcc>3.309754</hAcc><vAcc>3.000000</vAcc></extensions></trkpt>
      <trkpt lon="-76.446035" lat="39.347041"><ele>22.902989</ele><time>2026-03-11T23:41:14Z</time><extensions><speed>2.120302</speed><course>138.497990</course><hAcc>3.268378</hAcc><vAcc>3.000000</vAcc></extensions></trkpt>
      <trkpt lon="-76.446029" lat="39.347033"><ele>23.489783</ele><time>2026-03-11T23:41:15Z</time><extensions><speed>1.730923</speed><course>146.642472</course><hAcc>3.226255</hAcc><vAcc>3.000000</vAcc></extensions></trkpt>
      <trkpt lon="-76.446027" lat="39.347027"><ele>22.268817</ele><time>2026-03-11T23:41:16Z</time><extensions><speed>1.531303</speed><course>151.822925</course><hAcc>3.190604</hAcc><vAcc>3.000000</vAcc></extensions></trkpt>
      <trkpt lon="-76.446029" lat="39.347035"><ele>23.174254</ele><time>2026-03-11T23:41:17Z</time><extensions><speed>0.845822</speed><course>139.104115</course><hAcc>3.209151</hAcc><vAcc>3.000000</vAcc></extensions></trkpt>
      <trkpt lon="-76.446028" lat="39.347038"><ele>23.219660</ele><time>2026-03-11T23:41:18Z</time><extensions><speed>0.719063</speed><course>126.053035</course><hAcc>3.258327</hAcc><vAcc>3.000000</vAcc></extensions></trkpt>
      <trkpt lon="-76.446018" lat="39.347022"><ele>23.083554</ele><time>2026-03-11T23:41:19Z</time><extensions><speed>1.208675</speed><course>136.831842</course><hAcc>3.207829</hAcc><vAcc>3.000000</vAcc></extensions></trkpt>
      <trkpt lon="-76.446005" lat="39.347010"><ele>23.438973</ele><time>2026-03-11T23:41:20Z</time><extensions><speed>1.461195</speed><course>137.267098</course><hAcc>3.184347</hAcc><vAcc>3.000000</vAcc></extensions></trkpt>
      <trkpt lon="-76.445991" lat="39.346998"><ele>23.049691</ele><time>2026-03-11T23:41:21Z</time><extensions><speed>1.472116</speed><course>137.357104</course><hAcc>3.125130</hAcc><vAcc>3.141131</vAcc></extensions></trkpt>
      <trkpt lon="-76.445979" lat="39.346984"><ele>22.761211</ele><time>2026-03-11T23:41:22Z</time><extensions><speed>1.451299</speed><course>144.488808</course><hAcc>3.098224</hAcc><vAcc>3.306413</vAcc></extensions></trkpt>
      <trkpt lon="-76.445967" lat="39.346971"><ele>23.130880</ele><time>2026-03-11T23:41:23Z</time><extensions><speed>1.476138</speed><course>144.580210</course><hAcc>3.065051</hAcc><vAcc>3.307527</vAcc></extensions></trkpt>
      <trkpt lon="-76.445954" lat="39.346959"><ele>23.200569</ele><time>2026-03-11T23:41:24Z</time><extensions><speed>1.449365</speed><course>141.519697</course><hAcc>3.016253</hAcc><vAcc>3.332453</vAcc></extensions></trkpt>
      <trkpt lon="-76.445944" lat="39.346947"><ele>23.335937</ele><time>2026-03-11T23:41:25Z</time><extensions><speed>1.492736</speed><course>146.738370</course><hAcc>2.965441</hAcc><vAcc>3.361420</vAcc></extensions></trkpt>
      <trkpt lon="-76.445931" lat="39.346936"><ele>23.859473</ele><time>2026-03-11T23:41:26Z</time><extensions><speed>1.463405</speed><course>147.088518</course><hAcc>2.939550</hAcc><vAcc>3.294303</vAcc></extensions></trkpt>
      <trkpt lon="-76.445921" lat="39.346923"><ele>23.301850</ele><time>2026-03-11T23:41:27Z</time><extensions><speed>1.499666</speed><course>146.915238</course><hAcc>2.914180</hAcc><vAcc>3.211783</vAcc></extensions></trkpt>
      <trkpt lon="-76.445910" lat="39.346909"><ele>23.365431</ele><time>2026-03-11T23:41:28Z</time><extensions><speed>1.537573</speed><course>146.275906</course><hAcc>2.896697</hAcc><vAcc>3.331690</vAcc></extensions></trkpt>
      <trkpt lon="-76.445901" lat="39.346897"><ele>23.272883</ele><time>2026-03-11T23:41:29Z</time><extensions><speed>1.516185</speed><course>150.068801</course><hAcc>2.866581</hAcc><vAcc>3.443088</vAcc></extensions></trkpt>
      <trkpt lon="-76.445892" lat="39.346884"><ele>23.466862</ele><time>2026-03-11T23:41:30Z</time><extensions><speed>1.509929</speed><course>148.483302</course><hAcc>2.842700</hAcc><vAcc>3.389682</vAcc></extensions></trkpt>
      <trkpt lon="-76.445885" lat="39.346868"><ele>23.575536</ele><time>2026-03-11T23:41:31Z</time><extensions><speed>1.553412</speed><course>154.949857</course><hAcc>2.817652</hAcc><vAcc>3.203016</vAcc></extensions></trkpt>
      <trkpt lon="-76.445880" lat="39.346853"><ele>23.611076</ele><time>2026-03-11T23:41:32Z</time><extensions><speed>1.552942</speed><course>159.530333</course><hAcc>2.776769</hAcc><vAcc>3.084713</vAcc></extensions></trkpt>
      <trkpt lon="-76.445876" lat="39.346837"><ele>23.464380</ele><time>2026-03-11T23:41:33Z</time><extensions><speed>1.544014</speed><course>163.929995</course><hAcc>2.737931</hAcc><vAcc>3.000000</vAcc></extensions></trkpt>
      <trkpt lon="-76.445874" lat="39.346822"><ele>23.294485</ele><time>2026-03-11T23:41:34Z</time><extensions><speed>1.545269</speed><course>168.529983</course><hAcc>2.701034</hAcc><vAcc>3.000000</vAcc></extensions></trkpt>
      <trkpt lon="-76.445877" lat="39.346805"><ele>23.130868</ele><time>2026-03-11T23:41:35Z</time><extensions><speed>1.569601</speed><course>176.465988</course><hAcc>2.774482</hAcc><vAcc>3.000000</vAcc></extensions></trkpt>
      <trkpt lon="-76.445870" lat="39.346791"><ele>23.819689</ele><time>2026-03-11T23:41:36Z</time><extensions><speed>1.532931</speed><course>171.239996</course><hAcc>2.735758</hAcc><vAcc>3.000000</vAcc></extensions></trkpt>
      <trkpt lon="-76.445867" lat="39.346776"><ele>23.621559</ele><time>2026-03-11T23:41:37Z</time><extensions><speed>1.552316</speed><course>169.875670</course><hAcc>2.698970</hAcc><vAcc>3.000000</vAcc></extensions></trkpt>
      <trkpt lon="-76.445871" lat="39.346759"><ele>23.640501</ele><time>2026-03-11T23:41:38Z</time><extensions><speed>1.555415</speed><course>176.151693</course><hAcc>2.722790</hAcc><vAcc>3.000000</vAcc></extensions></trkpt>
      <trkpt lon="-76.445878" lat="39.346743"><ele>22.472851</ele><time>2026-03-11T23:41:39Z</time><extensions><speed>1.540249</speed><course>182.140493</course><hAcc>2.782312</hAcc><vAcc>3.000000</vAcc></extensions></trkpt>
      <trkpt lon="-76.445879" lat="39.346726"><ele>22.739784</ele><time>2026-03-11T23:41:40Z</time><extensions><speed>1.573540</speed><course>181.124561</course><hAcc>2.743196</hAcc><vAcc>3.000000</vAcc></extensions></trkpt>
      <trkpt lon="-76.445877" lat="39.346711"><ele>23.061929</ele><time>2026-03-11T23:41:41Z</time><extensions><speed>1.568621</speed><course>178.430764</course><hAcc>2.706036</hAcc><vAcc>3.000000</vAcc></extensions></trkpt>
      <trkpt lon="-76.445876" lat="39.346696"><ele>23.022522</ele><time>2026-03-11T23:41:42Z</time><extensions><speed>1.567113</speed><course>177.806881</course><hAcc>2.698849</hAcc><vAcc>3.000000</vAcc></extensions></trkpt>
      <trkpt lon="-76.445879" lat="39.346679"><ele>22.490522</ele><time>2026-03-11T23:41:43Z</time><extensions><speed>1.591325</speed><course>180.065005</course><hAcc>2.845002</hAcc><vAcc>3.000000</vAcc></extensions></trkpt>
      <trkpt lon="-76.445877" lat="39.346663"><ele>22.537613</ele><time>2026-03-11T23:41:44Z</time><extensions><speed>1.586374</speed><course>178.612291</course><hAcc>2.821794</hAcc><vAcc>3.000000</vAcc></extensions></trkpt>
      <trkpt lon="-76.445878" lat="39.346648"><ele>22.533748</ele><time>2026-03-11T23:41:45Z</time><extensions><speed>1.559676</speed><course>180.689052</course><hAcc>2.802894</hAcc><vAcc>3.000000</vAcc></extensions></trkpt>
      <trkpt lon="-76.445882" lat="39.346633"><ele>22.376715</ele><time>2026-03-11T23:41:46Z</time><extensions><speed>1.576456</speed><course>183.767046</course><hAcc>2.838409</hAcc><vAcc>3.000000</vAcc></extensions></trkpt>
      <trkpt lon="-76.445888" lat="39.346618"><ele>22.482556</ele><time>2026-03-11T23:41:47Z</time><extensions><speed>1.569212</speed><course>191.283702</course><hAcc>2.879068</hAcc><vAcc>3.000000</vAcc></extensions></trkpt>
      <trkpt lon="-76.445900" lat="39.346604"><ele>22.319983</ele><time>2026-03-11T23:41:48Z</time><extensions><speed>1.586498</speed><course>204.016869</course><hAcc>2.859309</hAcc><vAcc>3.000000</vAcc></extensions></trkpt>
      <trkpt lon="-76.445905" lat="39.346589"><ele>22.731643</ele><time>2026-03-11T23:41:49Z</time><extensions><speed>1.591757</speed><course>200.186304</course><hAcc>2.816343</hAcc><vAcc>3.000000</vAcc></extensions></trkpt>
      <trkpt lon="-76.445910" lat="39.346575"><ele>23.288926</ele><time>2026-03-11T23:41:50Z</time><extensions><speed>1.578235</speed><course>198.947075</course><hAcc>2.828343</hAcc><vAcc>3.000000</vAcc></extensions></trkpt>
      <trkpt lon="-76.445915" lat="39.346561"><ele>23.036006</ele><time>2026-03-11T23:41:51Z</time><extensions><speed>1.595760</speed><course>197.725856</course><hAcc>2.825190</hAcc><vAcc>3.000000</vAcc></extensions></trkpt>
      <trkpt lon="-76.445924" lat="39.346547"><ele>22.919838</ele><time>2026-03-11T23:41:52Z</time><extensions><speed>1.612793</speed><course>201.589215</course><hAcc>2.809892</hAcc><vAcc>3.000000</vAcc></extensions></trkpt>
      <trkpt lon="-76.445933" lat="39.346534"><ele>22.792767</ele><time>2026-03-11T23:41:53Z</time><extensions><speed>1.612676</speed><course>204.737085</course><hAcc>2.802247</hAcc><vAcc>3.000000</vAcc></extensions></trkpt>
      <trkpt lon="-76.445943" lat="39.346520"><ele>22.573086</ele><time>2026-03-11T23:41:54Z</time><extensions><speed>1.596624</speed><course>206.361332</course><hAcc>2.762135</hAcc><vAcc>3.000000</vAcc></extensions></trkpt>
      <trkpt lon="-76.445952" lat="39.346507"><ele>22.608084</ele><time>2026-03-11T23:41:55Z</time><extensions><speed>1.580268</speed><course>207.486010</course><hAcc>2.724609</hAcc><vAcc>3.000000</vAcc></extensions></trkpt>
      <trkpt lon="-76.445961" lat="39.346493"><ele>22.265115</ele><time>2026-03-11T23:41:56Z</time><extensions><speed>1.582785</speed><course>208.369774</course><hAcc>2.748444</hAcc><vAcc>3.000000</vAcc></extensions></trkpt>
      <trkpt lon="-76.445969" lat="39.346479"><ele>22.497280</ele><time>2026-03-11T23:41:57Z</time><extensions><speed>1.596065</speed><course>209.102454</course><hAcc>2.711022</hAcc><vAcc>3.000000</vAcc></extensions></trkpt>
      <trkpt lon="-76.445979" lat="39.346466"><ele>22.866181</ele><time>2026-03-11T23:41:58Z</time><extensions><speed>1.589539</speed><course>212.951176</course><hAcc>2.718915</hAcc><vAcc>3.000000</vAcc></extensions></trkpt>
      <trkpt lon="-76.445983" lat="39.346449"><ele>23.062136</ele><time>2026-03-11T23:41:59Z</time><extensions><speed>1.599265</speed><course>208.510277</course><hAcc>2.745427</hAcc><vAcc>3.000000</vAcc></extensions></trkpt>
      <trkpt lon="-76.445991" lat="39.346433"><ele>23.410286</ele><time>2026-03-11T23:42:00Z</time><extensions><speed>1.603433</speed><course>208.070369</course><hAcc>2.841503</hAcc><vAcc>3.000000</vAcc></extensions></trkpt>
      <trkpt lon="-76.446000" lat="39.346418"><ele>23.152676</ele><time>2026-03-11T23:42:01Z</time><extensions><speed>1.622340</speed><course>209.788843</course><hAcc>2.896442</hAcc><vAcc>3.000000</vAcc></extensions></trkpt>
      <trkpt lon="-76.446009" lat="39.346404"><ele>23.341891</ele><time>2026-03-11T23:42:02Z</time><extensions><speed>1.600313</speed><course>211.491060</course><hAcc>3.022747</hAcc><vAcc>3.000000</vAcc></extensions></trkpt>
      <trkpt lon="-76.446020" lat="39.346391"><ele>23.100114</ele><time>2026-03-11T23:42:03Z</time><extensions><speed>1.589369</speed><course>212.938088</course><hAcc>3.083175</hAcc><vAcc>3.000000</vAcc></extensions></trkpt>
      <trkpt lon="-76.446029" lat="39.346378"><ele>22.970593</ele><time>2026-03-11T23:42:04Z</time><extensions><speed>1.591207</speed><course>212.546498</course><hAcc>3.066645</hAcc><vAcc>3.000000</vAcc></extensions></trkpt>
      <trkpt lon="-76.446038" lat="39.346363"><ele>22.969037</ele><time>2026-03-11T23:42:05Z</time><extensions><speed>1.612578</speed><course>211.245857</course><hAcc>3.044028</hAcc><vAcc>3.000000</vAcc></extensions></trkpt>
      <trkpt lon="-76.446049" lat="39.346351"><ele>23.234152</ele><time>2026-03-11T23:42:06Z</time><extensions><speed>1.611105</speed><course>214.576345</course><hAcc>3.036392</hAcc><vAcc>3.000000</vAcc></extensions></trkpt>
      <trkpt lon="-76.446060" lat="39.346338"><ele>23.194021</ele><time>2026-03-11T23:42:07Z</time><extensions><speed>1.602247</speed><course>213.239679</course><hAcc>2.984572</hAcc><vAcc>3.000000</vAcc></extensions></trkpt>
      <trkpt lon="-76.446068" lat="39.346323"><ele>23.411945</ele><time>2026-03-11T23:42:08Z</time><extensions><speed>1.593410</speed><course>210.871883</course><hAcc>2.945799</hAcc><vAcc>3.000000</vAcc></extensions></trkpt>
      <trkpt lon="-76.446074" lat="39.346307"><ele>23.812401</ele><time>2026-03-11T23:42:09Z</time><extensions><speed>1.589877</speed><course>206.445270</course><hAcc>2.898509</hAcc><vAcc>3.000000</vAcc></extensions></trkpt>
      <trkpt lon="-76.446085" lat="39.346293"><ele>22.804223</ele><time>2026-03-11T23:42:10Z</time><extensions><speed>1.611647</speed><course>205.154658</course><hAcc>2.878456</hAcc><vAcc>3.000000</vAcc></extensions></trkpt>
      <trkpt lon="-76.446092" lat="39.346279"><ele>22.671419</ele><time>2026-03-11T23:42:11Z</time><extensions><speed>1.593334</speed><course>204.028891</course><hAcc>2.834533</hAcc><vAcc>3.000000</vAcc></extensions></trkpt>
      <trkpt lon="-76.446104" lat="39.346266"><ele>22.825994</ele><time>2026-03-11T23:42:12Z</time><extensions><speed>1.613766</speed><course>210.559223</course><hAcc>2.827265</hAcc><vAcc>3.000000</vAcc></extensions></trkpt>
      <trkpt lon="-76.446116" lat="39.346253"><ele>23.396330</ele><time>2026-03-11T23:42:13Z</time><extensions><speed>1.594442</speed><course>214.291469</course><hAcc>2.825043</hAcc><vAcc>3.000000</vAcc></extensions></trkpt>
      <trkpt lon="-76.446124" lat="39.346239"><ele>23.461403</ele><time>2026-03-11T23:42:14Z</time><extensions><speed>1.589760</speed><course>207.487492</course><hAcc>2.834813</hAcc><vAcc>3.000000</vAcc></extensions></trkpt>
      <trkpt lon="-76.446133" lat="39.346227"><ele>23.576880</ele><time>2026-03-11T23:42:15Z</time><extensions><speed>1.580789</speed><course>208.072932</course><hAcc>2.824081</hAcc><vAcc>3.000000</vAcc></extensions></trkpt>
      <trkpt lon="-76.446140" lat="39.346211"><ele>23.364293</ele><time>2026-03-11T23:42:16Z</time><extensions><speed>1.617728</speed><course>206.772062</course><hAcc>2.782877</hAcc><vAcc>3.000000</vAcc></extensions></trkpt>
      <trkpt lon="-76.446151" lat="39.346199"><ele>22.996957</ele><time>2026-03-11T23:42:17Z</time><extensions><speed>1.630872</speed><course>207.067903</course><hAcc>2.753308</hAcc><vAcc>3.000000</vAcc></extensions></trkpt>
      <trkpt lon="-76.446161" lat="39.346185"><ele>23.049295</ele><time>2026-03-11T23:42:18Z</time><extensions><speed>1.629908</speed><course>208.395007</course><hAcc>2.721794</hAcc><vAcc>3.000000</vAcc></extensions></trkpt>
      <trkpt lon="-76.446169" lat="39.346171"><ele>22.656152</ele><time>2026-03-11T23:42:19Z</time><extensions><speed>1.636455</speed><course>207.541266</course><hAcc>2.691553</hAcc><vAcc>3.000000</vAcc></extensions></trkpt>
      <trkpt lon="-76.446180" lat="39.346159"><ele>22.981110</ele><time>2026-03-11T23:42:20Z</time><extensions><speed>1.598996</speed><course>211.189333</course><hAcc>2.664586</hAcc><vAcc>3.000000</vAcc></extensions></trkpt>
      <trkpt lon="-76.446188" lat="39.346146"><ele>22.989927</ele><time>2026-03-11T23:42:21Z</time><extensions><speed>1.616190</speed><course>208.543207</course><hAcc>2.713089</hAcc><vAcc>3.000000</vAcc></extensions></trkpt>
      <trkpt lon="-76.446195" lat="39.346133"><ele>22.976496</ele><time>2026-03-11T23:42:22Z</time><extensions><speed>1.596648</speed><course>206.898134</course><hAcc>2.736189</hAcc><vAcc>3.000000</vAcc></extensions></trkpt>
      <trkpt lon="-76.446203" lat="39.346121"><ele>22.144379</ele><time>2026-03-11T23:42:23Z</time><extensions><speed>1.549004</speed><course>208.105026</course><hAcc>2.705482</hAcc><vAcc>3.000000</vAcc></extensions></trkpt>
      <trkpt lon="-76.446201" lat="39.346116"><ele>21.255571</ele><time>2026-03-11T23:42:24Z</time><extensions><speed>1.126108</speed><course>202.515342</course><hAcc>2.706367</hAcc><vAcc>3.000000</vAcc></extensions></trkpt>
      <trkpt lon="-76.446197" lat="39.346124"><ele>19.974511</ele><time>2026-03-11T23:42:25Z</time><extensions><speed>1.557352</speed><course>-1.000000</course><hAcc>2.811796</hAcc><vAcc>3.000000</vAcc></extensions></trkpt>
      <trkpt lon="-76.446180" lat="39.346129"><ele>20.204822</ele><time>2026-03-11T23:42:26Z</time><extensions><speed>1.094264</speed><course>58.964461</course><hAcc>2.806330</hAcc><vAcc>3.000000</vAcc></extensions></trkpt>
      <trkpt lon="-76.446161" lat="39.346122"><ele>20.416483</ele><time>2026-03-11T23:42:27Z</time><extensions><speed>1.483174</speed><course>89.647579</course><hAcc>2.854331</hAcc><vAcc>3.000000</vAcc></extensions></trkpt>
      <trkpt lon="-76.446144" lat="39.346100"><ele>21.100615</ele><time>2026-03-11T23:42:28Z</time><extensions><speed>1.575082</speed><course>128.352804</course><hAcc>2.837155</hAcc><vAcc>3.019104</vAcc></extensions></trkpt>
      <trkpt lon="-76.446135" lat="39.346085"><ele>22.224940</ele><time>2026-03-11T23:42:29Z</time><extensions><speed>1.577231</speed><course>147.240770</course><hAcc>2.909063</hAcc><vAcc>3.237277</vAcc></extensions></trkpt>
      <trkpt lon="-76.446126" lat="39.346073"><ele>21.857281</ele><time>2026-03-11T23:42:30Z</time><extensions><speed>1.588350</speed><course>149.799663</course><hAcc>2.863610</hAcc><vAcc>3.286214</vAcc></extensions></trkpt>
      <trkpt lon="-76.446125" lat="39.346059"><ele>21.861955</ele><time>2026-03-11T23:42:31Z</time><extensions><speed>1.582265</speed><course>165.526797</course><hAcc>2.846571</hAcc><vAcc>3.369153</vAcc></extensions></trkpt>
      <trkpt lon="-76.446119" lat="39.346050"><ele>21.935796</ele><time>2026-03-11T23:42:32Z</time><extensions><speed>1.548255</speed><course>162.859156</course><hAcc>2.831377</hAcc><vAcc>3.200211</vAcc></extensions></trkpt>
      <trkpt lon="-76.446110" lat="39.346039"><ele>22.769413</ele><time>2026-03-11T23:42:33Z</time><extensions><speed>1.569375</speed><course>164.001639</course><hAcc>2.789809</hAcc><vAcc>3.212295</vAcc></extensions></trkpt>
      <trkpt lon="-76.446109" lat="39.346028"><ele>21.499620</ele><time>2026-03-11T23:42:34Z</time><extensions><speed>1.407694</speed><course>170.237034</course><hAcc>2.801984</hAcc><vAcc>3.038574</vAcc></extensions></trkpt>
      <trkpt lon="-76.446107" lat="39.346018"><ele>21.037236</ele><time>2026-03-11T23:42:35Z</time><extensions><speed>1.339687</speed><course>171.278106</course><hAcc>2.773187</hAcc><vAcc>3.000000</vAcc></extensions></trkpt>
      <trkpt lon="-76.446097" lat="39.346009"><ele>20.309920</ele><time>2026-03-11T23:42:36Z</time><extensions><speed>1.253305</speed><course>163.936842</course><hAcc>2.734528</hAcc><vAcc>3.000000</vAcc></extensions></trkpt>
      <trkpt lon="-76.446091" lat="39.346002"><ele>19.921535</ele><time>2026-03-11T23:42:37Z</time><extensions><speed>1.126501</speed><course>158.131741</course><hAcc>2.855867</hAcc><vAcc>3.000000</vAcc></extensions></trkpt>
      <trkpt lon="-76.446086" lat="39.345994"><ele>20.626785</ele><time>2026-03-11T23:42:38Z</time><extensions><speed>0.962117</speed><course>162.109049</course><hAcc>2.815487</hAcc><vAcc>3.000000</vAcc></extensions></trkpt>
      <trkpt lon="-76.446080" lat="39.345989"><ele>20.526577</ele><time>2026-03-11T23:42:39Z</time><extensions><speed>0.896392</speed><course>160.215820</course><hAcc>2.774712</hAcc><vAcc>3.000000</vAcc></extensions></trkpt>
      <trkpt lon="-76.446077" lat="39.345978"><ele>20.493864</ele><time>2026-03-11T23:42:40Z</time><extensions><speed>1.180053</speed><course>164.051508</course><hAcc>2.784034</hAcc><vAcc>3.000000</vAcc></extensions></trkpt>
      <trkpt lon="-76.446070" lat="39.345958"><ele>20.462202</ele><time>2026-03-11T23:42:41Z</time><extensions><speed>1.759718</speed><course>165.853784</course><hAcc>2.832497</hAcc><vAcc>3.000000</vAcc></extensions></trkpt>
      <trkpt lon="-76.446064" lat="39.345941"><ele>20.493481</ele><time>2026-03-11T23:42:42Z</time><extensions><speed>1.955547</speed><course>167.329524</course><hAcc>2.822907</hAcc><vAcc>3.000000</vAcc></extensions></trkpt>
      <trkpt lon="-76.446066" lat="39.345922"><ele>20.894678</ele><time>2026-03-11T23:42:43Z</time><extensions><speed>2.002010</speed><course>174.053210</course><hAcc>2.849971</hAcc><vAcc>3.000000</vAcc></extensions></trkpt>
      <trkpt lon="-76.446059" lat="39.345907"><ele>21.354406</ele><time>2026-03-11T23:42:44Z</time><extensions><speed>1.895145</speed><course>171.889481</course><hAcc>2.854474</hAcc><vAcc>3.000000</vAcc></extensions></trkpt>
      <trkpt lon="-76.446049" lat="39.345895"><ele>21.488403</ele><time>2026-03-11T23:42:45Z</time><extensions><speed>1.887878</speed><course>162.860133</course><hAcc>2.847320</hAcc><vAcc>3.000000</vAcc></extensions></trkpt>
      <trkpt lon="-76.446037" lat="39.345885"><ele>21.068117</ele><time>2026-03-11T23:42:46Z</time><extensions><speed>1.735310</speed><course>155.665918</course><hAcc>2.940237</hAcc><vAcc>3.000000</vAcc></extensions></trkpt>
      <trkpt lon="-76.446019" lat="39.345873"><ele>20.719530</ele><time>2026-03-11T23:42:47Z</time><extensions><speed>1.929760</speed><course>142.923156</course><hAcc>3.007625</hAcc><vAcc>3.000000</vAcc></extensions></trkpt>
      <trkpt lon="-76.446004" lat="39.345863"><ele>20.881262</ele><time>2026-03-11T23:42:48Z</time><extensions><speed>1.869660</speed><course>137.709416</course><hAcc>2.987249</hAcc><vAcc>3.000000</vAcc></extensions></trkpt>
      <trkpt lon="-76.445993" lat="39.345852"><ele>20.999489</ele><time>2026-03-11T23:42:49Z</time><extensions><speed>1.833092</speed><course>140.814249</course><hAcc>2.938072</hAcc><vAcc>3.000000</vAcc></extensions></trkpt>
      <trkpt lon="-76.445985" lat="39.345844"><ele>20.755455</ele><time>2026-03-11T23:42:50Z</time><extensions><speed>1.741472</speed><course>139.119034</course><hAcc>2.955187</hAcc><vAcc>3.000000</vAcc></extensions></trkpt>
      <trkpt lon="-76.445974" lat="39.345832"><ele>20.596336</ele><time>2026-03-11T23:42:51Z</time><extensions><speed>1.786246</speed><course>136.273079</course><hAcc>2.942694</hAcc><vAcc>3.000000</vAcc></extensions></trkpt>
      <trkpt lon="-76.445965" lat="39.345825"><ele>20.025127</ele><time>2026-03-11T23:42:52Z</time><extensions><speed>1.449425</speed><course>137.539820</course><hAcc>2.895559</hAcc><vAcc>3.000000</vAcc></extensions></trkpt>
      <trkpt lon="-76.445955" lat="39.345817"><ele>19.971153</ele><time>2026-03-11T23:42:53Z</time><extensions><speed>1.432719</speed><course>141.448039</course><hAcc>2.865923</hAcc><vAcc>3.000000</vAcc></extensions></trkpt>
      <trkpt lon="-76.445945" lat="39.345805"><ele>20.530502</ele><time>2026-03-11T23:42:54Z</time><extensions><speed>1.511846</speed><course>144.606003</course><hAcc>2.822627</hAcc><vAcc>3.000000</vAcc></extensions></trkpt>
      <trkpt lon="-76.445932" lat="39.345794"><ele>21.115643</ele><time>2026-03-11T23:42:55Z</time><extensions><speed>1.514299</speed><course>144.112625</course><hAcc>2.823720</hAcc><vAcc>3.000000</vAcc></extensions></trkpt>
      <trkpt lon="-76.445916" lat="39.345787"><ele>21.019477</ele><time>2026-03-11T23:42:56Z</time><extensions><speed>1.501445</speed><course>137.696702</course><hAcc>2.782534</hAcc><vAcc>3.000000</vAcc></extensions></trkpt>
      <trkpt lon="-76.445902" lat="39.345779"><ele>20.653151</ele><time>2026-03-11T23:42:57Z</time><extensions><speed>1.474551</speed><course>133.201858</course><hAcc>2.747075</hAcc><vAcc>3.000000</vAcc></extensions></trkpt>
      <trkpt lon="-76.445887" lat="39.345772"><ele>20.172183</ele><time>2026-03-11T23:42:58Z</time><extensions><speed>1.447801</speed><course>130.714215</course><hAcc>2.709721</hAcc><vAcc>3.000000</vAcc></extensions></trkpt>
      <trkpt lon="-76.445872" lat="39.345763"><ele>20.015607</ele><time>2026-03-11T23:42:59Z</time><extensions><speed>1.468335</speed><course>132.403768</course><hAcc>2.687049</hAcc><vAcc>3.000000</vAcc></extensions></trkpt>
      <trkpt lon="-76.445857" lat="39.345753"><ele>20.305162</ele><time>2026-03-11T23:43:00Z</time><extensions><speed>1.512689</speed><course>135.633298</course><hAcc>2.689413</hAcc><vAcc>3.000000</vAcc></extensions></trkpt>
      <trkpt lon="-76.445844" lat="39.345746"><ele>20.145775</ele><time>2026-03-11T23:43:01Z</time><extensions><speed>1.488817</speed><course>134.790412</course><hAcc>2.738277</hAcc><vAcc>3.000000</vAcc></extensions></trkpt>
      <trkpt lon="-76.445829" lat="39.345739"><ele>19.747263</ele><time>2026-03-11T23:43:02Z</time><extensions><speed>1.333864</speed><course>132.395902</course><hAcc>2.742144</hAcc><vAcc>3.000000</vAcc></extensions></trkpt>
      <trkpt lon="-76.445816" lat="39.345734"><ele>19.615481</ele><time>2026-03-11T23:43:03Z</time><extensions><speed>1.353668</speed><course>126.462992</course><hAcc>2.705037</hAcc><vAcc>3.000000</vAcc></extensions></trkpt>
      <trkpt lon="-76.445804" lat="39.345722"><ele>20.092839</ele><time>2026-03-11T23:43:04Z</time><extensions><speed>1.510679</speed><course>135.171023</course><hAcc>2.688237</hAcc><vAcc>3.000000</vAcc></extensions></trkpt>
      <trkpt lon="-76.445789" lat="39.345716"><ele>20.080571</ele><time>2026-03-11T23:43:05Z</time><extensions><speed>1.514352</speed><course>129.166423</course><hAcc>2.677051</hAcc><vAcc>3.000000</vAcc></extensions></trkpt>
      <trkpt lon="-76.445778" lat="39.345707"><ele>19.912276</ele><time>2026-03-11T23:43:06Z</time><extensions><speed>1.489405</speed><course>131.127719</course><hAcc>2.652136</hAcc><vAcc>3.000000</vAcc></extensions></trkpt>
      <trkpt lon="-76.445768" lat="39.345698"><ele>19.411450</ele><time>2026-03-11T23:43:07Z</time><extensions><speed>1.343584</speed><course>136.190872</course><hAcc>2.619530</hAcc><vAcc>3.000000</vAcc></extensions></trkpt>
      <trkpt lon="-76.445757" lat="39.345689"><ele>19.319910</ele><time>2026-03-11T23:43:08Z</time><extensions><speed>1.333820</speed><course>138.082662</course><hAcc>2.588553</hAcc><vAcc>3.000000</vAcc></extensions></trkpt>
      <trkpt lon="-76.445744" lat="39.345677"><ele>19.794190</ele><time>2026-03-11T23:43:09Z</time><extensions><speed>1.462299</speed><course>138.610496</course><hAcc>2.564684</hAcc><vAcc>3.000000</vAcc></extensions></trkpt>
      <trkpt lon="-76.445731" lat="39.345665"><ele>19.501864</ele><time>2026-03-11T23:43:10Z</time><extensions><speed>1.550384</speed><course>139.967331</course><hAcc>2.549940</hAcc><vAcc>3.000000</vAcc></extensions></trkpt>
      <trkpt lon="-76.445720" lat="39.345657"><ele>19.478231</ele><time>2026-03-11T23:43:11Z</time><extensions><speed>1.473319</speed><course>138.041230</course><hAcc>2.617941</hAcc><vAcc>3.000000</vAcc></extensions></trkpt>
      <trkpt lon="-76.445715" lat="39.345645"><ele>19.752241</ele><time>2026-03-11T23:43:12Z</time><extensions><speed>1.383563</speed><course>150.686712</course><hAcc>2.602488</hAcc><vAcc>3.000000</vAcc></extensions></trkpt>
      <trkpt lon="-76.445713" lat="39.345631"><ele>19.489275</ele><time>2026-03-11T23:43:13Z</time><extensions><speed>1.384150</speed><course>161.256959</course><hAcc>2.573600</hAcc><vAcc>3.000000</vAcc></extensions></trkpt>
      <trkpt lon="-76.445713" lat="39.345622"><ele>19.859049</ele><time>2026-03-11T23:43:14Z</time><extensions><speed>1.139691</speed><course>171.228438</course><hAcc>2.576453</hAcc><vAcc>3.000000</vAcc></extensions></trkpt>
      <trkpt lon="-76.445709" lat="39.345609"><ele>21.431626</ele><time>2026-03-11T23:43:15Z</time><extensions><speed>1.240513</speed><course>168.108075</course><hAcc>2.593732</hAcc><vAcc>3.000000</vAcc></extensions></trkpt>
      <trkpt lon="-76.445698" lat="39.345595"><ele>20.579723</ele><time>2026-03-11T23:43:16Z</time><extensions><speed>1.511054</speed><course>163.042353</course><hAcc>2.585108</hAcc><vAcc>3.000000</vAcc></extensions></trkpt>
      <trkpt lon="-76.445695" lat="39.345580"><ele>20.802701</ele><time>2026-03-11T23:43:17Z</time><extensions><speed>1.531679</speed><course>167.663955</course><hAcc>2.555853</hAcc><vAcc>3.000000</vAcc></extensions></trkpt>
      <trkpt lon="-76.445697" lat="39.345565"><ele>19.744302</ele><time>2026-03-11T23:43:18Z</time><extensions><speed>1.506871</speed><course>177.917031</course><hAcc>2.528182</hAcc><vAcc>3.000000</vAcc></extensions></trkpt>
      <trkpt lon="-76.445705" lat="39.345548"><ele>20.106263</ele><time>2026-03-11T23:43:19Z</time><extensions><speed>1.569221</speed><course>191.966366</course><hAcc>2.509630</hAcc><vAcc>3.000000</vAcc></extensions></trkpt>
      <trkpt lon="-76.445722" lat="39.345535"><ele>19.806499</ele><time>2026-03-11T23:43:20Z</time><extensions><speed>1.499015</speed><course>208.807582</course><hAcc>2.484148</hAcc><vAcc>3.000000</vAcc></extensions></trkpt>
      <trkpt lon="-76.445733" lat="39.345522"><ele>19.662548</ele><time>2026-03-11T23:43:21Z</time><extensions><speed>1.508696</speed><course>214.080466</course><hAcc>2.459941</hAcc><vAcc>3.000000</vAcc></extensions></trkpt>
      <trkpt lon="-76.445747" lat="39.345509"><ele>19.469114</ele><time>2026-03-11T23:43:22Z</time><extensions><speed>1.554631</speed><course>216.093152</course><hAcc>2.436944</hAcc><vAcc>3.000000</vAcc></extensions></trkpt>
      <trkpt lon="-76.445760" lat="39.345495"><ele>19.439379</ele><time>2026-03-11T23:43:23Z</time><extensions><speed>1.515123</speed><course>220.213739</course><hAcc>2.463369</hAcc><vAcc>3.000000</vAcc></extensions></trkpt>
      <trkpt lon="-76.445777" lat="39.345484"><ele>19.335520</ele><time>2026-03-11T23:43:24Z</time><extensions><speed>1.504740</speed><course>224.738108</course><hAcc>2.475279</hAcc><vAcc>3.000000</vAcc></extensions></trkpt>
      <trkpt lon="-76.445794" lat="39.345475"><ele>19.277365</ele><time>2026-03-11T23:43:25Z</time><extensions><speed>1.514500</speed><course>233.327041</course><hAcc>2.451515</hAcc><vAcc>3.000000</vAcc></extensions></trkpt>
      <trkpt lon="-76.445819" lat="39.345475"><ele>19.473269</ele><time>2026-03-11T23:43:26Z</time><extensions><speed>1.510424</speed><course>254.497972</course><hAcc>2.445042</hAcc><vAcc>3.000000</vAcc></extensions></trkpt>
      <trkpt lon="-76.445840" lat="39.345478"><ele>20.038656</ele><time>2026-03-11T23:43:27Z</time><extensions><speed>1.446362</speed><course>270.244887</course><hAcc>2.476278</hAcc><vAcc>3.000000</vAcc></extensions></trkpt>
      <trkpt lon="-76.445859" lat="39.345487"><ele>19.686795</ele><time>2026-03-11T23:43:28Z</time><extensions><speed>1.423735</speed><course>285.685688</course><hAcc>2.530947</hAcc><vAcc>3.000000</vAcc></extensions></trkpt>
      <trkpt lon="-76.445876" lat="39.345495"><ele>19.454941</ele><time>2026-03-11T23:43:29Z</time><extensions><speed>1.332955</speed><course>293.786224</course><hAcc>2.582739</hAcc><vAcc>3.000000</vAcc></extensions></trkpt>
      <trkpt lon="-76.445893" lat="39.345495"><ele>20.789406</ele><time>2026-03-11T23:43:30Z</time><extensions><speed>1.261434</speed><course>284.543414</course><hAcc>2.553602</hAcc><vAcc>3.000000</vAcc></extensions></trkpt>
      <trkpt lon="-76.445909" lat="39.345489"><ele>21.104913</ele><time>2026-03-11T23:43:31Z</time><extensions><speed>1.217172</speed><course>264.459136</course><hAcc>2.613635</hAcc><vAcc>3.000000</vAcc></extensions></trkpt>
      <trkpt lon="-76.445923" lat="39.345484"><ele>19.862594</ele><time>2026-03-11T23:43:32Z</time><extensions><speed>1.271396</speed><course>257.269267</course><hAcc>2.681679</hAcc><vAcc>3.000000</vAcc></extensions></trkpt>
      <trkpt lon="-76.445939" lat="39.345477"><ele>19.605437</ele><time>2026-03-11T23:43:33Z</time><extensions><speed>1.427963</speed><course>253.501606</course><hAcc>2.729439</hAcc><vAcc>3.000000</vAcc></extensions></trkpt>
      <trkpt lon="-76.445946" lat="39.345464"><ele>19.872171</ele><time>2026-03-11T23:43:34Z</time><extensions><speed>1.406767</speed><course>240.730016</course><hAcc>2.829609</hAcc><vAcc>3.000000</vAcc></extensions></trkpt>
      <trkpt lon="-76.445952" lat="39.345452"><ele>19.615668</ele><time>2026-03-11T23:43:35Z</time><extensions><speed>1.402428</speed><course>228.884575</course><hAcc>2.825420</hAcc><vAcc>3.000000</vAcc></extensions></trkpt>
      <trkpt lon="-76.445965" lat="39.345446"><ele>19.201473</ele><time>2026-03-11T23:43:36Z</time><extensions><speed>1.221726</speed><course>236.678671</course><hAcc>2.894758</hAcc><vAcc>3.000000</vAcc></extensions></trkpt>
      <trkpt lon="-76.445977" lat="39.345440"><ele>19.753799</ele><time>2026-03-11T23:43:37Z</time><extensions><speed>1.151077</speed><course>232.562317</course><hAcc>2.897849</hAcc><vAcc>3.000000</vAcc></extensions></trkpt>
      <trkpt lon="-76.445986" lat="39.345426"><ele>19.590960</ele><time>2026-03-11T23:43:38Z</time><extensions><speed>1.322075</speed><course>222.651776</course><hAcc>2.852957</hAcc><vAcc>3.000000</vAcc></extensions></trkpt>
      <trkpt lon="-76.445995" lat="39.345413"><ele>19.291710</ele><time>2026-03-11T23:43:39Z</time><extensions><speed>1.420893</speed><course>218.077514</course><hAcc>2.843503</hAcc><vAcc>3.000000</vAcc></extensions></trkpt>
      <trkpt lon="-76.446002" lat="39.345397"><ele>19.647895</ele><time>2026-03-11T23:43:40Z</time><extensions><speed>1.505145</speed><course>213.919332</course><hAcc>2.837090</hAcc><vAcc>3.000000</vAcc></extensions></trkpt>
      <trkpt lon="-76.446014" lat="39.345386"><ele>19.830766</ele><time>2026-03-11T23:43:41Z</time><extensions><speed>1.483608</speed><course>219.179015</course><hAcc>2.825063</hAcc><vAcc>3.000000</vAcc></extensions></trkpt>
      <trkpt lon="-76.446025" lat="39.345375"><ele>19.904074</ele><time>2026-03-11T23:43:42Z</time><extensions><speed>1.444623</speed><course>223.817815</course><hAcc>2.818763</hAcc><vAcc>3.000000</vAcc></extensions></trkpt>
      <trkpt lon="-76.446037" lat="39.345365"><ele>19.876919</ele><time>2026-03-11T23:43:43Z</time><extensions><speed>1.417518</speed><course>226.168823</course><hAcc>2.801306</hAcc><vAcc>3.000000</vAcc></extensions></trkpt>
      <trkpt lon="-76.446051" lat="39.345354"><ele>20.383859</ele><time>2026-03-11T23:43:44Z</time><extensions><speed>1.522783</speed><course>224.633180</course><hAcc>2.761241</hAcc><vAcc>3.000000</vAcc></extensions></trkpt>
      <trkpt lon="-76.446064" lat="39.345344"><ele>19.652940</ele><time>2026-03-11T23:43:45Z</time><extensions><speed>1.523122</speed><course>229.468152</course><hAcc>2.723179</hAcc><vAcc>3.000000</vAcc></extensions></trkpt>
      <trkpt lon="-76.446079" lat="39.345331"><ele>20.561406</ele><time>2026-03-11T23:43:46Z</time><extensions><speed>1.674922</speed><course>224.971837</course><hAcc>2.712123</hAcc><vAcc>3.000000</vAcc></extensions></trkpt>
      <trkpt lon="-76.446089" lat="39.345324"><ele>20.130015</ele><time>2026-03-11T23:43:47Z</time><extensions><speed>1.456983</speed><course>223.718016</course><hAcc>2.727096</hAcc><vAcc>3.000000</vAcc></extensions></trkpt>
      <trkpt lon="-76.446098" lat="39.345314"><ele>20.232247</ele><time>2026-03-11T23:43:48Z</time><extensions><speed>1.445467</speed><course>220.801961</course><hAcc>2.712050</hAcc><vAcc>3.000000</vAcc></extensions></trkpt>
      <trkpt lon="-76.446111" lat="39.345304"><ele>20.262791</ele><time>2026-03-11T23:43:49Z</time><extensions><speed>1.451262</speed><course>226.819443</course><hAcc>2.703431</hAcc><vAcc>3.000000</vAcc></extensions></trkpt>
      <trkpt lon="-76.446130" lat="39.345293"><ele>20.893830</ele><time>2026-03-11T23:43:50Z</time><extensions><speed>1.581730</speed><course>227.892986</course><hAcc>2.715358</hAcc><vAcc>3.000000</vAcc></extensions></trkpt>
      <trkpt lon="-76.446141" lat="39.345280"><ele>20.414200</ele><time>2026-03-11T23:43:51Z</time><extensions><speed>1.548309</speed><course>221.086083</course><hAcc>2.703323</hAcc><vAcc>3.000000</vAcc></extensions></trkpt>
      <trkpt lon="-76.446149" lat="39.345268"><ele>20.457607</ele><time>2026-03-11T23:43:52Z</time><extensions><speed>1.505104</speed><course>216.370345</course><hAcc>2.675616</hAcc><vAcc>3.000000</vAcc></extensions></trkpt>
      <trkpt lon="-76.446163" lat="39.345254"><ele>20.513812</ele><time>2026-03-11T23:43:53Z</time><extensions><speed>1.509174</speed><course>219.408436</course><hAcc>2.704591</hAcc><vAcc>3.000000</vAcc></extensions></trkpt>
      <trkpt lon="-76.446184" lat="39.345246"><ele>20.262359</ele><time>2026-03-11T23:43:54Z</time><extensions><speed>1.599082</speed><course>227.017943</course><hAcc>2.713107</hAcc><vAcc>3.000000</vAcc></extensions></trkpt>
      <trkpt lon="-76.446198" lat="39.345239"><ele>20.604876</ele><time>2026-03-11T23:43:55Z</time><extensions><speed>1.468665</speed><course>232.008519</course><hAcc>2.726836</hAcc><vAcc>3.000000</vAcc></extensions></trkpt>
      <trkpt lon="-76.446212" lat="39.345230"><ele>20.979288</ele><time>2026-03-11T23:43:56Z</time><extensions><speed>1.443987</speed><course>231.241252</course><hAcc>2.834909</hAcc><vAcc>3.000000</vAcc></extensions></trkpt>
      <trkpt lon="-76.446222" lat="39.345218"><ele>21.041237</ele><time>2026-03-11T23:43:57Z</time><extensions><speed>1.516771</speed><course>221.928127</course><hAcc>2.876530</hAcc><vAcc>3.000000</vAcc></extensions></trkpt>
      <trkpt lon="-76.446230" lat="39.345208"><ele>20.952876</ele><time>2026-03-11T23:43:58Z</time><extensions><speed>1.414822</speed><course>221.021133</course><hAcc>2.872935</hAcc><vAcc>3.000000</vAcc></extensions></trkpt>
      <trkpt lon="-76.446240" lat="39.345196"><ele>21.026260</ele><time>2026-03-11T23:43:59Z</time><extensions><speed>1.471756</speed><course>218.089635</course><hAcc>2.840269</hAcc><vAcc>3.000000</vAcc></extensions></trkpt>
      <trkpt lon="-76.446251" lat="39.345187"><ele>20.871794</ele><time>2026-03-11T23:44:00Z</time><extensions><speed>1.351127</speed><course>221.257018</course><hAcc>2.798256</hAcc><vAcc>3.000000</vAcc></extensions></trkpt>
      <trkpt lon="-76.446260" lat="39.345175"><ele>20.961165</ele><time>2026-03-11T23:44:01Z</time><extensions><speed>1.356378</speed><course>219.965073</course><hAcc>2.797060</hAcc><vAcc>3.000000</vAcc></extensions></trkpt>
      <trkpt lon="-76.446277" lat="39.345166"><ele>20.904106</ele><time>2026-03-11T23:44:02Z</time><extensions><speed>1.383509</speed><course>226.042519</course><hAcc>2.826031</hAcc><vAcc>3.000000</vAcc></extensions></trkpt>
      <trkpt lon="-76.446291" lat="39.345155"><ele>20.282556</ele><time>2026-03-11T23:44:03Z</time><extensions><speed>1.534750</speed><course>225.098641</course><hAcc>2.788910</hAcc><vAcc>3.000000</vAcc></extensions></trkpt>
      <trkpt lon="-76.446307" lat="39.345144"><ele>19.809798</ele><time>2026-03-11T23:44:04Z</time><extensions><speed>1.458621</speed><course>226.817778</course><hAcc>2.770092</hAcc><vAcc>3.000000</vAcc></extensions></trkpt>
      <trkpt lon="-76.446319" lat="39.345133"><ele>19.724922</ele><time>2026-03-11T23:44:05Z</time><extensions><speed>1.478289</speed><course>228.015404</course><hAcc>2.757035</hAcc><vAcc>3.000000</vAcc></extensions></trkpt>
      <trkpt lon="-76.446325" lat="39.345119"><ele>19.651082</ele><time>2026-03-11T23:44:06Z</time><extensions><speed>1.439890</speed><course>220.683767</course><hAcc>2.723997</hAcc><vAcc>3.000000</vAcc></extensions></trkpt>
      <trkpt lon="-76.446333" lat="39.345108"><ele>20.087099</ele><time>2026-03-11T23:44:07Z</time><extensions><speed>1.304482</speed><course>216.703574</course><hAcc>2.715848</hAcc><vAcc>3.000000</vAcc></extensions></trkpt>
      <trkpt lon="-76.446340" lat="39.345093"><ele>19.968480</ele><time>2026-03-11T23:44:08Z</time><extensions><speed>1.402984</speed><course>215.292265</course><hAcc>2.743566</hAcc><vAcc>3.000000</vAcc></extensions></trkpt>
      <trkpt lon="-76.446361" lat="39.345079"><ele>20.210204</ele><time>2026-03-11T23:44:09Z</time><extensions><speed>1.834113</speed><course>220.646908</course><hAcc>2.717736</hAcc><vAcc>3.000000</vAcc></extensions></trkpt>
      <trkpt lon="-76.446375" lat="39.345075"><ele>19.943802</ele><time>2026-03-11T23:44:10Z</time><extensions><speed>1.477964</speed><course>227.130847</course><hAcc>2.687910</hAcc><vAcc>3.000000</vAcc></extensions></trkpt>
      <trkpt lon="-76.446390" lat="39.345066"><ele>20.245973</ele><time>2026-03-11T23:44:11Z</time><extensions><speed>1.547983</speed><course>231.455765</course><hAcc>2.653515</hAcc><vAcc>3.000000</vAcc></extensions></trkpt>
      <trkpt lon="-76.446405" lat="39.345054"><ele>20.226070</ele><time>2026-03-11T23:44:12Z</time><extensions><speed>1.487822</speed><course>223.834713</course><hAcc>2.625096</hAcc><vAcc>3.000000</vAcc></extensions></trkpt>
      <trkpt lon="-76.446416" lat="39.345043"><ele>20.509655</ele><time>2026-03-11T23:44:13Z</time><extensions><speed>1.500824</speed><course>223.949521</course><hAcc>2.655478</hAcc><vAcc>3.000000</vAcc></extensions></trkpt>
      <trkpt lon="-76.446430" lat="39.345033"><ele>19.721955</ele><time>2026-03-11T23:44:14Z</time><extensions><speed>1.482326</speed><course>226.970222</course><hAcc>2.669268</hAcc><vAcc>3.000000</vAcc></extensions></trkpt>
      <trkpt lon="-76.446442" lat="39.345024"><ele>19.876533</ele><time>2026-03-11T23:44:15Z</time><extensions><speed>1.479465</speed><course>228.910844</course><hAcc>2.635805</hAcc><vAcc>3.000000</vAcc></extensions></trkpt>
      <trkpt lon="-76.446459" lat="39.345017"><ele>19.843689</ele><time>2026-03-11T23:44:16Z</time><extensions><speed>1.460549</speed><course>233.201009</course><hAcc>2.610027</hAcc><vAcc>3.000000</vAcc></extensions></trkpt>
      <trkpt lon="-76.446470" lat="39.345009"><ele>19.817205</ele><time>2026-03-11T23:44:17Z</time><extensions><speed>1.375500</speed><course>232.141943</course><hAcc>2.606207</hAcc><vAcc>3.000000</vAcc></extensions></trkpt>
      <trkpt lon="-76.446479" lat="39.345002"><ele>19.518816</ele><time>2026-03-11T23:44:18Z</time><extensions><speed>1.233414</speed><course>229.950832</course><hAcc>2.647531</hAcc><vAcc>3.000000</vAcc></extensions></trkpt>
      <trkpt lon="-76.446494" lat="39.344991"><ele>19.210331</ele><time>2026-03-11T23:44:19Z</time><extensions><speed>1.427432</speed><course>227.976353</course><hAcc>2.713305</hAcc><vAcc>3.000000</vAcc></extensions></trkpt>
      <trkpt lon="-76.446503" lat="39.344985"><ele>18.789784</ele><time>2026-03-11T23:44:21Z</time><extensions><speed>1.279132</speed><course>229.327462</course><hAcc>2.834202</hAcc><vAcc>3.000000</vAcc></extensions></trkpt>
      <trkpt lon="-76.446512" lat="39.344981"><ele>18.623146</ele><time>2026-03-11T23:44:22Z</time><extensions><speed>1.121440</speed><course>232.099900</course><hAcc>3.016833</hAcc><vAcc>3.000000</vAcc></extensions></trkpt>
      <trkpt lon="-76.446520" lat="39.344976"><ele>18.312299</ele><time>2026-03-11T23:44:23Z</time><extensions><speed>0.958678</speed><course>231.723770</course><hAcc>3.177362</hAcc><vAcc>3.000000</vAcc></extensions></trkpt>
      <trkpt lon="-76.446520" lat="39.344962"><ele>18.358342</ele><time>2026-03-11T23:44:24Z</time><extensions><speed>1.087274</speed><course>217.571054</course><hAcc>3.357491</hAcc><vAcc>3.000000</vAcc></extensions></trkpt>
      <trkpt lon="-76.446506" lat="39.344944"><ele>17.832597</ele><time>2026-03-11T23:44:25Z</time><extensions><speed>1.194639</speed><course>190.384068</course><hAcc>3.340121</hAcc><vAcc>3.000000</vAcc></extensions></trkpt>
      <trkpt lon="-76.446485" lat="39.344926"><ele>18.315867</ele><time>2026-03-11T23:44:26Z</time><extensions><speed>1.544831</speed><course>167.244576</course><hAcc>3.290474</hAcc><vAcc>3.000000</vAcc></extensions></trkpt>
      <trkpt lon="-76.446487" lat="39.344911"><ele>18.890470</ele><time>2026-03-11T23:44:27Z</time><extensions><speed>1.456170</speed><course>178.640434</course><hAcc>3.238576</hAcc><vAcc>3.000000</vAcc></extensions></trkpt>
      <trkpt lon="-76.446494" lat="39.344902"><ele>18.923005</ele><time>2026-03-11T23:44:27Z</time><extensions><speed>1.137781</speed><course>189.433746</course><hAcc>3.176647</hAcc><vAcc>3.000000</vAcc></extensions></trkpt>
      <trkpt lon="-76.446505" lat="39.344898"><ele>18.534380</ele><time>2026-03-11T23:44:28Z</time><extensions><speed>0.919322</speed><course>207.817950</course><hAcc>3.170301</hAcc><vAcc>3.000000</vAcc></extensions></trkpt>
      <trkpt lon="-76.446521" lat="39.344890"><ele>18.470619</ele><time>2026-03-11T23:44:29Z</time><extensions><speed>1.145409</speed><course>222.419936</course><hAcc>3.111786</hAcc><vAcc>3.000000</vAcc></extensions></trkpt>
      <trkpt lon="-76.446525" lat="39.344886"><ele>18.327197</ele><time>2026-03-11T23:44:30Z</time><extensions><speed>0.777480</speed><course>224.558854</course><hAcc>3.101814</hAcc><vAcc>3.000000</vAcc></extensions></trkpt>
      <trkpt lon="-76.446525" lat="39.344889"><ele>18.448345</ele><time>2026-03-11T23:44:31Z</time><extensions><speed>0.291228</speed><course>228.423133</course><hAcc>3.046724</hAcc><vAcc>3.000000</vAcc></extensions></trkpt>
      <trkpt lon="-76.446537" lat="39.344879"><ele>18.457965</ele><time>2026-03-11T23:44:32Z</time><extensions><speed>1.028779</speed><course>226.240492</course><hAcc>3.035328</hAcc><vAcc>3.000000</vAcc></extensions></trkpt>
      <trkpt lon="-76.446549" lat="39.344866"><ele>18.187957</ele><time>2026-03-11T23:44:33Z</time><extensions><speed>1.369655</speed><course>223.081320</course><hAcc>2.993319</hAcc><vAcc>3.000000</vAcc></extensions></trkpt>
      <trkpt lon="-76.446560" lat="39.344852"><ele>18.041119</ele><time>2026-03-11T23:44:34Z</time><extensions><speed>1.629598</speed><course>219.181351</course><hAcc>2.975533</hAcc><vAcc>3.000000</vAcc></extensions></trkpt>
      <trkpt lon="-76.446560" lat="39.344834"><ele>18.379453</ele><time>2026-03-11T23:44:35Z</time><extensions><speed>1.469546</speed><course>206.806111</course><hAcc>2.957605</hAcc><vAcc>3.000000</vAcc></extensions></trkpt>
      <trkpt lon="-76.446568" lat="39.344817"><ele>18.514043</ele><time>2026-03-11T23:44:36Z</time><extensions><speed>1.571574</speed><course>208.990295</course><hAcc>2.909725</hAcc><vAcc>3.000000</vAcc></extensions></trkpt>
      <trkpt lon="-76.446577" lat="39.344805"><ele>18.408954</ele><time>2026-03-11T23:44:37Z</time><extensions><speed>1.478340</speed><course>213.143047</course><hAcc>2.918001</hAcc><vAcc>3.000000</vAcc></extensions></trkpt>
      <trkpt lon="-76.446585" lat="39.344795"><ele>18.316155</ele><time>2026-03-11T23:44:38Z</time><extensions><speed>1.253680</speed><course>221.076880</course><hAcc>2.892761</hAcc><vAcc>3.000000</vAcc></extensions></trkpt>
      <trkpt lon="-76.446597" lat="39.344780"><ele>17.862758</ele><time>2026-03-11T23:44:39Z</time><extensions><speed>1.554896</speed><course>218.705738</course><hAcc>2.878659</hAcc><vAcc>3.000000</vAcc></extensions></trkpt>
      <trkpt lon="-76.446603" lat="39.344766"><ele>19.158232</ele><time>2026-03-11T23:44:40Z</time><extensions><speed>1.480056</speed><course>213.098156</course><hAcc>2.863091</hAcc><vAcc>3.000000</vAcc></extensions></trkpt>
      <trkpt lon="-76.446606" lat="39.344750"><ele>17.890904</ele><time>2026-03-11T23:44:41Z</time><extensions><speed>1.650667</speed><course>208.154813</course><hAcc>2.819936</hAcc><vAcc>3.000000</vAcc></extensions></trkpt>
      <trkpt lon="-76.446609" lat="39.344741"><ele>18.346815</ele><time>2026-03-11T23:44:42Z</time><extensions><speed>1.362982</speed><course>218.344264</course><hAcc>2.852408</hAcc><vAcc>3.000000</vAcc></extensions></trkpt>
      <trkpt lon="-76.446633" lat="39.344738"><ele>18.223643</ele><time>2026-03-11T23:44:43Z</time><extensions><speed>1.519766</speed><course>237.054185</course><hAcc>2.880423</hAcc><vAcc>3.000000</vAcc></extensions></trkpt>
      <trkpt lon="-76.446657" lat="39.344740"><ele>18.184560</ele><time>2026-03-11T23:44:44Z</time><extensions><speed>1.419884</speed><course>252.944626</course><hAcc>2.875261</hAcc><vAcc>3.000000</vAcc></extensions></trkpt>
      <trkpt lon="-76.446674" lat="39.344737"><ele>18.268818</ele><time>2026-03-11T23:44:45Z</time><extensions><speed>1.368015</speed><course>253.554105</course><hAcc>2.897878</hAcc><vAcc>3.000000</vAcc></extensions></trkpt>
      <trkpt lon="-76.446693" lat="39.344739"><ele>18.047555</ele><time>2026-03-11T23:44:46Z</time><extensions><speed>1.372431</speed><course>263.607598</course><hAcc>2.910474</hAcc><vAcc>3.000000</vAcc></extensions></trkpt>
      <trkpt lon="-76.446720" lat="39.344734"><ele>18.690106</ele><time>2026-03-11T23:44:47Z</time><extensions><speed>1.683259</speed><course>262.848428</course><hAcc>2.917866</hAcc><vAcc>3.000000</vAcc></extensions></trkpt>
      <trkpt lon="-76.446736" lat="39.344731"><ele>19.753308</ele><time>2026-03-11T23:44:48Z</time><extensions><speed>1.394727</speed><course>262.813628</course><hAcc>2.919730</hAcc><vAcc>3.000000</vAcc></extensions></trkpt>
      <trkpt lon="-76.446758" lat="39.344729"><ele>19.126387</ele><time>2026-03-11T23:44:49Z</time><extensions><speed>1.486351</speed><course>264.793928</course><hAcc>2.922163</hAcc><vAcc>3.000000</vAcc></extensions></trkpt>
      <trkpt lon="-76.446776" lat="39.344726"><ele>19.569005</ele><time>2026-03-11T23:44:50Z</time><extensions><speed>1.434483</speed><course>259.743112</course><hAcc>2.898012</hAcc><vAcc>3.000000</vAcc></extensions></trkpt>
      <trkpt lon="-76.446792" lat="39.344722"><ele>19.482875</ele><time>2026-03-11T23:44:51Z</time><extensions><speed>1.468915</speed><course>255.015874</course><hAcc>2.924604</hAcc><vAcc>3.000000</vAcc></extensions></trkpt>
      <trkpt lon="-76.446812" lat="39.344718"><ele>19.255597</ele><time>2026-03-11T23:44:52Z</time><extensions><speed>1.542191</speed><course>254.547499</course><hAcc>2.887997</hAcc><vAcc>3.012811</vAcc></extensions></trkpt>
      <trkpt lon="-76.446831" lat="39.344718"><ele>18.509321</ele><time>2026-03-11T23:44:53Z</time><extensions><speed>1.480955</speed><course>259.881232</course><hAcc>2.843597</hAcc><vAcc>3.000000</vAcc></extensions></trkpt>
      <trkpt lon="-76.446849" lat="39.344711"><ele>19.706139</ele><time>2026-03-11T23:44:54Z</time><extensions><speed>1.426164</speed><course>255.286998</course><hAcc>2.808507</hAcc><vAcc>3.000000</vAcc></extensions></trkpt>
      <trkpt lon="-76.446869" lat="39.344712"><ele>18.862852</ele><time>2026-03-11T23:44:55Z</time><extensions><speed>1.485585</speed><course>260.382498</course><hAcc>2.791584</hAcc><vAcc>3.000000</vAcc></extensions></trkpt>
      <trkpt lon="-76.446884" lat="39.344712"><ele>18.844881</ele><time>2026-03-11T23:44:56Z</time><extensions><speed>1.354700</speed><course>266.494521</course><hAcc>2.752004</hAcc><vAcc>3.000000</vAcc></extensions></trkpt>
      <trkpt lon="-76.446898" lat="39.344707"><ele>18.377586</ele><time>2026-03-11T23:44:57Z</time><extensions><speed>1.240657</speed><course>267.520271</course><hAcc>2.714404</hAcc><vAcc>3.000000</vAcc></extensions></trkpt>
      <trkpt lon="-76.446914" lat="39.344705"><ele>18.442646</ele><time>2026-03-11T23:44:58Z</time><extensions><speed>1.303446</speed><course>263.268945</course><hAcc>2.686107</hAcc><vAcc>3.000000</vAcc></extensions></trkpt>
      <trkpt lon="-76.446934" lat="39.344703"><ele>18.513823</ele><time>2026-03-11T23:44:59Z</time><extensions><speed>1.423054</speed><course>263.973964</course><hAcc>2.661417</hAcc><vAcc>3.000000</vAcc></extensions></trkpt>
      <trkpt lon="-76.446955" lat="39.344705"><ele>18.296364</ele><time>2026-03-11T23:45:00Z</time><extensions><speed>1.475206</speed><course>265.474697</course><hAcc>2.678812</hAcc><vAcc>3.000000</vAcc></extensions></trkpt>
      <trkpt lon="-76.446972" lat="39.344704"><ele>18.032462</ele><time>2026-03-11T23:45:01Z</time><extensions><speed>1.468149</speed><course>264.232020</course><hAcc>2.696597</hAcc><vAcc>3.000000</vAcc></extensions></trkpt>
      <trkpt lon="-76.446987" lat="39.344702"><ele>18.696836</ele><time>2026-03-11T23:45:02Z</time><extensions><speed>1.413643</speed><course>261.959143</course><hAcc>2.776130</hAcc><vAcc>3.000000</vAcc></extensions></trkpt>
      <trkpt lon="-76.447005" lat="39.344699"><ele>19.182400</ele><time>2026-03-11T23:45:03Z</time><extensions><speed>1.500854</speed><course>260.900765</course><hAcc>2.838515</hAcc><vAcc>3.000000</vAcc></extensions></trkpt>
      <trkpt lon="-76.447021" lat="39.344699"><ele>19.386403</ele><time>2026-03-11T23:45:04Z</time><extensions><speed>1.440025</speed><course>262.525141</course><hAcc>2.955172</hAcc><vAcc>3.000000</vAcc></extensions></trkpt>
      <trkpt lon="-76.447039" lat="39.344702"><ele>19.534071</ele><time>2026-03-11T23:45:05Z</time><extensions><speed>1.384010</speed><course>268.105589</course><hAcc>3.015834</hAcc><vAcc>3.000000</vAcc></extensions></trkpt>
      <trkpt lon="-76.447064" lat="39.344702"><ele>19.237843</ele><time>2026-03-11T23:45:06Z</time><extensions><speed>1.577638</speed><course>269.561880</course><hAcc>3.027070</hAcc><vAcc>3.000000</vAcc></extensions></trkpt>
      <trkpt lon="-76.447080" lat="39.344702"><ele>18.910550</ele><time>2026-03-11T23:45:07Z</time><extensions><speed>1.447845</speed><course>269.883654</course><hAcc>2.975717</hAcc><vAcc>3.000000</vAcc></extensions></trkpt>
      <trkpt lon="-76.447099" lat="39.344699"><ele>19.231007</ele><time>2026-03-11T23:45:08Z</time><extensions><speed>1.490169</speed><course>268.074382</course><hAcc>2.937363</hAcc><vAcc>3.000000</vAcc></extensions></trkpt>
      <trkpt lon="-76.447123" lat="39.344693"><ele>20.174518</ele><time>2026-03-11T23:45:09Z</time><extensions><speed>1.466897</speed><course>266.688041</course><hAcc>2.917450</hAcc><vAcc>3.000000</vAcc></extensions></trkpt>
      <trkpt lon="-76.447142" lat="39.344694"><ele>19.647592</ele><time>2026-03-11T23:45:10Z</time><extensions><speed>1.523355</speed><course>269.355877</course><hAcc>2.888743</hAcc><vAcc>3.000000</vAcc></extensions></trkpt>
      <trkpt lon="-76.447162" lat="39.344692"><ele>19.298694</ele><time>2026-03-11T23:45:11Z</time><extensions><speed>1.479184</speed><course>265.786627</course><hAcc>2.845958</hAcc><vAcc>3.000000</vAcc></extensions></trkpt>
      <trkpt lon="-76.447176" lat="39.344688"><ele>20.096674</ele><time>2026-03-11T23:45:12Z</time><extensions><speed>1.401007</speed><course>264.160797</course><hAcc>2.803660</hAcc><vAcc>3.000000</vAcc></extensions></trkpt>
      <trkpt lon="-76.447193" lat="39.344687"><ele>19.365896</ele><time>2026-03-11T23:45:13Z</time><extensions><speed>1.490255</speed><course>267.767064</course><hAcc>2.802988</hAcc><vAcc>3.000000</vAcc></extensions></trkpt>
      <trkpt lon="-76.447208" lat="39.344686"><ele>18.964903</ele><time>2026-03-11T23:45:14Z</time><extensions><speed>1.440334</speed><course>267.113836</course><hAcc>2.766994</hAcc><vAcc>3.000000</vAcc></extensions></trkpt>
      <trkpt lon="-76.447223" lat="39.344686"><ele>18.663669</ele><time>2026-03-11T23:45:15Z</time><extensions><speed>1.384916</speed><course>269.990309</course><hAcc>2.728644</hAcc><vAcc>3.000000</vAcc></extensions></trkpt>
      <trkpt lon="-76.447241" lat="39.344681"><ele>18.683889</ele><time>2026-03-11T23:45:16Z</time><extensions><speed>1.461563</speed><course>264.807926</course><hAcc>2.692212</hAcc><vAcc>3.000000</vAcc></extensions></trkpt>
      <trkpt lon="-76.447255" lat="39.344679"><ele>18.630184</ele><time>2026-03-11T23:45:17Z</time><extensions><speed>1.367522</speed><course>268.039632</course><hAcc>2.757017</hAcc><vAcc>3.000000</vAcc></extensions></trkpt>
      <trkpt lon="-76.447273" lat="39.344676"><ele>18.756151</ele><time>2026-03-11T23:45:18Z</time><extensions><speed>1.417711</speed><course>268.604973</course><hAcc>2.777747</hAcc><vAcc>3.000000</vAcc></extensions></trkpt>
      <trkpt lon="-76.447292" lat="39.344674"><ele>18.681803</ele><time>2026-03-11T23:45:19Z</time><extensions><speed>1.444610</speed><course>266.887464</course><hAcc>2.839052</hAcc><vAcc>3.000000</vAcc></extensions></trkpt>
      <trkpt lon="-76.447310" lat="39.344667"><ele>19.996739</ele><time>2026-03-11T23:45:20Z</time><extensions><speed>1.547278</speed><course>258.668906</course><hAcc>2.799696</hAcc><vAcc>3.000000</vAcc></extensions></trkpt>
      <trkpt lon="-76.447324" lat="39.344663"><ele>19.912137</ele><time>2026-03-11T23:45:21Z</time><extensions><speed>1.398502</speed><course>257.488993</course><hAcc>2.759711</hAcc><vAcc>3.000000</vAcc></extensions></trkpt>
      <trkpt lon="-76.447340" lat="39.344663"><ele>19.699646</ele><time>2026-03-11T23:45:22Z</time><extensions><speed>1.349528</speed><course>263.712655</course><hAcc>2.721726</hAcc><vAcc>3.000000</vAcc></extensions></trkpt>
      <trkpt lon="-76.447354" lat="39.344665"><ele>19.149409</ele><time>2026-03-11T23:45:23Z</time><extensions><speed>1.192341</speed><course>268.383512</course><hAcc>2.685640</hAcc><vAcc>3.000000</vAcc></extensions></trkpt>
      <trkpt lon="-76.447373" lat="39.344665"><ele>18.759295</ele><time>2026-03-11T23:45:24Z</time><extensions><speed>1.391586</speed><course>267.355231</course><hAcc>2.663635</hAcc><vAcc>3.000000</vAcc></extensions></trkpt>
      <trkpt lon="-76.447401" lat="39.344662"><ele>19.497733</ele><time>2026-03-11T23:45:25Z</time><extensions><speed>1.878693</speed><course>266.766336</course><hAcc>2.659958</hAcc><vAcc>3.000000</vAcc></extensions></trkpt>
      <trkpt lon="-76.447409" lat="39.344660"><ele>19.612268</ele><time>2026-03-11T23:45:26Z</time><extensions><speed>1.413716</speed><course>268.756392</course><hAcc>2.626960</hAcc><vAcc>3.000000</vAcc></extensions></trkpt>
      <trkpt lon="-76.447424" lat="39.344658"><ele>19.301862</ele><time>2026-03-11T23:45:27Z</time><extensions><speed>1.368277</speed><course>267.827839</course><hAcc>2.595612</hAcc><vAcc>3.000000</vAcc></extensions></trkpt>
      <trkpt lon="-76.447438" lat="39.344653"><ele>18.956648</ele><time>2026-03-11T23:45:28Z</time><extensions><speed>1.321263</speed><course>263.078530</course><hAcc>2.619979</hAcc><vAcc>3.000000</vAcc></extensions></trkpt>
      <trkpt lon="-76.447452" lat="39.344648"><ele>19.888517</ele><time>2026-03-11T23:45:29Z</time><extensions><speed>1.286509</speed><course>258.394786</course><hAcc>2.588980</hAcc><vAcc>3.000000</vAcc></extensions></trkpt>
      <trkpt lon="-76.447459" lat="39.344645"><ele>20.081307</ele><time>2026-03-11T23:45:30Z</time><extensions><speed>1.108591</speed><course>259.399150</course><hAcc>2.591719</hAcc><vAcc>3.000000</vAcc></extensions></trkpt>
      <trkpt lon="-76.447478" lat="39.344644"><ele>20.221417</ele><time>2026-03-11T23:45:31Z</time><extensions><speed>1.321293</speed><course>260.686566</course><hAcc>2.605568</hAcc><vAcc>3.000000</vAcc></extensions></trkpt>
      <trkpt lon="-76.447496" lat="39.344640"><ele>20.039891</ele><time>2026-03-11T23:45:32Z</time><extensions><speed>1.422654</speed><course>260.367470</course><hAcc>2.651251</hAcc><vAcc>3.000000</vAcc></extensions></trkpt>
      <trkpt lon="-76.447510" lat="39.344642"><ele>19.845279</ele><time>2026-03-11T23:45:33Z</time><extensions><speed>1.312699</speed><course>267.544172</course><hAcc>2.699320</hAcc><vAcc>3.000000</vAcc></extensions></trkpt>
      <trkpt lon="-76.447531" lat="39.344641"><ele>19.504734</ele><time>2026-03-11T23:45:34Z</time><extensions><speed>1.542966</speed><course>266.200045</course><hAcc>2.683236</hAcc><vAcc>3.000000</vAcc></extensions></trkpt>
      <trkpt lon="-76.447549" lat="39.344642"><ele>19.069000</ele><time>2026-03-11T23:45:35Z</time><extensions><speed>1.403406</speed><course>270.903699</course><hAcc>2.676880</hAcc><vAcc>3.000000</vAcc></extensions></trkpt>
      <trkpt lon="-76.447569" lat="39.344643"><ele>19.108873</ele><time>2026-03-11T23:45:36Z</time><extensions><speed>1.507863</speed><course>274.099717</course><hAcc>2.702207</hAcc><vAcc>3.000000</vAcc></extensions></trkpt>
      <trkpt lon="-76.447589" lat="39.344638"><ele>19.505071</ele><time>2026-03-11T23:45:37Z</time><extensions><speed>1.454041</speed><course>263.682292</course><hAcc>2.732036</hAcc><vAcc>3.000000</vAcc></extensions></trkpt>
      <trkpt lon="-76.447607" lat="39.344632"><ele>19.781456</ele><time>2026-03-11T23:45:38Z</time><extensions><speed>1.419857</speed><course>254.387040</course><hAcc>2.702688</hAcc><vAcc>3.000000</vAcc></extensions></trkpt>
      <trkpt lon="-76.447625" lat="39.344630"><ele>19.206182</ele><time>2026-03-11T23:45:39Z</time><extensions><speed>1.436162</speed><course>256.620738</course><hAcc>2.716370</hAcc><vAcc>3.000000</vAcc></extensions></trkpt>
      <trkpt lon="-76.447644" lat="39.344624"><ele>19.185212</ele><time>2026-03-11T23:45:40Z</time><extensions><speed>1.479422</speed><course>251.705535</course><hAcc>2.700149</hAcc><vAcc>3.000000</vAcc></extensions></trkpt>
      <trkpt lon="-76.447654" lat="39.344614"><ele>19.599347</ele><time>2026-03-11T23:45:41Z</time><extensions><speed>1.422842</speed><course>245.344420</course><hAcc>2.732916</hAcc><vAcc>3.000000</vAcc></extensions></trkpt>
      <trkpt lon="-76.447671" lat="39.344614"><ele>19.537492</ele><time>2026-03-11T23:45:42Z</time><extensions><speed>1.426285</speed><course>255.868387</course><hAcc>2.738951</hAcc><vAcc>3.000000</vAcc></extensions></trkpt>
      <trkpt lon="-76.447689" lat="39.344614"><ele>19.768824</ele><time>2026-03-11T23:45:43Z</time><extensions><speed>1.481753</speed><course>259.316882</course><hAcc>2.702004</hAcc><vAcc>3.000000</vAcc></extensions></trkpt>
      <trkpt lon="-76.447701" lat="39.344615"><ele>19.898369</ele><time>2026-03-11T23:45:44Z</time><extensions><speed>1.332671</speed><course>265.605494</course><hAcc>2.666903</hAcc><vAcc>3.024651</vAcc></extensions></trkpt>
      <trkpt lon="-76.447720" lat="39.344609"><ele>20.215141</ele><time>2026-03-11T23:45:45Z</time><extensions><speed>1.498653</speed><course>262.511293</course><hAcc>2.669592</hAcc><vAcc>3.000000</vAcc></extensions></trkpt>
      <trkpt lon="-76.447741" lat="39.344607"><ele>20.288149</ele><time>2026-03-11T23:45:46Z</time><extensions><speed>1.482178</speed><course>264.552232</course><hAcc>2.674522</hAcc><vAcc>3.000000</vAcc></extensions></trkpt>
      <trkpt lon="-76.447761" lat="39.344609"><ele>20.313529</ele><time>2026-03-11T23:45:47Z</time><extensions><speed>1.539627</speed><course>266.745758</course><hAcc>2.709079</hAcc><vAcc>3.000000</vAcc></extensions></trkpt>
      <trkpt lon="-76.447780" lat="39.344604"><ele>20.752789</ele><time>2026-03-11T23:45:48Z</time><extensions><speed>1.418503</speed><course>259.182156</course><hAcc>2.721459</hAcc><vAcc>3.000000</vAcc></extensions></trkpt>
      <trkpt lon="-76.447797" lat="39.344606"><ele>20.449412</ele><time>2026-03-11T23:45:49Z</time><extensions><speed>1.423478</speed><course>263.264541</course><hAcc>2.711320</hAcc><vAcc>3.000000</vAcc></extensions></trkpt>
      <trkpt lon="-76.447816" lat="39.344605"><ele>20.266074</ele><time>2026-03-11T23:45:50Z</time><extensions><speed>1.460375</speed><course>264.559877</course><hAcc>2.761179</hAcc><vAcc>3.000000</vAcc></extensions></trkpt>
      <trkpt lon="-76.447830" lat="39.344605"><ele>19.782503</ele><time>2026-03-11T23:45:51Z</time><extensions><speed>1.366739</speed><course>269.381034</course><hAcc>2.803323</hAcc><vAcc>3.000000</vAcc></extensions></trkpt>
      <trkpt lon="-76.447841" lat="39.344597"><ele>20.127553</ele><time>2026-03-11T23:45:52Z</time><extensions><speed>1.226458</speed><course>259.819851</course><hAcc>2.843311</hAcc><vAcc>3.000000</vAcc></extensions></trkpt>
      <trkpt lon="-76.447863" lat="39.344590"><ele>19.976006</ele><time>2026-03-11T23:45:53Z</time><extensions><speed>1.474440</speed><course>257.683557</course><hAcc>2.840817</hAcc><vAcc>3.000000</vAcc></extensions></trkpt>
      <trkpt lon="-76.447878" lat="39.344589"><ele>20.771883</ele><time>2026-03-11T23:45:54Z</time><extensions><speed>1.426654</speed><course>262.030790</course><hAcc>2.903279</hAcc><vAcc>3.000000</vAcc></extensions></trkpt>
      <trkpt lon="-76.447895" lat="39.344584"><ele>21.205577</ele><time>2026-03-11T23:45:55Z</time><extensions><speed>1.382678</speed><course>261.282727</course><hAcc>2.889492</hAcc><vAcc>3.000000</vAcc></extensions></trkpt>
      <trkpt lon="-76.447911" lat="39.344579"><ele>20.734773</ele><time>2026-03-11T23:45:56Z</time><extensions><speed>1.354750</speed><course>261.415368</course><hAcc>2.916875</hAcc><vAcc>3.000000</vAcc></extensions></trkpt>
      <trkpt lon="-76.447925" lat="39.344576"><ele>21.185530</ele><time>2026-03-11T23:45:57Z</time><extensions><speed>1.290307</speed><course>262.036494</course><hAcc>2.895172</hAcc><vAcc>3.000000</vAcc></extensions></trkpt>
      <trkpt lon="-76.447951" lat="39.344568"><ele>20.723852</ele><time>2026-03-11T23:45:58Z</time><extensions><speed>1.791221</speed><course>256.743969</course><hAcc>2.850413</hAcc><vAcc>3.000000</vAcc></extensions></trkpt>
      <trkpt lon="-76.447964" lat="39.344563"><ele>21.109176</ele><time>2026-03-11T23:45:59Z</time><extensions><speed>1.450282</speed><course>254.153328</course><hAcc>2.807893</hAcc><vAcc>3.000000</vAcc></extensions></trkpt>
      <trkpt lon="-76.447980" lat="39.344563"><ele>20.750662</ele><time>2026-03-11T23:46:00Z</time><extensions><speed>1.413374</speed><course>260.282746</course><hAcc>2.861236</hAcc><vAcc>3.000000</vAcc></extensions></trkpt>
      <trkpt lon="-76.447995" lat="39.344563"><ele>20.603467</ele><time>2026-03-11T23:46:01Z</time><extensions><speed>1.365336</speed><course>261.699787</course><hAcc>2.847330</hAcc><vAcc>3.000000</vAcc></extensions></trkpt>
      <trkpt lon="-76.448005" lat="39.344564"><ele>20.759423</ele><time>2026-03-11T23:46:02Z</time><extensions><speed>1.043205</speed><course>265.374507</course><hAcc>2.831380</hAcc><vAcc>3.000000</vAcc></extensions></trkpt>
      <trkpt lon="-76.448011" lat="39.344561"><ele>20.618449</ele><time>2026-03-11T23:46:03Z</time><extensions><speed>0.779378</speed><course>258.135609</course><hAcc>2.789811</hAcc><vAcc>3.000000</vAcc></extensions></trkpt>
      <trkpt lon="-76.448015" lat="39.344558"><ele>21.364717</ele><time>2026-03-11T23:46:04Z</time><extensions><speed>0.449425</speed><course>249.169394</course><hAcc>2.782691</hAcc><vAcc>3.000000</vAcc></extensions></trkpt>
      <trkpt lon="-76.448015" lat="39.344549"><ele>20.134966</ele><time>2026-03-11T23:46:05Z</time><extensions><speed>0.620349</speed><course>222.532187</course><hAcc>2.883364</hAcc><vAcc>3.000000</vAcc></extensions></trkpt>
      <trkpt lon="-76.448016" lat="39.344548"><ele>20.420673</ele><time>2026-03-11T23:46:06Z</time><extensions><speed>0.619297</speed><course>221.276420</course><hAcc>3.047229</hAcc><vAcc>3.000000</vAcc></extensions></trkpt>
      <trkpt lon="-76.448021" lat="39.344538"><ele>20.537964</ele><time>2026-03-11T23:46:07Z</time><extensions><speed>0.921535</speed><course>214.778181</course><hAcc>3.169787</hAcc><vAcc>3.000000</vAcc></extensions></trkpt>
      <trkpt lon="-76.448014" lat="39.344535"><ele>20.335172</ele><time>2026-03-11T23:46:08Z</time><extensions><speed>0.707601</speed><course>203.653773</course><hAcc>3.421024</hAcc><vAcc>3.000000</vAcc></extensions></trkpt>
      <trkpt lon="-76.448014" lat="39.344544"><ele>20.187860</ele><time>2026-03-11T23:46:09Z</time><extensions><speed>0.304525</speed><course>202.340881</course><hAcc>3.631738</hAcc><vAcc>3.000000</vAcc></extensions></trkpt>
      <trkpt lon="-76.448014" lat="39.344545"><ele>20.207526</ele><time>2026-03-11T23:46:10Z</time><extensions><speed>0.000000</speed><course>202.340881</course><hAcc>3.760423</hAcc><vAcc>3.000000</vAcc></extensions></trkpt>
      <trkpt lon="-76.448013" lat="39.344553"><ele>20.207354</ele><time>2026-03-11T23:46:11Z</time><extensions><speed>0.098857</speed><course>202.340882</course><hAcc>4.064514</hAcc><vAcc>3.000000</vAcc></extensions></trkpt>
      <trkpt lon="-76.448008" lat="39.344559"><ele>20.359507</ele><time>2026-03-11T23:46:12Z</time><extensions><speed>0.049276</speed><course>202.340884</course><hAcc>4.099153</hAcc><vAcc>3.000000</vAcc></extensions></trkpt>
      <trkpt lon="-76.448006" lat="39.344563"><ele>20.399375</ele><time>2026-03-11T23:46:13Z</time><extensions><speed>0.000000</speed><course>202.340886</course><hAcc>4.158466</hAcc><vAcc>3.000000</vAcc></extensions></trkpt>
      <trkpt lon="-76.448006" lat="39.344560"><ele>19.883846</ele><time>2026-03-11T23:46:14Z</time><extensions><speed>0.381444</speed><course>202.340886</course><hAcc>4.221372</hAcc><vAcc>3.000000</vAcc></extensions></trkpt>
      <trkpt lon="-76.448003" lat="39.344560"><ele>20.333203</ele><time>2026-03-11T23:46:15Z</time><extensions><speed>0.435581</speed><course>202.340887</course><hAcc>4.265043</hAcc><vAcc>3.000000</vAcc></extensions></trkpt>
      <trkpt lon="-76.447998" lat="39.344565"><ele>20.578553</ele><time>2026-03-11T23:46:16Z</time><extensions><speed>0.227982</speed><course>202.340890</course><hAcc>4.406960</hAcc><vAcc>3.000000</vAcc></extensions></trkpt>
      <trkpt lon="-76.447990" lat="39.344559"><ele>20.266809</ele><time>2026-03-11T23:46:18Z</time><extensions><speed>0.366975</speed><course>202.340894</course><hAcc>4.397631</hAcc><vAcc>3.000000</vAcc></extensions></trkpt>
      <trkpt lon="-76.448000" lat="39.344540"><ele>20.442247</ele><time>2026-03-11T23:46:19Z</time><extensions><speed>0.558400</speed><course>202.340888</course><hAcc>4.477058</hAcc><vAcc>3.000000</vAcc></extensions></trkpt>
      <trkpt lon="-76.448001" lat="39.344549"><ele>20.155485</ele><time>2026-03-11T23:46:20Z</time><extensions><speed>0.170545</speed><course>202.340888</course><hAcc>4.329948</hAcc><vAcc>3.000000</vAcc></extensions></trkpt>
      <trkpt lon="-76.448009" lat="39.344546"><ele>20.178252</ele><time>2026-03-11T23:46:21Z</time><extensions><speed>0.105508</speed><course>202.340883</course><hAcc>4.291969</hAcc><vAcc>3.000000</vAcc></extensions></trkpt>
      <trkpt lon="-76.448008" lat="39.344547"><ele>20.180425</ele><time>2026-03-11T23:46:22Z</time><extensions><speed>0.000000</speed><course>202.340884</course><hAcc>4.268775</hAcc><vAcc>3.000000</vAcc></extensions></trkpt>
      <trkpt lon="-76.448008" lat="39.344542"><ele>20.000941</ele><time>2026-03-11T23:46:23Z</time><extensions><speed>0.141265</speed><course>202.340883</course><hAcc>4.224221</hAcc><vAcc>3.000000</vAcc></extensions></trkpt>
      <trkpt lon="-76.448008" lat="39.344547"><ele>19.989523</ele><time>2026-03-11T23:46:24Z</time><extensions><speed>0.153999</speed><course>202.340884</course><hAcc>4.257337</hAcc><vAcc>3.000000</vAcc></extensions></trkpt>
      <trkpt lon="-76.448007" lat="39.344546"><ele>20.097582</ele><time>2026-03-11T23:46:25Z</time><extensions><speed>0.000000</speed><course>202.340884</course><hAcc>4.260531</hAcc><vAcc>3.000000</vAcc></extensions></trkpt>
      <trkpt lon="-76.448004" lat="39.344569"><ele>19.641825</ele><time>2026-03-11T23:46:26Z</time><extensions><speed>0.054303</speed><course>202.340887</course><hAcc>4.276661</hAcc><vAcc>3.000000</vAcc></extensions></trkpt>
      <trkpt lon="-76.448003" lat="39.344570"><ele>19.894980</ele><time>2026-03-11T23:46:27Z</time><extensions><speed>0.000000</speed><course>202.340888</course><hAcc>4.315031</hAcc><vAcc>3.000000</vAcc></extensions></trkpt>
      <trkpt lon="-76.448003" lat="39.344570"><ele>19.894980</ele><time>2026-03-11T23:46:28Z</time><extensions><speed>0.000000</speed><course>202.340888</course><hAcc>4.862743</hAcc><vAcc>3.000000</vAcc></extensions></trkpt>
      <trkpt lon="-76.447981" lat="39.344549"><ele>19.591984</ele><time>2026-03-11T23:46:29Z</time><extensions><speed>0.347639</speed><course>202.340898</course><hAcc>5.097880</hAcc><vAcc>3.000000</vAcc></extensions></trkpt>
      <trkpt lon="-76.447980" lat="39.344549"><ele>19.677894</ele><time>2026-03-11T23:46:30Z</time><extensions><speed>0.269906</speed><course>202.340899</course><hAcc>5.039421</hAcc><vAcc>3.000000</vAcc></extensions></trkpt>
      <trkpt lon="-76.447984" lat="39.344546"><ele>19.448958</ele><time>2026-03-11T23:46:31Z</time><extensions><speed>0.415586</speed><course>202.340897</course><hAcc>6.041480</hAcc><vAcc>3.000000</vAcc></extensions></trkpt>
      <trkpt lon="-76.447990" lat="39.344543"><ele>19.553152</ele><time>2026-03-11T23:46:32Z</time><extensions><speed>0.406837</speed><course>202.340893</course><hAcc>7.762811</hAcc><vAcc>3.000000</vAcc></extensions></trkpt>
      <trkpt lon="-76.448008" lat="39.344535"><ele>19.497726</ele><time>2026-03-11T23:46:33Z</time><extensions><speed>0.712850</speed><course>202.340884</course><hAcc>9.450762</hAcc><vAcc>3.000000</vAcc></extensions></trkpt>
      <trkpt lon="-76.448008" lat="39.344554"><ele>19.313554</ele><time>2026-03-11T23:46:34Z</time><extensions><speed>0.413174</speed><course>202.340884</course><hAcc>9.835418</hAcc><vAcc>3.000000</vAcc></extensions></trkpt>
      <trkpt lon="-76.448009" lat="39.344553"><ele>19.322398</ele><time>2026-03-11T23:46:35Z</time><extensions><speed>0.000000</speed><course>202.340884</course><hAcc>6.825530</hAcc><vAcc>3.000000</vAcc></extensions></trkpt>
      <trkpt lon="-76.448009" lat="39.344563"><ele>18.978453</ele><time>2026-03-11T23:46:36Z</time><extensions><speed>0.074495</speed><course>202.340884</course><hAcc>7.539295</hAcc><vAcc>3.000000</vAcc></extensions></trkpt>
      <trkpt lon="-76.448018" lat="39.344557"><ele>18.973770</ele><time>2026-03-11T23:46:37Z</time><extensions><speed>0.257177</speed><course>202.340879</course><hAcc>7.350349</hAcc><vAcc>3.000000</vAcc></extensions></trkpt>
      <trkpt lon="-76.448023" lat="39.344543"><ele>19.136440</ele><time>2026-03-11T23:46:38Z</time><extensions><speed>0.461990</speed><course>202.340876</course><hAcc>7.238306</hAcc><vAcc>3.000000</vAcc></extensions></trkpt>
      <trkpt lon="-76.448022" lat="39.344537"><ele>19.338071</ele><time>2026-03-11T23:46:39Z</time><extensions><speed>0.451444</speed><course>202.340876</course><hAcc>7.598972</hAcc><vAcc>3.000000</vAcc></extensions></trkpt>
      <trkpt lon="-76.448010" lat="39.344536"><ele>19.304295</ele><time>2026-03-11T23:46:40Z</time><extensions><speed>0.274576</speed><course>202.340882</course><hAcc>7.472829</hAcc><vAcc>3.000000</vAcc></extensions></trkpt>
      <trkpt lon="-76.448014" lat="39.344535"><ele>19.572429</ele><time>2026-03-11T23:46:41Z</time><extensions><speed>0.322256</speed><course>202.340880</course><hAcc>7.284921</hAcc><vAcc>3.000000</vAcc></extensions></trkpt>
      <trkpt lon="-76.448010" lat="39.344528"><ele>19.541512</ele><time>2026-03-11T23:46:42Z</time><extensions><speed>0.387994</speed><course>202.340882</course><hAcc>7.288680</hAcc><vAcc>3.000000</vAcc></extensions></trkpt>
      <trkpt lon="-76.448000" lat="39.344546"><ele>19.438145</ele><time>2026-03-11T23:46:43Z</time><extensions><speed>0.179084</speed><course>202.340888</course><hAcc>7.679564</hAcc><vAcc>3.000000</vAcc></extensions></trkpt>
      <trkpt lon="-76.448007" lat="39.344527"><ele>19.542643</ele><time>2026-03-11T23:46:44Z</time><extensions><speed>0.454229</speed><course>202.340883</course><hAcc>7.467799</hAcc><vAcc>3.000000</vAcc></extensions></trkpt>
      <trkpt lon="-76.448012" lat="39.344513"><ele>19.239099</ele><time>2026-03-11T23:46:45Z</time><extensions><speed>0.824962</speed><course>202.340880</course><hAcc>8.147409</hAcc><vAcc>3.000000</vAcc></extensions></trkpt>
      <trkpt lon="-76.448000" lat="39.344515"><ele>19.244493</ele><time>2026-03-11T23:46:45Z</time><extensions><speed>0.622240</speed><course>202.340886</course><hAcc>7.890175</hAcc><vAcc>3.000000</vAcc></extensions></trkpt>
      <trkpt lon="-76.448003" lat="39.344539"><ele>19.575394</ele><time>2026-03-11T23:46:46Z</time><extensions><speed>0.389870</speed><course>202.340886</course><hAcc>7.949923</hAcc><vAcc>3.000000</vAcc></extensions></trkpt>
      <trkpt lon="-76.448010" lat="39.344527"><ele>19.368539</ele><time>2026-03-11T23:46:47Z</time><extensions><speed>0.543588</speed><course>202.340882</course><hAcc>9.730320</hAcc><vAcc>3.000000</vAcc></extensions></trkpt>
      <trkpt lon="-76.448029" lat="39.344511"><ele>19.448237</ele><time>2026-03-11T23:46:48Z</time><extensions><speed>1.027183</speed><course>202.340871</course><hAcc>10.999955</hAcc><vAcc>3.000000</vAcc></extensions></trkpt>
      <trkpt lon="-76.448030" lat="39.344573"><ele>18.935771</ele><time>2026-03-11T23:46:49Z</time><extensions><speed>0.307720</speed><course>202.340873</course><hAcc>6.498162</hAcc><vAcc>3.000000</vAcc></extensions></trkpt>
      <trkpt lon="-76.448026" lat="39.344576"><ele>18.722287</ele><time>2026-03-11T23:46:50Z</time><extensions><speed>0.000000</speed><course>202.340876</course><hAcc>6.521563</hAcc><vAcc>3.000000</vAcc></extensions></trkpt>
      <trkpt lon="-76.448026" lat="39.344576"><ele>18.722287</ele><time>2026-03-11T23:46:51Z</time><extensions><speed>0.000000</speed><course>202.340876</course><hAcc>6.875123</hAcc><vAcc>3.000000</vAcc></extensions></trkpt>
      <trkpt lon="-76.448026" lat="39.344576"><ele>18.722287</ele><time>2026-03-11T23:46:52Z</time><extensions><speed>0.000000</speed><course>202.340876</course><hAcc>6.905282</hAcc><vAcc>3.171321</vAcc></extensions></trkpt>
      <trkpt lon="-76.448026" lat="39.344576"><ele>18.722287</ele><time>2026-03-11T23:46:53Z</time><extensions><speed>0.000000</speed><course>202.340876</course><hAcc>7.091120</hAcc><vAcc>3.679227</vAcc></extensions></trkpt>
      <trkpt lon="-76.448026" lat="39.344576"><ele>18.722287</ele><time>2026-03-11T23:46:54Z</time><extensions><speed>0.000000</speed><course>202.340876</course><hAcc>7.399869</hAcc><vAcc>3.630003</vAcc></extensions></trkpt>
      <trkpt lon="-76.448026" lat="39.344576"><ele>18.722287</ele><time>2026-03-11T23:46:55Z</time><extensions><speed>0.000000</speed><course>202.340876</course><hAcc>7.371577</hAcc><vAcc>3.807378</vAcc></extensions></trkpt>
      <trkpt lon="-76.448026" lat="39.344576"><ele>18.722287</ele><time>2026-03-11T23:46:56Z</time><extensions><speed>0.000000</speed><course>202.340876</course><hAcc>7.306597</hAcc><vAcc>3.562524</vAcc></extensions></trkpt>
      <trkpt lon="-76.448026" lat="39.344576"><ele>18.722287</ele><time>2026-03-11T23:46:57Z</time><extensions><speed>0.000000</speed><course>202.340876</course><hAcc>7.187051</hAcc><vAcc>3.263150</vAcc></extensions></trkpt>
      <trkpt lon="-76.448026" lat="39.344576"><ele>18.722287</ele><time>2026-03-11T23:46:58Z</time><extensions><speed>0.000000</speed><course>202.340876</course><hAcc>7.239426</hAcc><vAcc>3.346810</vAcc></extensions></trkpt>
      <trkpt lon="-76.448026" lat="39.344576"><ele>18.722287</ele><time>2026-03-11T23:46:59Z</time><extensions><speed>0.000000</speed><course>202.340876</course><hAcc>7.257154</hAcc><vAcc>3.304151</vAcc></extensions></trkpt>
      <trkpt lon="-76.448026" lat="39.344576"><ele>18.722287</ele><time>2026-03-11T23:47:00Z</time><extensions><speed>0.000000</speed><course>202.340876</course><hAcc>7.280686</hAcc><vAcc>3.315866</vAcc></extensions></trkpt>
      <trkpt lon="-76.448026" lat="39.344576"><ele>18.722287</ele><time>2026-03-11T23:47:01Z</time><extensions><speed>0.000000</speed><course>202.340876</course><hAcc>7.318746</hAcc><vAcc>3.294511</vAcc></extensions></trkpt>
      <trkpt lon="-76.448026" lat="39.344576"><ele>18.722287</ele><time>2026-03-11T23:47:02Z</time><extensions><speed>0.000000</speed><course>202.340876</course><hAcc>7.546965</hAcc><vAcc>3.133954</vAcc></extensions></trkpt>
      <trkpt lon="-76.448026" lat="39.344576"><ele>18.722287</ele><time>2026-03-11T23:47:03Z</time><extensions><speed>0.000000</speed><course>202.340876</course><hAcc>7.862426</hAcc><vAcc>3.266529</vAcc></extensions></trkpt>
      <trkpt lon="-76.448026" lat="39.344576"><ele>18.722287</ele><time>2026-03-11T23:47:04Z</time><extensions><speed>0.000000</speed><course>202.340876</course><hAcc>7.747902</hAcc><vAcc>3.360770</vAcc></extensions></trkpt>
      <trkpt lon="-76.448026" lat="39.344576"><ele>18.722287</ele><time>2026-03-11T23:47:05Z</time><extensions><speed>0.000000</speed><course>202.340876</course><hAcc>7.689282</hAcc><vAcc>3.593730</vAcc></extensions></trkpt>
      <trkpt lon="-76.448026" lat="39.344576"><ele>18.722287</ele><time>2026-03-11T23:47:06Z</time><extensions><speed>0.000000</speed><course>202.340876</course><hAcc>7.791161</hAcc><vAcc>3.624971</vAcc></extensions></trkpt>
      <trkpt lon="-76.448026" lat="39.344576"><ele>18.722287</ele><time>2026-03-11T23:47:07Z</time><extensions><speed>0.000000</speed><course>202.340876</course><hAcc>7.865479</hAcc><vAcc>3.564099</vAcc></extensions></trkpt>
      <trkpt lon="-76.448026" lat="39.344576"><ele>18.722287</ele><time>2026-03-11T23:47:08Z</time><extensions><speed>0.000000</speed><course>202.340876</course><hAcc>8.065314</hAcc><vAcc>3.578135</vAcc></extensions></trkpt>
      <trkpt lon="-76.448026" lat="39.344576"><ele>18.722287</ele><time>2026-03-11T23:47:09Z</time><extensions><speed>0.000000</speed><course>202.340876</course><hAcc>7.977106</hAcc><vAcc>3.431609</vAcc></extensions></trkpt>
      <trkpt lon="-76.448026" lat="39.344576"><ele>18.722287</ele><time>2026-03-11T23:47:10Z</time><extensions><speed>0.000000</speed><course>202.340876</course><hAcc>7.885653</hAcc><vAcc>3.459050</vAcc></extensions></trkpt>
      <trkpt lon="-76.448026" lat="39.344576"><ele>18.722287</ele><time>2026-03-11T23:47:11Z</time><extensions><speed>0.000000</speed><course>202.340876</course><hAcc>7.906010</hAcc><vAcc>3.786509</vAcc></extensions></trkpt>
      <trkpt lon="-76.448026" lat="39.344576"><ele>18.722287</ele><time>2026-03-11T23:47:12Z</time><extensions><speed>0.000000</speed><course>202.340876</course><hAcc>7.884761</hAcc><vAcc>3.754517</vAcc></extensions></trkpt>
      <trkpt lon="-76.448026" lat="39.344576"><ele>18.722287</ele><time>2026-03-11T23:47:13Z</time><extensions><speed>0.000000</speed><course>202.340876</course><hAcc>7.915085</hAcc><vAcc>3.769326</vAcc></extensions></trkpt>
      <trkpt lon="-76.448026" lat="39.344576"><ele>18.722287</ele><time>2026-03-11T23:47:14Z</time><extensions><speed>0.000000</speed><course>202.340876</course><hAcc>7.862079</hAcc><vAcc>3.972144</vAcc></extensions></trkpt>
      <trkpt lon="-76.448026" lat="39.344576"><ele>18.722287</ele><time>2026-03-11T23:47:15Z</time><extensions><speed>0.000000</speed><course>202.340876</course><hAcc>7.877447</hAcc><vAcc>4.001814</vAcc></extensions></trkpt>
      <trkpt lon="-76.448026" lat="39.344576"><ele>18.722287</ele><time>2026-03-11T23:47:16Z</time><extensions><speed>0.000000</speed><course>202.340876</course><hAcc>7.973532</hAcc><vAcc>3.983565</vAcc></extensions></trkpt>
      <trkpt lon="-76.448026" lat="39.344576"><ele>18.722287</ele><time>2026-03-11T23:47:17Z</time><extensions><speed>0.000000</speed><course>202.340876</course><hAcc>8.026766</hAcc><vAcc>3.820123</vAcc></extensions></trkpt>
      <trkpt lon="-76.448026" lat="39.344576"><ele>18.722287</ele><time>2026-03-11T23:47:18Z</time><extensions><speed>0.000000</speed><course>202.340876</course><hAcc>7.864564</hAcc><vAcc>3.650861</vAcc></extensions></trkpt>
      <trkpt lon="-76.448026" lat="39.344576"><ele>18.722287</ele><time>2026-03-11T23:47:19Z</time><extensions><speed>0.000000</speed><course>202.340876</course><hAcc>7.638488</hAcc><vAcc>3.715091</vAcc></extensions></trkpt>
      <trkpt lon="-76.448026" lat="39.344576"><ele>18.722287</ele><time>2026-03-11T23:47:20Z</time><extensions><speed>0.000000</speed><course>202.340876</course><hAcc>7.866015</hAcc><vAcc>3.803311</vAcc></extensions></trkpt>
      <trkpt lon="-76.448026" lat="39.344576"><ele>18.722287</ele><time>2026-03-11T23:47:21Z</time><extensions><speed>0.000000</speed><course>202.340876</course><hAcc>8.130780</hAcc><vAcc>4.166013</vAcc></extensions></trkpt>
      <trkpt lon="-76.448026" lat="39.344576"><ele>18.722287</ele><time>2026-03-11T23:47:22Z</time><extensions><speed>0.000000</speed><course>202.340876</course><hAcc>8.403438</hAcc><vAcc>4.449573</vAcc></extensions></trkpt>
      <trkpt lon="-76.448026" lat="39.344576"><ele>18.722287</ele><time>2026-03-11T23:47:23Z</time><extensions><speed>0.000000</speed><course>202.340876</course><hAcc>8.634772</hAcc><vAcc>4.497871</vAcc></extensions></trkpt>
      <trkpt lon="-76.448026" lat="39.344576"><ele>18.722287</ele><time>2026-03-11T23:47:24Z</time><extensions><speed>0.000000</speed><course>202.340876</course><hAcc>8.847853</hAcc><vAcc>4.675471</vAcc></extensions></trkpt>
      <trkpt lon="-76.448026" lat="39.344576"><ele>18.722287</ele><time>2026-03-11T23:47:25Z</time><extensions><speed>0.000000</speed><course>202.340876</course><hAcc>8.843492</hAcc><vAcc>4.713901</vAcc></extensions></trkpt>
      <trkpt lon="-76.448026" lat="39.344576"><ele>18.722287</ele><time>2026-03-11T23:47:26Z</time><extensions><speed>0.000000</speed><course>202.340876</course><hAcc>9.332012</hAcc><vAcc>4.636630</vAcc></extensions></trkpt>
      <trkpt lon="-76.448026" lat="39.344576"><ele>18.722287</ele><time>2026-03-11T23:47:27Z</time><extensions><speed>0.000000</speed><course>202.340876</course><hAcc>9.323876</hAcc><vAcc>4.464393</vAcc></extensions></trkpt>
      <trkpt lon="-76.448026" lat="39.344576"><ele>18.722287</ele><time>2026-03-11T23:47:28Z</time><extensions><speed>0.000000</speed><course>202.340876</course><hAcc>9.176201</hAcc><vAcc>4.300232</vAcc></extensions></trkpt>
      <trkpt lon="-76.448026" lat="39.344576"><ele>18.722287</ele><time>2026-03-11T23:47:29Z</time><extensions><speed>0.000000</speed><course>202.340876</course><hAcc>9.285896</hAcc><vAcc>4.116527</vAcc></extensions></trkpt>
      <trkpt lon="-76.448026" lat="39.344576"><ele>18.722287</ele><time>2026-03-11T23:47:30Z</time><extensions><speed>0.000000</speed><course>202.340876</course><hAcc>9.176387</hAcc><vAcc>3.885304</vAcc></extensions></trkpt>
      <trkpt lon="-76.448026" lat="39.344576"><ele>18.722287</ele><time>2026-03-11T23:47:31Z</time><extensions><speed>0.000000</speed><course>202.340876</course><hAcc>9.279826</hAcc><vAcc>4.168973</vAcc></extensions></trkpt>
      <trkpt lon="-76.448026" lat="39.344576"><ele>18.722287</ele><time>2026-03-11T23:47:32Z</time><extensions><speed>0.000000</speed><course>202.340876</course><hAcc>9.298967</hAcc><vAcc>4.215271</vAcc></extensions></trkpt>
      <trkpt lon="-76.448043" lat="39.344493"><ele>21.432809</ele><time>2026-03-11T23:49:32Z</time><extensions><speed>0.263345</speed><course>197.353964</course><hAcc>7.400622</hAcc><vAcc>5.704527</vAcc></extensions></trkpt>
      <trkpt lon="-76.448036" lat="39.344488"><ele>21.449251</ele><time>2026-03-11T23:49:33Z</time><extensions><speed>0.133059</speed><course>197.353967</course><hAcc>7.307603</hAcc><vAcc>5.786565</vAcc></extensions></trkpt>
      <trkpt lon="-76.448033" lat="39.344488"><ele>21.466861</ele><time>2026-03-11T23:49:34Z</time><extensions><speed>0.142502</speed><course>197.353968</course><hAcc>7.219393</hAcc><vAcc>5.928028</vAcc></extensions></trkpt>
      <trkpt lon="-76.448028" lat="39.344489"><ele>21.776060</ele><time>2026-03-11T23:49:35Z</time><extensions><speed>0.243703</speed><course>197.353971</course><hAcc>7.098656</hAcc><vAcc>5.626526</vAcc></extensions></trkpt>
      <trkpt lon="-76.448024" lat="39.344492"><ele>21.793134</ele><time>2026-03-11T23:49:36Z</time><extensions><speed>0.162207</speed><course>197.353973</course><hAcc>6.937607</hAcc><vAcc>5.421560</vAcc></extensions></trkpt>
      <trkpt lon="-76.448021" lat="39.344490"><ele>21.741666</ele><time>2026-03-11T23:49:37Z</time><extensions><speed>0.063705</speed><course>197.353974</course><hAcc>6.765190</hAcc><vAcc>5.340496</vAcc></extensions></trkpt>
      <trkpt lon="-76.448020" lat="39.344485"><ele>21.734552</ele><time>2026-03-11T23:49:38Z</time><extensions><speed>0.295477</speed><course>197.353974</course><hAcc>6.740392</hAcc><vAcc>5.262555</vAcc></extensions></trkpt>
      <trkpt lon="-76.448027" lat="39.344484"><ele>21.694529</ele><time>2026-03-11T23:49:39Z</time><extensions><speed>0.428222</speed><course>197.353971</course><hAcc>6.714495</hAcc><vAcc>5.362057</vAcc></extensions></trkpt>
      <trkpt lon="-76.448027" lat="39.344486"><ele>21.397929</ele><time>2026-03-11T23:49:40Z</time><extensions><speed>0.104207</speed><course>197.353971</course><hAcc>6.747467</hAcc><vAcc>5.106441</vAcc></extensions></trkpt>
      <trkpt lon="-76.448029" lat="39.344486"><ele>21.138645</ele><time>2026-03-11T23:49:41Z</time><extensions><speed>0.361691</speed><course>197.353970</course><hAcc>6.661209</hAcc><vAcc>5.153336</vAcc></extensions></trkpt>
      <trkpt lon="-76.448022" lat="39.344488"><ele>20.442288</ele><time>2026-03-11T23:49:42Z</time><extensions><speed>0.296755</speed><course>148.479389</course><hAcc>6.633053</hAcc><vAcc>5.158687</vAcc></extensions></trkpt>
      <trkpt lon="-76.448016" lat="39.344491"><ele>20.385553</ele><time>2026-03-11T23:49:43Z</time><extensions><speed>0.238417</speed><course>148.479388</course><hAcc>6.610541</hAcc><vAcc>4.854905</vAcc></extensions></trkpt>
      <trkpt lon="-76.448013" lat="39.344488"><ele>20.001366</ele><time>2026-03-11T23:49:44Z</time><extensions><speed>0.351780</speed><course>145.840207</course><hAcc>6.520272</hAcc><vAcc>5.015453</vAcc></extensions></trkpt>
      <trkpt lon="-76.448016" lat="39.344489"><ele>20.002029</ele><time>2026-03-11T23:49:45Z</time><extensions><speed>0.103604</speed><course>145.840206</course><hAcc>6.515974</hAcc><vAcc>5.107372</vAcc></extensions></trkpt>
      <trkpt lon="-76.448012" lat="39.344488"><ele>19.685459</ele><time>2026-03-11T23:49:46Z</time><extensions><speed>0.277965</speed><course>145.840208</course><hAcc>6.421757</hAcc><vAcc>4.974135</vAcc></extensions></trkpt>
      <trkpt lon="-76.448015" lat="39.344488"><ele>19.399512</ele><time>2026-03-11T23:49:47Z</time><extensions><speed>0.071506</speed><course>145.840207</course><hAcc>6.404553</hAcc><vAcc>4.394806</vAcc></extensions></trkpt>
      <trkpt lon="-76.448018" lat="39.344491"><ele>19.600147</ele><time>2026-03-11T23:49:48Z</time><extensions><speed>0.067705</speed><course>145.840205</course><hAcc>6.423595</hAcc><vAcc>3.583651</vAcc></extensions></trkpt>
      <trkpt lon="-76.448005" lat="39.344483"><ele>19.643572</ele><time>2026-03-11T23:49:49Z</time><extensions><speed>0.154390</speed><course>145.840211</course><hAcc>6.532782</hAcc><vAcc>4.738543</vAcc></extensions></trkpt>
      <trkpt lon="-76.448003" lat="39.344487"><ele>20.032884</ele><time>2026-03-11T23:49:50Z</time><extensions><speed>0.094118</speed><course>145.840210</course><hAcc>6.547134</hAcc><vAcc>4.887265</vAcc></extensions></trkpt>
      <trkpt lon="-76.448004" lat="39.344488"><ele>20.214678</ele><time>2026-03-11T23:49:51Z</time><extensions><speed>0.054895</speed><course>145.840209</course><hAcc>6.385843</hAcc><vAcc>4.958176</vAcc></extensions></trkpt>
      <trkpt lon="-76.448001" lat="39.344493"><ele>20.668112</ele><time>2026-03-11T23:49:52Z</time><extensions><speed>0.044389</speed><course>145.840208</course><hAcc>6.270409</hAcc><vAcc>4.850086</vAcc></extensions></trkpt>
      <trkpt lon="-76.447996" lat="39.344493"><ele>21.132996</ele><time>2026-03-11T23:49:53Z</time><extensions><speed>0.228194</speed><course>112.438415</course><hAcc>6.264992</hAcc><vAcc>4.933725</vAcc></extensions></trkpt>
      <trkpt lon="-76.447999" lat="39.344497"><ele>21.425207</ele><time>2026-03-11T23:49:54Z</time><extensions><speed>0.448052</speed><course>112.438412</course><hAcc>6.096742</hAcc><vAcc>5.214999</vAcc></extensions></trkpt>
      <trkpt lon="-76.448004" lat="39.344498"><ele>21.476980</ele><time>2026-03-11T23:49:55Z</time><extensions><speed>0.243465</speed><course>112.438409</course><hAcc>5.944733</hAcc><vAcc>5.042155</vAcc></extensions></trkpt>
      <trkpt lon="-76.448006" lat="39.344494"><ele>21.874021</ele><time>2026-03-11T23:49:56Z</time><extensions><speed>0.164917</speed><course>112.438409</course><hAcc>5.857224</hAcc><vAcc>5.056037</vAcc></extensions></trkpt>
      <trkpt lon="-76.448010" lat="39.344491"><ele>22.356444</ele><time>2026-03-11T23:49:57Z</time><extensions><speed>0.020469</speed><course>112.438408</course><hAcc>5.780931</hAcc><vAcc>4.979496</vAcc></extensions></trkpt>
      <trkpt lon="-76.448010" lat="39.344488"><ele>22.364210</ele><time>2026-03-11T23:49:58Z</time><extensions><speed>0.055000</speed><course>112.438409</course><hAcc>5.713328</hAcc><vAcc>4.927234</vAcc></extensions></trkpt>
      <trkpt lon="-76.448009" lat="39.344492"><ele>22.438735</ele><time>2026-03-11T23:49:59Z</time><extensions><speed>0.080086</speed><course>76.750866</course><hAcc>5.664837</hAcc><vAcc>4.951758</vAcc></extensions></trkpt>
      <trkpt lon="-76.448013" lat="39.344495"><ele>22.790291</ele><time>2026-03-11T23:50:00Z</time><extensions><speed>0.059918</speed><course>76.750862</course><hAcc>5.642865</hAcc><vAcc>4.795008</vAcc></extensions></trkpt>
      <trkpt lon="-76.448017" lat="39.344495"><ele>23.625164</ele><time>2026-03-11T23:50:01Z</time><extensions><speed>0.308468</speed><course>76.750859</course><hAcc>5.588091</hAcc><vAcc>4.804478</vAcc></extensions></trkpt>
      <trkpt lon="-76.448019" lat="39.344492"><ele>24.068993</ele><time>2026-03-11T23:50:02Z</time><extensions><speed>0.407553</speed><course>76.750859</course><hAcc>5.520339</hAcc><vAcc>4.716584</vAcc></extensions></trkpt>
      <trkpt lon="-76.448023" lat="39.344493"><ele>24.563243</ele><time>2026-03-11T23:50:03Z</time><extensions><speed>0.255239</speed><course>76.750856</course><hAcc>5.420793</hAcc><vAcc>4.528728</vAcc></extensions></trkpt>
      <trkpt lon="-76.448030" lat="39.344492"><ele>24.335296</ele><time>2026-03-11T23:50:04Z</time><extensions><speed>0.047402</speed><course>72.131958</course><hAcc>5.329525</hAcc><vAcc>4.387736</vAcc></extensions></trkpt>
      <trkpt lon="-76.448033" lat="39.344488"><ele>24.171513</ele><time>2026-03-11T23:50:05Z</time><extensions><speed>0.027748</speed><course>80.680393</course><hAcc>5.223908</hAcc><vAcc>4.331082</vAcc></extensions></trkpt>
      <trkpt lon="-76.448021" lat="39.344486"><ele>23.976569</ele><time>2026-03-11T23:50:06Z</time><extensions><speed>0.490195</speed><course>129.771103</course><hAcc>5.113577</hAcc><vAcc>4.315507</vAcc></extensions></trkpt>
      <trkpt lon="-76.448017" lat="39.344482"><ele>23.859104</ele><time>2026-03-11T23:50:07Z</time><extensions><speed>0.326509</speed><course>149.790036</course><hAcc>5.158793</hAcc><vAcc>4.496307</vAcc></extensions></trkpt>
      <trkpt lon="-76.448019" lat="39.344481"><ele>23.683842</ele><time>2026-03-11T23:50:08Z</time><extensions><speed>0.109484</speed><course>155.324038</course><hAcc>5.079295</hAcc><vAcc>4.283701</vAcc></extensions></trkpt>
      <trkpt lon="-76.448014" lat="39.344472"><ele>23.629639</ele><time>2026-03-11T23:50:09Z</time><extensions><speed>0.223839</speed><course>151.228278</course><hAcc>4.966417</hAcc><vAcc>4.260228</vAcc></extensions></trkpt>
      <trkpt lon="-76.448012" lat="39.344463"><ele>23.843531</ele><time>2026-03-11T23:50:10Z</time><extensions><speed>0.282953</speed><course>154.212731</course><hAcc>4.916290</hAcc><vAcc>4.188096</vAcc></extensions></trkpt>
      <trkpt lon="-76.448014" lat="39.344464"><ele>23.508609</ele><time>2026-03-11T23:50:11Z</time><extensions><speed>0.170623</speed><course>154.212730</course><hAcc>4.907781</hAcc><vAcc>4.266188</vAcc></extensions></trkpt>
      <trkpt lon="-76.448017" lat="39.344466"><ele>23.243565</ele><time>2026-03-11T23:50:12Z</time><extensions><speed>0.050849</speed><course>154.212728</course><hAcc>4.920376</hAcc><vAcc>4.210633</vAcc></extensions></trkpt>
      <trkpt lon="-76.448016" lat="39.344467"><ele>22.918110</ele><time>2026-03-11T23:50:13Z</time><extensions><speed>0.037960</speed><course>154.212728</course><hAcc>4.925999</hAcc><vAcc>4.191951</vAcc></extensions></trkpt>
      <trkpt lon="-76.448019" lat="39.344469"><ele>22.675433</ele><time>2026-03-11T23:50:14Z</time><extensions><speed>0.034584</speed><course>154.212727</course><hAcc>4.938465</hAcc><vAcc>4.142509</vAcc></extensions></trkpt>
      <trkpt lon="-76.448009" lat="39.344458"><ele>22.600259</ele><time>2026-03-11T23:50:15Z</time><extensions><speed>0.634115</speed><course>143.563720</course><hAcc>4.955640</hAcc><vAcc>4.161483</vAcc></extensions></trkpt>
      <trkpt lon="-76.448014" lat="39.344440"><ele>22.655046</ele><time>2026-03-11T23:50:16Z</time><extensions><speed>1.097603</speed><course>180.217082</course><hAcc>4.845917</hAcc><vAcc>4.307232</vAcc></extensions></trkpt>
      <trkpt lon="-76.448012" lat="39.344438"><ele>22.346940</ele><time>2026-03-11T23:50:17Z</time><extensions><speed>0.766693</speed><course>173.591450</course><hAcc>4.764185</hAcc><vAcc>4.243144</vAcc></extensions></trkpt>
      <trkpt lon="-76.448016" lat="39.344437"><ele>22.086551</ele><time>2026-03-11T23:50:18Z</time><extensions><speed>0.383234</speed><course>185.658269</course><hAcc>4.709043</hAcc><vAcc>4.436299</vAcc></extensions></trkpt>
      <trkpt lon="-76.448023" lat="39.344422"><ele>22.289970</ele><time>2026-03-11T23:50:19Z</time><extensions><speed>1.084435</speed><course>204.845762</course><hAcc>4.713132</hAcc><vAcc>4.428953</vAcc></extensions></trkpt>
      <trkpt lon="-76.448024" lat="39.344423"><ele>22.377870</ele><time>2026-03-11T23:50:20Z</time><extensions><speed>0.000000</speed><course>210.158075</course><hAcc>4.746721</hAcc><vAcc>4.456490</vAcc></extensions></trkpt>
      <trkpt lon="-76.448024" lat="39.344423"><ele>22.377870</ele><time>2026-03-11T23:50:21Z</time><extensions><speed>0.000000</speed><course>210.158075</course><hAcc>4.745129</hAcc><vAcc>4.368957</vAcc></extensions></trkpt>
      <trkpt lon="-76.448024" lat="39.344423"><ele>22.377870</ele><time>2026-03-11T23:50:22Z</time><extensions><speed>0.000000</speed><course>210.158075</course><hAcc>4.752964</hAcc><vAcc>4.273468</vAcc></extensions></trkpt>
      <trkpt lon="-76.448024" lat="39.344423"><ele>22.377870</ele><time>2026-03-11T23:50:23Z</time><extensions><speed>0.000000</speed><course>210.158075</course><hAcc>4.753939</hAcc><vAcc>4.225648</vAcc></extensions></trkpt>
      <trkpt lon="-76.448024" lat="39.344423"><ele>22.377870</ele><time>2026-03-11T23:50:24Z</time><extensions><speed>0.000000</speed><course>210.158075</course><hAcc>4.707782</hAcc><vAcc>4.177828</vAcc></extensions></trkpt>
      <trkpt lon="-76.448024" lat="39.344423"><ele>22.377870</ele><time>2026-03-11T23:50:25Z</time><extensions><speed>0.000000</speed><course>210.158075</course><hAcc>4.743461</hAcc><vAcc>4.157256</vAcc></extensions></trkpt>
      <trkpt lon="-76.448024" lat="39.344423"><ele>22.377870</ele><time>2026-03-11T23:50:26Z</time><extensions><speed>0.000000</speed><course>210.158075</course><hAcc>4.726916</hAcc><vAcc>4.158632</vAcc></extensions></trkpt>
      <trkpt lon="-76.448024" lat="39.344423"><ele>22.377870</ele><time>2026-03-11T23:50:27Z</time><extensions><speed>0.000000</speed><course>210.158075</course><hAcc>4.780485</hAcc><vAcc>4.178217</vAcc></extensions></trkpt>
      <trkpt lon="-76.448024" lat="39.344423"><ele>22.377870</ele><time>2026-03-11T23:50:28Z</time><extensions><speed>0.000000</speed><course>210.158075</course><hAcc>4.880627</hAcc><vAcc>4.265716</vAcc></extensions></trkpt>
      <trkpt lon="-76.448024" lat="39.344423"><ele>22.377870</ele><time>2026-03-11T23:50:30Z</time><extensions><speed>0.000000</speed><course>210.158075</course><hAcc>5.078001</hAcc><vAcc>4.231038</vAcc></extensions></trkpt>
      <trkpt lon="-76.448024" lat="39.344423"><ele>22.377870</ele><time>2026-03-11T23:50:31Z</time><extensions><speed>0.000000</speed><course>210.158075</course><hAcc>5.176188</hAcc><vAcc>4.326008</vAcc></extensions></trkpt>
    </trkseg>
  </trk>
</gpx>