<?xml version="1.0" encoding="UTF-8"?>
<gpx version="1.1" creator="Apple Health Export" xmlns="http://www.topografix.com/GPX/1/1" xmlns:xsi="http://www.w3.org/2001/XMLSchema-instance" xsi:schemaLocation="http://www.topografix.com/GPX/1/1 http://www.topografix.com/GPX/1/1/gpx.xsd">
  <metadata>
    <time>2026-04-21T05:05:51Z</time>
  </metadata>
  <trk>
    <name>Route 2024-04-08 6:39pm</name>
    <trkseg>
      <trkpt lon="-77.047873" lat="38.899681"><ele>21.438095</ele><time>2024-04-08T22:01:55Z</time><extensions><speed>1.184830</speed><course>246.872432</course><hAcc>3.550626</hAcc><vAcc>2.534471</vAcc></extensions></trkpt>
      <trkpt lon="-77.047884" lat="38.899678"><ele>21.357932</ele><time>2024-04-08T22:01:56Z</time><extensions><speed>1.187550</speed><course>247.193496</course><hAcc>3.310117</hAcc><vAcc>2.431945</vAcc></extensions></trkpt>
      <trkpt lon="-77.047896" lat="38.899674"><ele>21.262203</ele><time>2024-04-08T22:01:57Z</time><extensions><speed>1.191690</speed><course>247.651246</course><hAcc>3.089577</hAcc><vAcc>2.344163</vAcc></extensions></trkpt>
      <trkpt lon="-77.047909" lat="38.899670"><ele>21.165965</ele><time>2024-04-08T22:01:58Z</time><extensions><speed>1.194944</speed><course>248.115810</course><hAcc>2.945125</hAcc><vAcc>2.291245</vAcc></extensions></trkpt>
      <trkpt lon="-77.047922" lat="38.899666"><ele>21.070547</ele><time>2024-04-08T22:01:59Z</time><extensions><speed>1.196981</speed><course>248.594061</course><hAcc>2.881356</hAcc><vAcc>2.272259</vAcc></extensions></trkpt>
      <trkpt lon="-77.047935" lat="38.899662"><ele>20.975842</ele><time>2024-04-08T22:02:00Z</time><extensions><speed>1.197656</speed><course>249.077609</course><hAcc>2.898316</hAcc><vAcc>2.286450</vAcc></extensions></trkpt>
      <trkpt lon="-77.048011" lat="38.899648"><ele>20.603773</ele><time>2024-04-08T22:02:06Z</time><extensions><speed>1.034173</speed><course>267.237767</course><hAcc>2.977855</hAcc><vAcc>2.392143</vAcc></extensions></trkpt>
      <trkpt lon="-77.048021" lat="38.899648"><ele>20.583006</ele><time>2024-04-08T22:02:07Z</time><extensions><speed>1.027934</speed><course>267.651455</course><hAcc>2.883444</hAcc><vAcc>2.375983</vAcc></extensions></trkpt>
      <trkpt lon="-77.048033" lat="38.899648"><ele>20.561456</ele><time>2024-04-08T22:02:08Z</time><extensions><speed>1.023153</speed><course>268.230356</course><hAcc>2.781235</hAcc><vAcc>2.366635</vAcc></extensions></trkpt>
      <trkpt lon="-77.048045" lat="38.899648"><ele>20.542196</ele><time>2024-04-08T22:02:09Z</time><extensions><speed>1.022135</speed><course>268.788433</course><hAcc>2.686270</hAcc><vAcc>2.363886</vAcc></extensions></trkpt>
      <trkpt lon="-77.048057" lat="38.899647"><ele>20.527416</ele><time>2024-04-08T22:02:10Z</time><extensions><speed>1.023650</speed><course>269.353034</course><hAcc>2.598047</hAcc><vAcc>2.364988</vAcc></extensions></trkpt>
      <trkpt lon="-77.048068" lat="38.899647"><ele>20.514993</ele><time>2024-04-08T22:02:11Z</time><extensions><speed>1.031662</speed><course>269.947822</course><hAcc>2.516418</hAcc><vAcc>2.367651</vAcc></extensions></trkpt>
      <trkpt lon="-77.048080" lat="38.899648"><ele>20.506441</ele><time>2024-04-08T22:02:12Z</time><extensions><speed>1.045829</speed><course>270.632766</course><hAcc>2.441750</hAcc><vAcc>2.369996</vAcc></extensions></trkpt>
      <trkpt lon="-77.048093" lat="38.899648"><ele>20.501189</ele><time>2024-04-08T22:02:13Z</time><extensions><speed>1.067201</speed><course>271.377949</course><hAcc>2.375052</hAcc><vAcc>2.370502</vAcc></extensions></trkpt>
      <trkpt lon="-77.048105" lat="38.899648"><ele>20.497506</ele><time>2024-04-08T22:02:14Z</time><extensions><speed>1.091829</speed><course>272.195064</course><hAcc>2.317595</hAcc><vAcc>2.367949</vAcc></extensions></trkpt>
      <trkpt lon="-77.048118" lat="38.899649"><ele>20.496233</ele><time>2024-04-08T22:02:15Z</time><extensions><speed>1.120228</speed><course>273.084433</course><hAcc>2.270153</hAcc><vAcc>2.361363</vAcc></extensions></trkpt>
      <trkpt lon="-77.048131" lat="38.899649"><ele>20.496170</ele><time>2024-04-08T22:02:16Z</time><extensions><speed>1.151130</speed><course>274.022136</course><hAcc>2.232858</hAcc><vAcc>2.349972</vAcc></extensions></trkpt>
      <trkpt lon="-77.048145" lat="38.899650"><ele>20.497651</ele><time>2024-04-08T22:02:17Z</time><extensions><speed>1.185311</speed><course>274.976331</course><hAcc>2.205364</hAcc><vAcc>2.333165</vAcc></extensions></trkpt>
      <trkpt lon="-77.048158" lat="38.899652"><ele>20.499063</ele><time>2024-04-08T22:02:18Z</time><extensions><speed>1.221789</speed><course>275.910752</course><hAcc>2.186893</hAcc><vAcc>2.310456</vAcc></extensions></trkpt>
      <trkpt lon="-77.048173" lat="38.899653"><ele>20.502963</ele><time>2024-04-08T22:02:19Z</time><extensions><speed>1.261392</speed><course>276.806863</course><hAcc>2.176353</hAcc><vAcc>2.281465</vAcc></extensions></trkpt>
      <trkpt lon="-77.048187" lat="38.899654"><ele>20.507801</ele><time>2024-04-08T22:02:20Z</time><extensions><speed>1.301582</speed><course>277.655780</course><hAcc>2.172607</hAcc><vAcc>2.245890</vAcc></extensions></trkpt>
      <trkpt lon="-77.048203" lat="38.899656"><ele>20.511792</ele><time>2024-04-08T22:02:21Z</time><extensions><speed>1.340267</speed><course>278.449525</course><hAcc>2.174556</hAcc><vAcc>2.203503</vAcc></extensions></trkpt>
      <trkpt lon="-77.048218" lat="38.899658"><ele>20.515500</ele><time>2024-04-08T22:02:22Z</time><extensions><speed>1.379708</speed><course>279.171388</course><hAcc>2.181065</hAcc><vAcc>2.154129</vAcc></extensions></trkpt>
      <trkpt lon="-77.048234" lat="38.899660"><ele>20.519708</ele><time>2024-04-08T22:02:23Z</time><extensions><speed>1.422107</speed><course>279.810380</course><hAcc>2.191081</hAcc><vAcc>2.097648</vAcc></extensions></trkpt>
      <trkpt lon="-77.048251" lat="38.899663"><ele>20.524622</ele><time>2024-04-08T22:02:24Z</time><extensions><speed>1.470593</speed><course>280.354985</course><hAcc>2.203790</hAcc><vAcc>2.033985</vAcc></extensions></trkpt>
      <trkpt lon="-77.048268" lat="38.899665"><ele>20.529792</ele><time>2024-04-08T22:02:25Z</time><extensions><speed>1.521452</speed><course>280.798101</course><hAcc>2.218701</hAcc><vAcc>1.963113</vAcc></extensions></trkpt>
      <trkpt lon="-77.048285" lat="38.899668"><ele>20.534441</ele><time>2024-04-08T22:02:26Z</time><extensions><speed>1.574389</speed><course>281.117183</course><hAcc>2.235501</hAcc><vAcc>1.885052</vAcc></extensions></trkpt>
      <trkpt lon="-77.048303" lat="38.899671"><ele>20.538622</ele><time>2024-04-08T22:02:27Z</time><extensions><speed>1.627230</speed><course>281.324399</course><hAcc>2.253987</hAcc><vAcc>1.799876</vAcc></extensions></trkpt>
      <trkpt lon="-77.048322" lat="38.899673"><ele>20.542195</ele><time>2024-04-08T22:02:28Z</time><extensions><speed>1.677838</speed><course>281.428757</course><hAcc>2.273971</hAcc><vAcc>1.707722</vAcc></extensions></trkpt>
      <trkpt lon="-77.048341" lat="38.899676"><ele>20.544712</ele><time>2024-04-08T22:02:29Z</time><extensions><speed>1.726591</speed><course>281.397824</course><hAcc>2.295190</hAcc><vAcc>1.608800</vAcc></extensions></trkpt>
      <trkpt lon="-77.048361" lat="38.899679"><ele>20.546062</ele><time>2024-04-08T22:02:30Z</time><extensions><speed>1.776321</speed><course>281.309945</course><hAcc>2.317497</hAcc><vAcc>1.503431</vAcc></extensions></trkpt>
      <trkpt lon="-77.048381" lat="38.899682"><ele>20.546384</ele><time>2024-04-08T22:02:31Z</time><extensions><speed>1.822614</speed><course>281.125920</course><hAcc>2.340641</hAcc><vAcc>1.392079</vAcc></extensions></trkpt>
      <trkpt lon="-77.048402" lat="38.899685"><ele>20.545476</ele><time>2024-04-08T22:02:32Z</time><extensions><speed>1.868600</speed><course>280.842754</course><hAcc>2.364348</hAcc><vAcc>1.275418</vAcc></extensions></trkpt>
      <trkpt lon="-77.048424" lat="38.899688"><ele>20.543016</ele><time>2024-04-08T22:02:33Z</time><extensions><speed>1.915825</speed><course>280.481335</course><hAcc>2.388364</hAcc><vAcc>1.154438</vAcc></extensions></trkpt>
      <trkpt lon="-77.048446" lat="38.899691"><ele>20.538742</ele><time>2024-04-08T22:02:34Z</time><extensions><speed>1.962731</speed><course>280.056927</course><hAcc>2.412455</hAcc><vAcc>1.030632</vAcc></extensions></trkpt>
      <trkpt lon="-77.048468" lat="38.899694"><ele>20.532534</ele><time>2024-04-08T22:02:35Z</time><extensions><speed>2.006526</speed><course>279.582237</course><hAcc>2.436368</hAcc><vAcc>0.906317</vAcc></extensions></trkpt>
      <trkpt lon="-77.048491" lat="38.899697"><ele>20.524097</ele><time>2024-04-08T22:02:36Z</time><extensions><speed>2.046830</speed><course>279.073057</course><hAcc>2.459762</hAcc><vAcc>0.785232</vAcc></extensions></trkpt>
      <trkpt lon="-77.048515" lat="38.899700"><ele>20.513183</ele><time>2024-04-08T22:02:37Z</time><extensions><speed>2.088168</speed><course>278.541231</course><hAcc>2.482263</hAcc><vAcc>0.673599</vAcc></extensions></trkpt>
      <trkpt lon="-77.048539" lat="38.899703"><ele>20.499504</ele><time>2024-04-08T22:02:38Z</time><extensions><speed>2.127506</speed><course>278.007597</course><hAcc>2.503561</hAcc><vAcc>0.581679</vAcc></extensions></trkpt>
      <trkpt lon="-77.048567" lat="38.899706"><ele>20.479807</ele><time>2024-04-08T22:02:40Z</time><extensions><speed>2.162453</speed><course>277.323003</course><hAcc>2.523562</hAcc><vAcc>0.516638</vAcc></extensions></trkpt>
      <trkpt lon="-77.048592" lat="38.899708"><ele>20.459798</ele><time>2024-04-08T22:02:41Z</time><extensions><speed>2.174823</speed><course>276.815293</course><hAcc>2.536497</hAcc><vAcc>0.507474</vAcc></extensions></trkpt>
      <trkpt lon="-77.048617" lat="38.899710"><ele>20.437864</ele><time>2024-04-08T22:02:42Z</time><extensions><speed>2.174467</speed><course>276.505341</course><hAcc>2.547362</hAcc><vAcc>0.542445</vAcc></extensions></trkpt>
      <trkpt lon="-77.048642" lat="38.899712"><ele>20.414507</ele><time>2024-04-08T22:02:43Z</time><extensions><speed>2.168555</speed><course>276.379499</course><hAcc>2.556066</hAcc><vAcc>0.609758</vAcc></extensions></trkpt>
      <trkpt lon="-77.048667" lat="38.899714"><ele>20.390086</ele><time>2024-04-08T22:02:44Z</time><extensions><speed>2.146901</speed><course>276.176249</course><hAcc>2.562791</hAcc><vAcc>0.694747</vAcc></extensions></trkpt>
      <trkpt lon="-77.048691" lat="38.899716"><ele>20.364882</ele><time>2024-04-08T22:02:45Z</time><extensions><speed>2.115544</speed><course>275.927775</course><hAcc>2.567783</hAcc><vAcc>0.786504</vAcc></extensions></trkpt>
      <trkpt lon="-77.048715" lat="38.899718"><ele>20.339536</ele><time>2024-04-08T22:02:46Z</time><extensions><speed>2.077428</speed><course>275.645021</course><hAcc>2.571356</hAcc><vAcc>0.878642</vAcc></extensions></trkpt>
      <trkpt lon="-77.048739" lat="38.899720"><ele>20.314257</ele><time>2024-04-08T22:02:47Z</time><extensions><speed>2.033119</speed><course>275.329569</course><hAcc>2.573803</hAcc><vAcc>0.967638</vAcc></extensions></trkpt>
      <trkpt lon="-77.048762" lat="38.899722"><ele>20.289284</ele><time>2024-04-08T22:02:48Z</time><extensions><speed>1.984587</speed><course>275.024028</course><hAcc>2.575384</hAcc><vAcc>1.051614</vAcc></extensions></trkpt>
      <trkpt lon="-77.048784" lat="38.899723"><ele>20.265082</ele><time>2024-04-08T22:02:49Z</time><extensions><speed>1.934075</speed><course>274.690528</course><hAcc>2.576336</hAcc><vAcc>1.129621</vAcc></extensions></trkpt>
      <trkpt lon="-77.048806" lat="38.899725"><ele>20.241406</ele><time>2024-04-08T22:02:50Z</time><extensions><speed>1.882259</speed><course>274.333336</course><hAcc>2.576813</hAcc><vAcc>1.201258</vAcc></extensions></trkpt>
      <trkpt lon="-77.048827" lat="38.899726"><ele>20.219387</ele><time>2024-04-08T22:02:51Z</time><extensions><speed>1.830910</speed><course>273.990343</course><hAcc>2.576909</hAcc><vAcc>1.266454</vAcc></extensions></trkpt>
      <trkpt lon="-77.048848" lat="38.899727"><ele>20.198323</ele><time>2024-04-08T22:02:52Z</time><extensions><speed>1.782491</speed><course>273.574852</course><hAcc>2.576748</hAcc><vAcc>1.325338</vAcc></extensions></trkpt>
      <trkpt lon="-77.048868" lat="38.899728"><ele>20.178488</ele><time>2024-04-08T22:02:53Z</time><extensions><speed>1.737601</speed><course>273.120755</course><hAcc>2.576443</hAcc><vAcc>1.378166</vAcc></extensions></trkpt>
      <trkpt lon="-77.048888" lat="38.899729"><ele>20.159589</ele><time>2024-04-08T22:02:54Z</time><extensions><speed>1.696479</speed><course>272.557427</course><hAcc>2.576026</hAcc><vAcc>1.425272</vAcc></extensions></trkpt>
      <trkpt lon="-77.048908" lat="38.899730"><ele>20.141725</ele><time>2024-04-08T22:02:55Z</time><extensions><speed>1.657995</speed><course>271.869291</course><hAcc>2.575446</hAcc><vAcc>1.467030</vAcc></extensions></trkpt>
      <trkpt lon="-77.048926" lat="38.899730"><ele>20.125285</ele><time>2024-04-08T22:02:56Z</time><extensions><speed>1.622712</speed><course>271.041321</course><hAcc>2.574587</hAcc><vAcc>1.503836</vAcc></extensions></trkpt>
      <trkpt lon="-77.048945" lat="38.899731"><ele>20.110264</ele><time>2024-04-08T22:02:57Z</time><extensions><speed>1.589623</speed><course>270.117978</course><hAcc>2.573322</hAcc><vAcc>1.536093</vAcc></extensions></trkpt>
      <trkpt lon="-77.048963" lat="38.899731"><ele>20.096377</ele><time>2024-04-08T22:02:58Z</time><extensions><speed>1.557605</speed><course>269.193988</course><hAcc>2.571511</hAcc><vAcc>1.564200</vAcc></extensions></trkpt>
      <trkpt lon="-77.048981" lat="38.899730"><ele>20.083874</ele><time>2024-04-08T22:02:59Z</time><extensions><speed>1.526805</speed><course>268.307174</course><hAcc>2.569024</hAcc><vAcc>1.588544</vAcc></extensions></trkpt>
      <trkpt lon="-77.048998" lat="38.899730"><ele>20.072414</ele><time>2024-04-08T22:03:00Z</time><extensions><speed>1.497176</speed><course>267.564497</course><hAcc>2.565895</hAcc><vAcc>1.609496</vAcc></extensions></trkpt>
      <trkpt lon="-77.049015" lat="38.899729"><ele>20.061845</ele><time>2024-04-08T22:03:01Z</time><extensions><speed>1.470484</speed><course>266.942733</course><hAcc>2.562334</hAcc><vAcc>1.627405</vAcc></extensions></trkpt>
      <trkpt lon="-77.049032" lat="38.899728"><ele>20.052623</ele><time>2024-04-08T22:03:02Z</time><extensions><speed>1.447046</speed><course>266.471462</course><hAcc>2.558585</hAcc><vAcc>1.642602</vAcc></extensions></trkpt>
      <trkpt lon="-77.049048" lat="38.899728"><ele>20.044869</ele><time>2024-04-08T22:03:03Z</time><extensions><speed>1.423930</speed><course>266.124431</course><hAcc>2.554774</hAcc><vAcc>1.655394</vAcc></extensions></trkpt>
      <trkpt lon="-77.049065" lat="38.899727"><ele>20.038009</ele><time>2024-04-08T22:03:04Z</time><extensions><speed>1.401146</speed><course>265.959662</course><hAcc>2.550943</hAcc><vAcc>1.666064</vAcc></extensions></trkpt>
      <trkpt lon="-77.049081" lat="38.899726"><ele>20.031921</ele><time>2024-04-08T22:03:05Z</time><extensions><speed>1.378988</speed><course>266.002351</course><hAcc>2.547251</hAcc><vAcc>1.674875</vAcc></extensions></trkpt>
      <trkpt lon="-77.049096" lat="38.899725"><ele>20.026803</ele><time>2024-04-08T22:03:06Z</time><extensions><speed>1.357904</speed><course>266.294074</course><hAcc>2.543835</hAcc><vAcc>1.682067</vAcc></extensions></trkpt>
      <trkpt lon="-77.049112" lat="38.899724"><ele>20.023228</ele><time>2024-04-08T22:03:07Z</time><extensions><speed>1.338187</speed><course>266.817564</course><hAcc>2.540882</hAcc><vAcc>1.687861</vAcc></extensions></trkpt>
      <trkpt lon="-77.049127" lat="38.899724"><ele>20.020277</ele><time>2024-04-08T22:03:08Z</time><extensions><speed>1.320169</speed><course>267.559205</course><hAcc>2.538412</hAcc><vAcc>1.692460</vAcc></extensions></trkpt>
      <trkpt lon="-77.049142" lat="38.899723"><ele>20.017832</ele><time>2024-04-08T22:03:09Z</time><extensions><speed>1.304005</speed><course>268.518501</course><hAcc>2.536442</hAcc><vAcc>1.696046</vAcc></extensions></trkpt>
      <trkpt lon="-77.049157" lat="38.899723"><ele>20.016245</ele><time>2024-04-08T22:03:10Z</time><extensions><speed>1.292244</speed><course>269.681656</course><hAcc>2.534989</hAcc><vAcc>1.698790</vAcc></extensions></trkpt>
      <trkpt lon="-77.049172" lat="38.899723"><ele>20.015783</ele><time>2024-04-08T22:03:11Z</time><extensions><speed>1.286198</speed><course>271.019563</course><hAcc>2.534043</hAcc><vAcc>1.700841</vAcc></extensions></trkpt>
      <trkpt lon="-77.049187" lat="38.899724"><ele>20.016343</ele><time>2024-04-08T22:03:12Z</time><extensions><speed>1.283395</speed><course>272.495832</course><hAcc>2.533584</hAcc><vAcc>1.702338</vAcc></extensions></trkpt>
      <trkpt lon="-77.049202" lat="38.899725"><ele>20.017479</ele><time>2024-04-08T22:03:13Z</time><extensions><speed>1.282128</speed><course>274.063586</course><hAcc>2.533563</hAcc><vAcc>1.703403</vAcc></extensions></trkpt>
      <trkpt lon="-77.049217" lat="38.899726"><ele>20.019086</ele><time>2024-04-08T22:03:14Z</time><extensions><speed>1.283354</speed><course>275.685035</course><hAcc>2.533954</hAcc><vAcc>1.704142</vAcc></extensions></trkpt>
      <trkpt lon="-77.049231" lat="38.899727"><ele>20.021452</ele><time>2024-04-08T22:03:15Z</time><extensions><speed>1.286856</speed><course>277.247849</course><hAcc>2.534749</hAcc><vAcc>1.704648</vAcc></extensions></trkpt>
      <trkpt lon="-77.049246" lat="38.899728"><ele>20.023763</ele><time>2024-04-08T22:03:16Z</time><extensions><speed>1.291267</speed><course>278.736839</course><hAcc>2.535904</hAcc><vAcc>1.704997</vAcc></extensions></trkpt>
      <trkpt lon="-77.049261" lat="38.899730"><ele>20.026699</ele><time>2024-04-08T22:03:17Z</time><extensions><speed>1.297456</speed><course>280.088044</course><hAcc>2.537271</hAcc><vAcc>1.705251</vAcc></extensions></trkpt>
      <trkpt lon="-77.049276" lat="38.899732"><ele>20.029946</ele><time>2024-04-08T22:03:18Z</time><extensions><speed>1.305442</speed><course>281.331003</course><hAcc>2.538885</hAcc><vAcc>1.705455</vAcc></extensions></trkpt>
      <trkpt lon="-77.049291" lat="38.899734"><ele>20.033228</ele><time>2024-04-08T22:03:19Z</time><extensions><speed>1.313813</speed><course>282.315005</course><hAcc>2.540519</hAcc><vAcc>1.705642</vAcc></extensions></trkpt>
      <trkpt lon="-77.049306" lat="38.899737"><ele>20.036656</ele><time>2024-04-08T22:03:20Z</time><extensions><speed>1.320832</speed><course>283.048304</course><hAcc>2.541950</hAcc><vAcc>1.705830</vAcc></extensions></trkpt>
      <trkpt lon="-77.049321" lat="38.899739"><ele>20.039646</ele><time>2024-04-08T22:03:21Z</time><extensions><speed>1.326136</speed><course>283.414269</course><hAcc>2.542993</hAcc><vAcc>1.706031</vAcc></extensions></trkpt>
      <trkpt lon="-77.049336" lat="38.899742"><ele>20.042548</ele><time>2024-04-08T22:03:22Z</time><extensions><speed>1.330590</speed><course>283.535066</course><hAcc>2.543699</hAcc><vAcc>1.706251</vAcc></extensions></trkpt>
      <trkpt lon="-77.049351" lat="38.899745"><ele>20.044746</ele><time>2024-04-08T22:03:23Z</time><extensions><speed>1.332571</speed><course>283.420885</course><hAcc>2.544156</hAcc><vAcc>1.706492</vAcc></extensions></trkpt>
      <trkpt lon="-77.049366" lat="38.899748"><ele>20.046897</ele><time>2024-04-08T22:03:24Z</time><extensions><speed>1.332795</speed><course>283.073784</course><hAcc>2.544423</hAcc><vAcc>1.706753</vAcc></extensions></trkpt>
      <trkpt lon="-77.049381" lat="38.899750"><ele>20.048090</ele><time>2024-04-08T22:03:25Z</time><extensions><speed>1.333078</speed><course>282.532402</course><hAcc>2.544531</hAcc><vAcc>1.707033</vAcc></extensions></trkpt>
      <trkpt lon="-77.049396" lat="38.899753"><ele>20.048525</ele><time>2024-04-08T22:03:26Z</time><extensions><speed>1.334152</speed><course>281.790010</course><hAcc>2.544493</hAcc><vAcc>1.707329</vAcc></extensions></trkpt>
      <trkpt lon="-77.049412" lat="38.899755"><ele>20.047596</ele><time>2024-04-08T22:03:27Z</time><extensions><speed>1.334368</speed><course>280.945955</course><hAcc>2.544335</hAcc><vAcc>1.707639</vAcc></extensions></trkpt>
      <trkpt lon="-77.049427" lat="38.899757"><ele>20.046048</ele><time>2024-04-08T22:03:28Z</time><extensions><speed>1.334372</speed><course>280.077025</course><hAcc>2.544124</hAcc><vAcc>1.707959</vAcc></extensions></trkpt>
      <trkpt lon="-77.049442" lat="38.899759"><ele>20.043822</ele><time>2024-04-08T22:03:29Z</time><extensions><speed>1.334501</speed><course>279.100374</course><hAcc>2.543804</hAcc><vAcc>1.708287</vAcc></extensions></trkpt>
      <trkpt lon="-77.049457" lat="38.899760"><ele>20.040712</ele><time>2024-04-08T22:03:30Z</time><extensions><speed>1.333425</speed><course>278.104057</course><hAcc>2.543599</hAcc><vAcc>1.708621</vAcc></extensions></trkpt>
      <trkpt lon="-77.049473" lat="38.899762"><ele>20.036825</ele><time>2024-04-08T22:03:31Z</time><extensions><speed>1.332864</speed><course>277.071841</course><hAcc>2.543467</hAcc><vAcc>1.708957</vAcc></extensions></trkpt>
      <trkpt lon="-77.049488" lat="38.899763"><ele>20.031636</ele><time>2024-04-08T22:03:32Z</time><extensions><speed>1.333054</speed><course>276.002799</course><hAcc>2.543388</hAcc><vAcc>1.709292</vAcc></extensions></trkpt>
      <trkpt lon="-77.049503" lat="38.899764"><ele>20.025082</ele><time>2024-04-08T22:03:33Z</time><extensions><speed>1.332914</speed><course>274.895903</course><hAcc>2.543387</hAcc><vAcc>1.709622</vAcc></extensions></trkpt>
      <trkpt lon="-77.049519" lat="38.899765"><ele>20.017530</ele><time>2024-04-08T22:03:34Z</time><extensions><speed>1.331889</speed><course>273.768437</course><hAcc>2.543446</hAcc><vAcc>1.709944</vAcc></extensions></trkpt>
      <trkpt lon="-77.049534" lat="38.899766"><ele>20.009073</ele><time>2024-04-08T22:03:35Z</time><extensions><speed>1.330006</speed><course>272.640839</course><hAcc>2.543550</hAcc><vAcc>1.710256</vAcc></extensions></trkpt>
      <trkpt lon="-77.049549" lat="38.899766"><ele>19.999231</ele><time>2024-04-08T22:03:36Z</time><extensions><speed>1.327849</speed><course>271.511375</course><hAcc>2.543700</hAcc><vAcc>1.710556</vAcc></extensions></trkpt>
      <trkpt lon="-77.049565" lat="38.899766"><ele>19.988436</ele><time>2024-04-08T22:03:37Z</time><extensions><speed>1.326448</speed><course>270.378350</course><hAcc>2.543879</hAcc><vAcc>1.710842</vAcc></extensions></trkpt>
      <trkpt lon="-77.049580" lat="38.899766"><ele>19.976323</ele><time>2024-04-08T22:03:38Z</time><extensions><speed>1.324077</speed><course>269.273979</course><hAcc>2.544068</hAcc><vAcc>1.711112</vAcc></extensions></trkpt>
      <trkpt lon="-77.049595" lat="38.899766"><ele>19.963313</ele><time>2024-04-08T22:03:39Z</time><extensions><speed>1.320285</speed><course>268.306411</course><hAcc>2.544250</hAcc><vAcc>1.711362</vAcc></extensions></trkpt>
      <trkpt lon="-77.049610" lat="38.899765"><ele>19.949043</ele><time>2024-04-08T22:03:40Z</time><extensions><speed>1.317197</speed><course>267.522930</course><hAcc>2.544396</hAcc><vAcc>1.711590</vAcc></extensions></trkpt>
      <trkpt lon="-77.049626" lat="38.899765"><ele>19.933485</ele><time>2024-04-08T22:03:41Z</time><extensions><speed>1.314826</speed><course>266.951849</course><hAcc>2.544463</hAcc><vAcc>1.711791</vAcc></extensions></trkpt>
      <trkpt lon="-77.049641" lat="38.899764"><ele>19.917032</ele><time>2024-04-08T22:03:42Z</time><extensions><speed>1.310501</speed><course>266.629012</course><hAcc>2.544436</hAcc><vAcc>1.711960</vAcc></extensions></trkpt>
      <trkpt lon="-77.049656" lat="38.899763"><ele>19.900289</ele><time>2024-04-08T22:03:43Z</time><extensions><speed>1.304121</speed><course>266.471001</course><hAcc>2.544295</hAcc><vAcc>1.712091</vAcc></extensions></trkpt>
      <trkpt lon="-77.049671" lat="38.899762"><ele>19.882518</ele><time>2024-04-08T22:03:44Z</time><extensions><speed>1.293686</speed><course>266.486636</course><hAcc>2.544044</hAcc><vAcc>1.712176</vAcc></extensions></trkpt>
      <trkpt lon="-77.049686" lat="38.899762"><ele>19.864026</ele><time>2024-04-08T22:03:45Z</time><extensions><speed>1.281896</speed><course>266.702182</course><hAcc>2.543720</hAcc><vAcc>1.712210</vAcc></extensions></trkpt>
      <trkpt lon="-77.049701" lat="38.899761"><ele>19.844071</ele><time>2024-04-08T22:03:46Z</time><extensions><speed>1.269809</speed><course>267.106942</course><hAcc>2.543367</hAcc><vAcc>1.712190</vAcc></extensions></trkpt>
      <trkpt lon="-77.049715" lat="38.899760"><ele>19.823432</ele><time>2024-04-08T22:03:47Z</time><extensions><speed>1.256646</speed><course>267.645274</course><hAcc>2.543044</hAcc><vAcc>1.712113</vAcc></extensions></trkpt>
      <trkpt lon="-77.049730" lat="38.899760"><ele>19.802193</ele><time>2024-04-08T22:03:48Z</time><extensions><speed>1.242933</speed><course>268.240109</course><hAcc>2.542813</hAcc><vAcc>1.711982</vAcc></extensions></trkpt>
      <trkpt lon="-77.049744" lat="38.899760"><ele>19.780331</ele><time>2024-04-08T22:03:49Z</time><extensions><speed>1.227165</speed><course>268.910355</course><hAcc>2.542727</hAcc><vAcc>1.711801</vAcc></extensions></trkpt>
      <trkpt lon="-77.049758" lat="38.899760"><ele>19.757630</ele><time>2024-04-08T22:03:50Z</time><extensions><speed>1.209144</speed><course>269.676791</course><hAcc>2.542807</hAcc><vAcc>1.711577</vAcc></extensions></trkpt>
      <trkpt lon="-77.049772" lat="38.899760"><ele>19.734308</ele><time>2024-04-08T22:03:51Z</time><extensions><speed>1.189449</speed><course>270.532632</course><hAcc>2.543039</hAcc><vAcc>1.711319</vAcc></extensions></trkpt>
      <trkpt lon="-77.049786" lat="38.899760"><ele>19.710871</ele><time>2024-04-08T22:03:52Z</time><extensions><speed>1.168079</speed><course>271.531744</course><hAcc>2.543383</hAcc><vAcc>1.711039</vAcc></extensions></trkpt>
      <trkpt lon="-77.049799" lat="38.899760"><ele>19.687151</ele><time>2024-04-08T22:03:53Z</time><extensions><speed>1.143175</speed><course>272.679468</course><hAcc>2.543778</hAcc><vAcc>1.710748</vAcc></extensions></trkpt>
      <trkpt lon="-77.049812" lat="38.899761"><ele>19.663299</ele><time>2024-04-08T22:03:54Z</time><extensions><speed>1.114824</speed><course>274.038781</course><hAcc>2.544165</hAcc><vAcc>1.710459</vAcc></extensions></trkpt>
      <trkpt lon="-77.049824" lat="38.899761"><ele>19.639752</ele><time>2024-04-08T22:03:55Z</time><extensions><speed>1.083903</speed><course>275.653907</course><hAcc>2.544450</hAcc><vAcc>1.710184</vAcc></extensions></trkpt>
      <trkpt lon="-77.049837" lat="38.899763"><ele>19.616327</ele><time>2024-04-08T22:03:56Z</time><extensions><speed>1.049600</speed><course>277.539326</course><hAcc>2.544499</hAcc><vAcc>1.709938</vAcc></extensions></trkpt>
      <trkpt lon="-77.049848" lat="38.899764"><ele>19.593271</ele><time>2024-04-08T22:03:57Z</time><extensions><speed>1.011254</speed><course>279.940626</course><hAcc>2.544198</hAcc><vAcc>1.709734</vAcc></extensions></trkpt>
      <trkpt lon="-77.049860" lat="38.899766"><ele>19.570759</ele><time>2024-04-08T22:03:58Z</time><extensions><speed>0.972990</speed><course>282.886746</course><hAcc>2.543687</hAcc><vAcc>1.709584</vAcc></extensions></trkpt>
      <trkpt lon="-77.049870" lat="38.899768"><ele>19.548800</ele><time>2024-04-08T22:03:59Z</time><extensions><speed>0.939156</speed><course>286.378041</course><hAcc>2.543103</hAcc><vAcc>1.709501</vAcc></extensions></trkpt>
      <trkpt lon="-77.049880" lat="38.899770"><ele>19.527156</ele><time>2024-04-08T22:04:00Z</time><extensions><speed>0.913514</speed><course>290.377235</course><hAcc>2.542826</hAcc><vAcc>1.709494</vAcc></extensions></trkpt>
      <trkpt lon="-77.049890" lat="38.899773"><ele>19.506011</ele><time>2024-04-08T22:04:01Z</time><extensions><speed>0.896340</speed><course>294.775377</course><hAcc>2.542982</hAcc><vAcc>1.709571</vAcc></extensions></trkpt>
      <trkpt lon="-77.049899" lat="38.899777"><ele>19.484964</ele><time>2024-04-08T22:04:02Z</time><extensions><speed>0.888460</speed><course>299.432878</course><hAcc>2.543640</hAcc><vAcc>1.709740</vAcc></extensions></trkpt>
      <trkpt lon="-77.049908" lat="38.899781"><ele>19.463899</ele><time>2024-04-08T22:04:03Z</time><extensions><speed>0.889895</speed><course>304.247455</course><hAcc>2.544683</hAcc><vAcc>1.709988</vAcc></extensions></trkpt>
      <trkpt lon="-77.049916" lat="38.899786"><ele>19.444076</ele><time>2024-04-08T22:04:04Z</time><extensions><speed>0.899596</speed><course>309.216133</course><hAcc>2.546004</hAcc><vAcc>1.710303</vAcc></extensions></trkpt>
      <trkpt lon="-77.049924" lat="38.899791"><ele>19.424670</ele><time>2024-04-08T22:04:05Z</time><extensions><speed>0.918100</speed><course>314.221481</course><hAcc>2.547298</hAcc><vAcc>1.710664</vAcc></extensions></trkpt>
      <trkpt lon="-77.049931" lat="38.899797"><ele>19.405572</ele><time>2024-04-08T22:04:06Z</time><extensions><speed>0.941798</speed><course>318.875904</course><hAcc>2.548281</hAcc><vAcc>1.711051</vAcc></extensions></trkpt>
      <trkpt lon="-77.049938" lat="38.899804"><ele>19.386496</ele><time>2024-04-08T22:04:07Z</time><extensions><speed>0.964919</speed><course>323.180027</course><hAcc>2.548645</hAcc><vAcc>1.711445</vAcc></extensions></trkpt>
      <trkpt lon="-77.049945" lat="38.899811"><ele>19.368088</ele><time>2024-04-08T22:04:08Z</time><extensions><speed>0.985395</speed><course>327.300421</course><hAcc>2.548075</hAcc><vAcc>1.711831</vAcc></extensions></trkpt>
      <trkpt lon="-77.049950" lat="38.899819"><ele>19.348970</ele><time>2024-04-08T22:04:09Z</time><extensions><speed>1.007989</speed><course>331.130600</course><hAcc>2.546815</hAcc><vAcc>1.712195</vAcc></extensions></trkpt>
      <trkpt lon="-77.049956" lat="38.899827"><ele>19.330083</ele><time>2024-04-08T22:04:10Z</time><extensions><speed>1.031780</speed><course>334.583532</course><hAcc>2.545108</hAcc><vAcc>1.712533</vAcc></extensions></trkpt>
      <trkpt lon="-77.049961" lat="38.899836"><ele>19.311533</ele><time>2024-04-08T22:04:11Z</time><extensions><speed>1.057016</speed><course>337.651550</course><hAcc>2.543202</hAcc><vAcc>1.712844</vAcc></extensions></trkpt>
      <trkpt lon="-77.049965" lat="38.899845"><ele>19.293292</ele><time>2024-04-08T22:04:12Z</time><extensions><speed>1.084685</speed><course>340.353316</course><hAcc>2.541358</hAcc><vAcc>1.713129</vAcc></extensions></trkpt>
      <trkpt lon="-77.049969" lat="38.899854"><ele>19.275111</ele><time>2024-04-08T22:04:13Z</time><extensions><speed>1.114353</speed><course>342.749198</course><hAcc>2.539813</hAcc><vAcc>1.713395</vAcc></extensions></trkpt>
      <trkpt lon="-77.049973" lat="38.899864"><ele>19.256789</ele><time>2024-04-08T22:04:14Z</time><extensions><speed>1.145671</speed><course>344.895447</course><hAcc>2.538754</hAcc><vAcc>1.713649</vAcc></extensions></trkpt>
      <trkpt lon="-77.049976" lat="38.899874"><ele>19.238909</ele><time>2024-04-08T22:04:15Z</time><extensions><speed>1.179430</speed><course>346.835748</course><hAcc>2.538168</hAcc><vAcc>1.713901</vAcc></extensions></trkpt>
      <trkpt lon="-77.049979" lat="38.899884"><ele>19.221074</ele><time>2024-04-08T22:04:16Z</time><extensions><speed>1.215295</speed><course>348.587894</course><hAcc>2.538087</hAcc><vAcc>1.714157</vAcc></extensions></trkpt>
      <trkpt lon="-77.049981" lat="38.899895"><ele>19.203750</ele><time>2024-04-08T22:04:17Z</time><extensions><speed>1.249016</speed><course>350.130776</course><hAcc>2.538250</hAcc><vAcc>1.714424</vAcc></extensions></trkpt>
      <trkpt lon="-77.049984" lat="38.899907"><ele>19.186425</ele><time>2024-04-08T22:04:18Z</time><extensions><speed>1.278984</speed><course>351.486771</course><hAcc>2.538366</hAcc><vAcc>1.714704</vAcc></extensions></trkpt>
      <trkpt lon="-77.049986" lat="38.899918"><ele>19.169233</ele><time>2024-04-08T22:04:19Z</time><extensions><speed>1.306052</speed><course>352.707480</course><hAcc>2.538067</hAcc><vAcc>1.714999</vAcc></extensions></trkpt>
      <trkpt lon="-77.049988" lat="38.899930"><ele>19.152448</ele><time>2024-04-08T22:04:20Z</time><extensions><speed>1.328928</speed><course>353.719058</course><hAcc>2.537024</hAcc><vAcc>1.715309</vAcc></extensions></trkpt>
      <trkpt lon="-77.049989" lat="38.899942"><ele>19.136314</ele><time>2024-04-08T22:04:21Z</time><extensions><speed>1.348897</speed><course>354.622785</course><hAcc>2.535344</hAcc><vAcc>1.715633</vAcc></extensions></trkpt>
      <trkpt lon="-77.049990" lat="38.899954"><ele>19.120138</ele><time>2024-04-08T22:04:22Z</time><extensions><speed>1.367508</speed><course>355.492407</course><hAcc>2.533297</hAcc><vAcc>1.715970</vAcc></extensions></trkpt>
      <trkpt lon="-77.049991" lat="38.899966"><ele>19.104132</ele><time>2024-04-08T22:04:23Z</time><extensions><speed>1.383880</speed><course>356.300259</course><hAcc>2.531094</hAcc><vAcc>1.716318</vAcc></extensions></trkpt>
      <trkpt lon="-77.049992" lat="38.899979"><ele>19.088347</ele><time>2024-04-08T22:04:24Z</time><extensions><speed>1.398437</speed><course>357.064909</course><hAcc>2.528924</hAcc><vAcc>1.716669</vAcc></extensions></trkpt>
      <trkpt lon="-77.049993" lat="38.899992"><ele>19.072631</ele><time>2024-04-08T22:04:25Z</time><extensions><speed>1.413687</speed><course>357.788151</course><hAcc>2.526899</hAcc><vAcc>1.717015</vAcc></extensions></trkpt>
      <trkpt lon="-77.049993" lat="38.900005"><ele>19.057220</ele><time>2024-04-08T22:04:26Z</time><extensions><speed>1.430386</speed><course>358.432056</course><hAcc>2.525074</hAcc><vAcc>1.717342</vAcc></extensions></trkpt>
      <trkpt lon="-77.049993" lat="38.900018"><ele>19.041939</ele><time>2024-04-08T22:04:27Z</time><extensions><speed>1.448257</speed><course>359.020161</course><hAcc>2.523424</hAcc><vAcc>1.717632</vAcc></extensions></trkpt>
      <trkpt lon="-77.049993" lat="38.900031"><ele>19.026532</ele><time>2024-04-08T22:04:28Z</time><extensions><speed>1.464217</speed><course>359.528339</course><hAcc>2.521857</hAcc><vAcc>1.717867</vAcc></extensions></trkpt>
      <trkpt lon="-77.049993" lat="38.900044"><ele>19.011051</ele><time>2024-04-08T22:04:29Z</time><extensions><speed>1.477041</speed><course>359.969701</course><hAcc>2.520231</hAcc><vAcc>1.718026</vAcc></extensions></trkpt>
      <trkpt lon="-77.049993" lat="38.900058"><ele>18.995781</ele><time>2024-04-08T22:04:30Z</time><extensions><speed>1.487053</speed><course>0.335162</course><hAcc>2.518442</hAcc><vAcc>1.718092</vAcc></extensions></trkpt>
      <trkpt lon="-77.049993" lat="38.900071"><ele>18.980558</ele><time>2024-04-08T22:04:31Z</time><extensions><speed>1.495840</speed><course>0.627696</course><hAcc>2.516365</hAcc><vAcc>1.718048</vAcc></extensions></trkpt>
      <trkpt lon="-77.049992" lat="38.900085"><ele>18.965509</ele><time>2024-04-08T22:04:32Z</time><extensions><speed>1.505692</speed><course>0.855732</course><hAcc>2.513888</hAcc><vAcc>1.717879</vAcc></extensions></trkpt>
      <trkpt lon="-77.049992" lat="38.900099"><ele>18.950623</ele><time>2024-04-08T22:04:33Z</time><extensions><speed>1.516385</speed><course>0.998697</course><hAcc>2.510948</hAcc><vAcc>1.717575</vAcc></extensions></trkpt>
      <trkpt lon="-77.049991" lat="38.900113"><ele>18.934800</ele><time>2024-04-08T22:04:34Z</time><extensions><speed>1.525587</speed><course>1.076001</course><hAcc>2.507549</hAcc><vAcc>1.717126</vAcc></extensions></trkpt>
      <trkpt lon="-77.049991" lat="38.900126"><ele>18.918980</ele><time>2024-04-08T22:04:35Z</time><extensions><speed>1.532079</speed><course>1.090795</course><hAcc>2.503744</hAcc><vAcc>1.716531</vAcc></extensions></trkpt>
      <trkpt lon="-77.049991" lat="38.900140"><ele>18.903617</ele><time>2024-04-08T22:04:36Z</time><extensions><speed>1.537850</speed><course>0.993421</course><hAcc>2.499594</hAcc><vAcc>1.715789</vAcc></extensions></trkpt>
      <trkpt lon="-77.049991" lat="38.900154"><ele>18.888455</ele><time>2024-04-08T22:04:37Z</time><extensions><speed>1.543999</speed><course>0.848239</course><hAcc>2.495210</hAcc><vAcc>1.714906</vAcc></extensions></trkpt>
      <trkpt lon="-77.049991" lat="38.900168"><ele>18.873384</ele><time>2024-04-08T22:04:38Z</time><extensions><speed>1.548995</speed><course>0.669663</course><hAcc>2.490671</hAcc><vAcc>1.713893</vAcc></extensions></trkpt>
      <trkpt lon="-77.049991" lat="38.900182"><ele>18.857647</ele><time>2024-04-08T22:04:39Z</time><extensions><speed>1.552697</speed><course>0.433178</course><hAcc>2.486021</hAcc><vAcc>1.712767</vAcc></extensions></trkpt>
      <trkpt lon="-77.049991" lat="38.900196"><ele>18.841811</ele><time>2024-04-08T22:04:40Z</time><extensions><speed>1.556054</speed><course>0.142498</course><hAcc>2.481380</hAcc><vAcc>1.711549</vAcc></extensions></trkpt>
      <trkpt lon="-77.049991" lat="38.900209"><ele>18.825417</ele><time>2024-04-08T22:04:41Z</time><extensions><speed>1.560882</speed><course>359.862031</course><hAcc>2.477018</hAcc><vAcc>1.710268</vAcc></extensions></trkpt>
      <trkpt lon="-77.049991" lat="38.900223"><ele>18.808978</ele><time>2024-04-08T22:04:42Z</time><extensions><speed>1.566132</speed><course>359.550976</course><hAcc>2.473002</hAcc><vAcc>1.708958</vAcc></extensions></trkpt>
      <trkpt lon="-77.049991" lat="38.900238"><ele>18.792637</ele><time>2024-04-08T22:04:43Z</time><extensions><speed>1.573075</speed><course>359.216351</course><hAcc>2.469460</hAcc><vAcc>1.707660</vAcc></extensions></trkpt>
      <trkpt lon="-77.049992" lat="38.900252"><ele>18.776300</ele><time>2024-04-08T22:04:44Z</time><extensions><speed>1.577246</speed><course>358.840849</course><hAcc>2.466431</hAcc><vAcc>1.706416</vAcc></extensions></trkpt>
      <trkpt lon="-77.049992" lat="38.900266"><ele>18.759568</ele><time>2024-04-08T22:04:45Z</time><extensions><speed>1.579820</speed><course>358.458074</course><hAcc>2.464095</hAcc><vAcc>1.705273</vAcc></extensions></trkpt>
      <trkpt lon="-77.049993" lat="38.900280"><ele>18.742489</ele><time>2024-04-08T22:04:46Z</time><extensions><speed>1.581439</speed><course>358.056717</course><hAcc>2.462458</hAcc><vAcc>1.704278</vAcc></extensions></trkpt>
      <trkpt lon="-77.049994" lat="38.900294"><ele>18.725446</ele><time>2024-04-08T22:04:47Z</time><extensions><speed>1.581750</speed><course>357.636180</course><hAcc>2.461484</hAcc><vAcc>1.703475</vAcc></extensions></trkpt>
      <trkpt lon="-77.049995" lat="38.900308"><ele>18.708035</ele><time>2024-04-08T22:04:48Z</time><extensions><speed>1.579914</speed><course>357.196742</course><hAcc>2.461031</hAcc><vAcc>1.702900</vAcc></extensions></trkpt>
      <trkpt lon="-77.049996" lat="38.900323"><ele>18.690704</ele><time>2024-04-08T22:04:49Z</time><extensions><speed>1.574482</speed><course>356.737272</course><hAcc>2.460816</hAcc><vAcc>1.702572</vAcc></extensions></trkpt>
      <trkpt lon="-77.049997" lat="38.900337"><ele>18.673827</ele><time>2024-04-08T22:04:50Z</time><extensions><speed>1.566329</speed><course>356.214048</course><hAcc>2.460508</hAcc><vAcc>1.702489</vAcc></extensions></trkpt>
      <trkpt lon="-77.049998" lat="38.900351"><ele>18.656896</ele><time>2024-04-08T22:04:51Z</time><extensions><speed>1.556412</speed><course>355.671043</course><hAcc>2.460153</hAcc><vAcc>1.702610</vAcc></extensions></trkpt>
      <trkpt lon="-77.049998" lat="38.900351"><ele>18.657468</ele><time>2024-04-08T22:04:51Z</time><extensions><speed>1.556186</speed><course>355.659753</course><hAcc>2.460039</hAcc><vAcc>1.702541</vAcc></extensions></trkpt>
      <trkpt lon="-77.050000" lat="38.900365"><ele>18.641125</ele><time>2024-04-08T22:04:52Z</time><extensions><speed>1.546351</speed><course>355.078600</course><hAcc>2.459646</hAcc><vAcc>1.702815</vAcc></extensions></trkpt>
      <trkpt lon="-77.050001" lat="38.900378"><ele>18.624297</ele><time>2024-04-08T22:04:53Z</time><extensions><speed>1.533750</speed><course>354.428311</course><hAcc>2.459211</hAcc><vAcc>1.703294</vAcc></extensions></trkpt>
      <trkpt lon="-77.050003" lat="38.900392"><ele>18.607701</ele><time>2024-04-08T22:04:54Z</time><extensions><speed>1.519756</speed><course>353.741041</course><hAcc>2.458917</hAcc><vAcc>1.704014</vAcc></extensions></trkpt>
      <trkpt lon="-77.050005" lat="38.900406"><ele>18.590940</ele><time>2024-04-08T22:04:55Z</time><extensions><speed>1.504699</speed><course>353.009945</course><hAcc>2.458895</hAcc><vAcc>1.704979</vAcc></extensions></trkpt>
      <trkpt lon="-77.050007" lat="38.900419"><ele>18.574134</ele><time>2024-04-08T22:04:56Z</time><extensions><speed>1.488129</speed><course>352.222369</course><hAcc>2.459179</hAcc><vAcc>1.706168</vAcc></extensions></trkpt>
      <trkpt lon="-77.050010" lat="38.900432"><ele>18.557669</ele><time>2024-04-08T22:04:57Z</time><extensions><speed>1.470528</speed><course>351.380616</course><hAcc>2.459674</hAcc><vAcc>1.707549</vAcc></extensions></trkpt>
      <trkpt lon="-77.050013" lat="38.900445"><ele>18.540633</ele><time>2024-04-08T22:04:58Z</time><extensions><speed>1.453415</speed><course>350.418646</course><hAcc>2.460307</hAcc><vAcc>1.709082</vAcc></extensions></trkpt>
      <trkpt lon="-77.050015" lat="38.900458"><ele>18.524066</ele><time>2024-04-08T22:04:59Z</time><extensions><speed>1.434646</speed><course>349.379358</course><hAcc>2.461162</hAcc><vAcc>1.710724</vAcc></extensions></trkpt>
      <trkpt lon="-77.050019" lat="38.900470"><ele>18.507890</ele><time>2024-04-08T22:05:00Z</time><extensions><speed>1.414364</speed><course>348.259955</course><hAcc>2.462301</hAcc><vAcc>1.712435</vAcc></extensions></trkpt>
      <trkpt lon="-77.050022" lat="38.900483"><ele>18.491917</ele><time>2024-04-08T22:05:01Z</time><extensions><speed>1.392761</speed><course>347.029355</course><hAcc>2.463677</hAcc><vAcc>1.714175</vAcc></extensions></trkpt>
      <trkpt lon="-77.050026" lat="38.900495"><ele>18.475978</ele><time>2024-04-08T22:05:02Z</time><extensions><speed>1.369977</speed><course>345.687405</course><hAcc>2.465203</hAcc><vAcc>1.715913</vAcc></extensions></trkpt>
      <trkpt lon="-77.050030" lat="38.900507"><ele>18.460809</ele><time>2024-04-08T22:05:03Z</time><extensions><speed>1.345893</speed><course>344.229041</course><hAcc>2.466730</hAcc><vAcc>1.717618</vAcc></extensions></trkpt>
      <trkpt lon="-77.050034" lat="38.900518"><ele>18.446134</ele><time>2024-04-08T22:05:04Z</time><extensions><speed>1.322302</speed><course>342.684929</course><hAcc>2.467984</hAcc><vAcc>1.719267</vAcc></extensions></trkpt>
      <trkpt lon="-77.050039" lat="38.900529"><ele>18.431958</ele><time>2024-04-08T22:05:05Z</time><extensions><speed>1.300578</speed><course>340.856375</course><hAcc>2.468666</hAcc><vAcc>1.720841</vAcc></extensions></trkpt>
      <trkpt lon="-77.050044" lat="38.900540"><ele>18.418046</ele><time>2024-04-08T22:05:06Z</time><extensions><speed>1.279588</speed><course>338.890691</course><hAcc>2.468830</hAcc><vAcc>1.722326</vAcc></extensions></trkpt>
      <trkpt lon="-77.050050" lat="38.900551"><ele>18.404426</ele><time>2024-04-08T22:05:07Z</time><extensions><speed>1.259585</speed><course>336.798793</course><hAcc>2.468579</hAcc><vAcc>1.723711</vAcc></extensions></trkpt>
      <trkpt lon="-77.050056" lat="38.900561"><ele>18.391182</ele><time>2024-04-08T22:05:08Z</time><extensions><speed>1.240223</speed><course>334.562427</course><hAcc>2.467988</hAcc><vAcc>1.724990</vAcc></extensions></trkpt>
      <trkpt lon="-77.050062" lat="38.900571"><ele>18.378600</ele><time>2024-04-08T22:05:09Z</time><extensions><speed>1.222439</speed><course>332.139874</course><hAcc>2.467094</hAcc><vAcc>1.726159</vAcc></extensions></trkpt>
      <trkpt lon="-77.050069" lat="38.900581"><ele>18.366474</ele><time>2024-04-08T22:05:10Z</time><extensions><speed>1.206938</speed><course>329.600032</course><hAcc>2.466017</hAcc><vAcc>1.727217</vAcc></extensions></trkpt>
      <trkpt lon="-77.050076" lat="38.900590"><ele>18.355196</ele><time>2024-04-08T22:05:11Z</time><extensions><speed>1.193167</speed><course>326.939605</course><hAcc>2.464897</hAcc><vAcc>1.728167</vAcc></extensions></trkpt>
      <trkpt lon="-77.050084" lat="38.900599"><ele>18.344366</ele><time>2024-04-08T22:05:12Z</time><extensions><speed>1.181619</speed><course>324.528748</course><hAcc>2.463864</hAcc><vAcc>1.729012</vAcc></extensions></trkpt>
      <trkpt lon="-77.050092" lat="38.900607"><ele>18.334304</ele><time>2024-04-08T22:05:13Z</time><extensions><speed>1.171161</speed><course>322.435597</course><hAcc>2.462979</hAcc><vAcc>1.729757</vAcc></extensions></trkpt>
      <trkpt lon="-77.050100" lat="38.900615"><ele>18.324515</ele><time>2024-04-08T22:05:14Z</time><extensions><speed>1.160925</speed><course>320.782928</course><hAcc>2.462267</hAcc><vAcc>1.730409</vAcc></extensions></trkpt>
      <trkpt lon="-77.050109" lat="38.900623"><ele>18.315010</ele><time>2024-04-08T22:05:15Z</time><extensions><speed>1.149267</speed><course>319.651036</course><hAcc>2.461731</hAcc><vAcc>1.730973</vAcc></extensions></trkpt>
      <trkpt lon="-77.050117" lat="38.900631"><ele>18.306048</ele><time>2024-04-08T22:05:16Z</time><extensions><speed>1.137560</speed><course>319.002449</course><hAcc>2.461422</hAcc><vAcc>1.731457</vAcc></extensions></trkpt>
      <trkpt lon="-77.050126" lat="38.900639"><ele>18.298045</ele><time>2024-04-08T22:05:17Z</time><extensions><speed>1.126949</speed><course>318.944752</course><hAcc>2.461391</hAcc><vAcc>1.731868</vAcc></extensions></trkpt>
      <trkpt lon="-77.050134" lat="38.900647"><ele>18.290288</ele><time>2024-04-08T22:05:18Z</time><extensions><speed>1.118237</speed><course>319.407298</course><hAcc>2.461678</hAcc><vAcc>1.732214</vAcc></extensions></trkpt>
      <trkpt lon="-77.050143" lat="38.900654"><ele>18.282904</ele><time>2024-04-08T22:05:19Z</time><extensions><speed>1.111761</speed><course>320.445057</course><hAcc>2.462300</hAcc><vAcc>1.732502</vAcc></extensions></trkpt>
      <trkpt lon="-77.050151" lat="38.900662"><ele>18.276401</ele><time>2024-04-08T22:05:20Z</time><extensions><speed>1.107235</speed><course>321.997595</course><hAcc>2.463337</hAcc><vAcc>1.732741</vAcc></extensions></trkpt>
      <trkpt lon="-77.050158" lat="38.900670"><ele>18.270476</ele><time>2024-04-08T22:05:21Z</time><extensions><speed>1.105419</speed><course>324.073847</course><hAcc>2.464783</hAcc><vAcc>1.732935</vAcc></extensions></trkpt>
      <trkpt lon="-77.050166" lat="38.900678"><ele>18.265374</ele><time>2024-04-08T22:05:22Z</time><extensions><speed>1.107590</speed><course>326.730960</course><hAcc>2.466645</hAcc><vAcc>1.733091</vAcc></extensions></trkpt>
      <trkpt lon="-77.050172" lat="38.900687"><ele>18.260128</ele><time>2024-04-08T22:05:23Z</time><extensions><speed>1.115745</speed><course>329.803736</course><hAcc>2.468912</hAcc><vAcc>1.733213</vAcc></extensions></trkpt>
      <trkpt lon="-77.050179" lat="38.900696"><ele>18.255400</ele><time>2024-04-08T22:05:24Z</time><extensions><speed>1.129807</speed><course>333.129075</course><hAcc>2.471593</hAcc><vAcc>1.733306</vAcc></extensions></trkpt>
      <trkpt lon="-77.050184" lat="38.900705"><ele>18.252067</ele><time>2024-04-08T22:05:25Z</time><extensions><speed>1.147943</speed><course>336.541269</course><hAcc>2.474522</hAcc><vAcc>1.733373</vAcc></extensions></trkpt>
      <trkpt lon="-77.050189" lat="38.900715"><ele>18.248697</ele><time>2024-04-08T22:05:26Z</time><extensions><speed>1.171840</speed><course>339.681857</course><hAcc>2.477486</hAcc><vAcc>1.733418</vAcc></extensions></trkpt>
      <trkpt lon="-77.050194" lat="38.900725"><ele>18.246599</ele><time>2024-04-08T22:05:27Z</time><extensions><speed>1.197060</speed><course>342.479395</course><hAcc>2.480277</hAcc><vAcc>1.733443</vAcc></extensions></trkpt>
      <trkpt lon="-77.050197" lat="38.900735"><ele>18.245418</ele><time>2024-04-08T22:05:28Z</time><extensions><speed>1.220225</speed><course>344.949944</course><hAcc>2.482707</hAcc><vAcc>1.733452</vAcc></extensions></trkpt>
      <trkpt lon="-77.050201" lat="38.900746"><ele>18.244833</ele><time>2024-04-08T22:05:29Z</time><extensions><speed>1.242740</speed><course>347.098576</course><hAcc>2.484489</hAcc><vAcc>1.733446</vAcc></extensions></trkpt>
      <trkpt lon="-77.050204" lat="38.900757"><ele>18.245270</ele><time>2024-04-08T22:05:30Z</time><extensions><speed>1.262985</speed><course>348.877231</course><hAcc>2.485488</hAcc><vAcc>1.733426</vAcc></extensions></trkpt>
      <trkpt lon="-77.050207" lat="38.900768"><ele>18.246451</ele><time>2024-04-08T22:05:31Z</time><extensions><speed>1.279608</speed><course>350.445889</course><hAcc>2.485891</hAcc><vAcc>1.733395</vAcc></extensions></trkpt>
      <trkpt lon="-77.050209" lat="38.900779"><ele>18.248921</ele><time>2024-04-08T22:05:32Z</time><extensions><speed>1.293681</speed><course>351.835849</course><hAcc>2.485852</hAcc><vAcc>1.733351</vAcc></extensions></trkpt>
      <trkpt lon="-77.050211" lat="38.900791"><ele>18.252705</ele><time>2024-04-08T22:05:33Z</time><extensions><speed>1.308246</speed><course>353.087640</course><hAcc>2.485394</hAcc><vAcc>1.733296</vAcc></extensions></trkpt>
      <trkpt lon="-77.050212" lat="38.900803"><ele>18.257634</ele><time>2024-04-08T22:05:34Z</time><extensions><speed>1.319582</speed><course>354.155795</course><hAcc>2.484540</hAcc><vAcc>1.733228</vAcc></extensions></trkpt>
      <trkpt lon="-77.050214" lat="38.900815"><ele>18.263587</ele><time>2024-04-08T22:05:35Z</time><extensions><speed>1.329717</speed><course>355.107723</course><hAcc>2.483513</hAcc><vAcc>1.733147</vAcc></extensions></trkpt>
      <trkpt lon="-77.050215" lat="38.900826"><ele>18.271078</ele><time>2024-04-08T22:05:36Z</time><extensions><speed>1.339385</speed><course>355.961471</course><hAcc>2.482532</hAcc><vAcc>1.733051</vAcc></extensions></trkpt>
      <trkpt lon="-77.050216" lat="38.900838"><ele>18.280077</ele><time>2024-04-08T22:05:37Z</time><extensions><speed>1.348114</speed><course>356.720994</course><hAcc>2.481677</hAcc><vAcc>1.732940</vAcc></extensions></trkpt>
      <trkpt lon="-77.050217" lat="38.900851"><ele>18.290468</ele><time>2024-04-08T22:05:38Z</time><extensions><speed>1.355536</speed><course>357.391631</course><hAcc>2.481136</hAcc><vAcc>1.732810</vAcc></extensions></trkpt>
      <trkpt lon="-77.050217" lat="38.900863"><ele>18.302725</ele><time>2024-04-08T22:05:39Z</time><extensions><speed>1.364819</speed><course>357.988252</course><hAcc>2.480850</hAcc><vAcc>1.732660</vAcc></extensions></trkpt>
      <trkpt lon="-77.050218" lat="38.900875"><ele>18.315916</ele><time>2024-04-08T22:05:40Z</time><extensions><speed>1.370570</speed><course>358.506544</course><hAcc>2.480915</hAcc><vAcc>1.732488</vAcc></extensions></trkpt>
      <trkpt lon="-77.050218" lat="38.900887"><ele>18.330458</ele><time>2024-04-08T22:05:41Z</time><extensions><speed>1.374409</speed><course>358.961721</course><hAcc>2.481325</hAcc><vAcc>1.732292</vAcc></extensions></trkpt>
      <trkpt lon="-77.050219" lat="38.900900"><ele>18.346837</ele><time>2024-04-08T22:05:42Z</time><extensions><speed>1.376710</speed><course>359.359538</course><hAcc>2.482086</hAcc><vAcc>1.732069</vAcc></extensions></trkpt>
      <trkpt lon="-77.050219" lat="38.900912"><ele>18.364866</ele><time>2024-04-08T22:05:43Z</time><extensions><speed>1.378877</speed><course>359.707551</course><hAcc>2.483200</hAcc><vAcc>1.731818</vAcc></extensions></trkpt>
      <trkpt lon="-77.050219" lat="38.900925"><ele>18.384817</ele><time>2024-04-08T22:05:44Z</time><extensions><speed>1.380401</speed><course>0.009741</course><hAcc>2.484673</hAcc><vAcc>1.731538</vAcc></extensions></trkpt>
      <trkpt lon="-77.050219" lat="38.900937"><ele>18.406450</ele><time>2024-04-08T22:05:45Z</time><extensions><speed>1.381245</speed><course>0.271530</course><hAcc>2.486498</hAcc><vAcc>1.731229</vAcc></extensions></trkpt>
      <trkpt lon="-77.050219" lat="38.900950"><ele>18.430044</ele><time>2024-04-08T22:05:46Z</time><extensions><speed>1.382483</speed><course>0.497117</course><hAcc>2.488596</hAcc><vAcc>1.730889</vAcc></extensions></trkpt>
      <trkpt lon="-77.050218" lat="38.900962"><ele>18.454880</ele><time>2024-04-08T22:05:47Z</time><extensions><speed>1.382466</speed><course>0.689747</course><hAcc>2.490828</hAcc><vAcc>1.730520</vAcc></extensions></trkpt>
      <trkpt lon="-77.050218" lat="38.900974"><ele>18.481026</ele><time>2024-04-08T22:05:48Z</time><extensions><speed>1.384690</speed><course>0.852688</course><hAcc>2.492993</hAcc><vAcc>1.730120</vAcc></extensions></trkpt>
      <trkpt lon="-77.050218" lat="38.900987"><ele>18.508992</ele><time>2024-04-08T22:05:49Z</time><extensions><speed>1.387704</speed><course>0.989214</course><hAcc>2.495013</hAcc><vAcc>1.729689</vAcc></extensions></trkpt>
      <trkpt lon="-77.050218" lat="38.900999"><ele>18.537414</ele><time>2024-04-08T22:05:50Z</time><extensions><speed>1.387310</speed><course>1.103192</course><hAcc>2.496830</hAcc><vAcc>1.729228</vAcc></extensions></trkpt>
      <trkpt lon="-77.050217" lat="38.901012"><ele>18.566534</ele><time>2024-04-08T22:05:51Z</time><extensions><speed>1.385226</speed><course>1.197088</course><hAcc>2.498407</hAcc><vAcc>1.728735</vAcc></extensions></trkpt>
      <trkpt lon="-77.050217" lat="38.901024"><ele>18.596009</ele><time>2024-04-08T22:05:52Z</time><extensions><speed>1.380893</speed><course>1.274395</course><hAcc>2.499756</hAcc><vAcc>1.728210</vAcc></extensions></trkpt>
      <trkpt lon="-77.050217" lat="38.901037"><ele>18.626423</ele><time>2024-04-08T22:05:53Z</time><extensions><speed>1.375731</speed><course>1.336615</course><hAcc>2.500888</hAcc><vAcc>1.727652</vAcc></extensions></trkpt>
      <trkpt lon="-77.050216" lat="38.901049"><ele>18.657854</ele><time>2024-04-08T22:05:54Z</time><extensions><speed>1.369851</speed><course>1.385046</course><hAcc>2.501831</hAcc><vAcc>1.727060</vAcc></extensions></trkpt>
      <trkpt lon="-77.050216" lat="38.901061"><ele>18.690365</ele><time>2024-04-08T22:05:55Z</time><extensions><speed>1.364246</speed><course>1.421354</course><hAcc>2.502634</hAcc><vAcc>1.726436</vAcc></extensions></trkpt>
      <trkpt lon="-77.050215" lat="38.901074"><ele>18.724099</ele><time>2024-04-08T22:05:56Z</time><extensions><speed>1.360522</speed><course>1.445430</course><hAcc>2.503243</hAcc><vAcc>1.725779</vAcc></extensions></trkpt>
      <trkpt lon="-77.050215" lat="38.901086"><ele>18.758745</ele><time>2024-04-08T22:05:57Z</time><extensions><speed>1.358469</speed><course>1.459014</course><hAcc>2.503665</hAcc><vAcc>1.725093</vAcc></extensions></trkpt>
      <trkpt lon="-77.050215" lat="38.901098"><ele>18.794224</ele><time>2024-04-08T22:05:58Z</time><extensions><speed>1.361824</speed><course>1.462832</course><hAcc>2.503928</hAcc><vAcc>1.724381</vAcc></extensions></trkpt>
      <trkpt lon="-77.050214" lat="38.901110"><ele>18.830542</ele><time>2024-04-08T22:05:59Z</time><extensions><speed>1.366612</speed><course>1.458967</course><hAcc>2.504135</hAcc><vAcc>1.723645</vAcc></extensions></trkpt>
      <trkpt lon="-77.050214" lat="38.901123"><ele>18.867321</ele><time>2024-04-08T22:06:00Z</time><extensions><speed>1.372452</speed><course>1.447809</course><hAcc>2.504440</hAcc><vAcc>1.722893</vAcc></extensions></trkpt>
      <trkpt lon="-77.050213" lat="38.901135"><ele>18.904800</ele><time>2024-04-08T22:06:01Z</time><extensions><speed>1.379048</speed><course>1.429589</course><hAcc>2.504957</hAcc><vAcc>1.722129</vAcc></extensions></trkpt>
      <trkpt lon="-77.050213" lat="38.901148"><ele>18.942280</ele><time>2024-04-08T22:06:02Z</time><extensions><speed>1.385766</speed><course>1.405960</course><hAcc>2.505694</hAcc><vAcc>1.721359</vAcc></extensions></trkpt>
      <trkpt lon="-77.050213" lat="38.901160"><ele>18.979889</ele><time>2024-04-08T22:06:03Z</time><extensions><speed>1.393446</speed><course>1.378248</course><hAcc>2.506561</hAcc><vAcc>1.720587</vAcc></extensions></trkpt>
      <trkpt lon="-77.050212" lat="38.901173"><ele>19.017683</ele><time>2024-04-08T22:06:04Z</time><extensions><speed>1.401967</speed><course>1.348702</course><hAcc>2.507462</hAcc><vAcc>1.719817</vAcc></extensions></trkpt>
      <trkpt lon="-77.050212" lat="38.901185"><ele>19.055244</ele><time>2024-04-08T22:06:05Z</time><extensions><speed>1.412423</speed><course>1.342900</course><hAcc>2.508409</hAcc><vAcc>1.719055</vAcc></extensions></trkpt>
      <trkpt lon="-77.050211" lat="38.901198"><ele>19.092680</ele><time>2024-04-08T22:06:06Z</time><extensions><speed>1.424175</speed><course>1.333733</course><hAcc>2.509472</hAcc><vAcc>1.718307</vAcc></extensions></trkpt>
      <trkpt lon="-77.050211" lat="38.901211"><ele>19.129589</ele><time>2024-04-08T22:06:07Z</time><extensions><speed>1.435435</speed><course>1.323758</course><hAcc>2.510742</hAcc><vAcc>1.717581</vAcc></extensions></trkpt>
      <trkpt lon="-77.050210" lat="38.901224"><ele>19.165924</ele><time>2024-04-08T22:06:08Z</time><extensions><speed>1.446583</speed><course>1.357530</course><hAcc>2.512246</hAcc><vAcc>1.716886</vAcc></extensions></trkpt>
      <trkpt lon="-77.050210" lat="38.901237"><ele>19.201147</ele><time>2024-04-08T22:06:09Z</time><extensions><speed>1.458123</speed><course>1.398807</course><hAcc>2.513937</hAcc><vAcc>1.716229</vAcc></extensions></trkpt>
      <trkpt lon="-77.050209" lat="38.901250"><ele>19.235468</ele><time>2024-04-08T22:06:10Z</time><extensions><speed>1.470191</speed><course>1.428205</course><hAcc>2.515695</hAcc><vAcc>1.715618</vAcc></extensions></trkpt>
      <trkpt lon="-77.050208" lat="38.901264"><ele>19.268930</ele><time>2024-04-08T22:06:11Z</time><extensions><speed>1.481909</speed><course>1.436137</course><hAcc>2.517401</hAcc><vAcc>1.715056</vAcc></extensions></trkpt>
      <trkpt lon="-77.050208" lat="38.901277"><ele>19.301746</ele><time>2024-04-08T22:06:12Z</time><extensions><speed>1.492758</speed><course>1.440485</course><hAcc>2.518894</hAcc><vAcc>1.714547</vAcc></extensions></trkpt>
      <trkpt lon="-77.050207" lat="38.901291"><ele>19.334084</ele><time>2024-04-08T22:06:13Z</time><extensions><speed>1.506052</speed><course>1.430324</course><hAcc>2.520049</hAcc><vAcc>1.714097</vAcc></extensions></trkpt>
      <trkpt lon="-77.050207" lat="38.901304"><ele>19.365628</ele><time>2024-04-08T22:06:14Z</time><extensions><speed>1.523658</speed><course>1.411243</course><hAcc>2.520855</hAcc><vAcc>1.713709</vAcc></extensions></trkpt>
      <trkpt lon="-77.050206" lat="38.901318"><ele>19.396796</ele><time>2024-04-08T22:06:15Z</time><extensions><speed>1.540671</speed><course>1.394615</course><hAcc>2.521455</hAcc><vAcc>1.713385</vAcc></extensions></trkpt>
      <trkpt lon="-77.050205" lat="38.901332"><ele>19.427046</ele><time>2024-04-08T22:06:16Z</time><extensions><speed>1.557760</speed><course>1.362357</course><hAcc>2.522014</hAcc><vAcc>1.713128</vAcc></extensions></trkpt>
      <trkpt lon="-77.050205" lat="38.901346"><ele>19.456781</ele><time>2024-04-08T22:06:17Z</time><extensions><speed>1.573223</speed><course>1.330125</course><hAcc>2.522648</hAcc><vAcc>1.712940</vAcc></extensions></trkpt>
      <trkpt lon="-77.050204" lat="38.901361"><ele>19.485870</ele><time>2024-04-08T22:06:18Z</time><extensions><speed>1.586405</speed><course>1.276929</course><hAcc>2.523408</hAcc><vAcc>1.712820</vAcc></extensions></trkpt>
      <trkpt lon="-77.050204" lat="38.901375"><ele>19.513977</ele><time>2024-04-08T22:06:19Z</time><extensions><speed>1.598566</speed><course>1.236005</course><hAcc>2.524295</hAcc><vAcc>1.712765</vAcc></extensions></trkpt>
      <trkpt lon="-77.050203" lat="38.901390"><ele>19.541093</ele><time>2024-04-08T22:06:20Z</time><extensions><speed>1.608643</speed><course>1.196575</course><hAcc>2.525265</hAcc><vAcc>1.712768</vAcc></extensions></trkpt>
      <trkpt lon="-77.050203" lat="38.901404"><ele>19.567676</ele><time>2024-04-08T22:06:21Z</time><extensions><speed>1.616714</speed><course>1.153459</course><hAcc>2.526254</hAcc><vAcc>1.712824</vAcc></extensions></trkpt>
      <trkpt lon="-77.050202" lat="38.901419"><ele>19.593385</ele><time>2024-04-08T22:06:22Z</time><extensions><speed>1.623676</speed><course>1.105265</course><hAcc>2.527239</hAcc><vAcc>1.712921</vAcc></extensions></trkpt>
      <trkpt lon="-77.050202" lat="38.901434"><ele>19.617973</ele><time>2024-04-08T22:06:23Z</time><extensions><speed>1.628060</speed><course>1.011770</course><hAcc>2.528203</hAcc><vAcc>1.713052</vAcc></extensions></trkpt>
      <trkpt lon="-77.050201" lat="38.901448"><ele>19.641643</ele><time>2024-04-08T22:06:24Z</time><extensions><speed>1.630677</speed><course>0.877935</course><hAcc>2.529089</hAcc><vAcc>1.713209</vAcc></extensions></trkpt>
      <trkpt lon="-77.050201" lat="38.901463"><ele>19.663769</ele><time>2024-04-08T22:06:25Z</time><extensions><speed>1.631076</speed><course>0.720925</course><hAcc>2.529761</hAcc><vAcc>1.713383</vAcc></extensions></trkpt>
      <trkpt lon="-77.050201" lat="38.901478"><ele>19.685335</ele><time>2024-04-08T22:06:26Z</time><extensions><speed>1.628808</speed><course>0.558107</course><hAcc>2.530033</hAcc><vAcc>1.713568</vAcc></extensions></trkpt>
      <trkpt lon="-77.050201" lat="38.901492"><ele>19.706169</ele><time>2024-04-08T22:06:27Z</time><extensions><speed>1.625559</speed><course>0.363575</course><hAcc>2.529652</hAcc><vAcc>1.713759</vAcc></extensions></trkpt>
      <trkpt lon="-77.050201" lat="38.901507"><ele>19.726548</ele><time>2024-04-08T22:06:28Z</time><extensions><speed>1.620152</speed><course>0.123044</course><hAcc>2.528396</hAcc><vAcc>1.713952</vAcc></extensions></trkpt>
      <trkpt lon="-77.050201" lat="38.901522"><ele>19.746003</ele><time>2024-04-08T22:06:29Z</time><extensions><speed>1.612380</speed><course>359.841256</course><hAcc>2.526339</hAcc><vAcc>1.714145</vAcc></extensions></trkpt>
      <trkpt lon="-77.050201" lat="38.901536"><ele>19.764955</ele><time>2024-04-08T22:06:30Z</time><extensions><speed>1.606648</speed><course>359.528705</course><hAcc>2.523571</hAcc><vAcc>1.714339</vAcc></extensions></trkpt>
      <trkpt lon="-77.050201" lat="38.901551"><ele>19.783991</ele><time>2024-04-08T22:06:31Z</time><extensions><speed>1.599634</speed><course>359.218730</course><hAcc>2.520420</hAcc><vAcc>1.714536</vAcc></extensions></trkpt>
      <trkpt lon="-77.050201" lat="38.901565"><ele>19.802624</ele><time>2024-04-08T22:06:32Z</time><extensions><speed>1.591517</speed><course>358.853244</course><hAcc>2.517049</hAcc><vAcc>1.714739</vAcc></extensions></trkpt>
      <trkpt lon="-77.050202" lat="38.901579"><ele>19.820442</ele><time>2024-04-08T22:06:33Z</time><extensions><speed>1.582786</speed><course>358.406893</course><hAcc>2.513734</hAcc><vAcc>1.714953</vAcc></extensions></trkpt>
      <trkpt lon="-77.050202" lat="38.901593"><ele>19.837538</ele><time>2024-04-08T22:06:34Z</time><extensions><speed>1.571741</speed><course>357.897563</course><hAcc>2.510632</hAcc><vAcc>1.715186</vAcc></extensions></trkpt>
      <trkpt lon="-77.050203" lat="38.901607"><ele>19.854360</ele><time>2024-04-08T22:06:35Z</time><extensions><speed>1.558669</speed><course>357.327668</course><hAcc>2.507943</hAcc><vAcc>1.715444</vAcc></extensions></trkpt>
      <trkpt lon="-77.050204" lat="38.901621"><ele>19.871173</ele><time>2024-04-08T22:06:36Z</time><extensions><speed>1.542518</speed><course>356.704337</course><hAcc>2.505819</hAcc><vAcc>1.715737</vAcc></extensions></trkpt>
      <trkpt lon="-77.050205" lat="38.901635"><ele>19.887233</ele><time>2024-04-08T22:06:37Z</time><extensions><speed>1.525439</speed><course>356.003666</course><hAcc>2.504284</hAcc><vAcc>1.716071</vAcc></extensions></trkpt>
      <trkpt lon="-77.050206" lat="38.901648"><ele>19.903369</ele><time>2024-04-08T22:06:38Z</time><extensions><speed>1.507231</speed><course>355.205043</course><hAcc>2.503304</hAcc><vAcc>1.716452</vAcc></extensions></trkpt>
      <trkpt lon="-77.050208" lat="38.901662"><ele>19.920077</ele><time>2024-04-08T22:06:39Z</time><extensions><speed>1.487019</speed><course>354.304271</course><hAcc>2.502875</hAcc><vAcc>1.716883</vAcc></extensions></trkpt>
      <trkpt lon="-77.050210" lat="38.901675"><ele>19.936809</ele><time>2024-04-08T22:06:40Z</time><extensions><speed>1.465088</speed><course>353.339112</course><hAcc>2.502950</hAcc><vAcc>1.717368</vAcc></extensions></trkpt>
      <trkpt lon="-77.050212" lat="38.901688"><ele>19.953569</ele><time>2024-04-08T22:06:41Z</time><extensions><speed>1.442186</speed><course>352.245705</course><hAcc>2.503364</hAcc><vAcc>1.717906</vAcc></extensions></trkpt>
      <trkpt lon="-77.050214" lat="38.901700"><ele>19.970074</ele><time>2024-04-08T22:06:42Z</time><extensions><speed>1.418416</speed><course>351.046530</course><hAcc>2.504142</hAcc><vAcc>1.718495</vAcc></extensions></trkpt>
      <trkpt lon="-77.050217" lat="38.901713"><ele>19.986303</ele><time>2024-04-08T22:06:43Z</time><extensions><speed>1.394685</speed><course>349.690262</course><hAcc>2.505110</hAcc><vAcc>1.719132</vAcc></extensions></trkpt>
      <trkpt lon="-77.050220" lat="38.901725"><ele>20.002994</ele><time>2024-04-08T22:06:44Z</time><extensions><speed>1.373775</speed><course>348.209937</course><hAcc>2.506279</hAcc><vAcc>1.719814</vAcc></extensions></trkpt>
      <trkpt lon="-77.050224" lat="38.901737"><ele>20.018933</ele><time>2024-04-08T22:06:45Z</time><extensions><speed>1.357434</speed><course>346.578532</course><hAcc>2.507548</hAcc><vAcc>1.720536</vAcc></extensions></trkpt>
      <trkpt lon="-77.050228" lat="38.901749"><ele>20.034200</ele><time>2024-04-08T22:06:46Z</time><extensions><speed>1.340860</speed><course>344.872324</course><hAcc>2.508874</hAcc><vAcc>1.721290</vAcc></extensions></trkpt>
      <trkpt lon="-77.050232" lat="38.901760"><ele>20.049051</ele><time>2024-04-08T22:06:47Z</time><extensions><speed>1.325403</speed><course>342.999777</course><hAcc>2.510086</hAcc><vAcc>1.722066</vAcc></extensions></trkpt>
      <trkpt lon="-77.050237" lat="38.901772"><ele>20.063786</ele><time>2024-04-08T22:06:48Z</time><extensions><speed>1.310339</speed><course>340.928527</course><hAcc>2.511029</hAcc><vAcc>1.722854</vAcc></extensions></trkpt>
      <trkpt lon="-77.050242" lat="38.901783"><ele>20.077647</ele><time>2024-04-08T22:06:49Z</time><extensions><speed>1.298278</speed><course>338.681461</course><hAcc>2.511637</hAcc><vAcc>1.723643</vAcc></extensions></trkpt>
      <trkpt lon="-77.050247" lat="38.901793"><ele>20.091245</ele><time>2024-04-08T22:06:50Z</time><extensions><speed>1.289734</speed><course>336.292049</course><hAcc>2.511961</hAcc><vAcc>1.724424</vAcc></extensions></trkpt>
      <trkpt lon="-77.050254" lat="38.901804"><ele>20.104303</ele><time>2024-04-08T22:06:51Z</time><extensions><speed>1.284362</speed><course>333.739646</course><hAcc>2.511932</hAcc><vAcc>1.725191</vAcc></extensions></trkpt>
      <trkpt lon="-77.050261" lat="38.901814"><ele>20.117250</ele><time>2024-04-08T22:06:52Z</time><extensions><speed>1.281789</speed><course>331.011991</course><hAcc>2.511539</hAcc><vAcc>1.725936</vAcc></extensions></trkpt>
      <trkpt lon="-77.050268" lat="38.901824"><ele>20.129674</ele><time>2024-04-08T22:06:53Z</time><extensions><speed>1.281537</speed><course>328.111460</course><hAcc>2.510804</hAcc><vAcc>1.726654</vAcc></extensions></trkpt>
      <trkpt lon="-77.050276" lat="38.901833"><ele>20.141545</ele><time>2024-04-08T22:06:54Z</time><extensions><speed>1.283756</speed><course>325.074314</course><hAcc>2.509744</hAcc><vAcc>1.727342</vAcc></extensions></trkpt>
      <trkpt lon="-77.050285" lat="38.901843"><ele>20.153060</ele><time>2024-04-08T22:06:55Z</time><extensions><speed>1.289895</speed><course>321.879180</course><hAcc>2.508367</hAcc><vAcc>1.727995</vAcc></extensions></trkpt>
      <trkpt lon="-77.050295" lat="38.901852"><ele>20.164466</ele><time>2024-04-08T22:06:56Z</time><extensions><speed>1.299747</speed><course>318.789289</course><hAcc>2.506724</hAcc><vAcc>1.728613</vAcc></extensions></trkpt>
      <trkpt lon="-77.050305" lat="38.901860"><ele>20.175569</ele><time>2024-04-08T22:06:57Z</time><extensions><speed>1.312017</speed><course>315.800912</course><hAcc>2.504877</hAcc><vAcc>1.729194</vAcc></extensions></trkpt>
      <trkpt lon="-77.050316" lat="38.901869"><ele>20.185924</ele><time>2024-04-08T22:06:58Z</time><extensions><speed>1.325983</speed><course>312.876158</course><hAcc>2.502929</hAcc><vAcc>1.729737</vAcc></extensions></trkpt>
      <trkpt lon="-77.050327" lat="38.901877"><ele>20.195917</ele><time>2024-04-08T22:06:59Z</time><extensions><speed>1.337834</speed><course>310.157698</course><hAcc>2.500966</hAcc><vAcc>1.730244</vAcc></extensions></trkpt>
      <trkpt lon="-77.050340" lat="38.901884"><ele>20.205129</ele><time>2024-04-08T22:07:00Z</time><extensions><speed>1.349321</speed><course>307.776754</course><hAcc>2.499022</hAcc><vAcc>1.730713</vAcc></extensions></trkpt>
      <trkpt lon="-77.050352" lat="38.901891"><ele>20.212522</ele><time>2024-04-08T22:07:01Z</time><extensions><speed>1.358890</speed><course>305.713291</course><hAcc>2.497225</hAcc><vAcc>1.731148</vAcc></extensions></trkpt>
      <trkpt lon="-77.050365" lat="38.901898"><ele>20.219908</ele><time>2024-04-08T22:07:02Z</time><extensions><speed>1.368335</speed><course>303.905498</course><hAcc>2.495566</hAcc><vAcc>1.731549</vAcc></extensions></trkpt>
      <trkpt lon="-77.050378" lat="38.901905"><ele>20.227056</ele><time>2024-04-08T22:07:03Z</time><extensions><speed>1.377441</speed><course>302.345446</course><hAcc>2.494042</hAcc><vAcc>1.731916</vAcc></extensions></trkpt>
      <trkpt lon="-77.050392" lat="38.901912"><ele>20.233837</ele><time>2024-04-08T22:07:04Z</time><extensions><speed>1.387032</speed><course>301.033169</course><hAcc>2.492665</hAcc><vAcc>1.732252</vAcc></extensions></trkpt>
      <trkpt lon="-77.050406" lat="38.901918"><ele>20.240208</ele><time>2024-04-08T22:07:05Z</time><extensions><speed>1.396882</speed><course>299.949044</course><hAcc>2.491443</hAcc><vAcc>1.732558</vAcc></extensions></trkpt>
      <trkpt lon="-77.050420" lat="38.901924"><ele>20.246229</ele><time>2024-04-08T22:07:06Z</time><extensions><speed>1.405586</speed><course>299.084507</course><hAcc>2.490343</hAcc><vAcc>1.732835</vAcc></extensions></trkpt>
      <trkpt lon="-77.050434" lat="38.901931"><ele>20.251771</ele><time>2024-04-08T22:07:07Z</time><extensions><speed>1.413393</speed><course>298.392903</course><hAcc>2.489344</hAcc><vAcc>1.733085</vAcc></extensions></trkpt>
      <trkpt lon="-77.050449" lat="38.901937"><ele>20.256954</ele><time>2024-04-08T22:07:08Z</time><extensions><speed>1.420013</speed><course>297.914753</course><hAcc>2.488428</hAcc><vAcc>1.733310</vAcc></extensions></trkpt>
      <trkpt lon="-77.050463" lat="38.901943"><ele>20.262306</ele><time>2024-04-08T22:07:09Z</time><extensions><speed>1.427137</speed><course>297.640490</course><hAcc>2.487585</hAcc><vAcc>1.733513</vAcc></extensions></trkpt>
      <trkpt lon="-77.050478" lat="38.901949"><ele>20.268083</ele><time>2024-04-08T22:07:10Z</time><extensions><speed>1.433651</speed><course>297.682203</course><hAcc>2.486771</hAcc><vAcc>1.733696</vAcc></extensions></trkpt>
      <trkpt lon="-77.050493" lat="38.901955"><ele>20.274255</ele><time>2024-04-08T22:07:11Z</time><extensions><speed>1.439547</speed><course>298.118360</course><hAcc>2.485972</hAcc><vAcc>1.733863</vAcc></extensions></trkpt>
      <trkpt lon="-77.050507" lat="38.901961"><ele>20.280561</ele><time>2024-04-08T22:07:12Z</time><extensions><speed>1.444449</speed><course>298.953608</course><hAcc>2.485214</hAcc><vAcc>1.734016</vAcc></extensions></trkpt>
      <trkpt lon="-77.050522" lat="38.901967"><ele>20.287634</ele><time>2024-04-08T22:07:13Z</time><extensions><speed>1.447397</speed><course>300.168961</course><hAcc>2.484535</hAcc><vAcc>1.734156</vAcc></extensions></trkpt>
      <trkpt lon="-77.050536" lat="38.901974"><ele>20.295765</ele><time>2024-04-08T22:07:14Z</time><extensions><speed>1.447379</speed><course>301.409704</course><hAcc>2.483936</hAcc><vAcc>1.734286</vAcc></extensions></trkpt>
      <trkpt lon="-77.050550" lat="38.901981"><ele>20.304961</ele><time>2024-04-08T22:07:15Z</time><extensions><speed>1.448846</speed><course>302.709299</course><hAcc>2.483418</hAcc><vAcc>1.734407</vAcc></extensions></trkpt>
      <trkpt lon="-77.050564" lat="38.901988"><ele>20.314961</ele><time>2024-04-08T22:07:16Z</time><extensions><speed>1.452845</speed><course>304.074176</course><hAcc>2.482979</hAcc><vAcc>1.734520</vAcc></extensions></trkpt>
      <trkpt lon="-77.050578" lat="38.901996"><ele>20.325299</ele><time>2024-04-08T22:07:17Z</time><extensions><speed>1.456104</speed><course>305.465515</course><hAcc>2.482623</hAcc><vAcc>1.734625</vAcc></extensions></trkpt>
      <trkpt lon="-77.050592" lat="38.902003"><ele>20.335278</ele><time>2024-04-08T22:07:18Z</time><extensions><speed>1.459116</speed><course>306.867322</course><hAcc>2.482468</hAcc><vAcc>1.734723</vAcc></extensions></trkpt>
      <trkpt lon="-77.050605" lat="38.902011"><ele>20.346364</ele><time>2024-04-08T22:07:19Z</time><extensions><speed>1.465286</speed><course>308.300524</course><hAcc>2.482465</hAcc><vAcc>1.734814</vAcc></extensions></trkpt>
      <trkpt lon="-77.050618" lat="38.902020"><ele>20.358129</ele><time>2024-04-08T22:07:20Z</time><extensions><speed>1.475582</speed><course>309.765149</course><hAcc>2.482548</hAcc><vAcc>1.734898</vAcc></extensions></trkpt>
      <trkpt lon="-77.050631" lat="38.902028"><ele>20.370356</ele><time>2024-04-08T22:07:21Z</time><extensions><speed>1.488159</speed><course>311.219360</course><hAcc>2.482515</hAcc><vAcc>1.734976</vAcc></extensions></trkpt>
      <trkpt lon="-77.050644" lat="38.902037"><ele>20.382869</ele><time>2024-04-08T22:07:22Z</time><extensions><speed>1.496246</speed><course>312.689216</course><hAcc>2.482213</hAcc><vAcc>1.735047</vAcc></extensions></trkpt>
      <trkpt lon="-77.050656" lat="38.902047"><ele>20.395569</ele><time>2024-04-08T22:07:23Z</time><extensions><speed>1.501673</speed><course>314.199863</course><hAcc>2.481539</hAcc><vAcc>1.735112</vAcc></extensions></trkpt>
      <trkpt lon="-77.050669" lat="38.902056"><ele>20.409018</ele><time>2024-04-08T22:07:24Z</time><extensions><speed>1.508561</speed><course>315.675305</course><hAcc>2.480654</hAcc><vAcc>1.735170</vAcc></extensions></trkpt>
      <trkpt lon="-77.050681" lat="38.902066"><ele>20.422570</ele><time>2024-04-08T22:07:25Z</time><extensions><speed>1.517701</speed><course>317.080629</course><hAcc>2.479751</hAcc><vAcc>1.735223</vAcc></extensions></trkpt>
      <trkpt lon="-77.050692" lat="38.902076"><ele>20.436190</ele><time>2024-04-08T22:07:26Z</time><extensions><speed>1.527934</speed><course>318.395929</course><hAcc>2.479148</hAcc><vAcc>1.735271</vAcc></extensions></trkpt>
      <trkpt lon="-77.050704" lat="38.902086"><ele>20.449712</ele><time>2024-04-08T22:07:27Z</time><extensions><speed>1.536195</speed><course>319.619321</course><hAcc>2.478978</hAcc><vAcc>1.735314</vAcc></extensions></trkpt>
      <trkpt lon="-77.050715" lat="38.902097"><ele>20.462678</ele><time>2024-04-08T22:07:28Z</time><extensions><speed>1.541556</speed><course>320.728367</course><hAcc>2.479310</hAcc><vAcc>1.735354</vAcc></extensions></trkpt>
      <trkpt lon="-77.050726" lat="38.902108"><ele>20.474802</ele><time>2024-04-08T22:07:29Z</time><extensions><speed>1.545652</speed><course>321.699530</course><hAcc>2.480023</hAcc><vAcc>1.735391</vAcc></extensions></trkpt>
      <trkpt lon="-77.050737" lat="38.902119"><ele>20.484944</ele><time>2024-04-08T22:07:30Z</time><extensions><speed>1.550063</speed><course>322.549885</course><hAcc>2.480852</hAcc><vAcc>1.735425</vAcc></extensions></trkpt>
      <trkpt lon="-77.050748" lat="38.902130"><ele>20.495083</ele><time>2024-04-08T22:07:31Z</time><extensions><speed>1.550456</speed><course>323.363106</course><hAcc>2.481428</hAcc><vAcc>1.735456</vAcc></extensions></trkpt>
      <trkpt lon="-77.050758" lat="38.902141"><ele>20.504614</ele><time>2024-04-08T22:07:32Z</time><extensions><speed>1.548391</speed><course>324.143662</course><hAcc>2.481354</hAcc><vAcc>1.735484</vAcc></extensions></trkpt>
      <trkpt lon="-77.050768" lat="38.902153"><ele>20.513020</ele><time>2024-04-08T22:07:33Z</time><extensions><speed>1.539651</speed><course>324.926753</course><hAcc>2.480566</hAcc><vAcc>1.735510</vAcc></extensions></trkpt>
      <trkpt lon="-77.050778" lat="38.902164"><ele>20.520053</ele><time>2024-04-08T22:07:34Z</time><extensions><speed>1.529777</speed><course>325.723218</course><hAcc>2.479104</hAcc><vAcc>1.735532</vAcc></extensions></trkpt>
      <trkpt lon="-77.050788" lat="38.902176"><ele>20.526518</ele><time>2024-04-08T22:07:35Z</time><extensions><speed>1.521306</speed><course>326.515225</course><hAcc>2.477285</hAcc><vAcc>1.735551</vAcc></extensions></trkpt>
      <trkpt lon="-77.050798" lat="38.902187"><ele>20.531691</ele><time>2024-04-08T22:07:36Z</time><extensions><speed>1.520830</speed><course>327.242795</course><hAcc>2.475418</hAcc><vAcc>1.735568</vAcc></extensions></trkpt>
      <trkpt lon="-77.050807" lat="38.902199"><ele>20.535797</ele><time>2024-04-08T22:07:37Z</time><extensions><speed>1.519498</speed><course>327.995372</course><hAcc>2.473673</hAcc><vAcc>1.735581</vAcc></extensions></trkpt>
      <trkpt lon="-77.050816" lat="38.902210"><ele>20.538401</ele><time>2024-04-08T22:07:38Z</time><extensions><speed>1.516493</speed><course>328.761687</course><hAcc>2.472092</hAcc><vAcc>1.735593</vAcc></extensions></trkpt>
      <trkpt lon="-77.050825" lat="38.902222"><ele>20.540009</ele><time>2024-04-08T22:07:39Z</time><extensions><speed>1.507969</speed><course>329.497546</course><hAcc>2.470614</hAcc><vAcc>1.735601</vAcc></extensions></trkpt>
      <trkpt lon="-77.050834" lat="38.902234"><ele>20.540328</ele><time>2024-04-08T22:07:40Z</time><extensions><speed>1.497813</speed><course>330.348455</course><hAcc>2.469198</hAcc><vAcc>1.735607</vAcc></extensions></trkpt>
      <trkpt lon="-77.050842" lat="38.902246"><ele>20.539216</ele><time>2024-04-08T22:07:41Z</time><extensions><speed>1.485707</speed><course>331.195235</course><hAcc>2.468043</hAcc><vAcc>1.735610</vAcc></extensions></trkpt>
      <trkpt lon="-77.050850" lat="38.902257"><ele>20.536954</ele><time>2024-04-08T22:07:42Z</time><extensions><speed>1.472281</speed><course>331.975329</course><hAcc>2.467261</hAcc><vAcc>1.735611</vAcc></extensions></trkpt>
      <trkpt lon="-77.050858" lat="38.902269"><ele>20.532908</ele><time>2024-04-08T22:07:43Z</time><extensions><speed>1.457205</speed><course>332.707893</course><hAcc>2.466795</hAcc><vAcc>1.735609</vAcc></extensions></trkpt>
      <trkpt lon="-77.050865" lat="38.902281"><ele>20.527736</ele><time>2024-04-08T22:07:44Z</time><extensions><speed>1.442467</speed><course>333.479146</course><hAcc>2.466579</hAcc><vAcc>1.735604</vAcc></extensions></trkpt>
      <trkpt lon="-77.050873" lat="38.902292"><ele>20.521291</ele><time>2024-04-08T22:07:45Z</time><extensions><speed>1.426670</speed><course>334.296545</course><hAcc>2.466469</hAcc><vAcc>1.735596</vAcc></extensions></trkpt>
      <trkpt lon="-77.050880" lat="38.902304"><ele>20.513292</ele><time>2024-04-08T22:07:46Z</time><extensions><speed>1.411885</speed><course>335.144122</course><hAcc>2.466458</hAcc><vAcc>1.735584</vAcc></extensions></trkpt>
      <trkpt lon="-77.050886" lat="38.902315"><ele>20.503551</ele><time>2024-04-08T22:07:47Z</time><extensions><speed>1.400578</speed><course>336.007709</course><hAcc>2.466380</hAcc><vAcc>1.735568</vAcc></extensions></trkpt>
      <trkpt lon="-77.050893" lat="38.902327"><ele>20.492608</ele><time>2024-04-08T22:07:48Z</time><extensions><speed>1.392021</speed><course>337.016188</course><hAcc>2.466131</hAcc><vAcc>1.735548</vAcc></extensions></trkpt>
      <trkpt lon="-77.050899" lat="38.902339"><ele>20.480519</ele><time>2024-04-08T22:07:49Z</time><extensions><speed>1.385610</speed><course>337.836190</course><hAcc>2.465612</hAcc><vAcc>1.735525</vAcc></extensions></trkpt>
      <trkpt lon="-77.050905" lat="38.902350"><ele>20.466808</ele><time>2024-04-08T22:07:50Z</time><extensions><speed>1.373776</speed><course>338.494404</course><hAcc>2.464716</hAcc><vAcc>1.735500</vAcc></extensions></trkpt>
      <trkpt lon="-77.050911" lat="38.902362"><ele>20.451646</ele><time>2024-04-08T22:07:51Z</time><extensions><speed>1.362926</speed><course>338.866917</course><hAcc>2.463367</hAcc><vAcc>1.735473</vAcc></extensions></trkpt>
      <trkpt lon="-77.050916" lat="38.902373"><ele>20.435289</ele><time>2024-04-08T22:07:52Z</time><extensions><speed>1.351542</speed><course>339.023019</course><hAcc>2.461830</hAcc><vAcc>1.735447</vAcc></extensions></trkpt>
      <trkpt lon="-77.050922" lat="38.902385"><ele>20.417346</ele><time>2024-04-08T22:07:53Z</time><extensions><speed>1.341184</speed><course>339.126695</course><hAcc>2.460352</hAcc><vAcc>1.735422</vAcc></extensions></trkpt>
      <trkpt lon="-77.050927" lat="38.902396"><ele>20.398819</ele><time>2024-04-08T22:07:54Z</time><extensions><speed>1.332305</speed><course>339.079325</course><hAcc>2.459104</hAcc><vAcc>1.735402</vAcc></extensions></trkpt>
      <trkpt lon="-77.050933" lat="38.902407"><ele>20.379675</ele><time>2024-04-08T22:07:55Z</time><extensions><speed>1.327243</speed><course>338.939183</course><hAcc>2.458224</hAcc><vAcc>1.735387</vAcc></extensions></trkpt>
      <trkpt lon="-77.050938" lat="38.902418"><ele>20.360713</ele><time>2024-04-08T22:07:56Z</time><extensions><speed>1.327488</speed><course>338.710573</course><hAcc>2.457828</hAcc><vAcc>1.735378</vAcc></extensions></trkpt>
      <trkpt lon="-77.050944" lat="38.902430"><ele>20.341485</ele><time>2024-04-08T22:07:57Z</time><extensions><speed>1.331988</speed><course>338.436678</course><hAcc>2.457914</hAcc><vAcc>1.735378</vAcc></extensions></trkpt>
      <trkpt lon="-77.050949" lat="38.902441"><ele>20.322408</ele><time>2024-04-08T22:07:58Z</time><extensions><speed>1.334356</speed><course>338.088392</course><hAcc>2.458453</hAcc><vAcc>1.735388</vAcc></extensions></trkpt>
      <trkpt lon="-77.050955" lat="38.902452"><ele>20.302958</ele><time>2024-04-08T22:07:59Z</time><extensions><speed>1.335940</speed><course>337.674615</course><hAcc>2.459438</hAcc><vAcc>1.735407</vAcc></extensions></trkpt>
      <trkpt lon="-77.050961" lat="38.902463"><ele>20.282857</ele><time>2024-04-08T22:08:00Z</time><extensions><speed>1.339251</speed><course>337.195418</course><hAcc>2.460867</hAcc><vAcc>1.735437</vAcc></extensions></trkpt>
      <trkpt lon="-77.050967" lat="38.902474"><ele>20.263331</ele><time>2024-04-08T22:08:01Z</time><extensions><speed>1.345744</speed><course>336.660233</course><hAcc>2.462673</hAcc><vAcc>1.735477</vAcc></extensions></trkpt>
      <trkpt lon="-77.050974" lat="38.902486"><ele>20.244102</ele><time>2024-04-08T22:08:02Z</time><extensions><speed>1.356064</speed><course>336.070906</course><hAcc>2.464729</hAcc><vAcc>1.735526</vAcc></extensions></trkpt>
      <trkpt lon="-77.050980" lat="38.902497"><ele>20.224922</ele><time>2024-04-08T22:08:03Z</time><extensions><speed>1.366717</speed><course>335.449742</course><hAcc>2.466923</hAcc><vAcc>1.735584</vAcc></extensions></trkpt>
      <trkpt lon="-77.050987" lat="38.902508"><ele>20.206077</ele><time>2024-04-08T22:08:04Z</time><extensions><speed>1.375568</speed><course>334.773919</course><hAcc>2.469137</hAcc><vAcc>1.735650</vAcc></extensions></trkpt>
      <trkpt lon="-77.050993" lat="38.902519"><ele>20.188127</ele><time>2024-04-08T22:08:05Z</time><extensions><speed>1.381990</speed><course>334.032413</course><hAcc>2.471224</hAcc><vAcc>1.735721</vAcc></extensions></trkpt>
      <trkpt lon="-77.051000" lat="38.902530"><ele>20.171395</ele><time>2024-04-08T22:08:06Z</time><extensions><speed>1.386568</speed><course>333.223064</course><hAcc>2.472959</hAcc><vAcc>1.735796</vAcc></extensions></trkpt>
      <trkpt lon="-77.051008" lat="38.902542"><ele>20.156223</ele><time>2024-04-08T22:08:07Z</time><extensions><speed>1.393897</speed><course>332.365114</course><hAcc>2.474119</hAcc><vAcc>1.735875</vAcc></extensions></trkpt>
      <trkpt lon="-77.051015" lat="38.902553"><ele>20.142775</ele><time>2024-04-08T22:08:08Z</time><extensions><speed>1.405982</speed><course>331.415128</course><hAcc>2.474670</hAcc><vAcc>1.735955</vAcc></extensions></trkpt>
      <trkpt lon="-77.051023" lat="38.902564"><ele>20.130944</ele><time>2024-04-08T22:08:09Z</time><extensions><speed>1.417369</speed><course>330.445646</course><hAcc>2.474836</hAcc><vAcc>1.736035</vAcc></extensions></trkpt>
      <trkpt lon="-77.051031" lat="38.902575"><ele>20.120885</ele><time>2024-04-08T22:08:10Z</time><extensions><speed>1.428818</speed><course>329.436116</course><hAcc>2.474908</hAcc><vAcc>1.736115</vAcc></extensions></trkpt>
      <trkpt lon="-77.051040" lat="38.902586"><ele>20.112804</ele><time>2024-04-08T22:08:11Z</time><extensions><speed>1.443121</speed><course>328.431770</course><hAcc>2.475024</hAcc><vAcc>1.736194</vAcc></extensions></trkpt>
      <trkpt lon="-77.051049" lat="38.902597"><ele>20.106877</ele><time>2024-04-08T22:08:12Z</time><extensions><speed>1.456850</speed><course>327.424513</course><hAcc>2.475262</hAcc><vAcc>1.736271</vAcc></extensions></trkpt>
      <trkpt lon="-77.051058" lat="38.902608"><ele>20.103174</ele><time>2024-04-08T22:08:13Z</time><extensions><speed>1.469488</speed><course>326.419156</course><hAcc>2.475578</hAcc><vAcc>1.736345</vAcc></extensions></trkpt>
      <trkpt lon="-77.051067" lat="38.902619"><ele>20.101771</ele><time>2024-04-08T22:08:14Z</time><extensions><speed>1.479460</speed><course>325.391180</course><hAcc>2.475778</hAcc><vAcc>1.736416</vAcc></extensions></trkpt>
      <trkpt lon="-77.051077" lat="38.902630"><ele>20.102615</ele><time>2024-04-08T22:08:15Z</time><extensions><speed>1.481393</speed><course>324.204141</course><hAcc>2.475569</hAcc><vAcc>1.736483</vAcc></extensions></trkpt>
      <trkpt lon="-77.051087" lat="38.902641"><ele>20.105257</ele><time>2024-04-08T22:08:16Z</time><extensions><speed>1.480939</speed><course>322.761081</course><hAcc>2.474738</hAcc><vAcc>1.736546</vAcc></extensions></trkpt>
      <trkpt lon="-77.051097" lat="38.902651"><ele>20.109824</ele><time>2024-04-08T22:08:17Z</time><extensions><speed>1.478326</speed><course>321.282318</course><hAcc>2.473445</hAcc><vAcc>1.736603</vAcc></extensions></trkpt>
      <trkpt lon="-77.051108" lat="38.902661"><ele>20.116646</ele><time>2024-04-08T22:08:18Z</time><extensions><speed>1.473846</speed><course>319.785266</course><hAcc>2.471895</hAcc><vAcc>1.736654</vAcc></extensions></trkpt>
      <trkpt lon="-77.051119" lat="38.902671"><ele>20.125637</ele><time>2024-04-08T22:08:19Z</time><extensions><speed>1.466364</speed><course>318.360158</course><hAcc>2.470261</hAcc><vAcc>1.736699</vAcc></extensions></trkpt>
      <trkpt lon="-77.051131" lat="38.902681"><ele>20.136723</ele><time>2024-04-08T22:08:20Z</time><extensions><speed>1.454883</speed><course>316.998316</course><hAcc>2.468688</hAcc><vAcc>1.736741</vAcc></extensions></trkpt>
      <trkpt lon="-77.051142" lat="38.902690"><ele>20.149220</ele><time>2024-04-08T22:08:21Z</time><extensions><speed>1.439603</speed><course>315.701446</course><hAcc>2.467320</hAcc><vAcc>1.736778</vAcc></extensions></trkpt>
      <trkpt lon="-77.051154" lat="38.902700"><ele>20.163712</ele><time>2024-04-08T22:08:22Z</time><extensions><speed>1.426624</speed><course>314.418991</course><hAcc>2.466297</hAcc><vAcc>1.736810</vAcc></extensions></trkpt>
      <trkpt lon="-77.051166" lat="38.902708"><ele>20.180069</ele><time>2024-04-08T22:08:23Z</time><extensions><speed>1.416756</speed><course>313.144737</course><hAcc>2.465711</hAcc><vAcc>1.736839</vAcc></extensions></trkpt>
      <trkpt lon="-77.051178" lat="38.902717"><ele>20.196511</ele><time>2024-04-08T22:08:24Z</time><extensions><speed>1.406201</speed><course>312.121471</course><hAcc>2.465610</hAcc><vAcc>1.736865</vAcc></extensions></trkpt>
      <trkpt lon="-77.051190" lat="38.902725"><ele>20.214411</ele><time>2024-04-08T22:08:25Z</time><extensions><speed>1.392894</speed><course>311.380926</course><hAcc>2.465994</hAcc><vAcc>1.736887</vAcc></extensions></trkpt>
      <trkpt lon="-77.051202" lat="38.902734"><ele>20.232632</ele><time>2024-04-08T22:08:26Z</time><extensions><speed>1.380115</speed><course>310.862441</course><hAcc>2.466872</hAcc><vAcc>1.736907</vAcc></extensions></trkpt>
      <trkpt lon="-77.051214" lat="38.902742"><ele>20.251350</ele><time>2024-04-08T22:08:27Z</time><extensions><speed>1.370782</speed><course>310.302860</course><hAcc>2.468210</hAcc><vAcc>1.736925</vAcc></extensions></trkpt>
      <trkpt lon="-77.051226" lat="38.902750"><ele>20.269855</ele><time>2024-04-08T22:08:28Z</time><extensions><speed>1.361264</speed><course>309.958950</course><hAcc>2.469949</hAcc><vAcc>1.736941</vAcc></extensions></trkpt>
      <trkpt lon="-77.051238" lat="38.902757"><ele>20.288046</ele><time>2024-04-08T22:08:29Z</time><extensions><speed>1.350061</speed><course>309.800999</course><hAcc>2.472023</hAcc><vAcc>1.736956</vAcc></extensions></trkpt>
      <trkpt lon="-77.051250" lat="38.902765"><ele>20.305158</ele><time>2024-04-08T22:08:30Z</time><extensions><speed>1.341826</speed><course>309.419078</course><hAcc>2.474330</hAcc><vAcc>1.736969</vAcc></extensions></trkpt>
      <trkpt lon="-77.051261" lat="38.902773"><ele>20.321244</ele><time>2024-04-08T22:08:31Z</time><extensions><speed>1.332019</speed><course>309.182420</course><hAcc>2.476862</hAcc><vAcc>1.736980</vAcc></extensions></trkpt>
      <trkpt lon="-77.051273" lat="38.902780"><ele>20.335243</ele><time>2024-04-08T22:08:32Z</time><extensions><speed>1.322793</speed><course>309.119776</course><hAcc>2.479473</hAcc><vAcc>1.736990</vAcc></extensions></trkpt>
      <trkpt lon="-77.051285" lat="38.902788"><ele>20.347166</ele><time>2024-04-08T22:08:33Z</time><extensions><speed>1.318507</speed><course>308.873360</course><hAcc>2.481976</hAcc><vAcc>1.736998</vAcc></extensions></trkpt>
      <trkpt lon="-77.051297" lat="38.902795"><ele>20.357127</ele><time>2024-04-08T22:08:34Z</time><extensions><speed>1.316248</speed><course>308.225134</course><hAcc>2.484185</hAcc><vAcc>1.737004</vAcc></extensions></trkpt>
      <trkpt lon="-77.051309" lat="38.902802"><ele>20.365116</ele><time>2024-04-08T22:08:35Z</time><extensions><speed>1.309533</speed><course>307.369037</course><hAcc>2.485929</hAcc><vAcc>1.737007</vAcc></extensions></trkpt>
      <trkpt lon="-77.051321" lat="38.902809"><ele>20.370732</ele><time>2024-04-08T22:08:36Z</time><extensions><speed>1.301778</speed><course>306.416404</course><hAcc>2.487056</hAcc><vAcc>1.737006</vAcc></extensions></trkpt>
      <trkpt lon="-77.051333" lat="38.902816"><ele>20.373978</ele><time>2024-04-08T22:08:37Z</time><extensions><speed>1.292856</speed><course>305.434457</course><hAcc>2.487644</hAcc><vAcc>1.737000</vAcc></extensions></trkpt>
      <trkpt lon="-77.051345" lat="38.902823"><ele>20.373351</ele><time>2024-04-08T22:08:38Z</time><extensions><speed>1.284407</speed><course>304.449280</course><hAcc>2.487790</hAcc><vAcc>1.736989</vAcc></extensions></trkpt>
      <trkpt lon="-77.051358" lat="38.902829"><ele>20.369164</ele><time>2024-04-08T22:08:39Z</time><extensions><speed>1.279678</speed><course>303.516469</course><hAcc>2.487635</hAcc><vAcc>1.736971</vAcc></extensions></trkpt>
      <trkpt lon="-77.051370" lat="38.902836"><ele>20.361682</ele><time>2024-04-08T22:08:40Z</time><extensions><speed>1.280473</speed><course>302.341910</course><hAcc>2.487273</hAcc><vAcc>1.736946</vAcc></extensions></trkpt>
      <trkpt lon="-77.051383" lat="38.902842"><ele>20.350851</ele><time>2024-04-08T22:08:41Z</time><extensions><speed>1.280569</speed><course>301.272249</course><hAcc>2.486776</hAcc><vAcc>1.736913</vAcc></extensions></trkpt>
      <trkpt lon="-77.051395" lat="38.902848"><ele>20.336105</ele><time>2024-04-08T22:08:42Z</time><extensions><speed>1.282151</speed><course>300.375078</course><hAcc>2.486198</hAcc><vAcc>1.736870</vAcc></extensions></trkpt>
      <trkpt lon="-77.051408" lat="38.902854"><ele>20.317642</ele><time>2024-04-08T22:08:43Z</time><extensions><speed>1.287640</speed><course>299.239990</course><hAcc>2.485625</hAcc><vAcc>1.736818</vAcc></extensions></trkpt>
      <trkpt lon="-77.051421" lat="38.902859"><ele>20.295128</ele><time>2024-04-08T22:08:44Z</time><extensions><speed>1.291549</speed><course>298.270701</course><hAcc>2.485135</hAcc><vAcc>1.736755</vAcc></extensions></trkpt>
      <trkpt lon="-77.051434" lat="38.902865"><ele>20.269723</ele><time>2024-04-08T22:08:45Z</time><extensions><speed>1.295908</speed><course>297.437602</course><hAcc>2.484770</hAcc><vAcc>1.736682</vAcc></extensions></trkpt>
      <trkpt lon="-77.051448" lat="38.902870"><ele>20.241780</ele><time>2024-04-08T22:08:46Z</time><extensions><speed>1.299146</speed><course>296.730767</course><hAcc>2.484569</hAcc><vAcc>1.736596</vAcc></extensions></trkpt>
      <trkpt lon="-77.051461" lat="38.902875"><ele>20.211486</ele><time>2024-04-08T22:08:47Z</time><extensions><speed>1.304830</speed><course>296.121503</course><hAcc>2.484573</hAcc><vAcc>1.736499</vAcc></extensions></trkpt>
      <trkpt lon="-77.051475" lat="38.902880"><ele>20.179370</ele><time>2024-04-08T22:08:48Z</time><extensions><speed>1.311806</speed><course>295.599288</course><hAcc>2.484809</hAcc><vAcc>1.736389</vAcc></extensions></trkpt>
      <trkpt lon="-77.051488" lat="38.902885"><ele>20.146526</ele><time>2024-04-08T22:08:49Z</time><extensions><speed>1.319264</speed><course>295.151211</course><hAcc>2.485296</hAcc><vAcc>1.736266</vAcc></extensions></trkpt>
      <trkpt lon="-77.051502" lat="38.902890"><ele>20.113209</ele><time>2024-04-08T22:08:50Z</time><extensions><speed>1.326285</speed><course>294.763890</course><hAcc>2.486032</hAcc><vAcc>1.736130</vAcc></extensions></trkpt>
      <trkpt lon="-77.051516" lat="38.902895"><ele>20.078826</ele><time>2024-04-08T22:08:51Z</time><extensions><speed>1.335334</speed><course>294.420152</course><hAcc>2.487006</hAcc><vAcc>1.735982</vAcc></extensions></trkpt>
      <trkpt lon="-77.051530" lat="38.902900"><ele>20.043720</ele><time>2024-04-08T22:08:52Z</time><extensions><speed>1.347814</speed><course>294.105283</course><hAcc>2.488188</hAcc><vAcc>1.735821</vAcc></extensions></trkpt>
      <trkpt lon="-77.051545" lat="38.902905"><ele>20.008622</ele><time>2024-04-08T22:08:53Z</time><extensions><speed>1.369415</speed><course>294.036552</course><hAcc>2.489502</hAcc><vAcc>1.735647</vAcc></extensions></trkpt>
      <trkpt lon="-77.051559" lat="38.902910"><ele>19.973560</ele><time>2024-04-08T22:08:54Z</time><extensions><speed>1.393402</speed><course>293.985468</course><hAcc>2.490850</hAcc><vAcc>1.735460</vAcc></extensions></trkpt>
      <trkpt lon="-77.051574" lat="38.902916"><ele>19.939093</ele><time>2024-04-08T22:08:55Z</time><extensions><speed>1.417532</speed><course>293.944305</course><hAcc>2.492156</hAcc><vAcc>1.735261</vAcc></extensions></trkpt>
      <trkpt lon="-77.051589" lat="38.902921"><ele>19.905121</ele><time>2024-04-08T22:08:56Z</time><extensions><speed>1.441461</speed><course>293.913552</course><hAcc>2.493364</hAcc><vAcc>1.735049</vAcc></extensions></trkpt>
      <trkpt lon="-77.051604" lat="38.902926"><ele>19.871343</ele><time>2024-04-08T22:08:57Z</time><extensions><speed>1.464470</speed><course>293.892647</course><hAcc>2.494407</hAcc><vAcc>1.734826</vAcc></extensions></trkpt>
      <trkpt lon="-77.051620" lat="38.902931"><ele>19.838828</ele><time>2024-04-08T22:08:58Z</time><extensions><speed>1.485410</speed><course>293.880738</course><hAcc>2.495185</hAcc><vAcc>1.734591</vAcc></extensions></trkpt>
      <trkpt lon="-77.051636" lat="38.902937"><ele>19.807715</ele><time>2024-04-08T22:08:59Z</time><extensions><speed>1.503717</speed><course>293.876557</course><hAcc>2.495612</hAcc><vAcc>1.734345</vAcc></extensions></trkpt>
      <trkpt lon="-77.051652" lat="38.902942"><ele>19.777804</ele><time>2024-04-08T22:09:00Z</time><extensions><speed>1.518896</speed><course>293.878757</course><hAcc>2.495627</hAcc><vAcc>1.734089</vAcc></extensions></trkpt>
      <trkpt lon="-77.051668" lat="38.902948"><ele>19.750060</ele><time>2024-04-08T22:09:01Z</time><extensions><speed>1.530950</speed><course>293.886304</course><hAcc>2.495330</hAcc><vAcc>1.733825</vAcc></extensions></trkpt>
      <trkpt lon="-77.051684" lat="38.902954"><ele>19.724309</ele><time>2024-04-08T22:09:02Z</time><extensions><speed>1.541156</speed><course>293.898294</course><hAcc>2.494844</hAcc><vAcc>1.733553</vAcc></extensions></trkpt>
      <trkpt lon="-77.051700" lat="38.902959"><ele>19.700632</ele><time>2024-04-08T22:09:03Z</time><extensions><speed>1.549430</speed><course>293.913880</course><hAcc>2.494250</hAcc><vAcc>1.733276</vAcc></extensions></trkpt>
      <trkpt lon="-77.051717" lat="38.902965"><ele>19.679349</ele><time>2024-04-08T22:09:04Z</time><extensions><speed>1.556186</speed><course>293.932193</course><hAcc>2.493609</hAcc><vAcc>1.732996</vAcc></extensions></trkpt>
      <trkpt lon="-77.051733" lat="38.902971"><ele>19.660368</ele><time>2024-04-08T22:09:05Z</time><extensions><speed>1.560700</speed><course>293.952536</course><hAcc>2.492980</hAcc><vAcc>1.732714</vAcc></extensions></trkpt>
      <trkpt lon="-77.051749" lat="38.902976"><ele>19.643955</ele><time>2024-04-08T22:09:06Z</time><extensions><speed>1.563080</speed><course>293.974145</course><hAcc>2.492382</hAcc><vAcc>1.732435</vAcc></extensions></trkpt>
      <trkpt lon="-77.051766" lat="38.902982"><ele>19.630375</ele><time>2024-04-08T22:09:07Z</time><extensions><speed>1.563360</speed><course>293.996357</course><hAcc>2.491857</hAcc><vAcc>1.732161</vAcc></extensions></trkpt>
      <trkpt lon="-77.051782" lat="38.902988"><ele>19.619364</ele><time>2024-04-08T22:09:08Z</time><extensions><speed>1.563525</speed><course>294.018323</course><hAcc>2.491451</hAcc><vAcc>1.731897</vAcc></extensions></trkpt>
      <trkpt lon="-77.051799" lat="38.902994"><ele>19.611282</ele><time>2024-04-08T22:09:09Z</time><extensions><speed>1.565359</speed><course>294.039118</course><hAcc>2.491210</hAcc><vAcc>1.731646</vAcc></extensions></trkpt>
      <trkpt lon="-77.051815" lat="38.902999"><ele>19.605428</ele><time>2024-04-08T22:09:10Z</time><extensions><speed>1.567199</speed><course>294.057898</course><hAcc>2.491157</hAcc><vAcc>1.731414</vAcc></extensions></trkpt>
      <trkpt lon="-77.051832" lat="38.903005"><ele>19.602692</ele><time>2024-04-08T22:09:11Z</time><extensions><speed>1.568825</speed><course>294.073963</course><hAcc>2.491289</hAcc><vAcc>1.731205</vAcc></extensions></trkpt>
      <trkpt lon="-77.051848" lat="38.903011"><ele>19.602704</ele><time>2024-04-08T22:09:12Z</time><extensions><speed>1.569511</speed><course>294.086657</course><hAcc>2.491641</hAcc><vAcc>1.731022</vAcc></extensions></trkpt>
      <trkpt lon="-77.051865" lat="38.903017"><ele>19.605323</ele><time>2024-04-08T22:09:13Z</time><extensions><speed>1.571418</speed><course>294.094829</course><hAcc>2.492251</hAcc><vAcc>1.730866</vAcc></extensions></trkpt>
      <trkpt lon="-77.051882" lat="38.903022"><ele>19.611120</ele><time>2024-04-08T22:09:14Z</time><extensions><speed>1.575345</speed><course>294.097401</course><hAcc>2.493184</hAcc><vAcc>1.730740</vAcc></extensions></trkpt>
      <trkpt lon="-77.051898" lat="38.903028"><ele>19.618484</ele><time>2024-04-08T22:09:15Z</time><extensions><speed>1.578366</speed><course>294.093227</course><hAcc>2.494497</hAcc><vAcc>1.730641</vAcc></extensions></trkpt>
      <trkpt lon="-77.051915" lat="38.903034"><ele>19.628492</ele><time>2024-04-08T22:09:16Z</time><extensions><speed>1.580880</speed><course>294.081384</course><hAcc>2.496180</hAcc><vAcc>1.730567</vAcc></extensions></trkpt>
      <trkpt lon="-77.051931" lat="38.903040"><ele>19.641207</ele><time>2024-04-08T22:09:17Z</time><extensions><speed>1.582265</speed><course>294.060788</course><hAcc>2.498166</hAcc><vAcc>1.730514</vAcc></extensions></trkpt>
      <trkpt lon="-77.051948" lat="38.903046"><ele>19.655832</ele><time>2024-04-08T22:09:18Z</time><extensions><speed>1.581556</speed><course>294.030389</course><hAcc>2.500310</hAcc><vAcc>1.730476</vAcc></extensions></trkpt>
      <trkpt lon="-77.051965" lat="38.903051"><ele>19.672692</ele><time>2024-04-08T22:09:19Z</time><extensions><speed>1.579887</speed><course>293.988901</course><hAcc>2.502397</hAcc><vAcc>1.730449</vAcc></extensions></trkpt>
      <trkpt lon="-77.051981" lat="38.903057"><ele>19.691044</ele><time>2024-04-08T22:09:20Z</time><extensions><speed>1.574101</speed><course>293.935880</course><hAcc>2.504189</hAcc><vAcc>1.730428</vAcc></extensions></trkpt>
      <trkpt lon="-77.051998" lat="38.903063"><ele>19.710449</ele><time>2024-04-08T22:09:21Z</time><extensions><speed>1.566475</speed><course>293.872886</course><hAcc>2.505502</hAcc><vAcc>1.730408</vAcc></extensions></trkpt>
      <trkpt lon="-77.052014" lat="38.903068"><ele>19.730554</ele><time>2024-04-08T22:09:22Z</time><extensions><speed>1.556853</speed><course>293.804331</course><hAcc>2.506348</hAcc><vAcc>1.730386</vAcc></extensions></trkpt>
      <trkpt lon="-77.052030" lat="38.903074"><ele>19.750871</ele><time>2024-04-08T22:09:23Z</time><extensions><speed>1.546543</speed><course>293.736212</course><hAcc>2.506702</hAcc><vAcc>1.730359</vAcc></extensions></trkpt>
      <trkpt lon="-77.052047" lat="38.903080"><ele>19.771403</ele><time>2024-04-08T22:09:24Z</time><extensions><speed>1.540641</speed><course>293.676035</course><hAcc>2.506511</hAcc><vAcc>1.730323</vAcc></extensions></trkpt>
      <trkpt lon="-77.052063" lat="38.903085"><ele>19.791530</ele><time>2024-04-08T22:09:25Z</time><extensions><speed>1.534803</speed><course>293.626615</course><hAcc>2.505818</hAcc><vAcc>1.730277</vAcc></extensions></trkpt>
      <trkpt lon="-77.052079" lat="38.903091"><ele>19.811125</ele><time>2024-04-08T22:09:26Z</time><extensions><speed>1.530574</speed><course>293.587754</course><hAcc>2.504780</hAcc><vAcc>1.730218</vAcc></extensions></trkpt>
      <trkpt lon="-77.052095" lat="38.903096"><ele>19.829991</ele><time>2024-04-08T22:09:27Z</time><extensions><speed>1.525291</speed><course>293.553213</course><hAcc>2.503562</hAcc><vAcc>1.730145</vAcc></extensions></trkpt>
      <trkpt lon="-77.052111" lat="38.903102"><ele>19.847564</ele><time>2024-04-08T22:09:28Z</time><extensions><speed>1.519758</speed><course>293.526278</course><hAcc>2.502267</hAcc><vAcc>1.730056</vAcc></extensions></trkpt>
      <trkpt lon="-77.052127" lat="38.903107"><ele>19.865077</ele><time>2024-04-08T22:09:29Z</time><extensions><speed>1.512135</speed><course>293.507094</course><hAcc>2.500968</hAcc><vAcc>1.729951</vAcc></extensions></trkpt>
      <trkpt lon="-77.052143" lat="38.903113"><ele>19.881999</ele><time>2024-04-08T22:09:30Z</time><extensions><speed>1.503411</speed><course>293.492510</course><hAcc>2.499751</hAcc><vAcc>1.729830</vAcc></extensions></trkpt>
      <trkpt lon="-77.052159" lat="38.903118"><ele>19.897189</ele><time>2024-04-08T22:09:31Z</time><extensions><speed>1.496501</speed><course>293.483643</course><hAcc>2.498709</hAcc><vAcc>1.729693</vAcc></extensions></trkpt>
      <trkpt lon="-77.052175" lat="38.903123"><ele>19.911165</ele><time>2024-04-08T22:09:32Z</time><extensions><speed>1.492017</speed><course>293.480709</course><hAcc>2.497916</hAcc><vAcc>1.729540</vAcc></extensions></trkpt>
      <trkpt lon="-77.052191" lat="38.903129"><ele>19.924038</ele><time>2024-04-08T22:09:33Z</time><extensions><speed>1.488595</speed><course>293.483289</course><hAcc>2.497413</hAcc><vAcc>1.729372</vAcc></extensions></trkpt>
      <trkpt lon="-77.052206" lat="38.903134"><ele>19.934388</ele><time>2024-04-08T22:09:34Z</time><extensions><speed>1.484548</speed><course>293.490470</course><hAcc>2.497207</hAcc><vAcc>1.729192</vAcc></extensions></trkpt>
      <trkpt lon="-77.052222" lat="38.903139"><ele>19.943014</ele><time>2024-04-08T22:09:35Z</time><extensions><speed>1.478656</speed><course>293.500417</course><hAcc>2.497270</hAcc><vAcc>1.729001</vAcc></extensions></trkpt>
      <trkpt lon="-77.052238" lat="38.903145"><ele>19.949662</ele><time>2024-04-08T22:09:36Z</time><extensions><speed>1.472501</speed><course>293.512960</course><hAcc>2.497539</hAcc><vAcc>1.728803</vAcc></extensions></trkpt>
      <trkpt lon="-77.052253" lat="38.903150"><ele>19.954806</ele><time>2024-04-08T22:09:37Z</time><extensions><speed>1.468238</speed><course>293.529483</course><hAcc>2.497966</hAcc><vAcc>1.728602</vAcc></extensions></trkpt>
      <trkpt lon="-77.052269" lat="38.903155"><ele>19.957773</ele><time>2024-04-08T22:09:38Z</time><extensions><speed>1.463924</speed><course>293.548856</course><hAcc>2.498542</hAcc><vAcc>1.728401</vAcc></extensions></trkpt>
      <trkpt lon="-77.052284" lat="38.903160"><ele>19.959253</ele><time>2024-04-08T22:09:39Z</time><extensions><speed>1.458296</speed><course>293.568714</course><hAcc>2.499259</hAcc><vAcc>1.728203</vAcc></extensions></trkpt>
      <trkpt lon="-77.052300" lat="38.903166"><ele>19.959376</ele><time>2024-04-08T22:09:40Z</time><extensions><speed>1.451508</speed><course>293.589399</course><hAcc>2.500118</hAcc><vAcc>1.728011</vAcc></extensions></trkpt>
      <trkpt lon="-77.052315" lat="38.903171"><ele>19.958246</ele><time>2024-04-08T22:09:41Z</time><extensions><speed>1.444346</speed><course>293.608910</course><hAcc>2.501108</hAcc><vAcc>1.727828</vAcc></extensions></trkpt>
      <trkpt lon="-77.052330" lat="38.903176"><ele>19.955486</ele><time>2024-04-08T22:09:42Z</time><extensions><speed>1.437228</speed><course>293.623906</course><hAcc>2.502184</hAcc><vAcc>1.727656</vAcc></extensions></trkpt>
      <trkpt lon="-77.052345" lat="38.903181"><ele>19.951176</ele><time>2024-04-08T22:09:43Z</time><extensions><speed>1.432931</speed><course>293.646818</course><hAcc>2.503281</hAcc><vAcc>1.727493</vAcc></extensions></trkpt>
      <trkpt lon="-77.052360" lat="38.903186"><ele>19.945966</ele><time>2024-04-08T22:09:44Z</time><extensions><speed>1.428526</speed><course>293.673251</course><hAcc>2.504418</hAcc><vAcc>1.727341</vAcc></extensions></trkpt>
      <trkpt lon="-77.052375" lat="38.903191"><ele>19.939492</ele><time>2024-04-08T22:09:45Z</time><extensions><speed>1.424161</speed><course>293.700540</course><hAcc>2.505526</hAcc><vAcc>1.727198</vAcc></extensions></trkpt>
      <trkpt lon="-77.052390" lat="38.903197"><ele>19.931418</ele><time>2024-04-08T22:09:46Z</time><extensions><speed>1.419225</speed><course>293.726276</course><hAcc>2.506566</hAcc><vAcc>1.727065</vAcc></extensions></trkpt>
      <trkpt lon="-77.052405" lat="38.903202"><ele>19.923035</ele><time>2024-04-08T22:09:47Z</time><extensions><speed>1.414589</speed><course>293.754575</course><hAcc>2.507498</hAcc><vAcc>1.726940</vAcc></extensions></trkpt>
      <trkpt lon="-77.052420" lat="38.903207"><ele>19.914140</ele><time>2024-04-08T22:09:48Z</time><extensions><speed>1.409878</speed><course>293.786473</course><hAcc>2.508290</hAcc><vAcc>1.726824</vAcc></extensions></trkpt>
      <trkpt lon="-77.052435" lat="38.903212"><ele>19.904515</ele><time>2024-04-08T22:09:49Z</time><extensions><speed>1.404815</speed><course>293.819148</course><hAcc>2.508938</hAcc><vAcc>1.726718</vAcc></extensions></trkpt>
      <trkpt lon="-77.052450" lat="38.903217"><ele>19.894262</ele><time>2024-04-08T22:09:50Z</time><extensions><speed>1.400190</speed><course>293.854390</course><hAcc>2.509445</hAcc><vAcc>1.726621</vAcc></extensions></trkpt>
      <trkpt lon="-77.052465" lat="38.903222"><ele>19.882800</ele><time>2024-04-08T22:09:51Z</time><extensions><speed>1.396702</speed><course>293.892098</course><hAcc>2.509829</hAcc><vAcc>1.726535</vAcc></extensions></trkpt>
      <trkpt lon="-77.052479" lat="38.903227"><ele>19.870575</ele><time>2024-04-08T22:09:52Z</time><extensions><speed>1.393046</speed><course>293.931175</course><hAcc>2.510105</hAcc><vAcc>1.726460</vAcc></extensions></trkpt>
      <trkpt lon="-77.052494" lat="38.903232"><ele>19.857588</ele><time>2024-04-08T22:09:53Z</time><extensions><speed>1.389364</speed><course>293.972837</course><hAcc>2.510296</hAcc><vAcc>1.726395</vAcc></extensions></trkpt>
      <trkpt lon="-77.052509" lat="38.903238"><ele>19.844223</ele><time>2024-04-08T22:09:54Z</time><extensions><speed>1.387961</speed><course>294.019099</course><hAcc>2.510424</hAcc><vAcc>1.726343</vAcc></extensions></trkpt>
      <trkpt lon="-77.052524" lat="38.903243"><ele>19.830851</ele><time>2024-04-08T22:09:55Z</time><extensions><speed>1.388113</speed><course>294.070166</course><hAcc>2.510515</hAcc><vAcc>1.726304</vAcc></extensions></trkpt>
      <trkpt lon="-77.052538" lat="38.903248"><ele>19.817568</ele><time>2024-04-08T22:09:56Z</time><extensions><speed>1.389158</speed><course>294.125467</course><hAcc>2.510591</hAcc><vAcc>1.726277</vAcc></extensions></trkpt>
      <trkpt lon="-77.052553" lat="38.903253"><ele>19.804541</ele><time>2024-04-08T22:09:57Z</time><extensions><speed>1.391438</speed><course>294.184729</course><hAcc>2.510631</hAcc><vAcc>1.726263</vAcc></extensions></trkpt>
      <trkpt lon="-77.052568" lat="38.903258"><ele>19.791967</ele><time>2024-04-08T22:09:58Z</time><extensions><speed>1.394359</speed><course>294.247397</course><hAcc>2.510617</hAcc><vAcc>1.726260</vAcc></extensions></trkpt>
      <trkpt lon="-77.052583" lat="38.903264"><ele>19.779904</ele><time>2024-04-08T22:09:59Z</time><extensions><speed>1.400095</speed><course>294.315485</course><hAcc>2.510526</hAcc><vAcc>1.726268</vAcc></extensions></trkpt>
      <trkpt lon="-77.052598" lat="38.903269"><ele>19.768543</ele><time>2024-04-08T22:10:00Z</time><extensions><speed>1.409216</speed><course>294.387671</course><hAcc>2.510404</hAcc><vAcc>1.726286</vAcc></extensions></trkpt>
      <trkpt lon="-77.052613" lat="38.903274"><ele>19.757991</ele><time>2024-04-08T22:10:01Z</time><extensions><speed>1.417620</speed><course>294.464931</course><hAcc>2.510282</hAcc><vAcc>1.726313</vAcc></extensions></trkpt>
      <trkpt lon="-77.052628" lat="38.903279"><ele>19.748350</ele><time>2024-04-08T22:10:02Z</time><extensions><speed>1.424402</speed><course>294.547174</course><hAcc>2.510183</hAcc><vAcc>1.726349</vAcc></extensions></trkpt>
      <trkpt lon="-77.052643" lat="38.903285"><ele>19.739522</ele><time>2024-04-08T22:10:03Z</time><extensions><speed>1.429724</speed><course>294.635610</course><hAcc>2.510104</hAcc><vAcc>1.726393</vAcc></extensions></trkpt>
      <trkpt lon="-77.052658" lat="38.903290"><ele>19.731706</ele><time>2024-04-08T22:10:04Z</time><extensions><speed>1.435780</speed><course>294.730319</course><hAcc>2.510024</hAcc><vAcc>1.726446</vAcc></extensions></trkpt>
      <trkpt lon="-77.052673" lat="38.903296"><ele>19.724884</ele><time>2024-04-08T22:10:05Z</time><extensions><speed>1.442921</speed><course>294.830405</course><hAcc>2.509927</hAcc><vAcc>1.726507</vAcc></extensions></trkpt>
      <trkpt lon="-77.052688" lat="38.903301"><ele>19.718695</ele><time>2024-04-08T22:10:06Z</time><extensions><speed>1.449163</speed><course>294.935328</course><hAcc>2.509807</hAcc><vAcc>1.726576</vAcc></extensions></trkpt>
      <trkpt lon="-77.052703" lat="38.903307"><ele>19.713773</ele><time>2024-04-08T22:10:07Z</time><extensions><speed>1.454908</speed><course>295.047829</course><hAcc>2.509624</hAcc><vAcc>1.726656</vAcc></extensions></trkpt>
      <trkpt lon="-77.052718" lat="38.903312"><ele>19.709896</ele><time>2024-04-08T22:10:08Z</time><extensions><speed>1.458493</speed><course>295.166177</course><hAcc>2.509399</hAcc><vAcc>1.726748</vAcc></extensions></trkpt>
      <trkpt lon="-77.052733" lat="38.903318"><ele>19.706608</ele><time>2024-04-08T22:10:09Z</time><extensions><speed>1.460547</speed><course>295.293580</course><hAcc>2.509147</hAcc><vAcc>1.726853</vAcc></extensions></trkpt>
      <trkpt lon="-77.052749" lat="38.903323"><ele>19.704044</ele><time>2024-04-08T22:10:10Z</time><extensions><speed>1.461371</speed><course>295.429198</course><hAcc>2.508882</hAcc><vAcc>1.726974</vAcc></extensions></trkpt>
      <trkpt lon="-77.052764" lat="38.903329"><ele>19.701894</ele><time>2024-04-08T22:10:11Z</time><extensions><speed>1.462948</speed><course>295.576844</course><hAcc>2.508703</hAcc><vAcc>1.727113</vAcc></extensions></trkpt>
      <trkpt lon="-77.052779" lat="38.903335"><ele>19.700398</ele><time>2024-04-08T22:10:12Z</time><extensions><speed>1.463586</speed><course>295.733574</course><hAcc>2.508589</hAcc><vAcc>1.727274</vAcc></extensions></trkpt>
      <trkpt lon="-77.052794" lat="38.903340"><ele>19.699063</ele><time>2024-04-08T22:10:13Z</time><extensions><speed>1.461980</speed><course>295.899957</course><hAcc>2.508630</hAcc><vAcc>1.727460</vAcc></extensions></trkpt>
      <trkpt lon="-77.052809" lat="38.903346"><ele>19.697999</ele><time>2024-04-08T22:10:14Z</time><extensions><speed>1.458425</speed><course>296.077125</course><hAcc>2.508842</hAcc><vAcc>1.727674</vAcc></extensions></trkpt>
      <trkpt lon="-77.052824" lat="38.903352"><ele>19.696777</ele><time>2024-04-08T22:10:15Z</time><extensions><speed>1.452670</speed><course>296.292167</course><hAcc>2.509196</hAcc><vAcc>1.727918</vAcc></extensions></trkpt>
      <trkpt lon="-77.052839" lat="38.903358"><ele>19.694343</ele><time>2024-04-08T22:10:16Z</time><extensions><speed>1.445050</speed><course>296.521456</course><hAcc>2.509617</hAcc><vAcc>1.728192</vAcc></extensions></trkpt>
      <trkpt lon="-77.052853" lat="38.903364"><ele>19.691390</ele><time>2024-04-08T22:10:17Z</time><extensions><speed>1.436231</speed><course>296.762747</course><hAcc>2.510033</hAcc><vAcc>1.728494</vAcc></extensions></trkpt>
      <trkpt lon="-77.052868" lat="38.903370"><ele>19.687567</ele><time>2024-04-08T22:10:18Z</time><extensions><speed>1.427344</speed><course>296.985599</course><hAcc>2.510394</hAcc><vAcc>1.728820</vAcc></extensions></trkpt>
      <trkpt lon="-77.052883" lat="38.903375"><ele>19.683370</ele><time>2024-04-08T22:10:19Z</time><extensions><speed>1.418061</speed><course>297.192542</course><hAcc>2.510679</hAcc><vAcc>1.729167</vAcc></extensions></trkpt>
      <trkpt lon="-77.052897" lat="38.903381"><ele>19.678661</ele><time>2024-04-08T22:10:20Z</time><extensions><speed>1.410137</speed><course>297.379310</course><hAcc>2.510909</hAcc><vAcc>1.729527</vAcc></extensions></trkpt>
      <trkpt lon="-77.052911" lat="38.903387"><ele>19.673290</ele><time>2024-04-08T22:10:21Z</time><extensions><speed>1.401586</speed><course>297.550933</course><hAcc>2.511106</hAcc><vAcc>1.729896</vAcc></extensions></trkpt>
      <trkpt lon="-77.052925" lat="38.903393"><ele>19.667876</ele><time>2024-04-08T22:10:22Z</time><extensions><speed>1.391797</speed><course>297.705049</course><hAcc>2.511295</hAcc><vAcc>1.730264</vAcc></extensions></trkpt>
      <trkpt lon="-77.052939" lat="38.903399"><ele>19.661835</ele><time>2024-04-08T22:10:23Z</time><extensions><speed>1.380076</speed><course>297.844415</course><hAcc>2.511510</hAcc><vAcc>1.730622</vAcc></extensions></trkpt>
      <trkpt lon="-77.052953" lat="38.903405"><ele>19.655470</ele><time>2024-04-08T22:10:24Z</time><extensions><speed>1.367524</speed><course>297.967802</course><hAcc>2.511777</hAcc><vAcc>1.730962</vAcc></extensions></trkpt>
      <trkpt lon="-77.052967" lat="38.903410"><ele>19.648598</ele><time>2024-04-08T22:10:25Z</time><extensions><speed>1.355485</speed><course>298.074245</course><hAcc>2.512151</hAcc><vAcc>1.731283</vAcc></extensions></trkpt>
      <trkpt lon="-77.052981" lat="38.903416"><ele>19.641569</ele><time>2024-04-08T22:10:26Z</time><extensions><speed>1.342107</speed><course>298.167193</course><hAcc>2.512691</hAcc><vAcc>1.731579</vAcc></extensions></trkpt>
      <trkpt lon="-77.052994" lat="38.903422"><ele>19.634578</ele><time>2024-04-08T22:10:27Z</time><extensions><speed>1.327602</speed><course>298.243749</course><hAcc>2.513458</hAcc><vAcc>1.731846</vAcc></extensions></trkpt>
      <trkpt lon="-77.053008" lat="38.903427"><ele>19.627630</ele><time>2024-04-08T22:10:28Z</time><extensions><speed>1.313304</speed><course>298.302638</course><hAcc>2.514498</hAcc><vAcc>1.732081</vAcc></extensions></trkpt>
      <trkpt lon="-77.053021" lat="38.903433"><ele>19.621029</ele><time>2024-04-08T22:10:29Z</time><extensions><speed>1.299164</speed><course>298.344948</course><hAcc>2.515835</hAcc><vAcc>1.732281</vAcc></extensions></trkpt>
      <trkpt lon="-77.053034" lat="38.903438"><ele>19.613846</ele><time>2024-04-08T22:10:30Z</time><extensions><speed>1.283107</speed><course>298.371258</course><hAcc>2.517405</hAcc><vAcc>1.732443</vAcc></extensions></trkpt>
      <trkpt lon="-77.053047" lat="38.903444"><ele>19.607046</ele><time>2024-04-08T22:10:31Z</time><extensions><speed>1.263633</speed><course>298.387724</course><hAcc>2.519016</hAcc><vAcc>1.732565</vAcc></extensions></trkpt>
      <trkpt lon="-77.053059" lat="38.903449"><ele>19.599608</ele><time>2024-04-08T22:10:32Z</time><extensions><speed>1.239765</speed><course>298.377273</course><hAcc>2.520371</hAcc><vAcc>1.732647</vAcc></extensions></trkpt>
      <trkpt lon="-77.053072" lat="38.903454"><ele>19.592593</ele><time>2024-04-08T22:10:33Z</time><extensions><speed>1.203938</speed><course>298.346420</course><hAcc>2.521262</hAcc><vAcc>1.732687</vAcc></extensions></trkpt>
      <trkpt lon="-77.053084" lat="38.903459"><ele>19.583402</ele><time>2024-04-08T22:10:34Z</time><extensions><speed>1.162872</speed><course>298.290817</course><hAcc>2.521480</hAcc><vAcc>1.732685</vAcc></extensions></trkpt>
      <trkpt lon="-77.053095" lat="38.903464"><ele>19.574214</ele><time>2024-04-08T22:10:35Z</time><extensions><speed>1.122153</speed><course>298.209715</course><hAcc>2.521112</hAcc><vAcc>1.732642</vAcc></extensions></trkpt>
      <trkpt lon="-77.053107" lat="38.903469"><ele>19.564405</ele><time>2024-04-08T22:10:36Z</time><extensions><speed>1.082291</speed><course>298.092668</course><hAcc>2.520256</hAcc><vAcc>1.732559</vAcc></extensions></trkpt>
      <trkpt lon="-77.053117" lat="38.903473"><ele>19.555051</ele><time>2024-04-08T22:10:37Z</time><extensions><speed>1.038400</speed><course>297.939465</course><hAcc>2.519027</hAcc><vAcc>1.732437</vAcc></extensions></trkpt>
      <trkpt lon="-77.053128" lat="38.903478"><ele>19.545861</ele><time>2024-04-08T22:10:38Z</time><extensions><speed>0.992071</speed><course>297.750232</course><hAcc>2.517515</hAcc><vAcc>1.732279</vAcc></extensions></trkpt>
      <trkpt lon="-77.053138" lat="38.903482"><ele>19.536905</ele><time>2024-04-08T22:10:39Z</time><extensions><speed>0.948160</speed><course>297.519735</course><hAcc>2.515872</hAcc><vAcc>1.732089</vAcc></extensions></trkpt>
      <trkpt lon="-77.053147" lat="38.903486"><ele>19.528438</ele><time>2024-04-08T22:10:40Z</time><extensions><speed>0.907007</speed><course>297.237545</course><hAcc>2.514249</hAcc><vAcc>1.731873</vAcc></extensions></trkpt>
      <trkpt lon="-77.053156" lat="38.903489"><ele>19.520561</ele><time>2024-04-08T22:10:41Z</time><extensions><speed>0.869563</speed><course>296.911436</course><hAcc>2.512949</hAcc><vAcc>1.731634</vAcc></extensions></trkpt>
      <trkpt lon="-77.053165" lat="38.903493"><ele>19.512994</ele><time>2024-04-08T22:10:42Z</time><extensions><speed>0.836345</speed><course>296.538402</course><hAcc>2.512153</hAcc><vAcc>1.731382</vAcc></extensions></trkpt>
      <trkpt lon="-77.053174" lat="38.903496"><ele>19.505634</ele><time>2024-04-08T22:10:43Z</time><extensions><speed>0.806331</speed><course>296.119570</course><hAcc>2.511983</hAcc><vAcc>1.731121</vAcc></extensions></trkpt>
      <trkpt lon="-77.053182" lat="38.903499"><ele>19.498409</ele><time>2024-04-08T22:10:44Z</time><extensions><speed>0.779132</speed><course>295.650989</course><hAcc>2.512419</hAcc><vAcc>1.730858</vAcc></extensions></trkpt>
      <trkpt lon="-77.053190" lat="38.903502"><ele>19.491281</ele><time>2024-04-08T22:10:45Z</time><extensions><speed>0.756167</speed><course>295.136679</course><hAcc>2.513314</hAcc><vAcc>1.730597</vAcc></extensions></trkpt>
      <trkpt lon="-77.053198" lat="38.903505"><ele>19.484547</ele><time>2024-04-08T22:10:46Z</time><extensions><speed>0.738682</speed><course>294.589365</course><hAcc>2.514463</hAcc><vAcc>1.730343</vAcc></extensions></trkpt>
      <trkpt lon="-77.053205" lat="38.903508"><ele>19.477986</ele><time>2024-04-08T22:10:47Z</time><extensions><speed>0.728377</speed><course>294.014609</course><hAcc>2.515687</hAcc><vAcc>1.730099</vAcc></extensions></trkpt>
      <trkpt lon="-77.053213" lat="38.903510"><ele>19.471392</ele><time>2024-04-08T22:10:48Z</time><extensions><speed>0.724419</speed><course>293.422250</course><hAcc>2.516844</hAcc><vAcc>1.729871</vAcc></extensions></trkpt>
      <trkpt lon="-77.053221" lat="38.903513"><ele>19.465291</ele><time>2024-04-08T22:10:49Z</time><extensions><speed>0.725561</speed><course>292.826556</course><hAcc>2.517818</hAcc><vAcc>1.729662</vAcc></extensions></trkpt>
      <trkpt lon="-77.053228" lat="38.903515"><ele>19.458508</ele><time>2024-04-08T22:10:50Z</time><extensions><speed>0.733225</speed><course>292.251678</course><hAcc>2.518503</hAcc><vAcc>1.729476</vAcc></extensions></trkpt>
      <trkpt lon="-77.053236" lat="38.903518"><ele>19.451801</ele><time>2024-04-08T22:10:51Z</time><extensions><speed>0.748308</speed><course>291.708318</course><hAcc>2.518839</hAcc><vAcc>1.729316</vAcc></extensions></trkpt>
      <trkpt lon="-77.053245" lat="38.903520"><ele>19.447778</ele><time>2024-04-08T22:10:52Z</time><extensions><speed>0.770493</speed><course>291.095102</course><hAcc>2.518521</hAcc><vAcc>1.729048</vAcc></extensions></trkpt>
      <trkpt lon="-77.053253" lat="38.903522"><ele>19.442355</ele><time>2024-04-08T22:10:53Z</time><extensions><speed>0.798135</speed><course>290.645398</course><hAcc>2.518168</hAcc><vAcc>1.728910</vAcc></extensions></trkpt>
      <trkpt lon="-77.053262" lat="38.903525"><ele>19.433960</ele><time>2024-04-08T22:10:54Z</time><extensions><speed>0.831170</speed><course>290.303172</course><hAcc>2.517715</hAcc><vAcc>1.728834</vAcc></extensions></trkpt>
      <trkpt lon="-77.053271" lat="38.903527"><ele>19.424973</ele><time>2024-04-08T22:10:55Z</time><extensions><speed>0.869535</speed><course>290.022182</course><hAcc>2.517247</hAcc><vAcc>1.728803</vAcc></extensions></trkpt>
      <trkpt lon="-77.053281" lat="38.903530"><ele>19.414007</ele><time>2024-04-08T22:10:56Z</time><extensions><speed>0.911608</speed><course>289.797408</course><hAcc>2.516893</hAcc><vAcc>1.728811</vAcc></extensions></trkpt>
      <trkpt lon="-77.053291" lat="38.903533"><ele>19.403559</ele><time>2024-04-08T22:10:57Z</time><extensions><speed>0.953151</speed><course>289.603956</course><hAcc>2.516751</hAcc><vAcc>1.728853</vAcc></extensions></trkpt>
      <trkpt lon="-77.053302" lat="38.903536"><ele>19.392635</ele><time>2024-04-08T22:10:58Z</time><extensions><speed>0.994703</speed><course>289.431370</course><hAcc>2.516798</hAcc><vAcc>1.728925</vAcc></extensions></trkpt>
      <trkpt lon="-77.053313" lat="38.903539"><ele>19.380441</ele><time>2024-04-08T22:10:59Z</time><extensions><speed>1.032037</speed><course>289.243497</course><hAcc>2.516963</hAcc><vAcc>1.729019</vAcc></extensions></trkpt>
      <trkpt lon="-77.053324" lat="38.903542"><ele>19.367292</ele><time>2024-04-08T22:11:00Z</time><extensions><speed>1.065633</speed><course>289.038248</course><hAcc>2.517157</hAcc><vAcc>1.729128</vAcc></extensions></trkpt>
      <trkpt lon="-77.053336" lat="38.903545"><ele>19.353586</ele><time>2024-04-08T22:11:01Z</time><extensions><speed>1.094080</speed><course>288.788626</course><hAcc>2.517358</hAcc><vAcc>1.729240</vAcc></extensions></trkpt>
      <trkpt lon="-77.053348" lat="38.903548"><ele>19.342103</ele><time>2024-04-08T22:11:02Z</time><extensions><speed>1.120970</speed><course>288.586685</course><hAcc>2.517656</hAcc><vAcc>1.729345</vAcc></extensions></trkpt>
      <trkpt lon="-77.053360" lat="38.903551"><ele>19.333766</ele><time>2024-04-08T22:11:03Z</time><extensions><speed>1.146367</speed><course>288.408898</course><hAcc>2.518044</hAcc><vAcc>1.729428</vAcc></extensions></trkpt>
      <trkpt lon="-77.053373" lat="38.903555"><ele>19.326620</ele><time>2024-04-08T22:11:04Z</time><extensions><speed>1.169621</speed><course>288.257860</course><hAcc>2.518495</hAcc><vAcc>1.729477</vAcc></extensions></trkpt>
      <trkpt lon="-77.053386" lat="38.903558"><ele>19.319445</ele><time>2024-04-08T22:11:05Z</time><extensions><speed>1.191405</speed><course>288.145159</course><hAcc>2.518984</hAcc><vAcc>1.729476</vAcc></extensions></trkpt>
      <trkpt lon="-77.053399" lat="38.903561"><ele>19.311035</ele><time>2024-04-08T22:11:06Z</time><extensions><speed>1.212128</speed><course>288.141107</course><hAcc>2.519489</hAcc><vAcc>1.729408</vAcc></extensions></trkpt>
      <trkpt lon="-77.053413" lat="38.903565"><ele>19.304167</ele><time>2024-04-08T22:11:07Z</time><extensions><speed>1.229937</speed><course>288.240194</course><hAcc>2.519982</hAcc><vAcc>1.729252</vAcc></extensions></trkpt>
      <trkpt lon="-77.053426" lat="38.903568"><ele>19.291772</ele><time>2024-04-08T22:11:08Z</time><extensions><speed>1.244492</speed><course>288.435240</course><hAcc>2.520430</hAcc><vAcc>1.728986</vAcc></extensions></trkpt>
      <trkpt lon="-77.053440" lat="38.903572"><ele>19.279462</ele><time>2024-04-08T22:11:09Z</time><extensions><speed>1.257988</speed><course>288.714865</course><hAcc>2.520794</hAcc><vAcc>1.728584</vAcc></extensions></trkpt>
      <trkpt lon="-77.053454" lat="38.903576"><ele>19.270194</ele><time>2024-04-08T22:11:10Z</time><extensions><speed>1.270403</speed><course>289.073854</course><hAcc>2.521036</hAcc><vAcc>1.728015</vAcc></extensions></trkpt>
      <trkpt lon="-77.053467" lat="38.903579"><ele>19.261087</ele><time>2024-04-08T22:11:11Z</time><extensions><speed>1.281920</speed><course>289.467678</course><hAcc>2.521123</hAcc><vAcc>1.727243</vAcc></extensions></trkpt>
      <trkpt lon="-77.053481" lat="38.903583"><ele>19.253681</ele><time>2024-04-08T22:11:12Z</time><extensions><speed>1.291631</speed><course>289.890646</course><hAcc>2.521025</hAcc><vAcc>1.726227</vAcc></extensions></trkpt>
      <trkpt lon="-77.053495" lat="38.903587"><ele>19.246661</ele><time>2024-04-08T22:11:13Z</time><extensions><speed>1.300405</speed><course>290.340130</course><hAcc>2.520715</hAcc><vAcc>1.724918</vAcc></extensions></trkpt>
      <trkpt lon="-77.053510" lat="38.903592"><ele>19.238230</ele><time>2024-04-08T22:11:14Z</time><extensions><speed>1.307283</speed><course>290.813753</course><hAcc>2.520180</hAcc><vAcc>1.723261</vAcc></extensions></trkpt>
      <trkpt lon="-77.053524" lat="38.903596"><ele>19.230861</ele><time>2024-04-08T22:11:15Z</time><extensions><speed>1.312639</speed><course>291.310298</course><hAcc>2.519391</hAcc><vAcc>1.721191</vAcc></extensions></trkpt>
      <trkpt lon="-77.053538" lat="38.903600"><ele>19.224231</ele><time>2024-04-08T22:11:16Z</time><extensions><speed>1.318725</speed><course>291.828261</course><hAcc>2.518282</hAcc><vAcc>1.718634</vAcc></extensions></trkpt>
      <trkpt lon="-77.053552" lat="38.903605"><ele>19.218018</ele><time>2024-04-08T22:11:17Z</time><extensions><speed>1.323554</speed><course>292.364701</course><hAcc>2.516738</hAcc><vAcc>1.715506</vAcc></extensions></trkpt>
      <trkpt lon="-77.053566" lat="38.903609"><ele>19.211564</ele><time>2024-04-08T22:11:18Z</time><extensions><speed>1.327967</speed><course>292.917449</course><hAcc>2.514588</hAcc><vAcc>1.711710</vAcc></extensions></trkpt>
      <trkpt lon="-77.053580" lat="38.903614"><ele>19.206131</ele><time>2024-04-08T22:11:19Z</time><extensions><speed>1.333860</speed><course>293.482246</course><hAcc>2.511594</hAcc><vAcc>1.707139</vAcc></extensions></trkpt>
      <trkpt lon="-77.053594" lat="38.903619"><ele>19.200959</ele><time>2024-04-08T22:11:20Z</time><extensions><speed>1.342356</speed><course>294.053277</course><hAcc>2.507469</hAcc><vAcc>1.701669</vAcc></extensions></trkpt>
      <trkpt lon="-77.053608" lat="38.903624"><ele>19.195659</ele><time>2024-04-08T22:11:21Z</time><extensions><speed>1.353265</speed><course>294.624260</course><hAcc>2.501888</hAcc><vAcc>1.695169</vAcc></extensions></trkpt>
      <trkpt lon="-77.053622" lat="38.903629"><ele>19.190673</ele><time>2024-04-08T22:11:22Z</time><extensions><speed>1.359393</speed><course>295.208078</course><hAcc>2.494462</hAcc><vAcc>1.687487</vAcc></extensions></trkpt>
      <trkpt lon="-77.053637" lat="38.903634"><ele>19.186274</ele><time>2024-04-08T22:11:23Z</time><extensions><speed>1.365111</speed><course>295.814567</course><hAcc>2.484773</hAcc><vAcc>1.678463</vAcc></extensions></trkpt>
      <trkpt lon="-77.053651" lat="38.903640"><ele>19.181899</ele><time>2024-04-08T22:11:24Z</time><extensions><speed>1.369833</speed><course>296.420460</course><hAcc>2.472597</hAcc><vAcc>1.667920</vAcc></extensions></trkpt>
      <trkpt lon="-77.053665" lat="38.903645"><ele>19.177316</ele><time>2024-04-08T22:11:25Z</time><extensions><speed>1.371736</speed><course>297.035936</course><hAcc>2.457713</hAcc><vAcc>1.655669</vAcc></extensions></trkpt>
      <trkpt lon="-77.053679" lat="38.903651"><ele>19.172274</ele><time>2024-04-08T22:11:26Z</time><extensions><speed>1.373196</speed><course>297.657906</course><hAcc>2.439876</hAcc><vAcc>1.641511</vAcc></extensions></trkpt>
      <trkpt lon="-77.053693" lat="38.903657"><ele>19.166669</ele><time>2024-04-08T22:11:27Z</time><extensions><speed>1.379365</speed><course>298.259664</course><hAcc>2.418854</hAcc><vAcc>1.625235</vAcc></extensions></trkpt>
      <trkpt lon="-77.053707" lat="38.903663"><ele>19.160439</ele><time>2024-04-08T22:11:28Z</time><extensions><speed>1.389766</speed><course>298.810703</course><hAcc>2.394487</hAcc><vAcc>1.606628</vAcc></extensions></trkpt>
      <trkpt lon="-77.053721" lat="38.903669"><ele>19.153783</ele><time>2024-04-08T22:11:29Z</time><extensions><speed>1.398431</speed><course>299.355995</course><hAcc>2.366608</hAcc><vAcc>1.585475</vAcc></extensions></trkpt>
      <trkpt lon="-77.053735" lat="38.903675"><ele>19.146343</ele><time>2024-04-08T22:11:30Z</time><extensions><speed>1.403864</speed><course>299.911022</course><hAcc>2.335104</hAcc><vAcc>1.561564</vAcc></extensions></trkpt>
      <trkpt lon="-77.053749" lat="38.903681"><ele>19.138324</ele><time>2024-04-08T22:11:31Z</time><extensions><speed>1.410037</speed><course>300.525043</course><hAcc>2.300007</hAcc><vAcc>1.534697</vAcc></extensions></trkpt>
      <trkpt lon="-77.053763" lat="38.903688"><ele>19.129740</ele><time>2024-04-08T22:11:32Z</time><extensions><speed>1.418531</speed><course>301.109498</course><hAcc>2.262041</hAcc><vAcc>1.504697</vAcc></extensions></trkpt>
      <trkpt lon="-77.053777" lat="38.903695"><ele>19.120822</ele><time>2024-04-08T22:11:33Z</time><extensions><speed>1.429153</speed><course>301.653078</course><hAcc>2.222646</hAcc><vAcc>1.471424</vAcc></extensions></trkpt>
      <trkpt lon="-77.053791" lat="38.903701"><ele>19.111354</ele><time>2024-04-08T22:11:34Z</time><extensions><speed>1.441869</speed><course>302.142293</course><hAcc>2.183953</hAcc><vAcc>1.434787</vAcc></extensions></trkpt>
      <trkpt lon="-77.053805" lat="38.903708"><ele>19.101564</ele><time>2024-04-08T22:11:35Z</time><extensions><speed>1.455987</speed><course>302.566772</course><hAcc>2.148987</hAcc><vAcc>1.394772</vAcc></extensions></trkpt>
      <trkpt lon="-77.053819" lat="38.903715"><ele>19.091462</ele><time>2024-04-08T22:11:36Z</time><extensions><speed>1.470430</speed><course>302.917512</course><hAcc>2.121874</hAcc><vAcc>1.351461</vAcc></extensions></trkpt>
      <trkpt lon="-77.053834" lat="38.903723"><ele>19.081420</ele><time>2024-04-08T22:11:37Z</time><extensions><speed>1.482232</speed><course>303.216263</course><hAcc>2.107964</hAcc><vAcc>1.305069</vAcc></extensions></trkpt>
      <trkpt lon="-77.053848" lat="38.903730"><ele>19.071129</ele><time>2024-04-08T22:11:38Z</time><extensions><speed>1.494033</speed><course>303.431067</course><hAcc>2.113900</hAcc><vAcc>1.255987</vAcc></extensions></trkpt>
      <trkpt lon="-77.053863" lat="38.903738"><ele>19.061295</ele><time>2024-04-08T22:11:39Z</time><extensions><speed>1.504660</speed><course>303.567426</course><hAcc>2.147437</hAcc><vAcc>1.204826</vAcc></extensions></trkpt>
      <trkpt lon="-77.053877" lat="38.903745"><ele>19.051796</ele><time>2024-04-08T22:11:40Z</time><extensions><speed>1.511804</speed><course>303.647103</course><hAcc>2.216946</hAcc><vAcc>1.152476</vAcc></extensions></trkpt>
      <trkpt lon="-77.053892" lat="38.903753"><ele>19.042591</ele><time>2024-04-08T22:11:41Z</time><extensions><speed>1.758064</speed><course>305.577202</course><hAcc>2.152024</hAcc><vAcc>1.100158</vAcc></extensions></trkpt>
      <trkpt lon="-77.053910" lat="38.903764"><ele>19.034002</ele><time>2024-04-08T22:11:42Z</time><extensions><speed>2.040499</speed><course>307.635140</course><hAcc>1.971480</hAcc><vAcc>1.049461</vAcc></extensions></trkpt>
      <trkpt lon="-77.053927" lat="38.903776"><ele>19.026091</ele><time>2024-04-08T22:11:43Z</time><extensions><speed>1.995300</speed><course>316.549519</course><hAcc>1.843447</hAcc><vAcc>1.002121</vAcc></extensions></trkpt>
      <trkpt lon="-77.053942" lat="38.903786"><ele>19.018582</ele><time>2024-04-08T22:11:44Z</time><extensions><speed>1.451275</speed><course>302.942076</course><hAcc>1.798135</hAcc><vAcc>0.959539</vAcc></extensions></trkpt>
      <trkpt lon="-77.053956" lat="38.903792"><ele>19.010759</ele><time>2024-04-08T22:11:45Z</time><extensions><speed>1.287625</speed><course>301.407191</course><hAcc>1.715877</hAcc><vAcc>0.922556</vAcc></extensions></trkpt>
      <trkpt lon="-77.053968" lat="38.903798"><ele>19.001640</ele><time>2024-04-08T22:11:46Z</time><extensions><speed>1.268774</speed><course>298.828802</course><hAcc>1.666287</hAcc><vAcc>0.891509</vAcc></extensions></trkpt>
      <trkpt lon="-77.053982" lat="38.903804"><ele>18.990214</ele><time>2024-04-08T22:11:47Z</time><extensions><speed>1.348394</speed><course>296.580244</course><hAcc>1.648290</hAcc><vAcc>0.866299</vAcc></extensions></trkpt>
      <trkpt lon="-77.053996" lat="38.903809"><ele>18.975618</ele><time>2024-04-08T22:11:48Z</time><extensions><speed>1.423270</speed><course>294.190995</course><hAcc>1.657960</hAcc><vAcc>0.846503</vAcc></extensions></trkpt>
      <trkpt lon="-77.054011" lat="38.903814"><ele>18.957167</ele><time>2024-04-08T22:11:49Z</time><extensions><speed>1.462685</speed><course>291.350255</course><hAcc>1.673550</hAcc><vAcc>0.831475</vAcc></extensions></trkpt>
      <trkpt lon="-77.054028" lat="38.903819"><ele>18.934390</ele><time>2024-04-08T22:11:50Z</time><extensions><speed>1.529314</speed><course>289.296558</course><hAcc>1.653706</hAcc><vAcc>0.820463</vAcc></extensions></trkpt>
      <trkpt lon="-77.054045" lat="38.903823"><ele>18.907221</ele><time>2024-04-08T22:11:51Z</time><extensions><speed>1.579329</speed><course>287.442872</course><hAcc>1.662129</hAcc><vAcc>0.812692</vAcc></extensions></trkpt>
      <trkpt lon="-77.054062" lat="38.903827"><ele>18.876193</ele><time>2024-04-08T22:11:52Z</time><extensions><speed>1.557416</speed><course>285.965086</course><hAcc>1.691686</hAcc><vAcc>0.807433</vAcc></extensions></trkpt>
      <trkpt lon="-77.054079" lat="38.903831"><ele>18.842475</ele><time>2024-04-08T22:11:53Z</time><extensions><speed>1.580677</speed><course>281.413043</course><hAcc>1.672732</hAcc><vAcc>0.804046</vAcc></extensions></trkpt>
      <trkpt lon="-77.054097" lat="38.903833"><ele>18.807541</ele><time>2024-04-08T22:11:54Z</time><extensions><speed>1.585436</speed><course>279.257392</course><hAcc>1.672217</hAcc><vAcc>0.802001</vAcc></extensions></trkpt>
      <trkpt lon="-77.054115" lat="38.903835"><ele>18.772702</ele><time>2024-04-08T22:11:55Z</time><extensions><speed>1.484690</speed><course>277.947926</course><hAcc>1.687551</hAcc><vAcc>0.800876</vAcc></extensions></trkpt>
      <trkpt lon="-77.054131" lat="38.903837"><ele>18.738814</ele><time>2024-04-08T22:11:56Z</time><extensions><speed>1.360652</speed><course>277.094279</course><hAcc>1.700562</hAcc><vAcc>0.800352</vAcc></extensions></trkpt>
      <trkpt lon="-77.054146" lat="38.903838"><ele>18.706244</ele><time>2024-04-08T22:11:57Z</time><extensions><speed>1.174320</speed><course>276.559559</course><hAcc>1.711747</hAcc><vAcc>0.800199</vAcc></extensions></trkpt>
      <trkpt lon="-77.054158" lat="38.903839"><ele>18.674897</ele><time>2024-04-08T22:11:58Z</time><extensions><speed>1.032586</speed><course>277.515061</course><hAcc>1.719679</hAcc><vAcc>0.800258</vAcc></extensions></trkpt>
      <trkpt lon="-77.054171" lat="38.903841"><ele>18.644391</ele><time>2024-04-08T22:11:59Z</time><extensions><speed>1.231481</speed><course>282.617062</course><hAcc>1.718429</hAcc><vAcc>0.800426</vAcc></extensions></trkpt>
      <trkpt lon="-77.054186" lat="38.903844"><ele>18.614573</ele><time>2024-04-08T22:12:00Z</time><extensions><speed>1.410074</speed><course>285.632766</course><hAcc>1.704845</hAcc><vAcc>0.800645</vAcc></extensions></trkpt>
      <trkpt lon="-77.054202" lat="38.903848"><ele>18.585727</ele><time>2024-04-08T22:12:01Z</time><extensions><speed>1.507154</speed><course>287.279554</course><hAcc>1.687732</hAcc><vAcc>0.800886</vAcc></extensions></trkpt>
      <trkpt lon="-77.054219" lat="38.903852"><ele>18.558323</ele><time>2024-04-08T22:12:02Z</time><extensions><speed>1.539351</speed><course>287.882304</course><hAcc>1.666197</hAcc><vAcc>0.801145</vAcc></extensions></trkpt>
      <trkpt lon="-77.054236" lat="38.903856"><ele>18.532790</ele><time>2024-04-08T22:12:03Z</time><extensions><speed>1.532709</speed><course>287.452479</course><hAcc>1.647291</hAcc><vAcc>0.801429</vAcc></extensions></trkpt>
      <trkpt lon="-77.054252" lat="38.903860"><ele>18.509324</ele><time>2024-04-08T22:12:04Z</time><extensions><speed>1.486073</speed><course>287.201409</course><hAcc>1.638015</hAcc><vAcc>0.801753</vAcc></extensions></trkpt>
      <trkpt lon="-77.054269" lat="38.903864"><ele>18.487877</ele><time>2024-04-08T22:12:05Z</time><extensions><speed>1.509080</speed><course>286.588510</course><hAcc>1.622726</hAcc><vAcc>0.802136</vAcc></extensions></trkpt>
      <trkpt lon="-77.054285" lat="38.903868"><ele>18.468345</ele><time>2024-04-08T22:12:06Z</time><extensions><speed>1.468235</speed><course>289.460149</course><hAcc>1.646265</hAcc><vAcc>0.802594</vAcc></extensions></trkpt>
      <trkpt lon="-77.054301" lat="38.903872"><ele>18.450546</ele><time>2024-04-08T22:12:07Z</time><extensions><speed>1.406869</speed><course>286.066578</course><hAcc>1.603321</hAcc><vAcc>0.803144</vAcc></extensions></trkpt>
      <trkpt lon="-77.054316" lat="38.903876"><ele>18.434066</ele><time>2024-04-08T22:12:08Z</time><extensions><speed>1.405549</speed><course>285.922791</course><hAcc>1.587700</hAcc><vAcc>0.803795</vAcc></extensions></trkpt>
      <trkpt lon="-77.054332" lat="38.903880"><ele>18.418281</ele><time>2024-04-08T22:12:09Z</time><extensions><speed>1.394622</speed><course>290.763873</course><hAcc>1.627418</hAcc><vAcc>0.804557</vAcc></extensions></trkpt>
      <trkpt lon="-77.054346" lat="38.903884"><ele>18.402429</ele><time>2024-04-08T22:12:10Z</time><extensions><speed>1.263499</speed><course>292.374750</course><hAcc>1.586285</hAcc><vAcc>0.805430</vAcc></extensions></trkpt>
      <trkpt lon="-77.054358" lat="38.903889"><ele>18.385561</ele><time>2024-04-08T22:12:11Z</time><extensions><speed>1.096845</speed><course>296.083862</course><hAcc>1.564969</hAcc><vAcc>0.806407</vAcc></extensions></trkpt>
      <trkpt lon="-77.054370" lat="38.903893"><ele>18.366738</ele><time>2024-04-08T22:12:12Z</time><extensions><speed>1.221041</speed><course>299.182216</course><hAcc>1.551922</hAcc><vAcc>0.807468</vAcc></extensions></trkpt>
      <trkpt lon="-77.054384" lat="38.903899"><ele>18.345625</ele><time>2024-04-08T22:12:13Z</time><extensions><speed>1.468734</speed><course>299.931581</course><hAcc>1.554638</hAcc><vAcc>0.808592</vAcc></extensions></trkpt>
      <trkpt lon="-77.054399" lat="38.903906"><ele>18.322724</ele><time>2024-04-08T22:12:14Z</time><extensions><speed>1.521968</speed><course>298.887692</course><hAcc>1.581265</hAcc><vAcc>0.809756</vAcc></extensions></trkpt>
      <trkpt lon="-77.054414" lat="38.903913"><ele>18.298889</ele><time>2024-04-08T22:12:15Z</time><extensions><speed>1.616083</speed><course>302.013735</course><hAcc>1.543635</hAcc><vAcc>0.810959</vAcc></extensions></trkpt>
      <trkpt lon="-77.054430" lat="38.903921"><ele>18.274848</ele><time>2024-04-08T22:12:16Z</time><extensions><speed>1.584296</speed><course>299.811989</course><hAcc>1.547424</hAcc><vAcc>0.812242</vAcc></extensions></trkpt>
      <trkpt lon="-77.054446" lat="38.903928"><ele>18.251114</ele><time>2024-04-08T22:12:17Z</time><extensions><speed>1.650943</speed><course>302.874116</course><hAcc>1.497993</hAcc><vAcc>0.813730</vAcc></extensions></trkpt>
      <trkpt lon="-77.054462" lat="38.903936"><ele>18.228008</ele><time>2024-04-08T22:12:18Z</time><extensions><speed>1.603116</speed><course>302.118364</course><hAcc>1.493523</hAcc><vAcc>0.815682</vAcc></extensions></trkpt>
      <trkpt lon="-77.054477" lat="38.903943"><ele>18.205651</ele><time>2024-04-08T22:12:19Z</time><extensions><speed>1.533278</speed><course>298.230740</course><hAcc>1.534326</hAcc><vAcc>0.818560</vAcc></extensions></trkpt>
      <trkpt lon="-77.054493" lat="38.903950"><ele>18.184065</ele><time>2024-04-08T22:12:20Z</time><extensions><speed>1.545120</speed><course>298.514333</course><hAcc>1.531514</hAcc><vAcc>0.823120</vAcc></extensions></trkpt>
      <trkpt lon="-77.054509" lat="38.903956"><ele>18.169695</ele><time>2024-04-08T22:12:21Z</time><extensions><speed>1.545496</speed><course>297.709066</course><hAcc>1.538090</hAcc><vAcc>0.823190</vAcc></extensions></trkpt>
      <trkpt lon="-77.054524" lat="38.903963"><ele>18.148340</ele><time>2024-04-08T22:12:22Z</time><extensions><speed>1.606639</speed><course>301.753476</course><hAcc>1.507018</hAcc><vAcc>0.823231</vAcc></extensions></trkpt>
      <trkpt lon="-77.054540" lat="38.903971"><ele>18.128556</ele><time>2024-04-08T22:12:23Z</time><extensions><speed>1.601321</speed><course>302.136909</course><hAcc>1.528059</hAcc><vAcc>0.823251</vAcc></extensions></trkpt>
      <trkpt lon="-77.054556" lat="38.903978"><ele>18.106125</ele><time>2024-04-08T22:12:24Z</time><extensions><speed>1.534371</speed><course>301.010788</course><hAcc>1.570253</hAcc><vAcc>0.823256</vAcc></extensions></trkpt>
      <trkpt lon="-77.054571" lat="38.903986"><ele>18.091068</ele><time>2024-04-08T22:12:25Z</time><extensions><speed>1.501194</speed><course>301.347785</course><hAcc>1.577446</hAcc><vAcc>0.823247</vAcc></extensions></trkpt>
      <trkpt lon="-77.054585" lat="38.903993"><ele>18.081985</ele><time>2024-04-08T22:12:26Z</time><extensions><speed>1.474956</speed><course>301.302011</course><hAcc>1.576839</hAcc><vAcc>0.823207</vAcc></extensions></trkpt>
      <trkpt lon="-77.054600" lat="38.903999"><ele>18.066028</ele><time>2024-04-08T22:12:27Z</time><extensions><speed>1.462631</speed><course>300.517156</course><hAcc>1.594310</hAcc><vAcc>0.823181</vAcc></extensions></trkpt>
      <trkpt lon="-77.054614" lat="38.904006"><ele>18.010810</ele><time>2024-04-08T22:12:28Z</time><extensions><speed>1.360439</speed><course>298.459182</course><hAcc>1.638577</hAcc><vAcc>0.823100</vAcc></extensions></trkpt>
      <trkpt lon="-77.054627" lat="38.904011"><ele>17.930193</ele><time>2024-04-08T22:12:29Z</time><extensions><speed>1.176546</speed><course>299.196499</course><hAcc>1.623042</hAcc><vAcc>0.822967</vAcc></extensions></trkpt>
      <trkpt lon="-77.054639" lat="38.904016"><ele>17.852059</ele><time>2024-04-08T22:12:30Z</time><extensions><speed>1.158851</speed><course>297.733867</course><hAcc>1.614932</hAcc><vAcc>0.822783</vAcc></extensions></trkpt>
      <trkpt lon="-77.054651" lat="38.904021"><ele>17.767495</ele><time>2024-04-08T22:12:31Z</time><extensions><speed>1.210504</speed><course>295.487231</course><hAcc>1.604626</hAcc><vAcc>0.822568</vAcc></extensions></trkpt>
      <trkpt lon="-77.054665" lat="38.904026"><ele>17.675532</ele><time>2024-04-08T22:12:32Z</time><extensions><speed>1.424997</speed><course>294.036874</course><hAcc>1.588905</hAcc><vAcc>0.822307</vAcc></extensions></trkpt>
      <trkpt lon="-77.054681" lat="38.904031"><ele>17.573853</ele><time>2024-04-08T22:12:33Z</time><extensions><speed>1.582381</speed><course>293.625670</course><hAcc>1.594298</hAcc><vAcc>0.822008</vAcc></extensions></trkpt>
      <trkpt lon="-77.054698" lat="38.904036"><ele>17.466832</ele><time>2024-04-08T22:12:34Z</time><extensions><speed>1.561562</speed><course>293.247007</course><hAcc>1.635609</hAcc><vAcc>0.821664</vAcc></extensions></trkpt>
      <trkpt lon="-77.054715" lat="38.904042"><ele>17.356136</ele><time>2024-04-08T22:12:35Z</time><extensions><speed>1.584202</speed><course>291.831661</course><hAcc>1.607225</hAcc><vAcc>0.821281</vAcc></extensions></trkpt>
      <trkpt lon="-77.054732" lat="38.904047"><ele>17.235745</ele><time>2024-04-08T22:12:36Z</time><extensions><speed>1.697477</speed><course>290.248665</course><hAcc>1.569149</hAcc><vAcc>0.820829</vAcc></extensions></trkpt>
      <trkpt lon="-77.054750" lat="38.904052"><ele>17.119549</ele><time>2024-04-08T22:12:37Z</time><extensions><speed>1.584376</speed><course>289.814332</course><hAcc>1.596602</hAcc><vAcc>0.820271</vAcc></extensions></trkpt>
      <trkpt lon="-77.054767" lat="38.904057"><ele>16.995653</ele><time>2024-04-08T22:12:38Z</time><extensions><speed>1.543088</speed><course>288.269751</course><hAcc>1.614230</hAcc><vAcc>0.819608</vAcc></extensions></trkpt>
      <trkpt lon="-77.054784" lat="38.904061"><ele>16.864257</ele><time>2024-04-08T22:12:39Z</time><extensions><speed>1.517169</speed><course>286.041784</course><hAcc>1.622690</hAcc><vAcc>0.818877</vAcc></extensions></trkpt>
      <trkpt lon="-77.054801" lat="38.904064"><ele>16.742564</ele><time>2024-04-08T22:12:40Z</time><extensions><speed>1.453356</speed><course>283.598925</course><hAcc>1.633540</hAcc><vAcc>0.818084</vAcc></extensions></trkpt>
      <trkpt lon="-77.054817" lat="38.904067"><ele>16.619774</ele><time>2024-04-08T22:12:41Z</time><extensions><speed>1.381205</speed><course>280.136033</course><hAcc>1.640645</hAcc><vAcc>0.817266</vAcc></extensions></trkpt>
      <trkpt lon="-77.054832" lat="38.904068"><ele>16.496159</ele><time>2024-04-08T22:12:42Z</time><extensions><speed>1.347499</speed><course>278.762986</course><hAcc>1.661543</hAcc><vAcc>0.816425</vAcc></extensions></trkpt>
      <trkpt lon="-77.054847" lat="38.904070"><ele>16.367482</ele><time>2024-04-08T22:12:43Z</time><extensions><speed>1.272955</speed><course>277.599530</course><hAcc>1.680583</hAcc><vAcc>0.815558</vAcc></extensions></trkpt>
      <trkpt lon="-77.054862" lat="38.904072"><ele>16.259707</ele><time>2024-04-08T22:12:44Z</time><extensions><speed>1.281427</speed><course>277.686252</course><hAcc>1.685465</hAcc><vAcc>0.814674</vAcc></extensions></trkpt>
      <trkpt lon="-77.054877" lat="38.904073"><ele>16.150838</ele><time>2024-04-08T22:12:45Z</time><extensions><speed>1.248695</speed><course>277.820256</course><hAcc>1.677495</hAcc><vAcc>0.813733</vAcc></extensions></trkpt>
      <trkpt lon="-77.054891" lat="38.904075"><ele>16.048465</ele><time>2024-04-08T22:12:46Z</time><extensions><speed>1.334711</speed><course>279.672008</course><hAcc>1.668745</hAcc><vAcc>0.812766</vAcc></extensions></trkpt>
      <trkpt lon="-77.054907" lat="38.904077"><ele>15.957200</ele><time>2024-04-08T22:12:47Z</time><extensions><speed>1.469632</speed><course>282.780908</course><hAcc>1.688864</hAcc><vAcc>0.811720</vAcc></extensions></trkpt>
      <trkpt lon="-77.054924" lat="38.904081"><ele>15.874288</ele><time>2024-04-08T22:12:48Z</time><extensions><speed>1.458068</speed><course>287.018713</course><hAcc>1.731666</hAcc><vAcc>0.810560</vAcc></extensions></trkpt>
      <trkpt lon="-77.054940" lat="38.904084"><ele>15.804626</ele><time>2024-04-08T22:12:49Z</time><extensions><speed>1.444410</speed><course>283.304737</course><hAcc>1.687349</hAcc><vAcc>0.809239</vAcc></extensions></trkpt>
      <trkpt lon="-77.054956" lat="38.904087"><ele>15.747238</ele><time>2024-04-08T22:12:50Z</time><extensions><speed>1.417791</speed><course>281.876722</course><hAcc>1.663863</hAcc><vAcc>0.807849</vAcc></extensions></trkpt>
      <trkpt lon="-77.054972" lat="38.904090"><ele>15.691158</ele><time>2024-04-08T22:12:51Z</time><extensions><speed>1.380912</speed><course>281.897645</course><hAcc>1.663331</hAcc><vAcc>0.806540</vAcc></extensions></trkpt>
      <trkpt lon="-77.054987" lat="38.904092"><ele>15.658691</ele><time>2024-04-08T22:12:52Z</time><extensions><speed>1.330771</speed><course>283.212434</course><hAcc>1.660856</hAcc><vAcc>0.805231</vAcc></extensions></trkpt>
      <trkpt lon="-77.055003" lat="38.904095"><ele>15.636669</ele><time>2024-04-08T22:12:53Z</time><extensions><speed>1.459593</speed><course>286.772577</course><hAcc>1.659089</hAcc><vAcc>0.803827</vAcc></extensions></trkpt>
      <trkpt lon="-77.055019" lat="38.904100"><ele>15.621124</ele><time>2024-04-08T22:12:54Z</time><extensions><speed>1.567882</speed><course>289.861779</course><hAcc>1.677713</hAcc><vAcc>0.802343</vAcc></extensions></trkpt>
      <trkpt lon="-77.055036" lat="38.904105"><ele>15.612222</ele><time>2024-04-08T22:12:55Z</time><extensions><speed>1.567799</speed><course>292.415843</course><hAcc>1.711683</hAcc><vAcc>0.800799</vAcc></extensions></trkpt>
      <trkpt lon="-77.055053" lat="38.904110"><ele>15.605849</ele><time>2024-04-08T22:12:56Z</time><extensions><speed>1.572584</speed><course>292.542067</course><hAcc>1.679586</hAcc><vAcc>0.799218</vAcc></extensions></trkpt>
      <trkpt lon="-77.055070" lat="38.904116"><ele>15.614294</ele><time>2024-04-08T22:12:57Z</time><extensions><speed>1.595363</speed><course>292.700187</course><hAcc>1.648027</hAcc><vAcc>0.797620</vAcc></extensions></trkpt>
      <trkpt lon="-77.055087" lat="38.904121"><ele>15.630547</ele><time>2024-04-08T22:12:58Z</time><extensions><speed>1.605164</speed><course>293.073182</course><hAcc>1.650764</hAcc><vAcc>0.796059</vAcc></extensions></trkpt>
      <trkpt lon="-77.055104" lat="38.904127"><ele>15.656251</ele><time>2024-04-08T22:12:59Z</time><extensions><speed>1.619186</speed><course>293.501270</course><hAcc>1.683594</hAcc><vAcc>0.794629</vAcc></extensions></trkpt>
      <trkpt lon="-77.055121" lat="38.904133"><ele>15.671768</ele><time>2024-04-08T22:13:00Z</time><extensions><speed>1.591752</speed><course>293.971513</course><hAcc>1.729655</hAcc><vAcc>0.793225</vAcc></extensions></trkpt>
      <trkpt lon="-77.055137" lat="38.904139"><ele>15.704037</ele><time>2024-04-08T22:13:01Z</time><extensions><speed>1.535190</speed><course>293.964746</course><hAcc>1.706230</hAcc><vAcc>0.791968</vAcc></extensions></trkpt>
      <trkpt lon="-77.055153" lat="38.904144"><ele>15.745684</ele><time>2024-04-08T22:13:02Z</time><extensions><speed>1.487886</speed><course>293.995406</course><hAcc>1.700619</hAcc><vAcc>0.790971</vAcc></extensions></trkpt>
      <trkpt lon="-77.055169" lat="38.904150"><ele>15.772116</ele><time>2024-04-08T22:13:03Z</time><extensions><speed>1.443860</speed><course>293.968414</course><hAcc>1.710404</hAcc><vAcc>0.790127</vAcc></extensions></trkpt>
      <trkpt lon="-77.055184" lat="38.904155"><ele>15.809700</ele><time>2024-04-08T22:13:04Z</time><extensions><speed>1.432517</speed><course>293.986573</course><hAcc>1.724851</hAcc><vAcc>0.789399</vAcc></extensions></trkpt>
      <trkpt lon="-77.055199" lat="38.904160"><ele>15.833682</ele><time>2024-04-08T22:13:05Z</time><extensions><speed>1.380462</speed><course>294.011969</course><hAcc>1.737000</hAcc><vAcc>0.788790</vAcc></extensions></trkpt>
      <trkpt lon="-77.055213" lat="38.904165"><ele>15.848330</ele><time>2024-04-08T22:13:06Z</time><extensions><speed>1.382066</speed><course>294.042120</course><hAcc>1.744735</hAcc><vAcc>0.788336</vAcc></extensions></trkpt>
      <trkpt lon="-77.055228" lat="38.904170"><ele>15.853973</ele><time>2024-04-08T22:13:07Z</time><extensions><speed>1.428921</speed><course>294.069138</course><hAcc>1.746629</hAcc><vAcc>0.788027</vAcc></extensions></trkpt>
      <trkpt lon="-77.055243" lat="38.904176"><ele>15.854476</ele><time>2024-04-08T22:13:08Z</time><extensions><speed>1.412340</speed><course>294.090954</course><hAcc>1.745866</hAcc><vAcc>0.787998</vAcc></extensions></trkpt>
      <trkpt lon="-77.055259" lat="38.904181"><ele>15.854197</ele><time>2024-04-08T22:13:09Z</time><extensions><speed>1.498144</speed><course>294.121211</course><hAcc>1.741052</hAcc><vAcc>0.788274</vAcc></extensions></trkpt>
      <trkpt lon="-77.055275" lat="38.904187"><ele>15.837407</ele><time>2024-04-08T22:13:10Z</time><extensions><speed>1.560788</speed><course>294.166255</course><hAcc>1.724206</hAcc><vAcc>0.788869</vAcc></extensions></trkpt>
      <trkpt lon="-77.055292" lat="38.904193"><ele>15.797882</ele><time>2024-04-08T22:13:11Z</time><extensions><speed>1.631531</speed><course>294.246067</course><hAcc>1.732885</hAcc><vAcc>0.789798</vAcc></extensions></trkpt>
      <trkpt lon="-77.055308" lat="38.904198"><ele>15.751523</ele><time>2024-04-08T22:13:12Z</time><extensions><speed>1.569359</speed><course>294.418149</course><hAcc>1.758281</hAcc><vAcc>0.791072</vAcc></extensions></trkpt>
      <trkpt lon="-77.055325" lat="38.904204"><ele>15.694214</ele><time>2024-04-08T22:13:13Z</time><extensions><speed>1.571291</speed><course>294.473625</course><hAcc>1.734879</hAcc><vAcc>0.792631</vAcc></extensions></trkpt>
      <trkpt lon="-77.055341" lat="38.904210"><ele>15.628712</ele><time>2024-04-08T22:13:14Z</time><extensions><speed>1.572662</speed><course>294.503151</course><hAcc>1.717456</hAcc><vAcc>0.794444</vAcc></extensions></trkpt>
      <trkpt lon="-77.055358" lat="38.904216"><ele>15.544100</ele><time>2024-04-08T22:13:15Z</time><extensions><speed>1.548528</speed><course>294.519364</course><hAcc>1.713286</hAcc><vAcc>0.796491</vAcc></extensions></trkpt>
      <trkpt lon="-77.055374" lat="38.904222"><ele>15.447758</ele><time>2024-04-08T22:13:16Z</time><extensions><speed>1.484997</speed><course>294.527621</course><hAcc>1.714161</hAcc><vAcc>0.798709</vAcc></extensions></trkpt>
      <trkpt lon="-77.055389" lat="38.904227"><ele>15.351833</ele><time>2024-04-08T22:13:17Z</time><extensions><speed>1.398045</speed><course>294.528644</course><hAcc>1.718305</hAcc><vAcc>0.801055</vAcc></extensions></trkpt>
      <trkpt lon="-77.055403" lat="38.904232"><ele>15.260794</ele><time>2024-04-08T22:13:18Z</time><extensions><speed>1.304276</speed><course>294.519335</course><hAcc>1.728347</hAcc><vAcc>0.803505</vAcc></extensions></trkpt>
      <trkpt lon="-77.055417" lat="38.904237"><ele>15.159430</ele><time>2024-04-08T22:13:19Z</time><extensions><speed>1.313124</speed><course>294.482509</course><hAcc>1.707604</hAcc><vAcc>0.805995</vAcc></extensions></trkpt>
      <trkpt lon="-77.055431" lat="38.904242"><ele>15.051949</ele><time>2024-04-08T22:13:20Z</time><extensions><speed>1.283174</speed><course>294.403187</course><hAcc>1.689084</hAcc><vAcc>0.808439</vAcc></extensions></trkpt>
      <trkpt lon="-77.055444" lat="38.904247"><ele>14.953634</ele><time>2024-04-08T22:13:21Z</time><extensions><speed>1.185774</speed><course>294.357179</course><hAcc>1.682814</hAcc><vAcc>0.810783</vAcc></extensions></trkpt>
      <trkpt lon="-77.055457" lat="38.904251"><ele>14.862932</ele><time>2024-04-08T22:13:22Z</time><extensions><speed>1.447417</speed><course>294.325191</course><hAcc>1.681291</hAcc><vAcc>0.812985</vAcc></extensions></trkpt>
      <trkpt lon="-77.055473" lat="38.904257"><ele>14.767692</ele><time>2024-04-08T22:13:23Z</time><extensions><speed>1.442797</speed><course>294.314465</course><hAcc>1.693132</hAcc><vAcc>0.815005</vAcc></extensions></trkpt>
      <trkpt lon="-77.055488" lat="38.904262"><ele>14.678171</ele><time>2024-04-08T22:13:24Z</time><extensions><speed>1.377818</speed><course>294.340230</course><hAcc>1.676662</hAcc><vAcc>0.816829</vAcc></extensions></trkpt>
      <trkpt lon="-77.055502" lat="38.904267"><ele>14.585931</ele><time>2024-04-08T22:13:25Z</time><extensions><speed>1.348493</speed><course>294.626820</course><hAcc>1.665338</hAcc><vAcc>0.818438</vAcc></extensions></trkpt>
      <trkpt lon="-77.055516" lat="38.904273"><ele>14.517821</ele><time>2024-04-08T22:13:26Z</time><extensions><speed>1.432370</speed><course>294.967750</course><hAcc>1.650246</hAcc><vAcc>0.819822</vAcc></extensions></trkpt>
      <trkpt lon="-77.055531" lat="38.904279"><ele>14.445344</ele><time>2024-04-08T22:13:27Z</time><extensions><speed>1.513717</speed><course>295.589944</course><hAcc>1.639554</hAcc><vAcc>0.820997</vAcc></extensions></trkpt>
      <trkpt lon="-77.055547" lat="38.904285"><ele>14.380501</ele><time>2024-04-08T22:13:28Z</time><extensions><speed>1.571735</speed><course>296.173293</course><hAcc>1.652152</hAcc><vAcc>0.821969</vAcc></extensions></trkpt>
      <trkpt lon="-77.055563" lat="38.904291"><ele>14.316608</ele><time>2024-04-08T22:13:29Z</time><extensions><speed>1.502880</speed><course>296.746808</course><hAcc>1.685759</hAcc><vAcc>0.822763</vAcc></extensions></trkpt>
      <trkpt lon="-77.055578" lat="38.904297"><ele>14.257986</ele><time>2024-04-08T22:13:30Z</time><extensions><speed>1.482415</speed><course>298.804121</course><hAcc>1.662643</hAcc><vAcc>0.823399</vAcc></extensions></trkpt>
      <trkpt lon="-77.055593" lat="38.904304"><ele>14.203436</ele><time>2024-04-08T22:13:31Z</time><extensions><speed>1.421011</speed><course>301.548904</course><hAcc>1.641325</hAcc><vAcc>0.823905</vAcc></extensions></trkpt>
      <trkpt lon="-77.055607" lat="38.904311"><ele>14.144300</ele><time>2024-04-08T22:13:32Z</time><extensions><speed>1.436559</speed><course>304.080878</course><hAcc>1.637741</hAcc><vAcc>0.824290</vAcc></extensions></trkpt>
      <trkpt lon="-77.055620" lat="38.904318"><ele>14.088443</ele><time>2024-04-08T22:13:33Z</time><extensions><speed>1.462231</speed><course>305.827690</course><hAcc>1.649449</hAcc><vAcc>0.824570</vAcc></extensions></trkpt>
      <trkpt lon="-77.055634" lat="38.904326"><ele>14.011523</ele><time>2024-04-08T22:13:34Z</time><extensions><speed>1.428494</speed><course>307.089018</course><hAcc>1.670151</hAcc><vAcc>0.824778</vAcc></extensions></trkpt>
      <trkpt lon="-77.055646" lat="38.904334"><ele>13.918173</ele><time>2024-04-08T22:13:35Z</time><extensions><speed>1.374270</speed><course>309.454433</course><hAcc>1.671777</hAcc><vAcc>0.824940</vAcc></extensions></trkpt>
      <trkpt lon="-77.055658" lat="38.904342"><ele>13.812803</ele><time>2024-04-08T22:13:36Z</time><extensions><speed>1.373547</speed><course>311.314991</course><hAcc>1.660506</hAcc><vAcc>0.825028</vAcc></extensions></trkpt>
      <trkpt lon="-77.055670" lat="38.904350"><ele>13.698835</ele><time>2024-04-08T22:13:37Z</time><extensions><speed>1.358703</speed><course>310.065114</course><hAcc>1.661057</hAcc><vAcc>0.825046</vAcc></extensions></trkpt>
      <trkpt lon="-77.055682" lat="38.904358"><ele>13.569968</ele><time>2024-04-08T22:13:38Z</time><extensions><speed>1.367021</speed><course>307.828810</course><hAcc>1.654578</hAcc><vAcc>0.825016</vAcc></extensions></trkpt>
      <trkpt lon="-77.055695" lat="38.904365"><ele>13.432713</ele><time>2024-04-08T22:13:39Z</time><extensions><speed>1.380010</speed><course>305.230894</course><hAcc>1.645472</hAcc><vAcc>0.824949</vAcc></extensions></trkpt>
      <trkpt lon="-77.055708" lat="38.904372"><ele>13.283964</ele><time>2024-04-08T22:13:40Z</time><extensions><speed>1.414791</speed><course>302.611918</course><hAcc>1.642010</hAcc><vAcc>0.824879</vAcc></extensions></trkpt>
      <trkpt lon="-77.055722" lat="38.904379"><ele>13.152259</ele><time>2024-04-08T22:13:41Z</time><extensions><speed>1.427883</speed><course>300.039401</course><hAcc>1.647960</hAcc><vAcc>0.824789</vAcc></extensions></trkpt>
      <trkpt lon="-77.055737" lat="38.904385"><ele>12.995638</ele><time>2024-04-08T22:13:42Z</time><extensions><speed>1.419549</speed><course>298.991138</course><hAcc>1.637878</hAcc><vAcc>0.824675</vAcc></extensions></trkpt>
      <trkpt lon="-77.055751" lat="38.904391"><ele>12.824834</ele><time>2024-04-08T22:13:43Z</time><extensions><speed>1.373194</speed><course>297.343221</course><hAcc>1.647526</hAcc><vAcc>0.824510</vAcc></extensions></trkpt>
      <trkpt lon="-77.055764" lat="38.904396"><ele>12.631403</ele><time>2024-04-08T22:13:44Z</time><extensions><speed>1.280607</speed><course>296.772335</course><hAcc>1.636260</hAcc><vAcc>0.824334</vAcc></extensions></trkpt>
      <trkpt lon="-77.055778" lat="38.904402"><ele>12.435555</ele><time>2024-04-08T22:13:45Z</time><extensions><speed>1.282384</speed><course>295.921518</course><hAcc>1.654783</hAcc><vAcc>0.824143</vAcc></extensions></trkpt>
      <trkpt lon="-77.055790" lat="38.904406"><ele>12.261863</ele><time>2024-04-08T22:13:46Z</time><extensions><speed>1.205858</speed><course>296.207315</course><hAcc>1.628338</hAcc><vAcc>0.823954</vAcc></extensions></trkpt>
      <trkpt lon="-77.055803" lat="38.904411"><ele>12.084099</ele><time>2024-04-08T22:13:47Z</time><extensions><speed>1.195922</speed><course>296.265925</course><hAcc>1.609825</hAcc><vAcc>0.823775</vAcc></extensions></trkpt>
      <trkpt lon="-77.055815" lat="38.904416"><ele>11.902748</ele><time>2024-04-08T22:13:48Z</time><extensions><speed>1.225827</speed><course>295.763350</course><hAcc>1.608521</hAcc><vAcc>0.823600</vAcc></extensions></trkpt>
      <trkpt lon="-77.055828" lat="38.904421"><ele>11.719093</ele><time>2024-04-08T22:13:49Z</time><extensions><speed>1.275666</speed><course>294.944958</course><hAcc>1.633776</hAcc><vAcc>0.823437</vAcc></extensions></trkpt>
      <trkpt lon="-77.055842" lat="38.904426"><ele>11.536360</ele><time>2024-04-08T22:13:50Z</time><extensions><speed>1.371389</speed><course>294.353526</course><hAcc>1.683996</hAcc><vAcc>0.823298</vAcc></extensions></trkpt>
      <trkpt lon="-77.055857" lat="38.904431"><ele>11.349093</ele><time>2024-04-08T22:13:51Z</time><extensions><speed>1.354608</speed><course>293.419090</course><hAcc>1.647638</hAcc><vAcc>0.823209</vAcc></extensions></trkpt>
      <trkpt lon="-77.055871" lat="38.904436"><ele>11.172926</ele><time>2024-04-08T22:13:52Z</time><extensions><speed>1.325529</speed><course>293.245797</course><hAcc>1.639474</hAcc><vAcc>0.823156</vAcc></extensions></trkpt>
      <trkpt lon="-77.055885" lat="38.904440"><ele>10.983620</ele><time>2024-04-08T22:13:53Z</time><extensions><speed>1.280458</speed><course>293.066396</course><hAcc>1.630874</hAcc><vAcc>0.823105</vAcc></extensions></trkpt>
      <trkpt lon="-77.055898" lat="38.904445"><ele>10.797319</ele><time>2024-04-08T22:13:54Z</time><extensions><speed>1.235687</speed><course>293.006328</course><hAcc>1.626669</hAcc><vAcc>0.823079</vAcc></extensions></trkpt>
      <trkpt lon="-77.055912" lat="38.904449"><ele>10.635275</ele><time>2024-04-08T22:13:55Z</time><extensions><speed>1.310097</speed><course>293.029895</course><hAcc>1.632958</hAcc><vAcc>0.823084</vAcc></extensions></trkpt>
      <trkpt lon="-77.055926" lat="38.904454"><ele>10.485802</ele><time>2024-04-08T22:13:56Z</time><extensions><speed>1.453739</speed><course>293.427199</course><hAcc>1.664215</hAcc><vAcc>0.823119</vAcc></extensions></trkpt>
      <trkpt lon="-77.055942" lat="38.904459"><ele>10.339260</ele><time>2024-04-08T22:13:57Z</time><extensions><speed>1.473057</speed><course>294.168531</course><hAcc>1.710891</hAcc><vAcc>0.823177</vAcc></extensions></trkpt>
      <trkpt lon="-77.055957" lat="38.904465"><ele>10.197540</ele><time>2024-04-08T22:13:58Z</time><extensions><speed>1.457649</speed><course>294.560315</course><hAcc>1.670947</hAcc><vAcc>0.823257</vAcc></extensions></trkpt>
      <trkpt lon="-77.055972" lat="38.904470"><ele>10.065070</ele><time>2024-04-08T22:13:59Z</time><extensions><speed>1.384690</speed><course>294.991302</course><hAcc>1.658623</hAcc><vAcc>0.823346</vAcc></extensions></trkpt>
      <trkpt lon="-77.055986" lat="38.904475"><ele>9.937234</ele><time>2024-04-08T22:14:00Z</time><extensions><speed>1.257973</speed><course>295.556131</course><hAcc>1.673493</hAcc><vAcc>0.823437</vAcc></extensions></trkpt>
      <trkpt lon="-77.055998" lat="38.904480"><ele>9.823868</ele><time>2024-04-08T22:14:01Z</time><extensions><speed>1.140708</speed><course>296.234674</course><hAcc>1.692047</hAcc><vAcc>0.823528</vAcc></extensions></trkpt>
      <trkpt lon="-77.056010" lat="38.904485"><ele>9.731597</ele><time>2024-04-08T22:14:02Z</time><extensions><speed>1.166734</speed><course>296.719399</course><hAcc>1.697600</hAcc><vAcc>0.823620</vAcc></extensions></trkpt>
      <trkpt lon="-77.056022" lat="38.904489"><ele>9.645797</ele><time>2024-04-08T22:14:03Z</time><extensions><speed>1.130343</speed><course>297.155894</course><hAcc>1.700959</hAcc><vAcc>0.823702</vAcc></extensions></trkpt>
      <trkpt lon="-77.056033" lat="38.904494"><ele>9.585792</ele><time>2024-04-08T22:14:04Z</time><extensions><speed>1.093345</speed><course>297.222645</course><hAcc>1.701832</hAcc><vAcc>0.823782</vAcc></extensions></trkpt>
      <trkpt lon="-77.056045" lat="38.904499"><ele>9.534992</ele><time>2024-04-08T22:14:05Z</time><extensions><speed>1.081328</speed><course>296.396785</course><hAcc>1.696261</hAcc><vAcc>0.823855</vAcc></extensions></trkpt>
      <trkpt lon="-77.056056" lat="38.904503"><ele>9.498101</ele><time>2024-04-08T22:14:06Z</time><extensions><speed>1.149851</speed><course>295.119585</course><hAcc>1.682547</hAcc><vAcc>0.823932</vAcc></extensions></trkpt>
      <trkpt lon="-77.056069" lat="38.904508"><ele>9.466895</ele><time>2024-04-08T22:14:07Z</time><extensions><speed>1.323683</speed><course>294.553264</course><hAcc>1.663707</hAcc><vAcc>0.824025</vAcc></extensions></trkpt>
      <trkpt lon="-77.056084" lat="38.904513"><ele>9.447702</ele><time>2024-04-08T22:14:08Z</time><extensions><speed>1.531093</speed><course>294.804693</course><hAcc>1.663580</hAcc><vAcc>0.824129</vAcc></extensions></trkpt>
      <trkpt lon="-77.056100" lat="38.904519"><ele>9.425781</ele><time>2024-04-08T22:14:09Z</time><extensions><speed>1.512591</speed><course>295.397031</course><hAcc>1.687663</hAcc><vAcc>0.824228</vAcc></extensions></trkpt>
      <trkpt lon="-77.056116" lat="38.904525"><ele>9.400562</ele><time>2024-04-08T22:14:10Z</time><extensions><speed>1.486463</speed><course>296.995903</course><hAcc>1.654673</hAcc><vAcc>0.824334</vAcc></extensions></trkpt>
      <trkpt lon="-77.056131" lat="38.904531"><ele>9.402245</ele><time>2024-04-08T22:14:11Z</time><extensions><speed>1.454295</speed><course>298.621624</course><hAcc>1.615025</hAcc><vAcc>0.824447</vAcc></extensions></trkpt>
      <trkpt lon="-77.056146" lat="38.904537"><ele>9.409970</ele><time>2024-04-08T22:14:12Z</time><extensions><speed>1.507726</speed><course>299.098935</course><hAcc>1.596204</hAcc><vAcc>0.824567</vAcc></extensions></trkpt>
      <trkpt lon="-77.056161" lat="38.904544"><ele>9.419042</ele><time>2024-04-08T22:14:13Z</time><extensions><speed>1.584719</speed><course>298.264783</course><hAcc>1.612899</hAcc><vAcc>0.824697</vAcc></extensions></trkpt>
      <trkpt lon="-77.056177" lat="38.904550"><ele>9.432257</ele><time>2024-04-08T22:14:14Z</time><extensions><speed>1.506874</speed><course>296.047356</course><hAcc>1.660317</hAcc><vAcc>0.824830</vAcc></extensions></trkpt>
      <trkpt lon="-77.056193" lat="38.904556"><ele>9.451456</ele><time>2024-04-08T22:14:15Z</time><extensions><speed>1.521570</speed><course>294.929512</course><hAcc>1.629763</hAcc><vAcc>0.824970</vAcc></extensions></trkpt>
      <trkpt lon="-77.056209" lat="38.904562"><ele>9.471844</ele><time>2024-04-08T22:14:16Z</time><extensions><speed>1.489095</speed><course>293.475172</course><hAcc>1.627207</hAcc><vAcc>0.825122</vAcc></extensions></trkpt>
      <trkpt lon="-77.056224" lat="38.904567"><ele>9.498557</ele><time>2024-04-08T22:14:17Z</time><extensions><speed>1.450558</speed><course>292.625593</course><hAcc>1.640387</hAcc><vAcc>0.825275</vAcc></extensions></trkpt>
      <trkpt lon="-77.056240" lat="38.904572"><ele>9.535624</ele><time>2024-04-08T22:14:18Z</time><extensions><speed>1.398841</speed><course>292.190201</course><hAcc>1.642375</hAcc><vAcc>0.825416</vAcc></extensions></trkpt>
      <trkpt lon="-77.056255" lat="38.904577"><ele>9.568481</ele><time>2024-04-08T22:14:19Z</time><extensions><speed>1.381921</speed><course>292.536727</course><hAcc>1.657931</hAcc><vAcc>0.825544</vAcc></extensions></trkpt>
      <trkpt lon="-77.056269" lat="38.904582"><ele>9.604357</ele><time>2024-04-08T22:14:20Z</time><extensions><speed>1.426717</speed><course>293.071497</course><hAcc>1.679125</hAcc><vAcc>0.825649</vAcc></extensions></trkpt>
      <trkpt lon="-77.056285" lat="38.904587"><ele>9.644862</ele><time>2024-04-08T22:14:21Z</time><extensions><speed>1.493501</speed><course>293.097615</course><hAcc>1.694888</hAcc><vAcc>0.825729</vAcc></extensions></trkpt>
      <trkpt lon="-77.056301" lat="38.904592"><ele>9.696346</ele><time>2024-04-08T22:14:22Z</time><extensions><speed>1.533065</speed><course>292.617188</course><hAcc>1.701672</hAcc><vAcc>0.825786</vAcc></extensions></trkpt>
      <trkpt lon="-77.056317" lat="38.904597"><ele>9.761541</ele><time>2024-04-08T22:14:23Z</time><extensions><speed>1.538247</speed><course>291.969860</course><hAcc>1.701250</hAcc><vAcc>0.825830</vAcc></extensions></trkpt>
      <trkpt lon="-77.056334" lat="38.904602"><ele>9.814839</ele><time>2024-04-08T22:14:24Z</time><extensions><speed>1.561350</speed><course>291.632121</course><hAcc>1.695147</hAcc><vAcc>0.825833</vAcc></extensions></trkpt>
      <trkpt lon="-77.056351" lat="38.904608"><ele>9.866868</ele><time>2024-04-08T22:14:25Z</time><extensions><speed>1.564887</speed><course>291.565988</course><hAcc>1.685542</hAcc><vAcc>0.825817</vAcc></extensions></trkpt>
      <trkpt lon="-77.056368" lat="38.904613"><ele>9.934836</ele><time>2024-04-08T22:14:26Z</time><extensions><speed>1.561362</speed><course>291.790668</course><hAcc>1.678593</hAcc><vAcc>0.825785</vAcc></extensions></trkpt>
      <trkpt lon="-77.056384" lat="38.904618"><ele>10.015628</ele><time>2024-04-08T22:14:27Z</time><extensions><speed>1.533601</speed><course>292.325804</course><hAcc>1.677049</hAcc><vAcc>0.825715</vAcc></extensions></trkpt>
      <trkpt lon="-77.056401" lat="38.904623"><ele>10.101670</ele><time>2024-04-08T22:14:28Z</time><extensions><speed>1.530314</speed><course>292.655800</course><hAcc>1.659171</hAcc><vAcc>0.825629</vAcc></extensions></trkpt>
      <trkpt lon="-77.056417" lat="38.904629"><ele>10.202113</ele><time>2024-04-08T22:14:29Z</time><extensions><speed>1.524497</speed><course>293.167706</course><hAcc>1.650355</hAcc><vAcc>0.825517</vAcc></extensions></trkpt>
      <trkpt lon="-77.056433" lat="38.904634"><ele>10.312175</ele><time>2024-04-08T22:14:30Z</time><extensions><speed>1.505335</speed><course>293.780743</course><hAcc>1.651581</hAcc><vAcc>0.825383</vAcc></extensions></trkpt>
      <trkpt lon="-77.056449" lat="38.904640"><ele>10.437323</ele><time>2024-04-08T22:14:31Z</time><extensions><speed>1.511551</speed><course>294.228989</course><hAcc>1.635208</hAcc><vAcc>0.825238</vAcc></extensions></trkpt>
      <trkpt lon="-77.056465" lat="38.904645"><ele>10.577368</ele><time>2024-04-08T22:14:32Z</time><extensions><speed>1.498067</speed><course>294.653761</course><hAcc>1.653046</hAcc><vAcc>0.825064</vAcc></extensions></trkpt>
      <trkpt lon="-77.056480" lat="38.904651"><ele>10.728661</ele><time>2024-04-08T22:14:33Z</time><extensions><speed>1.453709</speed><course>294.838653</course><hAcc>1.678383</hAcc><vAcc>0.824888</vAcc></extensions></trkpt>
      <trkpt lon="-77.056495" lat="38.904656"><ele>10.878543</ele><time>2024-04-08T22:14:34Z</time><extensions><speed>1.439331</speed><course>294.895608</course><hAcc>1.660051</hAcc><vAcc>0.824711</vAcc></extensions></trkpt>
      <trkpt lon="-77.056510" lat="38.904662"><ele>11.030540</ele><time>2024-04-08T22:14:35Z</time><extensions><speed>1.448869</speed><course>294.916856</course><hAcc>1.657734</hAcc><vAcc>0.824541</vAcc></extensions></trkpt>
      <trkpt lon="-77.056525" lat="38.904668"><ele>11.190425</ele><time>2024-04-08T22:14:36Z</time><extensions><speed>1.465559</speed><course>295.536991</course><hAcc>1.671577</hAcc><vAcc>0.824373</vAcc></extensions></trkpt>
      <trkpt lon="-77.056541" lat="38.904673"><ele>11.372260</ele><time>2024-04-08T22:14:37Z</time><extensions><speed>1.475228</speed><course>296.555724</course><hAcc>1.683011</hAcc><vAcc>0.824223</vAcc></extensions></trkpt>
      <trkpt lon="-77.056556" lat="38.904680"><ele>11.561067</ele><time>2024-04-08T22:14:38Z</time><extensions><speed>1.486259</speed><course>297.595969</course><hAcc>1.687126</hAcc><vAcc>0.824095</vAcc></extensions></trkpt>
      <trkpt lon="-77.056571" lat="38.904686"><ele>11.738478</ele><time>2024-04-08T22:14:39Z</time><extensions><speed>1.478269</speed><course>298.253967</course><hAcc>1.687182</hAcc><vAcc>0.829649</vAcc></extensions></trkpt>
      <trkpt lon="-77.056586" lat="38.904692"><ele>11.913363</ele><time>2024-04-08T22:14:40Z</time><extensions><speed>1.449829</speed><course>298.018915</course><hAcc>1.686801</hAcc><vAcc>0.839307</vAcc></extensions></trkpt>
      <trkpt lon="-77.056600" lat="38.904698"><ele>12.083181</ele><time>2024-04-08T22:14:41Z</time><extensions><speed>1.397785</speed><course>296.903177</course><hAcc>1.677618</hAcc><vAcc>0.854424</vAcc></extensions></trkpt>
      <trkpt lon="-77.056615" lat="38.904703"><ele>12.245479</ele><time>2024-04-08T22:14:42Z</time><extensions><speed>1.370700</speed><course>294.272630</course><hAcc>1.652979</hAcc><vAcc>0.876283</vAcc></extensions></trkpt>
      <trkpt lon="-77.056630" lat="38.904708"><ele>12.397329</ele><time>2024-04-08T22:14:43Z</time><extensions><speed>1.411769</speed><course>291.886705</course><hAcc>1.645702</hAcc><vAcc>0.905918</vAcc></extensions></trkpt>
      <trkpt lon="-77.056644" lat="38.904713"><ele>12.537054</ele><time>2024-04-08T22:14:44Z</time><extensions><speed>1.348479</speed><course>288.048830</course><hAcc>1.675800</hAcc><vAcc>0.943939</vAcc></extensions></trkpt>
      <trkpt lon="-77.056658" lat="38.904716"><ele>12.668274</ele><time>2024-04-08T22:14:45Z</time><extensions><speed>1.165183</speed><course>288.295227</course><hAcc>1.704313</hAcc><vAcc>0.990409</vAcc></extensions></trkpt>
      <trkpt lon="-77.056671" lat="38.904720"><ele>12.788743</ele><time>2024-04-08T22:14:46Z</time><extensions><speed>1.181160</speed><course>290.591770</course><hAcc>1.739272</hAcc><vAcc>1.044789</vAcc></extensions></trkpt>
      <trkpt lon="-77.056685" lat="38.904724"><ele>12.850107</ele><time>2024-04-08T22:14:47Z</time><extensions><speed>1.261650</speed><course>291.617315</course><hAcc>1.649706</hAcc><vAcc>1.013633</vAcc></extensions></trkpt>
      <trkpt lon="-77.056699" lat="38.904728"><ele>12.944543</ele><time>2024-04-08T22:14:48Z</time><extensions><speed>1.271703</speed><course>291.561384</course><hAcc>1.644432</hAcc><vAcc>1.061003</vAcc></extensions></trkpt>
      <trkpt lon="-77.056712" lat="38.904733"><ele>13.028377</ele><time>2024-04-08T22:14:49Z</time><extensions><speed>1.276844</speed><course>291.561804</course><hAcc>1.672877</hAcc><vAcc>1.111528</vAcc></extensions></trkpt>
      <trkpt lon="-77.056726" lat="38.904737"><ele>13.102781</ele><time>2024-04-08T22:14:50Z</time><extensions><speed>1.287023</speed><course>291.533196</course><hAcc>1.724035</hAcc><vAcc>1.163523</vAcc></extensions></trkpt>
      <trkpt lon="-77.056740" lat="38.904741"><ele>13.168688</ele><time>2024-04-08T22:14:51Z</time><extensions><speed>1.295378</speed><course>291.499842</course><hAcc>1.788677</hAcc><vAcc>1.215449</vAcc></extensions></trkpt>
      <trkpt lon="-77.056754" lat="38.904745"><ele>13.227024</ele><time>2024-04-08T22:14:52Z</time><extensions><speed>1.301689</speed><course>291.459740</course><hAcc>1.859744</hAcc><vAcc>1.266128</vAcc></extensions></trkpt>
      <trkpt lon="-77.056768" lat="38.904750"><ele>13.278596</ele><time>2024-04-08T22:14:53Z</time><extensions><speed>1.308394</speed><course>291.448237</course><hAcc>1.932224</hAcc><vAcc>1.314703</vAcc></extensions></trkpt>
      <trkpt lon="-77.056782" lat="38.904754"><ele>13.323998</ele><time>2024-04-08T22:14:54Z</time><extensions><speed>1.315137</speed><course>291.456461</course><hAcc>2.002746</hAcc><vAcc>1.360583</vAcc></extensions></trkpt>
      <trkpt lon="-77.056796" lat="38.904758"><ele>13.364266</ele><time>2024-04-08T22:14:55Z</time><extensions><speed>1.319406</speed><course>291.514872</course><hAcc>2.069249</hAcc><vAcc>1.403395</vAcc></extensions></trkpt>
      <trkpt lon="-77.056810" lat="38.904763"><ele>13.399661</ele><time>2024-04-08T22:14:56Z</time><extensions><speed>1.323896</speed><course>291.582708</course><hAcc>2.130599</hAcc><vAcc>1.442931</vAcc></extensions></trkpt>
      <trkpt lon="-77.056825" lat="38.904767"><ele>13.430882</ele><time>2024-04-08T22:14:57Z</time><extensions><speed>1.328480</speed><course>291.645714</course><hAcc>2.186293</hAcc><vAcc>1.479116</vAcc></extensions></trkpt>
      <trkpt lon="-77.056839" lat="38.904772"><ele>13.458449</ele><time>2024-04-08T22:14:58Z</time><extensions><speed>1.331772</speed><course>291.704764</course><hAcc>2.236108</hAcc><vAcc>1.511968</vAcc></extensions></trkpt>
      <trkpt lon="-77.056853" lat="38.904776"><ele>13.482563</ele><time>2024-04-08T22:14:59Z</time><extensions><speed>1.333509</speed><course>291.629086</course><hAcc>2.280113</hAcc><vAcc>1.541580</vAcc></extensions></trkpt>
      <trkpt lon="-77.056868" lat="38.904780"><ele>13.503275</ele><time>2024-04-08T22:15:00Z</time><extensions><speed>1.337372</speed><course>291.495829</course><hAcc>2.318563</hAcc><vAcc>1.568092</vAcc></extensions></trkpt>
      <trkpt lon="-77.056882" lat="38.904785"><ele>13.521419</ele><time>2024-04-08T22:15:01Z</time><extensions><speed>1.343334</speed><course>291.343715</course><hAcc>2.351882</hAcc><vAcc>1.591679</vAcc></extensions></trkpt>
      <trkpt lon="-77.056896" lat="38.904789"><ele>13.537412</ele><time>2024-04-08T22:15:02Z</time><extensions><speed>1.350459</speed><course>291.198706</course><hAcc>2.380476</hAcc><vAcc>1.612540</vAcc></extensions></trkpt>
      <trkpt lon="-77.056911" lat="38.904794"><ele>13.551918</ele><time>2024-04-08T22:15:03Z</time><extensions><speed>1.359218</speed><course>291.040153</course><hAcc>2.404781</hAcc><vAcc>1.630883</vAcc></extensions></trkpt>
      <trkpt lon="-77.056926" lat="38.904798"><ele>13.564952</ele><time>2024-04-08T22:15:04Z</time><extensions><speed>1.366731</speed><course>290.921263</course><hAcc>2.425227</hAcc><vAcc>1.646923</vAcc></extensions></trkpt>
      <trkpt lon="-77.056940" lat="38.904802"><ele>13.576367</ele><time>2024-04-08T22:15:05Z</time><extensions><speed>1.375167</speed><course>290.872171</course><hAcc>2.442239</hAcc><vAcc>1.660871</vAcc></extensions></trkpt>
      <trkpt lon="-77.056955" lat="38.904807"><ele>13.585540</ele><time>2024-04-08T22:15:06Z</time><extensions><speed>1.382226</speed><course>290.837879</course><hAcc>2.456238</hAcc><vAcc>1.672935</vAcc></extensions></trkpt>
      <trkpt lon="-77.056970" lat="38.904811"><ele>13.593304</ele><time>2024-04-08T22:15:07Z</time><extensions><speed>1.389885</speed><course>290.830160</course><hAcc>2.467617</hAcc><vAcc>1.683312</vAcc></extensions></trkpt>
      <trkpt lon="-77.056985" lat="38.904816"><ele>13.599936</ele><time>2024-04-08T22:15:08Z</time><extensions><speed>1.396037</speed><course>290.857108</course><hAcc>2.476753</hAcc><vAcc>1.692189</vAcc></extensions></trkpt>
      <trkpt lon="-77.057000" lat="38.904820"><ele>13.605606</ele><time>2024-04-08T22:15:09Z</time><extensions><speed>1.400967</speed><course>290.919418</course><hAcc>2.483973</hAcc><vAcc>1.699743</vAcc></extensions></trkpt>
      <trkpt lon="-77.057015" lat="38.904825"><ele>13.610392</ele><time>2024-04-08T22:15:10Z</time><extensions><speed>1.404597</speed><course>290.947593</course><hAcc>2.489556</hAcc><vAcc>1.706135</vAcc></extensions></trkpt>
      <trkpt lon="-77.057030" lat="38.904829"><ele>13.614136</ele><time>2024-04-08T22:15:11Z</time><extensions><speed>1.408391</speed><course>290.927555</course><hAcc>2.493759</hAcc><vAcc>1.711513</vAcc></extensions></trkpt>
      <trkpt lon="-77.057046" lat="38.904834"><ele>13.617642</ele><time>2024-04-08T22:15:12Z</time><extensions><speed>1.411497</speed><course>290.825807</course><hAcc>2.496735</hAcc><vAcc>1.716013</vAcc></extensions></trkpt>
      <trkpt lon="-77.057061" lat="38.904838"><ele>13.620780</ele><time>2024-04-08T22:15:13Z</time><extensions><speed>1.417405</speed><course>290.666049</course><hAcc>2.498693</hAcc><vAcc>1.719756</vAcc></extensions></trkpt>
      <trkpt lon="-77.057076" lat="38.904843"><ele>13.623726</ele><time>2024-04-08T22:15:14Z</time><extensions><speed>1.424495</speed><course>290.483598</course><hAcc>2.499841</hAcc><vAcc>1.722851</vAcc></extensions></trkpt>
      <trkpt lon="-77.057092" lat="38.904847"><ele>13.626209</ele><time>2024-04-08T22:15:15Z</time><extensions><speed>1.431532</speed><course>290.272342</course><hAcc>2.500350</hAcc><vAcc>1.725396</vAcc></extensions></trkpt>
      <trkpt lon="-77.057107" lat="38.904852"><ele>13.628678</ele><time>2024-04-08T22:15:16Z</time><extensions><speed>1.437222</speed><course>290.072720</course><hAcc>2.500380</hAcc><vAcc>1.727476</vAcc></extensions></trkpt>
      <trkpt lon="-77.057123" lat="38.904856"><ele>13.631019</ele><time>2024-04-08T22:15:17Z</time><extensions><speed>1.441858</speed><course>289.929083</course><hAcc>2.500166</hAcc><vAcc>1.729167</vAcc></extensions></trkpt>
      <trkpt lon="-77.057138" lat="38.904861"><ele>13.633308</ele><time>2024-04-08T22:15:18Z</time><extensions><speed>1.445782</speed><course>289.856798</course><hAcc>2.499837</hAcc><vAcc>1.730535</vAcc></extensions></trkpt>
      <trkpt lon="-77.057154" lat="38.904865"><ele>13.635192</ele><time>2024-04-08T22:15:19Z</time><extensions><speed>1.448305</speed><course>289.871179</course><hAcc>2.499477</hAcc><vAcc>1.731637</vAcc></extensions></trkpt>
      <trkpt lon="-77.057170" lat="38.904870"><ele>13.637122</ele><time>2024-04-08T22:15:20Z</time><extensions><speed>1.449926</speed><course>289.974162</course><hAcc>2.499115</hAcc><vAcc>1.732523</vAcc></extensions></trkpt>
      <trkpt lon="-77.057185" lat="38.904874"><ele>13.638863</ele><time>2024-04-08T22:15:21Z</time><extensions><speed>1.451676</speed><course>290.142077</course><hAcc>2.498744</hAcc><vAcc>1.733232</vAcc></extensions></trkpt>
      <trkpt lon="-77.057201" lat="38.904879"><ele>13.640999</ele><time>2024-04-08T22:15:22Z</time><extensions><speed>1.453035</speed><course>290.351298</course><hAcc>2.498359</hAcc><vAcc>1.733799</vAcc></extensions></trkpt>
      <trkpt lon="-77.057217" lat="38.904883"><ele>13.642854</ele><time>2024-04-08T22:15:23Z</time><extensions><speed>1.454177</speed><course>290.577359</course><hAcc>2.497952</hAcc><vAcc>1.734252</vAcc></extensions></trkpt>
      <trkpt lon="-77.057232" lat="38.904888"><ele>13.644970</ele><time>2024-04-08T22:15:24Z</time><extensions><speed>1.453588</speed><course>290.777671</course><hAcc>2.497516</hAcc><vAcc>1.734613</vAcc></extensions></trkpt>
      <trkpt lon="-77.057248" lat="38.904893"><ele>13.647472</ele><time>2024-04-08T22:15:25Z</time><extensions><speed>1.451027</speed><course>290.966464</course><hAcc>2.497056</hAcc><vAcc>1.734899</vAcc></extensions></trkpt>
      <trkpt lon="-77.057264" lat="38.904897"><ele>13.650209</ele><time>2024-04-08T22:15:26Z</time><extensions><speed>1.446815</speed><course>291.139513</course><hAcc>2.496582</hAcc><vAcc>1.735127</vAcc></extensions></trkpt>
      <trkpt lon="-77.057279" lat="38.904902"><ele>13.653146</ele><time>2024-04-08T22:15:27Z</time><extensions><speed>1.444692</speed><course>291.289464</course><hAcc>2.496070</hAcc><vAcc>1.735306</vAcc></extensions></trkpt>
      <trkpt lon="-77.057295" lat="38.904907"><ele>13.656363</ele><time>2024-04-08T22:15:28Z</time><extensions><speed>1.443003</speed><course>291.389726</course><hAcc>2.495598</hAcc><vAcc>1.735447</vAcc></extensions></trkpt>
      <trkpt lon="-77.057310" lat="38.904911"><ele>13.660155</ele><time>2024-04-08T22:15:29Z</time><extensions><speed>1.441577</speed><course>291.458553</course><hAcc>2.495205</hAcc><vAcc>1.735557</vAcc></extensions></trkpt>
      <trkpt lon="-77.057326" lat="38.904916"><ele>13.664939</ele><time>2024-04-08T22:15:30Z</time><extensions><speed>1.439483</speed><course>291.473051</course><hAcc>2.494933</hAcc><vAcc>1.735640</vAcc></extensions></trkpt>
      <trkpt lon="-77.057341" lat="38.904921"><ele>13.669041</ele><time>2024-04-08T22:15:31Z</time><extensions><speed>1.435667</speed><course>291.447471</course><hAcc>2.494837</hAcc><vAcc>1.735700</vAcc></extensions></trkpt>
      <trkpt lon="-77.057356" lat="38.904926"><ele>13.672998</ele><time>2024-04-08T22:15:32Z</time><extensions><speed>1.431881</speed><course>291.363549</course><hAcc>2.494889</hAcc><vAcc>1.735741</vAcc></extensions></trkpt>
      <trkpt lon="-77.057372" lat="38.904930"><ele>13.676884</ele><time>2024-04-08T22:15:33Z</time><extensions><speed>1.426044</speed><course>291.190412</course><hAcc>2.495062</hAcc><vAcc>1.735764</vAcc></extensions></trkpt>
      <trkpt lon="-77.057387" lat="38.904935"><ele>13.681851</ele><time>2024-04-08T22:15:34Z</time><extensions><speed>1.421841</speed><course>290.923377</course><hAcc>2.495325</hAcc><vAcc>1.735770</vAcc></extensions></trkpt>
      <trkpt lon="-77.057402" lat="38.904939"><ele>13.686904</ele><time>2024-04-08T22:15:35Z</time><extensions><speed>1.418555</speed><course>290.561444</course><hAcc>2.495629</hAcc><vAcc>1.735760</vAcc></extensions></trkpt>
      <trkpt lon="-77.057418" lat="38.904944"><ele>13.692244</ele><time>2024-04-08T22:15:36Z</time><extensions><speed>1.416509</speed><course>290.190615</course><hAcc>2.495925</hAcc><vAcc>1.735735</vAcc></extensions></trkpt>
      <trkpt lon="-77.057433" lat="38.904948"><ele>13.697813</ele><time>2024-04-08T22:15:37Z</time><extensions><speed>1.412900</speed><course>289.938569</course><hAcc>2.496140</hAcc><vAcc>1.735693</vAcc></extensions></trkpt>
      <trkpt lon="-77.057448" lat="38.904953"><ele>13.703688</ele><time>2024-04-08T22:15:38Z</time><extensions><speed>1.410748</speed><course>289.842433</course><hAcc>2.496222</hAcc><vAcc>1.735636</vAcc></extensions></trkpt>
      <trkpt lon="-77.057464" lat="38.904957"><ele>13.710787</ele><time>2024-04-08T22:15:39Z</time><extensions><speed>1.410184</speed><course>289.851851</course><hAcc>2.496246</hAcc><vAcc>1.735562</vAcc></extensions></trkpt>
      <trkpt lon="-77.057479" lat="38.904961"><ele>13.719189</ele><time>2024-04-08T22:15:40Z</time><extensions><speed>1.405965</speed><course>289.931089</course><hAcc>2.496273</hAcc><vAcc>1.735471</vAcc></extensions></trkpt>
      <trkpt lon="-77.057494" lat="38.904966"><ele>13.727627</ele><time>2024-04-08T22:15:41Z</time><extensions><speed>1.402342</speed><course>289.968438</course><hAcc>2.496292</hAcc><vAcc>1.735364</vAcc></extensions></trkpt>
      <trkpt lon="-77.057509" lat="38.904970"><ele>13.737285</ele><time>2024-04-08T22:15:42Z</time><extensions><speed>1.399007</speed><course>289.954611</course><hAcc>2.496331</hAcc><vAcc>1.735239</vAcc></extensions></trkpt>
      <trkpt lon="-77.057525" lat="38.904974"><ele>13.747334</ele><time>2024-04-08T22:15:43Z</time><extensions><speed>1.395273</speed><course>289.883857</course><hAcc>2.496406</hAcc><vAcc>1.735097</vAcc></extensions></trkpt>
      <trkpt lon="-77.057540" lat="38.904978"><ele>13.758689</ele><time>2024-04-08T22:15:44Z</time><extensions><speed>1.392074</speed><course>289.792974</course><hAcc>2.496511</hAcc><vAcc>1.734937</vAcc></extensions></trkpt>
      <trkpt lon="-77.057555" lat="38.904983"><ele>13.770155</ele><time>2024-04-08T22:15:45Z</time><extensions><speed>1.391407</speed><course>289.703187</course><hAcc>2.496597</hAcc><vAcc>1.734760</vAcc></extensions></trkpt>
      <trkpt lon="-77.057570" lat="38.904987"><ele>13.782172</ele><time>2024-04-08T22:15:46Z</time><extensions><speed>1.388275</speed><course>289.598059</course><hAcc>2.496564</hAcc><vAcc>1.734566</vAcc></extensions></trkpt>
      <trkpt lon="-77.057585" lat="38.904991"><ele>13.794648</ele><time>2024-04-08T22:15:47Z</time><extensions><speed>1.386443</speed><course>289.424996</course><hAcc>2.496298</hAcc><vAcc>1.734355</vAcc></extensions></trkpt>
      <trkpt lon="-77.057600" lat="38.904995"><ele>13.807386</ele><time>2024-04-08T22:15:48Z</time><extensions><speed>1.386626</speed><course>289.174514</course><hAcc>2.495871</hAcc><vAcc>1.734130</vAcc></extensions></trkpt>
      <trkpt lon="-77.057615" lat="38.905000"><ele>13.819931</ele><time>2024-04-08T22:15:49Z</time><extensions><speed>1.388612</speed><course>288.852439</course><hAcc>2.495311</hAcc><vAcc>1.733892</vAcc></extensions></trkpt>
      <trkpt lon="-77.057630" lat="38.905004"><ele>13.832447</ele><time>2024-04-08T22:15:50Z</time><extensions><speed>1.386719</speed><course>288.430115</course><hAcc>2.494703</hAcc><vAcc>1.733644</vAcc></extensions></trkpt>
      <trkpt lon="-77.057645" lat="38.905007"><ele>13.844393</ele><time>2024-04-08T22:15:51Z</time><extensions><speed>1.383558</speed><course>287.910615</course><hAcc>2.493966</hAcc><vAcc>1.733388</vAcc></extensions></trkpt>
      <trkpt lon="-77.057661" lat="38.905011"><ele>13.855981</ele><time>2024-04-08T22:15:52Z</time><extensions><speed>1.381165</speed><course>287.442508</course><hAcc>2.493240</hAcc><vAcc>1.733129</vAcc></extensions></trkpt>
      <trkpt lon="-77.057676" lat="38.905015"><ele>13.867156</ele><time>2024-04-08T22:15:53Z</time><extensions><speed>1.379940</speed><course>287.074377</course><hAcc>2.492620</hAcc><vAcc>1.732870</vAcc></extensions></trkpt>
      <trkpt lon="-77.057691" lat="38.905019"><ele>13.877367</ele><time>2024-04-08T22:15:54Z</time><extensions><speed>1.378928</speed><course>286.771084</course><hAcc>2.492219</hAcc><vAcc>1.732615</vAcc></extensions></trkpt>
      <trkpt lon="-77.057706" lat="38.905022"><ele>13.886501</ele><time>2024-04-08T22:15:55Z</time><extensions><speed>1.378853</speed><course>286.509495</course><hAcc>2.492113</hAcc><vAcc>1.732367</vAcc></extensions></trkpt>
      <trkpt lon="-77.057721" lat="38.905026"><ele>13.894736</ele><time>2024-04-08T22:15:56Z</time><extensions><speed>1.379958</speed><course>286.299895</course><hAcc>2.492366</hAcc><vAcc>1.732131</vAcc></extensions></trkpt>
      <trkpt lon="-77.057737" lat="38.905029"><ele>13.901901</ele><time>2024-04-08T22:15:57Z</time><extensions><speed>1.381609</speed><course>286.121500</course><hAcc>2.493027</hAcc><vAcc>1.731910</vAcc></extensions></trkpt>
      <trkpt lon="-77.057752" lat="38.905033"><ele>13.908022</ele><time>2024-04-08T22:15:58Z</time><extensions><speed>1.384925</speed><course>285.985977</course><hAcc>2.493988</hAcc><vAcc>1.731708</vAcc></extensions></trkpt>
      <trkpt lon="-77.057767" lat="38.905036"><ele>13.912303</ele><time>2024-04-08T22:15:59Z</time><extensions><speed>1.388721</speed><course>285.894188</course><hAcc>2.495150</hAcc><vAcc>1.731528</vAcc></extensions></trkpt>
      <trkpt lon="-77.057783" lat="38.905040"><ele>13.914813</ele><time>2024-04-08T22:16:00Z</time><extensions><speed>1.392288</speed><course>285.849931</course><hAcc>2.496420</hAcc><vAcc>1.731369</vAcc></extensions></trkpt>
      <trkpt lon="-77.057798" lat="38.905043"><ele>13.915415</ele><time>2024-04-08T22:16:01Z</time><extensions><speed>1.395426</speed><course>285.831847</course><hAcc>2.497669</hAcc><vAcc>1.731235</vAcc></extensions></trkpt>
      <trkpt lon="-77.057814" lat="38.905047"><ele>13.914245</ele><time>2024-04-08T22:16:02Z</time><extensions><speed>1.397931</speed><course>285.846377</course><hAcc>2.498728</hAcc><vAcc>1.731126</vAcc></extensions></trkpt>
      <trkpt lon="-77.057829" lat="38.905050"><ele>13.911539</ele><time>2024-04-08T22:16:03Z</time><extensions><speed>1.399582</speed><course>285.863037</course><hAcc>2.499431</hAcc><vAcc>1.731042</vAcc></extensions></trkpt>
      <trkpt lon="-77.057845" lat="38.905054"><ele>13.907223</ele><time>2024-04-08T22:16:04Z</time><extensions><speed>1.400780</speed><course>285.886258</course><hAcc>2.499749</hAcc><vAcc>1.730984</vAcc></extensions></trkpt>
      <trkpt lon="-77.057860" lat="38.905057"><ele>13.901501</ele><time>2024-04-08T22:16:05Z</time><extensions><speed>1.401387</speed><course>285.908252</course><hAcc>2.499758</hAcc><vAcc>1.730953</vAcc></extensions></trkpt>
      <trkpt lon="-77.057876" lat="38.905061"><ele>13.894444</ele><time>2024-04-08T22:16:06Z</time><extensions><speed>1.401475</speed><course>285.921651</course><hAcc>2.499548</hAcc><vAcc>1.730950</vAcc></extensions></trkpt>
      <trkpt lon="-77.057891" lat="38.905064"><ele>13.886438</ele><time>2024-04-08T22:16:07Z</time><extensions><speed>1.398220</speed><course>285.947095</course><hAcc>2.499157</hAcc><vAcc>1.730974</vAcc></extensions></trkpt>
      <trkpt lon="-77.057907" lat="38.905067"><ele>13.877325</ele><time>2024-04-08T22:16:08Z</time><extensions><speed>1.391743</speed><course>285.981095</course><hAcc>2.498742</hAcc><vAcc>1.731027</vAcc></extensions></trkpt>
      <trkpt lon="-77.057922" lat="38.905071"><ele>13.867311</ele><time>2024-04-08T22:16:09Z</time><extensions><speed>1.385444</speed><course>286.012389</course><hAcc>2.498421</hAcc><vAcc>1.731107</vAcc></extensions></trkpt>
      <trkpt lon="-77.057937" lat="38.905074"><ele>13.857534</ele><time>2024-04-08T22:16:10Z</time><extensions><speed>1.379364</speed><course>286.048743</course><hAcc>2.498259</hAcc><vAcc>1.731213</vAcc></extensions></trkpt>
      <trkpt lon="-77.057952" lat="38.905078"><ele>13.846929</ele><time>2024-04-08T22:16:11Z</time><extensions><speed>1.373462</speed><course>286.077526</course><hAcc>2.498292</hAcc><vAcc>1.731343</vAcc></extensions></trkpt>
      <trkpt lon="-77.057968" lat="38.905081"><ele>13.835759</ele><time>2024-04-08T22:16:12Z</time><extensions><speed>1.367333</speed><course>286.108643</course><hAcc>2.498526</hAcc><vAcc>1.731494</vAcc></extensions></trkpt>
      <trkpt lon="-77.057983" lat="38.905085"><ele>13.825711</ele><time>2024-04-08T22:16:13Z</time><extensions><speed>1.361635</speed><course>286.107213</course><hAcc>2.498949</hAcc><vAcc>1.731663</vAcc></extensions></trkpt>
      <trkpt lon="-77.057998" lat="38.905088"><ele>13.816397</ele><time>2024-04-08T22:16:14Z</time><extensions><speed>1.356446</speed><course>286.063031</course><hAcc>2.499518</hAcc><vAcc>1.731844</vAcc></extensions></trkpt>
      <trkpt lon="-77.058013" lat="38.905091"><ele>13.807434</ele><time>2024-04-08T22:16:15Z</time><extensions><speed>1.350370</speed><course>285.977583</course><hAcc>2.500161</hAcc><vAcc>1.732031</vAcc></extensions></trkpt>
      <trkpt lon="-77.058028" lat="38.905095"><ele>13.799478</ele><time>2024-04-08T22:16:16Z</time><extensions><speed>1.343791</speed><course>285.851957</course><hAcc>2.500779</hAcc><vAcc>1.732218</vAcc></extensions></trkpt>
      <trkpt lon="-77.058043" lat="38.905098"><ele>13.792794</ele><time>2024-04-08T22:16:17Z</time><extensions><speed>1.336228</speed><course>285.678334</course><hAcc>2.501184</hAcc><vAcc>1.732397</vAcc></extensions></trkpt>
      <trkpt lon="-77.058057" lat="38.905101"><ele>13.787676</ele><time>2024-04-08T22:16:18Z</time><extensions><speed>1.332258</speed><course>285.476408</course><hAcc>2.501236</hAcc><vAcc>1.732562</vAcc></extensions></trkpt>
      <trkpt lon="-77.058072" lat="38.905104"><ele>13.784737</ele><time>2024-04-08T22:16:19Z</time><extensions><speed>1.330021</speed><course>285.241625</course><hAcc>2.500938</hAcc><vAcc>1.732705</vAcc></extensions></trkpt>
      <trkpt lon="-77.058087" lat="38.905107"><ele>13.784060</ele><time>2024-04-08T22:16:20Z</time><extensions><speed>1.327601</speed><course>284.960161</course><hAcc>2.500359</hAcc><vAcc>1.732821</vAcc></extensions></trkpt>
      <trkpt lon="-77.058102" lat="38.905110"><ele>13.785079</ele><time>2024-04-08T22:16:21Z</time><extensions><speed>1.322872</speed><course>284.621234</course><hAcc>2.499565</hAcc><vAcc>1.732904</vAcc></extensions></trkpt>
      <trkpt lon="-77.058116" lat="38.905113"><ele>13.788446</ele><time>2024-04-08T22:16:22Z</time><extensions><speed>1.317847</speed><course>284.200195</course><hAcc>2.498649</hAcc><vAcc>1.732951</vAcc></extensions></trkpt>
      <trkpt lon="-77.058131" lat="38.905116"><ele>13.794513</ele><time>2024-04-08T22:16:23Z</time><extensions><speed>1.311626</speed><course>283.697950</course><hAcc>2.497777</hAcc><vAcc>1.732957</vAcc></extensions></trkpt>
      <trkpt lon="-77.058146" lat="38.905119"><ele>13.803119</ele><time>2024-04-08T22:16:24Z</time><extensions><speed>1.306541</speed><course>283.137371</course><hAcc>2.497013</hAcc><vAcc>1.732920</vAcc></extensions></trkpt>
      <trkpt lon="-77.058160" lat="38.905122"><ele>13.814463</ele><time>2024-04-08T22:16:25Z</time><extensions><speed>1.305640</speed><course>282.515352</course><hAcc>2.496380</hAcc><vAcc>1.732839</vAcc></extensions></trkpt>
      <trkpt lon="-77.058175" lat="38.905124"><ele>13.828756</ele><time>2024-04-08T22:16:26Z</time><extensions><speed>1.305036</speed><course>281.848469</course><hAcc>2.495878</hAcc><vAcc>1.732710</vAcc></extensions></trkpt>
      <trkpt lon="-77.058190" lat="38.905126"><ele>13.844842</ele><time>2024-04-08T22:16:27Z</time><extensions><speed>1.305461</speed><course>281.102277</course><hAcc>2.495476</hAcc><vAcc>1.732535</vAcc></extensions></trkpt>
      <trkpt lon="-77.058205" lat="38.905129"><ele>13.863242</ele><time>2024-04-08T22:16:28Z</time><extensions><speed>1.305874</speed><course>280.304416</course><hAcc>2.495172</hAcc><vAcc>1.732312</vAcc></extensions></trkpt>
      <trkpt lon="-77.058220" lat="38.905131"><ele>13.883752</ele><time>2024-04-08T22:16:29Z</time><extensions><speed>1.306426</speed><course>279.457460</course><hAcc>2.494988</hAcc><vAcc>1.732043</vAcc></extensions></trkpt>
      <trkpt lon="-77.058235" lat="38.905132"><ele>13.905821</ele><time>2024-04-08T22:16:30Z</time><extensions><speed>1.307442</speed><course>278.585809</course><hAcc>2.494962</hAcc><vAcc>1.731729</vAcc></extensions></trkpt>
      <trkpt lon="-77.058249" lat="38.905134"><ele>13.929599</ele><time>2024-04-08T22:16:31Z</time><extensions><speed>1.308125</speed><course>277.726986</course><hAcc>2.495133</hAcc><vAcc>1.731374</vAcc></extensions></trkpt>
      <trkpt lon="-77.058264" lat="38.905136"><ele>13.954765</ele><time>2024-04-08T22:16:32Z</time><extensions><speed>1.308914</speed><course>276.850793</course><hAcc>2.495548</hAcc><vAcc>1.730979</vAcc></extensions></trkpt>
      <trkpt lon="-77.058279" lat="38.905137"><ele>13.980486</ele><time>2024-04-08T22:16:33Z</time><extensions><speed>1.311856</speed><course>275.971846</course><hAcc>2.496262</hAcc><vAcc>1.730550</vAcc></extensions></trkpt>
      <trkpt lon="-77.058295" lat="38.905138"><ele>14.007966</ele><time>2024-04-08T22:16:34Z</time><extensions><speed>1.315662</speed><course>275.088035</course><hAcc>2.497267</hAcc><vAcc>1.730093</vAcc></extensions></trkpt>
      <trkpt lon="-77.058310" lat="38.905139"><ele>14.036205</ele><time>2024-04-08T22:16:35Z</time><extensions><speed>1.318628</speed><course>274.231799</course><hAcc>2.498602</hAcc><vAcc>1.729612</vAcc></extensions></trkpt>
      <trkpt lon="-77.058325" lat="38.905140"><ele>14.064710</ele><time>2024-04-08T22:16:36Z</time><extensions><speed>1.322048</speed><course>273.431470</course><hAcc>2.500303</hAcc><vAcc>1.729115</vAcc></extensions></trkpt>
      <trkpt lon="-77.058340" lat="38.905141"><ele>14.093263</ele><time>2024-04-08T22:16:37Z</time><extensions><speed>1.325774</speed><course>272.691693</course><hAcc>2.502289</hAcc><vAcc>1.728609</vAcc></extensions></trkpt>
      <trkpt lon="-77.058356" lat="38.905141"><ele>14.121469</ele><time>2024-04-08T22:16:38Z</time><extensions><speed>1.329874</speed><course>272.020722</course><hAcc>2.504448</hAcc><vAcc>1.728099</vAcc></extensions></trkpt>
      <trkpt lon="-77.058371" lat="38.905141"><ele>14.149257</ele><time>2024-04-08T22:16:39Z</time><extensions><speed>1.333349</speed><course>271.413340</course><hAcc>2.506587</hAcc><vAcc>1.727591</vAcc></extensions></trkpt>
      <trkpt lon="-77.058387" lat="38.905142"><ele>14.176578</ele><time>2024-04-08T22:16:40Z</time><extensions><speed>1.340504</speed><course>270.892346</course><hAcc>2.508454</hAcc><vAcc>1.727088</vAcc></extensions></trkpt>
      <trkpt lon="-77.058402" lat="38.905142"><ele>14.203371</ele><time>2024-04-08T22:16:41Z</time><extensions><speed>1.348782</speed><course>270.443798</course><hAcc>2.509980</hAcc><vAcc>1.726587</vAcc></extensions></trkpt>
      <trkpt lon="-77.058418" lat="38.905142"><ele>14.229495</ele><time>2024-04-08T22:16:42Z</time><extensions><speed>1.358613</speed><course>270.031088</course><hAcc>2.511089</hAcc><vAcc>1.726092</vAcc></extensions></trkpt>
      <trkpt lon="-77.058434" lat="38.905142"><ele>14.254929</ele><time>2024-04-08T22:16:43Z</time><extensions><speed>1.368879</speed><course>269.661883</course><hAcc>2.511820</hAcc><vAcc>1.725606</vAcc></extensions></trkpt>
      <trkpt lon="-77.058450" lat="38.905142"><ele>14.279813</ele><time>2024-04-08T22:16:44Z</time><extensions><speed>1.378844</speed><course>269.366956</course><hAcc>2.512193</hAcc><vAcc>1.725131</vAcc></extensions></trkpt>
      <trkpt lon="-77.058466" lat="38.905142"><ele>14.304165</ele><time>2024-04-08T22:16:45Z</time><extensions><speed>1.387268</speed><course>269.133929</course><hAcc>2.512183</hAcc><vAcc>1.724665</vAcc></extensions></trkpt>
      <trkpt lon="-77.058482" lat="38.905141"><ele>14.327833</ele><time>2024-04-08T22:16:46Z</time><extensions><speed>1.395882</speed><course>268.953534</course><hAcc>2.511754</hAcc><vAcc>1.724208</vAcc></extensions></trkpt>
      <trkpt lon="-77.058498" lat="38.905141"><ele>14.351279</ele><time>2024-04-08T22:16:47Z</time><extensions><speed>1.402620</speed><course>268.819208</course><hAcc>2.510927</hAcc><vAcc>1.723762</vAcc></extensions></trkpt>
      <trkpt lon="-77.058515" lat="38.905141"><ele>14.374427</ele><time>2024-04-08T22:16:48Z</time><extensions><speed>1.406029</speed><course>268.726810</course><hAcc>2.509914</hAcc><vAcc>1.723325</vAcc></extensions></trkpt>
      <trkpt lon="-77.058531" lat="38.905140"><ele>14.397406</ele><time>2024-04-08T22:16:49Z</time><extensions><speed>1.406954</speed><course>268.671519</course><hAcc>2.508893</hAcc><vAcc>1.722901</vAcc></extensions></trkpt>
      <trkpt lon="-77.058547" lat="38.905140"><ele>14.420233</ele><time>2024-04-08T22:16:50Z</time><extensions><speed>1.407356</speed><course>268.648928</course><hAcc>2.507956</hAcc><vAcc>1.722490</vAcc></extensions></trkpt>
      <trkpt lon="-77.058564" lat="38.905140"><ele>14.442881</ele><time>2024-04-08T22:16:51Z</time><extensions><speed>1.407417</speed><course>268.653934</course><hAcc>2.507158</hAcc><vAcc>1.722095</vAcc></extensions></trkpt>
      <trkpt lon="-77.058580" lat="38.905140"><ele>14.465447</ele><time>2024-04-08T22:16:52Z</time><extensions><speed>1.406749</speed><course>268.689218</course><hAcc>2.506559</hAcc><vAcc>1.721722</vAcc></extensions></trkpt>
      <trkpt lon="-77.058596" lat="38.905139"><ele>14.487547</ele><time>2024-04-08T22:16:53Z</time><extensions><speed>1.404495</speed><course>268.745335</course><hAcc>2.506144</hAcc><vAcc>1.721373</vAcc></extensions></trkpt>
      <trkpt lon="-77.058612" lat="38.905139"><ele>14.509217</ele><time>2024-04-08T22:16:54Z</time><extensions><speed>1.399685</speed><course>268.819390</course><hAcc>2.505865</hAcc><vAcc>1.721055</vAcc></extensions></trkpt>
      <trkpt lon="-77.058628" lat="38.905139"><ele>14.530116</ele><time>2024-04-08T22:16:55Z</time><extensions><speed>1.393736</speed><course>268.904989</course><hAcc>2.505685</hAcc><vAcc>1.720772</vAcc></extensions></trkpt>
      <trkpt lon="-77.058644" lat="38.905139"><ele>14.550795</ele><time>2024-04-08T22:16:56Z</time><extensions><speed>1.387162</speed><course>268.997991</course><hAcc>2.505516</hAcc><vAcc>1.720527</vAcc></extensions></trkpt>
      <trkpt lon="-77.058660" lat="38.905138"><ele>14.571221</ele><time>2024-04-08T22:16:57Z</time><extensions><speed>1.379932</speed><course>269.093296</course><hAcc>2.505334</hAcc><vAcc>1.720322</vAcc></extensions></trkpt>
      <trkpt lon="-77.058676" lat="38.905138"><ele>14.591146</ele><time>2024-04-08T22:16:58Z</time><extensions><speed>1.372283</speed><course>269.185840</course><hAcc>2.505146</hAcc><vAcc>1.720159</vAcc></extensions></trkpt>
      <trkpt lon="-77.058691" lat="38.905138"><ele>14.610265</ele><time>2024-04-08T22:16:59Z</time><extensions><speed>1.363812</speed><course>269.276062</course><hAcc>2.504997</hAcc><vAcc>1.720041</vAcc></extensions></trkpt>
      <trkpt lon="-77.058707" lat="38.905138"><ele>14.628476</ele><time>2024-04-08T22:17:00Z</time><extensions><speed>1.354388</speed><course>269.362352</course><hAcc>2.504929</hAcc><vAcc>1.719971</vAcc></extensions></trkpt>
      <trkpt lon="-77.058722" lat="38.905138"><ele>14.645834</ele><time>2024-04-08T22:17:01Z</time><extensions><speed>1.344356</speed><course>269.445483</course><hAcc>2.504992</hAcc><vAcc>1.719953</vAcc></extensions></trkpt>
      <trkpt lon="-77.058738" lat="38.905138"><ele>14.662474</ele><time>2024-04-08T22:17:02Z</time><extensions><speed>1.333919</speed><course>269.523443</course><hAcc>2.505211</hAcc><vAcc>1.719990</vAcc></extensions></trkpt>
      <trkpt lon="-77.058753" lat="38.905138"><ele>14.677798</ele><time>2024-04-08T22:17:03Z</time><extensions><speed>1.321871</speed><course>269.595473</course><hAcc>2.505564</hAcc><vAcc>1.720085</vAcc></extensions></trkpt>
      <trkpt lon="-77.058768" lat="38.905138"><ele>14.692395</ele><time>2024-04-08T22:17:04Z</time><extensions><speed>1.309312</speed><course>269.656819</course><hAcc>2.506036</hAcc><vAcc>1.720239</vAcc></extensions></trkpt>
      <trkpt lon="-77.058783" lat="38.905137"><ele>14.706003</ele><time>2024-04-08T22:17:05Z</time><extensions><speed>1.296726</speed><course>269.705066</course><hAcc>2.506639</hAcc><vAcc>1.720452</vAcc></extensions></trkpt>
      <trkpt lon="-77.058798" lat="38.905137"><ele>14.718473</ele><time>2024-04-08T22:17:06Z</time><extensions><speed>1.283539</speed><course>269.745148</course><hAcc>2.507372</hAcc><vAcc>1.720722</vAcc></extensions></trkpt>
      <trkpt lon="-77.058812" lat="38.905137"><ele>14.729853</ele><time>2024-04-08T22:17:07Z</time><extensions><speed>1.270246</speed><course>269.777828</course><hAcc>2.508213</hAcc><vAcc>1.721048</vAcc></extensions></trkpt>
      <trkpt lon="-77.058827" lat="38.905137"><ele>14.740179</ele><time>2024-04-08T22:17:08Z</time><extensions><speed>1.255469</speed><course>269.811639</course><hAcc>2.509081</hAcc><vAcc>1.721427</vAcc></extensions></trkpt>
      <trkpt lon="-77.058841" lat="38.905137"><ele>14.750325</ele><time>2024-04-08T22:17:09Z</time><extensions><speed>1.239995</speed><course>269.847203</course><hAcc>2.509925</hAcc><vAcc>1.721855</vAcc></extensions></trkpt>
      <trkpt lon="-77.058855" lat="38.905137"><ele>14.759552</ele><time>2024-04-08T22:17:10Z</time><extensions><speed>1.222799</speed><course>269.891112</course><hAcc>2.510691</hAcc><vAcc>1.722328</vAcc></extensions></trkpt>
      <trkpt lon="-77.058869" lat="38.905137"><ele>14.767535</ele><time>2024-04-08T22:17:11Z</time><extensions><speed>1.204500</speed><course>269.953367</course><hAcc>2.511307</hAcc><vAcc>1.722838</vAcc></extensions></trkpt>
      <trkpt lon="-77.058883" lat="38.905137"><ele>14.774488</ele><time>2024-04-08T22:17:12Z</time><extensions><speed>1.178622</speed><course>270.050063</course><hAcc>2.511688</hAcc><vAcc>1.723379</vAcc></extensions></trkpt>
      <trkpt lon="-77.058896" lat="38.905137"><ele>14.780413</ele><time>2024-04-08T22:17:13Z</time><extensions><speed>1.149111</speed><course>270.190174</course><hAcc>2.511794</hAcc><vAcc>1.723943</vAcc></extensions></trkpt>
      <trkpt lon="-77.058909" lat="38.905137"><ele>14.785491</ele><time>2024-04-08T22:17:14Z</time><extensions><speed>1.115027</speed><course>270.335144</course><hAcc>2.511751</hAcc><vAcc>1.724524</vAcc></extensions></trkpt>
      <trkpt lon="-77.058922" lat="38.905137"><ele>14.790196</ele><time>2024-04-08T22:17:15Z</time><extensions><speed>1.077085</speed><course>270.492865</course><hAcc>2.511682</hAcc><vAcc>1.725114</vAcc></extensions></trkpt>
      <trkpt lon="-77.058934" lat="38.905137"><ele>14.794692</ele><time>2024-04-08T22:17:16Z</time><extensions><speed>1.042666</speed><course>270.534780</course><hAcc>2.511643</hAcc><vAcc>1.725708</vAcc></extensions></trkpt>
      <trkpt lon="-77.058946" lat="38.905138"><ele>14.798150</ele><time>2024-04-08T22:17:17Z</time><extensions><speed>1.011712</speed><course>270.465560</course><hAcc>2.511688</hAcc><vAcc>1.726301</vAcc></extensions></trkpt>
      <trkpt lon="-77.058957" lat="38.905138"><ele>14.801747</ele><time>2024-04-08T22:17:18Z</time><extensions><speed>0.981085</speed><course>270.233024</course><hAcc>2.511846</hAcc><vAcc>1.726888</vAcc></extensions></trkpt>
      <trkpt lon="-77.058968" lat="38.905138"><ele>14.805410</ele><time>2024-04-08T22:17:19Z</time><extensions><speed>0.948454</speed><course>270.019708</course><hAcc>2.512169</hAcc><vAcc>1.727465</vAcc></extensions></trkpt>
      <trkpt lon="-77.058979" lat="38.905138"><ele>14.808896</ele><time>2024-04-08T22:17:20Z</time><extensions><speed>0.914045</speed><course>269.823871</course><hAcc>2.512635</hAcc><vAcc>1.728029</vAcc></extensions></trkpt>
      <trkpt lon="-77.058989" lat="38.905138"><ele>14.812358</ele><time>2024-04-08T22:17:21Z</time><extensions><speed>0.878972</speed><course>269.652063</course><hAcc>2.513183</hAcc><vAcc>1.728577</vAcc></extensions></trkpt>
      <trkpt lon="-77.058999" lat="38.905138"><ele>14.816464</ele><time>2024-04-08T22:17:22Z</time><extensions><speed>0.842648</speed><course>269.507353</course><hAcc>2.513700</hAcc><vAcc>1.729106</vAcc></extensions></trkpt>
      <trkpt lon="-77.059009" lat="38.905137"><ele>14.821292</ele><time>2024-04-08T22:17:23Z</time><extensions><speed>0.803876</speed><course>269.387707</course><hAcc>2.514028</hAcc><vAcc>1.729614</vAcc></extensions></trkpt>
      <trkpt lon="-77.059018" lat="38.905137"><ele>14.827043</ele><time>2024-04-08T22:17:24Z</time><extensions><speed>0.763287</speed><course>269.292509</course><hAcc>2.513963</hAcc><vAcc>1.730098</vAcc></extensions></trkpt>
      <trkpt lon="-77.059026" lat="38.905137"><ele>14.834726</ele><time>2024-04-08T22:17:25Z</time><extensions><speed>0.723430</speed><course>269.227384</course><hAcc>2.513281</hAcc><vAcc>1.730558</vAcc></extensions></trkpt>
      <trkpt lon="-77.059034" lat="38.905137"><ele>14.843452</ele><time>2024-04-08T22:17:26Z</time><extensions><speed>0.685462</speed><course>269.191311</course><hAcc>2.511935</hAcc><vAcc>1.730991</vAcc></extensions></trkpt>
      <trkpt lon="-77.059042" lat="38.905137"><ele>14.853892</ele><time>2024-04-08T22:17:27Z</time><extensions><speed>0.649962</speed><course>269.179261</course><hAcc>2.510144</hAcc><vAcc>1.731397</vAcc></extensions></trkpt>
      <trkpt lon="-77.059049" lat="38.905137"><ele>14.866112</ele><time>2024-04-08T22:17:28Z</time><extensions><speed>0.619379</speed><course>269.181580</course><hAcc>2.508175</hAcc><vAcc>1.731776</vAcc></extensions></trkpt>
      <trkpt lon="-77.059056" lat="38.905137"><ele>14.879481</ele><time>2024-04-08T22:17:29Z</time><extensions><speed>0.591747</speed><course>269.192926</course><hAcc>2.506270</hAcc><vAcc>1.732127</vAcc></extensions></trkpt>
      <trkpt lon="-77.059063" lat="38.905137"><ele>14.894097</ele><time>2024-04-08T22:17:30Z</time><extensions><speed>0.568577</speed><course>269.198537</course><hAcc>2.504587</hAcc><vAcc>1.732451</vAcc></extensions></trkpt>
      <trkpt lon="-77.059069" lat="38.905137"><ele>14.910449</ele><time>2024-04-08T22:17:31Z</time><extensions><speed>0.552194</speed><course>269.183545</course><hAcc>2.503160</hAcc><vAcc>1.732749</vAcc></extensions></trkpt>
      <trkpt lon="-77.059076" lat="38.905137"><ele>14.928080</ele><time>2024-04-08T22:17:32Z</time><extensions><speed>0.542329</speed><course>269.142014</course><hAcc>2.501983</hAcc><vAcc>1.733024</vAcc></extensions></trkpt>
      <trkpt lon="-77.059082" lat="38.905137"><ele>14.948543</ele><time>2024-04-08T22:17:33Z</time><extensions><speed>0.539070</speed><course>269.050682</course><hAcc>2.501040</hAcc><vAcc>1.733276</vAcc></extensions></trkpt>
      <trkpt lon="-77.059088" lat="38.905137"><ele>14.970600</ele><time>2024-04-08T22:17:34Z</time><extensions><speed>0.542591</speed><course>268.927465</course><hAcc>2.500320</hAcc><vAcc>1.733508</vAcc></extensions></trkpt>
      <trkpt lon="-77.059094" lat="38.905136"><ele>14.992865</ele><time>2024-04-08T22:17:35Z</time><extensions><speed>0.553935</speed><course>268.798996</course><hAcc>2.499820</hAcc><vAcc>1.733721</vAcc></extensions></trkpt>
      <trkpt lon="-77.059101" lat="38.905136"><ele>15.015634</ele><time>2024-04-08T22:17:36Z</time><extensions><speed>0.571852</speed><course>268.662612</course><hAcc>2.499558</hAcc><vAcc>1.733919</vAcc></extensions></trkpt>
      <trkpt lon="-77.059108" lat="38.905136"><ele>15.038557</ele><time>2024-04-08T22:17:37Z</time><extensions><speed>0.594827</speed><course>268.539284</course><hAcc>2.499568</hAcc><vAcc>1.734102</vAcc></extensions></trkpt>
      <trkpt lon="-77.059115" lat="38.905136"><ele>15.061796</ele><time>2024-04-08T22:17:38Z</time><extensions><speed>0.623814</speed><course>268.444272</course><hAcc>2.499814</hAcc><vAcc>1.734273</vAcc></extensions></trkpt>
      <trkpt lon="-77.059122" lat="38.905136"><ele>15.085788</ele><time>2024-04-08T22:17:39Z</time><extensions><speed>0.659198</speed><course>268.377607</course><hAcc>2.500246</hAcc><vAcc>1.734434</vAcc></extensions></trkpt>
      <trkpt lon="-77.059130" lat="38.905136"><ele>15.110339</ele><time>2024-04-08T22:17:40Z</time><extensions><speed>0.700875</speed><course>268.342160</course><hAcc>2.500826</hAcc><vAcc>1.734586</vAcc></extensions></trkpt>
      <trkpt lon="-77.059138" lat="38.905136"><ele>15.135117</ele><time>2024-04-08T22:17:41Z</time><extensions><speed>0.749058</speed><course>268.340093</course><hAcc>2.501559</hAcc><vAcc>1.734730</vAcc></extensions></trkpt>
      <trkpt lon="-77.059147" lat="38.905135"><ele>15.160420</ele><time>2024-04-08T22:17:42Z</time><extensions><speed>0.803611</speed><course>268.370022</course><hAcc>2.502488</hAcc><vAcc>1.734868</vAcc></extensions></trkpt>
      <trkpt lon="-77.059157" lat="38.905135"><ele>15.186215</ele><time>2024-04-08T22:17:43Z</time><extensions><speed>0.860968</speed><course>268.424976</course><hAcc>2.503665</hAcc><vAcc>1.735001</vAcc></extensions></trkpt>
      <trkpt lon="-77.059167" lat="38.905135"><ele>15.212351</ele><time>2024-04-08T22:17:44Z</time><extensions><speed>0.918309</speed><course>268.497125</course><hAcc>2.505023</hAcc><vAcc>1.735128</vAcc></extensions></trkpt>
      <trkpt lon="-77.059178" lat="38.905135"><ele>15.238347</ele><time>2024-04-08T22:17:45Z</time><extensions><speed>0.970507</speed><course>268.573639</course><hAcc>2.506363</hAcc><vAcc>1.735251</vAcc></extensions></trkpt>
      <trkpt lon="-77.059190" lat="38.905135"><ele>15.264372</ele><time>2024-04-08T22:17:46Z</time><extensions><speed>1.018848</speed><course>268.654088</course><hAcc>2.507515</hAcc><vAcc>1.735370</vAcc></extensions></trkpt>
      <trkpt lon="-77.059202" lat="38.905134"><ele>15.290841</ele><time>2024-04-08T22:17:47Z</time><extensions><speed>1.063310</speed><course>268.733424</course><hAcc>2.508368</hAcc><vAcc>1.735483</vAcc></extensions></trkpt>
      <trkpt lon="-77.059214" lat="38.905134"><ele>15.317665</ele><time>2024-04-08T22:17:48Z</time><extensions><speed>1.105361</speed><course>268.806473</course><hAcc>2.508874</hAcc><vAcc>1.735592</vAcc></extensions></trkpt>
      <trkpt lon="-77.059227" lat="38.905134"><ele>15.344871</ele><time>2024-04-08T22:17:49Z</time><extensions><speed>1.145355</speed><course>268.868960</course><hAcc>2.509034</hAcc><vAcc>1.735695</vAcc></extensions></trkpt>
      <trkpt lon="-77.059241" lat="38.905134"><ele>15.372064</ele><time>2024-04-08T22:17:50Z</time><extensions><speed>1.182809</speed><course>268.919453</course><hAcc>2.508929</hAcc><vAcc>1.735793</vAcc></extensions></trkpt>
      <trkpt lon="-77.059254" lat="38.905133"><ele>15.399103</ele><time>2024-04-08T22:17:51Z</time><extensions><speed>1.217269</speed><course>268.960083</course><hAcc>2.508638</hAcc><vAcc>1.735884</vAcc></extensions></trkpt>
      <trkpt lon="-77.059269" lat="38.905133"><ele>15.426556</ele><time>2024-04-08T22:17:52Z</time><extensions><speed>1.249591</speed><course>268.995376</course><hAcc>2.508243</hAcc><vAcc>1.735970</vAcc></extensions></trkpt>
      <trkpt lon="-77.059283" lat="38.905133"><ele>15.453755</ele><time>2024-04-08T22:17:53Z</time><extensions><speed>1.280478</speed><course>269.026641</course><hAcc>2.507801</hAcc><vAcc>1.736050</vAcc></extensions></trkpt>
      <trkpt lon="-77.059298" lat="38.905133"><ele>15.480554</ele><time>2024-04-08T22:17:54Z</time><extensions><speed>1.308543</speed><course>269.053192</course><hAcc>2.507316</hAcc><vAcc>1.736123</vAcc></extensions></trkpt>
      <trkpt lon="-77.059313" lat="38.905133"><ele>15.506902</ele><time>2024-04-08T22:17:55Z</time><extensions><speed>1.332413</speed><course>269.073993</course><hAcc>2.506773</hAcc><vAcc>1.736189</vAcc></extensions></trkpt>
      <trkpt lon="-77.059329" lat="38.905132"><ele>15.532430</ele><time>2024-04-08T22:17:56Z</time><extensions><speed>1.353226</speed><course>269.088635</course><hAcc>2.506168</hAcc><vAcc>1.736249</vAcc></extensions></trkpt>
      <trkpt lon="-77.059344" lat="38.905132"><ele>15.556936</ele><time>2024-04-08T22:17:57Z</time><extensions><speed>1.372197</speed><course>269.098913</course><hAcc>2.505505</hAcc><vAcc>1.736302</vAcc></extensions></trkpt>
      <trkpt lon="-77.059360" lat="38.905132"><ele>15.580059</ele><time>2024-04-08T22:17:58Z</time><extensions><speed>1.390759</speed><course>269.104495</course><hAcc>2.504825</hAcc><vAcc>1.736349</vAcc></extensions></trkpt>
      <trkpt lon="-77.059376" lat="38.905132"><ele>15.602276</ele><time>2024-04-08T22:17:59Z</time><extensions><speed>1.405544</speed><course>269.107119</course><hAcc>2.504181</hAcc><vAcc>1.736389</vAcc></extensions></trkpt>
      <trkpt lon="-77.059393" lat="38.905132"><ele>15.623531</ele><time>2024-04-08T22:18:00Z</time><extensions><speed>1.422777</speed><course>269.108387</course><hAcc>2.503606</hAcc><vAcc>1.736422</vAcc></extensions></trkpt>
      <trkpt lon="-77.059409" lat="38.905131"><ele>15.643621</ele><time>2024-04-08T22:18:01Z</time><extensions><speed>1.439898</speed><course>269.108477</course><hAcc>2.503137</hAcc><vAcc>1.736449</vAcc></extensions></trkpt>
      <trkpt lon="-77.059426" lat="38.905131"><ele>15.662586</ele><time>2024-04-08T22:18:02Z</time><extensions><speed>1.452903</speed><course>269.112667</course><hAcc>2.502814</hAcc><vAcc>1.736469</vAcc></extensions></trkpt>
      <trkpt lon="-77.059443" lat="38.905131"><ele>15.679857</ele><time>2024-04-08T22:18:03Z</time><extensions><speed>1.462025</speed><course>269.120533</course><hAcc>2.502673</hAcc><vAcc>1.736483</vAcc></extensions></trkpt>
      <trkpt lon="-77.059459" lat="38.905131"><ele>15.695524</ele><time>2024-04-08T22:18:04Z</time><extensions><speed>1.467270</speed><course>269.130185</course><hAcc>2.502699</hAcc><vAcc>1.736492</vAcc></extensions></trkpt>
      <trkpt lon="-77.059476" lat="38.905131"><ele>15.709711</ele><time>2024-04-08T22:18:05Z</time><extensions><speed>1.470171</speed><course>269.140217</course><hAcc>2.502819</hAcc><vAcc>1.736494</vAcc></extensions></trkpt>
      <trkpt lon="-77.059493" lat="38.905131"><ele>15.722547</ele><time>2024-04-08T22:18:06Z</time><extensions><speed>1.471011</speed><course>269.151011</course><hAcc>2.502944</hAcc><vAcc>1.736489</vAcc></extensions></trkpt>
      <trkpt lon="-77.059510" lat="38.905130"><ele>15.734088</ele><time>2024-04-08T22:18:07Z</time><extensions><speed>1.471423</speed><course>269.161514</course><hAcc>2.503000</hAcc><vAcc>1.736477</vAcc></extensions></trkpt>
      <trkpt lon="-77.059527" lat="38.905130"><ele>15.744284</ele><time>2024-04-08T22:18:08Z</time><extensions><speed>1.471791</speed><course>269.168936</course><hAcc>2.502902</hAcc><vAcc>1.736458</vAcc></extensions></trkpt>
      <trkpt lon="-77.059544" lat="38.905130"><ele>15.753900</ele><time>2024-04-08T22:18:09Z</time><extensions><speed>1.472560</speed><course>269.176057</course><hAcc>2.502582</hAcc><vAcc>1.736430</vAcc></extensions></trkpt>
      <trkpt lon="-77.059561" lat="38.905130"><ele>15.762471</ele><time>2024-04-08T22:18:10Z</time><extensions><speed>1.471887</speed><course>269.180753</course><hAcc>2.502078</hAcc><vAcc>1.736394</vAcc></extensions></trkpt>
      <trkpt lon="-77.059578" lat="38.905130"><ele>15.770284</ele><time>2024-04-08T22:18:11Z</time><extensions><speed>1.470629</speed><course>269.180536</course><hAcc>2.501471</hAcc><vAcc>1.736349</vAcc></extensions></trkpt>
      <trkpt lon="-77.059595" lat="38.905129"><ele>15.777351</ele><time>2024-04-08T22:18:12Z</time><extensions><speed>1.468453</speed><course>269.175875</course><hAcc>2.500842</hAcc><vAcc>1.736295</vAcc></extensions></trkpt>
      <trkpt lon="-77.059612" lat="38.905129"><ele>15.783622</ele><time>2024-04-08T22:18:13Z</time><extensions><speed>1.464426</speed><course>269.168545</course><hAcc>2.500250</hAcc><vAcc>1.736233</vAcc></extensions></trkpt>
      <trkpt lon="-77.059629" lat="38.905129"><ele>15.788621</ele><time>2024-04-08T22:18:14Z</time><extensions><speed>1.458275</speed><course>269.162670</course><hAcc>2.499755</hAcc><vAcc>1.736162</vAcc></extensions></trkpt>
      <trkpt lon="-77.059645" lat="38.905129"><ele>15.792952</ele><time>2024-04-08T22:18:14Z</time><extensions><speed>1.451419</speed><course>269.158920</course><hAcc>2.499329</hAcc><vAcc>1.736082</vAcc></extensions></trkpt>
      <trkpt lon="-77.059662" lat="38.905129"><ele>15.796537</ele><time>2024-04-08T22:18:15Z</time><extensions><speed>1.443286</speed><course>269.157172</course><hAcc>2.498935</hAcc><vAcc>1.735994</vAcc></extensions></trkpt>
      <trkpt lon="-77.059679" lat="38.905128"><ele>15.799422</ele><time>2024-04-08T22:18:16Z</time><extensions><speed>1.434859</speed><course>269.157628</course><hAcc>2.498560</hAcc><vAcc>1.735897</vAcc></extensions></trkpt>
      <trkpt lon="-77.059695" lat="38.905128"><ele>15.802332</ele><time>2024-04-08T22:18:17Z</time><extensions><speed>1.426179</speed><course>269.161030</course><hAcc>2.498191</hAcc><vAcc>1.735793</vAcc></extensions></trkpt>
      <trkpt lon="-77.059712" lat="38.905128"><ele>15.804635</ele><time>2024-04-08T22:18:18Z</time><extensions><speed>1.425266</speed><course>269.167337</course><hAcc>2.497901</hAcc><vAcc>1.735683</vAcc></extensions></trkpt>
      <trkpt lon="-77.059728" lat="38.905128"><ele>15.806925</ele><time>2024-04-08T22:18:19Z</time><extensions><speed>1.425074</speed><course>269.174171</course><hAcc>2.497681</hAcc><vAcc>1.735567</vAcc></extensions></trkpt>
      <trkpt lon="-77.059745" lat="38.905128"><ele>15.809201</ele><time>2024-04-08T22:18:20Z</time><extensions><speed>1.424184</speed><course>269.185183</course><hAcc>2.497544</hAcc><vAcc>1.735449</vAcc></extensions></trkpt>
      <trkpt lon="-77.059761" lat="38.905127"><ele>15.811721</ele><time>2024-04-08T22:18:21Z</time><extensions><speed>1.422279</speed><course>269.195495</course><hAcc>2.497480</hAcc><vAcc>1.735330</vAcc></extensions></trkpt>
      <trkpt lon="-77.059777" lat="38.905127"><ele>15.815133</ele><time>2024-04-08T22:18:22Z</time><extensions><speed>1.418631</speed><course>269.198720</course><hAcc>2.497535</hAcc><vAcc>1.735213</vAcc></extensions></trkpt>
      <trkpt lon="-77.059794" lat="38.905127"><ele>15.819615</ele><time>2024-04-08T22:18:23Z</time><extensions><speed>1.412207</speed><course>269.189839</course><hAcc>2.497707</hAcc><vAcc>1.735103</vAcc></extensions></trkpt>
      <trkpt lon="-77.059810" lat="38.905127"><ele>15.825686</ele><time>2024-04-08T22:18:24Z</time><extensions><speed>1.402508</speed><course>269.172743</course><hAcc>2.497989</hAcc><vAcc>1.735001</vAcc></extensions></trkpt>
      <trkpt lon="-77.059826" lat="38.905127"><ele>15.833475</ele><time>2024-04-08T22:18:25Z</time><extensions><speed>1.394807</speed><course>269.152213</course><hAcc>2.498325</hAcc><vAcc>1.734909</vAcc></extensions></trkpt>
      <trkpt lon="-77.059842" lat="38.905127"><ele>15.842981</ele><time>2024-04-08T22:18:26Z</time><extensions><speed>1.387943</speed><course>269.133934</course><hAcc>2.498654</hAcc><vAcc>1.734830</vAcc></extensions></trkpt>
      <trkpt lon="-77.059858" lat="38.905126"><ele>15.854185</ele><time>2024-04-08T22:18:27Z</time><extensions><speed>1.382415</speed><course>269.118324</course><hAcc>2.498927</hAcc><vAcc>1.734764</vAcc></extensions></trkpt>
      <trkpt lon="-77.059874" lat="38.905126"><ele>15.867164</ele><time>2024-04-08T22:18:28Z</time><extensions><speed>1.377060</speed><course>269.110510</course><hAcc>2.499145</hAcc><vAcc>1.734711</vAcc></extensions></trkpt>
      <trkpt lon="-77.059890" lat="38.905126"><ele>15.881176</ele><time>2024-04-08T22:18:29Z</time><extensions><speed>1.372685</speed><course>269.109947</course><hAcc>2.499272</hAcc><vAcc>1.734672</vAcc></extensions></trkpt>
      <trkpt lon="-77.059906" lat="38.905126"><ele>15.897296</ele><time>2024-04-08T22:18:30Z</time><extensions><speed>1.368729</speed><course>269.115120</course><hAcc>2.499306</hAcc><vAcc>1.734647</vAcc></extensions></trkpt>
      <trkpt lon="-77.059922" lat="38.905126"><ele>15.914585</ele><time>2024-04-08T22:18:31Z</time><extensions><speed>1.366014</speed><course>269.124687</course><hAcc>2.499239</hAcc><vAcc>1.734637</vAcc></extensions></trkpt>
      <trkpt lon="-77.059937" lat="38.905125"><ele>15.933275</ele><time>2024-04-08T22:18:32Z</time><extensions><speed>1.365244</speed><course>269.135360</course><hAcc>2.499091</hAcc><vAcc>1.734640</vAcc></extensions></trkpt>
      <trkpt lon="-77.059953" lat="38.905125"><ele>15.953344</ele><time>2024-04-08T22:18:33Z</time><extensions><speed>1.366134</speed><course>269.146086</course><hAcc>2.498929</hAcc><vAcc>1.734655</vAcc></extensions></trkpt>
      <trkpt lon="-77.059969" lat="38.905125"><ele>15.974724</ele><time>2024-04-08T22:18:34Z</time><extensions><speed>1.367763</speed><course>269.150450</course><hAcc>2.498730</hAcc><vAcc>1.734683</vAcc></extensions></trkpt>
      <trkpt lon="-77.059984" lat="38.905125"><ele>15.997702</ele><time>2024-04-08T22:18:35Z</time><extensions><speed>1.370410</speed><course>269.147195</course><hAcc>2.498522</hAcc><vAcc>1.734721</vAcc></extensions></trkpt>
      <trkpt lon="-77.060000" lat="38.905125"><ele>16.021635</ele><time>2024-04-08T22:18:36Z</time><extensions><speed>1.374187</speed><course>269.133150</course><hAcc>2.498308</hAcc><vAcc>1.734768</vAcc></extensions></trkpt>
      <trkpt lon="-77.060016" lat="38.905124"><ele>16.046986</ele><time>2024-04-08T22:18:37Z</time><extensions><speed>1.381866</speed><course>269.111705</course><hAcc>2.498072</hAcc><vAcc>1.734823</vAcc></extensions></trkpt>
      <trkpt lon="-77.060032" lat="38.905124"><ele>16.073931</ele><time>2024-04-08T22:18:38Z</time><extensions><speed>1.390468</speed><course>269.081829</course><hAcc>2.497871</hAcc><vAcc>1.734883</vAcc></extensions></trkpt>
      <trkpt lon="-77.060048" lat="38.905124"><ele>16.102654</ele><time>2024-04-08T22:18:39Z</time><extensions><speed>1.400096</speed><course>269.047384</course><hAcc>2.497672</hAcc><vAcc>1.734945</vAcc></extensions></trkpt>
      <trkpt lon="-77.060064" lat="38.905124"><ele>16.132434</ele><time>2024-04-08T22:18:40Z</time><extensions><speed>1.409413</speed><course>269.009071</course><hAcc>2.497495</hAcc><vAcc>1.735008</vAcc></extensions></trkpt>
      <trkpt lon="-77.060081" lat="38.905124"><ele>16.163529</ele><time>2024-04-08T22:18:41Z</time><extensions><speed>1.416293</speed><course>268.973925</course><hAcc>2.497342</hAcc><vAcc>1.735069</vAcc></extensions></trkpt>
      <trkpt lon="-77.060097" lat="38.905123"><ele>16.196201</ele><time>2024-04-08T22:18:42Z</time><extensions><speed>1.422938</speed><course>268.939385</course><hAcc>2.497209</hAcc><vAcc>1.735124</vAcc></extensions></trkpt>
      <trkpt lon="-77.060113" lat="38.905123"><ele>16.229893</ele><time>2024-04-08T22:18:43Z</time><extensions><speed>1.429542</speed><course>268.910070</course><hAcc>2.497074</hAcc><vAcc>1.735171</vAcc></extensions></trkpt>
      <trkpt lon="-77.060130" lat="38.905123"><ele>16.264527</ele><time>2024-04-08T22:18:44Z</time><extensions><speed>1.435018</speed><course>268.887644</course><hAcc>2.496899</hAcc><vAcc>1.735207</vAcc></extensions></trkpt>
      <trkpt lon="-77.060146" lat="38.905123"><ele>16.299866</ele><time>2024-04-08T22:18:45Z</time><extensions><speed>1.439008</speed><course>268.874719</course><hAcc>2.496635</hAcc><vAcc>1.735230</vAcc></extensions></trkpt>
      <trkpt lon="-77.060163" lat="38.905123"><ele>16.335883</ele><time>2024-04-08T22:18:47Z</time><extensions><speed>1.442008</speed><course>268.870444</course><hAcc>2.496237</hAcc><vAcc>1.735233</vAcc></extensions></trkpt>
      <trkpt lon="-77.060180" lat="38.905122"><ele>16.372713</ele><time>2024-04-08T22:18:48Z</time><extensions><speed>1.443515</speed><course>268.878836</course><hAcc>2.495638</hAcc><vAcc>1.735214</vAcc></extensions></trkpt>
      <trkpt lon="-77.060196" lat="38.905122"><ele>16.410347</ele><time>2024-04-08T22:18:49Z</time><extensions><speed>1.443696</speed><course>268.898747</course><hAcc>2.494839</hAcc><vAcc>1.735175</vAcc></extensions></trkpt>
      <trkpt lon="-77.060213" lat="38.905122"><ele>16.448705</ele><time>2024-04-08T22:18:50Z</time><extensions><speed>1.442920</speed><course>268.932560</course><hAcc>2.493913</hAcc><vAcc>1.735114</vAcc></extensions></trkpt>
      <trkpt lon="-77.060229" lat="38.905122"><ele>16.487424</ele><time>2024-04-08T22:18:51Z</time><extensions><speed>1.442149</speed><course>268.978739</course><hAcc>2.492930</hAcc><vAcc>1.735030</vAcc></extensions></trkpt>
      <trkpt lon="-77.060246" lat="38.905121"><ele>16.527746</ele><time>2024-04-08T22:18:52Z</time><extensions><speed>1.442251</speed><course>269.034277</course><hAcc>2.491973</hAcc><vAcc>1.734922</vAcc></extensions></trkpt>
      <trkpt lon="-77.060263" lat="38.905121"><ele>16.569323</ele><time>2024-04-08T22:18:53Z</time><extensions><speed>1.443851</speed><course>269.096989</course><hAcc>2.491088</hAcc><vAcc>1.734789</vAcc></extensions></trkpt>
      <trkpt lon="-77.060279" lat="38.905121"><ele>16.611406</ele><time>2024-04-08T22:18:54Z</time><extensions><speed>1.445801</speed><course>269.164735</course><hAcc>2.490294</hAcc><vAcc>1.734632</vAcc></extensions></trkpt>
      <trkpt lon="-77.060296" lat="38.905121"><ele>16.653676</ele><time>2024-04-08T22:18:55Z</time><extensions><speed>1.448199</speed><course>269.231475</course><hAcc>2.489610</hAcc><vAcc>1.734449</vAcc></extensions></trkpt>
      <trkpt lon="-77.060313" lat="38.905121"><ele>16.696585</ele><time>2024-04-08T22:18:56Z</time><extensions><speed>1.449422</speed><course>269.294460</course><hAcc>2.489059</hAcc><vAcc>1.734242</vAcc></extensions></trkpt>
      <trkpt lon="-77.060330" lat="38.905120"><ele>16.739798</ele><time>2024-04-08T22:18:57Z</time><extensions><speed>1.449419</speed><course>269.350747</course><hAcc>2.488674</hAcc><vAcc>1.734011</vAcc></extensions></trkpt>
      <trkpt lon="-77.060347" lat="38.905120"><ele>16.783510</ele><time>2024-04-08T22:18:58Z</time><extensions><speed>1.447777</speed><course>269.396872</course><hAcc>2.488448</hAcc><vAcc>1.733757</vAcc></extensions></trkpt>
      <trkpt lon="-77.060363" lat="38.905120"><ele>16.828037</ele><time>2024-04-08T22:18:59Z</time><extensions><speed>1.442850</speed><course>269.432712</course><hAcc>2.488379</hAcc><vAcc>1.733483</vAcc></extensions></trkpt>
      <trkpt lon="-77.060380" lat="38.905120"><ele>16.872836</ele><time>2024-04-08T22:19:00Z</time><extensions><speed>1.438494</speed><course>269.455703</course><hAcc>2.488424</hAcc><vAcc>1.733190</vAcc></extensions></trkpt>
      <trkpt lon="-77.060397" lat="38.905120"><ele>16.917764</ele><time>2024-04-08T22:19:01Z</time><extensions><speed>1.433842</speed><course>269.463088</course><hAcc>2.488581</hAcc><vAcc>1.732881</vAcc></extensions></trkpt>
      <trkpt lon="-77.060414" lat="38.905120"><ele>16.962595</ele><time>2024-04-08T22:19:02Z</time><extensions><speed>1.429846</speed><course>269.453231</course><hAcc>2.488838</hAcc><vAcc>1.732559</vAcc></extensions></trkpt>
      <trkpt lon="-77.060430" lat="38.905120"><ele>17.007493</ele><time>2024-04-08T22:19:03Z</time><extensions><speed>1.427421</speed><course>269.424425</course><hAcc>2.489169</hAcc><vAcc>1.732227</vAcc></extensions></trkpt>
      <trkpt lon="-77.060447" lat="38.905120"><ele>17.051558</ele><time>2024-04-08T22:19:04Z</time><extensions><speed>1.424448</speed><course>269.375551</course><hAcc>2.489557</hAcc><vAcc>1.731889</vAcc></extensions></trkpt>
      <trkpt lon="-77.060463" lat="38.905119"><ele>17.095022</ele><time>2024-04-08T22:19:05Z</time><extensions><speed>1.420307</speed><course>269.306743</course><hAcc>2.490022</hAcc><vAcc>1.731547</vAcc></extensions></trkpt>
      <trkpt lon="-77.060480" lat="38.905119"><ele>17.137703</ele><time>2024-04-08T22:19:06Z</time><extensions><speed>1.413126</speed><course>269.222547</course><hAcc>2.490639</hAcc><vAcc>1.731206</vAcc></extensions></trkpt>
      <trkpt lon="-77.060496" lat="38.905119"><ele>17.179201</ele><time>2024-04-08T22:19:07Z</time><extensions><speed>1.405471</speed><course>269.120651</course><hAcc>2.491367</hAcc><vAcc>1.730871</vAcc></extensions></trkpt>
      <trkpt lon="-77.060512" lat="38.905119"><ele>17.219517</ele><time>2024-04-08T22:19:08Z</time><extensions><speed>1.397653</speed><course>269.003334</course><hAcc>2.492156</hAcc><vAcc>1.730544</vAcc></extensions></trkpt>
      <trkpt lon="-77.060529" lat="38.905119"><ele>17.258659</ele><time>2024-04-08T22:19:09Z</time><extensions><speed>1.391333</speed><course>268.871259</course><hAcc>2.492905</hAcc><vAcc>1.730229</vAcc></extensions></trkpt>
      <trkpt lon="-77.060545" lat="38.905118"><ele>17.296182</ele><time>2024-04-08T22:19:10Z</time><extensions><speed>1.388306</speed><course>268.725921</course><hAcc>2.493580</hAcc><vAcc>1.729929</vAcc></extensions></trkpt>
      <trkpt lon="-77.060561" lat="38.905118"><ele>17.332060</ele><time>2024-04-08T22:19:11Z</time><extensions><speed>1.384204</speed><course>268.568840</course><hAcc>2.494114</hAcc><vAcc>1.729647</vAcc></extensions></trkpt>
      <trkpt lon="-77.060577" lat="38.905118"><ele>17.366071</ele><time>2024-04-08T22:19:12Z</time><extensions><speed>1.378166</speed><course>268.403668</course><hAcc>2.494478</hAcc><vAcc>1.729385</vAcc></extensions></trkpt>
      <trkpt lon="-77.060593" lat="38.905117"><ele>17.398440</ele><time>2024-04-08T22:19:13Z</time><extensions><speed>1.372016</speed><course>268.229437</course><hAcc>2.494642</hAcc><vAcc>1.729144</vAcc></extensions></trkpt>
      <trkpt lon="-77.060609" lat="38.905117"><ele>17.429056</ele><time>2024-04-08T22:19:14Z</time><extensions><speed>1.364617</speed><course>268.047218</course><hAcc>2.494706</hAcc><vAcc>1.728927</vAcc></extensions></trkpt>
      <trkpt lon="-77.060624" lat="38.905116"><ele>17.457985</ele><time>2024-04-08T22:19:15Z</time><extensions><speed>1.358089</speed><course>267.859701</course><hAcc>2.494752</hAcc><vAcc>1.728735</vAcc></extensions></trkpt>
      <trkpt lon="-77.060640" lat="38.905116"><ele>17.485292</ele><time>2024-04-08T22:19:16Z</time><extensions><speed>1.351841</speed><course>267.666480</course><hAcc>2.494792</hAcc><vAcc>1.728568</vAcc></extensions></trkpt>
      <trkpt lon="-77.060656" lat="38.905115"><ele>17.511268</ele><time>2024-04-08T22:19:17Z</time><extensions><speed>1.344092</speed><course>267.464783</course><hAcc>2.494743</hAcc><vAcc>1.728427</vAcc></extensions></trkpt>
      <trkpt lon="-77.060671" lat="38.905115"><ele>17.536651</ele><time>2024-04-08T22:19:18Z</time><extensions><speed>1.335844</speed><course>267.261506</course><hAcc>2.494528</hAcc><vAcc>1.728314</vAcc></extensions></trkpt>
      <trkpt lon="-77.060686" lat="38.905114"><ele>17.560566</ele><time>2024-04-08T22:19:19Z</time><extensions><speed>1.334482</speed><course>267.057296</course><hAcc>2.494179</hAcc><vAcc>1.728228</vAcc></extensions></trkpt>
      <trkpt lon="-77.060701" lat="38.905114"><ele>17.583449</ele><time>2024-04-08T22:19:20Z</time><extensions><speed>1.335299</speed><course>266.853530</course><hAcc>2.493884</hAcc><vAcc>1.728170</vAcc></extensions></trkpt>
      <trkpt lon="-77.060717" lat="38.905113"><ele>17.605382</ele><time>2024-04-08T22:19:21Z</time><extensions><speed>1.336280</speed><course>266.653071</course><hAcc>2.493780</hAcc><vAcc>1.728141</vAcc></extensions></trkpt>
      <trkpt lon="-77.060732" lat="38.905112"><ele>17.627129</ele><time>2024-04-08T22:19:22Z</time><extensions><speed>1.337040</speed><course>266.459019</course><hAcc>2.493887</hAcc><vAcc>1.728140</vAcc></extensions></trkpt>
      <trkpt lon="-77.060747" lat="38.905111"><ele>17.648562</ele><time>2024-04-08T22:19:23Z</time><extensions><speed>1.337813</speed><course>266.267004</course><hAcc>2.494096</hAcc><vAcc>1.728167</vAcc></extensions></trkpt>
      <trkpt lon="-77.060762" lat="38.905111"><ele>17.669652</ele><time>2024-04-08T22:19:24Z</time><extensions><speed>1.338942</speed><course>266.070372</course><hAcc>2.494399</hAcc><vAcc>1.728219</vAcc></extensions></trkpt>
      <trkpt lon="-77.060778" lat="38.905110"><ele>17.689605</ele><time>2024-04-08T22:19:25Z</time><extensions><speed>1.336320</speed><course>265.876925</course><hAcc>2.494862</hAcc><vAcc>1.728295</vAcc></extensions></trkpt>
      <trkpt lon="-77.060793" lat="38.905109"><ele>17.708970</ele><time>2024-04-08T22:19:26Z</time><extensions><speed>1.330105</speed><course>265.680792</course><hAcc>2.495516</hAcc><vAcc>1.728392</vAcc></extensions></trkpt>
      <trkpt lon="-77.060808" lat="38.905108"><ele>17.727689</ele><time>2024-04-08T22:19:27Z</time><extensions><speed>1.320144</speed><course>265.487079</course><hAcc>2.496299</hAcc><vAcc>1.728508</vAcc></extensions></trkpt>
      <trkpt lon="-77.060823" lat="38.905107"><ele>17.745436</ele><time>2024-04-08T22:19:28Z</time><extensions><speed>1.306874</speed><course>265.299622</course><hAcc>2.497067</hAcc><vAcc>1.728640</vAcc></extensions></trkpt>
      <trkpt lon="-77.060838" lat="38.905106"><ele>17.762419</ele><time>2024-04-08T22:19:29Z</time><extensions><speed>1.295547</speed><course>265.129432</course><hAcc>2.497706</hAcc><vAcc>1.728787</vAcc></extensions></trkpt>
      <trkpt lon="-77.060853" lat="38.905105"><ele>17.779274</ele><time>2024-04-08T22:19:30Z</time><extensions><speed>1.281820</speed><course>264.992404</course><hAcc>2.498272</hAcc><vAcc>1.728946</vAcc></extensions></trkpt>
      <trkpt lon="-77.060867" lat="38.905104"><ele>17.795846</ele><time>2024-04-08T22:19:31Z</time><extensions><speed>1.264457</speed><course>264.889655</course><hAcc>2.498837</hAcc><vAcc>1.729115</vAcc></extensions></trkpt>
      <trkpt lon="-77.060881" lat="38.905103"><ele>17.812180</ele><time>2024-04-08T22:19:32Z</time><extensions><speed>1.246118</speed><course>264.832791</course><hAcc>2.499441</hAcc><vAcc>1.729295</vAcc></extensions></trkpt>
      <trkpt lon="-77.060896" lat="38.905102"><ele>17.828614</ele><time>2024-04-08T22:19:33Z</time><extensions><speed>1.221672</speed><course>264.798180</course><hAcc>2.500102</hAcc><vAcc>1.729484</vAcc></extensions></trkpt>
      <trkpt lon="-77.060909" lat="38.905101"><ele>17.844857</ele><time>2024-04-08T22:19:34Z</time><extensions><speed>1.192741</speed><course>264.786925</course><hAcc>2.500843</hAcc><vAcc>1.729683</vAcc></extensions></trkpt>
      <trkpt lon="-77.060923" lat="38.905100"><ele>17.861476</ele><time>2024-04-08T22:19:35Z</time><extensions><speed>1.159923</speed><course>264.794270</course><hAcc>2.501709</hAcc><vAcc>1.729890</vAcc></extensions></trkpt>
      <trkpt lon="-77.060936" lat="38.905099"><ele>17.879143</ele><time>2024-04-08T22:19:36Z</time><extensions><speed>1.122309</speed><course>264.819260</course><hAcc>2.502708</hAcc><vAcc>1.730107</vAcc></extensions></trkpt>
      <trkpt lon="-77.060948" lat="38.905098"><ele>17.896349</ele><time>2024-04-08T22:19:37Z</time><extensions><speed>1.082342</speed><course>264.857762</course><hAcc>2.503788</hAcc><vAcc>1.730332</vAcc></extensions></trkpt>
      <trkpt lon="-77.060960" lat="38.905098"><ele>17.914451</ele><time>2024-04-08T22:19:38Z</time><extensions><speed>1.041114</speed><course>264.916723</course><hAcc>2.504914</hAcc><vAcc>1.730564</vAcc></extensions></trkpt>
      <trkpt lon="-77.060972" lat="38.905097"><ele>17.932587</ele><time>2024-04-08T22:19:39Z</time><extensions><speed>0.996584</speed><course>264.987366</course><hAcc>2.506040</hAcc><vAcc>1.730804</vAcc></extensions></trkpt>
      <trkpt lon="-77.060983" lat="38.905096"><ele>17.951087</ele><time>2024-04-08T22:19:40Z</time><extensions><speed>0.950152</speed><course>265.073465</course><hAcc>2.507128</hAcc><vAcc>1.731050</vAcc></extensions></trkpt>
      <trkpt lon="-77.060993" lat="38.905095"><ele>17.970818</ele><time>2024-04-08T22:19:41Z</time><extensions><speed>0.901398</speed><course>265.176331</course><hAcc>2.508109</hAcc><vAcc>1.731303</vAcc></extensions></trkpt>
      <trkpt lon="-77.061004" lat="38.905095"><ele>17.991722</ele><time>2024-04-08T22:19:42Z</time><extensions><speed>0.851794</speed><course>265.296100</course><hAcc>2.508911</hAcc><vAcc>1.731560</vAcc></extensions></trkpt>
      <trkpt lon="-77.061013" lat="38.905094"><ele>18.013234</ele><time>2024-04-08T22:19:43Z</time><extensions><speed>0.800606</speed><course>265.425569</course><hAcc>2.509500</hAcc><vAcc>1.731821</vAcc></extensions></trkpt>
      <trkpt lon="-77.061022" lat="38.905094"><ele>18.035301</ele><time>2024-04-08T22:19:44Z</time><extensions><speed>0.748263</speed><course>265.562504</course><hAcc>2.509861</hAcc><vAcc>1.732083</vAcc></extensions></trkpt>
      <trkpt lon="-77.061030" lat="38.905093"><ele>18.057930</ele><time>2024-04-08T22:19:45Z</time><extensions><speed>0.694080</speed><course>265.694340</course><hAcc>2.509972</hAcc><vAcc>1.732343</vAcc></extensions></trkpt>
      <trkpt lon="-77.061038" lat="38.905093"><ele>18.080756</ele><time>2024-04-08T22:19:46Z</time><extensions><speed>0.641131</speed><course>265.824596</course><hAcc>2.509822</hAcc><vAcc>1.732598</vAcc></extensions></trkpt>
      <trkpt lon="-77.061045" lat="38.905092"><ele>18.104455</ele><time>2024-04-08T22:19:47Z</time><extensions><speed>0.590555</speed><course>265.948455</course><hAcc>2.509451</hAcc><vAcc>1.732843</vAcc></extensions></trkpt>
      <trkpt lon="-77.061051" lat="38.905092"><ele>18.128321</ele><time>2024-04-08T22:19:48Z</time><extensions><speed>0.546344</speed><course>266.087958</course><hAcc>2.508968</hAcc><vAcc>1.733075</vAcc></extensions></trkpt>
      <trkpt lon="-77.061057" lat="38.905092"><ele>18.152638</ele><time>2024-04-08T22:19:49Z</time><extensions><speed>0.508553</speed><course>266.234742</course><hAcc>2.508454</hAcc><vAcc>1.733291</vAcc></extensions></trkpt>
      <trkpt lon="-77.061063" lat="38.905091"><ele>18.177356</ele><time>2024-04-08T22:19:50Z</time><extensions><speed>0.475481</speed><course>266.381485</course><hAcc>2.508006</hAcc><vAcc>1.733489</vAcc></extensions></trkpt>
      <trkpt lon="-77.061068" lat="38.905091"><ele>18.202262</ele><time>2024-04-08T22:19:51Z</time><extensions><speed>0.449305</speed><course>266.516212</course><hAcc>2.507581</hAcc><vAcc>1.733667</vAcc></extensions></trkpt>
      <trkpt lon="-77.061073" lat="38.905091"><ele>18.227368</ele><time>2024-04-08T22:19:52Z</time><extensions><speed>0.429876</speed><course>266.648470</course><hAcc>2.507221</hAcc><vAcc>1.733823</vAcc></extensions></trkpt>
      <trkpt lon="-77.061078" lat="38.905091"><ele>18.252708</ele><time>2024-04-08T22:19:53Z</time><extensions><speed>0.417016</speed><course>266.756338</course><hAcc>2.506950</hAcc><vAcc>1.733957</vAcc></extensions></trkpt>
      <trkpt lon="-77.061083" lat="38.905090"><ele>18.278546</ele><time>2024-04-08T22:19:54Z</time><extensions><speed>0.410370</speed><course>266.846489</course><hAcc>2.506849</hAcc><vAcc>1.734070</vAcc></extensions></trkpt>
      <trkpt lon="-77.061088" lat="38.905090"><ele>18.304943</ele><time>2024-04-08T22:19:55Z</time><extensions><speed>0.408623</speed><course>266.894079</course><hAcc>2.506983</hAcc><vAcc>1.734161</vAcc></extensions></trkpt>
      <trkpt lon="-77.061093" lat="38.905090"><ele>18.331954</ele><time>2024-04-08T22:19:56Z</time><extensions><speed>0.413475</speed><course>266.912827</course><hAcc>2.507337</hAcc><vAcc>1.734231</vAcc></extensions></trkpt>
      <trkpt lon="-77.061097" lat="38.905090"><ele>18.358662</ele><time>2024-04-08T22:19:57Z</time><extensions><speed>0.423887</speed><course>266.909017</course><hAcc>2.507890</hAcc><vAcc>1.734282</vAcc></extensions></trkpt>
      <trkpt lon="-77.061102" lat="38.905089"><ele>18.385544</ele><time>2024-04-08T22:19:58Z</time><extensions><speed>0.440077</speed><course>266.885641</course><hAcc>2.508605</hAcc><vAcc>1.734314</vAcc></extensions></trkpt>
      <trkpt lon="-77.061108" lat="38.905089"><ele>18.412259</ele><time>2024-04-08T22:19:59Z</time><extensions><speed>0.461565</speed><course>266.856161</course><hAcc>2.509448</hAcc><vAcc>1.734329</vAcc></extensions></trkpt>
      <trkpt lon="-77.061113" lat="38.905089"><ele>18.439096</ele><time>2024-04-08T22:20:00Z</time><extensions><speed>0.487828</speed><course>266.818312</course><hAcc>2.510380</hAcc><vAcc>1.734328</vAcc></extensions></trkpt>
      <trkpt lon="-77.061119" lat="38.905089"><ele>18.466186</ele><time>2024-04-08T22:20:01Z</time><extensions><speed>0.519482</speed><course>266.777798</course><hAcc>2.511319</hAcc><vAcc>1.734311</vAcc></extensions></trkpt>
      <trkpt lon="-77.061125" lat="38.905088"><ele>18.493098</ele><time>2024-04-08T22:20:02Z</time><extensions><speed>0.557800</speed><course>266.732508</course><hAcc>2.512167</hAcc><vAcc>1.734281</vAcc></extensions></trkpt>
      <trkpt lon="-77.061132" lat="38.905088"><ele>18.520006</ele><time>2024-04-08T22:20:03Z</time><extensions><speed>0.600926</speed><course>266.688127</course><hAcc>2.512929</hAcc><vAcc>1.734238</vAcc></extensions></trkpt>
      <trkpt lon="-77.061139" lat="38.905088"><ele>18.547067</ele><time>2024-04-08T22:20:04Z</time><extensions><speed>0.649423</speed><course>266.647101</course><hAcc>2.513561</hAcc><vAcc>1.734181</vAcc></extensions></trkpt>
      <trkpt lon="-77.061147" lat="38.905087"><ele>18.574240</ele><time>2024-04-08T22:20:05Z</time><extensions><speed>0.703223</speed><course>266.610010</course><hAcc>2.514056</hAcc><vAcc>1.734111</vAcc></extensions></trkpt>
      <trkpt lon="-77.061156" lat="38.905087"><ele>18.602084</ele><time>2024-04-08T22:20:06Z</time><extensions><speed>0.761367</speed><course>266.585261</course><hAcc>2.514458</hAcc><vAcc>1.734027</vAcc></extensions></trkpt>
      <trkpt lon="-77.061165" lat="38.905087"><ele>18.630486</ele><time>2024-04-08T22:20:07Z</time><extensions><speed>0.821823</speed><course>266.565811</course><hAcc>2.514816</hAcc><vAcc>1.733928</vAcc></extensions></trkpt>
      <trkpt lon="-77.061174" lat="38.905086"><ele>18.659804</ele><time>2024-04-08T22:20:08Z</time><extensions><speed>0.881833</speed><course>266.556472</course><hAcc>2.515144</hAcc><vAcc>1.733814</vAcc></extensions></trkpt>
      <trkpt lon="-77.061185" lat="38.905086"><ele>18.689606</ele><time>2024-04-08T22:20:09Z</time><extensions><speed>0.934260</speed><course>266.541280</course><hAcc>2.515365</hAcc><vAcc>1.733685</vAcc></extensions></trkpt>
      <trkpt lon="-77.061196" lat="38.905085"><ele>18.720275</ele><time>2024-04-08T22:20:09Z</time><extensions><speed>0.979944</speed><course>266.520864</course><hAcc>2.515406</hAcc><vAcc>1.733540</vAcc></extensions></trkpt>
      <trkpt lon="-77.061207" lat="38.905085"><ele>18.751399</ele><time>2024-04-08T22:20:10Z</time><extensions><speed>1.021487</speed><course>266.495324</course><hAcc>2.515227</hAcc><vAcc>1.733377</vAcc></extensions></trkpt>
      <trkpt lon="-77.061219" lat="38.905084"><ele>18.782897</ele><time>2024-04-08T22:20:11Z</time><extensions><speed>1.059420</speed><course>266.466152</course><hAcc>2.514801</hAcc><vAcc>1.733195</vAcc></extensions></trkpt>
      <trkpt lon="-77.061232" lat="38.905083"><ele>18.815286</ele><time>2024-04-08T22:20:12Z</time><extensions><speed>1.095746</speed><course>266.436916</course><hAcc>2.514078</hAcc><vAcc>1.732994</vAcc></extensions></trkpt>
      <trkpt lon="-77.061244" lat="38.905083"><ele>18.847900</ele><time>2024-04-08T22:20:13Z</time><extensions><speed>1.131076</speed><course>266.400176</course><hAcc>2.513112</hAcc><vAcc>1.732773</vAcc></extensions></trkpt>
      <trkpt lon="-77.061257" lat="38.905082"><ele>18.881755</ele><time>2024-04-08T22:20:14Z</time><extensions><speed>1.166865</speed><course>266.374991</course><hAcc>2.511985</hAcc><vAcc>1.732531</vAcc></extensions></trkpt>
      <trkpt lon="-77.061271" lat="38.905081"><ele>18.916001</ele><time>2024-04-08T22:20:15Z</time><extensions><speed>1.203236</speed><course>266.360080</course><hAcc>2.510820</hAcc><vAcc>1.732270</vAcc></extensions></trkpt>
      <trkpt lon="-77.061285" lat="38.905081"><ele>18.950818</ele><time>2024-04-08T22:20:16Z</time><extensions><speed>1.239589</speed><course>266.364073</course><hAcc>2.509704</hAcc><vAcc>1.731991</vAcc></extensions></trkpt>
      <trkpt lon="-77.061300" lat="38.905080"><ele>18.986248</ele><time>2024-04-08T22:20:17Z</time><extensions><speed>1.274229</speed><course>266.370559</course><hAcc>2.508702</hAcc><vAcc>1.731695</vAcc></extensions></trkpt>
      <trkpt lon="-77.061314" lat="38.905079"><ele>19.022080</ele><time>2024-04-08T22:20:18Z</time><extensions><speed>1.306454</speed><course>266.381412</course><hAcc>2.507838</hAcc><vAcc>1.731386</vAcc></extensions></trkpt>
      <trkpt lon="-77.061330" lat="38.905078"><ele>19.057606</ele><time>2024-04-08T22:20:19Z</time><extensions><speed>1.335909</speed><course>266.399975</course><hAcc>2.507108</hAcc><vAcc>1.731067</vAcc></extensions></trkpt>
      <trkpt lon="-77.061345" lat="38.905078"><ele>19.093456</ele><time>2024-04-08T22:20:20Z</time><extensions><speed>1.361209</speed><course>266.424158</course><hAcc>2.506521</hAcc><vAcc>1.730740</vAcc></extensions></trkpt>
      <trkpt lon="-77.061361" lat="38.905077"><ele>19.129261</ele><time>2024-04-08T22:20:21Z</time><extensions><speed>1.383805</speed><course>266.469422</course><hAcc>2.506056</hAcc><vAcc>1.730410</vAcc></extensions></trkpt>
      <trkpt lon="-77.061377" lat="38.905076"><ele>19.164405</ele><time>2024-04-08T22:20:22Z</time><extensions><speed>1.404938</speed><course>266.530196</course><hAcc>2.505706</hAcc><vAcc>1.730079</vAcc></extensions></trkpt>
      <trkpt lon="-77.061393" lat="38.905075"><ele>19.199334</ele><time>2024-04-08T22:20:23Z</time><extensions><speed>1.424330</speed><course>266.609131</course><hAcc>2.505442</hAcc><vAcc>1.729751</vAcc></extensions></trkpt>
      <trkpt lon="-77.061410" lat="38.905074"><ele>19.233436</ele><time>2024-04-08T22:20:24Z</time><extensions><speed>1.441701</speed><course>266.706469</course><hAcc>2.505267</hAcc><vAcc>1.729429</vAcc></extensions></trkpt>
      <trkpt lon="-77.061427" lat="38.905074"><ele>19.267187</ele><time>2024-04-08T22:20:25Z</time><extensions><speed>1.457935</speed><course>266.827200</course><hAcc>2.505209</hAcc><vAcc>1.729115</vAcc></extensions></trkpt>
      <trkpt lon="-77.061443" lat="38.905073"><ele>19.300609</ele><time>2024-04-08T22:20:26Z</time><extensions><speed>1.469734</speed><course>266.970163</course><hAcc>2.505279</hAcc><vAcc>1.728813</vAcc></extensions></trkpt>
      <trkpt lon="-77.061460" lat="38.905072"><ele>19.332871</ele><time>2024-04-08T22:20:27Z</time><extensions><speed>1.478068</speed><course>267.130649</course><hAcc>2.505440</hAcc><vAcc>1.728525</vAcc></extensions></trkpt>
      <trkpt lon="-77.061477" lat="38.905072"><ele>19.364340</ele><time>2024-04-08T22:20:28Z</time><extensions><speed>1.484190</speed><course>267.320247</course><hAcc>2.505652</hAcc><vAcc>1.728253</vAcc></extensions></trkpt>
      <trkpt lon="-77.061494" lat="38.905071"><ele>19.394238</ele><time>2024-04-08T22:20:29Z</time><extensions><speed>1.482819</speed><course>267.522327</course><hAcc>2.505882</hAcc><vAcc>1.728000</vAcc></extensions></trkpt>
      <trkpt lon="-77.061511" lat="38.905071"><ele>19.423526</ele><time>2024-04-08T22:20:30Z</time><extensions><speed>1.477314</speed><course>267.743094</course><hAcc>2.506103</hAcc><vAcc>1.727768</vAcc></extensions></trkpt>
      <trkpt lon="-77.061528" lat="38.905070"><ele>19.452071</ele><time>2024-04-08T22:20:31Z</time><extensions><speed>1.468381</speed><course>267.976990</course><hAcc>2.506312</hAcc><vAcc>1.727555</vAcc></extensions></trkpt>
      <trkpt lon="-77.061545" lat="38.905070"><ele>19.480465</ele><time>2024-04-08T22:20:32Z</time><extensions><speed>1.458488</speed><course>268.227612</course><hAcc>2.506533</hAcc><vAcc>1.727362</vAcc></extensions></trkpt>
      <trkpt lon="-77.061562" lat="38.905069"><ele>19.507358</ele><time>2024-04-08T22:20:33Z</time><extensions><speed>1.447298</speed><course>268.488649</course><hAcc>2.506806</hAcc><vAcc>1.727187</vAcc></extensions></trkpt>
      <trkpt lon="-77.061578" lat="38.905069"><ele>19.533473</ele><time>2024-04-08T22:20:34Z</time><extensions><speed>1.435982</speed><course>268.759870</course><hAcc>2.507165</hAcc><vAcc>1.727027</vAcc></extensions></trkpt>
      <trkpt lon="-77.061595" lat="38.905069"><ele>19.558571</ele><time>2024-04-08T22:20:35Z</time><extensions><speed>1.424120</speed><course>269.037734</course><hAcc>2.507575</hAcc><vAcc>1.726877</vAcc></extensions></trkpt>
      <trkpt lon="-77.061611" lat="38.905069"><ele>19.583210</ele><time>2024-04-08T22:20:36Z</time><extensions><speed>1.411382</speed><course>269.322860</course><hAcc>2.507966</hAcc><vAcc>1.726735</vAcc></extensions></trkpt>
      <trkpt lon="-77.061627" lat="38.905068"><ele>19.607771</ele><time>2024-04-08T22:20:37Z</time><extensions><speed>1.397951</speed><course>269.613497</course><hAcc>2.508257</hAcc><vAcc>1.726596</vAcc></extensions></trkpt>
      <trkpt lon="-77.061643" lat="38.905068"><ele>19.632013</ele><time>2024-04-08T22:20:38Z</time><extensions><speed>1.385204</speed><course>269.910641</course><hAcc>2.508370</hAcc><vAcc>1.726458</vAcc></extensions></trkpt>
      <trkpt lon="-77.061659" lat="38.905068"><ele>19.657056</ele><time>2024-04-08T22:20:39Z</time><extensions><speed>1.372393</speed><course>270.210019</course><hAcc>2.508232</hAcc><vAcc>1.726316</vAcc></extensions></trkpt>
      <trkpt lon="-77.061675" lat="38.905069"><ele>19.682598</ele><time>2024-04-08T22:20:40Z</time><extensions><speed>1.359911</speed><course>270.504368</course><hAcc>2.507789</hAcc><vAcc>1.726170</vAcc></extensions></trkpt>
      <trkpt lon="-77.061691" lat="38.905069"><ele>19.708148</ele><time>2024-04-08T22:20:41Z</time><extensions><speed>1.348547</speed><course>270.795936</course><hAcc>2.507078</hAcc><vAcc>1.726018</vAcc></extensions></trkpt>
      <trkpt lon="-77.061706" lat="38.905069"><ele>19.735146</ele><time>2024-04-08T22:20:42Z</time><extensions><speed>1.336127</speed><course>271.084791</course><hAcc>2.506192</hAcc><vAcc>1.725861</vAcc></extensions></trkpt>
      <trkpt lon="-77.061721" lat="38.905069"><ele>19.762893</ele><time>2024-04-08T22:20:43Z</time><extensions><speed>1.324384</speed><course>271.371537</course><hAcc>2.505221</hAcc><vAcc>1.725698</vAcc></extensions></trkpt>
      <trkpt lon="-77.061737" lat="38.905069"><ele>19.791338</ele><time>2024-04-08T22:20:44Z</time><extensions><speed>1.312918</speed><course>271.655490</course><hAcc>2.504304</hAcc><vAcc>1.725533</vAcc></extensions></trkpt>
      <trkpt lon="-77.061752" lat="38.905070"><ele>19.820644</ele><time>2024-04-08T22:20:45Z</time><extensions><speed>1.301774</speed><course>271.931909</course><hAcc>2.503507</hAcc><vAcc>1.725367</vAcc></extensions></trkpt>
      <trkpt lon="-77.061767" lat="38.905070"><ele>19.851643</ele><time>2024-04-08T22:20:46Z</time><extensions><speed>1.292907</speed><course>272.185259</course><hAcc>2.502901</hAcc><vAcc>1.725202</vAcc></extensions></trkpt>
      <trkpt lon="-77.061782" lat="38.905071"><ele>19.883296</ele><time>2024-04-08T22:20:47Z</time><extensions><speed>1.285348</speed><course>272.423492</course><hAcc>2.502564</hAcc><vAcc>1.725044</vAcc></extensions></trkpt>
      <trkpt lon="-77.061796" lat="38.905071"><ele>19.916804</ele><time>2024-04-08T22:20:48Z</time><extensions><speed>1.279180</speed><course>272.643321</course><hAcc>2.502544</hAcc><vAcc>1.724897</vAcc></extensions></trkpt>
      <trkpt lon="-77.061811" lat="38.905072"><ele>19.951787</ele><time>2024-04-08T22:20:49Z</time><extensions><speed>1.275704</speed><course>272.848113</course><hAcc>2.502821</hAcc><vAcc>1.724766</vAcc></extensions></trkpt>
      <trkpt lon="-77.061826" lat="38.905072"><ele>19.988707</ele><time>2024-04-08T22:20:50Z</time><extensions><speed>1.275363</speed><course>273.038993</course><hAcc>2.503330</hAcc><vAcc>1.724657</vAcc></extensions></trkpt>
      <trkpt lon="-77.061841" lat="38.905073"><ele>20.026989</ele><time>2024-04-08T22:20:51Z</time><extensions><speed>1.277787</speed><course>273.209386</course><hAcc>2.503989</hAcc><vAcc>1.724572</vAcc></extensions></trkpt>
      <trkpt lon="-77.061855" lat="38.905073"><ele>20.066757</ele><time>2024-04-08T22:20:53Z</time><extensions><speed>1.285015</speed><course>273.361185</course><hAcc>2.504702</hAcc><vAcc>1.724509</vAcc></extensions></trkpt>
      <trkpt lon="-77.061870" lat="38.905074"><ele>20.107828</ele><time>2024-04-08T22:20:54Z</time><extensions><speed>1.296150</speed><course>273.483922</course><hAcc>2.505479</hAcc><vAcc>1.724468</vAcc></extensions></trkpt>
      <trkpt lon="-77.061886" lat="38.905075"><ele>20.150067</ele><time>2024-04-08T22:20:55Z</time><extensions><speed>1.310739</speed><course>273.579634</course><hAcc>2.506305</hAcc><vAcc>1.724456</vAcc></extensions></trkpt>
      <trkpt lon="-77.061901" lat="38.905076"><ele>20.193461</ele><time>2024-04-08T22:20:56Z</time><extensions><speed>1.327174</speed><course>273.651846</course><hAcc>2.507159</hAcc><vAcc>1.724472</vAcc></extensions></trkpt>
      <trkpt lon="-77.061916" lat="38.905076"><ele>20.238025</ele><time>2024-04-08T22:20:57Z</time><extensions><speed>1.342601</speed><course>273.710412</course><hAcc>2.507967</hAcc><vAcc>1.724512</vAcc></extensions></trkpt>
      <trkpt lon="-77.061932" lat="38.905077"><ele>20.283678</ele><time>2024-04-08T22:20:58Z</time><extensions><speed>1.353819</speed><course>273.779487</course><hAcc>2.508640</hAcc><vAcc>1.724574</vAcc></extensions></trkpt>
      <trkpt lon="-77.061948" lat="38.905078"><ele>20.330492</ele><time>2024-04-08T22:20:59Z</time><extensions><speed>1.363094</speed><course>273.845559</course><hAcc>2.509172</hAcc><vAcc>1.724654</vAcc></extensions></trkpt>
      <trkpt lon="-77.061964" lat="38.905079"><ele>20.378286</ele><time>2024-04-08T22:21:00Z</time><extensions><speed>1.372300</speed><course>273.906501</course><hAcc>2.509522</hAcc><vAcc>1.724747</vAcc></extensions></trkpt>
      <trkpt lon="-77.061980" lat="38.905080"><ele>20.427190</ele><time>2024-04-08T22:21:01Z</time><extensions><speed>1.380937</speed><course>273.961848</course><hAcc>2.509633</hAcc><vAcc>1.724850</vAcc></extensions></trkpt>
      <trkpt lon="-77.061996" lat="38.905081"><ele>20.477430</ele><time>2024-04-08T22:21:02Z</time><extensions><speed>1.388847</speed><course>274.002280</course><hAcc>2.509475</hAcc><vAcc>1.724962</vAcc></extensions></trkpt>
      <trkpt lon="-77.062012" lat="38.905082"><ele>20.528659</ele><time>2024-04-08T22:21:03Z</time><extensions><speed>1.393337</speed><course>274.027406</course><hAcc>2.509005</hAcc><vAcc>1.725079</vAcc></extensions></trkpt>
      <trkpt lon="-77.062028" lat="38.905083"><ele>20.580979</ele><time>2024-04-08T22:21:04Z</time><extensions><speed>1.397797</speed><course>274.037590</course><hAcc>2.508228</hAcc><vAcc>1.725202</vAcc></extensions></trkpt>
      <trkpt lon="-77.062044" lat="38.905083"><ele>20.633982</ele><time>2024-04-08T22:21:05Z</time><extensions><speed>1.399286</speed><course>274.021559</course><hAcc>2.507241</hAcc><vAcc>1.725332</vAcc></extensions></trkpt>
      <trkpt lon="-77.062060" lat="38.905084"><ele>20.687986</ele><time>2024-04-08T22:21:06Z</time><extensions><speed>1.400186</speed><course>273.976560</course><hAcc>2.506218</hAcc><vAcc>1.725468</vAcc></extensions></trkpt>
      <trkpt lon="-77.062077" lat="38.905085"><ele>20.742725</ele><time>2024-04-08T22:21:07Z</time><extensions><speed>1.402939</speed><course>273.894014</course><hAcc>2.505233</hAcc><vAcc>1.725613</vAcc></extensions></trkpt>
      <trkpt lon="-77.062093" lat="38.905086"><ele>20.797854</ele><time>2024-04-08T22:21:08Z</time><extensions><speed>1.407224</speed><course>273.787592</course><hAcc>2.504379</hAcc><vAcc>1.725768</vAcc></extensions></trkpt>
      <trkpt lon="-77.062109" lat="38.905087"><ele>20.853538</ele><time>2024-04-08T22:21:09Z</time><extensions><speed>1.410584</speed><course>273.667322</course><hAcc>2.503677</hAcc><vAcc>1.725933</vAcc></extensions></trkpt>
      <trkpt lon="-77.062126" lat="38.905088"><ele>20.909226</ele><time>2024-04-08T22:21:10Z</time><extensions><speed>1.415001</speed><course>273.520207</course><hAcc>2.503133</hAcc><vAcc>1.726109</vAcc></extensions></trkpt>
      <trkpt lon="-77.062142" lat="38.905089"><ele>20.964762</ele><time>2024-04-08T22:21:11Z</time><extensions><speed>1.419088</speed><course>273.360581</course><hAcc>2.502776</hAcc><vAcc>1.726295</vAcc></extensions></trkpt>
      <trkpt lon="-77.062158" lat="38.905089"><ele>21.019679</ele><time>2024-04-08T22:21:12Z</time><extensions><speed>1.423802</speed><course>273.189224</course><hAcc>2.502608</hAcc><vAcc>1.726493</vAcc></extensions></trkpt>
      <trkpt lon="-77.062175" lat="38.905090"><ele>21.074126</ele><time>2024-04-08T22:21:13Z</time><extensions><speed>1.429777</speed><course>273.012996</course><hAcc>2.502652</hAcc><vAcc>1.726702</vAcc></extensions></trkpt>
      <trkpt lon="-77.062192" lat="38.905091"><ele>21.127562</ele><time>2024-04-08T22:21:14Z</time><extensions><speed>1.435647</speed><course>272.830051</course><hAcc>2.502855</hAcc><vAcc>1.726922</vAcc></extensions></trkpt>
      <trkpt lon="-77.062208" lat="38.905091"><ele>21.179608</ele><time>2024-04-08T22:21:15Z</time><extensions><speed>1.438718</speed><course>272.652387</course><hAcc>2.503188</hAcc><vAcc>1.727152</vAcc></extensions></trkpt>
      <trkpt lon="-77.062225" lat="38.905092"><ele>21.230195</ele><time>2024-04-08T22:21:16Z</time><extensions><speed>1.442304</speed><course>272.476714</course><hAcc>2.503585</hAcc><vAcc>1.727391</vAcc></extensions></trkpt>
      <trkpt lon="-77.062242" lat="38.905092"><ele>21.279181</ele><time>2024-04-08T22:21:17Z</time><extensions><speed>1.445474</speed><course>272.308018</course><hAcc>2.503989</hAcc><vAcc>1.727637</vAcc></extensions></trkpt>
      <trkpt lon="-77.062258" lat="38.905093"><ele>21.326426</ele><time>2024-04-08T22:21:18Z</time><extensions><speed>1.447700</speed><course>272.146910</course><hAcc>2.504373</hAcc><vAcc>1.727887</vAcc></extensions></trkpt>
      <trkpt lon="-77.062275" lat="38.905093"><ele>21.371869</ele><time>2024-04-08T22:21:19Z</time><extensions><speed>1.448494</speed><course>271.996043</course><hAcc>2.504745</hAcc><vAcc>1.728139</vAcc></extensions></trkpt>
      <trkpt lon="-77.062292" lat="38.905094"><ele>21.415546</ele><time>2024-04-08T22:21:20Z</time><extensions><speed>1.445954</speed><course>271.864902</course><hAcc>2.505044</hAcc><vAcc>1.728391</vAcc></extensions></trkpt>
      <trkpt lon="-77.062308" lat="38.905094"><ele>21.457097</ele><time>2024-04-08T22:21:21Z</time><extensions><speed>1.441194</speed><course>271.746536</course><hAcc>2.505317</hAcc><vAcc>1.728641</vAcc></extensions></trkpt>
      <trkpt lon="-77.062325" lat="38.905095"><ele>21.497083</ele><time>2024-04-08T22:21:22Z</time><extensions><speed>1.434595</speed><course>271.640518</course><hAcc>2.505608</hAcc><vAcc>1.728886</vAcc></extensions></trkpt>
      <trkpt lon="-77.062341" lat="38.905095"><ele>21.535062</ele><time>2024-04-08T22:21:23Z</time><extensions><speed>1.427804</speed><course>271.535924</course><hAcc>2.505969</hAcc><vAcc>1.729125</vAcc></extensions></trkpt>
      <trkpt lon="-77.062357" lat="38.905095"><ele>21.571302</ele><time>2024-04-08T22:21:24Z</time><extensions><speed>1.415912</speed><course>271.442274</course><hAcc>2.506449</hAcc><vAcc>1.729358</vAcc></extensions></trkpt>
      <trkpt lon="-77.062373" lat="38.905096"><ele>21.606297</ele><time>2024-04-08T22:21:25Z</time><extensions><speed>1.402118</speed><course>271.349518</course><hAcc>2.507093</hAcc><vAcc>1.729582</vAcc></extensions></trkpt>
      <trkpt lon="-77.062389" lat="38.905096"><ele>21.639669</ele><time>2024-04-08T22:21:26Z</time><extensions><speed>1.386356</speed><course>271.251276</course><hAcc>2.507962</hAcc><vAcc>1.729799</vAcc></extensions></trkpt>
      <trkpt lon="-77.062405" lat="38.905096"><ele>21.671662</ele><time>2024-04-08T22:21:27Z</time><extensions><speed>1.368516</speed><course>271.143290</course><hAcc>2.509076</hAcc><vAcc>1.730007</vAcc></extensions></trkpt>
      <trkpt lon="-77.062420" lat="38.905096"><ele>21.702286</ele><time>2024-04-08T22:21:28Z</time><extensions><speed>1.349715</speed><course>271.026689</course><hAcc>2.510377</hAcc><vAcc>1.730205</vAcc></extensions></trkpt>
      <trkpt lon="-77.062436" lat="38.905096"><ele>21.731903</ele><time>2024-04-08T22:21:29Z</time><extensions><speed>1.327284</speed><course>270.907561</course><hAcc>2.511769</hAcc><vAcc>1.730395</vAcc></extensions></trkpt>
      <trkpt lon="-77.062451" lat="38.905097"><ele>21.760989</ele><time>2024-04-08T22:21:30Z</time><extensions><speed>1.300972</speed><course>270.783709</course><hAcc>2.513123</hAcc><vAcc>1.730575</vAcc></extensions></trkpt>
      <trkpt lon="-77.062465" lat="38.905097"><ele>21.788712</ele><time>2024-04-08T22:21:31Z</time><extensions><speed>1.269383</speed><course>270.646560</course><hAcc>2.514292</hAcc><vAcc>1.730746</vAcc></extensions></trkpt>
      <trkpt lon="-77.062480" lat="38.905097"><ele>21.815873</ele><time>2024-04-08T22:21:32Z</time><extensions><speed>1.235765</speed><course>270.485508</course><hAcc>2.515154</hAcc><vAcc>1.730909</vAcc></extensions></trkpt>
      <trkpt lon="-77.062494" lat="38.905097"><ele>21.842590</ele><time>2024-04-08T22:21:33Z</time><extensions><speed>1.201931</speed><course>270.280574</course><hAcc>2.515723</hAcc><vAcc>1.731064</vAcc></extensions></trkpt>
      <trkpt lon="-77.062507" lat="38.905097"><ele>21.869174</ele><time>2024-04-08T22:21:34Z</time><extensions><speed>1.162667</speed><course>270.032751</course><hAcc>2.515995</hAcc><vAcc>1.731214</vAcc></extensions></trkpt>
      <trkpt lon="-77.062520" lat="38.905097"><ele>21.894917</ele><time>2024-04-08T22:21:35Z</time><extensions><speed>1.121591</speed><course>269.735944</course><hAcc>2.515938</hAcc><vAcc>1.731361</vAcc></extensions></trkpt>
      <trkpt lon="-77.062533" lat="38.905097"><ele>21.920214</ele><time>2024-04-08T22:21:36Z</time><extensions><speed>1.075785</speed><course>269.373955</course><hAcc>2.515637</hAcc><vAcc>1.731505</vAcc></extensions></trkpt>
      <trkpt lon="-77.062545" lat="38.905097"><ele>21.945117</ele><time>2024-04-08T22:21:37Z</time><extensions><speed>1.026688</speed><course>268.919339</course><hAcc>2.515178</hAcc><vAcc>1.731649</vAcc></extensions></trkpt>
      <trkpt lon="-77.062556" lat="38.905097"><ele>21.968447</ele><time>2024-04-08T22:21:38Z</time><extensions><speed>0.976565</speed><course>268.348429</course><hAcc>2.514613</hAcc><vAcc>1.731796</vAcc></extensions></trkpt>
      <trkpt lon="-77.062567" lat="38.905096"><ele>21.992477</ele><time>2024-04-08T22:21:39Z</time><extensions><speed>0.923192</speed><course>267.659907</course><hAcc>2.513964</hAcc><vAcc>1.731949</vAcc></extensions></trkpt>
      <trkpt lon="-77.062577" lat="38.905096"><ele>22.016082</ele><time>2024-04-08T22:21:40Z</time><extensions><speed>0.865701</speed><course>266.848405</course><hAcc>2.513349</hAcc><vAcc>1.732108</vAcc></extensions></trkpt>
      <trkpt lon="-77.062587" lat="38.905095"><ele>22.038292</ele><time>2024-04-08T22:21:41Z</time><extensions><speed>0.805919</speed><course>265.903915</course><hAcc>2.512787</hAcc><vAcc>1.732278</vAcc></extensions></trkpt>
      <trkpt lon="-77.062595" lat="38.905095"><ele>22.058904</ele><time>2024-04-08T22:21:42Z</time><extensions><speed>0.748767</speed><course>264.840856</course><hAcc>2.512263</hAcc><vAcc>1.732458</vAcc></extensions></trkpt>
      <trkpt lon="-77.062604" lat="38.905094"><ele>22.079021</ele><time>2024-04-08T22:21:43Z</time><extensions><speed>0.692910</speed><course>263.659546</course><hAcc>2.511858</hAcc><vAcc>1.732649</vAcc></extensions></trkpt>
      <trkpt lon="-77.062611" lat="38.905094"><ele>22.098356</ele><time>2024-04-08T22:21:44Z</time><extensions><speed>0.639178</speed><course>262.362843</course><hAcc>2.511565</hAcc><vAcc>1.732850</vAcc></extensions></trkpt>
      <trkpt lon="-77.062618" lat="38.905093"><ele>22.117088</ele><time>2024-04-08T22:21:45Z</time><extensions><speed>0.588695</speed><course>260.969187</course><hAcc>2.511429</hAcc><vAcc>1.733058</vAcc></extensions></trkpt>
      <trkpt lon="-77.062624" lat="38.905092"><ele>22.134641</ele><time>2024-04-08T22:21:46Z</time><extensions><speed>0.541652</speed><course>259.480328</course><hAcc>2.511454</hAcc><vAcc>1.733273</vAcc></extensions></trkpt>
      <trkpt lon="-77.062630" lat="38.905091"><ele>22.150897</ele><time>2024-04-08T22:21:47Z</time><extensions><speed>0.497088</speed><course>257.907811</course><hAcc>2.511701</hAcc><vAcc>1.733492</vAcc></extensions></trkpt>
      <trkpt lon="-77.062636" lat="38.905090"><ele>22.166034</ele><time>2024-04-08T22:21:48Z</time><extensions><speed>0.458178</speed><course>256.335323</course><hAcc>2.512145</hAcc><vAcc>1.733711</vAcc></extensions></trkpt>
      <trkpt lon="-77.062640" lat="38.905089"><ele>22.180412</ele><time>2024-04-08T22:21:49Z</time><extensions><speed>0.424047</speed><course>254.789623</course><hAcc>2.512786</hAcc><vAcc>1.733928</vAcc></extensions></trkpt>
      <trkpt lon="-77.062645" lat="38.905088"><ele>22.194056</ele><time>2024-04-08T22:21:50Z</time><extensions><speed>0.394918</speed><course>253.344232</course><hAcc>2.513566</hAcc><vAcc>1.734140</vAcc></extensions></trkpt>
      <trkpt lon="-77.062649" lat="38.905087"><ele>22.206404</ele><time>2024-04-08T22:21:51Z</time><extensions><speed>0.370167</speed><course>252.048516</course><hAcc>2.514429</hAcc><vAcc>1.734345</vAcc></extensions></trkpt>
      <trkpt lon="-77.062653" lat="38.905086"><ele>22.217890</ele><time>2024-04-08T22:21:52Z</time><extensions><speed>0.350453</speed><course>250.998664</course><hAcc>2.515318</hAcc><vAcc>1.734541</vAcc></extensions></trkpt>
      <trkpt lon="-77.062657" lat="38.905085"><ele>22.229166</ele><time>2024-04-08T22:21:53Z</time><extensions><speed>0.336279</speed><course>250.295779</course><hAcc>2.516194</hAcc><vAcc>1.734727</vAcc></extensions></trkpt>
      <trkpt lon="-77.062660" lat="38.905084"><ele>22.240027</ele><time>2024-04-08T22:21:54Z</time><extensions><speed>0.326253</speed><course>249.907126</course><hAcc>2.517057</hAcc><vAcc>1.734901</vAcc></extensions></trkpt>
      <trkpt lon="-77.062664" lat="38.905083"><ele>22.250627</ele><time>2024-04-08T22:21:55Z</time><extensions><speed>0.319286</speed><course>249.855756</course><hAcc>2.517888</hAcc><vAcc>1.735062</vAcc></extensions></trkpt>
      <trkpt lon="-77.062667" lat="38.905082"><ele>22.260573</ele><time>2024-04-08T22:21:56Z</time><extensions><speed>0.316937</speed><course>250.196776</course><hAcc>2.518592</hAcc><vAcc>1.735210</vAcc></extensions></trkpt>
      <trkpt lon="-77.062671" lat="38.905081"><ele>22.270434</ele><time>2024-04-08T22:21:57Z</time><extensions><speed>0.319788</speed><course>250.934687</course><hAcc>2.519038</hAcc><vAcc>1.735344</vAcc></extensions></trkpt>
      <trkpt lon="-77.062675" lat="38.905080"><ele>22.280041</ele><time>2024-04-08T22:21:58Z</time><extensions><speed>0.327862</speed><course>251.947897</course><hAcc>2.519148</hAcc><vAcc>1.735465</vAcc></extensions></trkpt>
      <trkpt lon="-77.062678" lat="38.905079"><ele>22.289772</ele><time>2024-04-08T22:21:59Z</time><extensions><speed>0.340526</speed><course>253.169492</course><hAcc>2.518997</hAcc><vAcc>1.735573</vAcc></extensions></trkpt>
      <trkpt lon="-77.062682" lat="38.905078"><ele>22.299176</ele><time>2024-04-08T22:22:00Z</time><extensions><speed>0.357182</speed><course>254.534867</course><hAcc>2.518701</hAcc><vAcc>1.735667</vAcc></extensions></trkpt>
      <trkpt lon="-77.062687" lat="38.905077"><ele>22.308551</ele><time>2024-04-08T22:22:01Z</time><extensions><speed>0.379156</speed><course>255.996342</course><hAcc>2.518301</hAcc><vAcc>1.735748</vAcc></extensions></trkpt>
      <trkpt lon="-77.062691" lat="38.905077"><ele>22.317745</ele><time>2024-04-08T22:22:02Z</time><extensions><speed>0.406573</speed><course>257.468722</course><hAcc>2.517829</hAcc><vAcc>1.735814</vAcc></extensions></trkpt>
      <trkpt lon="-77.062696" lat="38.905076"><ele>22.327391</ele><time>2024-04-08T22:22:03Z</time><extensions><speed>0.439106</speed><course>258.858015</course><hAcc>2.517345</hAcc><vAcc>1.735867</vAcc></extensions></trkpt>
      <trkpt lon="-77.062701" lat="38.905075"><ele>22.336533</ele><time>2024-04-08T22:22:04Z</time><extensions><speed>0.475536</speed><course>260.119359</course><hAcc>2.516904</hAcc><vAcc>1.735906</vAcc></extensions></trkpt>
      <trkpt lon="-77.062707" lat="38.905074"><ele>22.345216</ele><time>2024-04-08T22:22:05Z</time><extensions><speed>0.517594</speed><course>261.270626</course><hAcc>2.516480</hAcc><vAcc>1.735923</vAcc></extensions></trkpt>
      <trkpt lon="-77.062714" lat="38.905073"><ele>22.353502</ele><time>2024-04-08T22:22:06Z</time><extensions><speed>0.564922</speed><course>262.290953</course><hAcc>2.516053</hAcc><vAcc>1.735915</vAcc></extensions></trkpt>
      <trkpt lon="-77.062721" lat="38.905073"><ele>22.362877</ele><time>2024-04-08T22:22:07Z</time><extensions><speed>0.617373</speed><course>263.186127</course><hAcc>2.515630</hAcc><vAcc>1.735903</vAcc></extensions></trkpt>
      <trkpt lon="-77.062728" lat="38.905072"><ele>22.372360</ele><time>2024-04-08T22:22:08Z</time><extensions><speed>0.674849</speed><course>263.952922</course><hAcc>2.515232</hAcc><vAcc>1.735882</vAcc></extensions></trkpt>
      <trkpt lon="-77.062736" lat="38.905071"><ele>22.381676</ele><time>2024-04-08T22:22:09Z</time><extensions><speed>0.737178</speed><course>264.603176</course><hAcc>2.514937</hAcc><vAcc>1.735816</vAcc></extensions></trkpt>
      <trkpt lon="-77.062745" lat="38.905071"><ele>22.388878</ele><time>2024-04-08T22:22:10Z</time><extensions><speed>0.800566</speed><course>265.144089</course><hAcc>2.514802</hAcc><vAcc>1.735681</vAcc></extensions></trkpt>
      <trkpt lon="-77.062755" lat="38.905070"><ele>22.399231</ele><time>2024-04-08T22:22:11Z</time><extensions><speed>0.863591</speed><course>265.570170</course><hAcc>2.514664</hAcc><vAcc>1.735641</vAcc></extensions></trkpt>
      <trkpt lon="-77.062766" lat="38.905069"><ele>22.410099</ele><time>2024-04-08T22:22:12Z</time><extensions><speed>0.924888</speed><course>265.914063</course><hAcc>2.514502</hAcc><vAcc>1.735503</vAcc></extensions></trkpt>
      <trkpt lon="-77.062777" lat="38.905069"><ele>22.420937</ele><time>2024-04-08T22:22:13Z</time><extensions><speed>0.984495</speed><course>266.195749</course><hAcc>2.514172</hAcc><vAcc>1.735419</vAcc></extensions></trkpt>
      <trkpt lon="-77.062789" lat="38.905068"><ele>22.432365</ele><time>2024-04-08T22:22:14Z</time><extensions><speed>1.041968</speed><course>266.430954</course><hAcc>2.513731</hAcc><vAcc>1.735301</vAcc></extensions></trkpt>
      <trkpt lon="-77.062801" lat="38.905067"><ele>22.444452</ele><time>2024-04-08T22:22:15Z</time><extensions><speed>1.096619</speed><course>266.628586</course><hAcc>2.513185</hAcc><vAcc>1.735143</vAcc></extensions></trkpt>
      <trkpt lon="-77.062814" lat="38.905067"><ele>22.456699</ele><time>2024-04-08T22:22:16Z</time><extensions><speed>1.149745</speed><course>266.787136</course><hAcc>2.512555</hAcc><vAcc>1.734936</vAcc></extensions></trkpt>
      <trkpt lon="-77.062828" lat="38.905066"><ele>22.469752</ele><time>2024-04-08T22:22:17Z</time><extensions><speed>1.200601</speed><course>266.907781</course><hAcc>2.511877</hAcc><vAcc>1.734682</vAcc></extensions></trkpt>
      <trkpt lon="-77.062842" lat="38.905065"><ele>22.483320</ele><time>2024-04-08T22:22:18Z</time><extensions><speed>1.248474</speed><course>266.995318</course><hAcc>2.511207</hAcc><vAcc>1.734366</vAcc></extensions></trkpt>
      <trkpt lon="-77.062857" lat="38.905065"><ele>22.497555</ele><time>2024-04-08T22:22:19Z</time><extensions><speed>1.295521</speed><course>267.103163</course><hAcc>2.510458</hAcc><vAcc>1.733979</vAcc></extensions></trkpt>
      <trkpt lon="-77.062872" lat="38.905064"><ele>22.512665</ele><time>2024-04-08T22:22:20Z</time><extensions><speed>1.339802</speed><course>267.195521</course><hAcc>2.509905</hAcc><vAcc>1.733512</vAcc></extensions></trkpt>
      <trkpt lon="-77.062888" lat="38.905064"><ele>22.528375</ele><time>2024-04-08T22:22:21Z</time><extensions><speed>1.382470</speed><course>267.293894</course><hAcc>2.509583</hAcc><vAcc>1.732945</vAcc></extensions></trkpt>
      <trkpt lon="-77.062904" lat="38.905063"><ele>22.544287</ele><time>2024-04-08T22:22:22Z</time><extensions><speed>1.421942</speed><course>267.366343</course><hAcc>2.509715</hAcc><vAcc>1.732260</vAcc></extensions></trkpt>
      <trkpt lon="-77.062921" lat="38.905062"><ele>22.560479</ele><time>2024-04-08T22:22:23Z</time><extensions><speed>1.456729</speed><course>267.438065</course><hAcc>2.510318</hAcc><vAcc>1.731433</vAcc></extensions></trkpt>
      <trkpt lon="-77.062938" lat="38.905062"><ele>22.576822</ele><time>2024-04-08T22:22:24Z</time><extensions><speed>1.485974</speed><course>267.521992</course><hAcc>2.511473</hAcc><vAcc>1.730431</vAcc></extensions></trkpt>
      <trkpt lon="-77.062955" lat="38.905061"><ele>22.592270</ele><time>2024-04-08T22:22:25Z</time><extensions><speed>1.510321</speed><course>267.621856</course><hAcc>2.513208</hAcc><vAcc>1.729250</vAcc></extensions></trkpt>
      <trkpt lon="-77.062973" lat="38.905060"><ele>22.607831</ele><time>2024-04-08T22:22:26Z</time><extensions><speed>1.532100</speed><course>267.742431</course><hAcc>2.515547</hAcc><vAcc>1.727810</vAcc></extensions></trkpt>
      <trkpt lon="-77.062991" lat="38.905060"><ele>22.621704</ele><time>2024-04-08T22:22:27Z</time><extensions><speed>1.547733</speed><course>267.889485</course><hAcc>2.518433</hAcc><vAcc>1.725986</vAcc></extensions></trkpt>
      <trkpt lon="-77.063009" lat="38.905059"><ele>22.634737</ele><time>2024-04-08T22:22:28Z</time><extensions><speed>1.558888</speed><course>268.065807</course><hAcc>2.521807</hAcc><vAcc>1.723413</vAcc></extensions></trkpt>
      <trkpt lon="-77.063027" lat="38.905059"><ele>22.647230</ele><time>2024-04-08T22:22:29Z</time><extensions><speed>1.562333</speed><course>268.276023</course><hAcc>2.525567</hAcc><vAcc>1.720895</vAcc></extensions></trkpt>
      <trkpt lon="-77.063045" lat="38.905058"><ele>22.659878</ele><time>2024-04-08T22:22:30Z</time><extensions><speed>1.563144</speed><course>268.526774</course><hAcc>2.529598</hAcc><vAcc>1.717943</vAcc></extensions></trkpt>
      <trkpt lon="-77.063063" lat="38.905058"><ele>22.671423</ele><time>2024-04-08T22:22:31Z</time><extensions><speed>1.560335</speed><course>268.823893</course><hAcc>2.533892</hAcc><vAcc>1.714434</vAcc></extensions></trkpt>
      <trkpt lon="-77.063081" lat="38.905058"><ele>22.682147</ele><time>2024-04-08T22:22:32Z</time><extensions><speed>1.550080</speed><course>269.172841</course><hAcc>2.538374</hAcc><vAcc>1.710253</vAcc></extensions></trkpt>
      <trkpt lon="-77.063099" lat="38.905058"><ele>22.692580</ele><time>2024-04-08T22:22:33Z</time><extensions><speed>1.536777</speed><course>269.582789</course><hAcc>2.542918</hAcc><vAcc>1.705281</vAcc></extensions></trkpt>
      <trkpt lon="-77.063116" lat="38.905058"><ele>22.700897</ele><time>2024-04-08T22:22:33Z</time><extensions><speed>1.519259</speed><course>270.064570</course><hAcc>2.547253</hAcc><vAcc>1.699419</vAcc></extensions></trkpt>
      <trkpt lon="-77.063134" lat="38.905058"><ele>22.709004</ele><time>2024-04-08T22:22:34Z</time><extensions><speed>1.494890</speed><course>270.620529</course><hAcc>2.551782</hAcc><vAcc>1.692505</vAcc></extensions></trkpt>
      <trkpt lon="-77.063151" lat="38.905058"><ele>22.715385</ele><time>2024-04-08T22:22:35Z</time><extensions><speed>1.463844</speed><course>271.254463</course><hAcc>2.556494</hAcc><vAcc>1.684368</vAcc></extensions></trkpt>
      <trkpt lon="-77.063167" lat="38.905059"><ele>22.721167</ele><time>2024-04-08T22:22:36Z</time><extensions><speed>1.428539</speed><course>271.990285</course><hAcc>2.561364</hAcc><vAcc>1.674834</vAcc></extensions></trkpt>
      <trkpt lon="-77.063184" lat="38.905059"><ele>22.726451</ele><time>2024-04-08T22:22:37Z</time><extensions><speed>1.384909</speed><course>272.794996</course><hAcc>2.566466</hAcc><vAcc>1.663707</vAcc></extensions></trkpt>
      <trkpt lon="-77.063199" lat="38.905060"><ele>22.731242</ele><time>2024-04-08T22:22:38Z</time><extensions><speed>1.338585</speed><course>273.711524</course><hAcc>2.571837</hAcc><vAcc>1.650778</vAcc></extensions></trkpt>
      <trkpt lon="-77.063215" lat="38.905061"><ele>22.735902</ele><time>2024-04-08T22:22:39Z</time><extensions><speed>1.286113</speed><course>274.729526</course><hAcc>2.577692</hAcc><vAcc>1.635823</vAcc></extensions></trkpt>
      <trkpt lon="-77.063229" lat="38.905062"><ele>22.740063</ele><time>2024-04-08T22:22:40Z</time><extensions><speed>1.229833</speed><course>275.873447</course><hAcc>2.584131</hAcc><vAcc>1.618604</vAcc></extensions></trkpt>
      <trkpt lon="-77.063243" lat="38.905063"><ele>22.743763</ele><time>2024-04-08T22:22:41Z</time><extensions><speed>1.168842</speed><course>277.192481</course><hAcc>2.591200</hAcc><vAcc>1.598873</vAcc></extensions></trkpt>
      <trkpt lon="-77.063256" lat="38.905065"><ele>22.747238</ele><time>2024-04-08T22:22:42Z</time><extensions><speed>1.104741</speed><course>278.731362</course><hAcc>2.598853</hAcc><vAcc>1.576375</vAcc></extensions></trkpt>
      <trkpt lon="-77.063268" lat="38.905066"><ele>22.754677</ele><time>2024-04-08T22:22:43Z</time><extensions><speed>1.041010</speed><course>280.506982</course><hAcc>2.607148</hAcc><vAcc>1.550835</vAcc></extensions></trkpt>
      <trkpt lon="-77.063280" lat="38.905068"><ele>22.758055</ele><time>2024-04-08T22:22:44Z</time><extensions><speed>0.976769</speed><course>282.568606</course><hAcc>2.616072</hAcc><vAcc>1.522047</vAcc></extensions></trkpt>
      <trkpt lon="-77.063290" lat="38.905070"><ele>22.761319</ele><time>2024-04-08T22:22:45Z</time><extensions><speed>0.911904</speed><course>285.007934</course><hAcc>2.625662</hAcc><vAcc>1.489748</vAcc></extensions></trkpt>
      <trkpt lon="-77.063300" lat="38.905072"><ele>22.764880</ele><time>2024-04-08T22:22:46Z</time><extensions><speed>0.848888</speed><course>287.834002</course><hAcc>2.636169</hAcc><vAcc>1.453744</vAcc></extensions></trkpt>
      <trkpt lon="-77.063309" lat="38.905075"><ele>22.768875</ele><time>2024-04-08T22:22:47Z</time><extensions><speed>0.792216</speed><course>290.962102</course><hAcc>2.647850</hAcc><vAcc>1.413862</vAcc></extensions></trkpt>
      <trkpt lon="-77.063317" lat="38.905078"><ele>22.773419</ele><time>2024-04-08T22:22:48Z</time><extensions><speed>0.742435</speed><course>294.518135</course><hAcc>2.660903</hAcc><vAcc>1.369996</vAcc></extensions></trkpt>
      <trkpt lon="-77.063324" lat="38.905081"><ele>22.778753</ele><time>2024-04-08T22:22:49Z</time><extensions><speed>0.696998</speed><course>298.313680</course><hAcc>2.675535</hAcc><vAcc>1.322127</vAcc></extensions></trkpt>
      <trkpt lon="-77.063331" lat="38.905084"><ele>22.785083</ele><time>2024-04-08T22:22:50Z</time><extensions><speed>0.656219</speed><course>302.333423</course><hAcc>2.691811</hAcc><vAcc>1.270357</vAcc></extensions></trkpt>
      <trkpt lon="-77.063337" lat="38.905087"><ele>22.792541</ele><time>2024-04-08T22:22:51Z</time><extensions><speed>0.620456</speed><course>306.529887</course><hAcc>2.709713</hAcc><vAcc>1.214945</vAcc></extensions></trkpt>
      <trkpt lon="-77.063343" lat="38.905090"><ele>22.801275</ele><time>2024-04-08T22:22:52Z</time><extensions><speed>0.590030</speed><course>310.852932</course><hAcc>2.729157</hAcc><vAcc>1.156361</vAcc></extensions></trkpt>
      <trkpt lon="-77.063348" lat="38.905094"><ele>22.811415</ele><time>2024-04-08T22:22:53Z</time><extensions><speed>0.563829</speed><course>315.226331</course><hAcc>2.750036</hAcc><vAcc>1.095354</vAcc></extensions></trkpt>
      <trkpt lon="-77.063352" lat="38.905098"><ele>22.823050</ele><time>2024-04-08T22:22:54Z</time><extensions><speed>0.541415</speed><course>319.586220</course><hAcc>2.772202</hAcc><vAcc>1.033038</vAcc></extensions></trkpt>
      <trkpt lon="-77.063356" lat="38.905101"><ele>22.836251</ele><time>2024-04-08T22:22:55Z</time><extensions><speed>0.522825</speed><course>323.822843</course><hAcc>2.795499</hAcc><vAcc>0.970995</vAcc></extensions></trkpt>
      <trkpt lon="-77.063359" lat="38.905105"><ele>22.851114</ele><time>2024-04-08T22:22:56Z</time><extensions><speed>0.507357</speed><course>327.859686</course><hAcc>2.819798</hAcc><vAcc>0.911362</vAcc></extensions></trkpt>
      <trkpt lon="-77.063362" lat="38.905109"><ele>22.867785</ele><time>2024-04-08T22:22:57Z</time><extensions><speed>0.494038</speed><course>331.521307</course><hAcc>2.845012</hAcc><vAcc>0.856900</vAcc></extensions></trkpt>
      <trkpt lon="-77.063365" lat="38.905113"><ele>22.886410</ele><time>2024-04-08T22:22:59Z</time><extensions><speed>0.480026</speed><course>334.972648</course><hAcc>2.871108</hAcc><vAcc>0.810995</vAcc></extensions></trkpt>
      <trkpt lon="-77.063367" lat="38.905117"><ele>22.907006</ele><time>2024-04-08T22:23:00Z</time><extensions><speed>0.466961</speed><course>338.210943</course><hAcc>2.898087</hAcc><vAcc>0.777507</vAcc></extensions></trkpt>
      <trkpt lon="-77.063369" lat="38.905121"><ele>22.929623</ele><time>2024-04-08T22:23:01Z</time><extensions><speed>0.453851</speed><course>341.247863</course><hAcc>2.926053</hAcc><vAcc>0.759320</vAcc></extensions></trkpt>
      <trkpt lon="-77.063370" lat="38.905125"><ele>22.954843</ele><time>2024-04-08T22:23:02Z</time><extensions><speed>0.442823</speed><course>344.528135</course><hAcc>2.955147</hAcc><vAcc>0.757101</vAcc></extensions></trkpt>
      <trkpt lon="-77.063371" lat="38.905128"><ele>22.982021</ele><time>2024-04-08T22:23:03Z</time><extensions><speed>0.426452</speed><course>347.459905</course><hAcc>2.985607</hAcc><vAcc>0.768861</vAcc></extensions></trkpt>
      <trkpt lon="-77.063372" lat="38.905132"><ele>23.011653</ele><time>2024-04-08T22:23:04Z</time><extensions><speed>0.410960</speed><course>350.227089</course><hAcc>3.017801</hAcc><vAcc>0.790157</vAcc></extensions></trkpt>
      <trkpt lon="-77.063372" lat="38.905135"><ele>23.043120</ele><time>2024-04-08T22:23:05Z</time><extensions><speed>0.392742</speed><course>353.402447</course><hAcc>3.052042</hAcc><vAcc>0.815873</vAcc></extensions></trkpt>
      <trkpt lon="-77.063373" lat="38.905139"><ele>23.076096</ele><time>2024-04-08T22:23:06Z</time><extensions><speed>0.378551</speed><course>356.052209</course><hAcc>3.089230</hAcc><vAcc>0.841700</vAcc></extensions></trkpt>
      <trkpt lon="-77.063373" lat="38.905142"><ele>23.110122</ele><time>2024-04-08T22:23:07Z</time><extensions><speed>0.364329</speed><course>358.626686</course><hAcc>3.129999</hAcc><vAcc>0.864244</vAcc></extensions></trkpt>
      <trkpt lon="-77.063373" lat="38.905145"><ele>23.144780</ele><time>2024-04-08T22:23:08Z</time><extensions><speed>0.349475</speed><course>1.146605</course><hAcc>3.175115</hAcc><vAcc>0.880920</vAcc></extensions></trkpt>
      <trkpt lon="-77.063373" lat="38.905148"><ele>23.179585</ele><time>2024-04-08T22:23:09Z</time><extensions><speed>0.333703</speed><course>3.759768</course><hAcc>3.225296</hAcc><vAcc>0.889814</vAcc></extensions></trkpt>
      <trkpt lon="-77.063372" lat="38.905151"><ele>23.214119</ele><time>2024-04-08T22:23:10Z</time><extensions><speed>0.319556</speed><course>6.441702</course><hAcc>3.281462</hAcc><vAcc>0.889554</vAcc></extensions></trkpt>
      <trkpt lon="-77.063372" lat="38.905154"><ele>23.247973</ele><time>2024-04-08T22:23:11Z</time><extensions><speed>0.306640</speed><course>9.210446</course><hAcc>3.345027</hAcc><vAcc>0.879221</vAcc></extensions></trkpt>
      <trkpt lon="-77.063371" lat="38.905157"><ele>23.280734</ele><time>2024-04-08T22:23:12Z</time><extensions><speed>0.295795</speed><course>12.069917</course><hAcc>3.417818</hAcc><vAcc>0.858301</vAcc></extensions></trkpt>
      <trkpt lon="-77.063370" lat="38.905159"><ele>23.311973</ele><time>2024-04-08T22:23:13Z</time><extensions><speed>0.285142</speed><course>15.052090</course><hAcc>3.501872</hAcc><vAcc>0.826703</vAcc></extensions></trkpt>
      <trkpt lon="-77.063369" lat="38.905161"><ele>23.341250</ele><time>2024-04-08T22:23:14Z</time><extensions><speed>0.274665</speed><course>18.164188</course><hAcc>3.598946</hAcc><vAcc>0.784822</vAcc></extensions></trkpt>
      <trkpt lon="-77.063368" lat="38.905164"><ele>23.368106</ele><time>2024-04-08T22:23:15Z</time><extensions><speed>0.264488</speed><course>21.407330</course><hAcc>3.710508</hAcc><vAcc>0.733705</vAcc></extensions></trkpt>
      <trkpt lon="-77.063367" lat="38.905166"><ele>23.392071</ele><time>2024-04-08T22:23:16Z</time><extensions><speed>0.254757</speed><course>24.812670</course><hAcc>3.837722</hAcc><vAcc>0.675390</vAcc></extensions></trkpt>
      <trkpt lon="-77.063366" lat="38.905168"><ele>23.412679</ele><time>2024-04-08T22:23:17Z</time><extensions><speed>0.245537</speed><course>28.422174</course><hAcc>3.981384</hAcc><vAcc>0.613508</vAcc></extensions></trkpt>
      <trkpt lon="-77.063364" lat="38.905170"><ele>23.429470</ele><time>2024-04-08T22:23:18Z</time><extensions><speed>0.237138</speed><course>32.211886</course><hAcc>4.141926</hAcc><vAcc>0.554234</vAcc></extensions></trkpt>
      <trkpt lon="-77.063363" lat="38.905172"><ele>23.441954</ele><time>2024-04-08T22:23:19Z</time><extensions><speed>0.229713</speed><course>36.148744</course><hAcc>4.319502</hAcc><vAcc>0.506573</vAcc></extensions></trkpt>
      <trkpt lon="-77.063361" lat="38.905173"><ele>23.449725</ele><time>2024-04-08T22:23:20Z</time><extensions><speed>0.223340</speed><course>40.210521</course><hAcc>4.514051</hAcc><vAcc>0.481408</vAcc></extensions></trkpt>
      <trkpt lon="-77.063359" lat="38.905175"><ele>23.452697</ele><time>2024-04-08T22:23:21Z</time><extensions><speed>0.218062</speed><course>44.368740</course><hAcc>4.725371</hAcc><vAcc>0.489639</vAcc></extensions></trkpt>
      <trkpt lon="-77.063358" lat="38.905176"><ele>23.450908</ele><time>2024-04-08T22:23:22Z</time><extensions><speed>0.213892</speed><course>48.584432</course><hAcc>4.953202</hAcc><vAcc>0.538336</vAcc></extensions></trkpt>
      <trkpt lon="-77.063356" lat="38.905177"><ele>23.444245</ele><time>2024-04-08T22:23:23Z</time><extensions><speed>0.210764</speed><course>52.777794</course><hAcc>5.197291</hAcc><vAcc>0.627633</vAcc></extensions></trkpt>
      <trkpt lon="-77.063319" lat="38.905149"><ele>23.237750</ele><time>2024-04-08T22:23:32Z</time><extensions><speed>0.989118</speed><course>147.060674</course><hAcc>5.996493</hAcc><vAcc>1.099139</vAcc></extensions></trkpt>
      <trkpt lon="-77.063313" lat="38.905141"><ele>23.203282</ele><time>2024-04-08T22:23:33Z</time><extensions><speed>0.998469</speed><course>147.283190</course><hAcc>5.990508</hAcc><vAcc>1.092005</vAcc></extensions></trkpt>
      <trkpt lon="-77.063307" lat="38.905134"><ele>23.173668</ele><time>2024-04-08T22:23:34Z</time><extensions><speed>1.007441</speed><course>147.511807</course><hAcc>6.016364</hAcc><vAcc>1.079038</vAcc></extensions></trkpt>
      <trkpt lon="-77.063300" lat="38.905126"><ele>23.149470</ele><time>2024-04-08T22:23:35Z</time><extensions><speed>1.015989</speed><course>147.747583</course><hAcc>6.072296</hAcc><vAcc>1.057682</vAcc></extensions></trkpt>
      <trkpt lon="-77.063294" lat="38.905118"><ele>23.131066</ele><time>2024-04-08T22:23:36Z</time><extensions><speed>1.023208</speed><course>147.960636</course><hAcc>6.156479</hAcc><vAcc>1.026718</vAcc></extensions></trkpt>
      <trkpt lon="-77.063288" lat="38.905110"><ele>23.118596</ele><time>2024-04-08T22:23:37Z</time><extensions><speed>1.030092</speed><course>148.184795</course><hAcc>6.267106</hAcc><vAcc>0.986063</vAcc></extensions></trkpt>
      <trkpt lon="-77.063282" lat="38.905102"><ele>23.111956</ele><time>2024-04-08T22:23:38Z</time><extensions><speed>1.035607</speed><course>148.439099</course><hAcc>6.402452</hAcc><vAcc>0.936772</vAcc></extensions></trkpt>
      <trkpt lon="-77.063275" lat="38.905094"><ele>23.110831</ele><time>2024-04-08T22:23:39Z</time><extensions><speed>1.040448</speed><course>148.701567</course><hAcc>6.560893</hAcc><vAcc>0.881281</vAcc></extensions></trkpt>
      <trkpt lon="-77.063269" lat="38.905086"><ele>23.114751</ele><time>2024-04-08T22:23:40Z</time><extensions><speed>1.044631</speed><course>148.968139</course><hAcc>6.740934</hAcc><vAcc>0.823928</vAcc></extensions></trkpt>
      <trkpt lon="-77.063263" lat="38.905078"><ele>23.123124</ele><time>2024-04-08T22:23:41Z</time><extensions><speed>1.048068</speed><course>149.233480</course><hAcc>6.941238</hAcc><vAcc>0.771726</vAcc></extensions></trkpt>
      <trkpt lon="-77.063257" lat="38.905070"><ele>23.135224</ele><time>2024-04-08T22:23:42Z</time><extensions><speed>1.050867</speed><course>149.491883</course><hAcc>7.160648</hAcc><vAcc>0.735033</vAcc></extensions></trkpt>
      <trkpt lon="-77.063251" lat="38.905062"><ele>23.150457</ele><time>2024-04-08T22:23:43Z</time><extensions><speed>1.052627</speed><course>149.741458</course><hAcc>7.398156</hAcc><vAcc>0.725665</vAcc></extensions></trkpt>
      <trkpt lon="-77.063218" lat="38.905000"><ele>23.132127</ele><time>2024-04-08T22:23:51Z</time><extensions><speed>0.827417</speed><course>168.120232</course><hAcc>7.798796</hAcc><vAcc>0.676359</vAcc></extensions></trkpt>
      <trkpt lon="-77.063216" lat="38.904993"><ele>23.108421</ele><time>2024-04-08T22:23:52Z</time><extensions><speed>0.818978</speed><course>168.589070</course><hAcc>7.679471</hAcc><vAcc>0.704708</vAcc></extensions></trkpt>
      <trkpt lon="-77.063215" lat="38.904985"><ele>23.079504</ele><time>2024-04-08T22:23:53Z</time><extensions><speed>0.809283</speed><course>169.099003</course><hAcc>7.584487</hAcc><vAcc>0.779409</vAcc></extensions></trkpt>
      <trkpt lon="-77.063212" lat="38.904960"><ele>22.846328</ele><time>2024-04-08T22:23:57Z</time><extensions><speed>0.602637</speed><course>182.240053</course><hAcc>7.125384</hAcc><vAcc>1.089575</vAcc></extensions></trkpt>
      <trkpt lon="-77.063212" lat="38.904955"><ele>22.761038</ele><time>2024-04-08T22:23:58Z</time><extensions><speed>0.586722</speed><course>183.646292</course><hAcc>6.973688</hAcc><vAcc>1.146799</vAcc></extensions></trkpt>
      <trkpt lon="-77.063212" lat="38.904950"><ele>22.675143</ele><time>2024-04-08T22:23:59Z</time><extensions><speed>0.569617</speed><course>185.271908</course><hAcc>6.835555</hAcc><vAcc>1.205860</vAcc></extensions></trkpt>
      <trkpt lon="-77.063213" lat="38.904945"><ele>22.589010</ele><time>2024-04-08T22:24:00Z</time><extensions><speed>0.552429</speed><course>187.066581</course><hAcc>6.710992</hAcc><vAcc>1.261720</vAcc></extensions></trkpt>
      <trkpt lon="-77.063214" lat="38.904940"><ele>22.502913</ele><time>2024-04-08T22:24:01Z</time><extensions><speed>0.535508</speed><course>189.036283</course><hAcc>6.600051</hAcc><vAcc>1.311184</vAcc></extensions></trkpt>
      <trkpt lon="-77.063215" lat="38.904935"><ele>22.417065</ele><time>2024-04-08T22:24:02Z</time><extensions><speed>0.518338</speed><course>191.237108</course><hAcc>6.502824</hAcc><vAcc>1.352340</vAcc></extensions></trkpt>
      <trkpt lon="-77.063216" lat="38.904931"><ele>22.331599</ele><time>2024-04-08T22:24:03Z</time><extensions><speed>0.501383</speed><course>193.646536</course><hAcc>6.419442</hAcc><vAcc>1.384187</vAcc></extensions></trkpt>
      <trkpt lon="-77.063218" lat="38.904926"><ele>22.246595</ele><time>2024-04-08T22:24:04Z</time><extensions><speed>0.485158</speed><course>196.258480</course><hAcc>6.350136</hAcc><vAcc>1.406404</vAcc></extensions></trkpt>
      <trkpt lon="-77.063220" lat="38.904922"><ele>22.162083</ele><time>2024-04-08T22:24:05Z</time><extensions><speed>0.470091</speed><course>199.055822</course><hAcc>6.295230</hAcc><vAcc>1.419267</vAcc></extensions></trkpt>
      <trkpt lon="-77.063221" lat="38.904918"><ele>22.078066</ele><time>2024-04-08T22:24:06Z</time><extensions><speed>0.456582</speed><course>202.001535</course><hAcc>6.255155</hAcc><vAcc>1.423668</vAcc></extensions></trkpt>
      <trkpt lon="-77.063223" lat="38.904915"><ele>21.994508</ele><time>2024-04-08T22:24:07Z</time><extensions><speed>0.445983</speed><course>205.101166</course><hAcc>6.230449</hAcc><vAcc>1.421205</vAcc></extensions></trkpt>
      <trkpt lon="-77.063226" lat="38.904911"><ele>21.911295</ele><time>2024-04-08T22:24:08Z</time><extensions><speed>0.439144</speed><course>208.067062</course><hAcc>6.221755</hAcc><vAcc>1.414353</vAcc></extensions></trkpt>
      <trkpt lon="-77.063228" lat="38.904908"><ele>21.828195</ele><time>2024-04-08T22:24:09Z</time><extensions><speed>0.434736</speed><course>210.859001</course><hAcc>6.229823</hAcc><vAcc>1.406678</vAcc></extensions></trkpt>
      <trkpt lon="-77.063250" lat="38.904897"><ele>21.404908</ele><time>2024-04-08T22:24:14Z</time><extensions><speed>0.530798</speed><course>257.929488</course><hAcc>5.825745</hAcc><vAcc>1.035778</vAcc></extensions></trkpt>
      <trkpt lon="-77.063256" lat="38.904896"><ele>21.318486</ele><time>2024-04-08T22:24:15Z</time><extensions><speed>0.535824</speed><course>258.960828</course><hAcc>5.675651</hAcc><vAcc>0.962674</vAcc></extensions></trkpt>
      <trkpt lon="-77.063262" lat="38.904895"><ele>21.231281</ele><time>2024-04-08T22:24:16Z</time><extensions><speed>0.540072</speed><course>259.803839</course><hAcc>5.560914</hAcc><vAcc>0.966442</vAcc></extensions></trkpt>
      <trkpt lon="-77.063312" lat="38.904895"><ele>20.567838</ele><time>2024-04-08T22:24:28Z</time><extensions><speed>0.224184</speed><course>296.712212</course><hAcc>4.246348</hAcc><vAcc>1.742568</vAcc></extensions></trkpt>
      <trkpt lon="-77.063315" lat="38.904896"><ele>20.546278</ele><time>2024-04-08T22:24:29Z</time><extensions><speed>0.214401</speed><course>296.993884</course><hAcc>4.040453</hAcc><vAcc>1.747831</vAcc></extensions></trkpt>
      <trkpt lon="-77.063317" lat="38.904897"><ele>20.527203</ele><time>2024-04-08T22:24:30Z</time><extensions><speed>0.204630</speed><course>297.258339</course><hAcc>3.858675</hAcc><vAcc>1.758279</vAcc></extensions></trkpt>
      <trkpt lon="-77.063319" lat="38.904898"><ele>20.510501</ele><time>2024-04-08T22:24:31Z</time><extensions><speed>0.195024</speed><course>297.508066</course><hAcc>3.700843</hAcc><vAcc>1.772277</vAcc></extensions></trkpt>
      <trkpt lon="-77.063321" lat="38.904899"><ele>20.495960</ele><time>2024-04-08T22:24:32Z</time><extensions><speed>0.184888</speed><course>297.714645</course><hAcc>3.567066</hAcc><vAcc>1.788868</vAcc></extensions></trkpt>
      <trkpt lon="-77.063323" lat="38.904899"><ele>20.483342</ele><time>2024-04-08T22:24:33Z</time><extensions><speed>0.174814</speed><course>297.908237</course><hAcc>3.457478</hAcc><vAcc>1.807637</vAcc></extensions></trkpt>
      <trkpt lon="-77.063324" lat="38.904900"><ele>20.472426</ele><time>2024-04-08T22:24:34Z</time><extensions><speed>0.164919</speed><course>298.089580</course><hAcc>3.372021</hAcc><vAcc>1.828592</vAcc></extensions></trkpt>
      <trkpt lon="-77.063326" lat="38.904901"><ele>20.463008</ele><time>2024-04-08T22:24:35Z</time><extensions><speed>0.155328</speed><course>298.259055</course><hAcc>3.310510</hAcc><vAcc>1.852083</vAcc></extensions></trkpt>
      <trkpt lon="-77.063327" lat="38.904901"><ele>20.454896</ele><time>2024-04-08T22:24:36Z</time><extensions><speed>0.146154</speed><course>298.416685</course><hAcc>3.272654</hAcc><vAcc>1.878726</vAcc></extensions></trkpt>
      <trkpt lon="-77.063329" lat="38.904902"><ele>20.447914</ele><time>2024-04-08T22:24:37Z</time><extensions><speed>0.137590</speed><course>298.562071</course><hAcc>3.258109</hAcc><vAcc>1.909359</vAcc></extensions></trkpt>
      <trkpt lon="-77.063330" lat="38.904903"><ele>20.441901</ele><time>2024-04-08T22:24:38Z</time><extensions><speed>0.129593</speed><course>298.694565</course><hAcc>3.266575</hAcc><vAcc>1.944994</vAcc></extensions></trkpt>
      <trkpt lon="-77.063332" lat="38.904903"><ele>20.436708</ele><time>2024-04-08T22:24:39Z</time><extensions><speed>0.122262</speed><course>298.813427</course><hAcc>3.297808</hAcc><vAcc>1.986786</vAcc></extensions></trkpt>
      <trkpt lon="-77.063333" lat="38.904904"><ele>20.432202</ele><time>2024-04-08T22:24:40Z</time><extensions><speed>0.115609</speed><course>298.917860</course><hAcc>3.351658</hAcc><vAcc>2.036002</vAcc></extensions></trkpt>
      <trkpt lon="-77.063334" lat="38.904904"><ele>20.428260</ele><time>2024-04-08T22:24:41Z</time><extensions><speed>0.109730</speed><course>299.007136</course><hAcc>3.428108</hAcc><vAcc>2.093997</vAcc></extensions></trkpt>
      <trkpt lon="-77.063335" lat="38.904905"><ele>20.424773</ele><time>2024-04-08T22:24:41Z</time><extensions><speed>0.104624</speed><course>299.080740</course><hAcc>3.527328</hAcc><vAcc>2.162188</vAcc></extensions></trkpt>
      <trkpt lon="-77.063336" lat="38.904905"><ele>20.421644</ele><time>2024-04-08T22:24:42Z</time><extensions><speed>0.100277</speed><course>299.138616</course><hAcc>3.649654</hAcc><vAcc>2.242019</vAcc></extensions></trkpt>
      <trkpt lon="-77.063337" lat="38.904905"><ele>20.418787</ele><time>2024-04-08T22:24:43Z</time><extensions><speed>0.096673</speed><course>299.181324</course><hAcc>3.795556</hAcc><vAcc>2.334937</vAcc></extensions></trkpt>
      <trkpt lon="-77.063338" lat="38.904906"><ele>20.416128</ele><time>2024-04-08T22:24:44Z</time><extensions><speed>0.093910</speed><course>299.210099</course><hAcc>3.965730</hAcc><vAcc>2.442366</vAcc></extensions></trkpt>
      <trkpt lon="-77.063339" lat="38.904906"><ele>20.413604</ele><time>2024-04-08T22:24:45Z</time><extensions><speed>0.092160</speed><course>299.226926</course><hAcc>4.161383</hAcc><vAcc>2.565683</vAcc></extensions></trkpt>
      <trkpt lon="-77.063340" lat="38.904907"><ele>20.411164</ele><time>2024-04-08T22:24:46Z</time><extensions><speed>0.090795</speed><course>299.234642</course><hAcc>4.383511</hAcc><vAcc>2.706208</vAcc></extensions></trkpt>
      <trkpt lon="-77.063341" lat="38.904907"><ele>20.408711</ele><time>2024-04-08T22:24:48Z</time><extensions><speed>0.090356</speed><course>299.236717</course><hAcc>4.639216</hAcc><vAcc>2.869092</vAcc></extensions></trkpt>
      <trkpt lon="-77.063290" lat="38.905041"><ele>22.527748</ele><time>2024-04-08T22:26:17Z</time><extensions><speed>0.122864</speed><course>270.624508</course><hAcc>7.465970</hAcc><vAcc>0.680023</vAcc></extensions></trkpt>
      <trkpt lon="-77.063292" lat="38.905041"><ele>22.582502</ele><time>2024-04-08T22:26:18Z</time><extensions><speed>0.122742</speed><course>270.555856</course><hAcc>7.079764</hAcc><vAcc>0.563028</vAcc></extensions></trkpt>
      <trkpt lon="-77.063293" lat="38.905041"><ele>22.636242</ele><time>2024-04-08T22:26:19Z</time><extensions><speed>0.122499</speed><course>270.539668</course><hAcc>6.718117</hAcc><vAcc>0.480129</vAcc></extensions></trkpt>
      <trkpt lon="-77.063295" lat="38.905041"><ele>22.687239</ele><time>2024-04-08T22:26:20Z</time><extensions><speed>0.122251</speed><course>270.569253</course><hAcc>6.381142</hAcc><vAcc>0.428181</vAcc></extensions></trkpt>
      <trkpt lon="-77.063296" lat="38.905041"><ele>22.733423</ele><time>2024-04-08T22:26:21Z</time><extensions><speed>0.122047</speed><course>270.731761</course><hAcc>6.069053</hAcc><vAcc>0.400543</vAcc></extensions></trkpt>
      <trkpt lon="-77.063298" lat="38.905041"><ele>22.772664</ele><time>2024-04-08T22:26:22Z</time><extensions><speed>0.122067</speed><course>271.010191</course><hAcc>5.781392</hAcc><vAcc>0.389402</vAcc></extensions></trkpt>
      <trkpt lon="-77.063299" lat="38.905041"><ele>22.803206</ele><time>2024-04-08T22:26:23Z</time><extensions><speed>0.122092</speed><course>271.413704</course><hAcc>5.516719</hAcc><vAcc>0.388378</vAcc></extensions></trkpt>
      <trkpt lon="-77.063300" lat="38.905041"><ele>22.823825</ele><time>2024-04-08T22:26:24Z</time><extensions><speed>0.121873</speed><course>271.959478</course><hAcc>5.275255</hAcc><vAcc>0.393653</vAcc></extensions></trkpt>
      <trkpt lon="-77.063302" lat="38.905041"><ele>22.833752</ele><time>2024-04-08T22:26:25Z</time><extensions><speed>0.121495</speed><course>272.827634</course><hAcc>5.056513</hAcc><vAcc>0.403546</vAcc></extensions></trkpt>
      <trkpt lon="-77.063303" lat="38.905041"><ele>22.832872</ele><time>2024-04-08T22:26:26Z</time><extensions><speed>0.120687</speed><course>273.894134</course><hAcc>4.859726</hAcc><vAcc>0.417379</vAcc></extensions></trkpt>
      <trkpt lon="-77.063305" lat="38.905041"><ele>22.821753</ele><time>2024-04-08T22:26:27Z</time><extensions><speed>0.119570</speed><course>275.379633</course><hAcc>4.684572</hAcc><vAcc>0.434329</vAcc></extensions></trkpt>
      <trkpt lon="-77.063306" lat="38.905041"><ele>22.801680</ele><time>2024-04-08T22:26:28Z</time><extensions><speed>0.118247</speed><course>277.279476</course><hAcc>4.530062</hAcc><vAcc>0.452518</vAcc></extensions></trkpt>
      <trkpt lon="-77.063307" lat="38.905041"><ele>22.774846</ele><time>2024-04-08T22:26:29Z</time><extensions><speed>0.116642</speed><course>279.672725</course><hAcc>4.395062</hAcc><vAcc>0.468669</vAcc></extensions></trkpt>
      <trkpt lon="-77.063309" lat="38.905041"><ele>22.744265</ele><time>2024-04-08T22:26:30Z</time><extensions><speed>0.114834</speed><course>282.522678</course><hAcc>4.278447</hAcc><vAcc>0.479141</vAcc></extensions></trkpt>
      <trkpt lon="-77.063310" lat="38.905041"><ele>22.713162</ele><time>2024-04-08T22:26:31Z</time><extensions><speed>0.112782</speed><course>285.576234</course><hAcc>4.178814</hAcc><vAcc>0.481768</vAcc></extensions></trkpt>
      <trkpt lon="-77.063311" lat="38.905042"><ele>22.684836</ele><time>2024-04-08T22:26:32Z</time><extensions><speed>0.110567</speed><course>289.283577</course><hAcc>4.094213</hAcc><vAcc>0.476603</vAcc></extensions></trkpt>
      <trkpt lon="-77.063312" lat="38.905042"><ele>22.662733</ele><time>2024-04-08T22:26:33Z</time><extensions><speed>0.108334</speed><course>292.836069</course><hAcc>4.023810</hAcc><vAcc>0.465715</vAcc></extensions></trkpt>
      <trkpt lon="-77.063313" lat="38.905043"><ele>22.649730</ele><time>2024-04-08T22:26:34Z</time><extensions><speed>0.106034</speed><course>296.490124</course><hAcc>3.964477</hAcc><vAcc>0.452080</vAcc></extensions></trkpt>
      <trkpt lon="-77.063314" lat="38.905044"><ele>22.646870</ele><time>2024-04-08T22:26:35Z</time><extensions><speed>0.103454</speed><course>299.802732</course><hAcc>3.915470</hAcc><vAcc>0.437818</vAcc></extensions></trkpt>
      <trkpt lon="-77.063315" lat="38.905044"><ele>22.653902</ele><time>2024-04-08T22:26:36Z</time><extensions><speed>0.100908</speed><course>302.864051</course><hAcc>3.875166</hAcc><vAcc>0.424298</vAcc></extensions></trkpt>
      <trkpt lon="-77.063316" lat="38.905045"><ele>22.670075</ele><time>2024-04-08T22:26:37Z</time><extensions><speed>0.097818</speed><course>305.522482</course><hAcc>3.841962</hAcc><vAcc>0.413249</vAcc></extensions></trkpt>
      <trkpt lon="-77.063317" lat="38.905046"><ele>22.693871</ele><time>2024-04-08T22:26:38Z</time><extensions><speed>0.094181</speed><course>307.811846</course><hAcc>3.814163</hAcc><vAcc>0.406169</vAcc></extensions></trkpt>
      <trkpt lon="-77.063318" lat="38.905046"><ele>22.723041</ele><time>2024-04-08T22:26:39Z</time><extensions><speed>0.089959</speed><course>309.738166</course><hAcc>3.790647</hAcc><vAcc>0.403655</vAcc></extensions></trkpt>
      <trkpt lon="-77.063319" lat="38.905047"><ele>22.755359</ele><time>2024-04-08T22:26:40Z</time><extensions><speed>0.085358</speed><course>311.454675</course><hAcc>3.770504</hAcc><vAcc>0.405521</vAcc></extensions></trkpt>
      <trkpt lon="-77.063320" lat="38.905047"><ele>22.789362</ele><time>2024-04-08T22:26:41Z</time><extensions><speed>0.080260</speed><course>312.808578</course><hAcc>3.752434</hAcc><vAcc>0.411012</vAcc></extensions></trkpt>
      <trkpt lon="-77.063320" lat="38.905048"><ele>22.824455</ele><time>2024-04-08T22:26:42Z</time><extensions><speed>0.074785</speed><course>313.790139</course><hAcc>3.735730</hAcc><vAcc>0.419712</vAcc></extensions></trkpt>
      <trkpt lon="-77.063321" lat="38.905048"><ele>22.859770</ele><time>2024-04-08T22:26:43Z</time><extensions><speed>0.068867</speed><course>314.329093</course><hAcc>3.719743</hAcc><vAcc>0.432199</vAcc></extensions></trkpt>
      <trkpt lon="-77.063322" lat="38.905049"><ele>22.893306</ele><time>2024-04-08T22:26:44Z</time><extensions><speed>0.062985</speed><course>314.505910</course><hAcc>3.703768</hAcc><vAcc>0.448666</vAcc></extensions></trkpt>
      <trkpt lon="-77.063322" lat="38.905049"><ele>22.922387</ele><time>2024-04-08T22:26:45Z</time><extensions><speed>0.057140</speed><course>314.198361</course><hAcc>3.687611</hAcc><vAcc>0.467697</vAcc></extensions></trkpt>
      <trkpt lon="-77.063323" lat="38.905050"><ele>22.945618</ele><time>2024-04-08T22:26:46Z</time><extensions><speed>0.051294</speed><course>313.186728</course><hAcc>3.670905</hAcc><vAcc>0.486226</vAcc></extensions></trkpt>
      <trkpt lon="-77.063323" lat="38.905050"><ele>22.962956</ele><time>2024-04-08T22:26:47Z</time><extensions><speed>0.045455</speed><course>311.238056</course><hAcc>3.653540</hAcc><vAcc>0.500245</vAcc></extensions></trkpt>
      <trkpt lon="-77.063323" lat="38.905050"><ele>22.975074</ele><time>2024-04-08T22:26:48Z</time><extensions><speed>0.039510</speed><course>308.081840</course><hAcc>3.635576</hAcc><vAcc>0.506370</vAcc></extensions></trkpt>
      <trkpt lon="-77.063324" lat="38.905050"><ele>22.982688</ele><time>2024-04-08T22:26:49Z</time><extensions><speed>0.033845</speed><course>303.242007</course><hAcc>3.617033</hAcc><vAcc>0.502994</vAcc></extensions></trkpt>
      <trkpt lon="-77.063324" lat="38.905050"><ele>22.986507</ele><time>2024-04-08T22:26:50Z</time><extensions><speed>0.028681</speed><course>295.943277</course><hAcc>3.597934</hAcc><vAcc>0.490554</vAcc></extensions></trkpt>
      <trkpt lon="-77.063324" lat="38.905050"><ele>22.987262</ele><time>2024-04-08T22:26:51Z</time><extensions><speed>0.024414</speed><course>285.847101</course><hAcc>3.578330</hAcc><vAcc>0.471597</vAcc></extensions></trkpt>
      <trkpt lon="-77.063325" lat="38.905050"><ele>22.985502</ele><time>2024-04-08T22:26:52Z</time><extensions><speed>0.021433</speed><course>272.840723</course><hAcc>3.558244</hAcc><vAcc>0.450508</vAcc></extensions></trkpt>
      <trkpt lon="-77.063325" lat="38.905050"><ele>22.981627</ele><time>2024-04-08T22:26:53Z</time><extensions><speed>0.019966</speed><course>257.498242</course><hAcc>3.537670</hAcc><vAcc>0.432462</vAcc></extensions></trkpt>
      <trkpt lon="-77.063325" lat="38.905050"><ele>22.976013</ele><time>2024-04-08T22:26:54Z</time><extensions><speed>0.019964</speed><course>242.003752</course><hAcc>3.516629</hAcc><vAcc>0.422370</vAcc></extensions></trkpt>
      <trkpt lon="-77.063325" lat="38.905050"><ele>22.969101</ele><time>2024-04-08T22:26:55Z</time><extensions><speed>0.021143</speed><course>229.290483</course><hAcc>3.495459</hAcc><vAcc>0.424466</vAcc></extensions></trkpt>
      <trkpt lon="-77.063325" lat="38.905050"><ele>22.961709</ele><time>2024-04-08T22:26:56Z</time><extensions><speed>0.022984</speed><course>219.446836</course><hAcc>3.474128</hAcc><vAcc>0.441946</vAcc></extensions></trkpt>
      <trkpt lon="-77.063326" lat="38.905050"><ele>22.954497</ele><time>2024-04-08T22:26:57Z</time><extensions><speed>0.025010</speed><course>212.464886</course><hAcc>3.452981</hAcc><vAcc>0.476267</vAcc></extensions></trkpt>
      <trkpt lon="-77.063326" lat="38.905050"><ele>22.947969</ele><time>2024-04-08T22:26:58Z</time><extensions><speed>0.027162</speed><course>206.786441</course><hAcc>3.432474</hAcc><vAcc>0.526503</vAcc></extensions></trkpt>
      <trkpt lon="-77.063326" lat="38.905049"><ele>22.942617</ele><time>2024-04-08T22:26:59Z</time><extensions><speed>0.029284</speed><course>202.012359</course><hAcc>3.413236</hAcc><vAcc>0.589143</vAcc></extensions></trkpt>
      <trkpt lon="-77.063326" lat="38.905049"><ele>22.938572</ele><time>2024-04-08T22:27:00Z</time><extensions><speed>0.031240</speed><course>198.147325</course><hAcc>3.396021</hAcc><vAcc>0.659369</vAcc></extensions></trkpt>
      <trkpt lon="-77.063326" lat="38.905049"><ele>22.935635</ele><time>2024-04-08T22:27:01Z</time><extensions><speed>0.033139</speed><course>194.891886</course><hAcc>3.381603</hAcc><vAcc>0.733278</vAcc></extensions></trkpt>
      <trkpt lon="-77.063326" lat="38.905049"><ele>22.933594</ele><time>2024-04-08T22:27:02Z</time><extensions><speed>0.035065</speed><course>192.146797</course><hAcc>3.370720</hAcc><vAcc>0.808514</vAcc></extensions></trkpt>
      <trkpt lon="-77.063326" lat="38.905048"><ele>22.932416</ele><time>2024-04-08T22:27:04Z</time><extensions><speed>0.043969</speed><course>185.344660</course><hAcc>3.320394</hAcc><vAcc>0.913453</vAcc></extensions></trkpt>
      <trkpt lon="-77.063326" lat="38.905047"><ele>22.933034</ele><time>2024-04-08T22:27:05Z</time><extensions><speed>0.046644</speed><course>184.177502</course><hAcc>3.280888</hAcc><vAcc>0.943427</vAcc></extensions></trkpt>
      <trkpt lon="-77.063326" lat="38.905047"><ele>22.933905</ele><time>2024-04-08T22:27:06Z</time><extensions><speed>0.049551</speed><course>183.330010</course><hAcc>3.245664</hAcc><vAcc>0.969274</vAcc></extensions></trkpt>
      <trkpt lon="-77.063326" lat="38.905047"><ele>22.934949</ele><time>2024-04-08T22:27:07Z</time><extensions><speed>0.052653</speed><course>182.727945</course><hAcc>3.214558</hAcc><vAcc>0.988889</vAcc></extensions></trkpt>
      <trkpt lon="-77.063326" lat="38.905046"><ele>22.936120</ele><time>2024-04-08T22:27:08Z</time><extensions><speed>0.055992</speed><course>182.328523</course><hAcc>3.187372</hAcc><vAcc>1.000945</vAcc></extensions></trkpt>
      <trkpt lon="-77.063326" lat="38.905046"><ele>22.937409</ele><time>2024-04-08T22:27:09Z</time><extensions><speed>0.059604</speed><course>182.084069</course><hAcc>3.163869</hAcc><vAcc>1.004659</vAcc></extensions></trkpt>
      <trkpt lon="-77.063326" lat="38.905045"><ele>22.938835</ele><time>2024-04-08T22:27:09Z</time><extensions><speed>0.063532</speed><course>181.947314</course><hAcc>3.143826</hAcc><vAcc>0.999644</vAcc></extensions></trkpt>
      <trkpt lon="-77.063326" lat="38.905044"><ele>22.940441</ele><time>2024-04-08T22:27:11Z</time><extensions><speed>0.067805</speed><course>181.810783</course><hAcc>3.127044</hAcc><vAcc>0.985786</vAcc></extensions></trkpt>
      <trkpt lon="-77.063327" lat="38.905044"><ele>22.942270</ele><time>2024-04-08T22:27:12Z</time><extensions><speed>0.072293</speed><course>181.683014</course><hAcc>3.113349</hAcc><vAcc>0.963270</vAcc></extensions></trkpt>
      <trkpt lon="-77.063327" lat="38.905043"><ele>22.944373</ele><time>2024-04-08T22:27:13Z</time><extensions><speed>0.076879</speed><course>181.573948</course><hAcc>3.102469</hAcc><vAcc>0.932474</vAcc></extensions></trkpt>
      <trkpt lon="-77.063327" lat="38.905042"><ele>22.946786</ele><time>2024-04-08T22:27:14Z</time><extensions><speed>0.081490</speed><course>181.476270</course><hAcc>3.094053</hAcc><vAcc>0.893917</vAcc></extensions></trkpt>
      <trkpt lon="-77.063327" lat="38.905042"><ele>22.949526</ele><time>2024-04-08T22:27:15Z</time><extensions><speed>0.086537</speed><course>181.323641</course><hAcc>3.087708</hAcc><vAcc>0.848279</vAcc></extensions></trkpt>
      <trkpt lon="-77.063327" lat="38.905041"><ele>22.952597</ele><time>2024-04-08T22:27:16Z</time><extensions><speed>0.091835</speed><course>181.081103</course><hAcc>3.083161</hAcc><vAcc>0.796649</vAcc></extensions></trkpt>
      <trkpt lon="-77.063327" lat="38.905040"><ele>22.955972</ele><time>2024-04-08T22:27:17Z</time><extensions><speed>0.097140</speed><course>180.828202</course><hAcc>3.080197</hAcc><vAcc>0.740854</vAcc></extensions></trkpt>
      <trkpt lon="-77.063327" lat="38.905039"><ele>22.959584</ele><time>2024-04-08T22:27:18Z</time><extensions><speed>0.102308</speed><course>180.528936</course><hAcc>3.078609</hAcc><vAcc>0.683863</vAcc></extensions></trkpt>
      <trkpt lon="-77.063327" lat="38.905038"><ele>22.963345</ele><time>2024-04-08T22:27:19Z</time><extensions><speed>0.106966</speed><course>180.206401</course><hAcc>3.078177</hAcc><vAcc>0.630325</vAcc></extensions></trkpt>
      <trkpt lon="-77.063327" lat="38.905037"><ele>22.967178</ele><time>2024-04-08T22:27:20Z</time><extensions><speed>0.110795</speed><course>179.878551</course><hAcc>3.078681</hAcc><vAcc>0.586953</vAcc></extensions></trkpt>
      <trkpt lon="-77.063327" lat="38.905036"><ele>22.970881</ele><time>2024-04-08T22:27:21Z</time><extensions><speed>0.113592</speed><course>179.536630</course><hAcc>3.079937</hAcc><vAcc>0.561290</vAcc></extensions></trkpt>
      <trkpt lon="-77.063327" lat="38.905035"><ele>22.974280</ele><time>2024-04-08T22:27:22Z</time><extensions><speed>0.115187</speed><course>179.175096</course><hAcc>3.081840</hAcc><vAcc>0.558490</vAcc></extensions></trkpt>
      <trkpt lon="-77.063327" lat="38.905034"><ele>22.977387</ele><time>2024-04-08T22:27:23Z</time><extensions><speed>0.115501</speed><course>178.761769</course><hAcc>3.084388</hAcc><vAcc>0.578872</vAcc></extensions></trkpt>
      <trkpt lon="-77.063327" lat="38.905033"><ele>22.979919</ele><time>2024-04-08T22:27:24Z</time><extensions><speed>0.114570</speed><course>178.271010</course><hAcc>3.087662</hAcc><vAcc>0.618728</vAcc></extensions></trkpt>
      <trkpt lon="-77.063327" lat="38.905032"><ele>22.981424</ele><time>2024-04-08T22:27:25Z</time><extensions><speed>0.112200</speed><course>177.787300</course><hAcc>3.091783</hAcc><vAcc>0.672411</vAcc></extensions></trkpt>
      <trkpt lon="-77.063326" lat="38.905031"><ele>22.981774</ele><time>2024-04-08T22:27:26Z</time><extensions><speed>0.108875</speed><course>177.326208</course><hAcc>3.096921</hAcc><vAcc>0.733401</vAcc></extensions></trkpt>
      <trkpt lon="-77.063326" lat="38.905030"><ele>22.981046</ele><time>2024-04-08T22:27:27Z</time><extensions><speed>0.104863</speed><course>176.918543</course><hAcc>3.103457</hAcc><vAcc>0.795991</vAcc></extensions></trkpt>
      <trkpt lon="-77.063326" lat="38.905029"><ele>22.979351</ele><time>2024-04-08T22:27:28Z</time><extensions><speed>0.100410</speed><course>176.584808</course><hAcc>3.112100</hAcc><vAcc>0.856176</vAcc></extensions></trkpt>
      <trkpt lon="-77.063326" lat="38.905028"><ele>22.976821</ele><time>2024-04-08T22:27:29Z</time><extensions><speed>0.095655</speed><course>176.330197</course><hAcc>3.123969</hAcc><vAcc>0.911192</vAcc></extensions></trkpt>
      <trkpt lon="-77.063326" lat="38.905027"><ele>22.973594</ele><time>2024-04-08T22:27:30Z</time><extensions><speed>0.090924</speed><course>176.162058</course><hAcc>3.140643</hAcc><vAcc>0.959120</vAcc></extensions></trkpt>
      <trkpt lon="-77.063326" lat="38.905027"><ele>22.969813</ele><time>2024-04-08T22:27:31Z</time><extensions><speed>0.086364</speed><course>176.092263</course><hAcc>3.164302</hAcc><vAcc>0.998617</vAcc></extensions></trkpt>
      <trkpt lon="-77.063326" lat="38.905026"><ele>22.965631</ele><time>2024-04-08T22:27:32Z</time><extensions><speed>0.081509</speed><course>176.136415</course><hAcc>3.197622</hAcc><vAcc>1.028726</vAcc></extensions></trkpt>
      <trkpt lon="-77.063326" lat="38.905025"><ele>22.961212</ele><time>2024-04-08T22:27:33Z</time><extensions><speed>0.076501</speed><course>176.315730</course><hAcc>3.243398</hAcc><vAcc>1.048742</vAcc></extensions></trkpt>
      <trkpt lon="-77.063326" lat="38.905024"><ele>22.956728</ele><time>2024-04-08T22:27:34Z</time><extensions><speed>0.071417</speed><course>176.634177</course><hAcc>3.304461</hAcc><vAcc>1.058132</vAcc></extensions></trkpt>
      <trkpt lon="-77.063326" lat="38.905024"><ele>22.952340</ele><time>2024-04-08T22:27:35Z</time><extensions><speed>0.066477</speed><course>177.001923</course><hAcc>3.383513</hAcc><vAcc>1.056499</vAcc></extensions></trkpt>
      <trkpt lon="-77.063326" lat="38.905023"><ele>22.948178</ele><time>2024-04-08T22:27:36Z</time><extensions><speed>0.061795</speed><course>177.463046</course><hAcc>3.483114</hAcc><vAcc>1.043604</vAcc></extensions></trkpt>
      <trkpt lon="-77.063326" lat="38.905023"><ele>22.944363</ele><time>2024-04-08T22:27:37Z</time><extensions><speed>0.057285</speed><course>178.093631</course><hAcc>3.605680</hAcc><vAcc>1.019467</vAcc></extensions></trkpt>
      <trkpt lon="-77.063326" lat="38.905022"><ele>22.940999</ele><time>2024-04-08T22:27:38Z</time><extensions><speed>0.053138</speed><course>178.901369</course><hAcc>3.753378</hAcc><vAcc>0.984543</vAcc></extensions></trkpt>
      <trkpt lon="-77.063326" lat="38.905022"><ele>22.938158</ele><time>2024-04-08T22:27:39Z</time><extensions><speed>0.049482</speed><course>179.881436</course><hAcc>3.928220</hAcc><vAcc>0.940015</vAcc></extensions></trkpt>
      <trkpt lon="-77.063326" lat="38.905021"><ele>22.935894</ele><time>2024-04-08T22:27:40Z</time><extensions><speed>0.046652</speed><course>180.772457</course><hAcc>4.131828</hAcc><vAcc>0.888319</vAcc></extensions></trkpt>
      <trkpt lon="-77.063326" lat="38.905021"><ele>22.934263</ele><time>2024-04-08T22:27:41Z</time><extensions><speed>0.044739</speed><course>181.438269</course><hAcc>4.365207</hAcc><vAcc>0.834012</vAcc></extensions></trkpt>
      <trkpt lon="-77.063326" lat="38.905021"><ele>22.933327</ele><time>2024-04-08T22:27:42Z</time><extensions><speed>0.043610</speed><course>181.853363</course><hAcc>4.628714</hAcc><vAcc>0.785086</vAcc></extensions></trkpt>
      <trkpt lon="-77.063326" lat="38.905020"><ele>22.933158</ele><time>2024-04-08T22:27:43Z</time><extensions><speed>0.043112</speed><course>181.997652</course><hAcc>4.922068</hAcc><vAcc>0.754339</vAcc></extensions></trkpt>
      <trkpt lon="-77.063326" lat="38.905020"><ele>22.933836</ele><time>2024-04-08T22:27:44Z</time><extensions><speed>0.042889</speed><course>182.083134</course><hAcc>5.244475</hAcc><vAcc>0.758967</vAcc></extensions></trkpt>
      <trkpt lon="-77.063326" lat="38.905019"><ele>22.935189</ele><time>2024-04-08T22:27:45Z</time><extensions><speed>0.042828</speed><course>182.112193</course><hAcc>5.594776</hAcc><vAcc>0.814496</vAcc></extensions></trkpt>
      <trkpt lon="-77.063325" lat="38.905050"><ele>22.805320</ele><time>2024-04-08T22:29:04Z</time><extensions><speed>0.037879</speed><course>174.187220</course><hAcc>5.050771</hAcc><vAcc>2.536636</vAcc></extensions></trkpt>
      <trkpt lon="-77.063325" lat="38.905050"><ele>22.814753</ele><time>2024-04-08T22:29:05Z</time><extensions><speed>0.038055</speed><course>173.994120</course><hAcc>4.749285</hAcc><vAcc>2.377822</vAcc></extensions></trkpt>
      <trkpt lon="-77.063325" lat="38.905050"><ele>22.824217</ele><time>2024-04-08T22:29:06Z</time><extensions><speed>0.038273</speed><course>173.610752</course><hAcc>4.475165</hAcc><vAcc>2.238306</vAcc></extensions></trkpt>
      <trkpt lon="-77.063324" lat="38.905049"><ele>22.833553</ele><time>2024-04-08T22:29:07Z</time><extensions><speed>0.038704</speed><course>172.976903</course><hAcc>4.230558</hAcc><vAcc>2.118023</vAcc></extensions></trkpt>
      <trkpt lon="-77.063324" lat="38.905049"><ele>22.842757</ele><time>2024-04-08T22:29:08Z</time><extensions><speed>0.039062</speed><course>172.213777</course><hAcc>4.011825</hAcc><vAcc>2.014253</vAcc></extensions></trkpt>
      <trkpt lon="-77.063324" lat="38.905049"><ele>22.851642</ele><time>2024-04-08T22:29:09Z</time><extensions><speed>0.039092</speed><course>171.357959</course><hAcc>3.819760</hAcc><vAcc>1.926438</vAcc></extensions></trkpt>
      <trkpt lon="-77.063324" lat="38.905048"><ele>22.860449</ele><time>2024-04-08T22:29:10Z</time><extensions><speed>0.038997</speed><course>170.251147</course><hAcc>3.651823</hAcc><vAcc>1.852635</vAcc></extensions></trkpt>
      <trkpt lon="-77.063324" lat="38.905048"><ele>22.868984</ele><time>2024-04-08T22:29:11Z</time><extensions><speed>0.038631</speed><course>168.976153</course><hAcc>3.507238</hAcc><vAcc>1.791829</vAcc></extensions></trkpt>
      <trkpt lon="-77.063324" lat="38.905048"><ele>22.877702</ele><time>2024-04-08T22:29:12Z</time><extensions><speed>0.037983</speed><course>167.466161</course><hAcc>3.383545</hAcc><vAcc>1.742390</vAcc></extensions></trkpt>
      <trkpt lon="-77.063324" lat="38.905047"><ele>22.885533</ele><time>2024-04-08T22:29:13Z</time><extensions><speed>0.036988</speed><course>165.638590</course><hAcc>3.279739</hAcc><vAcc>1.703322</vAcc></extensions></trkpt>
      <trkpt lon="-77.063324" lat="38.905047"><ele>22.892995</ele><time>2024-04-08T22:29:14Z</time><extensions><speed>0.035719</speed><course>163.573330</course><hAcc>3.194698</hAcc><vAcc>1.673595</vAcc></extensions></trkpt>
      <trkpt lon="-77.063324" lat="38.905047"><ele>22.900345</ele><time>2024-04-08T22:29:15Z</time><extensions><speed>0.034451</speed><course>161.054851</course><hAcc>3.127401</hAcc><vAcc>1.652490</vAcc></extensions></trkpt>
      <trkpt lon="-77.063324" lat="38.905046"><ele>22.907340</ele><time>2024-04-08T22:29:16Z</time><extensions><speed>0.033134</speed><course>158.288181</course><hAcc>3.077398</hAcc><vAcc>1.639723</vAcc></extensions></trkpt>
      <trkpt lon="-77.063323" lat="38.905046"><ele>22.919841</ele><time>2024-04-08T22:29:17Z</time><extensions><speed>0.027654</speed><course>145.588292</course><hAcc>2.986471</hAcc><vAcc>1.608681</vAcc></extensions></trkpt>
      <trkpt lon="-77.063323" lat="38.905046"><ele>22.925390</ele><time>2024-04-08T22:29:18Z</time><extensions><speed>0.026089</speed><course>141.652452</course><hAcc>2.938695</hAcc><vAcc>1.587603</vAcc></extensions></trkpt>
      <trkpt lon="-77.063323" lat="38.905046"><ele>22.930665</ele><time>2024-04-08T22:29:19Z</time><extensions><speed>0.024707</speed><course>137.872648</course><hAcc>2.899813</hAcc><vAcc>1.571148</vAcc></extensions></trkpt>
      <trkpt lon="-77.063323" lat="38.905045"><ele>22.935351</ele><time>2024-04-08T22:29:20Z</time><extensions><speed>0.023355</speed><course>133.828668</course><hAcc>2.868471</hAcc><vAcc>1.558457</vAcc></extensions></trkpt>
      <trkpt lon="-77.063323" lat="38.905045"><ele>22.940246</ele><time>2024-04-08T22:29:21Z</time><extensions><speed>0.022450</speed><course>130.443011</course><hAcc>2.843326</hAcc><vAcc>1.548828</vAcc></extensions></trkpt>
      <trkpt lon="-77.063322" lat="38.905045"><ele>22.944683</ele><time>2024-04-08T22:29:22Z</time><extensions><speed>0.021502</speed><course>126.856402</course><hAcc>2.823274</hAcc><vAcc>1.541669</vAcc></extensions></trkpt>
      <trkpt lon="-77.063322" lat="38.905045"><ele>22.948797</ele><time>2024-04-08T22:29:24Z</time><extensions><speed>0.020615</speed><course>123.330815</course><hAcc>2.807370</hAcc><vAcc>1.536474</vAcc></extensions></trkpt>
      <trkpt lon="-77.063322" lat="38.905045"><ele>22.952882</ele><time>2024-04-08T22:29:25Z</time><extensions><speed>0.019704</speed><course>120.093442</course><hAcc>2.794507</hAcc><vAcc>1.532891</vAcc></extensions></trkpt>
      <trkpt lon="-77.063322" lat="38.905045"><ele>22.956885</ele><time>2024-04-08T22:29:26Z</time><extensions><speed>0.018991</speed><course>117.401975</course><hAcc>2.784166</hAcc><vAcc>1.530542</vAcc></extensions></trkpt>
      <trkpt lon="-77.063322" lat="38.905044"><ele>22.960890</ele><time>2024-04-08T22:29:27Z</time><extensions><speed>0.018290</speed><course>115.130349</course><hAcc>2.775736</hAcc><vAcc>1.529161</vAcc></extensions></trkpt>
      <trkpt lon="-77.063321" lat="38.905044"><ele>22.964893</ele><time>2024-04-08T22:29:28Z</time><extensions><speed>0.017542</speed><course>113.420478</course><hAcc>2.768858</hAcc><vAcc>1.528528</vAcc></extensions></trkpt>
      <trkpt lon="-77.063321" lat="38.905044"><ele>22.968884</ele><time>2024-04-08T22:29:29Z</time><extensions><speed>0.016834</speed><course>112.635574</course><hAcc>2.763206</hAcc><vAcc>1.528462</vAcc></extensions></trkpt>
      <trkpt lon="-77.063321" lat="38.905044"><ele>22.972951</ele><time>2024-04-08T22:29:30Z</time><extensions><speed>0.016033</speed><course>112.289466</course><hAcc>2.758516</hAcc><vAcc>1.528792</vAcc></extensions></trkpt>
      <trkpt lon="-77.063321" lat="38.905044"><ele>22.976873</ele><time>2024-04-08T22:29:31Z</time><extensions><speed>0.015223</speed><course>113.151266</course><hAcc>2.754560</hAcc><vAcc>1.529371</vAcc></extensions></trkpt>
      <trkpt lon="-77.063321" lat="38.905044"><ele>22.980731</ele><time>2024-04-08T22:29:32Z</time><extensions><speed>0.014479</speed><course>115.525921</course><hAcc>2.751227</hAcc><vAcc>1.530075</vAcc></extensions></trkpt>
      <trkpt lon="-77.063321" lat="38.905044"><ele>22.983800</ele><time>2024-04-08T22:29:33Z</time><extensions><speed>0.013936</speed><course>119.626504</course><hAcc>2.748410</hAcc><vAcc>1.530810</vAcc></extensions></trkpt>
      <trkpt lon="-77.063321" lat="38.905044"><ele>22.986782</ele><time>2024-04-08T22:29:34Z</time><extensions><speed>0.013475</speed><course>124.823504</course><hAcc>2.745931</hAcc><vAcc>1.531498</vAcc></extensions></trkpt>
      <trkpt lon="-77.063320" lat="38.905044"><ele>22.989446</ele><time>2024-04-08T22:29:35Z</time><extensions><speed>0.012850</speed><course>130.018243</course><hAcc>2.743535</hAcc><vAcc>1.532081</vAcc></extensions></trkpt>
      <trkpt lon="-77.063320" lat="38.905044"><ele>22.992223</ele><time>2024-04-08T22:29:36Z</time><extensions><speed>0.012417</speed><course>136.261218</course><hAcc>2.740989</hAcc><vAcc>1.532481</vAcc></extensions></trkpt>
      <trkpt lon="-77.063320" lat="38.905044"><ele>22.994633</ele><time>2024-04-08T22:29:37Z</time><extensions><speed>0.011972</speed><course>142.748452</course><hAcc>2.737922</hAcc><vAcc>1.532696</vAcc></extensions></trkpt>
      <trkpt lon="-77.063320" lat="38.905044"><ele>22.996717</ele><time>2024-04-08T22:29:38Z</time><extensions><speed>0.011599</speed><course>149.641793</course><hAcc>2.734423</hAcc><vAcc>1.532667</vAcc></extensions></trkpt>
      <trkpt lon="-77.063320" lat="38.905044"><ele>22.998437</ele><time>2024-04-08T22:29:39Z</time><extensions><speed>0.011282</speed><course>156.759121</course><hAcc>2.730684</hAcc><vAcc>1.532382</vAcc></extensions></trkpt>
      <trkpt lon="-77.063320" lat="38.905044"><ele>22.999863</ele><time>2024-04-08T22:29:40Z</time><extensions><speed>0.011048</speed><course>164.061365</course><hAcc>2.726736</hAcc><vAcc>1.531840</vAcc></extensions></trkpt>
      <trkpt lon="-77.063320" lat="38.905044"><ele>23.001057</ele><time>2024-04-08T22:29:41Z</time><extensions><speed>0.010752</speed><course>171.289855</course><hAcc>2.722762</hAcc><vAcc>1.531058</vAcc></extensions></trkpt>
      <trkpt lon="-77.063320" lat="38.905044"><ele>23.001871</ele><time>2024-04-08T22:29:42Z</time><extensions><speed>0.010505</speed><course>178.696607</course><hAcc>2.719172</hAcc><vAcc>1.530047</vAcc></extensions></trkpt>
      <trkpt lon="-77.063320" lat="38.905044"><ele>23.001942</ele><time>2024-04-08T22:29:43Z</time><extensions><speed>0.010530</speed><course>185.348684</course><hAcc>2.716359</hAcc><vAcc>1.528812</vAcc></extensions></trkpt>
      <trkpt lon="-77.063320" lat="38.905043"><ele>23.001706</ele><time>2024-04-08T22:29:44Z</time><extensions><speed>0.010738</speed><course>191.050782</course><hAcc>2.714621</hAcc><vAcc>1.527368</vAcc></extensions></trkpt>
      <trkpt lon="-77.063320" lat="38.905043"><ele>23.002338</ele><time>2024-04-08T22:29:45Z</time><extensions><speed>0.011104</speed><course>195.551391</course><hAcc>2.714102</hAcc><vAcc>1.525762</vAcc></extensions></trkpt>
      <trkpt lon="-77.063320" lat="38.905043"><ele>23.001826</ele><time>2024-04-08T22:29:46Z</time><extensions><speed>0.011234</speed><course>199.650517</course><hAcc>2.714603</hAcc><vAcc>1.524103</vAcc></extensions></trkpt>
      <trkpt lon="-77.063320" lat="38.905043"><ele>23.000941</ele><time>2024-04-08T22:29:47Z</time><extensions><speed>0.011387</speed><course>203.589071</course><hAcc>2.716175</hAcc><vAcc>1.522261</vAcc></extensions></trkpt>
      <trkpt lon="-77.063320" lat="38.905043"><ele>22.999745</ele><time>2024-04-08T22:29:48Z</time><extensions><speed>0.011366</speed><course>208.146463</course><hAcc>2.718324</hAcc><vAcc>1.520169</vAcc></extensions></trkpt>
      <trkpt lon="-77.063320" lat="38.905043"><ele>22.998238</ele><time>2024-04-08T22:29:49Z</time><extensions><speed>0.011344</speed><course>212.575113</course><hAcc>2.721167</hAcc><vAcc>1.517743</vAcc></extensions></trkpt>
      <trkpt lon="-77.063320" lat="38.905043"><ele>22.996359</ele><time>2024-04-08T22:29:50Z</time><extensions><speed>0.011295</speed><course>216.979014</course><hAcc>2.724556</hAcc><vAcc>1.514921</vAcc></extensions></trkpt>
      <trkpt lon="-77.063320" lat="38.905043"><ele>22.994200</ele><time>2024-04-08T22:29:51Z</time><extensions><speed>0.011216</speed><course>221.372192</course><hAcc>2.728338</hAcc><vAcc>1.511665</vAcc></extensions></trkpt>
      <trkpt lon="-77.063320" lat="38.905043"><ele>22.991741</ele><time>2024-04-08T22:29:52Z</time><extensions><speed>0.011074</speed><course>225.881756</course><hAcc>2.732383</hAcc><vAcc>1.507963</vAcc></extensions></trkpt>
      <trkpt lon="-77.063321" lat="38.905043"><ele>22.988984</ele><time>2024-04-08T22:29:53Z</time><extensions><speed>0.010910</speed><course>230.804282</course><hAcc>2.736599</hAcc><vAcc>1.503828</vAcc></extensions></trkpt>
      <trkpt lon="-77.063321" lat="38.905043"><ele>22.985988</ele><time>2024-04-08T22:29:54Z</time><extensions><speed>0.010603</speed><course>236.349358</course><hAcc>2.740954</hAcc><vAcc>1.499321</vAcc></extensions></trkpt>
      <trkpt lon="-77.063321" lat="38.905043"><ele>22.982786</ele><time>2024-04-08T22:29:55Z</time><extensions><speed>0.010297</speed><course>242.593841</course><hAcc>2.745513</hAcc><vAcc>1.494529</vAcc></extensions></trkpt>
      <trkpt lon="-77.063321" lat="38.905043"><ele>22.979300</ele><time>2024-04-08T22:29:56Z</time><extensions><speed>0.009880</speed><course>248.697649</course><hAcc>2.750462</hAcc><vAcc>1.489583</vAcc></extensions></trkpt>
      <trkpt lon="-77.063321" lat="38.905043"><ele>22.975730</ele><time>2024-04-08T22:29:57Z</time><extensions><speed>0.009432</speed><course>255.478050</course><hAcc>2.755967</hAcc><vAcc>1.484659</vAcc></extensions></trkpt>
      <trkpt lon="-77.063321" lat="38.905043"><ele>22.972089</ele><time>2024-04-08T22:29:58Z</time><extensions><speed>0.009089</speed><course>263.692178</course><hAcc>2.762114</hAcc><vAcc>1.479956</vAcc></extensions></trkpt>
      <trkpt lon="-77.063321" lat="38.905043"><ele>22.968310</ele><time>2024-04-08T22:29:59Z</time><extensions><speed>0.008864</speed><course>272.845145</course><hAcc>2.768947</hAcc><vAcc>1.475653</vAcc></extensions></trkpt>
      <trkpt lon="-77.063321" lat="38.905043"><ele>22.964688</ele><time>2024-04-08T22:30:00Z</time><extensions><speed>0.008963</speed><course>283.145057</course><hAcc>2.776465</hAcc><vAcc>1.471877</vAcc></extensions></trkpt>
      <trkpt lon="-77.063321" lat="38.905043"><ele>22.961147</ele><time>2024-04-08T22:30:01Z</time><extensions><speed>0.009368</speed><course>293.698735</course><hAcc>2.784831</hAcc><vAcc>1.468760</vAcc></extensions></trkpt>
      <trkpt lon="-77.063321" lat="38.905043"><ele>22.958003</ele><time>2024-04-08T22:30:02Z</time><extensions><speed>0.014259</speed><course>325.349731</course><hAcc>2.793726</hAcc><vAcc>1.466488</vAcc></extensions></trkpt>
      <trkpt lon="-77.063321" lat="38.905044"><ele>22.955057</ele><time>2024-04-08T22:30:03Z</time><extensions><speed>0.019949</speed><course>337.295483</course><hAcc>2.803869</hAcc><vAcc>1.465295</vAcc></extensions></trkpt>
      <trkpt lon="-77.063321" lat="38.905045"><ele>22.952404</ele><time>2024-04-08T22:30:04Z</time><extensions><speed>0.024930</speed><course>343.125612</course><hAcc>2.815435</hAcc><vAcc>1.465413</vAcc></extensions></trkpt>
      <trkpt lon="-77.063321" lat="38.905045"><ele>22.949800</ele><time>2024-04-08T22:30:05Z</time><extensions><speed>0.029062</speed><course>346.619907</course><hAcc>2.828606</hAcc><vAcc>1.467050</vAcc></extensions></trkpt>
      <trkpt lon="-77.063321" lat="38.905046"><ele>22.947486</ele><time>2024-04-08T22:30:06Z</time><extensions><speed>0.032299</speed><course>348.836292</course><hAcc>2.843750</hAcc><vAcc>1.470461</vAcc></extensions></trkpt>
      <trkpt lon="-77.063321" lat="38.905047"><ele>22.945464</ele><time>2024-04-08T22:30:07Z</time><extensions><speed>0.034269</speed><course>350.483821</course><hAcc>2.861400</hAcc><vAcc>1.476024</vAcc></extensions></trkpt>
      <trkpt lon="-77.063321" lat="38.905047"><ele>22.943708</ele><time>2024-04-08T22:30:08Z</time><extensions><speed>0.034954</speed><course>351.631087</course><hAcc>2.882182</hAcc><vAcc>1.484296</vAcc></extensions></trkpt>
      <trkpt lon="-77.063321" lat="38.905048"><ele>22.941138</ele><time>2024-04-08T22:30:10Z</time><extensions><speed>0.028554</speed><course>351.235642</course><hAcc>2.889809</hAcc><vAcc>1.478063</vAcc></extensions></trkpt>
      <trkpt lon="-77.063321" lat="38.905048"><ele>22.940344</ele><time>2024-04-08T22:30:11Z</time><extensions><speed>0.025488</speed><course>349.823599</course><hAcc>2.876899</hAcc><vAcc>1.463265</vAcc></extensions></trkpt>
      <trkpt lon="-77.063322" lat="38.905048"><ele>22.939677</ele><time>2024-04-08T22:30:12Z</time><extensions><speed>0.021401</speed><course>347.028350</course><hAcc>2.867540</hAcc><vAcc>1.450832</vAcc></extensions></trkpt>
      <trkpt lon="-77.063322" lat="38.905048"><ele>22.939078</ele><time>2024-04-08T22:30:13Z</time><extensions><speed>0.016198</speed><course>341.324520</course><hAcc>2.861413</hAcc><vAcc>1.440117</vAcc></extensions></trkpt>
      <trkpt lon="-77.063322" lat="38.905048"><ele>22.938484</ele><time>2024-04-08T22:30:14Z</time><extensions><speed>0.010020</speed><course>326.616658</course><hAcc>2.858232</hAcc><vAcc>1.430629</vAcc></extensions></trkpt>
      <trkpt lon="-77.063322" lat="38.905048"><ele>22.937817</ele><time>2024-04-08T22:30:15Z</time><extensions><speed>0.006069</speed><course>274.081051</course><hAcc>2.857698</hAcc><vAcc>1.421981</vAcc></extensions></trkpt>
      <trkpt lon="-77.063322" lat="38.905048"><ele>22.936991</ele><time>2024-04-08T22:30:16Z</time><extensions><speed>0.010791</speed><course>219.268572</course><hAcc>2.859485</hAcc><vAcc>1.413761</vAcc></extensions></trkpt>
      <trkpt lon="-77.063322" lat="38.905048"><ele>22.935922</ele><time>2024-04-08T22:30:16Z</time><extensions><speed>0.019607</speed><course>203.561749</course><hAcc>2.863270</hAcc><vAcc>1.405430</vAcc></extensions></trkpt>
      <trkpt lon="-77.063322" lat="38.905048"><ele>22.934539</ele><time>2024-04-08T22:30:17Z</time><extensions><speed>0.029739</speed><course>197.824043</course><hAcc>2.868814</hAcc><vAcc>1.396411</vAcc></extensions></trkpt>
      <trkpt lon="-77.063322" lat="38.905048"><ele>22.932779</ele><time>2024-04-08T22:30:18Z</time><extensions><speed>0.040763</speed><course>195.137746</course><hAcc>2.875937</hAcc><vAcc>1.386152</vAcc></extensions></trkpt>
      <trkpt lon="-77.063322" lat="38.905047"><ele>22.930596</ele><time>2024-04-08T22:30:19Z</time><extensions><speed>0.052561</speed><course>193.733763</course><hAcc>2.884563</hAcc><vAcc>1.374133</vAcc></extensions></trkpt>
      <trkpt lon="-77.063322" lat="38.905047"><ele>22.927954</ele><time>2024-04-08T22:30:20Z</time><extensions><speed>0.065067</speed><course>192.981310</course><hAcc>2.894738</hAcc><vAcc>1.359872</vAcc></extensions></trkpt>
      <trkpt lon="-77.063323" lat="38.905046"><ele>22.924825</ele><time>2024-04-08T22:30:21Z</time><extensions><speed>0.078380</speed><course>192.500365</course><hAcc>2.906619</hAcc><vAcc>1.342952</vAcc></extensions></trkpt>
      <trkpt lon="-77.063323" lat="38.905046"><ele>22.921173</ele><time>2024-04-08T22:30:22Z</time><extensions><speed>0.092574</speed><course>192.196617</course><hAcc>2.920475</hAcc><vAcc>1.323029</vAcc></extensions></trkpt>
      <trkpt lon="-77.063323" lat="38.905045"><ele>22.916952</ele><time>2024-04-08T22:30:23Z</time><extensions><speed>0.107464</speed><course>192.033627</course><hAcc>2.936684</hAcc><vAcc>1.299843</vAcc></extensions></trkpt>
      <trkpt lon="-77.063323" lat="38.905044"><ele>22.912116</ele><time>2024-04-08T22:30:24Z</time><extensions><speed>0.123247</speed><course>191.810926</course><hAcc>2.955631</hAcc><vAcc>1.273211</vAcc></extensions></trkpt>
      <trkpt lon="-77.063324" lat="38.905042"><ele>22.906653</ele><time>2024-04-08T22:30:25Z</time><extensions><speed>0.139777</speed><course>191.586378</course><hAcc>2.977625</hAcc><vAcc>1.243027</vAcc></extensions></trkpt>
      <trkpt lon="-77.063324" lat="38.905041"><ele>22.900596</ele><time>2024-04-08T22:30:26Z</time><extensions><speed>0.156824</speed><course>191.446562</course><hAcc>3.002890</hAcc><vAcc>1.209259</vAcc></extensions></trkpt>
      <trkpt lon="-77.063324" lat="38.905040"><ele>22.894011</ele><time>2024-04-08T22:30:27Z</time><extensions><speed>0.174467</speed><course>191.336863</course><hAcc>3.031561</hAcc><vAcc>1.171929</vAcc></extensions></trkpt>
      <trkpt lon="-77.063325" lat="38.905038"><ele>22.886977</ele><time>2024-04-08T22:30:28Z</time><extensions><speed>0.193657</speed><course>191.270823</course><hAcc>3.063845</hAcc><vAcc>1.131147</vAcc></extensions></trkpt>
      <trkpt lon="-77.063325" lat="38.905036"><ele>22.879565</ele><time>2024-04-08T22:30:29Z</time><extensions><speed>0.214673</speed><course>191.235574</course><hAcc>3.100334</hAcc><vAcc>1.087285</vAcc></extensions></trkpt>
      <trkpt lon="-77.063326" lat="38.905034"><ele>22.871838</ele><time>2024-04-08T22:30:30Z</time><extensions><speed>0.236861</speed><course>191.184170</course><hAcc>3.141891</hAcc><vAcc>1.041191</vAcc></extensions></trkpt>
      <trkpt lon="-77.063326" lat="38.905032"><ele>22.863860</ele><time>2024-04-08T22:30:31Z</time><extensions><speed>0.260355</speed><course>191.127512</course><hAcc>3.189434</hAcc><vAcc>0.994391</vAcc></extensions></trkpt>
      <trkpt lon="-77.063327" lat="38.905030"><ele>22.855683</ele><time>2024-04-08T22:30:32Z</time><extensions><speed>0.284938</speed><course>191.059735</course><hAcc>3.243940</hAcc><vAcc>0.949362</vAcc></extensions></trkpt>
      <trkpt lon="-77.063328" lat="38.905024"><ele>22.838760</ele><time>2024-04-08T22:30:34Z</time><extensions><speed>0.387935</speed><course>190.801214</course><hAcc>3.339272</hAcc><vAcc>0.842193</vAcc></extensions></trkpt>
      <trkpt lon="-77.063329" lat="38.905020"><ele>22.830103</ele><time>2024-04-08T22:30:35Z</time><extensions><speed>0.414730</speed><course>190.734836</course><hAcc>3.384247</hAcc><vAcc>0.781217</vAcc></extensions></trkpt>
      <trkpt lon="-77.063330" lat="38.905016"><ele>22.821542</ele><time>2024-04-08T22:30:36Z</time><extensions><speed>0.442259</speed><course>190.658640</course><hAcc>3.441166</hAcc><vAcc>0.730493</vAcc></extensions></trkpt>
      <trkpt lon="-77.063331" lat="38.905012"><ele>22.813326</ele><time>2024-04-08T22:30:37Z</time><extensions><speed>0.470414</speed><course>190.577099</course><hAcc>3.510205</hAcc><vAcc>0.690915</vAcc></extensions></trkpt>
      <trkpt lon="-77.063332" lat="38.905008"><ele>22.805789</ele><time>2024-04-08T22:30:38Z</time><extensions><speed>0.499176</speed><course>190.497511</course><hAcc>3.591586</hAcc><vAcc>0.660609</vAcc></extensions></trkpt>
      <trkpt lon="-77.063333" lat="38.905003"><ele>22.799345</ele><time>2024-04-08T22:30:39Z</time><extensions><speed>0.528404</speed><course>190.421625</course><hAcc>3.685557</hAcc><vAcc>0.635917</vAcc></extensions></trkpt>
      <trkpt lon="-77.063334" lat="38.904999"><ele>22.794522</ele><time>2024-04-08T22:30:40Z</time><extensions><speed>0.559330</speed><course>190.354028</course><hAcc>3.792516</hAcc><vAcc>0.612610</vAcc></extensions></trkpt>
      <trkpt lon="-77.063336" lat="38.904994"><ele>22.791921</ele><time>2024-04-08T22:30:41Z</time><extensions><speed>0.591334</speed><course>190.286761</course><hAcc>3.913040</hAcc><vAcc>0.587218</vAcc></extensions></trkpt>
      <trkpt lon="-77.063337" lat="38.904988"><ele>22.792189</ele><time>2024-04-08T22:30:42Z</time><extensions><speed>0.623955</speed><course>190.208600</course><hAcc>4.047628</hAcc><vAcc>0.558105</vAcc></extensions></trkpt>
      <trkpt lon="-77.063338" lat="38.904983"><ele>22.796038</ele><time>2024-04-08T22:30:43Z</time><extensions><speed>0.656728</speed><course>190.120081</course><hAcc>4.196646</hAcc><vAcc>0.525683</vAcc></extensions></trkpt>
      <trkpt lon="-77.063339" lat="38.904977"><ele>22.804261</ele><time>2024-04-08T22:30:44Z</time><extensions><speed>0.689243</speed><course>190.025193</course><hAcc>4.360330</hAcc><vAcc>0.492485</vAcc></extensions></trkpt>
      <trkpt lon="-77.063341" lat="38.904970"><ele>22.817820</ele><time>2024-04-08T22:30:45Z</time><extensions><speed>0.721131</speed><course>189.929972</course><hAcc>4.538816</hAcc><vAcc>0.462276</vAcc></extensions></trkpt>
      <trkpt lon="-77.063342" lat="38.904964"><ele>22.837997</ele><time>2024-04-08T22:30:46Z</time><extensions><speed>0.752124</speed><course>189.835014</course><hAcc>4.732169</hAcc><vAcc>0.438458</vAcc></extensions></trkpt>
      <trkpt lon="-77.063344" lat="38.904957"><ele>22.866349</ele><time>2024-04-08T22:30:47Z</time><extensions><speed>0.781990</speed><course>189.742134</course><hAcc>4.940417</hAcc><vAcc>0.424011</vAcc></extensions></trkpt>
      <trkpt lon="-77.063345" lat="38.904950"><ele>22.904734</ele><time>2024-04-08T22:30:48Z</time><extensions><speed>0.810481</speed><course>189.655485</course><hAcc>5.163569</hAcc><vAcc>0.422867</vAcc></extensions></trkpt>
      <trkpt lon="-77.063347" lat="38.904943"><ele>22.955184</ele><time>2024-04-08T22:30:49Z</time><extensions><speed>0.837386</speed><course>189.578412</course><hAcc>5.401632</hAcc><vAcc>0.440717</vAcc></extensions></trkpt>
      <trkpt lon="-77.063349" lat="38.904935"><ele>23.019456</ele><time>2024-04-08T22:30:50Z</time><extensions><speed>0.862590</speed><course>189.511896</course><hAcc>5.654634</hAcc><vAcc>0.484199</vAcc></extensions></trkpt>
      <trkpt lon="-77.063350" lat="38.904927"><ele>23.098649</ele><time>2024-04-08T22:30:51Z</time><extensions><speed>0.885958</speed><course>189.452664</course><hAcc>5.922624</hAcc><vAcc>0.558587</vAcc></extensions></trkpt>
      <trkpt lon="-77.063352" lat="38.904919"><ele>23.192734</ele><time>2024-04-08T22:30:52Z</time><extensions><speed>0.907314</speed><course>189.403111</course><hAcc>6.205673</hAcc><vAcc>0.665787</vAcc></extensions></trkpt>
      <trkpt lon="-77.063367" lat="38.904845"><ele>24.486628</ele><time>2024-04-08T22:30:59Z</time><extensions><speed>1.479353</speed><course>188.935108</course><hAcc>8.172683</hAcc><vAcc>1.787236</vAcc></extensions></trkpt>
      <trkpt lon="-77.063370" lat="38.904832"><ele>24.751601</ele><time>2024-04-08T22:31:00Z</time><extensions><speed>1.481836</speed><course>188.945995</course><hAcc>8.594318</hAcc><vAcc>2.047804</vAcc></extensions></trkpt>
      <trkpt lon="-77.063372" lat="38.904819"><ele>25.009767</ele><time>2024-04-08T22:31:01Z</time><extensions><speed>1.483088</speed><course>188.957718</course><hAcc>9.078687</hAcc><vAcc>2.318233</vAcc></extensions></trkpt>
      <trkpt lon="-77.063375" lat="38.904805"><ele>25.261226</ele><time>2024-04-08T22:31:02Z</time><extensions><speed>1.483474</speed><course>188.968369</course><hAcc>9.618352</hAcc><vAcc>2.595150</vAcc></extensions></trkpt>
      <trkpt lon="-77.063378" lat="38.904792"><ele>25.506573</ele><time>2024-04-08T22:31:03Z</time><extensions><speed>1.483318</speed><course>188.976742</course><hAcc>10.206613</hAcc><vAcc>2.877496</vAcc></extensions></trkpt>
      <trkpt lon="-77.063380" lat="38.904779"><ele>25.746731</ele><time>2024-04-08T22:31:04Z</time><extensions><speed>1.482895</speed><course>188.982305</course><hAcc>10.837600</hAcc><vAcc>3.165541</vAcc></extensions></trkpt>
      <trkpt lon="-77.063383" lat="38.904766"><ele>25.982884</ele><time>2024-04-08T22:31:05Z</time><extensions><speed>1.482431</speed><course>188.985122</course><hAcc>11.506257</hAcc><vAcc>3.460362</vAcc></extensions></trkpt>
      <trkpt lon="-77.063386" lat="38.904753"><ele>26.216473</ele><time>2024-04-08T22:31:06Z</time><extensions><speed>1.482128</speed><course>188.985884</course><hAcc>12.208269</hAcc><vAcc>3.763563</vAcc></extensions></trkpt>
      <trkpt lon="-77.063312" lat="38.904946"><ele>24.181636</ele><time>2024-04-08T22:31:51Z</time><extensions><speed>0.097699</speed><course>353.248777</course><hAcc>6.523636</hAcc><vAcc>2.719849</vAcc></extensions></trkpt>
      <trkpt lon="-77.063312" lat="38.904947"><ele>24.128437</ele><time>2024-04-08T22:31:52Z</time><extensions><speed>0.097768</speed><course>353.295950</course><hAcc>6.108090</hAcc><vAcc>2.507652</vAcc></extensions></trkpt>
      <trkpt lon="-77.063313" lat="38.904948"><ele>24.074879</ele><time>2024-04-08T22:31:53Z</time><extensions><speed>0.098150</speed><course>353.342488</course><hAcc>5.744419</hAcc><vAcc>2.321010</vAcc></extensions></trkpt>
      <trkpt lon="-77.063313" lat="38.904948"><ele>24.020923</ele><time>2024-04-08T22:31:54Z</time><extensions><speed>0.098276</speed><course>353.477105</course><hAcc>5.439071</hAcc><vAcc>2.161710</vAcc></extensions></trkpt>
      <trkpt lon="-77.063313" lat="38.904949"><ele>23.966589</ele><time>2024-04-08T22:31:55Z</time><extensions><speed>0.098697</speed><course>353.598016</course><hAcc>5.198970</hAcc><vAcc>2.032523</vAcc></extensions></trkpt>
      <trkpt lon="-77.063313" lat="38.904950"><ele>23.911891</ele><time>2024-04-08T22:31:56Z</time><extensions><speed>0.099193</speed><course>353.753865</course><hAcc>5.030820</hAcc><vAcc>1.937314</vAcc></extensions></trkpt>
      <trkpt lon="-77.063313" lat="38.904955"><ele>23.652303</ele><time>2024-04-08T22:32:01Z</time><extensions><speed>0.104229</speed><course>356.735584</course><hAcc>5.029586</hAcc><vAcc>1.773529</vAcc></extensions></trkpt>
      <trkpt lon="-77.063314" lat="38.904956"><ele>23.603775</ele><time>2024-04-08T22:32:02Z</time><extensions><speed>0.104124</speed><course>356.769148</course><hAcc>5.224284</hAcc><vAcc>1.817657</vAcc></extensions></trkpt>
      <trkpt lon="-77.063314" lat="38.904957"><ele>23.556082</ele><time>2024-04-08T22:32:03Z</time><extensions><speed>0.103929</speed><course>356.845561</course><hAcc>5.504628</hAcc><vAcc>1.909882</vAcc></extensions></trkpt>
      <trkpt lon="-77.063314" lat="38.904958"><ele>23.509172</ele><time>2024-04-08T22:32:04Z</time><extensions><speed>0.103826</speed><course>356.898318</course><hAcc>5.861493</hAcc><vAcc>2.045075</vAcc></extensions></trkpt>
      <trkpt lon="-77.063314" lat="38.904959"><ele>23.462926</ele><time>2024-04-08T22:32:05Z</time><extensions><speed>0.103839</speed><course>356.900887</course><hAcc>6.285382</hAcc><vAcc>2.218084</vAcc></extensions></trkpt>
      <trkpt lon="-77.063314" lat="38.904959"><ele>23.417137</ele><time>2024-04-08T22:32:06Z</time><extensions><speed>0.103858</speed><course>356.884841</course><hAcc>6.767248</hAcc><vAcc>2.424528</vAcc></extensions></trkpt>
      <trkpt lon="-77.063320" lat="38.904937"><ele>22.383233</ele><time>2024-04-08T22:35:47Z</time><extensions><speed>0.077280</speed><course>170.510889</course><hAcc>5.575445</hAcc><vAcc>2.159213</vAcc></extensions></trkpt>
      <trkpt lon="-77.063320" lat="38.904936"><ele>22.365674</ele><time>2024-04-08T22:35:48Z</time><extensions><speed>0.077569</speed><course>170.481705</course><hAcc>5.244969</hAcc><vAcc>1.992943</vAcc></extensions></trkpt>
      <trkpt lon="-77.063320" lat="38.904935"><ele>22.348110</ele><time>2024-04-08T22:35:49Z</time><extensions><speed>0.078123</speed><course>170.416676</course><hAcc>4.944147</hAcc><vAcc>1.845257</vAcc></extensions></trkpt>
      <trkpt lon="-77.063320" lat="38.904934"><ele>22.330704</ele><time>2024-04-08T22:35:50Z</time><extensions><speed>0.078805</speed><course>170.331373</course><hAcc>4.674626</hAcc><vAcc>1.714996</vAcc></extensions></trkpt>
      <trkpt lon="-77.063319" lat="38.904934"><ele>22.313645</ele><time>2024-04-08T22:35:51Z</time><extensions><speed>0.079569</speed><course>170.259604</course><hAcc>4.437752</hAcc><vAcc>1.600309</vAcc></extensions></trkpt>
      <trkpt lon="-77.063319" lat="38.904933"><ele>22.297285</ele><time>2024-04-08T22:35:52Z</time><extensions><speed>0.080611</speed><course>170.251620</course><hAcc>4.235945</hAcc><vAcc>1.499917</vAcc></extensions></trkpt>
      <trkpt lon="-77.063319" lat="38.904932"><ele>22.281359</ele><time>2024-04-08T22:35:53Z</time><extensions><speed>0.082418</speed><course>170.367969</course><hAcc>4.063091</hAcc><vAcc>1.408734</vAcc></extensions></trkpt>
      <trkpt lon="-77.063319" lat="38.904932"><ele>22.266421</ele><time>2024-04-08T22:35:54Z</time><extensions><speed>0.084654</speed><course>170.613616</course><hAcc>3.923136</hAcc><vAcc>1.326843</vAcc></extensions></trkpt>
      <trkpt lon="-77.063319" lat="38.904931"><ele>22.252198</ele><time>2024-04-08T22:35:55Z</time><extensions><speed>0.087424</speed><course>171.033109</course><hAcc>3.812341</hAcc><vAcc>1.249970</vAcc></extensions></trkpt>
      <trkpt lon="-77.063319" lat="38.904930"><ele>22.239275</ele><time>2024-04-08T22:35:56Z</time><extensions><speed>0.090548</speed><course>171.609897</course><hAcc>3.734171</hAcc><vAcc>1.179214</vAcc></extensions></trkpt>
      <trkpt lon="-77.063318" lat="38.904929"><ele>22.227243</ele><time>2024-04-08T22:35:57Z</time><extensions><speed>0.094466</speed><course>172.370235</course><hAcc>3.684971</hAcc><vAcc>1.110888</vAcc></extensions></trkpt>
      <trkpt lon="-77.063318" lat="38.904928"><ele>22.216508</ele><time>2024-04-08T22:35:58Z</time><extensions><speed>0.098860</speed><course>173.211114</course><hAcc>3.665617</hAcc><vAcc>1.046562</vAcc></extensions></trkpt>
      <trkpt lon="-77.063318" lat="38.904927"><ele>22.206980</ele><time>2024-04-08T22:35:59Z</time><extensions><speed>0.103760</speed><course>174.097180</course><hAcc>3.674756</hAcc><vAcc>0.986374</vAcc></extensions></trkpt>
      <trkpt lon="-77.063318" lat="38.904927"><ele>22.198741</ele><time>2024-04-08T22:36:00Z</time><extensions><speed>0.109092</speed><course>174.967929</course><hAcc>3.711212</hAcc><vAcc>0.932843</vAcc></extensions></trkpt>
      <trkpt lon="-77.063318" lat="38.904926"><ele>22.191763</ele><time>2024-04-08T22:36:01Z</time><extensions><speed>0.114845</speed><course>175.788144</course><hAcc>3.773544</hAcc><vAcc>0.889567</vAcc></extensions></trkpt>
      <trkpt lon="-77.063318" lat="38.904924"><ele>22.185940</ele><time>2024-04-08T22:36:02Z</time><extensions><speed>0.120953</speed><course>176.524375</course><hAcc>3.859748</hAcc><vAcc>0.861501</vAcc></extensions></trkpt>
      <trkpt lon="-77.063318" lat="38.904923"><ele>22.180883</ele><time>2024-04-08T22:36:03Z</time><extensions><speed>0.127617</speed><course>177.158990</course><hAcc>3.969332</hAcc><vAcc>0.853714</vAcc></extensions></trkpt>
      <trkpt lon="-77.063318" lat="38.904922"><ele>22.176125</ele><time>2024-04-08T22:36:04Z</time><extensions><speed>0.134368</speed><course>177.731528</course><hAcc>4.100736</hAcc><vAcc>0.871648</vAcc></extensions></trkpt>
      <trkpt lon="-77.063318" lat="38.904921"><ele>22.171182</ele><time>2024-04-08T22:36:05Z</time><extensions><speed>0.141081</speed><course>178.256202</course><hAcc>4.253205</hAcc><vAcc>0.917998</vAcc></extensions></trkpt>
      <trkpt lon="-77.063318" lat="38.904920"><ele>22.165947</ele><time>2024-04-08T22:36:06Z</time><extensions><speed>0.147896</speed><course>178.693497</course><hAcc>4.422817</hAcc><vAcc>0.989394</vAcc></extensions></trkpt>
      <trkpt lon="-77.063318" lat="38.904918"><ele>22.160312</ele><time>2024-04-08T22:36:07Z</time><extensions><speed>0.154688</speed><course>179.060114</course><hAcc>4.611557</hAcc><vAcc>1.082569</vAcc></extensions></trkpt>
      <trkpt lon="-77.063317" lat="38.904885"><ele>21.788303</ele><time>2024-04-08T22:36:25Z</time><extensions><speed>0.250990</speed><course>180.239210</course><hAcc>4.579643</hAcc><vAcc>1.481781</vAcc></extensions></trkpt>
      <trkpt lon="-77.063317" lat="38.904883"><ele>21.752737</ele><time>2024-04-08T22:36:26Z</time><extensions><speed>0.244692</speed><course>180.093861</course><hAcc>4.462962</hAcc><vAcc>1.449500</vAcc></extensions></trkpt>
      <trkpt lon="-77.063317" lat="38.904881"><ele>21.717532</ele><time>2024-04-08T22:36:27Z</time><extensions><speed>0.238298</speed><course>179.912769</course><hAcc>4.387035</hAcc><vAcc>1.429646</vAcc></extensions></trkpt>
      <trkpt lon="-77.063317" lat="38.904879"><ele>21.683285</ele><time>2024-04-08T22:36:28Z</time><extensions><speed>0.232095</speed><course>179.750642</course><hAcc>4.353974</hAcc><vAcc>1.422006</vAcc></extensions></trkpt>
      <trkpt lon="-77.063317" lat="38.904877"><ele>21.649487</ele><time>2024-04-08T22:36:29Z</time><extensions><speed>0.225840</speed><course>179.610034</course><hAcc>4.364337</hAcc><vAcc>1.426652</vAcc></extensions></trkpt>
      <trkpt lon="-77.063317" lat="38.904875"><ele>21.616951</ele><time>2024-04-08T22:36:29Z</time><extensions><speed>0.219815</speed><course>179.486732</course><hAcc>4.418326</hAcc><vAcc>1.444086</vAcc></extensions></trkpt>
      <trkpt lon="-77.063317" lat="38.904873"><ele>21.584996</ele><time>2024-04-08T22:36:30Z</time><extensions><speed>0.214682</speed><course>179.404988</course><hAcc>4.516836</hAcc><vAcc>1.475504</vAcc></extensions></trkpt>
      <trkpt lon="-77.063317" lat="38.904871"><ele>21.553907</ele><time>2024-04-08T22:36:31Z</time><extensions><speed>0.210937</speed><course>179.371001</course><hAcc>4.659118</hAcc><vAcc>1.521790</vAcc></extensions></trkpt>
      <trkpt lon="-77.063317" lat="38.904869"><ele>21.523590</ele><time>2024-04-08T22:36:32Z</time><extensions><speed>0.208681</speed><course>179.384339</course><hAcc>4.844927</hAcc><vAcc>1.584283</vAcc></extensions></trkpt>
      <trkpt lon="-77.063317" lat="38.904867"><ele>21.493932</ele><time>2024-04-08T22:36:33Z</time><extensions><speed>0.207253</speed><course>179.408190</course><hAcc>5.073740</hAcc><vAcc>1.664593</vAcc></extensions></trkpt>
      <trkpt lon="-77.063317" lat="38.904865"><ele>21.464809</ele><time>2024-04-08T22:36:34Z</time><extensions><speed>0.206427</speed><course>179.449093</course><hAcc>5.344309</hAcc><vAcc>1.764533</vAcc></extensions></trkpt>
      <trkpt lon="-77.063317" lat="38.904863"><ele>21.436124</ele><time>2024-04-08T22:36:35Z</time><extensions><speed>0.206003</speed><course>179.483584</course><hAcc>5.654365</hAcc><vAcc>1.885802</vAcc></extensions></trkpt>
      <trkpt lon="-77.063317" lat="38.904862"><ele>21.407660</ele><time>2024-04-08T22:36:36Z</time><extensions><speed>0.205839</speed><course>179.504006</course><hAcc>6.002409</hAcc><vAcc>2.030454</vAcc></extensions></trkpt>
      <trkpt lon="-77.063323" lat="38.904955"><ele>22.116561</ele><time>2024-04-08T22:37:36Z</time><extensions><speed>0.303084</speed><course>206.898231</course><hAcc>9.201910</hAcc><vAcc>1.307598</vAcc></extensions></trkpt>
      <trkpt lon="-77.063325" lat="38.904952"><ele>22.175010</ele><time>2024-04-08T22:37:37Z</time><extensions><speed>0.303367</speed><course>206.890033</course><hAcc>8.321960</hAcc><vAcc>1.089042</vAcc></extensions></trkpt>
      <trkpt lon="-77.063327" lat="38.904950"><ele>22.234103</ele><time>2024-04-08T22:37:38Z</time><extensions><speed>0.303835</speed><course>206.878341</course><hAcc>7.679880</hAcc><vAcc>0.896228</vAcc></extensions></trkpt>
      <trkpt lon="-77.063328" lat="38.904947"><ele>22.294233</ele><time>2024-04-08T22:37:39Z</time><extensions><speed>0.304409</speed><course>206.866787</course><hAcc>7.336317</hAcc><vAcc>0.736630</vAcc></extensions></trkpt>
      <trkpt lon="-77.063330" lat="38.904945"><ele>22.355823</ele><time>2024-04-08T22:37:40Z</time><extensions><speed>0.305058</speed><course>206.863326</course><hAcc>7.332318</hAcc><vAcc>0.624151</vAcc></extensions></trkpt>
      <trkpt lon="-77.063331" lat="38.904942"><ele>22.420039</ele><time>2024-04-08T22:37:41Z</time><extensions><speed>0.305703</speed><course>206.858549</course><hAcc>7.675153</hAcc><vAcc>0.581330</vAcc></extensions></trkpt>
      <trkpt lon="-77.063333" lat="38.904940"><ele>22.485037</ele><time>2024-04-08T22:37:42Z</time><extensions><speed>0.306221</speed><course>206.850655</course><hAcc>8.314273</hAcc><vAcc>0.626937</vAcc></extensions></trkpt>
      <trkpt lon="-77.063335" lat="38.904938"><ele>22.551112</ele><time>2024-04-08T22:37:43Z</time><extensions><speed>0.306548</speed><course>206.844224</course><hAcc>9.193356</hAcc><vAcc>0.752627</vAcc></extensions></trkpt>
      <trkpt lon="-77.063336" lat="38.904935"><ele>22.617019</ele><time>2024-04-08T22:37:44Z</time><extensions><speed>0.306629</speed><course>206.833596</course><hAcc>10.248807</hAcc><vAcc>0.935587</vAcc></extensions></trkpt>
      <trkpt lon="-77.063336" lat="38.905143"><ele>22.442920</ele><time>2024-04-08T22:38:14Z</time><extensions><speed>0.239568</speed><course>292.037426</course><hAcc>5.903465</hAcc><vAcc>1.105719</vAcc></extensions></trkpt>
      <trkpt lon="-77.063338" lat="38.905144"><ele>22.543871</ele><time>2024-04-08T22:38:15Z</time><extensions><speed>0.239244</speed><course>292.024603</course><hAcc>5.529646</hAcc><vAcc>0.961279</vAcc></extensions></trkpt>
      <trkpt lon="-77.063341" lat="38.905145"><ele>22.633645</ele><time>2024-04-08T22:38:16Z</time><extensions><speed>0.239212</speed><course>292.030786</course><hAcc>5.176000</hAcc><vAcc>0.840986</vAcc></extensions></trkpt>
      <trkpt lon="-77.063342" lat="38.905145"><ele>22.665322</ele><time>2024-04-08T22:38:16Z</time><extensions><speed>0.239165</speed><course>292.074587</course><hAcc>5.052413</hAcc><vAcc>0.802049</vAcc></extensions></trkpt>
      <trkpt lon="-77.063343" lat="38.905146"><ele>22.719079</ele><time>2024-04-08T22:38:17Z</time><extensions><speed>0.239259</speed><course>292.117928</course><hAcc>4.842857</hAcc><vAcc>0.741263</vAcc></extensions></trkpt>
      <trkpt lon="-77.063346" lat="38.905147"><ele>22.800192</ele><time>2024-04-08T22:38:18Z</time><extensions><speed>0.239202</speed><course>291.937831</course><hAcc>4.530788</hAcc><vAcc>0.662227</vAcc></extensions></trkpt>
      <trkpt lon="-77.063348" lat="38.905148"><ele>22.876067</ele><time>2024-04-08T22:38:19Z</time><extensions><speed>0.239697</speed><course>291.582448</course><hAcc>4.238644</hAcc><vAcc>0.601970</vAcc></extensions></trkpt>
      <trkpt lon="-77.063350" lat="38.905149"><ele>22.945362</ele><time>2024-04-08T22:38:20Z</time><extensions><speed>0.240817</speed><course>291.380924</course><hAcc>3.965760</hAcc><vAcc>0.561824</vAcc></extensions></trkpt>
      <trkpt lon="-77.063353" lat="38.905149"><ele>23.007260</ele><time>2024-04-08T22:38:21Z</time><extensions><speed>0.242415</speed><course>291.227126</course><hAcc>3.710882</hAcc><vAcc>0.542296</vAcc></extensions></trkpt>
      <trkpt lon="-77.063355" lat="38.905150"><ele>23.061276</ele><time>2024-04-08T22:38:22Z</time><extensions><speed>0.244398</speed><course>291.061972</course><hAcc>3.472776</hAcc><vAcc>0.543154</vAcc></extensions></trkpt>
      <trkpt lon="-77.063358" lat="38.905151"><ele>23.107104</ele><time>2024-04-08T22:38:23Z</time><extensions><speed>0.247105</speed><course>290.883619</course><hAcc>3.250073</hAcc><vAcc>0.565022</vAcc></extensions></trkpt>
      <trkpt lon="-77.063361" lat="38.905152"><ele>23.144844</ele><time>2024-04-08T22:38:24Z</time><extensions><speed>0.250578</speed><course>290.687213</course><hAcc>3.041303</hAcc><vAcc>0.608534</vAcc></extensions></trkpt>
      <trkpt lon="-77.063363" lat="38.905153"><ele>23.174720</ele><time>2024-04-08T22:38:25Z</time><extensions><speed>0.254553</speed><course>290.476123</course><hAcc>2.844947</hAcc><vAcc>0.671892</vAcc></extensions></trkpt>
      <trkpt lon="-77.063366" lat="38.905153"><ele>23.197143</ele><time>2024-04-08T22:38:26Z</time><extensions><speed>0.259083</speed><course>290.281462</course><hAcc>2.659453</hAcc><vAcc>0.750527</vAcc></extensions></trkpt>
      <trkpt lon="-77.063369" lat="38.905154"><ele>23.213562</ele><time>2024-04-08T22:38:27Z</time><extensions><speed>0.264456</speed><course>290.080700</course><hAcc>2.483291</hAcc><vAcc>0.838966</vAcc></extensions></trkpt>
      <trkpt lon="-77.063372" lat="38.905155"><ele>23.224541</ele><time>2024-04-08T22:38:28Z</time><extensions><speed>0.266560</speed><course>289.382657</course><hAcc>2.314904</hAcc><vAcc>0.932595</vAcc></extensions></trkpt>
      <trkpt lon="-77.063375" lat="38.905156"><ele>23.229940</ele><time>2024-04-08T22:38:29Z</time><extensions><speed>0.263094</speed><course>288.299463</course><hAcc>2.152770</hAcc><vAcc>1.028129</vAcc></extensions></trkpt>
      <trkpt lon="-77.063377" lat="38.905156"><ele>23.230905</ele><time>2024-04-08T22:38:30Z</time><extensions><speed>0.255355</speed><course>286.854567</course><hAcc>1.995736</hAcc><vAcc>1.123326</vAcc></extensions></trkpt>
      <trkpt lon="-77.063380" lat="38.905157"><ele>23.227405</ele><time>2024-04-08T22:38:31Z</time><extensions><speed>0.244241</speed><course>284.806519</course><hAcc>1.843241</hAcc><vAcc>1.216646</vAcc></extensions></trkpt>
      <trkpt lon="-77.063383" lat="38.905158"><ele>23.220989</ele><time>2024-04-08T22:38:32Z</time><extensions><speed>0.228938</speed><course>281.911100</course><hAcc>1.695538</hAcc><vAcc>1.306988</vAcc></extensions></trkpt>
      <trkpt lon="-77.063385" lat="38.905158"><ele>23.210984</ele><time>2024-04-08T22:38:33Z</time><extensions><speed>0.210019</speed><course>277.469974</course><hAcc>1.553925</hAcc><vAcc>1.393508</vAcc></extensions></trkpt>
      <trkpt lon="-77.063387" lat="38.905158"><ele>23.197850</ele><time>2024-04-08T22:38:34Z</time><extensions><speed>0.189674</speed><course>270.715257</course><hAcc>1.421159</hAcc><vAcc>1.475485</vAcc></extensions></trkpt>
      <trkpt lon="-77.063390" lat="38.905158"><ele>23.182029</ele><time>2024-04-08T22:38:35Z</time><extensions><speed>0.172635</speed><course>260.731677</course><hAcc>1.301826</hAcc><vAcc>1.552237</vAcc></extensions></trkpt>
      <trkpt lon="-77.063390" lat="38.905158"><ele>23.177461</ele><time>2024-04-08T22:38:35Z</time><extensions><speed>0.171269</speed><course>259.584713</course><hAcc>1.269467</hAcc><vAcc>1.575093</vAcc></extensions></trkpt>
      <trkpt lon="-77.063392" lat="38.905157"><ele>23.159553</ele><time>2024-04-08T22:38:36Z</time><extensions><speed>0.178029</speed><course>247.518583</course><hAcc>1.183272</hAcc><vAcc>1.648513</vAcc></extensions></trkpt>
      <trkpt lon="-77.063394" lat="38.905157"><ele>23.139752</ele><time>2024-04-08T22:38:37Z</time><extensions><speed>0.222932</speed><course>240.621609</course><hAcc>1.128686</hAcc><vAcc>1.715645</vAcc></extensions></trkpt>
      <trkpt lon="-77.063397" lat="38.905156"><ele>23.118202</ele><time>2024-04-08T22:38:38Z</time><extensions><speed>0.290858</speed><course>239.381898</course><hAcc>1.110206</hAcc><vAcc>1.776222</vAcc></extensions></trkpt>
      <trkpt lon="-77.063400" lat="38.905154"><ele>23.095054</ele><time>2024-04-08T22:38:39Z</time><extensions><speed>0.369400</speed><course>241.262973</course><hAcc>1.124442</hAcc><vAcc>1.829982</vAcc></extensions></trkpt>
      <trkpt lon="-77.063404" lat="38.905152"><ele>23.070368</ele><time>2024-04-08T22:38:40Z</time><extensions><speed>0.456726</speed><course>244.442305</course><hAcc>1.163542</hAcc><vAcc>1.876690</vAcc></extensions></trkpt>
      <trkpt lon="-77.063410" lat="38.905151"><ele>23.044282</ele><time>2024-04-08T22:38:41Z</time><extensions><speed>0.549912</speed><course>247.849095</course><hAcc>1.219512</hAcc><vAcc>1.916142</vAcc></extensions></trkpt>
      <trkpt lon="-77.063416" lat="38.905149"><ele>23.017212</ele><time>2024-04-08T22:38:42Z</time><extensions><speed>0.645882</speed><course>250.935053</course><hAcc>1.285279</hAcc><vAcc>1.948162</vAcc></extensions></trkpt>
      <trkpt lon="-77.063424" lat="38.905147"><ele>22.988364</ele><time>2024-04-08T22:38:43Z</time><extensions><speed>0.742654</speed><course>253.600316</course><hAcc>1.355313</hAcc><vAcc>1.972600</vAcc></extensions></trkpt>
      <trkpt lon="-77.063432" lat="38.905145"><ele>22.958639</ele><time>2024-04-08T22:38:44Z</time><extensions><speed>0.837778</speed><course>255.865641</course><hAcc>1.425700</hAcc><vAcc>1.989339</vAcc></extensions></trkpt>
      <trkpt lon="-77.063442" lat="38.905143"><ele>22.927576</ele><time>2024-04-08T22:38:45Z</time><extensions><speed>0.931221</speed><course>257.768880</course><hAcc>1.493889</hAcc><vAcc>1.998292</vAcc></extensions></trkpt>
      <trkpt lon="-77.063453" lat="38.905141"><ele>22.895362</ele><time>2024-04-08T22:38:46Z</time><extensions><speed>1.020789</speed><course>259.343795</course><hAcc>1.558483</hAcc><vAcc>1.999395</vAcc></extensions></trkpt>
      <trkpt lon="-77.063466" lat="38.905140"><ele>22.861872</ele><time>2024-04-08T22:38:47Z</time><extensions><speed>1.105919</speed><course>260.619535</course><hAcc>1.618617</hAcc><vAcc>1.992626</vAcc></extensions></trkpt>
      <trkpt lon="-77.063479" lat="38.905138"><ele>22.827562</ele><time>2024-04-08T22:38:48Z</time><extensions><speed>1.184270</speed><course>261.620782</course><hAcc>1.674108</hAcc><vAcc>1.978015</vAcc></extensions></trkpt>
      <trkpt lon="-77.063493" lat="38.905137"><ele>22.791795</ele><time>2024-04-08T22:38:49Z</time><extensions><speed>1.254568</speed><course>262.376087</course><hAcc>1.725032</hAcc><vAcc>1.955617</vAcc></extensions></trkpt>
      <trkpt lon="-77.063507" lat="38.905135"><ele>22.755153</ele><time>2024-04-08T22:38:50Z</time><extensions><speed>1.315332</speed><course>262.916648</course><hAcc>1.771839</hAcc><vAcc>1.925538</vAcc></extensions></trkpt>
      <trkpt lon="-77.063523" lat="38.905134"><ele>22.717539</ele><time>2024-04-08T22:38:51Z</time><extensions><speed>1.366925</speed><course>263.262192</course><hAcc>1.815332</hAcc><vAcc>1.887934</vAcc></extensions></trkpt>
      <trkpt lon="-77.063539" lat="38.905132"><ele>22.679199</ele><time>2024-04-08T22:38:52Z</time><extensions><speed>1.407619</speed><course>263.426711</course><hAcc>1.856636</hAcc><vAcc>1.843037</vAcc></extensions></trkpt>
      <trkpt lon="-77.063555" lat="38.905131"><ele>22.640009</ele><time>2024-04-08T22:38:53Z</time><extensions><speed>1.436533</speed><course>263.413170</course><hAcc>1.897055</hAcc><vAcc>1.791170</vAcc></extensions></trkpt>
      <trkpt lon="-77.063572" lat="38.905129"><ele>22.600034</ele><time>2024-04-08T22:38:54Z</time><extensions><speed>1.454549</speed><course>263.251150</course><hAcc>1.937778</hAcc><vAcc>1.732765</vAcc></extensions></trkpt>
      <trkpt lon="-77.063589" lat="38.905128"><ele>22.559277</ele><time>2024-04-08T22:38:55Z</time><extensions><speed>1.466058</speed><course>262.987806</course><hAcc>1.979520</hAcc><vAcc>1.668401</vAcc></extensions></trkpt>
      <trkpt lon="-77.063605" lat="38.905126"><ele>22.517743</ele><time>2024-04-08T22:38:56Z</time><extensions><speed>1.473990</speed><course>262.662354</course><hAcc>2.022530</hAcc><vAcc>1.598844</vAcc></extensions></trkpt>
      <trkpt lon="-77.063622" lat="38.905124"><ele>22.474755</ele><time>2024-04-08T22:38:57Z</time><extensions><speed>1.481605</speed><course>262.316947</course><hAcc>2.066718</hAcc><vAcc>1.525104</vAcc></extensions></trkpt>
      <trkpt lon="-77.063640" lat="38.905122"><ele>22.431878</ele><time>2024-04-08T22:38:58Z</time><extensions><speed>1.489954</speed><course>261.992526</course><hAcc>2.111694</hAcc><vAcc>1.448514</vAcc></extensions></trkpt>
      <trkpt lon="-77.063657" lat="38.905121"><ele>22.387375</ele><time>2024-04-08T22:38:59Z</time><extensions><speed>1.499934</speed><course>261.711803</course><hAcc>2.156803</hAcc><vAcc>1.370871</vAcc></extensions></trkpt>
      <trkpt lon="-77.063674" lat="38.905119"><ele>22.342052</ele><time>2024-04-08T22:39:00Z</time><extensions><speed>1.510844</speed><course>261.481225</course><hAcc>2.201324</hAcc><vAcc>1.294451</vAcc></extensions></trkpt>
      <trkpt lon="-77.063691" lat="38.905117"><ele>22.295745</ele><time>2024-04-08T22:39:01Z</time><extensions><speed>1.523217</speed><course>261.299226</course><hAcc>2.244537</hAcc><vAcc>1.222173</vAcc></extensions></trkpt>
      <trkpt lon="-77.063709" lat="38.905114"><ele>22.248412</ele><time>2024-04-08T22:39:02Z</time><extensions><speed>1.536139</speed><course>261.100706</course><hAcc>2.285567</hAcc><vAcc>1.157681</vAcc></extensions></trkpt>
      <trkpt lon="-77.063726" lat="38.905112"><ele>22.199928</ele><time>2024-04-08T22:39:03Z</time><extensions><speed>1.550217</speed><course>260.958458</course><hAcc>2.324029</hAcc><vAcc>1.105259</vAcc></extensions></trkpt>
      <trkpt lon="-77.063738" lat="38.905110"><ele>22.164830</ele><time>2024-04-08T22:39:04Z</time><extensions><speed>1.554117</speed><course>260.890827</course><hAcc>2.350904</hAcc><vAcc>1.078991</vAcc></extensions></trkpt>
      <trkpt lon="-77.063756" lat="38.905108"><ele>22.113928</ele><time>2024-04-08T22:39:05Z</time><extensions><speed>1.557989</speed><course>260.821234</course><hAcc>2.389702</hAcc><vAcc>1.057885</vAcc></extensions></trkpt>
      <trkpt lon="-77.063774" lat="38.905106"><ele>22.062620</ele><time>2024-04-08T22:39:06Z</time><extensions><speed>1.557181</speed><course>260.756118</course><hAcc>2.424076</hAcc><vAcc>1.055664</vAcc></extensions></trkpt>
      <trkpt lon="-77.063792" lat="38.905103"><ele>22.010939</ele><time>2024-04-08T22:39:07Z</time><extensions><speed>1.552017</speed><course>260.739092</course><hAcc>2.454214</hAcc><vAcc>1.070375</vAcc></extensions></trkpt>
      <trkpt lon="-77.063809" lat="38.905101"><ele>21.958983</ele><time>2024-04-08T22:39:08Z</time><extensions><speed>1.540652</speed><course>260.560387</course><hAcc>2.480315</hAcc><vAcc>1.098287</vAcc></extensions></trkpt>
      <trkpt lon="-77.063827" lat="38.905099"><ele>21.906841</ele><time>2024-04-08T22:39:09Z</time><extensions><speed>1.533200</speed><course>259.989439</course><hAcc>2.502083</hAcc><vAcc>1.135316</vAcc></extensions></trkpt>
      <trkpt lon="-77.063844" lat="38.905096"><ele>21.854618</ele><time>2024-04-08T22:39:10Z</time><extensions><speed>1.523227</speed><course>259.398497</course><hAcc>2.520117</hAcc><vAcc>1.177907</vAcc></extensions></trkpt>
      <trkpt lon="-77.063861" lat="38.905094"><ele>21.802435</ele><time>2024-04-08T22:39:11Z</time><extensions><speed>1.510853</speed><course>258.871953</course><hAcc>2.534987</hAcc><vAcc>1.223203</vAcc></extensions></trkpt>
      <trkpt lon="-77.063878" lat="38.905091"><ele>21.750430</ele><time>2024-04-08T22:39:12Z</time><extensions><speed>1.495532</speed><course>258.390081</course><hAcc>2.547245</hAcc><vAcc>1.269047</vAcc></extensions></trkpt>
      <trkpt lon="-77.063895" lat="38.905088"><ele>21.698758</ele><time>2024-04-08T22:39:13Z</time><extensions><speed>1.477839</speed><course>257.956916</course><hAcc>2.557408</hAcc><vAcc>1.313881</vAcc></extensions></trkpt>
      <trkpt lon="-77.063911" lat="38.905085"><ele>21.647574</ele><time>2024-04-08T22:39:14Z</time><extensions><speed>1.458226</speed><course>257.570935</course><hAcc>2.565952</hAcc><vAcc>1.356624</vAcc></extensions></trkpt>
      <trkpt lon="-77.063928" lat="38.905083"><ele>21.597028</ele><time>2024-04-08T22:39:15Z</time><extensions><speed>1.435733</speed><course>257.229840</course><hAcc>2.573304</hAcc><vAcc>1.396563</vAcc></extensions></trkpt>
      <trkpt lon="-77.063944" lat="38.905080"><ele>21.547260</ele><time>2024-04-08T22:39:16Z</time><extensions><speed>1.410346</speed><course>256.926228</course><hAcc>2.579827</hAcc><vAcc>1.433258</vAcc></extensions></trkpt>
      <trkpt lon="-77.063959" lat="38.905077"><ele>21.498401</ele><time>2024-04-08T22:39:17Z</time><extensions><speed>1.382596</speed><course>256.664223</course><hAcc>2.585850</hAcc><vAcc>1.466462</vAcc></extensions></trkpt>
      <trkpt lon="-77.063975" lat="38.905074"><ele>21.450550</ele><time>2024-04-08T22:39:18Z</time><extensions><speed>1.353189</speed><course>256.459900</course><hAcc>2.591653</hAcc><vAcc>1.496070</vAcc></extensions></trkpt>
      <trkpt lon="-77.063990" lat="38.905071"><ele>21.403762</ele><time>2024-04-08T22:39:19Z</time><extensions><speed>1.322037</speed><course>256.317195</course><hAcc>2.597424</hAcc><vAcc>1.522069</vAcc></extensions></trkpt>
      <trkpt lon="-77.064004" lat="38.905068"><ele>21.358062</ele><time>2024-04-08T22:39:20Z</time><extensions><speed>1.290449</speed><course>256.248382</course><hAcc>2.603233</hAcc><vAcc>1.544506</vAcc></extensions></trkpt>
      <trkpt lon="-77.064019" lat="38.905066"><ele>21.313457</ele><time>2024-04-08T22:39:21Z</time><extensions><speed>1.259843</speed><course>256.247546</course><hAcc>2.609054</hAcc><vAcc>1.563464</vAcc></extensions></trkpt>
      <trkpt lon="-77.064033" lat="38.905063"><ele>21.269946</ele><time>2024-04-08T22:39:22Z</time><extensions><speed>1.229186</speed><course>256.307784</course><hAcc>2.614813</hAcc><vAcc>1.579042</vAcc></extensions></trkpt>
      <trkpt lon="-77.064046" lat="38.905060"><ele>21.227511</ele><time>2024-04-08T22:39:23Z</time><extensions><speed>1.197717</speed><course>256.372229</course><hAcc>2.620405</hAcc><vAcc>1.591340</vAcc></extensions></trkpt>
      <trkpt lon="-77.064059" lat="38.905058"><ele>21.186134</ele><time>2024-04-08T22:39:24Z</time><extensions><speed>1.166115</speed><course>256.460810</course><hAcc>2.625836</hAcc><vAcc>1.600447</vAcc></extensions></trkpt>
      <trkpt lon="-77.064072" lat="38.905055"><ele>21.145806</ele><time>2024-04-08T22:39:25Z</time><extensions><speed>1.133043</speed><course>256.564683</course><hAcc>2.631175</hAcc><vAcc>1.606439</vAcc></extensions></trkpt>
      <trkpt lon="-77.064085" lat="38.905053"><ele>21.106533</ele><time>2024-04-08T22:39:26Z</time><extensions><speed>1.098679</speed><course>256.683023</course><hAcc>2.636531</hAcc><vAcc>1.609363</vAcc></extensions></trkpt>
      <trkpt lon="-77.064097" lat="38.905051"><ele>21.068328</ele><time>2024-04-08T22:39:27Z</time><extensions><speed>1.063072</speed><course>256.819994</course><hAcc>2.642058</hAcc><vAcc>1.609239</vAcc></extensions></trkpt>
      <trkpt lon="-77.064109" lat="38.905049"><ele>21.031221</ele><time>2024-04-08T22:39:28Z</time><extensions><speed>1.028294</speed><course>257.003856</course><hAcc>2.647934</hAcc><vAcc>1.606056</vAcc></extensions></trkpt>
      <trkpt lon="-77.064120" lat="38.905047"><ele>20.995251</ele><time>2024-04-08T22:39:29Z</time><extensions><speed>0.993781</speed><course>257.234252</course><hAcc>2.654348</hAcc><vAcc>1.599766</vAcc></extensions></trkpt>
      <trkpt lon="-77.064131" lat="38.905045"><ele>20.960472</ele><time>2024-04-08T22:39:30Z</time><extensions><speed>0.959598</speed><course>257.523279</course><hAcc>2.661501</hAcc><vAcc>1.590284</vAcc></extensions></trkpt>
      <trkpt lon="-77.064142" lat="38.905043"><ele>20.926948</ele><time>2024-04-08T22:39:31Z</time><extensions><speed>0.926008</speed><course>257.882355</course><hAcc>2.669605</hAcc><vAcc>1.577489</vAcc></extensions></trkpt>
      <trkpt lon="-77.064152" lat="38.905041"><ele>20.894748</ele><time>2024-04-08T22:39:32Z</time><extensions><speed>0.893152</speed><course>258.318061</course><hAcc>2.678898</hAcc><vAcc>1.561221</vAcc></extensions></trkpt>
      <trkpt lon="-77.064162" lat="38.905040"><ele>20.863951</ele><time>2024-04-08T22:39:33Z</time><extensions><speed>0.861606</speed><course>258.837291</course><hAcc>2.689684</hAcc><vAcc>1.541285</vAcc></extensions></trkpt>
      <trkpt lon="-77.064171" lat="38.905038"><ele>20.834632</ele><time>2024-04-08T22:39:34Z</time><extensions><speed>0.829714</speed><course>259.437269</course><hAcc>2.702372</hAcc><vAcc>1.517456</vAcc></extensions></trkpt>
      <trkpt lon="-77.064181" lat="38.905037"><ele>20.806872</ele><time>2024-04-08T22:39:35Z</time><extensions><speed>0.797779</speed><course>260.130919</course><hAcc>2.717485</hAcc><vAcc>1.489488</vAcc></extensions></trkpt>
      <trkpt lon="-77.064189" lat="38.905036"><ele>20.780753</ele><time>2024-04-08T22:39:36Z</time><extensions><speed>0.765300</speed><course>260.912542</course><hAcc>2.735676</hAcc><vAcc>1.457115</vAcc></extensions></trkpt>
      <trkpt lon="-77.064198" lat="38.905035"><ele>20.756357</ele><time>2024-04-08T22:39:37Z</time><extensions><speed>0.732016</speed><course>261.780655</course><hAcc>2.757783</hAcc><vAcc>1.420068</vAcc></extensions></trkpt>
      <trkpt lon="-77.064206" lat="38.905034"><ele>20.733773</ele><time>2024-04-08T22:39:38Z</time><extensions><speed>0.700228</speed><course>262.759095</course><hAcc>2.784858</hAcc><vAcc>1.378084</vAcc></extensions></trkpt>
      <trkpt lon="-77.064214" lat="38.905033"><ele>20.713097</ele><time>2024-04-08T22:39:39Z</time><extensions><speed>0.671546</speed><course>263.864938</course><hAcc>2.818160</hAcc><vAcc>1.330926</vAcc></extensions></trkpt>
      <trkpt lon="-77.064222" lat="38.905033"><ele>20.694441</ele><time>2024-04-08T22:39:40Z</time><extensions><speed>0.646199</speed><course>265.095766</course><hAcc>2.859049</hAcc><vAcc>1.278403</vAcc></extensions></trkpt>
      <trkpt lon="-77.064229" lat="38.905032"><ele>20.677939</ele><time>2024-04-08T22:39:41Z</time><extensions><speed>0.624411</speed><course>266.431538</course><hAcc>2.908896</hAcc><vAcc>1.220400</vAcc></extensions></trkpt>
      <trkpt lon="-77.064236" lat="38.905032"><ele>20.663755</ele><time>2024-04-08T22:39:42Z</time><extensions><speed>0.607156</speed><course>267.842432</course><hAcc>2.969166</hAcc><vAcc>1.156920</vAcc></extensions></trkpt>
      <trkpt lon="-77.064243" lat="38.905032"><ele>20.652086</ele><time>2024-04-08T22:39:43Z</time><extensions><speed>0.593942</speed><course>269.290923</course><hAcc>3.041467</hAcc><vAcc>1.088141</vAcc></extensions></trkpt>
      <trkpt lon="-77.064250" lat="38.905032"><ele>20.643160</ele><time>2024-04-08T22:39:44Z</time><extensions><speed>0.584410</speed><course>270.736384</course><hAcc>3.127459</hAcc><vAcc>1.014499</vAcc></extensions></trkpt>
      <trkpt lon="-77.064256" lat="38.905032"><ele>20.637232</ele><time>2024-04-08T22:39:45Z</time><extensions><speed>0.577988</speed><course>272.138820</course><hAcc>3.228803</hAcc><vAcc>0.936816</vAcc></extensions></trkpt>
      <trkpt lon="-77.064263" lat="38.905032"><ele>20.634576</ele><time>2024-04-08T22:39:46Z</time><extensions><speed>0.573661</speed><course>273.464628</course><hAcc>3.347050</hAcc><vAcc>0.856486</vAcc></extensions></trkpt>
      <trkpt lon="-77.064270" lat="38.905033"><ele>20.635483</ele><time>2024-04-08T22:39:47Z</time><extensions><speed>0.570816</speed><course>274.686965</course><hAcc>3.483573</hAcc><vAcc>0.775763</vAcc></extensions></trkpt>
      <trkpt lon="-77.064276" lat="38.905033"><ele>20.640275</ele><time>2024-04-08T22:39:48Z</time><extensions><speed>0.569180</speed><course>275.783959</course><hAcc>3.639587</hAcc><vAcc>0.698157</vAcc></extensions></trkpt>
      <trkpt lon="-77.064283" lat="38.905034"><ele>20.649284</ele><time>2024-04-08T22:39:49Z</time><extensions><speed>0.567917</speed><course>276.741269</course><hAcc>3.816126</hAcc><vAcc>0.628736</vAcc></extensions></trkpt>
      <trkpt lon="-77.064290" lat="38.905034"><ele>20.664235</ele><time>2024-04-08T22:39:50Z</time><extensions><speed>0.566400</speed><course>277.678258</course><hAcc>4.030591</hAcc><vAcc>0.569206</vAcc></extensions></trkpt>
      <trkpt lon="-77.064296" lat="38.905035"><ele>20.682606</ele><time>2024-04-08T22:39:51Z</time><extensions><speed>0.565766</speed><course>278.289524</course><hAcc>4.249742</hAcc><vAcc>0.535252</vAcc></extensions></trkpt>
      <trkpt lon="-77.064302" lat="38.905036"><ele>20.704376</ele><time>2024-04-08T22:39:52Z</time><extensions><speed>0.565411</speed><course>278.718902</course><hAcc>4.488909</hAcc><vAcc>0.527466</vAcc></extensions></trkpt>
      <trkpt lon="-77.064309" lat="38.905037"><ele>20.729099</ele><time>2024-04-08T22:39:53Z</time><extensions><speed>0.564096</speed><course>279.023816</course><hAcc>4.755458</hAcc><vAcc>0.550628</vAcc></extensions></trkpt>
      <trkpt lon="-77.064315" lat="38.905037"><ele>20.754896</ele><time>2024-04-08T22:39:54Z</time><extensions><speed>0.561445</speed><course>279.230802</course><hAcc>5.043204</hAcc><vAcc>0.609266</vAcc></extensions></trkpt>
      <trkpt lon="-77.064322" lat="38.905038"><ele>20.780554</ele><time>2024-04-08T22:39:55Z</time><extensions><speed>0.557748</speed><course>279.364028</course><hAcc>5.350274</hAcc><vAcc>0.704934</vAcc></extensions></trkpt>
      <trkpt lon="-77.064328" lat="38.905039"><ele>20.805997</ele><time>2024-04-08T22:39:56Z</time><extensions><speed>0.553402</speed><course>279.437764</course><hAcc>5.680421</hAcc><vAcc>0.836720</vAcc></extensions></trkpt>
      <trkpt lon="-77.064334" lat="38.905040"><ele>20.831479</ele><time>2024-04-08T22:39:57Z</time><extensions><speed>0.551601</speed><course>279.461385</course><hAcc>6.036972</hAcc><vAcc>1.001567</vAcc></extensions></trkpt>
    </trkseg>
  </trk>
</gpx>