<?xml version="1.0" encoding="UTF-8"?>
<gpx version="1.1" creator="Apple Health Export" xmlns="http://www.topografix.com/GPX/1/1" xmlns:xsi="http://www.w3.org/2001/XMLSchema-instance" xsi:schemaLocation="http://www.topografix.com/GPX/1/1 http://www.topografix.com/GPX/1/1/gpx.xsd">
  <metadata>
    <time>2026-04-21T05:05:51Z</time>
  </metadata>
  <trk>
    <name>Route 2023-07-23 7:26pm</name>
    <trkseg>
      <trkpt lon="-76.448016" lat="39.344474"><ele>22.502324</ele><time>2023-07-23T22:49:07Z</time><extensions><speed>0.074447</speed><course>327.556785</course><hAcc>1.760754</hAcc><vAcc>1.436175</vAcc></extensions></trkpt>
      <trkpt lon="-76.448016" lat="39.344475"><ele>22.812113</ele><time>2023-07-23T22:49:08Z</time><extensions><speed>0.134074</speed><course>333.599155</course><hAcc>1.581652</hAcc><vAcc>1.255450</vAcc></extensions></trkpt>
      <trkpt lon="-76.448017" lat="39.344477"><ele>23.130034</ele><time>2023-07-23T22:49:09Z</time><extensions><speed>0.259094</speed><course>347.800396</course><hAcc>1.477600</hAcc><vAcc>1.113499</vAcc></extensions></trkpt>
      <trkpt lon="-76.448018" lat="39.344479"><ele>23.438265</ele><time>2023-07-23T22:49:10Z</time><extensions><speed>0.253436</speed><course>338.315501</course><hAcc>1.419275</hAcc><vAcc>1.009524</vAcc></extensions></trkpt>
      <trkpt lon="-76.448019" lat="39.344482"><ele>23.737507</ele><time>2023-07-23T22:49:11Z</time><extensions><speed>0.405627</speed><course>344.108561</course><hAcc>1.368984</hAcc><vAcc>0.937408</vAcc></extensions></trkpt>
      <trkpt lon="-76.448020" lat="39.344485"><ele>24.017007</ele><time>2023-07-23T22:49:12Z</time><extensions><speed>0.434204</speed><course>348.872974</course><hAcc>1.374816</hAcc><vAcc>0.890819</vAcc></extensions></trkpt>
      <trkpt lon="-76.448021" lat="39.344489"><ele>24.266363</ele><time>2023-07-23T22:49:13Z</time><extensions><speed>0.352683</speed><course>352.179162</course><hAcc>1.424763</hAcc><vAcc>0.863558</vAcc></extensions></trkpt>
      <trkpt lon="-76.448022" lat="39.344492"><ele>24.498512</ele><time>2023-07-23T22:49:14Z</time><extensions><speed>0.258108</speed><course>348.690660</course><hAcc>1.484858</hAcc><vAcc>0.849996</vAcc></extensions></trkpt>
      <trkpt lon="-76.448022" lat="39.344494"><ele>24.691458</ele><time>2023-07-23T22:49:15Z</time><extensions><speed>0.233283</speed><course>347.638428</course><hAcc>1.539090</hAcc><vAcc>0.845393</vAcc></extensions></trkpt>
      <trkpt lon="-76.448023" lat="39.344496"><ele>24.840768</ele><time>2023-07-23T22:49:16Z</time><extensions><speed>0.229500</speed><course>345.625498</course><hAcc>1.583364</hAcc><vAcc>0.846048</vAcc></extensions></trkpt>
      <trkpt lon="-76.448024" lat="39.344498"><ele>24.956926</ele><time>2023-07-23T22:49:17Z</time><extensions><speed>0.197546</speed><course>340.113706</course><hAcc>1.624515</hAcc><vAcc>0.849340</vAcc></extensions></trkpt>
      <trkpt lon="-76.448025" lat="39.344499"><ele>25.046341</ele><time>2023-07-23T22:49:18Z</time><extensions><speed>0.149501</speed><course>328.146283</course><hAcc>1.654460</hAcc><vAcc>0.853573</vAcc></extensions></trkpt>
      <trkpt lon="-76.448026" lat="39.344500"><ele>25.110346</ele><time>2023-07-23T22:49:19Z</time><extensions><speed>0.116480</speed><course>305.553397</course><hAcc>1.663523</hAcc><vAcc>0.857739</vAcc></extensions></trkpt>
      <trkpt lon="-76.448027" lat="39.344501"><ele>25.150231</ele><time>2023-07-23T22:49:20Z</time><extensions><speed>0.114441</speed><course>277.852534</course><hAcc>1.652868</hAcc><vAcc>0.861307</vAcc></extensions></trkpt>
      <trkpt lon="-76.448028" lat="39.344500"><ele>25.167501</ele><time>2023-07-23T22:49:21Z</time><extensions><speed>0.119429</speed><course>256.114823</course><hAcc>1.638797</hAcc><vAcc>0.864058</vAcc></extensions></trkpt>
      <trkpt lon="-76.448030" lat="39.344500"><ele>25.164116</ele><time>2023-07-23T22:49:22Z</time><extensions><speed>0.121187</speed><course>240.184086</course><hAcc>1.617899</hAcc><vAcc>0.865967</vAcc></extensions></trkpt>
      <trkpt lon="-76.448031" lat="39.344499"><ele>25.179751</ele><time>2023-07-23T22:49:23Z</time><extensions><speed>0.109182</speed><course>211.831530</course><hAcc>1.606093</hAcc><vAcc>0.867117</vAcc></extensions></trkpt>
      <trkpt lon="-76.448032" lat="39.344499"><ele>25.205013</ele><time>2023-07-23T22:49:24Z</time><extensions><speed>0.138399</speed><course>308.534726</course><hAcc>1.593536</hAcc><vAcc>0.867641</vAcc></extensions></trkpt>
      <trkpt lon="-76.448035" lat="39.344502"><ele>25.042692</ele><time>2023-07-23T22:49:25Z</time><extensions><speed>0.562446</speed><course>325.228914</course><hAcc>1.595000</hAcc><vAcc>0.866481</vAcc></extensions></trkpt>
      <trkpt lon="-76.448039" lat="39.344507"><ele>24.875379</ele><time>2023-07-23T22:49:26Z</time><extensions><speed>0.744392</speed><course>326.993499</course><hAcc>1.574256</hAcc><vAcc>0.864848</vAcc></extensions></trkpt>
      <trkpt lon="-76.448043" lat="39.344512"><ele>24.699457</ele><time>2023-07-23T22:49:27Z</time><extensions><speed>0.660803</speed><course>326.185096</course><hAcc>1.544834</hAcc><vAcc>0.862681</vAcc></extensions></trkpt>
      <trkpt lon="-76.448047" lat="39.344515"><ele>24.511596</ele><time>2023-07-23T22:49:28Z</time><extensions><speed>0.325039</speed><course>314.725902</course><hAcc>1.526955</hAcc><vAcc>0.860113</vAcc></extensions></trkpt>
      <trkpt lon="-76.448049" lat="39.344517"><ele>24.307571</ele><time>2023-07-23T22:49:29Z</time><extensions><speed>0.154364</speed><course>298.468242</course><hAcc>1.540171</hAcc><vAcc>0.857213</vAcc></extensions></trkpt>
      <trkpt lon="-76.448050" lat="39.344517"><ele>24.089484</ele><time>2023-07-23T22:49:30Z</time><extensions><speed>0.110063</speed><course>280.869947</course><hAcc>1.545114</hAcc><vAcc>0.853967</vAcc></extensions></trkpt>
      <trkpt lon="-76.448051" lat="39.344517"><ele>23.859664</ele><time>2023-07-23T22:49:31Z</time><extensions><speed>0.103434</speed><course>270.293149</course><hAcc>1.551907</hAcc><vAcc>0.850409</vAcc></extensions></trkpt>
      <trkpt lon="-76.448052" lat="39.344517"><ele>23.619188</ele><time>2023-07-23T22:49:32Z</time><extensions><speed>0.103238</speed><course>263.814118</course><hAcc>1.569551</hAcc><vAcc>0.846610</vAcc></extensions></trkpt>
      <trkpt lon="-76.448053" lat="39.344517"><ele>23.366498</ele><time>2023-07-23T22:49:33Z</time><extensions><speed>0.085319</speed><course>250.011313</course><hAcc>1.594879</hAcc><vAcc>0.842116</vAcc></extensions></trkpt>
      <trkpt lon="-76.448054" lat="39.344517"><ele>23.106298</ele><time>2023-07-23T22:49:34Z</time><extensions><speed>0.071927</speed><course>206.475462</course><hAcc>1.613927</hAcc><vAcc>0.836628</vAcc></extensions></trkpt>
      <trkpt lon="-76.448054" lat="39.344516"><ele>22.839398</ele><time>2023-07-23T22:49:35Z</time><extensions><speed>0.125463</speed><course>161.879583</course><hAcc>1.633015</hAcc><vAcc>0.830931</vAcc></extensions></trkpt>
      <trkpt lon="-76.448053" lat="39.344514"><ele>22.569108</ele><time>2023-07-23T22:49:36Z</time><extensions><speed>0.210906</speed><course>149.267977</course><hAcc>1.688672</hAcc><vAcc>0.825411</vAcc></extensions></trkpt>
      <trkpt lon="-76.448052" lat="39.344512"><ele>22.302600</ele><time>2023-07-23T22:49:37Z</time><extensions><speed>0.326056</speed><course>153.142893</course><hAcc>1.740564</hAcc><vAcc>0.819543</vAcc></extensions></trkpt>
      <trkpt lon="-76.448050" lat="39.344509"><ele>22.044185</ele><time>2023-07-23T22:49:38Z</time><extensions><speed>0.504955</speed><course>159.573166</course><hAcc>1.762928</hAcc><vAcc>0.812830</vAcc></extensions></trkpt>
      <trkpt lon="-76.448048" lat="39.344505"><ele>21.793067</ele><time>2023-07-23T22:49:39Z</time><extensions><speed>0.395718</speed><course>157.692864</course><hAcc>1.798471</hAcc><vAcc>0.806047</vAcc></extensions></trkpt>
      <trkpt lon="-76.448047" lat="39.344502"><ele>21.554385</ele><time>2023-07-23T22:49:40Z</time><extensions><speed>0.333453</speed><course>163.802761</course><hAcc>1.831170</hAcc><vAcc>0.799233</vAcc></extensions></trkpt>
      <trkpt lon="-76.448046" lat="39.344499"><ele>21.329102</ele><time>2023-07-23T22:49:41Z</time><extensions><speed>0.307673</speed><course>176.520923</course><hAcc>1.851343</hAcc><vAcc>0.792287</vAcc></extensions></trkpt>
      <trkpt lon="-76.448046" lat="39.344496"><ele>21.113822</ele><time>2023-07-23T22:49:42Z</time><extensions><speed>0.338180</speed><course>189.780861</course><hAcc>1.856086</hAcc><vAcc>0.785223</vAcc></extensions></trkpt>
      <trkpt lon="-76.448047" lat="39.344494"><ele>20.912558</ele><time>2023-07-23T22:49:43Z</time><extensions><speed>0.253854</speed><course>215.770147</course><hAcc>1.870425</hAcc><vAcc>0.778208</vAcc></extensions></trkpt>
      <trkpt lon="-76.448049" lat="39.344492"><ele>20.725734</ele><time>2023-07-23T22:49:44Z</time><extensions><speed>0.207408</speed><course>243.982812</course><hAcc>1.885809</hAcc><vAcc>0.771497</vAcc></extensions></trkpt>
      <trkpt lon="-76.448051" lat="39.344492"><ele>20.553591</ele><time>2023-07-23T22:49:45Z</time><extensions><speed>0.167924</speed><course>270.775559</course><hAcc>1.886514</hAcc><vAcc>0.765424</vAcc></extensions></trkpt>
      <trkpt lon="-76.448052" lat="39.344492"><ele>20.396391</ele><time>2023-07-23T22:49:46Z</time><extensions><speed>0.119955</speed><course>299.155133</course><hAcc>1.860477</hAcc><vAcc>0.760237</vAcc></extensions></trkpt>
      <trkpt lon="-76.448052" lat="39.344493"><ele>20.254080</ele><time>2023-07-23T22:49:47Z</time><extensions><speed>0.209664</speed><course>16.230946</course><hAcc>1.811994</hAcc><vAcc>0.756225</vAcc></extensions></trkpt>
      <trkpt lon="-76.448050" lat="39.344495"><ele>20.126432</ele><time>2023-07-23T22:49:48Z</time><extensions><speed>0.322210</speed><course>38.023112</course><hAcc>1.706497</hAcc><vAcc>0.753698</vAcc></extensions></trkpt>
      <trkpt lon="-76.448048" lat="39.344497"><ele>20.013238</ele><time>2023-07-23T22:49:49Z</time><extensions><speed>0.292455</speed><course>52.259655</course><hAcc>1.618273</hAcc><vAcc>0.752823</vAcc></extensions></trkpt>
      <trkpt lon="-76.448046" lat="39.344497"><ele>19.927274</ele><time>2023-07-23T22:49:50Z</time><extensions><speed>0.124067</speed><course>73.118531</course><hAcc>1.603627</hAcc><vAcc>0.753499</vAcc></extensions></trkpt>
      <trkpt lon="-76.448046" lat="39.344496"><ele>19.854220</ele><time>2023-07-23T22:49:51Z</time><extensions><speed>0.051589</speed><course>101.998518</course><hAcc>1.596469</hAcc><vAcc>0.755522</vAcc></extensions></trkpt>
      <trkpt lon="-76.448045" lat="39.344496"><ele>19.793926</ele><time>2023-07-23T22:49:52Z</time><extensions><speed>0.099391</speed><course>117.411501</course><hAcc>1.541252</hAcc><vAcc>0.758685</vAcc></extensions></trkpt>
      <trkpt lon="-76.448044" lat="39.344495"><ele>19.752538</ele><time>2023-07-23T22:49:53Z</time><extensions><speed>0.176584</speed><course>124.239500</course><hAcc>1.453027</hAcc><vAcc>0.762722</vAcc></extensions></trkpt>
      <trkpt lon="-76.448043" lat="39.344495"><ele>19.719435</ele><time>2023-07-23T22:49:54Z</time><extensions><speed>0.110066</speed><course>132.740824</course><hAcc>1.438904</hAcc><vAcc>0.767337</vAcc></extensions></trkpt>
      <trkpt lon="-76.448042" lat="39.344494"><ele>19.698412</ele><time>2023-07-23T22:49:55Z</time><extensions><speed>0.060067</speed><course>147.847968</course><hAcc>1.450694</hAcc><vAcc>0.772300</vAcc></extensions></trkpt>
      <trkpt lon="-76.448042" lat="39.344494"><ele>19.687665</ele><time>2023-07-23T22:49:56Z</time><extensions><speed>0.039130</speed><course>167.940248</course><hAcc>1.463180</hAcc><vAcc>0.777394</vAcc></extensions></trkpt>
      <trkpt lon="-76.448042" lat="39.344493"><ele>19.696398</ele><time>2023-07-23T22:49:57Z</time><extensions><speed>0.040415</speed><course>186.809369</course><hAcc>1.474532</hAcc><vAcc>0.782149</vAcc></extensions></trkpt>
      <trkpt lon="-76.448042" lat="39.344493"><ele>19.711768</ele><time>2023-07-23T22:49:58Z</time><extensions><speed>0.053163</speed><course>204.788550</course><hAcc>1.487832</hAcc><vAcc>0.786804</vAcc></extensions></trkpt>
      <trkpt lon="-76.448043" lat="39.344492"><ele>19.730243</ele><time>2023-07-23T22:49:59Z</time><extensions><speed>0.283806</speed><course>213.901165</course><hAcc>1.449244</hAcc><vAcc>0.791107</vAcc></extensions></trkpt>
      <trkpt lon="-76.448045" lat="39.344489"><ele>19.761362</ele><time>2023-07-23T22:50:00Z</time><extensions><speed>0.344337</speed><course>221.702496</course><hAcc>1.496522</hAcc><vAcc>0.794844</vAcc></extensions></trkpt>
      <trkpt lon="-76.448048" lat="39.344488"><ele>19.792479</ele><time>2023-07-23T22:50:01Z</time><extensions><speed>0.268390</speed><course>236.037282</course><hAcc>1.590870</hAcc><vAcc>0.798037</vAcc></extensions></trkpt>
      <trkpt lon="-76.448051" lat="39.344487"><ele>19.811141</ele><time>2023-07-23T22:50:02Z</time><extensions><speed>0.187249</speed><course>259.980724</course><hAcc>1.669925</hAcc><vAcc>0.800763</vAcc></extensions></trkpt>
      <trkpt lon="-76.448052" lat="39.344487"><ele>19.832384</ele><time>2023-07-23T22:50:03Z</time><extensions><speed>0.161798</speed><course>287.633329</course><hAcc>1.718961</hAcc><vAcc>0.803045</vAcc></extensions></trkpt>
      <trkpt lon="-76.448054" lat="39.344487"><ele>19.852274</ele><time>2023-07-23T22:50:04Z</time><extensions><speed>0.174441</speed><course>303.311908</course><hAcc>1.746618</hAcc><vAcc>0.804910</vAcc></extensions></trkpt>
      <trkpt lon="-76.448056" lat="39.344488"><ele>19.869661</ele><time>2023-07-23T22:50:05Z</time><extensions><speed>0.184054</speed><course>311.072795</course><hAcc>1.763920</hAcc><vAcc>0.806455</vAcc></extensions></trkpt>
      <trkpt lon="-76.448057" lat="39.344490"><ele>19.882489</ele><time>2023-07-23T22:50:06Z</time><extensions><speed>0.183821</speed><course>318.402528</course><hAcc>1.775032</hAcc><vAcc>0.807695</vAcc></extensions></trkpt>
      <trkpt lon="-76.448059" lat="39.344491"><ele>19.891219</ele><time>2023-07-23T22:50:07Z</time><extensions><speed>0.168493</speed><course>323.467408</course><hAcc>1.781377</hAcc><vAcc>0.808557</vAcc></extensions></trkpt>
      <trkpt lon="-76.448060" lat="39.344492"><ele>19.893542</ele><time>2023-07-23T22:50:08Z</time><extensions><speed>0.099183</speed><course>328.974674</course><hAcc>1.787769</hAcc><vAcc>0.809273</vAcc></extensions></trkpt>
      <trkpt lon="-76.448060" lat="39.344492"><ele>19.899145</ele><time>2023-07-23T22:50:09Z</time><extensions><speed>0.034390</speed><course>103.984017</course><hAcc>1.780315</hAcc><vAcc>0.810080</vAcc></extensions></trkpt>
      <trkpt lon="-76.448058" lat="39.344492"><ele>19.903253</ele><time>2023-07-23T22:50:10Z</time><extensions><speed>0.212706</speed><course>126.318555</course><hAcc>1.755815</hAcc><vAcc>0.810832</vAcc></extensions></trkpt>
      <trkpt lon="-76.448056" lat="39.344489"><ele>19.897815</ele><time>2023-07-23T22:50:11Z</time><extensions><speed>0.477751</speed><course>143.003665</course><hAcc>1.749870</hAcc><vAcc>0.811383</vAcc></extensions></trkpt>
      <trkpt lon="-76.448052" lat="39.344485"><ele>19.895860</ele><time>2023-07-23T22:50:12Z</time><extensions><speed>0.590973</speed><course>151.087214</course><hAcc>1.740578</hAcc><vAcc>0.810997</vAcc></extensions></trkpt>
      <trkpt lon="-76.448050" lat="39.344480"><ele>19.881151</ele><time>2023-07-23T22:50:13Z</time><extensions><speed>0.663049</speed><course>161.320526</course><hAcc>1.740350</hAcc><vAcc>0.808755</vAcc></extensions></trkpt>
      <trkpt lon="-76.448048" lat="39.344475"><ele>19.862109</ele><time>2023-07-23T22:50:14Z</time><extensions><speed>0.543038</speed><course>176.119575</course><hAcc>1.740845</hAcc><vAcc>0.803816</vAcc></extensions></trkpt>
      <trkpt lon="-76.448048" lat="39.344472"><ele>19.852140</ele><time>2023-07-23T22:50:15Z</time><extensions><speed>0.166749</speed><course>187.803561</course><hAcc>1.740197</hAcc><vAcc>0.792979</vAcc></extensions></trkpt>
      <trkpt lon="-76.448048" lat="39.344471"><ele>19.829983</ele><time>2023-07-23T22:50:16Z</time><extensions><speed>0.039329</speed><course>288.067433</course><hAcc>1.730039</hAcc><vAcc>0.781725</vAcc></extensions></trkpt>
      <trkpt lon="-76.448049" lat="39.344472"><ele>19.809659</ele><time>2023-07-23T22:50:17Z</time><extensions><speed>0.120233</speed><course>345.623785</course><hAcc>1.734504</hAcc><vAcc>0.767269</vAcc></extensions></trkpt>
      <trkpt lon="-76.448049" lat="39.344473"><ele>19.788099</ele><time>2023-07-23T22:50:18Z</time><extensions><speed>0.206819</speed><course>356.182014</course><hAcc>1.752215</hAcc><vAcc>0.747996</vAcc></extensions></trkpt>
      <trkpt lon="-76.448049" lat="39.344476"><ele>19.811587</ele><time>2023-07-23T22:50:19Z</time><extensions><speed>0.292301</speed><course>358.933320</course><hAcc>1.776849</hAcc><vAcc>0.723190</vAcc></extensions></trkpt>
      <trkpt lon="-76.448049" lat="39.344478"><ele>19.756906</ele><time>2023-07-23T22:50:20Z</time><extensions><speed>0.361452</speed><course>359.345237</course><hAcc>1.806923</hAcc><vAcc>0.692885</vAcc></extensions></trkpt>
      <trkpt lon="-76.448049" lat="39.344482"><ele>19.700419</ele><time>2023-07-23T22:50:21Z</time><extensions><speed>0.399335</speed><course>0.723892</course><hAcc>1.846434</hAcc><vAcc>0.657587</vAcc></extensions></trkpt>
      <trkpt lon="-76.448049" lat="39.344486"><ele>19.638516</ele><time>2023-07-23T22:50:22Z</time><extensions><speed>0.405737</speed><course>2.522754</course><hAcc>1.901890</hAcc><vAcc>0.618325</vAcc></extensions></trkpt>
      <trkpt lon="-76.448049" lat="39.344489"><ele>19.556527</ele><time>2023-07-23T22:50:23Z</time><extensions><speed>0.368926</speed><course>5.605687</course><hAcc>1.983459</hAcc><vAcc>0.576716</vAcc></extensions></trkpt>
      <trkpt lon="-76.448048" lat="39.344492"><ele>19.471988</ele><time>2023-07-23T22:50:24Z</time><extensions><speed>0.295581</speed><course>8.320234</course><hAcc>2.084607</hAcc><vAcc>0.536280</vAcc></extensions></trkpt>
      <trkpt lon="-76.448048" lat="39.344494"><ele>19.376211</ele><time>2023-07-23T22:50:25Z</time><extensions><speed>0.217627</speed><course>11.323145</course><hAcc>2.182935</hAcc><vAcc>0.497185</vAcc></extensions></trkpt>
      <trkpt lon="-76.448047" lat="39.344497"><ele>19.269981</ele><time>2023-07-23T22:50:26Z</time><extensions><speed>0.185794</speed><course>16.445684</course><hAcc>2.261450</hAcc><vAcc>0.463019</vAcc></extensions></trkpt>
      <trkpt lon="-76.448047" lat="39.344499"><ele>19.162459</ele><time>2023-07-23T22:50:27Z</time><extensions><speed>0.200056</speed><course>19.665682</course><hAcc>2.313361</hAcc><vAcc>0.436324</vAcc></extensions></trkpt>
      <trkpt lon="-76.448046" lat="39.344501"><ele>19.056183</ele><time>2023-07-23T22:50:28Z</time><extensions><speed>0.224454</speed><course>20.050718</course><hAcc>2.357644</hAcc><vAcc>0.418683</vAcc></extensions></trkpt>
      <trkpt lon="-76.448045" lat="39.344503"><ele>18.961178</ele><time>2023-07-23T22:50:29Z</time><extensions><speed>0.237849</speed><course>19.152711</course><hAcc>2.391448</hAcc><vAcc>0.410947</vAcc></extensions></trkpt>
      <trkpt lon="-76.448044" lat="39.344505"><ele>18.884570</ele><time>2023-07-23T22:50:30Z</time><extensions><speed>0.280689</speed><course>15.070548</course><hAcc>2.380841</hAcc><vAcc>0.413429</vAcc></extensions></trkpt>
      <trkpt lon="-76.448044" lat="39.344508"><ele>18.832605</ele><time>2023-07-23T22:50:31Z</time><extensions><speed>0.307797</speed><course>6.568958</course><hAcc>2.342112</hAcc><vAcc>0.426016</vAcc></extensions></trkpt>
      <trkpt lon="-76.448044" lat="39.344511"><ele>18.792771</ele><time>2023-07-23T22:50:32Z</time><extensions><speed>0.352067</speed><course>357.049442</course><hAcc>2.270598</hAcc><vAcc>0.448025</vAcc></extensions></trkpt>
      <trkpt lon="-76.448044" lat="39.344514"><ele>18.755031</ele><time>2023-07-23T22:50:33Z</time><extensions><speed>0.451233</speed><course>349.876765</course><hAcc>2.171873</hAcc><vAcc>0.477516</vAcc></extensions></trkpt>
      <trkpt lon="-76.448046" lat="39.344519"><ele>18.745410</ele><time>2023-07-23T22:50:34Z</time><extensions><speed>0.592127</speed><course>346.254397</course><hAcc>2.073210</hAcc><vAcc>0.510351</vAcc></extensions></trkpt>
      <trkpt lon="-76.448047" lat="39.344525"><ele>18.750425</ele><time>2023-07-23T22:50:35Z</time><extensions><speed>0.730248</speed><course>345.110297</course><hAcc>1.991105</hAcc><vAcc>0.543626</vAcc></extensions></trkpt>
      <trkpt lon="-76.448050" lat="39.344531"><ele>18.766700</ele><time>2023-07-23T22:50:36Z</time><extensions><speed>0.784899</speed><course>343.405291</course><hAcc>1.926419</hAcc><vAcc>0.576240</vAcc></extensions></trkpt>
      <trkpt lon="-76.448052" lat="39.344538"><ele>18.784538</ele><time>2023-07-23T22:50:37Z</time><extensions><speed>0.691014</speed><course>341.071710</course><hAcc>1.891449</hAcc><vAcc>0.605014</vAcc></extensions></trkpt>
      <trkpt lon="-76.448055" lat="39.344543"><ele>18.807371</ele><time>2023-07-23T22:50:38Z</time><extensions><speed>0.620059</speed><course>340.806331</course><hAcc>1.869973</hAcc><vAcc>0.629325</vAcc></extensions></trkpt>
      <trkpt lon="-76.448057" lat="39.344548"><ele>18.831976</ele><time>2023-07-23T22:50:39Z</time><extensions><speed>0.564452</speed><course>343.574442</course><hAcc>1.859580</hAcc><vAcc>0.648846</vAcc></extensions></trkpt>
      <trkpt lon="-76.448058" lat="39.344553"><ele>18.854384</ele><time>2023-07-23T22:50:40Z</time><extensions><speed>0.481126</speed><course>348.087696</course><hAcc>1.857228</hAcc><vAcc>0.663521</vAcc></extensions></trkpt>
      <trkpt lon="-76.448059" lat="39.344557"><ele>18.874430</ele><time>2023-07-23T22:50:41Z</time><extensions><speed>0.360580</speed><course>354.514466</course><hAcc>1.855580</hAcc><vAcc>0.674026</vAcc></extensions></trkpt>
      <trkpt lon="-76.448059" lat="39.344559"><ele>18.898079</ele><time>2023-07-23T22:50:42Z</time><extensions><speed>0.240089</speed><course>6.469689</course><hAcc>1.863017</hAcc><vAcc>0.680346</vAcc></extensions></trkpt>
      <trkpt lon="-76.448059" lat="39.344561"><ele>18.925151</ele><time>2023-07-23T22:50:43Z</time><extensions><speed>0.153302</speed><course>27.089426</course><hAcc>1.881849</hAcc><vAcc>0.682787</vAcc></extensions></trkpt>
      <trkpt lon="-76.448058" lat="39.344562"><ele>18.949801</ele><time>2023-07-23T22:50:44Z</time><extensions><speed>0.150684</speed><course>49.624881</course><hAcc>1.883780</hAcc><vAcc>0.682155</vAcc></extensions></trkpt>
      <trkpt lon="-76.448056" lat="39.344563"><ele>18.974709</ele><time>2023-07-23T22:50:45Z</time><extensions><speed>0.181111</speed><course>53.941232</course><hAcc>1.890317</hAcc><vAcc>0.680902</vAcc></extensions></trkpt>
      <trkpt lon="-76.448054" lat="39.344564"><ele>19.000922</ele><time>2023-07-23T22:50:46Z</time><extensions><speed>0.237615</speed><course>43.354817</course><hAcc>1.892179</hAcc><vAcc>0.678681</vAcc></extensions></trkpt>
      <trkpt lon="-76.448052" lat="39.344566"><ele>19.026764</ele><time>2023-07-23T22:50:47Z</time><extensions><speed>0.315730</speed><course>30.150587</course><hAcc>1.886392</hAcc><vAcc>0.675452</vAcc></extensions></trkpt>
      <trkpt lon="-76.448051" lat="39.344569"><ele>19.052782</ele><time>2023-07-23T22:50:48Z</time><extensions><speed>0.361783</speed><course>18.549540</course><hAcc>1.878808</hAcc><vAcc>0.671117</vAcc></extensions></trkpt>
      <trkpt lon="-76.448050" lat="39.344572"><ele>19.079144</ele><time>2023-07-23T22:50:49Z</time><extensions><speed>0.361947</speed><course>7.199956</course><hAcc>1.877806</hAcc><vAcc>0.665637</vAcc></extensions></trkpt>
      <trkpt lon="-76.448050" lat="39.344575"><ele>19.105279</ele><time>2023-07-23T22:50:50Z</time><extensions><speed>0.327438</speed><course>355.104604</course><hAcc>1.887594</hAcc><vAcc>0.659306</vAcc></extensions></trkpt>
      <trkpt lon="-76.448050" lat="39.344578"><ele>19.135047</ele><time>2023-07-23T22:50:51Z</time><extensions><speed>0.284106</speed><course>341.801883</course><hAcc>1.905767</hAcc><vAcc>0.652865</vAcc></extensions></trkpt>
      <trkpt lon="-76.448052" lat="39.344580"><ele>19.167122</ele><time>2023-07-23T22:50:52Z</time><extensions><speed>0.246481</speed><course>331.132226</course><hAcc>1.920115</hAcc><vAcc>0.647352</vAcc></extensions></trkpt>
      <trkpt lon="-76.448053" lat="39.344582"><ele>19.195236</ele><time>2023-07-23T22:50:53Z</time><extensions><speed>0.176824</speed><course>322.950012</course><hAcc>1.930951</hAcc><vAcc>0.643574</vAcc></extensions></trkpt>
      <trkpt lon="-76.448054" lat="39.344583"><ele>19.225835</ele><time>2023-07-23T22:50:54Z</time><extensions><speed>0.073331</speed><course>303.055924</course><hAcc>1.939215</hAcc><vAcc>0.642798</vAcc></extensions></trkpt>
      <trkpt lon="-76.448054" lat="39.344583"><ele>19.255249</ele><time>2023-07-23T22:50:55Z</time><extensions><speed>0.055401</speed><course>196.302529</course><hAcc>1.939999</hAcc><vAcc>0.646190</vAcc></extensions></trkpt>
      <trkpt lon="-76.448054" lat="39.344582"><ele>19.280459</ele><time>2023-07-23T22:50:56Z</time><extensions><speed>0.076267</speed><course>167.853303</course><hAcc>1.932310</hAcc><vAcc>0.652814</vAcc></extensions></trkpt>
      <trkpt lon="-76.448054" lat="39.344582"><ele>19.301053</ele><time>2023-07-23T22:50:57Z</time><extensions><speed>0.040169</speed><course>155.197222</course><hAcc>1.913494</hAcc><vAcc>0.661376</vAcc></extensions></trkpt>
      <trkpt lon="-76.448054" lat="39.344581"><ele>19.328169</ele><time>2023-07-23T22:50:58Z</time><extensions><speed>0.020775</speed><course>294.505207</course><hAcc>1.888149</hAcc><vAcc>0.670523</vAcc></extensions></trkpt>
      <trkpt lon="-76.448055" lat="39.344582"><ele>19.355743</ele><time>2023-07-23T22:50:59Z</time><extensions><speed>0.076502</speed><course>296.142149</course><hAcc>1.878615</hAcc><vAcc>0.679143</vAcc></extensions></trkpt>
      <trkpt lon="-76.448056" lat="39.344582"><ele>19.385055</ele><time>2023-07-23T22:51:00Z</time><extensions><speed>0.092494</speed><course>288.763074</course><hAcc>1.882479</hAcc><vAcc>0.686647</vAcc></extensions></trkpt>
      <trkpt lon="-76.448057" lat="39.344582"><ele>19.414340</ele><time>2023-07-23T22:51:01Z</time><extensions><speed>0.069701</speed><course>289.394945</course><hAcc>1.884341</hAcc><vAcc>0.692591</vAcc></extensions></trkpt>
      <trkpt lon="-76.448057" lat="39.344582"><ele>19.431602</ele><time>2023-07-23T22:51:02Z</time><extensions><speed>0.051672</speed><course>323.381262</course><hAcc>1.879604</hAcc><vAcc>0.698335</vAcc></extensions></trkpt>
      <trkpt lon="-76.448057" lat="39.344583"><ele>19.438260</ele><time>2023-07-23T22:51:03Z</time><extensions><speed>0.103550</speed><course>358.843992</course><hAcc>1.879629</hAcc><vAcc>0.703711</vAcc></extensions></trkpt>
      <trkpt lon="-76.448057" lat="39.344585"><ele>19.431948</ele><time>2023-07-23T22:51:04Z</time><extensions><speed>0.200741</speed><course>3.538683</course><hAcc>1.869041</hAcc><vAcc>0.709040</vAcc></extensions></trkpt>
      <trkpt lon="-76.448057" lat="39.344587"><ele>19.431567</ele><time>2023-07-23T22:51:05Z</time><extensions><speed>0.290176</speed><course>1.672236</course><hAcc>1.861265</hAcc><vAcc>0.714459</vAcc></extensions></trkpt>
      <trkpt lon="-76.448057" lat="39.344589"><ele>19.430511</ele><time>2023-07-23T22:51:06Z</time><extensions><speed>0.188032</speed><course>336.241797</course><hAcc>1.863539</hAcc><vAcc>0.719840</vAcc></extensions></trkpt>
      <trkpt lon="-76.448059" lat="39.344591"><ele>19.436054</ele><time>2023-07-23T22:51:07Z</time><extensions><speed>0.272110</speed><course>316.140821</course><hAcc>1.832074</hAcc><vAcc>0.725080</vAcc></extensions></trkpt>
      <trkpt lon="-76.448061" lat="39.344592"><ele>19.446695</ele><time>2023-07-23T22:51:08Z</time><extensions><speed>0.271632</speed><course>321.015082</course><hAcc>1.832729</hAcc><vAcc>0.730269</vAcc></extensions></trkpt>
      <trkpt lon="-76.448062" lat="39.344594"><ele>19.459030</ele><time>2023-07-23T22:51:09Z</time><extensions><speed>0.156136</speed><course>358.180302</course><hAcc>1.850971</hAcc><vAcc>0.735708</vAcc></extensions></trkpt>
      <trkpt lon="-76.448062" lat="39.344596"><ele>19.479331</ele><time>2023-07-23T22:51:10Z</time><extensions><speed>0.255645</speed><course>15.386734</course><hAcc>1.848933</hAcc><vAcc>0.741760</vAcc></extensions></trkpt>
      <trkpt lon="-76.448061" lat="39.344599"><ele>19.506877</ele><time>2023-07-23T22:51:11Z</time><extensions><speed>0.494882</speed><course>10.507073</course><hAcc>1.814548</hAcc><vAcc>0.748654</vAcc></extensions></trkpt>
      <trkpt lon="-76.448060" lat="39.344605"><ele>19.542037</ele><time>2023-07-23T22:51:12Z</time><extensions><speed>0.802840</speed><course>4.175983</course><hAcc>1.784590</hAcc><vAcc>0.756357</vAcc></extensions></trkpt>
      <trkpt lon="-76.448060" lat="39.344612"><ele>19.582533</ele><time>2023-07-23T22:51:13Z</time><extensions><speed>0.861391</speed><course>357.644123</course><hAcc>1.784230</hAcc><vAcc>0.764528</vAcc></extensions></trkpt>
      <trkpt lon="-76.448060" lat="39.344620"><ele>19.629626</ele><time>2023-07-23T22:51:14Z</time><extensions><speed>0.855588</speed><course>353.504786</course><hAcc>1.773380</hAcc><vAcc>0.772715</vAcc></extensions></trkpt>
      <trkpt lon="-76.448062" lat="39.344627"><ele>19.683434</ele><time>2023-07-23T22:51:15Z</time><extensions><speed>0.761676</speed><course>351.206577</course><hAcc>1.753494</hAcc><vAcc>0.780530</vAcc></extensions></trkpt>
      <trkpt lon="-76.448063" lat="39.344633"><ele>19.743209</ele><time>2023-07-23T22:51:16Z</time><extensions><speed>0.554710</speed><course>350.184503</course><hAcc>1.742051</hAcc><vAcc>0.787728</vAcc></extensions></trkpt>
      <trkpt lon="-76.448064" lat="39.344636"><ele>19.814097</ele><time>2023-07-23T22:51:17Z</time><extensions><speed>0.159453</speed><course>351.835665</course><hAcc>1.727911</hAcc><vAcc>0.794152</vAcc></extensions></trkpt>
      <trkpt lon="-76.448064" lat="39.344637"><ele>19.887169</ele><time>2023-07-23T22:51:18Z</time><extensions><speed>0.042527</speed><course>165.272161</course><hAcc>1.716879</hAcc><vAcc>0.799726</vAcc></extensions></trkpt>
      <trkpt lon="-76.448063" lat="39.344636"><ele>19.965268</ele><time>2023-07-23T22:51:19Z</time><extensions><speed>0.132684</speed><course>166.312806</course><hAcc>1.712622</hAcc><vAcc>0.804457</vAcc></extensions></trkpt>
      <trkpt lon="-76.448063" lat="39.344635"><ele>20.044643</ele><time>2023-07-23T22:51:20Z</time><extensions><speed>0.155674</speed><course>161.817333</course><hAcc>1.707485</hAcc><vAcc>0.808402</vAcc></extensions></trkpt>
      <trkpt lon="-76.448062" lat="39.344633"><ele>20.123503</ele><time>2023-07-23T22:51:21Z</time><extensions><speed>0.161890</speed><course>155.109179</course><hAcc>1.688490</hAcc><vAcc>0.811642</vAcc></extensions></trkpt>
      <trkpt lon="-76.448061" lat="39.344632"><ele>20.191489</ele><time>2023-07-23T22:51:22Z</time><extensions><speed>0.145060</speed><course>148.091040</course><hAcc>1.689769</hAcc><vAcc>0.814257</vAcc></extensions></trkpt>
      <trkpt lon="-76.448060" lat="39.344631"><ele>20.254596</ele><time>2023-07-23T22:51:23Z</time><extensions><speed>0.100589</speed><course>140.588164</course><hAcc>1.722726</hAcc><vAcc>0.816320</vAcc></extensions></trkpt>
      <trkpt lon="-76.448060" lat="39.344631"><ele>20.312752</ele><time>2023-07-23T22:51:24Z</time><extensions><speed>0.098223</speed><course>131.948280</course><hAcc>1.722238</hAcc><vAcc>0.817939</vAcc></extensions></trkpt>
      <trkpt lon="-76.448059" lat="39.344630"><ele>20.362860</ele><time>2023-07-23T22:51:25Z</time><extensions><speed>0.136686</speed><course>125.712284</course><hAcc>1.693413</hAcc><vAcc>0.819193</vAcc></extensions></trkpt>
      <trkpt lon="-76.448057" lat="39.344629"><ele>20.406583</ele><time>2023-07-23T22:51:26Z</time><extensions><speed>0.161368</speed><course>122.229320</course><hAcc>1.693616</hAcc><vAcc>0.820158</vAcc></extensions></trkpt>
      <trkpt lon="-76.448055" lat="39.344628"><ele>20.443650</ele><time>2023-07-23T22:51:27Z</time><extensions><speed>0.171256</speed><course>121.080590</course><hAcc>1.711189</hAcc><vAcc>0.820900</vAcc></extensions></trkpt>
      <trkpt lon="-76.448054" lat="39.344628"><ele>20.473921</ele><time>2023-07-23T22:51:28Z</time><extensions><speed>0.165593</speed><course>120.507974</course><hAcc>1.727498</hAcc><vAcc>0.821471</vAcc></extensions></trkpt>
      <trkpt lon="-76.448052" lat="39.344627"><ele>20.497450</ele><time>2023-07-23T22:51:29Z</time><extensions><speed>0.157561</speed><course>119.405704</course><hAcc>1.737013</hAcc><vAcc>0.821915</vAcc></extensions></trkpt>
      <trkpt lon="-76.448051" lat="39.344626"><ele>20.514492</ele><time>2023-07-23T22:51:30Z</time><extensions><speed>0.155242</speed><course>118.913077</course><hAcc>1.741039</hAcc><vAcc>0.822267</vAcc></extensions></trkpt>
      <trkpt lon="-76.448049" lat="39.344625"><ele>20.525519</ele><time>2023-07-23T22:51:31Z</time><extensions><speed>0.157328</speed><course>119.605283</course><hAcc>1.740214</hAcc><vAcc>0.822548</vAcc></extensions></trkpt>
      <trkpt lon="-76.448047" lat="39.344625"><ele>20.524114</ele><time>2023-07-23T22:51:32Z</time><extensions><speed>0.153581</speed><course>123.522912</course><hAcc>1.734154</hAcc><vAcc>0.822751</vAcc></extensions></trkpt>
      <trkpt lon="-76.448046" lat="39.344624"><ele>20.508271</ele><time>2023-07-23T22:51:33Z</time><extensions><speed>0.140354</speed><course>129.968750</course><hAcc>1.723390</hAcc><vAcc>0.822859</vAcc></extensions></trkpt>
      <trkpt lon="-76.448045" lat="39.344623"><ele>20.486205</ele><time>2023-07-23T22:51:34Z</time><extensions><speed>0.123359</speed><course>137.018598</course><hAcc>1.713267</hAcc><vAcc>0.822932</vAcc></extensions></trkpt>
      <trkpt lon="-76.448044" lat="39.344622"><ele>20.458981</ele><time>2023-07-23T22:51:35Z</time><extensions><speed>0.103634</speed><course>143.287394</course><hAcc>1.703277</hAcc><vAcc>0.822960</vAcc></extensions></trkpt>
      <trkpt lon="-76.448043" lat="39.344621"><ele>20.427337</ele><time>2023-07-23T22:51:36Z</time><extensions><speed>0.086933</speed><course>148.574914</course><hAcc>1.688769</hAcc><vAcc>0.822934</vAcc></extensions></trkpt>
      <trkpt lon="-76.448043" lat="39.344621"><ele>20.397969</ele><time>2023-07-23T22:51:37Z</time><extensions><speed>0.071056</speed><course>153.667702</course><hAcc>1.677182</hAcc><vAcc>0.822877</vAcc></extensions></trkpt>
      <trkpt lon="-76.448043" lat="39.344620"><ele>20.366048</ele><time>2023-07-23T22:51:38Z</time><extensions><speed>0.063180</speed><course>159.250456</course><hAcc>1.671788</hAcc><vAcc>0.822689</vAcc></extensions></trkpt>
      <trkpt lon="-76.448043" lat="39.344620"><ele>20.329604</ele><time>2023-07-23T22:51:39Z</time><extensions><speed>0.056994</speed><course>164.369200</course><hAcc>1.681669</hAcc><vAcc>0.822471</vAcc></extensions></trkpt>
      <trkpt lon="-76.448042" lat="39.344619"><ele>20.285758</ele><time>2023-07-23T22:51:40Z</time><extensions><speed>0.063570</speed><course>168.921156</course><hAcc>1.686612</hAcc><vAcc>0.822237</vAcc></extensions></trkpt>
      <trkpt lon="-76.448042" lat="39.344619"><ele>20.243860</ele><time>2023-07-23T22:51:41Z</time><extensions><speed>0.063655</speed><course>174.095600</course><hAcc>1.698164</hAcc><vAcc>0.821979</vAcc></extensions></trkpt>
      <trkpt lon="-76.448042" lat="39.344618"><ele>20.199851</ele><time>2023-07-23T22:51:42Z</time><extensions><speed>0.064005</speed><course>184.886545</course><hAcc>1.684006</hAcc><vAcc>0.821713</vAcc></extensions></trkpt>
      <trkpt lon="-76.448042" lat="39.344618"><ele>20.160318</ele><time>2023-07-23T22:51:43Z</time><extensions><speed>0.038078</speed><course>224.467730</course><hAcc>1.692418</hAcc><vAcc>0.821446</vAcc></extensions></trkpt>
      <trkpt lon="-76.448043" lat="39.344618"><ele>20.122831</ele><time>2023-07-23T22:51:44Z</time><extensions><speed>0.057714</speed><course>297.399907</course><hAcc>1.717414</hAcc><vAcc>0.821193</vAcc></extensions></trkpt>
      <trkpt lon="-76.448044" lat="39.344618"><ele>20.088502</ele><time>2023-07-23T22:51:45Z</time><extensions><speed>0.114757</speed><course>316.798714</course><hAcc>1.738667</hAcc><vAcc>0.820993</vAcc></extensions></trkpt>
      <trkpt lon="-76.448045" lat="39.344619"><ele>20.060333</ele><time>2023-07-23T22:51:46Z</time><extensions><speed>0.166580</speed><course>321.302116</course><hAcc>1.751929</hAcc><vAcc>0.820836</vAcc></extensions></trkpt>
      <trkpt lon="-76.448046" lat="39.344621"><ele>20.035409</ele><time>2023-07-23T22:51:47Z</time><extensions><speed>0.181713</speed><course>320.197081</course><hAcc>1.756563</hAcc><vAcc>0.820739</vAcc></extensions></trkpt>
      <trkpt lon="-76.448047" lat="39.344622"><ele>20.017359</ele><time>2023-07-23T22:51:48Z</time><extensions><speed>0.163619</speed><course>315.084486</course><hAcc>1.753033</hAcc><vAcc>0.820711</vAcc></extensions></trkpt>
      <trkpt lon="-76.448049" lat="39.344623"><ele>20.007991</ele><time>2023-07-23T22:51:49Z</time><extensions><speed>0.135505</speed><course>305.469763</course><hAcc>1.752526</hAcc><vAcc>0.820759</vAcc></extensions></trkpt>
      <trkpt lon="-76.448050" lat="39.344623"><ele>20.010522</ele><time>2023-07-23T22:51:50Z</time><extensions><speed>0.126595</speed><course>293.871568</course><hAcc>1.748734</hAcc><vAcc>0.820879</vAcc></extensions></trkpt>
      <trkpt lon="-76.448052" lat="39.344624"><ele>20.025170</ele><time>2023-07-23T22:51:51Z</time><extensions><speed>0.130626</speed><course>284.381386</course><hAcc>1.739654</hAcc><vAcc>0.821058</vAcc></extensions></trkpt>
      <trkpt lon="-76.448053" lat="39.344624"><ele>20.049357</ele><time>2023-07-23T22:51:52Z</time><extensions><speed>0.136097</speed><course>276.653042</course><hAcc>1.726862</hAcc><vAcc>0.821268</vAcc></extensions></trkpt>
      <trkpt lon="-76.448055" lat="39.344624"><ele>20.083446</ele><time>2023-07-23T22:51:53Z</time><extensions><speed>0.140143</speed><course>271.463127</course><hAcc>1.714299</hAcc><vAcc>0.821506</vAcc></extensions></trkpt>
      <trkpt lon="-76.448056" lat="39.344624"><ele>20.129745</ele><time>2023-07-23T22:51:54Z</time><extensions><speed>0.132876</speed><course>268.349108</course><hAcc>1.722920</hAcc><vAcc>0.821752</vAcc></extensions></trkpt>
      <trkpt lon="-76.448058" lat="39.344624"><ele>20.185246</ele><time>2023-07-23T22:51:55Z</time><extensions><speed>0.104666</speed><course>266.006135</course><hAcc>1.750573</hAcc><vAcc>0.821997</vAcc></extensions></trkpt>
      <trkpt lon="-76.448059" lat="39.344624"><ele>20.250302</ele><time>2023-07-23T22:51:56Z</time><extensions><speed>0.137050</speed><course>264.290258</course><hAcc>1.722342</hAcc><vAcc>0.822232</vAcc></extensions></trkpt>
      <trkpt lon="-76.448061" lat="39.344624"><ele>20.324012</ele><time>2023-07-23T22:51:57Z</time><extensions><speed>0.152753</speed><course>264.227636</course><hAcc>1.711397</hAcc><vAcc>0.822453</vAcc></extensions></trkpt>
      <trkpt lon="-76.448063" lat="39.344623"><ele>20.404404</ele><time>2023-07-23T22:51:58Z</time><extensions><speed>0.163491</speed><course>264.608109</course><hAcc>1.720140</hAcc><vAcc>0.822673</vAcc></extensions></trkpt>
      <trkpt lon="-76.448065" lat="39.344623"><ele>20.490101</ele><time>2023-07-23T22:51:59Z</time><extensions><speed>0.172382</speed><course>264.226484</course><hAcc>1.731647</hAcc><vAcc>0.822865</vAcc></extensions></trkpt>
      <trkpt lon="-76.448067" lat="39.344623"><ele>20.579101</ele><time>2023-07-23T22:52:00Z</time><extensions><speed>0.176323</speed><course>263.975522</course><hAcc>1.740135</hAcc><vAcc>0.823041</vAcc></extensions></trkpt>
      <trkpt lon="-76.448069" lat="39.344623"><ele>20.670245</ele><time>2023-07-23T22:52:01Z</time><extensions><speed>0.173176</speed><course>264.861189</course><hAcc>1.744906</hAcc><vAcc>0.823201</vAcc></extensions></trkpt>
      <trkpt lon="-76.448071" lat="39.344623"><ele>20.761963</ele><time>2023-07-23T22:52:02Z</time><extensions><speed>0.164321</speed><course>266.743316</course><hAcc>1.746258</hAcc><vAcc>0.823347</vAcc></extensions></trkpt>
      <trkpt lon="-76.448073" lat="39.344623"><ele>20.855609</ele><time>2023-07-23T22:52:03Z</time><extensions><speed>0.152497</speed><course>268.367482</course><hAcc>1.745203</hAcc><vAcc>0.823476</vAcc></extensions></trkpt>
      <trkpt lon="-76.448074" lat="39.344623"><ele>20.947867</ele><time>2023-07-23T22:52:04Z</time><extensions><speed>0.138043</speed><course>268.358793</course><hAcc>1.742792</hAcc><vAcc>0.823592</vAcc></extensions></trkpt>
      <trkpt lon="-76.448076" lat="39.344623"><ele>21.031769</ele><time>2023-07-23T22:52:05Z</time><extensions><speed>0.121427</speed><course>266.202287</course><hAcc>1.738933</hAcc><vAcc>0.823695</vAcc></extensions></trkpt>
      <trkpt lon="-76.448077" lat="39.344623"><ele>21.103439</ele><time>2023-07-23T22:52:06Z</time><extensions><speed>0.103638</speed><course>261.584325</course><hAcc>1.736142</hAcc><vAcc>0.823787</vAcc></extensions></trkpt>
      <trkpt lon="-76.448078" lat="39.344622"><ele>21.161051</ele><time>2023-07-23T22:52:07Z</time><extensions><speed>0.087109</speed><course>254.020782</course><hAcc>1.739842</hAcc><vAcc>0.823865</vAcc></extensions></trkpt>
      <trkpt lon="-76.448079" lat="39.344622"><ele>21.207192</ele><time>2023-07-23T22:52:08Z</time><extensions><speed>0.072185</speed><course>243.801697</course><hAcc>1.749440</hAcc><vAcc>0.823931</vAcc></extensions></trkpt>
      <trkpt lon="-76.448080" lat="39.344622"><ele>21.239572</ele><time>2023-07-23T22:52:09Z</time><extensions><speed>0.072155</speed><course>232.265432</course><hAcc>1.740021</hAcc><vAcc>0.824007</vAcc></extensions></trkpt>
      <trkpt lon="-76.448080" lat="39.344621"><ele>21.260097</ele><time>2023-07-23T22:52:10Z</time><extensions><speed>0.067944</speed><course>221.500351</course><hAcc>1.736282</hAcc><vAcc>0.824081</vAcc></extensions></trkpt>
      <trkpt lon="-76.448081" lat="39.344621"><ele>21.273168</ele><time>2023-07-23T22:52:11Z</time><extensions><speed>0.057117</speed><course>211.257052</course><hAcc>1.738852</hAcc><vAcc>0.824140</vAcc></extensions></trkpt>
      <trkpt lon="-76.448081" lat="39.344621"><ele>21.280019</ele><time>2023-07-23T22:52:12Z</time><extensions><speed>0.040501</speed><course>195.214657</course><hAcc>1.741816</hAcc><vAcc>0.824196</vAcc></extensions></trkpt>
      <trkpt lon="-76.448081" lat="39.344620"><ele>21.282282</ele><time>2023-07-23T22:52:13Z</time><extensions><speed>0.030316</speed><course>155.422362</course><hAcc>1.742011</hAcc><vAcc>0.824252</vAcc></extensions></trkpt>
      <trkpt lon="-76.448081" lat="39.344620"><ele>21.271872</ele><time>2023-07-23T22:52:14Z</time><extensions><speed>0.041702</speed><course>110.597714</course><hAcc>1.738406</hAcc><vAcc>0.824309</vAcc></extensions></trkpt>
      <trkpt lon="-76.448080" lat="39.344620"><ele>21.252262</ele><time>2023-07-23T22:52:15Z</time><extensions><speed>0.062991</speed><course>90.493629</course><hAcc>1.729447</hAcc><vAcc>0.824367</vAcc></extensions></trkpt>
      <trkpt lon="-76.448079" lat="39.344620"><ele>21.227873</ele><time>2023-07-23T22:52:16Z</time><extensions><speed>0.078990</speed><course>80.063428</course><hAcc>1.714272</hAcc><vAcc>0.824424</vAcc></extensions></trkpt>
      <trkpt lon="-76.448078" lat="39.344620"><ele>21.201646</ele><time>2023-07-23T22:52:17Z</time><extensions><speed>0.085675</speed><course>71.341123</course><hAcc>1.697028</hAcc><vAcc>0.824480</vAcc></extensions></trkpt>
      <trkpt lon="-76.448077" lat="39.344620"><ele>21.171573</ele><time>2023-07-23T22:52:18Z</time><extensions><speed>0.082540</speed><course>62.817408</course><hAcc>1.693505</hAcc><vAcc>0.824527</vAcc></extensions></trkpt>
      <trkpt lon="-76.448077" lat="39.344621"><ele>21.143465</ele><time>2023-07-23T22:52:19Z</time><extensions><speed>0.064606</speed><course>54.897931</course><hAcc>1.718945</hAcc><vAcc>0.824569</vAcc></extensions></trkpt>
      <trkpt lon="-76.448076" lat="39.344621"><ele>21.115882</ele><time>2023-07-23T22:52:20Z</time><extensions><speed>0.052449</speed><course>48.520872</course><hAcc>1.731317</hAcc><vAcc>0.824604</vAcc></extensions></trkpt>
      <trkpt lon="-76.448075" lat="39.344621"><ele>21.089708</ele><time>2023-07-23T22:52:21Z</time><extensions><speed>0.061460</speed><course>47.729598</course><hAcc>1.697761</hAcc><vAcc>0.824629</vAcc></extensions></trkpt>
      <trkpt lon="-76.448075" lat="39.344622"><ele>21.076388</ele><time>2023-07-23T22:52:22Z</time><extensions><speed>0.054801</speed><course>54.795372</course><hAcc>1.692179</hAcc><vAcc>0.824640</vAcc></extensions></trkpt>
      <trkpt lon="-76.448074" lat="39.344622"><ele>21.069908</ele><time>2023-07-23T22:52:23Z</time><extensions><speed>0.045325</speed><course>70.648606</course><hAcc>1.708519</hAcc><vAcc>0.824638</vAcc></extensions></trkpt>
      <trkpt lon="-76.448074" lat="39.344622"><ele>21.065057</ele><time>2023-07-23T22:52:24Z</time><extensions><speed>0.035416</speed><course>95.365092</course><hAcc>1.725873</hAcc><vAcc>0.824632</vAcc></extensions></trkpt>
      <trkpt lon="-76.448074" lat="39.344622"><ele>21.054229</ele><time>2023-07-23T22:52:25Z</time><extensions><speed>0.028710</speed><course>135.179748</course><hAcc>1.737327</hAcc><vAcc>0.824621</vAcc></extensions></trkpt>
      <trkpt lon="-76.448074" lat="39.344622"><ele>21.046212</ele><time>2023-07-23T22:52:26Z</time><extensions><speed>0.026191</speed><course>177.464461</course><hAcc>1.743508</hAcc><vAcc>0.824616</vAcc></extensions></trkpt>
      <trkpt lon="-76.448074" lat="39.344622"><ele>21.033195</ele><time>2023-07-23T22:52:27Z</time><extensions><speed>0.026931</speed><course>217.096943</course><hAcc>1.746421</hAcc><vAcc>0.824626</vAcc></extensions></trkpt>
      <trkpt lon="-76.448074" lat="39.344621"><ele>21.014771</ele><time>2023-07-23T22:52:28Z</time><extensions><speed>0.032968</speed><course>243.164902</course><hAcc>1.747096</hAcc><vAcc>0.824608</vAcc></extensions></trkpt>
      <trkpt lon="-76.448074" lat="39.344621"><ele>20.991899</ele><time>2023-07-23T22:52:29Z</time><extensions><speed>0.039811</speed><course>263.939529</course><hAcc>1.745928</hAcc><vAcc>0.824612</vAcc></extensions></trkpt>
      <trkpt lon="-76.448075" lat="39.344621"><ele>20.971247</ele><time>2023-07-23T22:52:30Z</time><extensions><speed>0.050868</speed><course>289.085726</course><hAcc>1.743379</hAcc><vAcc>0.824594</vAcc></extensions></trkpt>
      <trkpt lon="-76.448075" lat="39.344622"><ele>20.942529</ele><time>2023-07-23T22:52:31Z</time><extensions><speed>0.072021</speed><course>311.791275</course><hAcc>1.738126</hAcc><vAcc>0.824575</vAcc></extensions></trkpt>
      <trkpt lon="-76.448076" lat="39.344622"><ele>20.908639</ele><time>2023-07-23T22:52:32Z</time><extensions><speed>0.109491</speed><course>332.793494</course><hAcc>1.728857</hAcc><vAcc>0.824548</vAcc></extensions></trkpt>
      <trkpt lon="-76.448076" lat="39.344624"><ele>20.867935</ele><time>2023-07-23T22:52:33Z</time><extensions><speed>0.183313</speed><course>348.200744</course><hAcc>1.717117</hAcc><vAcc>0.824513</vAcc></extensions></trkpt>
      <trkpt lon="-76.448077" lat="39.344626"><ele>20.815601</ele><time>2023-07-23T22:52:34Z</time><extensions><speed>0.315214</speed><course>355.032023</course><hAcc>1.710307</hAcc><vAcc>0.824465</vAcc></extensions></trkpt>
      <trkpt lon="-76.448077" lat="39.344630"><ele>20.753340</ele><time>2023-07-23T22:52:35Z</time><extensions><speed>0.540675</speed><course>356.112740</course><hAcc>1.716158</hAcc><vAcc>0.824409</vAcc></extensions></trkpt>
      <trkpt lon="-76.448077" lat="39.344634"><ele>20.677593</ele><time>2023-07-23T22:52:36Z</time><extensions><speed>0.393975</speed><course>1.965366</course><hAcc>1.720852</hAcc><vAcc>0.824345</vAcc></extensions></trkpt>
      <trkpt lon="-76.448076" lat="39.344636"><ele>20.598272</ele><time>2023-07-23T22:52:37Z</time><extensions><speed>0.165255</speed><course>36.130677</course><hAcc>1.722514</hAcc><vAcc>0.824280</vAcc></extensions></trkpt>
      <trkpt lon="-76.448075" lat="39.344637"><ele>20.513092</ele><time>2023-07-23T22:52:38Z</time><extensions><speed>0.163852</speed><course>72.869831</course><hAcc>1.709606</hAcc><vAcc>0.824221</vAcc></extensions></trkpt>
      <trkpt lon="-76.448073" lat="39.344637"><ele>20.427737</ele><time>2023-07-23T22:52:39Z</time><extensions><speed>0.177949</speed><course>81.434756</course><hAcc>1.714979</hAcc><vAcc>0.824173</vAcc></extensions></trkpt>
      <trkpt lon="-76.448071" lat="39.344638"><ele>20.340114</ele><time>2023-07-23T22:52:40Z</time><extensions><speed>0.204131</speed><course>81.194301</course><hAcc>1.719134</hAcc><vAcc>0.824142</vAcc></extensions></trkpt>
      <trkpt lon="-76.448068" lat="39.344638"><ele>20.252157</ele><time>2023-07-23T22:52:41Z</time><extensions><speed>0.235363</speed><course>76.769641</course><hAcc>1.724693</hAcc><vAcc>0.824131</vAcc></extensions></trkpt>
      <trkpt lon="-76.448065" lat="39.344639"><ele>20.166925</ele><time>2023-07-23T22:52:42Z</time><extensions><speed>0.291110</speed><course>67.427547</course><hAcc>1.725459</hAcc><vAcc>0.824149</vAcc></extensions></trkpt>
      <trkpt lon="-76.448062" lat="39.344640"><ele>20.083336</ele><time>2023-07-23T22:52:43Z</time><extensions><speed>0.397764</speed><course>56.579202</course><hAcc>1.718581</hAcc><vAcc>0.824203</vAcc></extensions></trkpt>
      <trkpt lon="-76.448057" lat="39.344643"><ele>20.003691</ele><time>2023-07-23T22:52:44Z</time><extensions><speed>0.603391</speed><course>47.142436</course><hAcc>1.712186</hAcc><vAcc>0.824291</vAcc></extensions></trkpt>
      <trkpt lon="-76.448051" lat="39.344647"><ele>19.928532</ele><time>2023-07-23T22:52:45Z</time><extensions><speed>0.749666</speed><course>50.609175</course><hAcc>1.724563</hAcc><vAcc>0.824418</vAcc></extensions></trkpt>
      <trkpt lon="-76.448044" lat="39.344651"><ele>19.859946</ele><time>2023-07-23T22:52:46Z</time><extensions><speed>0.853243</speed><course>60.984073</course><hAcc>1.720433</hAcc><vAcc>0.824575</vAcc></extensions></trkpt>
      <trkpt lon="-76.448034" lat="39.344654"><ele>19.797447</ele><time>2023-07-23T22:52:47Z</time><extensions><speed>0.938370</speed><course>69.705967</course><hAcc>1.709209</hAcc><vAcc>0.824755</vAcc></extensions></trkpt>
      <trkpt lon="-76.448024" lat="39.344657"><ele>19.744700</ele><time>2023-07-23T22:52:48Z</time><extensions><speed>0.944708</speed><course>76.051854</course><hAcc>1.702521</hAcc><vAcc>0.824952</vAcc></extensions></trkpt>
      <trkpt lon="-76.448013" lat="39.344658"><ele>19.697432</ele><time>2023-07-23T22:52:49Z</time><extensions><speed>0.893228</speed><course>80.908744</course><hAcc>1.701614</hAcc><vAcc>0.825161</vAcc></extensions></trkpt>
      <trkpt lon="-76.448003" lat="39.344659"><ele>19.654587</ele><time>2023-07-23T22:52:50Z</time><extensions><speed>0.836564</speed><course>84.010306</course><hAcc>1.704458</hAcc><vAcc>0.825369</vAcc></extensions></trkpt>
      <trkpt lon="-76.447994" lat="39.344660"><ele>19.618539</ele><time>2023-07-23T22:52:51Z</time><extensions><speed>0.792556</speed><course>87.635199</course><hAcc>1.707496</hAcc><vAcc>0.825571</vAcc></extensions></trkpt>
      <trkpt lon="-76.447985" lat="39.344660"><ele>19.589599</ele><time>2023-07-23T22:52:52Z</time><extensions><speed>0.766416</speed><course>90.546094</course><hAcc>1.709796</hAcc><vAcc>0.825764</vAcc></extensions></trkpt>
      <trkpt lon="-76.447976" lat="39.344660"><ele>19.569410</ele><time>2023-07-23T22:52:53Z</time><extensions><speed>0.748055</speed><course>92.905922</course><hAcc>1.711704</hAcc><vAcc>0.825944</vAcc></extensions></trkpt>
      <trkpt lon="-76.447967" lat="39.344659"><ele>19.556861</ele><time>2023-07-23T22:52:54Z</time><extensions><speed>0.745386</speed><course>93.831181</course><hAcc>1.712807</hAcc><vAcc>0.826110</vAcc></extensions></trkpt>
      <trkpt lon="-76.447959" lat="39.344659"><ele>19.547311</ele><time>2023-07-23T22:52:55Z</time><extensions><speed>0.747253</speed><course>93.284790</course><hAcc>1.713183</hAcc><vAcc>0.826256</vAcc></extensions></trkpt>
      <trkpt lon="-76.447950" lat="39.344659"><ele>19.543756</ele><time>2023-07-23T22:52:56Z</time><extensions><speed>0.726239</speed><course>91.122831</course><hAcc>1.713183</hAcc><vAcc>0.826377</vAcc></extensions></trkpt>
      <trkpt lon="-76.447942" lat="39.344659"><ele>19.546175</ele><time>2023-07-23T22:52:57Z</time><extensions><speed>0.692568</speed><course>88.818747</course><hAcc>1.712862</hAcc><vAcc>0.826478</vAcc></extensions></trkpt>
      <trkpt lon="-76.447934" lat="39.344659"><ele>19.550394</ele><time>2023-07-23T22:52:58Z</time><extensions><speed>0.644262</speed><course>86.829049</course><hAcc>1.712048</hAcc><vAcc>0.826560</vAcc></extensions></trkpt>
      <trkpt lon="-76.447927" lat="39.344659"><ele>19.562379</ele><time>2023-07-23T22:52:59Z</time><extensions><speed>0.619056</speed><course>85.493364</course><hAcc>1.711397</hAcc><vAcc>0.826628</vAcc></extensions></trkpt>
      <trkpt lon="-76.447920" lat="39.344660"><ele>19.580574</ele><time>2023-07-23T22:53:00Z</time><extensions><speed>0.619235</speed><course>83.680381</course><hAcc>1.710849</hAcc><vAcc>0.826685</vAcc></extensions></trkpt>
      <trkpt lon="-76.447912" lat="39.344661"><ele>19.600704</ele><time>2023-07-23T22:53:01Z</time><extensions><speed>0.634774</speed><course>80.794004</course><hAcc>1.710269</hAcc><vAcc>0.826734</vAcc></extensions></trkpt>
      <trkpt lon="-76.447905" lat="39.344662"><ele>19.622636</ele><time>2023-07-23T22:53:02Z</time><extensions><speed>0.665403</speed><course>78.229127</course><hAcc>1.708936</hAcc><vAcc>0.826781</vAcc></extensions></trkpt>
      <trkpt lon="-76.447897" lat="39.344663"><ele>19.644142</ele><time>2023-07-23T22:53:03Z</time><extensions><speed>0.689170</speed><course>77.006644</course><hAcc>1.707516</hAcc><vAcc>0.826828</vAcc></extensions></trkpt>
      <trkpt lon="-76.447890" lat="39.344665"><ele>19.653249</ele><time>2023-07-23T22:53:04Z</time><extensions><speed>0.692923</speed><course>75.801046</course><hAcc>1.706835</hAcc><vAcc>0.826877</vAcc></extensions></trkpt>
      <trkpt lon="-76.447882" lat="39.344666"><ele>19.659111</ele><time>2023-07-23T22:53:05Z</time><extensions><speed>0.697789</speed><course>74.299009</course><hAcc>1.707441</hAcc><vAcc>0.826926</vAcc></extensions></trkpt>
      <trkpt lon="-76.447874" lat="39.344668"><ele>19.662378</ele><time>2023-07-23T22:53:06Z</time><extensions><speed>0.691154</speed><course>73.226780</course><hAcc>1.707973</hAcc><vAcc>0.826986</vAcc></extensions></trkpt>
      <trkpt lon="-76.447866" lat="39.344670"><ele>19.663105</ele><time>2023-07-23T22:53:07Z</time><extensions><speed>0.669533</speed><course>72.747554</course><hAcc>1.708826</hAcc><vAcc>0.827049</vAcc></extensions></trkpt>
      <trkpt lon="-76.447859" lat="39.344672"><ele>19.658610</ele><time>2023-07-23T22:53:08Z</time><extensions><speed>0.661569</speed><course>74.594020</course><hAcc>1.708924</hAcc><vAcc>0.827110</vAcc></extensions></trkpt>
      <trkpt lon="-76.447851" lat="39.344673"><ele>19.660811</ele><time>2023-07-23T22:53:09Z</time><extensions><speed>0.692534</speed><course>77.235173</course><hAcc>1.707923</hAcc><vAcc>0.827169</vAcc></extensions></trkpt>
      <trkpt lon="-76.447843" lat="39.344674"><ele>19.666803</ele><time>2023-07-23T22:53:10Z</time><extensions><speed>0.708564</speed><course>80.530452</course><hAcc>1.706370</hAcc><vAcc>0.827216</vAcc></extensions></trkpt>
      <trkpt lon="-76.447835" lat="39.344675"><ele>19.665521</ele><time>2023-07-23T22:53:11Z</time><extensions><speed>0.746259</speed><course>82.389179</course><hAcc>1.704263</hAcc><vAcc>0.827271</vAcc></extensions></trkpt>
      <trkpt lon="-76.447826" lat="39.344676"><ele>19.665845</ele><time>2023-07-23T22:53:12Z</time><extensions><speed>0.760368</speed><course>82.574452</course><hAcc>1.702733</hAcc><vAcc>0.827296</vAcc></extensions></trkpt>
      <trkpt lon="-76.447818" lat="39.344677"><ele>19.667331</ele><time>2023-07-23T22:53:13Z</time><extensions><speed>0.760137</speed><course>81.825786</course><hAcc>1.702511</hAcc><vAcc>0.827289</vAcc></extensions></trkpt>
      <trkpt lon="-76.447808" lat="39.344678"><ele>19.659300</ele><time>2023-07-23T22:53:14Z</time><extensions><speed>0.834796</speed><course>80.009193</course><hAcc>1.704848</hAcc><vAcc>0.827272</vAcc></extensions></trkpt>
      <trkpt lon="-76.447799" lat="39.344680"><ele>19.651552</ele><time>2023-07-23T22:53:15Z</time><extensions><speed>0.913252</speed><course>77.101023</course><hAcc>1.702924</hAcc><vAcc>0.827182</vAcc></extensions></trkpt>
      <trkpt lon="-76.447788" lat="39.344681"><ele>19.655517</ele><time>2023-07-23T22:53:16Z</time><extensions><speed>0.984260</speed><course>76.897954</course><hAcc>1.700414</hAcc><vAcc>0.826987</vAcc></extensions></trkpt>
      <trkpt lon="-76.447776" lat="39.344684"><ele>19.655395</ele><time>2023-07-23T22:53:17Z</time><extensions><speed>1.087286</speed><course>75.652882</course><hAcc>1.702543</hAcc><vAcc>0.826843</vAcc></extensions></trkpt>
      <trkpt lon="-76.447763" lat="39.344686"><ele>19.664920</ele><time>2023-07-23T22:53:18Z</time><extensions><speed>1.192328</speed><course>77.160121</course><hAcc>1.704967</hAcc><vAcc>0.826644</vAcc></extensions></trkpt>
      <trkpt lon="-76.447749" lat="39.344688"><ele>19.670948</ele><time>2023-07-23T22:53:19Z</time><extensions><speed>1.272761</speed><course>83.919146</course><hAcc>1.705000</hAcc><vAcc>0.826431</vAcc></extensions></trkpt>
      <trkpt lon="-76.447734" lat="39.344689"><ele>19.679936</ele><time>2023-07-23T22:53:20Z</time><extensions><speed>1.301888</speed><course>91.235267</course><hAcc>1.705741</hAcc><vAcc>0.826205</vAcc></extensions></trkpt>
      <trkpt lon="-76.447720" lat="39.344688"><ele>19.682203</ele><time>2023-07-23T22:53:21Z</time><extensions><speed>1.217596</speed><course>98.379822</course><hAcc>1.707988</hAcc><vAcc>0.825958</vAcc></extensions></trkpt>
      <trkpt lon="-76.447706" lat="39.344686"><ele>19.651694</ele><time>2023-07-23T22:53:22Z</time><extensions><speed>1.182518</speed><course>102.980549</course><hAcc>1.710279</hAcc><vAcc>0.825671</vAcc></extensions></trkpt>
      <trkpt lon="-76.447693" lat="39.344683"><ele>19.635251</ele><time>2023-07-23T22:53:23Z</time><extensions><speed>1.140530</speed><course>106.566441</course><hAcc>1.714154</hAcc><vAcc>0.825376</vAcc></extensions></trkpt>
      <trkpt lon="-76.447681" lat="39.344680"><ele>19.614096</ele><time>2023-07-23T22:53:24Z</time><extensions><speed>1.125445</speed><course>112.390751</course><hAcc>1.719898</hAcc><vAcc>0.825090</vAcc></extensions></trkpt>
      <trkpt lon="-76.447668" lat="39.344676"><ele>19.618348</ele><time>2023-07-23T22:53:25Z</time><extensions><speed>1.104143</speed><course>106.400853</course><hAcc>1.716033</hAcc><vAcc>0.824815</vAcc></extensions></trkpt>
      <trkpt lon="-76.447656" lat="39.344675"><ele>19.606836</ele><time>2023-07-23T22:53:26Z</time><extensions><speed>1.086267</speed><course>93.111650</course><hAcc>1.714792</hAcc><vAcc>0.824515</vAcc></extensions></trkpt>
      <trkpt lon="-76.447643" lat="39.344675"><ele>19.603031</ele><time>2023-07-23T22:53:27Z</time><extensions><speed>1.161097</speed><course>84.577268</course><hAcc>1.716510</hAcc><vAcc>0.824253</vAcc></extensions></trkpt>
      <trkpt lon="-76.447630" lat="39.344676"><ele>19.598847</ele><time>2023-07-23T22:53:28Z</time><extensions><speed>1.124415</speed><course>82.275716</course><hAcc>1.714731</hAcc><vAcc>0.824060</vAcc></extensions></trkpt>
      <trkpt lon="-76.447617" lat="39.344678"><ele>19.589488</ele><time>2023-07-23T22:53:29Z</time><extensions><speed>1.031886</speed><course>80.364181</course><hAcc>1.713119</hAcc><vAcc>0.823916</vAcc></extensions></trkpt>
      <trkpt lon="-76.447606" lat="39.344679"><ele>19.576018</ele><time>2023-07-23T22:53:30Z</time><extensions><speed>0.983714</speed><course>78.941960</course><hAcc>1.712587</hAcc><vAcc>0.823822</vAcc></extensions></trkpt>
      <trkpt lon="-76.447595" lat="39.344681"><ele>19.562792</ele><time>2023-07-23T22:53:31Z</time><extensions><speed>0.930890</speed><course>77.495277</course><hAcc>1.711035</hAcc><vAcc>0.823766</vAcc></extensions></trkpt>
      <trkpt lon="-76.447584" lat="39.344683"><ele>19.550583</ele><time>2023-07-23T22:53:32Z</time><extensions><speed>1.028626</speed><course>78.153191</course><hAcc>1.708476</hAcc><vAcc>0.823753</vAcc></extensions></trkpt>
      <trkpt lon="-76.447572" lat="39.344685"><ele>19.546648</ele><time>2023-07-23T22:53:33Z</time><extensions><speed>1.113616</speed><course>74.189616</course><hAcc>1.705289</hAcc><vAcc>0.823796</vAcc></extensions></trkpt>
      <trkpt lon="-76.447559" lat="39.344688"><ele>19.550163</ele><time>2023-07-23T22:53:34Z</time><extensions><speed>1.152934</speed><course>71.605427</course><hAcc>1.703752</hAcc><vAcc>0.823902</vAcc></extensions></trkpt>
      <trkpt lon="-76.447546" lat="39.344692"><ele>19.550865</ele><time>2023-07-23T22:53:35Z</time><extensions><speed>1.259272</speed><course>68.848090</course><hAcc>1.702314</hAcc><vAcc>0.824072</vAcc></extensions></trkpt>
      <trkpt lon="-76.447533" lat="39.344696"><ele>19.552941</ele><time>2023-07-23T22:53:36Z</time><extensions><speed>1.226303</speed><course>65.628685</course><hAcc>1.707495</hAcc><vAcc>0.824308</vAcc></extensions></trkpt>
      <trkpt lon="-76.447520" lat="39.344700"><ele>19.562748</ele><time>2023-07-23T22:53:37Z</time><extensions><speed>1.173069</speed><course>70.687740</course><hAcc>1.697678</hAcc><vAcc>0.824594</vAcc></extensions></trkpt>
      <trkpt lon="-76.447508" lat="39.344703"><ele>19.569606</ele><time>2023-07-23T22:53:38Z</time><extensions><speed>1.039693</speed><course>75.454570</course><hAcc>1.694293</hAcc><vAcc>0.824921</vAcc></extensions></trkpt>
      <trkpt lon="-76.447496" lat="39.344705"><ele>19.571433</ele><time>2023-07-23T22:53:39Z</time><extensions><speed>1.003170</speed><course>76.255093</course><hAcc>1.697754</hAcc><vAcc>0.825265</vAcc></extensions></trkpt>
      <trkpt lon="-76.447485" lat="39.344708"><ele>19.577821</ele><time>2023-07-23T22:53:40Z</time><extensions><speed>0.991971</speed><course>75.674847</course><hAcc>1.704366</hAcc><vAcc>0.825608</vAcc></extensions></trkpt>
      <trkpt lon="-76.447473" lat="39.344710"><ele>19.583345</ele><time>2023-07-23T22:53:41Z</time><extensions><speed>1.055457</speed><course>76.489372</course><hAcc>1.700941</hAcc><vAcc>0.825929</vAcc></extensions></trkpt>
      <trkpt lon="-76.447461" lat="39.344712"><ele>19.602247</ele><time>2023-07-23T22:53:42Z</time><extensions><speed>1.085689</speed><course>78.922588</course><hAcc>1.698634</hAcc><vAcc>0.826214</vAcc></extensions></trkpt>
      <trkpt lon="-76.447449" lat="39.344714"><ele>19.609202</ele><time>2023-07-23T22:53:43Z</time><extensions><speed>1.081375</speed><course>81.012638</course><hAcc>1.698944</hAcc><vAcc>0.826459</vAcc></extensions></trkpt>
      <trkpt lon="-76.447437" lat="39.344715"><ele>19.598671</ele><time>2023-07-23T22:53:44Z</time><extensions><speed>1.045770</speed><course>81.454947</course><hAcc>1.700517</hAcc><vAcc>0.826657</vAcc></extensions></trkpt>
      <trkpt lon="-76.447425" lat="39.344716"><ele>19.592808</ele><time>2023-07-23T22:53:45Z</time><extensions><speed>1.007244</speed><course>80.559552</course><hAcc>1.702698</hAcc><vAcc>0.826814</vAcc></extensions></trkpt>
      <trkpt lon="-76.447413" lat="39.344718"><ele>19.586008</ele><time>2023-07-23T22:53:46Z</time><extensions><speed>1.020341</speed><course>79.978185</course><hAcc>1.703343</hAcc><vAcc>0.826934</vAcc></extensions></trkpt>
      <trkpt lon="-76.447402" lat="39.344720"><ele>19.574460</ele><time>2023-07-23T22:53:47Z</time><extensions><speed>1.001053</speed><course>77.427063</course><hAcc>1.703941</hAcc><vAcc>0.827024</vAcc></extensions></trkpt>
      <trkpt lon="-76.447391" lat="39.344722"><ele>19.564072</ele><time>2023-07-23T22:53:48Z</time><extensions><speed>0.988813</speed><course>76.678884</course><hAcc>1.704736</hAcc><vAcc>0.827083</vAcc></extensions></trkpt>
      <trkpt lon="-76.447379" lat="39.344724"><ele>19.546397</ele><time>2023-07-23T22:53:49Z</time><extensions><speed>0.967871</speed><course>80.030029</course><hAcc>1.704179</hAcc><vAcc>0.827118</vAcc></extensions></trkpt>
      <trkpt lon="-76.447368" lat="39.344725"><ele>19.534565</ele><time>2023-07-23T22:53:50Z</time><extensions><speed>1.010694</speed><course>82.300663</course><hAcc>1.701464</hAcc><vAcc>0.827140</vAcc></extensions></trkpt>
      <trkpt lon="-76.447356" lat="39.344726"><ele>19.537367</ele><time>2023-07-23T22:53:51Z</time><extensions><speed>1.012607</speed><course>83.500954</course><hAcc>1.699212</hAcc><vAcc>0.827150</vAcc></extensions></trkpt>
      <trkpt lon="-76.447345" lat="39.344727"><ele>19.528425</ele><time>2023-07-23T22:53:52Z</time><extensions><speed>0.991761</speed><course>81.423924</course><hAcc>1.699857</hAcc><vAcc>0.827157</vAcc></extensions></trkpt>
      <trkpt lon="-76.447334" lat="39.344729"><ele>19.501165</ele><time>2023-07-23T22:53:53Z</time><extensions><speed>0.887133</speed><course>77.201844</course><hAcc>1.705134</hAcc><vAcc>0.827162</vAcc></extensions></trkpt>
      <trkpt lon="-76.447324" lat="39.344730"><ele>19.492063</ele><time>2023-07-23T22:53:54Z</time><extensions><speed>0.898351</speed><course>78.559289</course><hAcc>1.706341</hAcc><vAcc>0.827174</vAcc></extensions></trkpt>
      <trkpt lon="-76.447313" lat="39.344732"><ele>19.476933</ele><time>2023-07-23T22:53:55Z</time><extensions><speed>0.979557</speed><course>80.689503</course><hAcc>1.702009</hAcc><vAcc>0.827190</vAcc></extensions></trkpt>
      <trkpt lon="-76.447302" lat="39.344733"><ele>19.456499</ele><time>2023-07-23T22:53:56Z</time><extensions><speed>0.981071</speed><course>81.766650</course><hAcc>1.701027</hAcc><vAcc>0.827225</vAcc></extensions></trkpt>
      <trkpt lon="-76.447291" lat="39.344735"><ele>19.427806</ele><time>2023-07-23T22:53:57Z</time><extensions><speed>0.977361</speed><course>81.564477</course><hAcc>1.703612</hAcc><vAcc>0.827261</vAcc></extensions></trkpt>
      <trkpt lon="-76.447280" lat="39.344736"><ele>19.400613</ele><time>2023-07-23T22:53:58Z</time><extensions><speed>0.990514</speed><course>81.780151</course><hAcc>1.706046</hAcc><vAcc>0.827304</vAcc></extensions></trkpt>
      <trkpt lon="-76.447268" lat="39.344737"><ele>19.374384</ele><time>2023-07-23T22:53:59Z</time><extensions><speed>0.975147</speed><course>83.184378</course><hAcc>1.706780</hAcc><vAcc>0.827342</vAcc></extensions></trkpt>
      <trkpt lon="-76.447257" lat="39.344738"><ele>19.353028</ele><time>2023-07-23T22:54:00Z</time><extensions><speed>1.036987</speed><course>84.495941</course><hAcc>1.705169</hAcc><vAcc>0.827382</vAcc></extensions></trkpt>
      <trkpt lon="-76.447245" lat="39.344739"><ele>19.326681</ele><time>2023-07-23T22:54:01Z</time><extensions><speed>1.049153</speed><course>87.281690</course><hAcc>1.703084</hAcc><vAcc>0.827437</vAcc></extensions></trkpt>
      <trkpt lon="-76.447233" lat="39.344739"><ele>19.298625</ele><time>2023-07-23T22:54:02Z</time><extensions><speed>0.989885</speed><course>86.965593</course><hAcc>1.704180</hAcc><vAcc>0.827491</vAcc></extensions></trkpt>
      <trkpt lon="-76.447221" lat="39.344740"><ele>19.285257</ele><time>2023-07-23T22:54:03Z</time><extensions><speed>0.953628</speed><course>83.980685</course><hAcc>1.706609</hAcc><vAcc>0.827558</vAcc></extensions></trkpt>
      <trkpt lon="-76.447210" lat="39.344741"><ele>19.288940</ele><time>2023-07-23T22:54:04Z</time><extensions><speed>1.017226</speed><course>82.240034</course><hAcc>1.700239</hAcc><vAcc>0.827631</vAcc></extensions></trkpt>
      <trkpt lon="-76.447198" lat="39.344742"><ele>19.284106</ele><time>2023-07-23T22:54:05Z</time><extensions><speed>1.049592</speed><course>81.574264</course><hAcc>1.698026</hAcc><vAcc>0.827698</vAcc></extensions></trkpt>
      <trkpt lon="-76.447186" lat="39.344744"><ele>19.278609</ele><time>2023-07-23T22:54:06Z</time><extensions><speed>1.013495</speed><course>78.413378</course><hAcc>1.701828</hAcc><vAcc>0.827767</vAcc></extensions></trkpt>
      <trkpt lon="-76.447175" lat="39.344746"><ele>19.270864</ele><time>2023-07-23T22:54:07Z</time><extensions><speed>1.024601</speed><course>75.897539</course><hAcc>1.702395</hAcc><vAcc>0.827831</vAcc></extensions></trkpt>
      <trkpt lon="-76.447163" lat="39.344748"><ele>19.261969</ele><time>2023-07-23T22:54:08Z</time><extensions><speed>1.097183</speed><course>76.705552</course><hAcc>1.699974</hAcc><vAcc>0.827891</vAcc></extensions></trkpt>
      <trkpt lon="-76.447150" lat="39.344750"><ele>19.260688</ele><time>2023-07-23T22:54:09Z</time><extensions><speed>1.118254</speed><course>79.563020</course><hAcc>1.698090</hAcc><vAcc>0.827937</vAcc></extensions></trkpt>
      <trkpt lon="-76.447138" lat="39.344752"><ele>19.263119</ele><time>2023-07-23T22:54:10Z</time><extensions><speed>1.126376</speed><course>82.201697</course><hAcc>1.696527</hAcc><vAcc>0.827979</vAcc></extensions></trkpt>
      <trkpt lon="-76.447125" lat="39.344753"><ele>19.264936</ele><time>2023-07-23T22:54:11Z</time><extensions><speed>1.083853</speed><course>83.736545</course><hAcc>1.695573</hAcc><vAcc>0.828016</vAcc></extensions></trkpt>
      <trkpt lon="-76.447112" lat="39.344754"><ele>19.264595</ele><time>2023-07-23T22:54:12Z</time><extensions><speed>1.106491</speed><course>84.668334</course><hAcc>1.692720</hAcc><vAcc>0.828051</vAcc></extensions></trkpt>
      <trkpt lon="-76.447099" lat="39.344755"><ele>19.268328</ele><time>2023-07-23T22:54:13Z</time><extensions><speed>1.139356</speed><course>83.320998</course><hAcc>1.690174</hAcc><vAcc>0.828077</vAcc></extensions></trkpt>
      <trkpt lon="-76.447086" lat="39.344756"><ele>19.275955</ele><time>2023-07-23T22:54:14Z</time><extensions><speed>1.192851</speed><course>84.479579</course><hAcc>1.692369</hAcc><vAcc>0.828088</vAcc></extensions></trkpt>
      <trkpt lon="-76.447072" lat="39.344757"><ele>19.280348</ele><time>2023-07-23T22:54:15Z</time><extensions><speed>1.130524</speed><course>84.719909</course><hAcc>1.700507</hAcc><vAcc>0.828086</vAcc></extensions></trkpt>
      <trkpt lon="-76.447060" lat="39.344758"><ele>19.277419</ele><time>2023-07-23T22:54:16Z</time><extensions><speed>1.070615</speed><course>85.449202</course><hAcc>1.693377</hAcc><vAcc>0.828075</vAcc></extensions></trkpt>
      <trkpt lon="-76.447048" lat="39.344759"><ele>19.277576</ele><time>2023-07-23T22:54:17Z</time><extensions><speed>1.004579</speed><course>86.315334</course><hAcc>1.691869</hAcc><vAcc>0.828052</vAcc></extensions></trkpt>
      <trkpt lon="-76.447036" lat="39.344759"><ele>19.281403</ele><time>2023-07-23T22:54:18Z</time><extensions><speed>1.014385</speed><course>86.708911</course><hAcc>1.693044</hAcc><vAcc>0.828020</vAcc></extensions></trkpt>
      <trkpt lon="-76.447024" lat="39.344760"><ele>19.286554</ele><time>2023-07-23T22:54:19Z</time><extensions><speed>1.037845</speed><course>86.313813</course><hAcc>1.695700</hAcc><vAcc>0.827979</vAcc></extensions></trkpt>
      <trkpt lon="-76.447012" lat="39.344760"><ele>19.283240</ele><time>2023-07-23T22:54:20Z</time><extensions><speed>1.045229</speed><course>85.587187</course><hAcc>1.700165</hAcc><vAcc>0.827938</vAcc></extensions></trkpt>
      <trkpt lon="-76.447000" lat="39.344761"><ele>19.282720</ele><time>2023-07-23T22:54:21Z</time><extensions><speed>1.025169</speed><course>86.787256</course><hAcc>1.704223</hAcc><vAcc>0.827892</vAcc></extensions></trkpt>
      <trkpt lon="-76.446988" lat="39.344761"><ele>19.282185</ele><time>2023-07-23T22:54:22Z</time><extensions><speed>0.982906</speed><course>87.659001</course><hAcc>1.706855</hAcc><vAcc>0.827843</vAcc></extensions></trkpt>
      <trkpt lon="-76.446977" lat="39.344762"><ele>19.285636</ele><time>2023-07-23T22:54:23Z</time><extensions><speed>0.983513</speed><course>87.737578</course><hAcc>1.705473</hAcc><vAcc>0.827793</vAcc></extensions></trkpt>
      <trkpt lon="-76.446966" lat="39.344762"><ele>19.291057</ele><time>2023-07-23T22:54:24Z</time><extensions><speed>0.983606</speed><course>86.475872</course><hAcc>1.705176</hAcc><vAcc>0.827742</vAcc></extensions></trkpt>
      <trkpt lon="-76.446954" lat="39.344763"><ele>19.286289</ele><time>2023-07-23T22:54:25Z</time><extensions><speed>0.940934</speed><course>84.267940</course><hAcc>1.707170</hAcc><vAcc>0.827696</vAcc></extensions></trkpt>
      <trkpt lon="-76.446944" lat="39.344764"><ele>19.278830</ele><time>2023-07-23T22:54:26Z</time><extensions><speed>0.913398</speed><course>83.042213</course><hAcc>1.709069</hAcc><vAcc>0.827655</vAcc></extensions></trkpt>
      <trkpt lon="-76.446933" lat="39.344765"><ele>19.274941</ele><time>2023-07-23T22:54:27Z</time><extensions><speed>0.917783</speed><course>81.944221</course><hAcc>1.708717</hAcc><vAcc>0.827630</vAcc></extensions></trkpt>
      <trkpt lon="-76.446923" lat="39.344766"><ele>19.279372</ele><time>2023-07-23T22:54:28Z</time><extensions><speed>0.923581</speed><course>82.761682</course><hAcc>1.707134</hAcc><vAcc>0.827608</vAcc></extensions></trkpt>
      <trkpt lon="-76.446912" lat="39.344767"><ele>19.278302</ele><time>2023-07-23T22:54:29Z</time><extensions><speed>0.936074</speed><course>84.506132</course><hAcc>1.706083</hAcc><vAcc>0.827598</vAcc></extensions></trkpt>
      <trkpt lon="-76.446901" lat="39.344768"><ele>19.275212</ele><time>2023-07-23T22:54:30Z</time><extensions><speed>0.919275</speed><course>83.708553</course><hAcc>1.706815</hAcc><vAcc>0.827600</vAcc></extensions></trkpt>
      <trkpt lon="-76.446890" lat="39.344769"><ele>19.262432</ele><time>2023-07-23T22:54:31Z</time><extensions><speed>0.943727</speed><course>81.268228</course><hAcc>1.706681</hAcc><vAcc>0.827604</vAcc></extensions></trkpt>
      <trkpt lon="-76.446879" lat="39.344770"><ele>19.250496</ele><time>2023-07-23T22:54:32Z</time><extensions><speed>0.976647</speed><course>78.648808</course><hAcc>1.706399</hAcc><vAcc>0.827606</vAcc></extensions></trkpt>
      <trkpt lon="-76.446868" lat="39.344772"><ele>19.246931</ele><time>2023-07-23T22:54:33Z</time><extensions><speed>1.009349</speed><course>78.452607</course><hAcc>1.705539</hAcc><vAcc>0.827610</vAcc></extensions></trkpt>
      <trkpt lon="-76.446856" lat="39.344774"><ele>19.242917</ele><time>2023-07-23T22:54:34Z</time><extensions><speed>1.048760</speed><course>79.754988</course><hAcc>1.705612</hAcc><vAcc>0.827617</vAcc></extensions></trkpt>
      <trkpt lon="-76.446844" lat="39.344775"><ele>19.235337</ele><time>2023-07-23T22:54:35Z</time><extensions><speed>1.050886</speed><course>82.545261</course><hAcc>1.706283</hAcc><vAcc>0.827640</vAcc></extensions></trkpt>
      <trkpt lon="-76.446832" lat="39.344776"><ele>19.237265</ele><time>2023-07-23T22:54:36Z</time><extensions><speed>1.053349</speed><course>86.805455</course><hAcc>1.704541</hAcc><vAcc>0.827672</vAcc></extensions></trkpt>
      <trkpt lon="-76.446820" lat="39.344777"><ele>19.238351</ele><time>2023-07-23T22:54:37Z</time><extensions><speed>1.059916</speed><course>89.418359</course><hAcc>1.700995</hAcc><vAcc>0.827702</vAcc></extensions></trkpt>
      <trkpt lon="-76.446808" lat="39.344777"><ele>19.234269</ele><time>2023-07-23T22:54:38Z</time><extensions><speed>1.047777</speed><course>89.162817</course><hAcc>1.699427</hAcc><vAcc>0.827734</vAcc></extensions></trkpt>
      <trkpt lon="-76.446796" lat="39.344777"><ele>19.222507</ele><time>2023-07-23T22:54:39Z</time><extensions><speed>0.996939</speed><course>86.967564</course><hAcc>1.702977</hAcc><vAcc>0.827767</vAcc></extensions></trkpt>
      <trkpt lon="-76.446785" lat="39.344778"><ele>19.212580</ele><time>2023-07-23T22:54:40Z</time><extensions><speed>0.927360</speed><course>83.187221</course><hAcc>1.704654</hAcc><vAcc>0.827795</vAcc></extensions></trkpt>
      <trkpt lon="-76.446774" lat="39.344779"><ele>19.209923</ele><time>2023-07-23T22:54:41Z</time><extensions><speed>0.891539</speed><course>78.878734</course><hAcc>1.704581</hAcc><vAcc>0.827819</vAcc></extensions></trkpt>
      <trkpt lon="-76.446764" lat="39.344781"><ele>19.204371</ele><time>2023-07-23T22:54:42Z</time><extensions><speed>1.007303</speed><course>78.612739</course><hAcc>1.701234</hAcc><vAcc>0.827836</vAcc></extensions></trkpt>
      <trkpt lon="-76.446752" lat="39.344782"><ele>19.203842</ele><time>2023-07-23T22:54:43Z</time><extensions><speed>1.075015</speed><course>79.451793</course><hAcc>1.699767</hAcc><vAcc>0.827856</vAcc></extensions></trkpt>
      <trkpt lon="-76.446740" lat="39.344784"><ele>19.199188</ele><time>2023-07-23T22:54:44Z</time><extensions><speed>1.069165</speed><course>79.561744</course><hAcc>1.701401</hAcc><vAcc>0.827877</vAcc></extensions></trkpt>
      <trkpt lon="-76.446727" lat="39.344786"><ele>19.188615</ele><time>2023-07-23T22:54:45Z</time><extensions><speed>1.037400</speed><course>79.705649</course><hAcc>1.704296</hAcc><vAcc>0.827901</vAcc></extensions></trkpt>
      <trkpt lon="-76.446716" lat="39.344787"><ele>19.174161</ele><time>2023-07-23T22:54:46Z</time><extensions><speed>1.049445</speed><course>81.016327</course><hAcc>1.705408</hAcc><vAcc>0.827921</vAcc></extensions></trkpt>
      <trkpt lon="-76.446704" lat="39.344789"><ele>19.159191</ele><time>2023-07-23T22:54:47Z</time><extensions><speed>1.042648</speed><course>82.498601</course><hAcc>1.701861</hAcc><vAcc>0.827939</vAcc></extensions></trkpt>
      <trkpt lon="-76.446692" lat="39.344790"><ele>19.141187</ele><time>2023-07-23T22:54:48Z</time><extensions><speed>1.049443</speed><course>82.736501</course><hAcc>1.700967</hAcc><vAcc>0.827941</vAcc></extensions></trkpt>
      <trkpt lon="-76.446679" lat="39.344791"><ele>19.122107</ele><time>2023-07-23T22:54:49Z</time><extensions><speed>1.060980</speed><course>80.878057</course><hAcc>1.702769</hAcc><vAcc>0.827946</vAcc></extensions></trkpt>
      <trkpt lon="-76.446667" lat="39.344793"><ele>19.099193</ele><time>2023-07-23T22:54:50Z</time><extensions><speed>1.092925</speed><course>78.581965</course><hAcc>1.704498</hAcc><vAcc>0.827948</vAcc></extensions></trkpt>
      <trkpt lon="-76.446655" lat="39.344795"><ele>19.070271</ele><time>2023-07-23T22:54:51Z</time><extensions><speed>1.072297</speed><course>79.615726</course><hAcc>1.703323</hAcc><vAcc>0.827950</vAcc></extensions></trkpt>
      <trkpt lon="-76.446642" lat="39.344796"><ele>19.036084</ele><time>2023-07-23T22:54:52Z</time><extensions><speed>1.080078</speed><course>81.181546</course><hAcc>1.699796</hAcc><vAcc>0.827939</vAcc></extensions></trkpt>
      <trkpt lon="-76.446630" lat="39.344798"><ele>19.012921</ele><time>2023-07-23T22:54:53Z</time><extensions><speed>1.080159</speed><course>82.452130</course><hAcc>1.697651</hAcc><vAcc>0.827926</vAcc></extensions></trkpt>
      <trkpt lon="-76.446618" lat="39.344799"><ele>19.009141</ele><time>2023-07-23T22:54:54Z</time><extensions><speed>1.035133</speed><course>85.121796</course><hAcc>1.697837</hAcc><vAcc>0.827903</vAcc></extensions></trkpt>
      <trkpt lon="-76.446606" lat="39.344800"><ele>18.997560</ele><time>2023-07-23T22:54:55Z</time><extensions><speed>1.041817</speed><course>85.859595</course><hAcc>1.699820</hAcc><vAcc>0.827881</vAcc></extensions></trkpt>
      <trkpt lon="-76.446594" lat="39.344800"><ele>19.006834</ele><time>2023-07-23T22:54:56Z</time><extensions><speed>1.033102</speed><course>86.240452</course><hAcc>1.693586</hAcc><vAcc>0.827858</vAcc></extensions></trkpt>
      <trkpt lon="-76.446582" lat="39.344801"><ele>19.012381</ele><time>2023-07-23T22:54:57Z</time><extensions><speed>1.070375</speed><course>86.598762</course><hAcc>1.687553</hAcc><vAcc>0.827829</vAcc></extensions></trkpt>
      <trkpt lon="-76.446569" lat="39.344801"><ele>19.036735</ele><time>2023-07-23T22:54:58Z</time><extensions><speed>1.046020</speed><course>86.908708</course><hAcc>1.684868</hAcc><vAcc>0.827798</vAcc></extensions></trkpt>
      <trkpt lon="-76.446557" lat="39.344802"><ele>19.063442</ele><time>2023-07-23T22:54:59Z</time><extensions><speed>1.021224</speed><course>88.242808</course><hAcc>1.687136</hAcc><vAcc>0.827766</vAcc></extensions></trkpt>
      <trkpt lon="-76.446546" lat="39.344802"><ele>19.082211</ele><time>2023-07-23T22:55:00Z</time><extensions><speed>1.044791</speed><course>90.251441</course><hAcc>1.684816</hAcc><vAcc>0.827728</vAcc></extensions></trkpt>
      <trkpt lon="-76.446533" lat="39.344801"><ele>19.116462</ele><time>2023-07-23T22:55:01Z</time><extensions><speed>1.149586</speed><course>92.587934</course><hAcc>1.693206</hAcc><vAcc>0.827683</vAcc></extensions></trkpt>
      <trkpt lon="-76.446520" lat="39.344800"><ele>19.149750</ele><time>2023-07-23T22:55:02Z</time><extensions><speed>1.124672</speed><course>101.002729</course><hAcc>1.677029</hAcc><vAcc>0.827645</vAcc></extensions></trkpt>
      <trkpt lon="-76.446507" lat="39.344798"><ele>19.174336</ele><time>2023-07-23T22:55:03Z</time><extensions><speed>1.162312</speed><course>107.878363</course><hAcc>1.664799</hAcc><vAcc>0.827601</vAcc></extensions></trkpt>
      <trkpt lon="-76.446495" lat="39.344794"><ele>19.204603</ele><time>2023-07-23T22:55:04Z</time><extensions><speed>1.091185</speed><course>110.149100</course><hAcc>1.656274</hAcc><vAcc>0.827559</vAcc></extensions></trkpt>
      <trkpt lon="-76.446483" lat="39.344791"><ele>19.252026</ele><time>2023-07-23T22:55:05Z</time><extensions><speed>1.129023</speed><course>112.654554</course><hAcc>1.648405</hAcc><vAcc>0.827511</vAcc></extensions></trkpt>
      <trkpt lon="-76.446471" lat="39.344787"><ele>19.303321</ele><time>2023-07-23T22:55:06Z</time><extensions><speed>1.147099</speed><course>113.795126</course><hAcc>1.664932</hAcc><vAcc>0.827462</vAcc></extensions></trkpt>
      <trkpt lon="-76.446458" lat="39.344783"><ele>19.350597</ele><time>2023-07-23T22:55:07Z</time><extensions><speed>1.135805</speed><course>112.966150</course><hAcc>1.699285</hAcc><vAcc>0.827406</vAcc></extensions></trkpt>
      <trkpt lon="-76.446447" lat="39.344778"><ele>19.392474</ele><time>2023-07-23T22:55:08Z</time><extensions><speed>1.127303</speed><course>118.137474</course><hAcc>1.663191</hAcc><vAcc>0.827345</vAcc></extensions></trkpt>
      <trkpt lon="-76.446436" lat="39.344774"><ele>19.432881</ele><time>2023-07-23T22:55:09Z</time><extensions><speed>1.038033</speed><course>122.101104</course><hAcc>1.648940</hAcc><vAcc>0.827281</vAcc></extensions></trkpt>
      <trkpt lon="-76.446426" lat="39.344769"><ele>19.467980</ele><time>2023-07-23T22:55:10Z</time><extensions><speed>0.888576</speed><course>124.907809</course><hAcc>1.657854</hAcc><vAcc>0.827215</vAcc></extensions></trkpt>
      <trkpt lon="-76.446418" lat="39.344765"><ele>19.496285</ele><time>2023-07-23T22:55:11Z</time><extensions><speed>0.774572</speed><course>120.732701</course><hAcc>1.666311</hAcc><vAcc>0.827152</vAcc></extensions></trkpt>
      <trkpt lon="-76.446411" lat="39.344762"><ele>19.520452</ele><time>2023-07-23T22:55:12Z</time><extensions><speed>0.689768</speed><course>105.181355</course><hAcc>1.667969</hAcc><vAcc>0.827106</vAcc></extensions></trkpt>
      <trkpt lon="-76.446403" lat="39.344762"><ele>19.539529</ele><time>2023-07-23T22:55:13Z</time><extensions><speed>0.743275</speed><course>79.167051</course><hAcc>1.664511</hAcc><vAcc>0.827055</vAcc></extensions></trkpt>
      <trkpt lon="-76.446393" lat="39.344765"><ele>19.537987</ele><time>2023-07-23T22:55:14Z</time><extensions><speed>0.995215</speed><course>60.168671</course><hAcc>1.659345</hAcc><vAcc>0.827010</vAcc></extensions></trkpt>
      <trkpt lon="-76.446383" lat="39.344771"><ele>19.530013</ele><time>2023-07-23T22:55:15Z</time><extensions><speed>1.254189</speed><course>52.687181</course><hAcc>1.661904</hAcc><vAcc>0.826969</vAcc></extensions></trkpt>
      <trkpt lon="-76.446372" lat="39.344778"><ele>19.517733</ele><time>2023-07-23T22:55:16Z</time><extensions><speed>1.166871</speed><course>44.647732</course><hAcc>1.676183</hAcc><vAcc>0.826929</vAcc></extensions></trkpt>
      <trkpt lon="-76.446364" lat="39.344785"><ele>19.498932</ele><time>2023-07-23T22:55:17Z</time><extensions><speed>1.087436</speed><course>35.155522</course><hAcc>1.662535</hAcc><vAcc>0.826900</vAcc></extensions></trkpt>
      <trkpt lon="-76.446357" lat="39.344793"><ele>19.477282</ele><time>2023-07-23T22:55:18Z</time><extensions><speed>1.048698</speed><course>32.710547</course><hAcc>1.655672</hAcc><vAcc>0.826883</vAcc></extensions></trkpt>
      <trkpt lon="-76.446350" lat="39.344801"><ele>19.446121</ele><time>2023-07-23T22:55:19Z</time><extensions><speed>0.999701</speed><course>34.008065</course><hAcc>1.659191</hAcc><vAcc>0.826882</vAcc></extensions></trkpt>
      <trkpt lon="-76.446344" lat="39.344808"><ele>19.413222</ele><time>2023-07-23T22:55:20Z</time><extensions><speed>0.905783</speed><course>37.506409</course><hAcc>1.666878</hAcc><vAcc>0.826894</vAcc></extensions></trkpt>
      <trkpt lon="-76.446337" lat="39.344814"><ele>19.357918</ele><time>2023-07-23T22:55:21Z</time><extensions><speed>0.822325</speed><course>41.121729</course><hAcc>1.674978</hAcc><vAcc>0.826916</vAcc></extensions></trkpt>
      <trkpt lon="-76.446331" lat="39.344819"><ele>19.303921</ele><time>2023-07-23T22:55:22Z</time><extensions><speed>0.734115</speed><course>44.455589</course><hAcc>1.679718</hAcc><vAcc>0.826946</vAcc></extensions></trkpt>
      <trkpt lon="-76.446325" lat="39.344823"><ele>19.244027</ele><time>2023-07-23T22:55:23Z</time><extensions><speed>0.674743</speed><course>48.095489</course><hAcc>1.674225</hAcc><vAcc>0.826988</vAcc></extensions></trkpt>
      <trkpt lon="-76.446319" lat="39.344827"><ele>19.175699</ele><time>2023-07-23T22:55:24Z</time><extensions><speed>0.738555</speed><course>52.094733</course><hAcc>1.683429</hAcc><vAcc>0.827038</vAcc></extensions></trkpt>
      <trkpt lon="-76.446312" lat="39.344831"><ele>19.084224</ele><time>2023-07-23T22:55:25Z</time><extensions><speed>0.792171</speed><course>58.260705</course><hAcc>1.690346</hAcc><vAcc>0.827101</vAcc></extensions></trkpt>
      <trkpt lon="-76.446303" lat="39.344834"><ele>18.987338</ele><time>2023-07-23T22:55:26Z</time><extensions><speed>0.829178</speed><course>69.401958</course><hAcc>1.690716</hAcc><vAcc>0.827165</vAcc></extensions></trkpt>
      <trkpt lon="-76.446293" lat="39.344836"><ele>18.909198</ele><time>2023-07-23T22:55:27Z</time><extensions><speed>0.880566</speed><course>82.185791</course><hAcc>1.687006</hAcc><vAcc>0.827232</vAcc></extensions></trkpt>
      <trkpt lon="-76.446283" lat="39.344836"><ele>18.834124</ele><time>2023-07-23T22:55:28Z</time><extensions><speed>0.939042</speed><course>96.679387</course><hAcc>1.679284</hAcc><vAcc>0.827302</vAcc></extensions></trkpt>
      <trkpt lon="-76.446271" lat="39.344834"><ele>18.763168</ele><time>2023-07-23T22:55:29Z</time><extensions><speed>1.086996</speed><course>110.126273</course><hAcc>1.666284</hAcc><vAcc>0.827384</vAcc></extensions></trkpt>
      <trkpt lon="-76.446258" lat="39.344829"><ele>18.681624</ele><time>2023-07-23T22:55:30Z</time><extensions><speed>1.367316</speed><course>119.911850</course><hAcc>1.644306</hAcc><vAcc>0.827457</vAcc></extensions></trkpt>
      <trkpt lon="-76.446244" lat="39.344821"><ele>18.606087</ele><time>2023-07-23T22:55:31Z</time><extensions><speed>1.612772</speed><course>125.971761</course><hAcc>1.615007</hAcc><vAcc>0.827523</vAcc></extensions></trkpt>
      <trkpt lon="-76.446228" lat="39.344812"><ele>18.537022</ele><time>2023-07-23T22:55:32Z</time><extensions><speed>1.793152</speed><course>130.123070</course><hAcc>1.592309</hAcc><vAcc>0.827584</vAcc></extensions></trkpt>
      <trkpt lon="-76.446213" lat="39.344802"><ele>18.479993</ele><time>2023-07-23T22:55:33Z</time><extensions><speed>1.601296</speed><course>133.008038</course><hAcc>1.604309</hAcc><vAcc>0.827638</vAcc></extensions></trkpt>
      <trkpt lon="-76.446200" lat="39.344792"><ele>18.431660</ele><time>2023-07-23T22:55:34Z</time><extensions><speed>1.475482</speed><course>130.534619</course><hAcc>1.619824</hAcc><vAcc>0.827686</vAcc></extensions></trkpt>
      <trkpt lon="-76.446185" lat="39.344783"><ele>18.399570</ele><time>2023-07-23T22:55:35Z</time><extensions><speed>1.710936</speed><course>126.221847</course><hAcc>1.568751</hAcc><vAcc>0.827722</vAcc></extensions></trkpt>
      <trkpt lon="-76.446169" lat="39.344774"><ele>18.380989</ele><time>2023-07-23T22:55:36Z</time><extensions><speed>1.823661</speed><course>127.412720</course><hAcc>1.548229</hAcc><vAcc>0.827745</vAcc></extensions></trkpt>
      <trkpt lon="-76.446154" lat="39.344765"><ele>18.373911</ele><time>2023-07-23T22:55:37Z</time><extensions><speed>1.499348</speed><course>129.977009</course><hAcc>1.583386</hAcc><vAcc>0.827757</vAcc></extensions></trkpt>
      <trkpt lon="-76.446141" lat="39.344755"><ele>18.381770</ele><time>2023-07-23T22:55:38Z</time><extensions><speed>1.532015</speed><course>133.912156</course><hAcc>1.580739</hAcc><vAcc>0.827764</vAcc></extensions></trkpt>
      <trkpt lon="-76.446129" lat="39.344746"><ele>18.396333</ele><time>2023-07-23T22:55:39Z</time><extensions><speed>1.330120</speed><course>136.875374</course><hAcc>1.616890</hAcc><vAcc>0.827766</vAcc></extensions></trkpt>
      <trkpt lon="-76.446119" lat="39.344737"><ele>18.424427</ele><time>2023-07-23T22:55:40Z</time><extensions><speed>1.326641</speed><course>137.729822</course><hAcc>1.603286</hAcc><vAcc>0.827767</vAcc></extensions></trkpt>
      <trkpt lon="-76.446108" lat="39.344729"><ele>18.465438</ele><time>2023-07-23T22:55:41Z</time><extensions><speed>1.351816</speed><course>136.194957</course><hAcc>1.613011</hAcc><vAcc>0.827766</vAcc></extensions></trkpt>
      <trkpt lon="-76.446097" lat="39.344720"><ele>18.516285</ele><time>2023-07-23T22:55:42Z</time><extensions><speed>1.323575</speed><course>133.880044</course><hAcc>1.637852</hAcc><vAcc>0.827759</vAcc></extensions></trkpt>
      <trkpt lon="-76.446086" lat="39.344712"><ele>18.574354</ele><time>2023-07-23T22:55:43Z</time><extensions><speed>1.318953</speed><course>132.431408</course><hAcc>1.660175</hAcc><vAcc>0.827754</vAcc></extensions></trkpt>
      <trkpt lon="-76.446074" lat="39.344704"><ele>18.642145</ele><time>2023-07-23T22:55:44Z</time><extensions><speed>1.339407</speed><course>132.676107</course><hAcc>1.675576</hAcc><vAcc>0.827753</vAcc></extensions></trkpt>
      <trkpt lon="-76.446063" lat="39.344696"><ele>18.718309</ele><time>2023-07-23T22:55:45Z</time><extensions><speed>1.365060</speed><course>132.871028</course><hAcc>1.684627</hAcc><vAcc>0.827753</vAcc></extensions></trkpt>
      <trkpt lon="-76.446051" lat="39.344687"><ele>18.793623</ele><time>2023-07-23T22:55:46Z</time><extensions><speed>1.355509</speed><course>132.733831</course><hAcc>1.689245</hAcc><vAcc>0.827753</vAcc></extensions></trkpt>
      <trkpt lon="-76.446040" lat="39.344679"><ele>18.857437</ele><time>2023-07-23T22:55:47Z</time><extensions><speed>1.300056</speed><course>132.675680</course><hAcc>1.692360</hAcc><vAcc>0.827754</vAcc></extensions></trkpt>
      <trkpt lon="-76.446029" lat="39.344671"><ele>18.908229</ele><time>2023-07-23T22:55:48Z</time><extensions><speed>1.289814</speed><course>131.597519</course><hAcc>1.693179</hAcc><vAcc>0.827751</vAcc></extensions></trkpt>
      <trkpt lon="-76.446018" lat="39.344664"><ele>18.963013</ele><time>2023-07-23T22:55:49Z</time><extensions><speed>1.249710</speed><course>130.385336</course><hAcc>1.693175</hAcc><vAcc>0.827748</vAcc></extensions></trkpt>
      <trkpt lon="-76.446007" lat="39.344657"><ele>19.025343</ele><time>2023-07-23T22:55:50Z</time><extensions><speed>1.244729</speed><course>130.195049</course><hAcc>1.693233</hAcc><vAcc>0.827739</vAcc></extensions></trkpt>
      <trkpt lon="-76.445996" lat="39.344649"><ele>19.094538</ele><time>2023-07-23T22:55:51Z</time><extensions><speed>1.226936</speed><course>131.633647</course><hAcc>1.694247</hAcc><vAcc>0.827725</vAcc></extensions></trkpt>
      <trkpt lon="-76.445985" lat="39.344642"><ele>19.145754</ele><time>2023-07-23T22:55:52Z</time><extensions><speed>1.227953</speed><course>133.274945</course><hAcc>1.695310</hAcc><vAcc>0.827704</vAcc></extensions></trkpt>
      <trkpt lon="-76.445975" lat="39.344634"><ele>19.184901</ele><time>2023-07-23T22:55:53Z</time><extensions><speed>1.206321</speed><course>133.824433</course><hAcc>1.695761</hAcc><vAcc>0.827677</vAcc></extensions></trkpt>
      <trkpt lon="-76.445965" lat="39.344627"><ele>19.196766</ele><time>2023-07-23T22:55:54Z</time><extensions><speed>1.165674</speed><course>133.597823</course><hAcc>1.694795</hAcc><vAcc>0.827655</vAcc></extensions></trkpt>
      <trkpt lon="-76.445956" lat="39.344620"><ele>19.241961</ele><time>2023-07-23T22:55:55Z</time><extensions><speed>1.122800</speed><course>132.930406</course><hAcc>1.693816</hAcc><vAcc>0.827645</vAcc></extensions></trkpt>
      <trkpt lon="-76.445947" lat="39.344613"><ele>19.270247</ele><time>2023-07-23T22:55:56Z</time><extensions><speed>1.043867</speed><course>133.447405</course><hAcc>1.693560</hAcc><vAcc>0.827636</vAcc></extensions></trkpt>
      <trkpt lon="-76.445938" lat="39.344607"><ele>19.321083</ele><time>2023-07-23T22:55:57Z</time><extensions><speed>0.972869</speed><course>134.563523</course><hAcc>1.693664</hAcc><vAcc>0.827613</vAcc></extensions></trkpt>
      <trkpt lon="-76.445930" lat="39.344601"><ele>19.353924</ele><time>2023-07-23T22:55:58Z</time><extensions><speed>0.930565</speed><course>136.290957</course><hAcc>1.693324</hAcc><vAcc>0.827591</vAcc></extensions></trkpt>
      <trkpt lon="-76.445923" lat="39.344594"><ele>19.382366</ele><time>2023-07-23T22:55:59Z</time><extensions><speed>0.966942</speed><course>137.558473</course><hAcc>1.692104</hAcc><vAcc>0.827571</vAcc></extensions></trkpt>
      <trkpt lon="-76.445915" lat="39.344588"><ele>19.408291</ele><time>2023-07-23T22:56:00Z</time><extensions><speed>1.013704</speed><course>136.830867</course><hAcc>1.690426</hAcc><vAcc>0.827558</vAcc></extensions></trkpt>
      <trkpt lon="-76.445907" lat="39.344581"><ele>19.430635</ele><time>2023-07-23T22:56:01Z</time><extensions><speed>1.118136</speed><course>137.668556</course><hAcc>1.689341</hAcc><vAcc>0.827554</vAcc></extensions></trkpt>
      <trkpt lon="-76.445898" lat="39.344573"><ele>19.451062</ele><time>2023-07-23T22:56:02Z</time><extensions><speed>1.175670</speed><course>136.285607</course><hAcc>1.684485</hAcc><vAcc>0.827547</vAcc></extensions></trkpt>
      <trkpt lon="-76.445888" lat="39.344566"><ele>19.471799</ele><time>2023-07-23T22:56:03Z</time><extensions><speed>1.197007</speed><course>135.119043</course><hAcc>1.679561</hAcc><vAcc>0.827542</vAcc></extensions></trkpt>
      <trkpt lon="-76.445878" lat="39.344558"><ele>19.494846</ele><time>2023-07-23T22:56:04Z</time><extensions><speed>1.166459</speed><course>136.161838</course><hAcc>1.681863</hAcc><vAcc>0.827535</vAcc></extensions></trkpt>
      <trkpt lon="-76.445869" lat="39.344550"><ele>19.530544</ele><time>2023-07-23T22:56:05Z</time><extensions><speed>1.161022</speed><course>138.026604</course><hAcc>1.685224</hAcc><vAcc>0.827529</vAcc></extensions></trkpt>
      <trkpt lon="-76.445860" lat="39.344543"><ele>19.564554</ele><time>2023-07-23T22:56:06Z</time><extensions><speed>1.188103</speed><course>135.982935</course><hAcc>1.676508</hAcc><vAcc>0.827522</vAcc></extensions></trkpt>
      <trkpt lon="-76.445851" lat="39.344535"><ele>19.601158</ele><time>2023-07-23T22:56:07Z</time><extensions><speed>1.134235</speed><course>136.723617</course><hAcc>1.668471</hAcc><vAcc>0.827531</vAcc></extensions></trkpt>
      <trkpt lon="-76.445842" lat="39.344528"><ele>19.637012</ele><time>2023-07-23T22:56:08Z</time><extensions><speed>1.054508</speed><course>133.776667</course><hAcc>1.658730</hAcc><vAcc>0.827530</vAcc></extensions></trkpt>
      <trkpt lon="-76.445833" lat="39.344522"><ele>19.678406</ele><time>2023-07-23T22:56:09Z</time><extensions><speed>1.033050</speed><course>133.878045</course><hAcc>1.654159</hAcc><vAcc>0.827523</vAcc></extensions></trkpt>
      <trkpt lon="-76.445824" lat="39.344515"><ele>19.720087</ele><time>2023-07-23T22:56:10Z</time><extensions><speed>1.016456</speed><course>134.343705</course><hAcc>1.663418</hAcc><vAcc>0.827515</vAcc></extensions></trkpt>
      <trkpt lon="-76.445816" lat="39.344509"><ele>19.764942</ele><time>2023-07-23T22:56:11Z</time><extensions><speed>1.023690</speed><course>135.017071</course><hAcc>1.678540</hAcc><vAcc>0.827518</vAcc></extensions></trkpt>
      <trkpt lon="-76.445808" lat="39.344502"><ele>19.808280</ele><time>2023-07-23T22:56:12Z</time><extensions><speed>1.029349</speed><course>135.246577</course><hAcc>1.653087</hAcc><vAcc>0.827506</vAcc></extensions></trkpt>
      <trkpt lon="-76.445799" lat="39.344496"><ele>19.845831</ele><time>2023-07-23T22:56:13Z</time><extensions><speed>1.040813</speed><course>136.605926</course><hAcc>1.637370</hAcc><vAcc>0.827487</vAcc></extensions></trkpt>
      <trkpt lon="-76.445791" lat="39.344489"><ele>19.882722</ele><time>2023-07-23T22:56:14Z</time><extensions><speed>1.035982</speed><course>137.572193</course><hAcc>1.629644</hAcc><vAcc>0.827464</vAcc></extensions></trkpt>
      <trkpt lon="-76.445783" lat="39.344482"><ele>19.918365</ele><time>2023-07-23T22:56:15Z</time><extensions><speed>1.029947</speed><course>136.363518</course><hAcc>1.625732</hAcc><vAcc>0.827437</vAcc></extensions></trkpt>
      <trkpt lon="-76.445775" lat="39.344475"><ele>19.954078</ele><time>2023-07-23T22:56:16Z</time><extensions><speed>1.005544</speed><course>135.225857</course><hAcc>1.646348</hAcc><vAcc>0.827403</vAcc></extensions></trkpt>
      <trkpt lon="-76.445767" lat="39.344469"><ele>19.979074</ele><time>2023-07-23T22:56:17Z</time><extensions><speed>0.982043</speed><course>135.074114</course><hAcc>1.692717</hAcc><vAcc>0.827357</vAcc></extensions></trkpt>
      <trkpt lon="-76.445759" lat="39.344463"><ele>20.008193</ele><time>2023-07-23T22:56:18Z</time><extensions><speed>0.798554</speed><course>132.308759</course><hAcc>1.651768</hAcc><vAcc>0.827307</vAcc></extensions></trkpt>
      <trkpt lon="-76.445753" lat="39.344459"><ele>20.037745</ele><time>2023-07-23T22:56:19Z</time><extensions><speed>0.624021</speed><course>128.836215</course><hAcc>1.635843</hAcc><vAcc>0.827258</vAcc></extensions></trkpt>
      <trkpt lon="-76.445749" lat="39.344457"><ele>20.052967</ele><time>2023-07-23T22:56:20Z</time><extensions><speed>0.316880</speed><course>127.280023</course><hAcc>1.646150</hAcc><vAcc>0.827215</vAcc></extensions></trkpt>
      <trkpt lon="-76.445747" lat="39.344455"><ele>20.061293</ele><time>2023-07-23T22:56:21Z</time><extensions><speed>0.048258</speed><course>178.066131</course><hAcc>1.660225</hAcc><vAcc>0.827179</vAcc></extensions></trkpt>
      <trkpt lon="-76.445748" lat="39.344455"><ele>20.073075</ele><time>2023-07-23T22:56:22Z</time><extensions><speed>0.087494</speed><course>262.192983</course><hAcc>1.671079</hAcc><vAcc>0.827151</vAcc></extensions></trkpt>
      <trkpt lon="-76.445749" lat="39.344455"><ele>20.083557</ele><time>2023-07-23T22:56:23Z</time><extensions><speed>0.100784</speed><course>259.051448</course><hAcc>1.677268</hAcc><vAcc>0.827138</vAcc></extensions></trkpt>
      <trkpt lon="-76.445750" lat="39.344455"><ele>20.093352</ele><time>2023-07-23T22:56:24Z</time><extensions><speed>0.066795</speed><course>234.293874</course><hAcc>1.708442</hAcc><vAcc>0.827142</vAcc></extensions></trkpt>
      <trkpt lon="-76.445750" lat="39.344454"><ele>20.102223</ele><time>2023-07-23T22:56:25Z</time><extensions><speed>0.081614</speed><course>177.888494</course><hAcc>1.713353</hAcc><vAcc>0.827168</vAcc></extensions></trkpt>
      <trkpt lon="-76.445749" lat="39.344453"><ele>20.102124</ele><time>2023-07-23T22:56:26Z</time><extensions><speed>0.194835</speed><course>146.320345</course><hAcc>1.692631</hAcc><vAcc>0.827213</vAcc></extensions></trkpt>
      <trkpt lon="-76.445747" lat="39.344451"><ele>20.084919</ele><time>2023-07-23T22:56:27Z</time><extensions><speed>0.379423</speed><course>134.034229</course><hAcc>1.686118</hAcc><vAcc>0.827269</vAcc></extensions></trkpt>
      <trkpt lon="-76.445743" lat="39.344448"><ele>20.088296</ele><time>2023-07-23T22:56:28Z</time><extensions><speed>0.687204</speed><course>129.659850</course><hAcc>1.688880</hAcc><vAcc>0.827329</vAcc></extensions></trkpt>
      <trkpt lon="-76.445735" lat="39.344444"><ele>20.088154</ele><time>2023-07-23T22:56:29Z</time><extensions><speed>0.896542</speed><course>128.293641</course><hAcc>1.712742</hAcc><vAcc>0.827389</vAcc></extensions></trkpt>
      <trkpt lon="-76.445727" lat="39.344438"><ele>20.097759</ele><time>2023-07-23T22:56:30Z</time><extensions><speed>1.031645</speed><course>127.730099</course><hAcc>1.718887</hAcc><vAcc>0.827443</vAcc></extensions></trkpt>
      <trkpt lon="-76.445717" lat="39.344432"><ele>20.111221</ele><time>2023-07-23T22:56:31Z</time><extensions><speed>1.082359</speed><course>127.847890</course><hAcc>1.712292</hAcc><vAcc>0.827488</vAcc></extensions></trkpt>
      <trkpt lon="-76.445707" lat="39.344426"><ele>20.149108</ele><time>2023-07-23T22:56:32Z</time><extensions><speed>1.103277</speed><course>127.880060</course><hAcc>1.704106</hAcc><vAcc>0.827522</vAcc></extensions></trkpt>
      <trkpt lon="-76.445697" lat="39.344420"><ele>20.174098</ele><time>2023-07-23T22:56:33Z</time><extensions><speed>1.069078</speed><course>129.717419</course><hAcc>1.699024</hAcc><vAcc>0.827549</vAcc></extensions></trkpt>
      <trkpt lon="-76.445688" lat="39.344414"><ele>20.206256</ele><time>2023-07-23T22:56:34Z</time><extensions><speed>1.018197</speed><course>132.037581</course><hAcc>1.694833</hAcc><vAcc>0.827557</vAcc></extensions></trkpt>
      <trkpt lon="-76.445680" lat="39.344408"><ele>20.250764</ele><time>2023-07-23T22:56:35Z</time><extensions><speed>0.964396</speed><course>133.945240</course><hAcc>1.690699</hAcc><vAcc>0.827544</vAcc></extensions></trkpt>
      <trkpt lon="-76.445672" lat="39.344402"><ele>20.289068</ele><time>2023-07-23T22:56:36Z</time><extensions><speed>0.940281</speed><course>137.535785</course><hAcc>1.688619</hAcc><vAcc>0.827516</vAcc></extensions></trkpt>
      <trkpt lon="-76.445665" lat="39.344395"><ele>20.343841</ele><time>2023-07-23T22:56:37Z</time><extensions><speed>1.023012</speed><course>142.135940</course><hAcc>1.685676</hAcc><vAcc>0.827472</vAcc></extensions></trkpt>
      <trkpt lon="-76.445657" lat="39.344387"><ele>20.420411</ele><time>2023-07-23T22:56:38Z</time><extensions><speed>1.169564</speed><course>145.238748</course><hAcc>1.684853</hAcc><vAcc>0.827421</vAcc></extensions></trkpt>
      <trkpt lon="-76.445650" lat="39.344378"><ele>20.473164</ele><time>2023-07-23T22:56:39Z</time><extensions><speed>1.139543</speed><course>150.161051</course><hAcc>1.686559</hAcc><vAcc>0.827374</vAcc></extensions></trkpt>
      <trkpt lon="-76.445644" lat="39.344370"><ele>20.518678</ele><time>2023-07-23T22:56:40Z</time><extensions><speed>1.041488</speed><course>148.765090</course><hAcc>1.685318</hAcc><vAcc>0.827326</vAcc></extensions></trkpt>
      <trkpt lon="-76.445637" lat="39.344362"><ele>20.557090</ele><time>2023-07-23T22:56:41Z</time><extensions><speed>1.062493</speed><course>141.953847</course><hAcc>1.681799</hAcc><vAcc>0.827283</vAcc></extensions></trkpt>
      <trkpt lon="-76.445629" lat="39.344355"><ele>20.608801</ele><time>2023-07-23T22:56:42Z</time><extensions><speed>1.068165</speed><course>135.164688</course><hAcc>1.678514</hAcc><vAcc>0.827261</vAcc></extensions></trkpt>
      <trkpt lon="-76.445620" lat="39.344348"><ele>20.668125</ele><time>2023-07-23T22:56:43Z</time><extensions><speed>1.074144</speed><course>135.253375</course><hAcc>1.677680</hAcc><vAcc>0.827246</vAcc></extensions></trkpt>
      <trkpt lon="-76.445611" lat="39.344341"><ele>20.721172</ele><time>2023-07-23T22:56:44Z</time><extensions><speed>1.010681</speed><course>135.631830</course><hAcc>1.671792</hAcc><vAcc>0.827248</vAcc></extensions></trkpt>
      <trkpt lon="-76.445603" lat="39.344335"><ele>20.777463</ele><time>2023-07-23T22:56:45Z</time><extensions><speed>1.021651</speed><course>134.593231</course><hAcc>1.664805</hAcc><vAcc>0.827258</vAcc></extensions></trkpt>
      <trkpt lon="-76.445594" lat="39.344328"><ele>20.827268</ele><time>2023-07-23T22:56:46Z</time><extensions><speed>1.116378</speed><course>136.570249</course><hAcc>1.660271</hAcc><vAcc>0.827281</vAcc></extensions></trkpt>
      <trkpt lon="-76.445586" lat="39.344321"><ele>20.872861</ele><time>2023-07-23T22:56:47Z</time><extensions><speed>1.122827</speed><course>138.951818</course><hAcc>1.647994</hAcc><vAcc>0.827316</vAcc></extensions></trkpt>
      <trkpt lon="-76.445577" lat="39.344313"><ele>20.932214</ele><time>2023-07-23T22:56:48Z</time><extensions><speed>1.119325</speed><course>135.674571</course><hAcc>1.643858</hAcc><vAcc>0.827355</vAcc></extensions></trkpt>
      <trkpt lon="-76.445568" lat="39.344306"><ele>20.967016</ele><time>2023-07-23T22:56:49Z</time><extensions><speed>1.054781</speed><course>135.532574</course><hAcc>1.648865</hAcc><vAcc>0.827386</vAcc></extensions></trkpt>
      <trkpt lon="-76.445560" lat="39.344299"><ele>20.992539</ele><time>2023-07-23T22:56:50Z</time><extensions><speed>1.047127</speed><course>140.389085</course><hAcc>1.624698</hAcc><vAcc>0.827426</vAcc></extensions></trkpt>
      <trkpt lon="-76.445552" lat="39.344291"><ele>21.032499</ele><time>2023-07-23T22:56:51Z</time><extensions><speed>1.192973</speed><course>143.028291</course><hAcc>1.622681</hAcc><vAcc>0.827460</vAcc></extensions></trkpt>
      <trkpt lon="-76.445543" lat="39.344282"><ele>21.051741</ele><time>2023-07-23T22:56:52Z</time><extensions><speed>1.284128</speed><course>141.889572</course><hAcc>1.651034</hAcc><vAcc>0.827506</vAcc></extensions></trkpt>
      <trkpt lon="-76.445533" lat="39.344274"><ele>21.070318</ele><time>2023-07-23T22:56:53Z</time><extensions><speed>1.234513</speed><course>133.954362</course><hAcc>1.641083</hAcc><vAcc>0.827533</vAcc></extensions></trkpt>
      <trkpt lon="-76.445522" lat="39.344267"><ele>21.097901</ele><time>2023-07-23T22:56:54Z</time><extensions><speed>1.208313</speed><course>128.144078</course><hAcc>1.639737</hAcc><vAcc>0.827543</vAcc></extensions></trkpt>
      <trkpt lon="-76.445511" lat="39.344261"><ele>21.115225</ele><time>2023-07-23T22:56:55Z</time><extensions><speed>1.134433</speed><course>123.933918</course><hAcc>1.635830</hAcc><vAcc>0.827532</vAcc></extensions></trkpt>
      <trkpt lon="-76.445500" lat="39.344255"><ele>21.132793</ele><time>2023-07-23T22:56:56Z</time><extensions><speed>1.172952</speed><course>123.959213</course><hAcc>1.634835</hAcc><vAcc>0.827509</vAcc></extensions></trkpt>
      <trkpt lon="-76.445489" lat="39.344249"><ele>21.139103</ele><time>2023-07-23T22:56:57Z</time><extensions><speed>1.202321</speed><course>125.445818</course><hAcc>1.630881</hAcc><vAcc>0.827470</vAcc></extensions></trkpt>
      <trkpt lon="-76.445478" lat="39.344242"><ele>21.145838</ele><time>2023-07-23T22:56:58Z</time><extensions><speed>1.216804</speed><course>128.736160</course><hAcc>1.624729</hAcc><vAcc>0.827423</vAcc></extensions></trkpt>
      <trkpt lon="-76.445467" lat="39.344235"><ele>21.146785</ele><time>2023-07-23T22:56:59Z</time><extensions><speed>1.265933</speed><course>131.391965</course><hAcc>1.631529</hAcc><vAcc>0.827375</vAcc></extensions></trkpt>
      <trkpt lon="-76.445456" lat="39.344228"><ele>21.140262</ele><time>2023-07-23T22:57:00Z</time><extensions><speed>1.168374</speed><course>133.008252</course><hAcc>1.659156</hAcc><vAcc>0.827330</vAcc></extensions></trkpt>
      <trkpt lon="-76.445447" lat="39.344220"><ele>21.136439</ele><time>2023-07-23T22:57:01Z</time><extensions><speed>1.124115</speed><course>136.322957</course><hAcc>1.635086</hAcc><vAcc>0.827277</vAcc></extensions></trkpt>
      <trkpt lon="-76.445438" lat="39.344213"><ele>21.110918</ele><time>2023-07-23T22:57:02Z</time><extensions><speed>1.117725</speed><course>138.795929</course><hAcc>1.643261</hAcc><vAcc>0.827239</vAcc></extensions></trkpt>
      <trkpt lon="-76.445429" lat="39.344205"><ele>21.074761</ele><time>2023-07-23T22:57:03Z</time><extensions><speed>1.200858</speed><course>137.712337</course><hAcc>1.631161</hAcc><vAcc>0.827191</vAcc></extensions></trkpt>
      <trkpt lon="-76.445420" lat="39.344197"><ele>21.044692</ele><time>2023-07-23T22:57:04Z</time><extensions><speed>1.195856</speed><course>138.645929</course><hAcc>1.637246</hAcc><vAcc>0.827146</vAcc></extensions></trkpt>
      <trkpt lon="-76.445410" lat="39.344189"><ele>20.997257</ele><time>2023-07-23T22:57:05Z</time><extensions><speed>1.195365</speed><course>137.072603</course><hAcc>1.648948</hAcc><vAcc>0.827118</vAcc></extensions></trkpt>
      <trkpt lon="-76.445401" lat="39.344182"><ele>20.954790</ele><time>2023-07-23T22:57:06Z</time><extensions><speed>1.155357</speed><course>133.082954</course><hAcc>1.654188</hAcc><vAcc>0.827114</vAcc></extensions></trkpt>
      <trkpt lon="-76.445390" lat="39.344174"><ele>20.909111</ele><time>2023-07-23T22:57:07Z</time><extensions><speed>1.232683</speed><course>130.484264</course><hAcc>1.650086</hAcc><vAcc>0.827126</vAcc></extensions></trkpt>
      <trkpt lon="-76.445379" lat="39.344167"><ele>20.860796</ele><time>2023-07-23T22:57:08Z</time><extensions><speed>1.265707</speed><course>130.091491</course><hAcc>1.638403</hAcc><vAcc>0.827139</vAcc></extensions></trkpt>
      <trkpt lon="-76.445368" lat="39.344160"><ele>20.817462</ele><time>2023-07-23T22:57:09Z</time><extensions><speed>1.230736</speed><course>130.819663</course><hAcc>1.622714</hAcc><vAcc>0.827161</vAcc></extensions></trkpt>
      <trkpt lon="-76.445357" lat="39.344153"><ele>20.773121</ele><time>2023-07-23T22:57:10Z</time><extensions><speed>1.247065</speed><course>131.075142</course><hAcc>1.612615</hAcc><vAcc>0.827193</vAcc></extensions></trkpt>
      <trkpt lon="-76.445347" lat="39.344145"><ele>20.729616</ele><time>2023-07-23T22:57:11Z</time><extensions><speed>1.218226</speed><course>132.378942</course><hAcc>1.630049</hAcc><vAcc>0.831948</vAcc></extensions></trkpt>
      <trkpt lon="-76.445337" lat="39.344138"><ele>20.690086</ele><time>2023-07-23T22:57:12Z</time><extensions><speed>1.161279</speed><course>133.262030</course><hAcc>1.679706</hAcc><vAcc>0.837984</vAcc></extensions></trkpt>
      <trkpt lon="-76.445326" lat="39.344131"><ele>20.649434</ele><time>2023-07-23T22:57:13Z</time><extensions><speed>1.153655</speed><course>124.563976</course><hAcc>1.627372</hAcc><vAcc>0.845582</vAcc></extensions></trkpt>
      <trkpt lon="-76.445315" lat="39.344126"><ele>20.613468</ele><time>2023-07-23T22:57:14Z</time><extensions><speed>1.161040</speed><course>119.426959</course><hAcc>1.616132</hAcc><vAcc>0.855270</vAcc></extensions></trkpt>
      <trkpt lon="-76.445304" lat="39.344120"><ele>20.580855</ele><time>2023-07-23T22:57:15Z</time><extensions><speed>1.123950</speed><course>123.605371</course><hAcc>1.651666</hAcc><vAcc>0.867777</vAcc></extensions></trkpt>
      <trkpt lon="-76.445293" lat="39.344114"><ele>20.552814</ele><time>2023-07-23T22:57:16Z</time><extensions><speed>1.155162</speed><course>127.343059</course><hAcc>1.700246</hAcc><vAcc>0.884047</vAcc></extensions></trkpt>
      <trkpt lon="-76.445282" lat="39.344108"><ele>20.531916</ele><time>2023-07-23T22:57:17Z</time><extensions><speed>1.273821</speed><course>129.160160</course><hAcc>1.760162</hAcc><vAcc>0.905271</vAcc></extensions></trkpt>
      <trkpt lon="-76.445271" lat="39.344100"><ele>20.515236</ele><time>2023-07-23T22:57:18Z</time><extensions><speed>1.245093</speed><course>131.536981</course><hAcc>1.836026</hAcc><vAcc>0.932933</vAcc></extensions></trkpt>
      <trkpt lon="-76.445260" lat="39.344093"><ele>20.501236</ele><time>2023-07-23T22:57:19Z</time><extensions><speed>1.227712</speed><course>132.389083</course><hAcc>1.932093</hAcc><vAcc>0.968845</vAcc></extensions></trkpt>
      <trkpt lon="-76.445249" lat="39.344086"><ele>20.493585</ele><time>2023-07-23T22:57:20Z</time><extensions><speed>1.224152</speed><course>130.628260</course><hAcc>2.013215</hAcc><vAcc>1.015154</vAcc></extensions></trkpt>
      <trkpt lon="-76.445201" lat="39.344053"><ele>20.621204</ele><time>2023-07-23T22:57:25Z</time><extensions><speed>0.986850</speed><course>132.708826</course><hAcc>2.021157</hAcc><vAcc>1.010073</vAcc></extensions></trkpt>
      <trkpt lon="-76.445193" lat="39.344047"><ele>20.682948</ele><time>2023-07-23T22:57:26Z</time><extensions><speed>0.896843</speed><course>134.387914</course><hAcc>1.935545</hAcc><vAcc>0.962701</vAcc></extensions></trkpt>
      <trkpt lon="-76.445186" lat="39.344041"><ele>20.739779</ele><time>2023-07-23T22:57:27Z</time><extensions><speed>0.956132</speed><course>136.123078</course><hAcc>1.835472</hAcc><vAcc>0.928041</vAcc></extensions></trkpt>
      <trkpt lon="-76.445178" lat="39.344034"><ele>20.801467</ele><time>2023-07-23T22:57:28Z</time><extensions><speed>1.025670</speed><course>137.990002</course><hAcc>1.757683</hAcc><vAcc>0.902938</vAcc></extensions></trkpt>
      <trkpt lon="-76.445170" lat="39.344027"><ele>20.866736</ele><time>2023-07-23T22:57:29Z</time><extensions><speed>1.025869</speed><course>139.551787</course><hAcc>1.706158</hAcc><vAcc>0.884848</vAcc></extensions></trkpt>
      <trkpt lon="-76.445162" lat="39.344021"><ele>20.921569</ele><time>2023-07-23T22:57:30Z</time><extensions><speed>0.937286</speed><course>137.962680</course><hAcc>1.678098</hAcc><vAcc>0.871790</vAcc></extensions></trkpt>
      <trkpt lon="-76.445156" lat="39.344016"><ele>20.975249</ele><time>2023-07-23T22:57:31Z</time><extensions><speed>0.657954</speed><course>126.350461</course><hAcc>1.680892</hAcc><vAcc>0.862285</vAcc></extensions></trkpt>
      <trkpt lon="-76.445151" lat="39.344013"><ele>21.010196</ele><time>2023-07-23T22:57:32Z</time><extensions><speed>0.297707</speed><course>119.875854</course><hAcc>1.705052</hAcc><vAcc>0.855259</vAcc></extensions></trkpt>
      <trkpt lon="-76.445147" lat="39.344012"><ele>21.034187</ele><time>2023-07-23T22:57:33Z</time><extensions><speed>0.518110</speed><course>121.060922</course><hAcc>1.661480</hAcc><vAcc>0.849956</vAcc></extensions></trkpt>
      <trkpt lon="-76.445141" lat="39.344009"><ele>21.054654</ele><time>2023-07-23T22:57:34Z</time><extensions><speed>0.632091</speed><course>122.797865</course><hAcc>1.661997</hAcc><vAcc>0.845847</vAcc></extensions></trkpt>
      <trkpt lon="-76.445135" lat="39.344006"><ele>21.065276</ele><time>2023-07-23T22:57:35Z</time><extensions><speed>0.721070</speed><course>120.344135</course><hAcc>1.675378</hAcc><vAcc>0.842583</vAcc></extensions></trkpt>
      <trkpt lon="-76.445127" lat="39.344002"><ele>21.061981</ele><time>2023-07-23T22:57:36Z</time><extensions><speed>0.776141</speed><course>119.990909</course><hAcc>1.684966</hAcc><vAcc>0.839932</vAcc></extensions></trkpt>
      <trkpt lon="-76.445119" lat="39.343999"><ele>21.053873</ele><time>2023-07-23T22:57:37Z</time><extensions><speed>0.722516</speed><course>119.986171</course><hAcc>1.691283</hAcc><vAcc>0.837740</vAcc></extensions></trkpt>
      <trkpt lon="-76.445112" lat="39.343995"><ele>21.048602</ele><time>2023-07-23T22:57:38Z</time><extensions><speed>0.750819</speed><course>121.626886</course><hAcc>1.695085</hAcc><vAcc>0.835905</vAcc></extensions></trkpt>
      <trkpt lon="-76.445105" lat="39.343992"><ele>21.035431</ele><time>2023-07-23T22:57:39Z</time><extensions><speed>0.790949</speed><course>123.067309</course><hAcc>1.696713</hAcc><vAcc>0.834356</vAcc></extensions></trkpt>
      <trkpt lon="-76.445097" lat="39.343988"><ele>21.021321</ele><time>2023-07-23T22:57:40Z</time><extensions><speed>0.830397</speed><course>123.555725</course><hAcc>1.696821</hAcc><vAcc>0.833052</vAcc></extensions></trkpt>
      <trkpt lon="-76.445089" lat="39.343984"><ele>21.002615</ele><time>2023-07-23T22:57:41Z</time><extensions><speed>0.843376</speed><course>124.052698</course><hAcc>1.696533</hAcc><vAcc>0.831979</vAcc></extensions></trkpt>
      <trkpt lon="-76.445080" lat="39.343979"><ele>20.992368</ele><time>2023-07-23T22:57:42Z</time><extensions><speed>0.923964</speed><course>123.690994</course><hAcc>1.696956</hAcc><vAcc>0.831085</vAcc></extensions></trkpt>
      <trkpt lon="-76.445071" lat="39.343974"><ele>20.976821</ele><time>2023-07-23T22:57:43Z</time><extensions><speed>0.932527</speed><course>124.122704</course><hAcc>1.695878</hAcc><vAcc>0.830351</vAcc></extensions></trkpt>
      <trkpt lon="-76.445062" lat="39.343969"><ele>20.959331</ele><time>2023-07-23T22:57:44Z</time><extensions><speed>1.030501</speed><course>125.270820</course><hAcc>1.690795</hAcc><vAcc>0.829746</vAcc></extensions></trkpt>
      <trkpt lon="-76.445052" lat="39.343964"><ele>20.940784</ele><time>2023-07-23T22:57:45Z</time><extensions><speed>1.082978</speed><course>128.456394</course><hAcc>1.686817</hAcc><vAcc>0.829257</vAcc></extensions></trkpt>
      <trkpt lon="-76.445042" lat="39.343957"><ele>20.919064</ele><time>2023-07-23T22:57:46Z</time><extensions><speed>1.105103</speed><course>131.360866</course><hAcc>1.680436</hAcc><vAcc>0.828868</vAcc></extensions></trkpt>
      <trkpt lon="-76.445033" lat="39.343951"><ele>20.891611</ele><time>2023-07-23T22:57:47Z</time><extensions><speed>1.076734</speed><course>132.219772</course><hAcc>1.666921</hAcc><vAcc>0.828566</vAcc></extensions></trkpt>
      <trkpt lon="-76.445023" lat="39.343944"><ele>20.870078</ele><time>2023-07-23T22:57:48Z</time><extensions><speed>1.106415</speed><course>132.882033</course><hAcc>1.645281</hAcc><vAcc>0.828337</vAcc></extensions></trkpt>
      <trkpt lon="-76.445014" lat="39.343937"><ele>20.856210</ele><time>2023-07-23T22:57:49Z</time><extensions><speed>1.199021</speed><course>133.020911</course><hAcc>1.619362</hAcc><vAcc>0.828192</vAcc></extensions></trkpt>
      <trkpt lon="-76.445004" lat="39.343930"><ele>20.848849</ele><time>2023-07-23T22:57:50Z</time><extensions><speed>1.134271</speed><course>132.639658</course><hAcc>1.608152</hAcc><vAcc>0.828092</vAcc></extensions></trkpt>
      <trkpt lon="-76.444994" lat="39.343923"><ele>20.860166</ele><time>2023-07-23T22:57:51Z</time><extensions><speed>1.019534</speed><course>128.326930</course><hAcc>1.622021</hAcc><vAcc>0.828013</vAcc></extensions></trkpt>
      <trkpt lon="-76.444985" lat="39.343917"><ele>20.856161</ele><time>2023-07-23T22:57:52Z</time><extensions><speed>1.164823</speed><course>132.081630</course><hAcc>1.607773</hAcc><vAcc>0.827950</vAcc></extensions></trkpt>
      <trkpt lon="-76.444976" lat="39.343910"><ele>20.848555</ele><time>2023-07-23T22:57:53Z</time><extensions><speed>1.078590</speed><course>140.953503</course><hAcc>1.646754</hAcc><vAcc>0.827894</vAcc></extensions></trkpt>
      <trkpt lon="-76.444968" lat="39.343902"><ele>20.849426</ele><time>2023-07-23T22:57:54Z</time><extensions><speed>1.156734</speed><course>145.235749</course><hAcc>1.605954</hAcc><vAcc>0.827843</vAcc></extensions></trkpt>
      <trkpt lon="-76.444960" lat="39.343893"><ele>20.851968</ele><time>2023-07-23T22:57:55Z</time><extensions><speed>1.196544</speed><course>144.465151</course><hAcc>1.599250</hAcc><vAcc>0.827804</vAcc></extensions></trkpt>
      <trkpt lon="-76.444952" lat="39.343884"><ele>20.852476</ele><time>2023-07-23T22:57:56Z</time><extensions><speed>1.127247</speed><course>142.097078</course><hAcc>1.621181</hAcc><vAcc>0.827771</vAcc></extensions></trkpt>
      <trkpt lon="-76.444944" lat="39.343877"><ele>20.836560</ele><time>2023-07-23T22:57:57Z</time><extensions><speed>1.069206</speed><course>139.865164</course><hAcc>1.643103</hAcc><vAcc>0.827743</vAcc></extensions></trkpt>
      <trkpt lon="-76.444936" lat="39.343870"><ele>20.848016</ele><time>2023-07-23T22:57:58Z</time><extensions><speed>0.984012</speed><course>137.687170</course><hAcc>1.658136</hAcc><vAcc>0.827709</vAcc></extensions></trkpt>
      <trkpt lon="-76.444928" lat="39.343863"><ele>20.869387</ele><time>2023-07-23T22:57:59Z</time><extensions><speed>0.980103</speed><course>138.344899</course><hAcc>1.668037</hAcc><vAcc>0.827678</vAcc></extensions></trkpt>
      <trkpt lon="-76.444921" lat="39.343856"><ele>20.883988</ele><time>2023-07-23T22:58:00Z</time><extensions><speed>0.950335</speed><course>142.960738</course><hAcc>1.666135</hAcc><vAcc>0.827629</vAcc></extensions></trkpt>
      <trkpt lon="-76.444915" lat="39.343850"><ele>20.887060</ele><time>2023-07-23T22:58:01Z</time><extensions><speed>0.842818</speed><course>151.756965</course><hAcc>1.664773</hAcc><vAcc>0.827566</vAcc></extensions></trkpt>
      <trkpt lon="-76.444911" lat="39.343842"><ele>20.903706</ele><time>2023-07-23T22:58:02Z</time><extensions><speed>0.916007</speed><course>160.562036</course><hAcc>1.662944</hAcc><vAcc>0.827502</vAcc></extensions></trkpt>
      <trkpt lon="-76.444907" lat="39.343834"><ele>20.939730</ele><time>2023-07-23T22:58:03Z</time><extensions><speed>1.135238</speed><course>157.858336</course><hAcc>1.646554</hAcc><vAcc>0.827438</vAcc></extensions></trkpt>
      <trkpt lon="-76.444901" lat="39.343825"><ele>20.972645</ele><time>2023-07-23T22:58:04Z</time><extensions><speed>1.154333</speed><course>148.530427</course><hAcc>1.624046</hAcc><vAcc>0.827372</vAcc></extensions></trkpt>
      <trkpt lon="-76.444893" lat="39.343816"><ele>21.024771</ele><time>2023-07-23T22:58:05Z</time><extensions><speed>1.167616</speed><course>139.087893</course><hAcc>1.602082</hAcc><vAcc>0.827311</vAcc></extensions></trkpt>
      <trkpt lon="-76.444884" lat="39.343809"><ele>21.085195</ele><time>2023-07-23T22:58:06Z</time><extensions><speed>1.177798</speed><course>133.367360</course><hAcc>1.610765</hAcc><vAcc>0.827273</vAcc></extensions></trkpt>
      <trkpt lon="-76.444874" lat="39.343802"><ele>21.134996</ele><time>2023-07-23T22:58:07Z</time><extensions><speed>1.046602</speed><course>129.036616</course><hAcc>1.651456</hAcc><vAcc>0.827241</vAcc></extensions></trkpt>
      <trkpt lon="-76.444863" lat="39.343796"><ele>21.205448</ele><time>2023-07-23T22:58:08Z</time><extensions><speed>1.250836</speed><course>125.173065</course><hAcc>1.583655</hAcc><vAcc>0.827221</vAcc></extensions></trkpt>
      <trkpt lon="-76.444851" lat="39.343789"><ele>21.293792</ele><time>2023-07-23T22:58:09Z</time><extensions><speed>1.317903</speed><course>122.729255</course><hAcc>1.541610</hAcc><vAcc>0.827195</vAcc></extensions></trkpt>
      <trkpt lon="-76.444838" lat="39.343783"><ele>21.371288</ele><time>2023-07-23T22:58:10Z</time><extensions><speed>1.369955</speed><course>123.502631</course><hAcc>1.560943</hAcc><vAcc>0.827184</vAcc></extensions></trkpt>
      <trkpt lon="-76.444825" lat="39.343776"><ele>21.434418</ele><time>2023-07-23T22:58:11Z</time><extensions><speed>1.274949</speed><course>126.214417</course><hAcc>1.622239</hAcc><vAcc>0.827173</vAcc></extensions></trkpt>
      <trkpt lon="-76.444813" lat="39.343769"><ele>21.500359</ele><time>2023-07-23T22:58:12Z</time><extensions><speed>1.225005</speed><course>125.316629</course><hAcc>1.610463</hAcc><vAcc>0.827172</vAcc></extensions></trkpt>
      <trkpt lon="-76.444802" lat="39.343763"><ele>21.588105</ele><time>2023-07-23T22:58:13Z</time><extensions><speed>1.166190</speed><course>130.304893</course><hAcc>1.575235</hAcc><vAcc>0.827177</vAcc></extensions></trkpt>
      <trkpt lon="-76.444792" lat="39.343756"><ele>21.669445</ele><time>2023-07-23T22:58:14Z</time><extensions><speed>1.256331</speed><course>130.414774</course><hAcc>1.575021</hAcc><vAcc>0.827194</vAcc></extensions></trkpt>
      <trkpt lon="-76.444780" lat="39.343748"><ele>21.731874</ele><time>2023-07-23T22:58:15Z</time><extensions><speed>1.292081</speed><course>128.742693</course><hAcc>1.599905</hAcc><vAcc>0.827239</vAcc></extensions></trkpt>
      <trkpt lon="-76.444769" lat="39.343741"><ele>21.800589</ele><time>2023-07-23T22:58:16Z</time><extensions><speed>1.224212</speed><course>126.759150</course><hAcc>1.633915</hAcc><vAcc>0.827274</vAcc></extensions></trkpt>
      <trkpt lon="-76.444758" lat="39.343735"><ele>21.863668</ele><time>2023-07-23T22:58:17Z</time><extensions><speed>1.188912</speed><course>130.561564</course><hAcc>1.640210</hAcc><vAcc>0.827309</vAcc></extensions></trkpt>
      <trkpt lon="-76.444748" lat="39.343727"><ele>21.910266</ele><time>2023-07-23T22:58:18Z</time><extensions><speed>1.170544</speed><course>134.783305</course><hAcc>1.651451</hAcc><vAcc>0.827358</vAcc></extensions></trkpt>
      <trkpt lon="-76.444738" lat="39.343720"><ele>21.948039</ele><time>2023-07-23T22:58:19Z</time><extensions><speed>1.158814</speed><course>135.665577</course><hAcc>1.647196</hAcc><vAcc>0.827414</vAcc></extensions></trkpt>
      <trkpt lon="-76.444729" lat="39.343713"><ele>21.970736</ele><time>2023-07-23T22:58:20Z</time><extensions><speed>1.083151</speed><course>134.124786</course><hAcc>1.646340</hAcc><vAcc>0.827460</vAcc></extensions></trkpt>
      <trkpt lon="-76.444720" lat="39.343706"><ele>22.016710</ele><time>2023-07-23T22:58:21Z</time><extensions><speed>1.133044</speed><course>134.190300</course><hAcc>1.644531</hAcc><vAcc>0.827513</vAcc></extensions></trkpt>
      <trkpt lon="-76.444710" lat="39.343698"><ele>22.067584</ele><time>2023-07-23T22:58:22Z</time><extensions><speed>1.229327</speed><course>137.261484</course><hAcc>1.640205</hAcc><vAcc>0.827546</vAcc></extensions></trkpt>
      <trkpt lon="-76.444700" lat="39.343690"><ele>22.103167</ele><time>2023-07-23T22:58:23Z</time><extensions><speed>1.296784</speed><course>138.787555</course><hAcc>1.633324</hAcc><vAcc>0.827571</vAcc></extensions></trkpt>
      <trkpt lon="-76.444690" lat="39.343681"><ele>22.100493</ele><time>2023-07-23T22:58:24Z</time><extensions><speed>1.298294</speed><course>138.570427</course><hAcc>1.631537</hAcc><vAcc>0.827589</vAcc></extensions></trkpt>
      <trkpt lon="-76.444680" lat="39.343672"><ele>22.095781</ele><time>2023-07-23T22:58:25Z</time><extensions><speed>1.272072</speed><course>137.477643</course><hAcc>1.631698</hAcc><vAcc>0.827601</vAcc></extensions></trkpt>
      <trkpt lon="-76.444671" lat="39.343664"><ele>22.082594</ele><time>2023-07-23T22:58:26Z</time><extensions><speed>1.240092</speed><course>136.516975</course><hAcc>1.599131</hAcc><vAcc>0.827599</vAcc></extensions></trkpt>
      <trkpt lon="-76.444660" lat="39.343656"><ele>22.073411</ele><time>2023-07-23T22:58:27Z</time><extensions><speed>1.281017</speed><course>133.254191</course><hAcc>1.606210</hAcc><vAcc>0.827587</vAcc></extensions></trkpt>
      <trkpt lon="-76.444649" lat="39.343649"><ele>22.071100</ele><time>2023-07-23T22:58:28Z</time><extensions><speed>1.221624</speed><course>130.389965</course><hAcc>1.653883</hAcc><vAcc>0.827566</vAcc></extensions></trkpt>
      <trkpt lon="-76.444639" lat="39.343642"><ele>22.061029</ele><time>2023-07-23T22:58:29Z</time><extensions><speed>1.148638</speed><course>130.936262</course><hAcc>1.617315</hAcc><vAcc>0.827535</vAcc></extensions></trkpt>
      <trkpt lon="-76.444629" lat="39.343635"><ele>22.044773</ele><time>2023-07-23T22:58:30Z</time><extensions><speed>1.131929</speed><course>132.977954</course><hAcc>1.600884</hAcc><vAcc>0.827515</vAcc></extensions></trkpt>
      <trkpt lon="-76.444620" lat="39.343627"><ele>22.020586</ele><time>2023-07-23T22:58:31Z</time><extensions><speed>1.145383</speed><course>136.696234</course><hAcc>1.611763</hAcc><vAcc>0.827495</vAcc></extensions></trkpt>
      <trkpt lon="-76.444610" lat="39.343620"><ele>22.004668</ele><time>2023-07-23T22:58:32Z</time><extensions><speed>1.197329</speed><course>134.605228</course><hAcc>1.617956</hAcc><vAcc>0.827466</vAcc></extensions></trkpt>
      <trkpt lon="-76.444600" lat="39.343613"><ele>21.988660</ele><time>2023-07-23T22:58:33Z</time><extensions><speed>1.170696</speed><course>131.123572</course><hAcc>1.619585</hAcc><vAcc>0.827446</vAcc></extensions></trkpt>
      <trkpt lon="-76.444590" lat="39.343606"><ele>21.966423</ele><time>2023-07-23T22:58:34Z</time><extensions><speed>1.156281</speed><course>129.313224</course><hAcc>1.638607</hAcc><vAcc>0.827436</vAcc></extensions></trkpt>
      <trkpt lon="-76.444580" lat="39.343599"><ele>21.938238</ele><time>2023-07-23T22:58:35Z</time><extensions><speed>1.153782</speed><course>130.391371</course><hAcc>1.669381</hAcc><vAcc>0.827439</vAcc></extensions></trkpt>
      <trkpt lon="-76.444570" lat="39.343592"><ele>21.899021</ele><time>2023-07-23T22:58:36Z</time><extensions><speed>1.089571</speed><course>135.688016</course><hAcc>1.630967</hAcc><vAcc>0.827448</vAcc></extensions></trkpt>
      <trkpt lon="-76.444562" lat="39.343585"><ele>21.850725</ele><time>2023-07-23T22:58:37Z</time><extensions><speed>1.017920</speed><course>137.819349</course><hAcc>1.603182</hAcc><vAcc>0.827468</vAcc></extensions></trkpt>
      <trkpt lon="-76.444553" lat="39.343578"><ele>21.803822</ele><time>2023-07-23T22:58:38Z</time><extensions><speed>1.056728</speed><course>139.531374</course><hAcc>1.590356</hAcc><vAcc>0.827505</vAcc></extensions></trkpt>
      <trkpt lon="-76.444545" lat="39.343571"><ele>21.747639</ele><time>2023-07-23T22:58:39Z</time><extensions><speed>1.112400</speed><course>140.190856</course><hAcc>1.587120</hAcc><vAcc>0.827538</vAcc></extensions></trkpt>
      <trkpt lon="-76.444536" lat="39.343563"><ele>21.707508</ele><time>2023-07-23T22:58:40Z</time><extensions><speed>1.218109</speed><course>138.812296</course><hAcc>1.616044</hAcc><vAcc>0.827572</vAcc></extensions></trkpt>
      <trkpt lon="-76.444527" lat="39.343555"><ele>21.671989</ele><time>2023-07-23T22:58:41Z</time><extensions><speed>1.215862</speed><course>140.523657</course><hAcc>1.663013</hAcc><vAcc>0.827597</vAcc></extensions></trkpt>
      <trkpt lon="-76.444518" lat="39.343547"><ele>21.644073</ele><time>2023-07-23T22:58:42Z</time><extensions><speed>1.213693</speed><course>137.083235</course><hAcc>1.610574</hAcc><vAcc>0.827619</vAcc></extensions></trkpt>
      <trkpt lon="-76.444508" lat="39.343539"><ele>21.624803</ele><time>2023-07-23T22:58:43Z</time><extensions><speed>1.227121</speed><course>129.747662</course><hAcc>1.593918</hAcc><vAcc>0.827634</vAcc></extensions></trkpt>
      <trkpt lon="-76.444497" lat="39.343533"><ele>21.608425</ele><time>2023-07-23T22:58:44Z</time><extensions><speed>1.156216</speed><course>125.373356</course><hAcc>1.614849</hAcc><vAcc>0.827629</vAcc></extensions></trkpt>
      <trkpt lon="-76.444486" lat="39.343527"><ele>21.588322</ele><time>2023-07-23T22:58:45Z</time><extensions><speed>1.094109</speed><course>121.468431</course><hAcc>1.637282</hAcc><vAcc>0.827633</vAcc></extensions></trkpt>
      <trkpt lon="-76.444474" lat="39.343523"><ele>21.576947</ele><time>2023-07-23T22:58:46Z</time><extensions><speed>1.115007</speed><course>112.669265</course><hAcc>1.637444</hAcc><vAcc>0.827629</vAcc></extensions></trkpt>
      <trkpt lon="-76.444462" lat="39.343520"><ele>21.561006</ele><time>2023-07-23T22:58:47Z</time><extensions><speed>1.179728</speed><course>104.256170</course><hAcc>1.633439</hAcc><vAcc>0.827607</vAcc></extensions></trkpt>
      <trkpt lon="-76.444448" lat="39.343518"><ele>21.552033</ele><time>2023-07-23T22:58:48Z</time><extensions><speed>1.198007</speed><course>93.487127</course><hAcc>1.629468</hAcc><vAcc>0.827575</vAcc></extensions></trkpt>
      <trkpt lon="-76.444434" lat="39.343519"><ele>21.536519</ele><time>2023-07-23T22:58:49Z</time><extensions><speed>1.225565</speed><course>79.565794</course><hAcc>1.636304</hAcc><vAcc>0.827537</vAcc></extensions></trkpt>
      <trkpt lon="-76.444420" lat="39.343522"><ele>21.533823</ele><time>2023-07-23T22:58:50Z</time><extensions><speed>1.236700</speed><course>69.451594</course><hAcc>1.661982</hAcc><vAcc>0.827494</vAcc></extensions></trkpt>
      <trkpt lon="-76.444407" lat="39.343528"><ele>21.524243</ele><time>2023-07-23T22:58:51Z</time><extensions><speed>1.376275</speed><course>50.944704</course><hAcc>1.631739</hAcc><vAcc>0.827451</vAcc></extensions></trkpt>
      <trkpt lon="-76.444396" lat="39.343536"><ele>21.511367</ele><time>2023-07-23T22:58:52Z</time><extensions><speed>1.428878</speed><course>42.899431</course><hAcc>1.612996</hAcc><vAcc>0.827416</vAcc></extensions></trkpt>
      <trkpt lon="-76.444385" lat="39.343546"><ele>21.489250</ele><time>2023-07-23T22:58:53Z</time><extensions><speed>1.371512</speed><course>37.573592</course><hAcc>1.612447</hAcc><vAcc>0.827383</vAcc></extensions></trkpt>
      <trkpt lon="-76.444375" lat="39.343556"><ele>21.467059</ele><time>2023-07-23T22:58:54Z</time><extensions><speed>1.370779</speed><course>38.098861</course><hAcc>1.609846</hAcc><vAcc>0.827355</vAcc></extensions></trkpt>
      <trkpt lon="-76.444365" lat="39.343565"><ele>21.443312</ele><time>2023-07-23T22:58:55Z</time><extensions><speed>1.327280</speed><course>43.090697</course><hAcc>1.623773</hAcc><vAcc>0.827336</vAcc></extensions></trkpt>
      <trkpt lon="-76.444355" lat="39.343573"><ele>21.422233</ele><time>2023-07-23T22:58:56Z</time><extensions><speed>1.227825</speed><course>45.497827</course><hAcc>1.643858</hAcc><vAcc>0.827320</vAcc></extensions></trkpt>
      <trkpt lon="-76.444345" lat="39.343581"><ele>21.419517</ele><time>2023-07-23T22:58:57Z</time><extensions><speed>1.231459</speed><course>44.353201</course><hAcc>1.617982</hAcc><vAcc>0.827303</vAcc></extensions></trkpt>
      <trkpt lon="-76.444335" lat="39.343589"><ele>21.410760</ele><time>2023-07-23T22:58:58Z</time><extensions><speed>1.226108</speed><course>42.328581</course><hAcc>1.609245</hAcc><vAcc>0.827292</vAcc></extensions></trkpt>
      <trkpt lon="-76.444325" lat="39.343598"><ele>21.402094</ele><time>2023-07-23T22:58:59Z</time><extensions><speed>1.236003</speed><course>40.470971</course><hAcc>1.616276</hAcc><vAcc>0.827289</vAcc></extensions></trkpt>
      <trkpt lon="-76.444316" lat="39.343606"><ele>21.387214</ele><time>2023-07-23T22:59:00Z</time><extensions><speed>1.272840</speed><course>41.255864</course><hAcc>1.630852</hAcc><vAcc>0.827288</vAcc></extensions></trkpt>
      <trkpt lon="-76.444306" lat="39.343615"><ele>21.369764</ele><time>2023-07-23T22:59:01Z</time><extensions><speed>1.205819</speed><course>41.480971</course><hAcc>1.645102</hAcc><vAcc>0.827305</vAcc></extensions></trkpt>
      <trkpt lon="-76.444297" lat="39.343623"><ele>21.358798</ele><time>2023-07-23T22:59:02Z</time><extensions><speed>1.145365</speed><course>40.837837</course><hAcc>1.646824</hAcc><vAcc>0.827316</vAcc></extensions></trkpt>
      <trkpt lon="-76.444289" lat="39.343630"><ele>21.352842</ele><time>2023-07-23T22:59:03Z</time><extensions><speed>1.125174</speed><course>42.383572</course><hAcc>1.639308</hAcc><vAcc>0.827327</vAcc></extensions></trkpt>
      <trkpt lon="-76.444280" lat="39.343638"><ele>21.344884</ele><time>2023-07-23T22:59:04Z</time><extensions><speed>1.142696</speed><course>43.446937</course><hAcc>1.641236</hAcc><vAcc>0.827335</vAcc></extensions></trkpt>
      <trkpt lon="-76.444270" lat="39.343645"><ele>21.355315</ele><time>2023-07-23T22:59:05Z</time><extensions><speed>1.177414</speed><course>43.910643</course><hAcc>1.646492</hAcc><vAcc>0.827341</vAcc></extensions></trkpt>
      <trkpt lon="-76.444261" lat="39.343653"><ele>21.354778</ele><time>2023-07-23T22:59:06Z</time><extensions><speed>1.185211</speed><course>44.374080</course><hAcc>1.647529</hAcc><vAcc>0.827343</vAcc></extensions></trkpt>
      <trkpt lon="-76.444251" lat="39.343660"><ele>21.357390</ele><time>2023-07-23T22:59:07Z</time><extensions><speed>1.176029</speed><course>47.121003</course><hAcc>1.641691</hAcc><vAcc>0.827343</vAcc></extensions></trkpt>
      <trkpt lon="-76.444241" lat="39.343667"><ele>21.366239</ele><time>2023-07-23T22:59:08Z</time><extensions><speed>1.181210</speed><course>48.312888</course><hAcc>1.629297</hAcc><vAcc>0.827354</vAcc></extensions></trkpt>
      <trkpt lon="-76.444230" lat="39.343675"><ele>21.383560</ele><time>2023-07-23T22:59:09Z</time><extensions><speed>1.239652</speed><course>48.000948</course><hAcc>1.617967</hAcc><vAcc>0.827360</vAcc></extensions></trkpt>
      <trkpt lon="-76.444220" lat="39.343682"><ele>21.394127</ele><time>2023-07-23T22:59:10Z</time><extensions><speed>1.204230</speed><course>46.745888</course><hAcc>1.627576</hAcc><vAcc>0.827368</vAcc></extensions></trkpt>
      <trkpt lon="-76.444210" lat="39.343690"><ele>21.420202</ele><time>2023-07-23T22:59:11Z</time><extensions><speed>1.194110</speed><course>47.238156</course><hAcc>1.660077</hAcc><vAcc>0.827386</vAcc></extensions></trkpt>
      <trkpt lon="-76.444200" lat="39.343697"><ele>21.445606</ele><time>2023-07-23T22:59:12Z</time><extensions><speed>1.178952</speed><course>45.377603</course><hAcc>1.626978</hAcc><vAcc>0.827404</vAcc></extensions></trkpt>
      <trkpt lon="-76.444190" lat="39.343705"><ele>21.467988</ele><time>2023-07-23T22:59:13Z</time><extensions><speed>1.221690</speed><course>45.385612</course><hAcc>1.618342</hAcc><vAcc>0.827430</vAcc></extensions></trkpt>
      <trkpt lon="-76.444180" lat="39.343712"><ele>21.496128</ele><time>2023-07-23T22:59:14Z</time><extensions><speed>1.221607</speed><course>45.428997</course><hAcc>1.623175</hAcc><vAcc>0.827460</vAcc></extensions></trkpt>
      <trkpt lon="-76.444170" lat="39.343720"><ele>21.531036</ele><time>2023-07-23T22:59:15Z</time><extensions><speed>1.239390</speed><course>46.583807</course><hAcc>1.633935</hAcc><vAcc>0.827499</vAcc></extensions></trkpt>
      <trkpt lon="-76.444159" lat="39.343728"><ele>21.569688</ele><time>2023-07-23T22:59:16Z</time><extensions><speed>1.237057</speed><course>46.774855</course><hAcc>1.644043</hAcc><vAcc>0.827540</vAcc></extensions></trkpt>
      <trkpt lon="-76.444149" lat="39.343735"><ele>21.606099</ele><time>2023-07-23T22:59:17Z</time><extensions><speed>1.206990</speed><course>47.916625</course><hAcc>1.648099</hAcc><vAcc>0.827587</vAcc></extensions></trkpt>
      <trkpt lon="-76.444138" lat="39.343742"><ele>21.640350</ele><time>2023-07-23T22:59:18Z</time><extensions><speed>1.158599</speed><course>49.092867</course><hAcc>1.649678</hAcc><vAcc>0.827627</vAcc></extensions></trkpt>
      <trkpt lon="-76.444128" lat="39.343750"><ele>21.675555</ele><time>2023-07-23T22:59:19Z</time><extensions><speed>1.192597</speed><course>47.778834</course><hAcc>1.653255</hAcc><vAcc>0.827658</vAcc></extensions></trkpt>
      <trkpt lon="-76.444118" lat="39.343757"><ele>21.710468</ele><time>2023-07-23T22:59:20Z</time><extensions><speed>1.261515</speed><course>43.154623</course><hAcc>1.653981</hAcc><vAcc>0.827673</vAcc></extensions></trkpt>
      <trkpt lon="-76.444109" lat="39.343766"><ele>21.736317</ele><time>2023-07-23T22:59:21Z</time><extensions><speed>1.324793</speed><course>37.057900</course><hAcc>1.661760</hAcc><vAcc>0.827685</vAcc></extensions></trkpt>
      <trkpt lon="-76.444100" lat="39.343776"><ele>21.757221</ele><time>2023-07-23T22:59:22Z</time><extensions><speed>1.308348</speed><course>34.392693</course><hAcc>1.658070</hAcc><vAcc>0.827681</vAcc></extensions></trkpt>
      <trkpt lon="-76.444091" lat="39.343786"><ele>21.779630</ele><time>2023-07-23T22:59:23Z</time><extensions><speed>1.265182</speed><course>34.300519</course><hAcc>1.657046</hAcc><vAcc>0.827664</vAcc></extensions></trkpt>
      <trkpt lon="-76.444083" lat="39.343795"><ele>21.799844</ele><time>2023-07-23T22:59:24Z</time><extensions><speed>1.268392</speed><course>34.830271</course><hAcc>1.659151</hAcc><vAcc>0.827634</vAcc></extensions></trkpt>
      <trkpt lon="-76.444074" lat="39.343804"><ele>21.811448</ele><time>2023-07-23T22:59:25Z</time><extensions><speed>1.250422</speed><course>35.100973</course><hAcc>1.661938</hAcc><vAcc>0.827595</vAcc></extensions></trkpt>
      <trkpt lon="-76.444066" lat="39.343813"><ele>21.825052</ele><time>2023-07-23T22:59:26Z</time><extensions><speed>1.190759</speed><course>34.049085</course><hAcc>1.663405</hAcc><vAcc>0.827542</vAcc></extensions></trkpt>
      <trkpt lon="-76.444059" lat="39.343823"><ele>21.828620</ele><time>2023-07-23T22:59:27Z</time><extensions><speed>1.189600</speed><course>32.043130</course><hAcc>1.665995</hAcc><vAcc>0.827487</vAcc></extensions></trkpt>
      <trkpt lon="-76.444052" lat="39.343832"><ele>21.805987</ele><time>2023-07-23T22:59:28Z</time><extensions><speed>1.204474</speed><course>31.957656</course><hAcc>1.666745</hAcc><vAcc>0.827431</vAcc></extensions></trkpt>
      <trkpt lon="-76.444044" lat="39.343841"><ele>21.796626</ele><time>2023-07-23T22:59:29Z</time><extensions><speed>1.196503</speed><course>33.122689</course><hAcc>1.667508</hAcc><vAcc>0.827383</vAcc></extensions></trkpt>
      <trkpt lon="-76.444036" lat="39.343850"><ele>21.771038</ele><time>2023-07-23T22:59:30Z</time><extensions><speed>1.160446</speed><course>34.632953</course><hAcc>1.666720</hAcc><vAcc>0.827326</vAcc></extensions></trkpt>
      <trkpt lon="-76.444029" lat="39.343858"><ele>21.750069</ele><time>2023-07-23T22:59:31Z</time><extensions><speed>1.132880</speed><course>37.356458</course><hAcc>1.666820</hAcc><vAcc>0.827288</vAcc></extensions></trkpt>
      <trkpt lon="-76.444020" lat="39.343866"><ele>21.718267</ele><time>2023-07-23T22:59:32Z</time><extensions><speed>1.187121</speed><course>39.710395</course><hAcc>1.664061</hAcc><vAcc>0.827283</vAcc></extensions></trkpt>
      <trkpt lon="-76.444011" lat="39.343875"><ele>21.682165</ele><time>2023-07-23T22:59:33Z</time><extensions><speed>1.225199</speed><course>40.546488</course><hAcc>1.660349</hAcc><vAcc>0.827278</vAcc></extensions></trkpt>
      <trkpt lon="-76.444002" lat="39.343883"><ele>21.631007</ele><time>2023-07-23T22:59:34Z</time><extensions><speed>1.205400</speed><course>41.345484</course><hAcc>1.653358</hAcc><vAcc>0.827289</vAcc></extensions></trkpt>
      <trkpt lon="-76.443992" lat="39.343891"><ele>21.583786</ele><time>2023-07-23T22:59:35Z</time><extensions><speed>1.164009</speed><course>42.365438</course><hAcc>1.640912</hAcc><vAcc>0.827331</vAcc></extensions></trkpt>
      <trkpt lon="-76.443983" lat="39.343898"><ele>21.537529</ele><time>2023-07-23T22:59:36Z</time><extensions><speed>1.177566</speed><course>44.007451</course><hAcc>1.620376</hAcc><vAcc>0.827386</vAcc></extensions></trkpt>
      <trkpt lon="-76.443974" lat="39.343906"><ele>21.472074</ele><time>2023-07-23T22:59:37Z</time><extensions><speed>1.100823</speed><course>41.643199</course><hAcc>1.596747</hAcc><vAcc>0.827436</vAcc></extensions></trkpt>
      <trkpt lon="-76.443966" lat="39.343913"><ele>21.403418</ele><time>2023-07-23T22:59:38Z</time><extensions><speed>0.966977</speed><course>36.612375</course><hAcc>1.588160</hAcc><vAcc>0.827514</vAcc></extensions></trkpt>
      <trkpt lon="-76.443959" lat="39.343920"><ele>21.337845</ele><time>2023-07-23T22:59:39Z</time><extensions><speed>1.053196</speed><course>34.321938</course><hAcc>1.591470</hAcc><vAcc>0.827573</vAcc></extensions></trkpt>
      <trkpt lon="-76.443952" lat="39.343928"><ele>21.254514</ele><time>2023-07-23T22:59:40Z</time><extensions><speed>1.139041</speed><course>41.549758</course><hAcc>1.541690</hAcc><vAcc>0.827637</vAcc></extensions></trkpt>
      <trkpt lon="-76.443942" lat="39.343935"><ele>21.187133</ele><time>2023-07-23T22:59:41Z</time><extensions><speed>1.155164</speed><course>48.180429</course><hAcc>1.537713</hAcc><vAcc>0.827718</vAcc></extensions></trkpt>
      <trkpt lon="-76.443932" lat="39.343942"><ele>21.111007</ele><time>2023-07-23T22:59:42Z</time><extensions><speed>1.149136</speed><course>48.207932</course><hAcc>1.566167</hAcc><vAcc>0.827794</vAcc></extensions></trkpt>
      <trkpt lon="-76.443922" lat="39.343949"><ele>21.041907</ele><time>2023-07-23T22:59:43Z</time><extensions><speed>1.106752</speed><course>51.529164</course><hAcc>1.510351</hAcc><vAcc>0.827852</vAcc></extensions></trkpt>
      <trkpt lon="-76.443912" lat="39.343955"><ele>20.984954</ele><time>2023-07-23T22:59:44Z</time><extensions><speed>1.101385</speed><course>49.297094</course><hAcc>1.511114</hAcc><vAcc>0.827914</vAcc></extensions></trkpt>
      <trkpt lon="-76.443903" lat="39.343962"><ele>20.922570</ele><time>2023-07-23T22:59:45Z</time><extensions><speed>1.097607</speed><course>41.052435</course><hAcc>1.559881</hAcc><vAcc>0.827971</vAcc></extensions></trkpt>
      <trkpt lon="-76.443894" lat="39.343969"><ele>20.870644</ele><time>2023-07-23T22:59:46Z</time><extensions><speed>1.068903</speed><course>48.092360</course><hAcc>1.533531</hAcc><vAcc>0.828021</vAcc></extensions></trkpt>
      <trkpt lon="-76.443886" lat="39.343975"><ele>20.828166</ele><time>2023-07-23T22:59:47Z</time><extensions><speed>0.990668</speed><course>46.116140</course><hAcc>1.519358</hAcc><vAcc>0.828063</vAcc></extensions></trkpt>
      <trkpt lon="-76.443878" lat="39.343981"><ele>20.786190</ele><time>2023-07-23T22:59:48Z</time><extensions><speed>0.920971</speed><course>44.252494</course><hAcc>1.540579</hAcc><vAcc>0.828108</vAcc></extensions></trkpt>
      <trkpt lon="-76.443870" lat="39.343987"><ele>20.753196</ele><time>2023-07-23T22:59:49Z</time><extensions><speed>0.977793</speed><course>50.583157</course><hAcc>1.527006</hAcc><vAcc>0.828157</vAcc></extensions></trkpt>
      <trkpt lon="-76.443860" lat="39.343993"><ele>20.728710</ele><time>2023-07-23T22:59:50Z</time><extensions><speed>1.164431</speed><course>46.980913</course><hAcc>1.543709</hAcc><vAcc>0.828190</vAcc></extensions></trkpt>
      <trkpt lon="-76.443850" lat="39.344001"><ele>20.685604</ele><time>2023-07-23T22:59:51Z</time><extensions><speed>1.196297</speed><course>44.134420</course><hAcc>1.597225</hAcc><vAcc>0.828212</vAcc></extensions></trkpt>
      <trkpt lon="-76.443841" lat="39.344009"><ele>20.653107</ele><time>2023-07-23T22:59:52Z</time><extensions><speed>1.251462</speed><course>42.231533</course><hAcc>1.593000</hAcc><vAcc>0.828234</vAcc></extensions></trkpt>
      <trkpt lon="-76.443831" lat="39.344017"><ele>20.641715</ele><time>2023-07-23T22:59:53Z</time><extensions><speed>1.178625</speed><course>42.090469</course><hAcc>1.572474</hAcc><vAcc>0.828245</vAcc></extensions></trkpt>
      <trkpt lon="-76.443822" lat="39.344024"><ele>20.643484</ele><time>2023-07-23T22:59:54Z</time><extensions><speed>1.134939</speed><course>46.473834</course><hAcc>1.587170</hAcc><vAcc>0.828246</vAcc></extensions></trkpt>
      <trkpt lon="-76.443812" lat="39.344031"><ele>20.648797</ele><time>2023-07-23T22:59:55Z</time><extensions><speed>1.104605</speed><course>49.426264</course><hAcc>1.604516</hAcc><vAcc>0.828239</vAcc></extensions></trkpt>
      <trkpt lon="-76.443802" lat="39.344037"><ele>20.645939</ele><time>2023-07-23T22:59:56Z</time><extensions><speed>1.127356</speed><course>50.673883</course><hAcc>1.622714</hAcc><vAcc>0.828224</vAcc></extensions></trkpt>
      <trkpt lon="-76.443792" lat="39.344044"><ele>20.642970</ele><time>2023-07-23T22:59:57Z</time><extensions><speed>1.151144</speed><course>50.127839</course><hAcc>1.638566</hAcc><vAcc>0.828224</vAcc></extensions></trkpt>
      <trkpt lon="-76.443782" lat="39.344051"><ele>20.658043</ele><time>2023-07-23T22:59:58Z</time><extensions><speed>1.157839</speed><course>47.398027</course><hAcc>1.651538</hAcc><vAcc>0.828217</vAcc></extensions></trkpt>
      <trkpt lon="-76.443772" lat="39.344058"><ele>20.675486</ele><time>2023-07-23T22:59:59Z</time><extensions><speed>1.139630</speed><course>47.219617</course><hAcc>1.656592</hAcc><vAcc>0.828200</vAcc></extensions></trkpt>
      <trkpt lon="-76.443762" lat="39.344065"><ele>20.698762</ele><time>2023-07-23T23:00:00Z</time><extensions><speed>1.135455</speed><course>48.641823</course><hAcc>1.653322</hAcc><vAcc>0.828180</vAcc></extensions></trkpt>
      <trkpt lon="-76.443752" lat="39.344072"><ele>20.730685</ele><time>2023-07-23T23:00:01Z</time><extensions><speed>1.180953</speed><course>51.428467</course><hAcc>1.650316</hAcc><vAcc>0.828159</vAcc></extensions></trkpt>
      <trkpt lon="-76.443742" lat="39.344079"><ele>20.756203</ele><time>2023-07-23T23:00:02Z</time><extensions><speed>1.213085</speed><course>45.788234</course><hAcc>1.645535</hAcc><vAcc>0.828153</vAcc></extensions></trkpt>
      <trkpt lon="-76.443732" lat="39.344086"><ele>20.790725</ele><time>2023-07-23T23:00:03Z</time><extensions><speed>1.178624</speed><course>43.046790</course><hAcc>1.631790</hAcc><vAcc>0.828135</vAcc></extensions></trkpt>
      <trkpt lon="-76.443723" lat="39.344094"><ele>20.809981</ele><time>2023-07-23T23:00:04Z</time><extensions><speed>1.128174</speed><course>42.584211</course><hAcc>1.610944</hAcc><vAcc>0.828121</vAcc></extensions></trkpt>
      <trkpt lon="-76.443714" lat="39.344102"><ele>20.835804</ele><time>2023-07-23T23:00:05Z</time><extensions><speed>1.136445</speed><course>41.967234</course><hAcc>1.588416</hAcc><vAcc>0.828098</vAcc></extensions></trkpt>
      <trkpt lon="-76.443705" lat="39.344110"><ele>20.888127</ele><time>2023-07-23T23:00:06Z</time><extensions><speed>1.193208</speed><course>43.569717</course><hAcc>1.591789</hAcc><vAcc>0.828061</vAcc></extensions></trkpt>
      <trkpt lon="-76.443694" lat="39.344117"><ele>20.940436</ele><time>2023-07-23T23:00:07Z</time><extensions><speed>1.285020</speed><course>51.430926</course><hAcc>1.628559</hAcc><vAcc>0.828032</vAcc></extensions></trkpt>
      <trkpt lon="-76.443683" lat="39.344124"><ele>20.989810</ele><time>2023-07-23T23:00:08Z</time><extensions><speed>1.230532</speed><course>49.104649</course><hAcc>1.585320</hAcc><vAcc>0.827990</vAcc></extensions></trkpt>
      <trkpt lon="-76.443673" lat="39.344132"><ele>21.037676</ele><time>2023-07-23T23:00:09Z</time><extensions><speed>1.209399</speed><course>44.739422</course><hAcc>1.536175</hAcc><vAcc>0.827932</vAcc></extensions></trkpt>
      <trkpt lon="-76.443663" lat="39.344140"><ele>21.085826</ele><time>2023-07-23T23:00:10Z</time><extensions><speed>1.196683</speed><course>40.938252</course><hAcc>1.516867</hAcc><vAcc>0.827868</vAcc></extensions></trkpt>
      <trkpt lon="-76.443654" lat="39.344148"><ele>21.137017</ele><time>2023-07-23T23:00:11Z</time><extensions><speed>1.206624</speed><course>39.924686</course><hAcc>1.533479</hAcc><vAcc>0.827803</vAcc></extensions></trkpt>
      <trkpt lon="-76.443645" lat="39.344156"><ele>21.209781</ele><time>2023-07-23T23:00:12Z</time><extensions><speed>1.170175</speed><course>40.246476</course><hAcc>1.579330</hAcc><vAcc>0.827728</vAcc></extensions></trkpt>
      <trkpt lon="-76.443636" lat="39.344164"><ele>21.248953</ele><time>2023-07-23T23:00:13Z</time><extensions><speed>1.207907</speed><course>39.931781</course><hAcc>1.537069</hAcc><vAcc>0.827653</vAcc></extensions></trkpt>
      <trkpt lon="-76.443628" lat="39.344172"><ele>21.290001</ele><time>2023-07-23T23:00:14Z</time><extensions><speed>1.151835</speed><course>41.495791</course><hAcc>1.548554</hAcc><vAcc>0.827587</vAcc></extensions></trkpt>
      <trkpt lon="-76.443619" lat="39.344180"><ele>21.345636</ele><time>2023-07-23T23:00:15Z</time><extensions><speed>1.167141</speed><course>37.694416</course><hAcc>1.525845</hAcc><vAcc>0.827534</vAcc></extensions></trkpt>
      <trkpt lon="-76.443610" lat="39.344189"><ele>21.412474</ele><time>2023-07-23T23:00:16Z</time><extensions><speed>1.188557</speed><course>40.755224</course><hAcc>1.540904</hAcc><vAcc>0.827476</vAcc></extensions></trkpt>
      <trkpt lon="-76.443601" lat="39.344197"><ele>21.467422</ele><time>2023-07-23T23:00:17Z</time><extensions><speed>1.155483</speed><course>43.400535</course><hAcc>1.591266</hAcc><vAcc>0.827436</vAcc></extensions></trkpt>
      <trkpt lon="-76.443592" lat="39.344204"><ele>21.505930</ele><time>2023-07-23T23:00:18Z</time><extensions><speed>1.151005</speed><course>45.926097</course><hAcc>1.564894</hAcc><vAcc>0.827396</vAcc></extensions></trkpt>
      <trkpt lon="-76.443582" lat="39.344211"><ele>21.541210</ele><time>2023-07-23T23:00:19Z</time><extensions><speed>1.155858</speed><course>49.182601</course><hAcc>1.556920</hAcc><vAcc>0.827365</vAcc></extensions></trkpt>
      <trkpt lon="-76.443572" lat="39.344218"><ele>21.563568</ele><time>2023-07-23T23:00:20Z</time><extensions><speed>1.177427</speed><course>52.501493</course><hAcc>1.567732</hAcc><vAcc>0.827344</vAcc></extensions></trkpt>
      <trkpt lon="-76.443561" lat="39.344224"><ele>21.579579</ele><time>2023-07-23T23:00:21Z</time><extensions><speed>1.180389</speed><course>53.759500</course><hAcc>1.582391</hAcc><vAcc>0.827334</vAcc></extensions></trkpt>
      <trkpt lon="-76.443550" lat="39.344230"><ele>21.582954</ele><time>2023-07-23T23:00:22Z</time><extensions><speed>1.191327</speed><course>54.271903</course><hAcc>1.566708</hAcc><vAcc>0.827334</vAcc></extensions></trkpt>
      <trkpt lon="-76.443539" lat="39.344237"><ele>21.588545</ele><time>2023-07-23T23:00:23Z</time><extensions><speed>1.237803</speed><course>48.564714</course><hAcc>1.588421</hAcc><vAcc>0.827334</vAcc></extensions></trkpt>
      <trkpt lon="-76.443528" lat="39.344245"><ele>21.596799</ele><time>2023-07-23T23:00:24Z</time><extensions><speed>1.212705</speed><course>45.304544</course><hAcc>1.625968</hAcc><vAcc>0.827335</vAcc></extensions></trkpt>
      <trkpt lon="-76.443519" lat="39.344252"><ele>21.591952</ele><time>2023-07-23T23:00:25Z</time><extensions><speed>1.155518</speed><course>42.382544</course><hAcc>1.592537</hAcc><vAcc>0.827330</vAcc></extensions></trkpt>
      <trkpt lon="-76.443510" lat="39.344260"><ele>21.585097</ele><time>2023-07-23T23:00:26Z</time><extensions><speed>1.071462</speed><course>39.009073</course><hAcc>1.582799</hAcc><vAcc>0.827317</vAcc></extensions></trkpt>
      <trkpt lon="-76.443503" lat="39.344268"><ele>21.569903</ele><time>2023-07-23T23:00:27Z</time><extensions><speed>1.092104</speed><course>37.868436</course><hAcc>1.604531</hAcc><vAcc>0.827310</vAcc></extensions></trkpt>
      <trkpt lon="-76.443495" lat="39.344276"><ele>21.556955</ele><time>2023-07-23T23:00:28Z</time><extensions><speed>1.143113</speed><course>34.808176</course><hAcc>1.622066</hAcc><vAcc>0.827295</vAcc></extensions></trkpt>
      <trkpt lon="-76.443488" lat="39.344284"><ele>21.538827</ele><time>2023-07-23T23:00:29Z</time><extensions><speed>1.100930</speed><course>33.308552</course><hAcc>1.636640</hAcc><vAcc>0.827281</vAcc></extensions></trkpt>
      <trkpt lon="-76.443481" lat="39.344292"><ele>21.528766</ele><time>2023-07-23T23:00:30Z</time><extensions><speed>1.048036</speed><course>35.012028</course><hAcc>1.646918</hAcc><vAcc>0.827269</vAcc></extensions></trkpt>
      <trkpt lon="-76.443473" lat="39.344299"><ele>21.518854</ele><time>2023-07-23T23:00:31Z</time><extensions><speed>1.002426</speed><course>39.348651</course><hAcc>1.652804</hAcc><vAcc>0.827264</vAcc></extensions></trkpt>
      <trkpt lon="-76.443466" lat="39.344307"><ele>21.521350</ele><time>2023-07-23T23:00:32Z</time><extensions><speed>1.055455</speed><course>40.635229</course><hAcc>1.655247</hAcc><vAcc>0.827258</vAcc></extensions></trkpt>
      <trkpt lon="-76.443458" lat="39.344314"><ele>21.516629</ele><time>2023-07-23T23:00:33Z</time><extensions><speed>1.104819</speed><course>39.938416</course><hAcc>1.654321</hAcc><vAcc>0.827260</vAcc></extensions></trkpt>
      <trkpt lon="-76.443450" lat="39.344322"><ele>21.523558</ele><time>2023-07-23T23:00:34Z</time><extensions><speed>1.111293</speed><course>38.641581</course><hAcc>1.651030</hAcc><vAcc>0.827269</vAcc></extensions></trkpt>
      <trkpt lon="-76.443442" lat="39.344330"><ele>21.542718</ele><time>2023-07-23T23:00:35Z</time><extensions><speed>1.097585</speed><course>36.903963</course><hAcc>1.647794</hAcc><vAcc>0.827285</vAcc></extensions></trkpt>
      <trkpt lon="-76.443434" lat="39.344338"><ele>21.560388</ele><time>2023-07-23T23:00:36Z</time><extensions><speed>1.096328</speed><course>37.961971</course><hAcc>1.652194</hAcc><vAcc>0.827307</vAcc></extensions></trkpt>
      <trkpt lon="-76.443426" lat="39.344346"><ele>21.561641</ele><time>2023-07-23T23:00:37Z</time><extensions><speed>1.165646</speed><course>38.057332</course><hAcc>1.665056</hAcc><vAcc>0.827338</vAcc></extensions></trkpt>
      <trkpt lon="-76.443418" lat="39.344354"><ele>21.593199</ele><time>2023-07-23T23:00:38Z</time><extensions><speed>1.145128</speed><course>39.123600</course><hAcc>1.652290</hAcc><vAcc>0.827374</vAcc></extensions></trkpt>
      <trkpt lon="-76.443409" lat="39.344362"><ele>21.654486</ele><time>2023-07-23T23:00:39Z</time><extensions><speed>1.122381</speed><course>40.201510</course><hAcc>1.647480</hAcc><vAcc>0.827410</vAcc></extensions></trkpt>
      <trkpt lon="-76.443401" lat="39.344370"><ele>21.713645</ele><time>2023-07-23T23:00:40Z</time><extensions><speed>1.143928</speed><course>40.021016</course><hAcc>1.652582</hAcc><vAcc>0.827454</vAcc></extensions></trkpt>
      <trkpt lon="-76.443393" lat="39.344378"><ele>21.772288</ele><time>2023-07-23T23:00:41Z</time><extensions><speed>1.144417</speed><course>35.381056</course><hAcc>1.660489</hAcc><vAcc>0.827486</vAcc></extensions></trkpt>
      <trkpt lon="-76.443385" lat="39.344386"><ele>21.831927</ele><time>2023-07-23T23:00:42Z</time><extensions><speed>1.114880</speed><course>35.558703</course><hAcc>1.662745</hAcc><vAcc>0.827523</vAcc></extensions></trkpt>
      <trkpt lon="-76.443377" lat="39.344394"><ele>21.898212</ele><time>2023-07-23T23:00:43Z</time><extensions><speed>1.055788</speed><course>38.959969</course><hAcc>1.662961</hAcc><vAcc>0.827569</vAcc></extensions></trkpt>
      <trkpt lon="-76.443370" lat="39.344401"><ele>21.957553</ele><time>2023-07-23T23:00:44Z</time><extensions><speed>1.054700</speed><course>39.278988</course><hAcc>1.662685</hAcc><vAcc>0.827621</vAcc></extensions></trkpt>
      <trkpt lon="-76.443362" lat="39.344409"><ele>21.999864</ele><time>2023-07-23T23:00:45Z</time><extensions><speed>1.085183</speed><course>39.428011</course><hAcc>1.660467</hAcc><vAcc>0.827668</vAcc></extensions></trkpt>
      <trkpt lon="-76.443354" lat="39.344417"><ele>22.057142</ele><time>2023-07-23T23:00:46Z</time><extensions><speed>1.104468</speed><course>37.797170</course><hAcc>1.656606</hAcc><vAcc>0.827706</vAcc></extensions></trkpt>
      <trkpt lon="-76.443346" lat="39.344425"><ele>22.121859</ele><time>2023-07-23T23:00:47Z</time><extensions><speed>1.101601</speed><course>36.607993</course><hAcc>1.650985</hAcc><vAcc>0.827734</vAcc></extensions></trkpt>
      <trkpt lon="-76.443338" lat="39.344433"><ele>22.192136</ele><time>2023-07-23T23:00:48Z</time><extensions><speed>1.177627</speed><course>38.984584</course><hAcc>1.646372</hAcc><vAcc>0.827755</vAcc></extensions></trkpt>
      <trkpt lon="-76.443329" lat="39.344442"><ele>22.255210</ele><time>2023-07-23T23:00:49Z</time><extensions><speed>1.326254</speed><course>38.591425</course><hAcc>1.651758</hAcc><vAcc>0.827769</vAcc></extensions></trkpt>
      <trkpt lon="-76.443319" lat="39.344451"><ele>22.320927</ele><time>2023-07-23T23:00:50Z</time><extensions><speed>1.270751</speed><course>37.127153</course><hAcc>1.667605</hAcc><vAcc>0.827777</vAcc></extensions></trkpt>
      <trkpt lon="-76.443310" lat="39.344460"><ele>22.384278</ele><time>2023-07-23T23:00:51Z</time><extensions><speed>1.201135</speed><course>38.562083</course><hAcc>1.651881</hAcc><vAcc>0.827780</vAcc></extensions></trkpt>
      <trkpt lon="-76.443302" lat="39.344468"><ele>22.448535</ele><time>2023-07-23T23:00:52Z</time><extensions><speed>1.113019</speed><course>40.053903</course><hAcc>1.645093</hAcc><vAcc>0.827778</vAcc></extensions></trkpt>
      <trkpt lon="-76.443294" lat="39.344475"><ele>22.511179</ele><time>2023-07-23T23:00:53Z</time><extensions><speed>1.118864</speed><course>41.291688</course><hAcc>1.649520</hAcc><vAcc>0.827767</vAcc></extensions></trkpt>
      <trkpt lon="-76.443285" lat="39.344483"><ele>22.575096</ele><time>2023-07-23T23:00:54Z</time><extensions><speed>1.096369</speed><course>41.038141</course><hAcc>1.656955</hAcc><vAcc>0.827743</vAcc></extensions></trkpt>
      <trkpt lon="-76.443277" lat="39.344490"><ele>22.642783</ele><time>2023-07-23T23:00:55Z</time><extensions><speed>1.052319</speed><course>40.020800</course><hAcc>1.662129</hAcc><vAcc>0.827702</vAcc></extensions></trkpt>
      <trkpt lon="-76.443269" lat="39.344498"><ele>22.717070</ele><time>2023-07-23T23:00:56Z</time><extensions><speed>1.167055</speed><course>41.707339</course><hAcc>1.664182</hAcc><vAcc>0.827655</vAcc></extensions></trkpt>
      <trkpt lon="-76.443260" lat="39.344506"><ele>22.796150</ele><time>2023-07-23T23:00:57Z</time><extensions><speed>1.217555</speed><course>39.537197</course><hAcc>1.665294</hAcc><vAcc>0.827592</vAcc></extensions></trkpt>
      <trkpt lon="-76.443251" lat="39.344515"><ele>22.872564</ele><time>2023-07-23T23:00:58Z</time><extensions><speed>1.180279</speed><course>35.718107</course><hAcc>1.666784</hAcc><vAcc>0.827520</vAcc></extensions></trkpt>
      <trkpt lon="-76.443244" lat="39.344523"><ele>22.955674</ele><time>2023-07-23T23:00:59Z</time><extensions><speed>1.079542</speed><course>33.840033</course><hAcc>1.666644</hAcc><vAcc>0.827441</vAcc></extensions></trkpt>
      <trkpt lon="-76.443236" lat="39.344531"><ele>23.041849</ele><time>2023-07-23T23:01:00Z</time><extensions><speed>1.065026</speed><course>35.982647</course><hAcc>1.665960</hAcc><vAcc>0.827357</vAcc></extensions></trkpt>
      <trkpt lon="-76.443229" lat="39.344539"><ele>23.121863</ele><time>2023-07-23T23:01:01Z</time><extensions><speed>1.075845</speed><course>37.489520</course><hAcc>1.665117</hAcc><vAcc>0.827279</vAcc></extensions></trkpt>
      <trkpt lon="-76.443221" lat="39.344547"><ele>23.197578</ele><time>2023-07-23T23:01:02Z</time><extensions><speed>1.148998</speed><course>37.993171</course><hAcc>1.665498</hAcc><vAcc>0.827211</vAcc></extensions></trkpt>
      <trkpt lon="-76.443213" lat="39.344555"><ele>23.269568</ele><time>2023-07-23T23:01:03Z</time><extensions><speed>1.180519</speed><course>36.937255</course><hAcc>1.666573</hAcc><vAcc>0.827149</vAcc></extensions></trkpt>
      <trkpt lon="-76.443205" lat="39.344563"><ele>23.336396</ele><time>2023-07-23T23:01:04Z</time><extensions><speed>1.129319</speed><course>35.876562</course><hAcc>1.666784</hAcc><vAcc>0.827103</vAcc></extensions></trkpt>
      <trkpt lon="-76.443197" lat="39.344571"><ele>23.388992</ele><time>2023-07-23T23:01:05Z</time><extensions><speed>1.074530</speed><course>36.925369</course><hAcc>1.665553</hAcc><vAcc>0.827053</vAcc></extensions></trkpt>
      <trkpt lon="-76.443190" lat="39.344579"><ele>23.445038</ele><time>2023-07-23T23:01:06Z</time><extensions><speed>1.048404</speed><course>38.672761</course><hAcc>1.662945</hAcc><vAcc>0.827015</vAcc></extensions></trkpt>
      <trkpt lon="-76.443182" lat="39.344586"><ele>23.514305</ele><time>2023-07-23T23:01:07Z</time><extensions><speed>1.023027</speed><course>40.513966</course><hAcc>1.655955</hAcc><vAcc>0.826986</vAcc></extensions></trkpt>
      <trkpt lon="-76.443175" lat="39.344593"><ele>23.575816</ele><time>2023-07-23T23:01:08Z</time><extensions><speed>0.993266</speed><course>41.772446</course><hAcc>1.644160</hAcc><vAcc>0.826969</vAcc></extensions></trkpt>
      <trkpt lon="-76.443167" lat="39.344600"><ele>23.631496</ele><time>2023-07-23T23:01:09Z</time><extensions><speed>0.982211</speed><course>41.127604</course><hAcc>1.627756</hAcc><vAcc>0.826974</vAcc></extensions></trkpt>
      <trkpt lon="-76.443160" lat="39.344606"><ele>23.687950</ele><time>2023-07-23T23:01:10Z</time><extensions><speed>0.979304</speed><course>39.999167</course><hAcc>1.611507</hAcc><vAcc>0.826976</vAcc></extensions></trkpt>
      <trkpt lon="-76.443152" lat="39.344613"><ele>23.744985</ele><time>2023-07-23T23:01:11Z</time><extensions><speed>0.943853</speed><course>40.028079</course><hAcc>1.610907</hAcc><vAcc>0.826981</vAcc></extensions></trkpt>
      <trkpt lon="-76.443145" lat="39.344620"><ele>23.793517</ele><time>2023-07-23T23:01:12Z</time><extensions><speed>0.920684</speed><course>39.458831</course><hAcc>1.628852</hAcc><vAcc>0.826991</vAcc></extensions></trkpt>
      <trkpt lon="-76.443139" lat="39.344626"><ele>23.817094</ele><time>2023-07-23T23:01:13Z</time><extensions><speed>0.936579</speed><course>38.189298</course><hAcc>1.618270</hAcc><vAcc>0.827004</vAcc></extensions></trkpt>
      <trkpt lon="-76.443132" lat="39.344632"><ele>23.838274</ele><time>2023-07-23T23:01:14Z</time><extensions><speed>0.910316</speed><course>40.336326</course><hAcc>1.621254</hAcc><vAcc>0.827009</vAcc></extensions></trkpt>
      <trkpt lon="-76.443125" lat="39.344639"><ele>23.859028</ele><time>2023-07-23T23:01:15Z</time><extensions><speed>0.875975</speed><course>41.110169</course><hAcc>1.601815</hAcc><vAcc>0.827012</vAcc></extensions></trkpt>
      <trkpt lon="-76.443118" lat="39.344645"><ele>23.901959</ele><time>2023-07-23T23:01:16Z</time><extensions><speed>0.976913</speed><course>42.739285</course><hAcc>1.603738</hAcc><vAcc>0.827016</vAcc></extensions></trkpt>
      <trkpt lon="-76.443110" lat="39.344651"><ele>23.925414</ele><time>2023-07-23T23:01:17Z</time><extensions><speed>1.032729</speed><course>43.216594</course><hAcc>1.618668</hAcc><vAcc>0.827031</vAcc></extensions></trkpt>
      <trkpt lon="-76.443102" lat="39.344658"><ele>23.912935</ele><time>2023-07-23T23:01:18Z</time><extensions><speed>1.004698</speed><course>42.068126</course><hAcc>1.638359</hAcc><vAcc>0.827053</vAcc></extensions></trkpt>
      <trkpt lon="-76.443094" lat="39.344665"><ele>23.914171</ele><time>2023-07-23T23:01:19Z</time><extensions><speed>0.977320</speed><course>42.830191</course><hAcc>1.659650</hAcc><vAcc>0.827087</vAcc></extensions></trkpt>
      <trkpt lon="-76.443086" lat="39.344671"><ele>23.928933</ele><time>2023-07-23T23:01:20Z</time><extensions><speed>0.976804</speed><course>45.637239</course><hAcc>1.652162</hAcc><vAcc>0.827135</vAcc></extensions></trkpt>
      <trkpt lon="-76.443078" lat="39.344677"><ele>23.929787</ele><time>2023-07-23T23:01:21Z</time><extensions><speed>1.006032</speed><course>48.798818</course><hAcc>1.651142</hAcc><vAcc>0.827182</vAcc></extensions></trkpt>
      <trkpt lon="-76.443069" lat="39.344683"><ele>23.898565</ele><time>2023-07-23T23:01:22Z</time><extensions><speed>1.043770</speed><course>51.117508</course><hAcc>1.657370</hAcc><vAcc>0.827238</vAcc></extensions></trkpt>
      <trkpt lon="-76.443059" lat="39.344688"><ele>23.892614</ele><time>2023-07-23T23:01:23Z</time><extensions><speed>1.048509</speed><course>53.325878</course><hAcc>1.665427</hAcc><vAcc>0.827298</vAcc></extensions></trkpt>
      <trkpt lon="-76.443049" lat="39.344693"><ele>23.883256</ele><time>2023-07-23T23:01:24Z</time><extensions><speed>0.928389</speed><course>60.528949</course><hAcc>1.670506</hAcc><vAcc>0.827371</vAcc></extensions></trkpt>
      <trkpt lon="-76.443040" lat="39.344696"><ele>23.868796</ele><time>2023-07-23T23:01:25Z</time><extensions><speed>0.934334</speed><course>71.360077</course><hAcc>1.670830</hAcc><vAcc>0.827457</vAcc></extensions></trkpt>
      <trkpt lon="-76.443029" lat="39.344698"><ele>23.849239</ele><time>2023-07-23T23:01:26Z</time><extensions><speed>0.969031</speed><course>83.284693</course><hAcc>1.668837</hAcc><vAcc>0.827547</vAcc></extensions></trkpt>
      <trkpt lon="-76.443017" lat="39.344698"><ele>23.822672</ele><time>2023-07-23T23:01:27Z</time><extensions><speed>1.031306</speed><course>97.451013</course><hAcc>1.668429</hAcc><vAcc>0.827640</vAcc></extensions></trkpt>
      <trkpt lon="-76.443005" lat="39.344696"><ele>23.793667</ele><time>2023-07-23T23:01:28Z</time><extensions><speed>1.090077</speed><course>109.865665</course><hAcc>1.673477</hAcc><vAcc>0.827730</vAcc></extensions></trkpt>
      <trkpt lon="-76.442993" lat="39.344692"><ele>23.760841</ele><time>2023-07-23T23:01:29Z</time><extensions><speed>1.221413</speed><course>112.358915</course><hAcc>1.669149</hAcc><vAcc>0.827818</vAcc></extensions></trkpt>
      <trkpt lon="-76.442979" lat="39.344688"><ele>23.728046</ele><time>2023-07-23T23:01:30Z</time><extensions><speed>1.300052</speed><course>108.848115</course><hAcc>1.680885</hAcc><vAcc>0.827910</vAcc></extensions></trkpt>
      <trkpt lon="-76.442965" lat="39.344685"><ele>23.695896</ele><time>2023-07-23T23:01:31Z</time><extensions><speed>1.214353</speed><course>105.073390</course><hAcc>1.684200</hAcc><vAcc>0.827990</vAcc></extensions></trkpt>
      <trkpt lon="-76.442952" lat="39.344682"><ele>23.678878</ele><time>2023-07-23T23:01:32Z</time><extensions><speed>1.129684</speed><course>101.724506</course><hAcc>1.684301</hAcc><vAcc>0.828065</vAcc></extensions></trkpt>
      <trkpt lon="-76.442939" lat="39.344680"><ele>23.671349</ele><time>2023-07-23T23:01:33Z</time><extensions><speed>1.089139</speed><course>107.594550</course><hAcc>1.684963</hAcc><vAcc>0.828137</vAcc></extensions></trkpt>
      <trkpt lon="-76.442927" lat="39.344677"><ele>23.656810</ele><time>2023-07-23T23:01:34Z</time><extensions><speed>1.109672</speed><course>108.919643</course><hAcc>1.687962</hAcc><vAcc>0.828208</vAcc></extensions></trkpt>
      <trkpt lon="-76.442915" lat="39.344673"><ele>23.644706</ele><time>2023-07-23T23:01:35Z</time><extensions><speed>1.170965</speed><course>108.033700</course><hAcc>1.693641</hAcc><vAcc>0.828279</vAcc></extensions></trkpt>
      <trkpt lon="-76.442902" lat="39.344670"><ele>23.643538</ele><time>2023-07-23T23:01:36Z</time><extensions><speed>1.169735</speed><course>108.171180</course><hAcc>1.696998</hAcc><vAcc>0.828344</vAcc></extensions></trkpt>
      <trkpt lon="-76.442889" lat="39.344667"><ele>23.645607</ele><time>2023-07-23T23:01:37Z</time><extensions><speed>1.096004</speed><course>109.184553</course><hAcc>1.695481</hAcc><vAcc>0.828404</vAcc></extensions></trkpt>
      <trkpt lon="-76.442878" lat="39.344663"><ele>23.647322</ele><time>2023-07-23T23:01:38Z</time><extensions><speed>0.987924</speed><course>112.258608</course><hAcc>1.688402</hAcc><vAcc>0.828457</vAcc></extensions></trkpt>
      <trkpt lon="-76.442868" lat="39.344660"><ele>23.636408</ele><time>2023-07-23T23:01:39Z</time><extensions><speed>0.971704</speed><course>116.013946</course><hAcc>1.676512</hAcc><vAcc>0.828500</vAcc></extensions></trkpt>
      <trkpt lon="-76.442857" lat="39.344655"><ele>23.631919</ele><time>2023-07-23T23:01:40Z</time><extensions><speed>1.120674</speed><course>119.015638</course><hAcc>1.665334</hAcc><vAcc>0.828539</vAcc></extensions></trkpt>
      <trkpt lon="-76.442845" lat="39.344650"><ele>23.635491</ele><time>2023-07-23T23:01:41Z</time><extensions><speed>1.249206</speed><course>119.801153</course><hAcc>1.674677</hAcc><vAcc>0.828562</vAcc></extensions></trkpt>
      <trkpt lon="-76.442833" lat="39.344645"><ele>23.648801</ele><time>2023-07-23T23:01:42Z</time><extensions><speed>1.174991</speed><course>117.177275</course><hAcc>1.702312</hAcc><vAcc>0.828586</vAcc></extensions></trkpt>
      <trkpt lon="-76.442821" lat="39.344640"><ele>23.658423</ele><time>2023-07-23T23:01:43Z</time><extensions><speed>1.120163</speed><course>117.591737</course><hAcc>1.670565</hAcc><vAcc>0.828586</vAcc></extensions></trkpt>
      <trkpt lon="-76.442810" lat="39.344635"><ele>23.664535</ele><time>2023-07-23T23:01:44Z</time><extensions><speed>1.054375</speed><course>120.277924</course><hAcc>1.658067</hAcc><vAcc>0.828579</vAcc></extensions></trkpt>
      <trkpt lon="-76.442799" lat="39.344630"><ele>23.693041</ele><time>2023-07-23T23:01:45Z</time><extensions><speed>1.093274</speed><course>123.993270</course><hAcc>1.661122</hAcc><vAcc>0.828544</vAcc></extensions></trkpt>
      <trkpt lon="-76.442789" lat="39.344624"><ele>23.741097</ele><time>2023-07-23T23:01:46Z</time><extensions><speed>1.122264</speed><course>127.836474</course><hAcc>1.663179</hAcc><vAcc>0.828490</vAcc></extensions></trkpt>
      <trkpt lon="-76.442779" lat="39.344618"><ele>23.791990</ele><time>2023-07-23T23:01:47Z</time><extensions><speed>1.088392</speed><course>130.255187</course><hAcc>1.659887</hAcc><vAcc>0.828440</vAcc></extensions></trkpt>
      <trkpt lon="-76.442769" lat="39.344611"><ele>23.851077</ele><time>2023-07-23T23:01:48Z</time><extensions><speed>1.060095</speed><course>133.315500</course><hAcc>1.650361</hAcc><vAcc>0.828371</vAcc></extensions></trkpt>
      <trkpt lon="-76.442761" lat="39.344604"><ele>23.909196</ele><time>2023-07-23T23:01:49Z</time><extensions><speed>1.099370</speed><course>137.620508</course><hAcc>1.620079</hAcc><vAcc>0.828298</vAcc></extensions></trkpt>
      <trkpt lon="-76.442752" lat="39.344597"><ele>23.971350</ele><time>2023-07-23T23:01:50Z</time><extensions><speed>1.189058</speed><course>141.853397</course><hAcc>1.584782</hAcc><vAcc>0.828224</vAcc></extensions></trkpt>
      <trkpt lon="-76.442743" lat="39.344588"><ele>24.042052</ele><time>2023-07-23T23:01:51Z</time><extensions><speed>1.309390</speed><course>142.536047</course><hAcc>1.577623</hAcc><vAcc>0.828127</vAcc></extensions></trkpt>
      <trkpt lon="-76.442734" lat="39.344579"><ele>24.122612</ele><time>2023-07-23T23:01:52Z</time><extensions><speed>1.197797</speed><course>142.709623</course><hAcc>1.609338</hAcc><vAcc>0.828034</vAcc></extensions></trkpt>
      <trkpt lon="-76.442726" lat="39.344570"><ele>24.205705</ele><time>2023-07-23T23:01:53Z</time><extensions><speed>1.236237</speed><course>143.795248</course><hAcc>1.566655</hAcc><vAcc>0.827951</vAcc></extensions></trkpt>
      <trkpt lon="-76.442717" lat="39.344561"><ele>24.288664</ele><time>2023-07-23T23:01:54Z</time><extensions><speed>1.205921</speed><course>145.615011</course><hAcc>1.578625</hAcc><vAcc>0.827879</vAcc></extensions></trkpt>
      <trkpt lon="-76.442709" lat="39.344551"><ele>24.365413</ele><time>2023-07-23T23:01:55Z</time><extensions><speed>1.338580</speed><course>143.661031</course><hAcc>1.535460</hAcc><vAcc>0.827798</vAcc></extensions></trkpt>
      <trkpt lon="-76.442699" lat="39.344542"><ele>24.435432</ele><time>2023-07-23T23:01:56Z</time><extensions><speed>1.362669</speed><course>141.375468</course><hAcc>1.535392</hAcc><vAcc>0.827722</vAcc></extensions></trkpt>
      <trkpt lon="-76.442690" lat="39.344533"><ele>24.528573</ele><time>2023-07-23T23:01:57Z</time><extensions><speed>1.229461</speed><course>137.418007</course><hAcc>1.574574</hAcc><vAcc>0.827652</vAcc></extensions></trkpt>
      <trkpt lon="-76.442680" lat="39.344524"><ele>24.582783</ele><time>2023-07-23T23:01:58Z</time><extensions><speed>1.306088</speed><course>139.794327</course><hAcc>1.576374</hAcc><vAcc>0.827596</vAcc></extensions></trkpt>
      <trkpt lon="-76.442670" lat="39.344516"><ele>24.610377</ele><time>2023-07-23T23:01:59Z</time><extensions><speed>1.229117</speed><course>141.534025</course><hAcc>1.615079</hAcc><vAcc>0.827544</vAcc></extensions></trkpt>
      <trkpt lon="-76.442661" lat="39.344507"><ele>24.635083</ele><time>2023-07-23T23:02:00Z</time><extensions><speed>1.290785</speed><course>137.442306</course><hAcc>1.593396</hAcc><vAcc>0.827496</vAcc></extensions></trkpt>
      <trkpt lon="-76.442650" lat="39.344498"><ele>24.660910</ele><time>2023-07-23T23:02:01Z</time><extensions><speed>1.337077</speed><course>134.764889</course><hAcc>1.593660</hAcc><vAcc>0.827452</vAcc></extensions></trkpt>
      <trkpt lon="-76.442639" lat="39.344490"><ele>24.670065</ele><time>2023-07-23T23:02:02Z</time><extensions><speed>1.294471</speed><course>135.245914</course><hAcc>1.615137</hAcc><vAcc>0.827407</vAcc></extensions></trkpt>
      <trkpt lon="-76.442629" lat="39.344482"><ele>24.670545</ele><time>2023-07-23T23:02:03Z</time><extensions><speed>1.229911</speed><course>138.054934</course><hAcc>1.637667</hAcc><vAcc>0.827373</vAcc></extensions></trkpt>
      <trkpt lon="-76.442619" lat="39.344474"><ele>24.657464</ele><time>2023-07-23T23:02:04Z</time><extensions><speed>1.227360</speed><course>137.271983</course><hAcc>1.645721</hAcc><vAcc>0.827342</vAcc></extensions></trkpt>
      <trkpt lon="-76.442609" lat="39.344466"><ele>24.634627</ele><time>2023-07-23T23:02:05Z</time><extensions><speed>1.283735</speed><course>132.008645</course><hAcc>1.632525</hAcc><vAcc>0.827313</vAcc></extensions></trkpt>
      <trkpt lon="-76.442597" lat="39.344458"><ele>24.605920</ele><time>2023-07-23T23:02:06Z</time><extensions><speed>1.323593</speed><course>126.808757</course><hAcc>1.622038</hAcc><vAcc>0.827288</vAcc></extensions></trkpt>
      <trkpt lon="-76.442584" lat="39.344451"><ele>24.575320</ele><time>2023-07-23T23:02:07Z</time><extensions><speed>1.379869</speed><course>123.720743</course><hAcc>1.636337</hAcc><vAcc>0.827272</vAcc></extensions></trkpt>
      <trkpt lon="-76.442571" lat="39.344445"><ele>24.530194</ele><time>2023-07-23T23:02:08Z</time><extensions><speed>1.252808</speed><course>121.125663</course><hAcc>1.672710</hAcc><vAcc>0.827263</vAcc></extensions></trkpt>
      <trkpt lon="-76.442559" lat="39.344439"><ele>24.475172</ele><time>2023-07-23T23:02:09Z</time><extensions><speed>1.234242</speed><course>120.378502</course><hAcc>1.635022</hAcc><vAcc>0.827255</vAcc></extensions></trkpt>
      <trkpt lon="-76.442546" lat="39.344433"><ele>24.413267</ele><time>2023-07-23T23:02:10Z</time><extensions><speed>1.301633</speed><course>123.738456</course><hAcc>1.613024</hAcc><vAcc>0.827246</vAcc></extensions></trkpt>
      <trkpt lon="-76.442534" lat="39.344427"><ele>24.345833</ele><time>2023-07-23T23:02:11Z</time><extensions><speed>1.335942</speed><course>125.337201</course><hAcc>1.614523</hAcc><vAcc>0.827236</vAcc></extensions></trkpt>
      <trkpt lon="-76.442521" lat="39.344420"><ele>24.277650</ele><time>2023-07-23T23:02:12Z</time><extensions><speed>1.296023</speed><course>126.872771</course><hAcc>1.637985</hAcc><vAcc>0.827227</vAcc></extensions></trkpt>
      <trkpt lon="-76.442510" lat="39.344412"><ele>24.211353</ele><time>2023-07-23T23:02:13Z</time><extensions><speed>1.173636</speed><course>132.443416</course><hAcc>1.675637</hAcc><vAcc>0.827216</vAcc></extensions></trkpt>
      <trkpt lon="-76.442500" lat="39.344405"><ele>24.144950</ele><time>2023-07-23T23:02:14Z</time><extensions><speed>1.242592</speed><course>129.250672</course><hAcc>1.652654</hAcc><vAcc>0.827209</vAcc></extensions></trkpt>
      <trkpt lon="-76.442488" lat="39.344398"><ele>24.080170</ele><time>2023-07-23T23:02:15Z</time><extensions><speed>1.331947</speed><course>127.788459</course><hAcc>1.644974</hAcc><vAcc>0.827200</vAcc></extensions></trkpt>
      <trkpt lon="-76.442475" lat="39.344391"><ele>24.007914</ele><time>2023-07-23T23:02:16Z</time><extensions><speed>1.391750</speed><course>129.009186</course><hAcc>1.655138</hAcc><vAcc>0.827185</vAcc></extensions></trkpt>
      <trkpt lon="-76.442463" lat="39.344382"><ele>23.943979</ele><time>2023-07-23T23:02:17Z</time><extensions><speed>1.408257</speed><course>130.800953</course><hAcc>1.667765</hAcc><vAcc>0.827163</vAcc></extensions></trkpt>
      <trkpt lon="-76.442451" lat="39.344374"><ele>23.881841</ele><time>2023-07-23T23:02:18Z</time><extensions><speed>1.378121</speed><course>131.335713</course><hAcc>1.675909</hAcc><vAcc>0.827146</vAcc></extensions></trkpt>
      <trkpt lon="-76.442439" lat="39.344366"><ele>23.806708</ele><time>2023-07-23T23:02:19Z</time><extensions><speed>1.353111</speed><course>131.212832</course><hAcc>1.679891</hAcc><vAcc>0.827126</vAcc></extensions></trkpt>
      <trkpt lon="-76.442427" lat="39.344358"><ele>23.735909</ele><time>2023-07-23T23:02:20Z</time><extensions><speed>1.362744</speed><course>131.305663</course><hAcc>1.679815</hAcc><vAcc>0.827112</vAcc></extensions></trkpt>
      <trkpt lon="-76.442415" lat="39.344350"><ele>23.671494</ele><time>2023-07-23T23:02:21Z</time><extensions><speed>1.378562</speed><course>130.189203</course><hAcc>1.677752</hAcc><vAcc>0.827096</vAcc></extensions></trkpt>
      <trkpt lon="-76.442402" lat="39.344342"><ele>23.613246</ele><time>2023-07-23T23:02:22Z</time><extensions><speed>1.408887</speed><course>127.757519</course><hAcc>1.675171</hAcc><vAcc>0.827082</vAcc></extensions></trkpt>
      <trkpt lon="-76.442389" lat="39.344334"><ele>23.554610</ele><time>2023-07-23T23:02:23Z</time><extensions><speed>1.426467</speed><course>126.045369</course><hAcc>1.678023</hAcc><vAcc>0.827084</vAcc></extensions></trkpt>
      <trkpt lon="-76.442376" lat="39.344327"><ele>23.502478</ele><time>2023-07-23T23:02:24Z</time><extensions><speed>1.355934</speed><course>126.769722</course><hAcc>1.688128</hAcc><vAcc>0.827082</vAcc></extensions></trkpt>
      <trkpt lon="-76.442364" lat="39.344319"><ele>23.452857</ele><time>2023-07-23T23:02:25Z</time><extensions><speed>1.374641</speed><course>128.233270</course><hAcc>1.677769</hAcc><vAcc>0.827091</vAcc></extensions></trkpt>
      <trkpt lon="-76.442351" lat="39.344312"><ele>23.401384</ele><time>2023-07-23T23:02:26Z</time><extensions><speed>1.346558</speed><course>129.982195</course><hAcc>1.673385</hAcc><vAcc>0.827108</vAcc></extensions></trkpt>
      <trkpt lon="-76.442339" lat="39.344304"><ele>23.347556</ele><time>2023-07-23T23:02:27Z</time><extensions><speed>1.335199</speed><course>132.175899</course><hAcc>1.673789</hAcc><vAcc>0.827132</vAcc></extensions></trkpt>
      <trkpt lon="-76.442328" lat="39.344296"><ele>23.309176</ele><time>2023-07-23T23:02:28Z</time><extensions><speed>1.280686</speed><course>130.301278</course><hAcc>1.669313</hAcc><vAcc>0.827163</vAcc></extensions></trkpt>
      <trkpt lon="-76.442317" lat="39.344288"><ele>23.270926</ele><time>2023-07-23T23:02:29Z</time><extensions><speed>1.266840</speed><course>130.755474</course><hAcc>1.656703</hAcc><vAcc>0.827203</vAcc></extensions></trkpt>
      <trkpt lon="-76.442305" lat="39.344281"><ele>23.233681</ele><time>2023-07-23T23:02:30Z</time><extensions><speed>1.357074</speed><course>131.760912</course><hAcc>1.638149</hAcc><vAcc>0.827226</vAcc></extensions></trkpt>
      <trkpt lon="-76.442293" lat="39.344272"><ele>23.197459</ele><time>2023-07-23T23:02:31Z</time><extensions><speed>1.405562</speed><course>134.172552</course><hAcc>1.624289</hAcc><vAcc>0.827264</vAcc></extensions></trkpt>
      <trkpt lon="-76.442282" lat="39.344263"><ele>23.161099</ele><time>2023-07-23T23:02:32Z</time><extensions><speed>1.390535</speed><course>136.510886</course><hAcc>1.641619</hAcc><vAcc>0.827299</vAcc></extensions></trkpt>
      <trkpt lon="-76.442272" lat="39.344254"><ele>23.136106</ele><time>2023-07-23T23:02:33Z</time><extensions><speed>1.238720</speed><course>139.142145</course><hAcc>1.688747</hAcc><vAcc>0.827337</vAcc></extensions></trkpt>
      <trkpt lon="-76.442262" lat="39.344246"><ele>23.116124</ele><time>2023-07-23T23:02:34Z</time><extensions><speed>1.314808</speed><course>134.400608</course><hAcc>1.639433</hAcc><vAcc>0.827371</vAcc></extensions></trkpt>
      <trkpt lon="-76.442250" lat="39.344238"><ele>23.098977</ele><time>2023-07-23T23:02:35Z</time><extensions><speed>1.334189</speed><course>129.394905</course><hAcc>1.617016</hAcc><vAcc>0.827390</vAcc></extensions></trkpt>
      <trkpt lon="-76.442238" lat="39.344230"><ele>23.091666</ele><time>2023-07-23T23:02:36Z</time><extensions><speed>1.369310</speed><course>127.716443</course><hAcc>1.624047</hAcc><vAcc>0.827401</vAcc></extensions></trkpt>
      <trkpt lon="-76.442225" lat="39.344222"><ele>23.086855</ele><time>2023-07-23T23:02:37Z</time><extensions><speed>1.389535</speed><course>130.756566</course><hAcc>1.635590</hAcc><vAcc>0.827422</vAcc></extensions></trkpt>
      <trkpt lon="-76.442214" lat="39.344214"><ele>23.074027</ele><time>2023-07-23T23:02:38Z</time><extensions><speed>1.405589</speed><course>135.693264</course><hAcc>1.643480</hAcc><vAcc>0.827421</vAcc></extensions></trkpt>
      <trkpt lon="-76.442203" lat="39.344205"><ele>23.045472</ele><time>2023-07-23T23:02:39Z</time><extensions><speed>1.321505</speed><course>138.994215</course><hAcc>1.646895</hAcc><vAcc>0.827420</vAcc></extensions></trkpt>
      <trkpt lon="-76.442193" lat="39.344196"><ele>23.018878</ele><time>2023-07-23T23:02:40Z</time><extensions><speed>1.350867</speed><course>138.712023</course><hAcc>1.626181</hAcc><vAcc>0.827404</vAcc></extensions></trkpt>
      <trkpt lon="-76.442182" lat="39.344187"><ele>22.987793</ele><time>2023-07-23T23:02:41Z</time><extensions><speed>1.320538</speed><course>136.445029</course><hAcc>1.613780</hAcc><vAcc>0.827384</vAcc></extensions></trkpt>
      <trkpt lon="-76.442172" lat="39.344178"><ele>22.968491</ele><time>2023-07-23T23:02:42Z</time><extensions><speed>1.304560</speed><course>135.429586</course><hAcc>1.614279</hAcc><vAcc>0.827353</vAcc></extensions></trkpt>
      <trkpt lon="-76.442161" lat="39.344170"><ele>22.949398</ele><time>2023-07-23T23:02:43Z</time><extensions><speed>1.273491</speed><course>134.392070</course><hAcc>1.642056</hAcc><vAcc>0.827318</vAcc></extensions></trkpt>
      <trkpt lon="-76.442150" lat="39.344162"><ele>22.926493</ele><time>2023-07-23T23:02:44Z</time><extensions><speed>1.301292</speed><course>134.102455</course><hAcc>1.593208</hAcc><vAcc>0.827286</vAcc></extensions></trkpt>
      <trkpt lon="-76.442139" lat="39.344154"><ele>22.906554</ele><time>2023-07-23T23:02:45Z</time><extensions><speed>1.316068</speed><course>134.193156</course><hAcc>1.569503</hAcc><vAcc>0.827260</vAcc></extensions></trkpt>
      <trkpt lon="-76.442128" lat="39.344145"><ele>22.884631</ele><time>2023-07-23T23:02:46Z</time><extensions><speed>1.338171</speed><course>134.567198</course><hAcc>1.600617</hAcc><vAcc>0.827235</vAcc></extensions></trkpt>
      <trkpt lon="-76.442118" lat="39.344138"><ele>22.870734</ele><time>2023-07-23T23:02:47Z</time><extensions><speed>1.190328</speed><course>130.615470</course><hAcc>1.661501</hAcc><vAcc>0.827219</vAcc></extensions></trkpt>
      <trkpt lon="-76.442108" lat="39.344131"><ele>22.866623</ele><time>2023-07-23T23:02:48Z</time><extensions><speed>1.073522</speed><course>131.578339</course><hAcc>1.618351</hAcc><vAcc>0.827220</vAcc></extensions></trkpt>
      <trkpt lon="-76.442098" lat="39.344125"><ele>22.867039</ele><time>2023-07-23T23:02:49Z</time><extensions><speed>1.049043</speed><course>134.070393</course><hAcc>1.609507</hAcc><vAcc>0.827207</vAcc></extensions></trkpt>
      <trkpt lon="-76.442089" lat="39.344118"><ele>22.877616</ele><time>2023-07-23T23:02:50Z</time><extensions><speed>1.168011</speed><course>133.713673</course><hAcc>1.628378</hAcc><vAcc>0.827216</vAcc></extensions></trkpt>
      <trkpt lon="-76.442079" lat="39.344110"><ele>22.888863</ele><time>2023-07-23T23:02:51Z</time><extensions><speed>1.238683</speed><course>133.112151</course><hAcc>1.649373</hAcc><vAcc>0.827237</vAcc></extensions></trkpt>
      <trkpt lon="-76.442068" lat="39.344103"><ele>22.912698</ele><time>2023-07-23T23:02:52Z</time><extensions><speed>1.275451</speed><course>131.313947</course><hAcc>1.660545</hAcc><vAcc>0.827267</vAcc></extensions></trkpt>
      <trkpt lon="-76.442057" lat="39.344095"><ele>22.940756</ele><time>2023-07-23T23:02:53Z</time><extensions><speed>1.241517</speed><course>130.067632</course><hAcc>1.662128</hAcc><vAcc>0.827305</vAcc></extensions></trkpt>
      <trkpt lon="-76.442046" lat="39.344088"><ele>22.970687</ele><time>2023-07-23T23:02:54Z</time><extensions><speed>1.189356</speed><course>129.363484</course><hAcc>1.654176</hAcc><vAcc>0.827363</vAcc></extensions></trkpt>
      <trkpt lon="-76.442035" lat="39.344081"><ele>23.010721</ele><time>2023-07-23T23:02:55Z</time><extensions><speed>1.197458</speed><course>130.396735</course><hAcc>1.638784</hAcc><vAcc>0.827449</vAcc></extensions></trkpt>
      <trkpt lon="-76.442025" lat="39.344074"><ele>23.053805</ele><time>2023-07-23T23:02:56Z</time><extensions><speed>1.288794</speed><course>132.708128</course><hAcc>1.626952</hAcc><vAcc>0.827550</vAcc></extensions></trkpt>
      <trkpt lon="-76.442013" lat="39.344066"><ele>23.098759</ele><time>2023-07-23T23:02:57Z</time><extensions><speed>1.368388</speed><course>135.148409</course><hAcc>1.645215</hAcc><vAcc>0.827668</vAcc></extensions></trkpt>
      <trkpt lon="-76.442003" lat="39.344057"><ele>23.139503</ele><time>2023-07-23T23:02:58Z</time><extensions><speed>1.247704</speed><course>137.916947</course><hAcc>1.690827</hAcc><vAcc>0.827786</vAcc></extensions></trkpt>
      <trkpt lon="-76.441993" lat="39.344049"><ele>23.165831</ele><time>2023-07-23T23:02:59Z</time><extensions><speed>1.189233</speed><course>131.396578</course><hAcc>1.643243</hAcc><vAcc>0.827908</vAcc></extensions></trkpt>
      <trkpt lon="-76.441982" lat="39.344042"><ele>23.186157</ele><time>2023-07-23T23:03:00Z</time><extensions><speed>1.211907</speed><course>127.212409</course><hAcc>1.626102</hAcc><vAcc>0.828041</vAcc></extensions></trkpt>
      <trkpt lon="-76.441971" lat="39.344036"><ele>23.208904</ele><time>2023-07-23T23:03:01Z</time><extensions><speed>1.184027</speed><course>125.684725</course><hAcc>1.640206</hAcc><vAcc>0.828174</vAcc></extensions></trkpt>
      <trkpt lon="-76.441959" lat="39.344030"><ele>23.225723</ele><time>2023-07-23T23:03:02Z</time><extensions><speed>1.243437</speed><course>125.850253</course><hAcc>1.655283</hAcc><vAcc>0.828302</vAcc></extensions></trkpt>
      <trkpt lon="-76.441948" lat="39.344023"><ele>23.245592</ele><time>2023-07-23T23:03:03Z</time><extensions><speed>1.245630</speed><course>126.891944</course><hAcc>1.663579</hAcc><vAcc>0.828420</vAcc></extensions></trkpt>
      <trkpt lon="-76.441936" lat="39.344016"><ele>23.224422</ele><time>2023-07-23T23:03:04Z</time><extensions><speed>1.243974</speed><course>128.136866</course><hAcc>1.668918</hAcc><vAcc>0.828518</vAcc></extensions></trkpt>
      <trkpt lon="-76.441925" lat="39.344009"><ele>23.213178</ele><time>2023-07-23T23:03:05Z</time><extensions><speed>1.250727</speed><course>130.189063</course><hAcc>1.676726</hAcc><vAcc>0.828592</vAcc></extensions></trkpt>
      <trkpt lon="-76.441914" lat="39.344002"><ele>23.203384</ele><time>2023-07-23T23:03:06Z</time><extensions><speed>1.210726</speed><course>132.540945</course><hAcc>1.668443</hAcc><vAcc>0.828638</vAcc></extensions></trkpt>
      <trkpt lon="-76.441904" lat="39.343994"><ele>23.181422</ele><time>2023-07-23T23:03:07Z</time><extensions><speed>1.138203</speed><course>135.485291</course><hAcc>1.664065</hAcc><vAcc>0.828669</vAcc></extensions></trkpt>
      <trkpt lon="-76.441895" lat="39.343987"><ele>23.140336</ele><time>2023-07-23T23:03:08Z</time><extensions><speed>1.081226</speed><course>135.266076</course><hAcc>1.655542</hAcc><vAcc>0.828666</vAcc></extensions></trkpt>
      <trkpt lon="-76.441886" lat="39.343980"><ele>23.109458</ele><time>2023-07-23T23:03:09Z</time><extensions><speed>1.085220</speed><course>133.693244</course><hAcc>1.655188</hAcc><vAcc>0.828642</vAcc></extensions></trkpt>
      <trkpt lon="-76.441877" lat="39.343973"><ele>23.082713</ele><time>2023-07-23T23:03:10Z</time><extensions><speed>1.147012</speed><course>132.672557</course><hAcc>1.662012</hAcc><vAcc>0.828600</vAcc></extensions></trkpt>
      <trkpt lon="-76.441867" lat="39.343966"><ele>23.053178</ele><time>2023-07-23T23:03:11Z</time><extensions><speed>1.209409</speed><course>132.603433</course><hAcc>1.643525</hAcc><vAcc>0.828552</vAcc></extensions></trkpt>
      <trkpt lon="-76.441857" lat="39.343958"><ele>23.030235</ele><time>2023-07-23T23:03:12Z</time><extensions><speed>1.258777</speed><course>134.614932</course><hAcc>1.633726</hAcc><vAcc>0.828481</vAcc></extensions></trkpt>
      <trkpt lon="-76.441846" lat="39.343950"><ele>23.007054</ele><time>2023-07-23T23:03:13Z</time><extensions><speed>1.277625</speed><course>138.166152</course><hAcc>1.641621</hAcc><vAcc>0.828399</vAcc></extensions></trkpt>
      <trkpt lon="-76.441838" lat="39.343942"><ele>22.978819</ele><time>2023-07-23T23:03:14Z</time><extensions><speed>1.094012</speed><course>144.257004</course><hAcc>1.667204</hAcc><vAcc>0.828315</vAcc></extensions></trkpt>
      <trkpt lon="-76.441830" lat="39.343934"><ele>22.964269</ele><time>2023-07-23T23:03:15Z</time><extensions><speed>1.146488</speed><course>143.265362</course><hAcc>1.640138</hAcc><vAcc>0.828247</vAcc></extensions></trkpt>
      <trkpt lon="-76.441822" lat="39.343926"><ele>22.943238</ele><time>2023-07-23T23:03:16Z</time><extensions><speed>1.071308</speed><course>139.028229</course><hAcc>1.627219</hAcc><vAcc>0.828183</vAcc></extensions></trkpt>
      <trkpt lon="-76.441813" lat="39.343919"><ele>22.940358</ele><time>2023-07-23T23:03:17Z</time><extensions><speed>1.115906</speed><course>133.397006</course><hAcc>1.625637</hAcc><vAcc>0.828122</vAcc></extensions></trkpt>
      <trkpt lon="-76.441804" lat="39.343912"><ele>22.925201</ele><time>2023-07-23T23:03:18Z</time><extensions><speed>1.144000</speed><course>131.699168</course><hAcc>1.610853</hAcc><vAcc>0.828074</vAcc></extensions></trkpt>
      <trkpt lon="-76.441794" lat="39.343904"><ele>22.926516</ele><time>2023-07-23T23:03:19Z</time><extensions><speed>1.196655</speed><course>134.259681</course><hAcc>1.600974</hAcc><vAcc>0.828040</vAcc></extensions></trkpt>
      <trkpt lon="-76.441784" lat="39.343897"><ele>22.940019</ele><time>2023-07-23T23:03:20Z</time><extensions><speed>1.247446</speed><course>137.951860</course><hAcc>1.613951</hAcc><vAcc>0.828003</vAcc></extensions></trkpt>
      <trkpt lon="-76.441774" lat="39.343888"><ele>22.965378</ele><time>2023-07-23T23:03:21Z</time><extensions><speed>1.213465</speed><course>138.728738</course><hAcc>1.656967</hAcc><vAcc>0.827972</vAcc></extensions></trkpt>
      <trkpt lon="-76.441766" lat="39.343880"><ele>23.020849</ele><time>2023-07-23T23:03:22Z</time><extensions><speed>1.131560</speed><course>143.040573</course><hAcc>1.605393</hAcc><vAcc>0.827940</vAcc></extensions></trkpt>
      <trkpt lon="-76.441758" lat="39.343872"><ele>23.071365</ele><time>2023-07-23T23:03:23Z</time><extensions><speed>1.141682</speed><course>142.301979</course><hAcc>1.581166</hAcc><vAcc>0.827901</vAcc></extensions></trkpt>
      <trkpt lon="-76.441750" lat="39.343864"><ele>23.133351</ele><time>2023-07-23T23:03:24Z</time><extensions><speed>1.089364</speed><course>142.904325</course><hAcc>1.603294</hAcc><vAcc>0.827870</vAcc></extensions></trkpt>
      <trkpt lon="-76.441743" lat="39.343856"><ele>23.206980</ele><time>2023-07-23T23:03:25Z</time><extensions><speed>1.073645</speed><course>146.590123</course><hAcc>1.648846</hAcc><vAcc>0.827826</vAcc></extensions></trkpt>
      <trkpt lon="-76.441736" lat="39.343848"><ele>23.294591</ele><time>2023-07-23T23:03:26Z</time><extensions><speed>1.103370</speed><course>145.567169</course><hAcc>1.638996</hAcc><vAcc>0.827797</vAcc></extensions></trkpt>
      <trkpt lon="-76.441728" lat="39.343839"><ele>23.418632</ele><time>2023-07-23T23:03:27Z</time><extensions><speed>1.159609</speed><course>142.544073</course><hAcc>1.633349</hAcc><vAcc>0.827751</vAcc></extensions></trkpt>
      <trkpt lon="-76.441720" lat="39.343831"><ele>23.543589</ele><time>2023-07-23T23:03:28Z</time><extensions><speed>1.160596</speed><course>140.369376</course><hAcc>1.644501</hAcc><vAcc>0.827692</vAcc></extensions></trkpt>
      <trkpt lon="-76.441711" lat="39.343823"><ele>23.630046</ele><time>2023-07-23T23:03:29Z</time><extensions><speed>1.151432</speed><course>137.645240</course><hAcc>1.657028</hAcc><vAcc>0.827645</vAcc></extensions></trkpt>
      <trkpt lon="-76.441702" lat="39.343816"><ele>23.723713</ele><time>2023-07-23T23:03:30Z</time><extensions><speed>1.180214</speed><course>136.876900</course><hAcc>1.665261</hAcc><vAcc>0.827598</vAcc></extensions></trkpt>
      <trkpt lon="-76.441693" lat="39.343808"><ele>23.800974</ele><time>2023-07-23T23:03:31Z</time><extensions><speed>1.101477</speed><course>139.876394</course><hAcc>1.671704</hAcc><vAcc>0.827540</vAcc></extensions></trkpt>
      <trkpt lon="-76.441685" lat="39.343801"><ele>23.870895</ele><time>2023-07-23T23:03:32Z</time><extensions><speed>0.933326</speed><course>142.613034</course><hAcc>1.672550</hAcc><vAcc>0.827496</vAcc></extensions></trkpt>
      <trkpt lon="-76.441678" lat="39.343794"><ele>23.936864</ele><time>2023-07-23T23:03:33Z</time><extensions><speed>0.968182</speed><course>140.978928</course><hAcc>1.660639</hAcc><vAcc>0.827464</vAcc></extensions></trkpt>
      <trkpt lon="-76.441671" lat="39.343787"><ele>23.995953</ele><time>2023-07-23T23:03:34Z</time><extensions><speed>1.035071</speed><course>134.803420</course><hAcc>1.639318</hAcc><vAcc>0.827450</vAcc></extensions></trkpt>
      <trkpt lon="-76.441661" lat="39.343781"><ele>24.066008</ele><time>2023-07-23T23:03:35Z</time><extensions><speed>1.089389</speed><course>129.097452</course><hAcc>1.615893</hAcc><vAcc>0.827440</vAcc></extensions></trkpt>
      <trkpt lon="-76.441651" lat="39.343775"><ele>24.132231</ele><time>2023-07-23T23:03:36Z</time><extensions><speed>1.207208</speed><course>128.614478</course><hAcc>1.616646</hAcc><vAcc>0.827433</vAcc></extensions></trkpt>
      <trkpt lon="-76.441641" lat="39.343768"><ele>24.181714</ele><time>2023-07-23T23:03:37Z</time><extensions><speed>1.079213</speed><course>133.444031</course><hAcc>1.642373</hAcc><vAcc>0.827435</vAcc></extensions></trkpt>
      <trkpt lon="-76.441631" lat="39.343761"><ele>24.210637</ele><time>2023-07-23T23:03:38Z</time><extensions><speed>1.134195</speed><course>132.530296</course><hAcc>1.594821</hAcc><vAcc>0.827452</vAcc></extensions></trkpt>
      <trkpt lon="-76.441622" lat="39.343754"><ele>24.232425</ele><time>2023-07-23T23:03:39Z</time><extensions><speed>1.104633</speed><course>130.950212</course><hAcc>1.590055</hAcc><vAcc>0.827467</vAcc></extensions></trkpt>
      <trkpt lon="-76.441612" lat="39.343748"><ele>24.197502</ele><time>2023-07-23T23:03:40Z</time><extensions><speed>1.088460</speed><course>128.986692</course><hAcc>1.624343</hAcc><vAcc>0.827502</vAcc></extensions></trkpt>
      <trkpt lon="-76.441602" lat="39.343742"><ele>24.153191</ele><time>2023-07-23T23:03:41Z</time><extensions><speed>1.064377</speed><course>125.094306</course><hAcc>1.585651</hAcc><vAcc>0.827517</vAcc></extensions></trkpt>
      <trkpt lon="-76.441592" lat="39.343736"><ele>24.115799</ele><time>2023-07-23T23:03:42Z</time><extensions><speed>1.149975</speed><course>124.512598</course><hAcc>1.573349</hAcc><vAcc>0.827524</vAcc></extensions></trkpt>
      <trkpt lon="-76.441581" lat="39.343730"><ele>24.067198</ele><time>2023-07-23T23:03:43Z</time><extensions><speed>1.193312</speed><course>128.322412</course><hAcc>1.600842</hAcc><vAcc>0.827518</vAcc></extensions></trkpt>
      <trkpt lon="-76.441570" lat="39.343723"><ele>24.045144</ele><time>2023-07-23T23:03:44Z</time><extensions><speed>1.203207</speed><course>129.881893</course><hAcc>1.647477</hAcc><vAcc>0.827500</vAcc></extensions></trkpt>
      <trkpt lon="-76.441560" lat="39.343716"><ele>24.012041</ele><time>2023-07-23T23:03:45Z</time><extensions><speed>1.182406</speed><course>133.161556</course><hAcc>1.622649</hAcc><vAcc>0.827495</vAcc></extensions></trkpt>
      <trkpt lon="-76.441551" lat="39.343709"><ele>23.962331</ele><time>2023-07-23T23:03:46Z</time><extensions><speed>1.120258</speed><course>139.268317</course><hAcc>1.609397</hAcc><vAcc>0.827471</vAcc></extensions></trkpt>
      <trkpt lon="-76.441544" lat="39.343701"><ele>23.895805</ele><time>2023-07-23T23:03:47Z</time><extensions><speed>1.019362</speed><course>153.006632</course><hAcc>1.616952</hAcc><vAcc>0.827437</vAcc></extensions></trkpt>
      <trkpt lon="-76.441540" lat="39.343692"><ele>23.840769</ele><time>2023-07-23T23:03:48Z</time><extensions><speed>1.053913</speed><course>166.066406</course><hAcc>1.624277</hAcc><vAcc>0.827420</vAcc></extensions></trkpt>
      <trkpt lon="-76.441538" lat="39.343682"><ele>23.762954</ele><time>2023-07-23T23:03:49Z</time><extensions><speed>1.183120</speed><course>178.356328</course><hAcc>1.636774</hAcc><vAcc>0.827386</vAcc></extensions></trkpt>
      <trkpt lon="-76.441540" lat="39.343672"><ele>23.669845</ele><time>2023-07-23T23:03:50Z</time><extensions><speed>1.049961</speed><course>197.677191</course><hAcc>1.652686</hAcc><vAcc>0.827346</vAcc></extensions></trkpt>
      <trkpt lon="-76.441545" lat="39.343664"><ele>23.595642</ele><time>2023-07-23T23:03:51Z</time><extensions><speed>1.027435</speed><course>213.910049</course><hAcc>1.636698</hAcc><vAcc>0.827300</vAcc></extensions></trkpt>
      <trkpt lon="-76.441552" lat="39.343656"><ele>23.528957</ele><time>2023-07-23T23:03:52Z</time><extensions><speed>1.089402</speed><course>217.883303</course><hAcc>1.620659</hAcc><vAcc>0.827254</vAcc></extensions></trkpt>
      <trkpt lon="-76.441560" lat="39.343648"><ele>23.448903</ele><time>2023-07-23T23:03:53Z</time><extensions><speed>1.206596</speed><course>217.879710</course><hAcc>1.612868</hAcc><vAcc>0.827234</vAcc></extensions></trkpt>
      <trkpt lon="-76.441569" lat="39.343640"><ele>23.358578</ele><time>2023-07-23T23:03:54Z</time><extensions><speed>1.235255</speed><course>219.360692</course><hAcc>1.612311</hAcc><vAcc>0.827200</vAcc></extensions></trkpt>
      <trkpt lon="-76.441578" lat="39.343631"><ele>23.270448</ele><time>2023-07-23T23:03:55Z</time><extensions><speed>1.222848</speed><course>221.066842</course><hAcc>1.615832</hAcc><vAcc>0.827158</vAcc></extensions></trkpt>
      <trkpt lon="-76.441588" lat="39.343623"><ele>23.172646</ele><time>2023-07-23T23:03:56Z</time><extensions><speed>1.247674</speed><course>223.930189</course><hAcc>1.588657</hAcc><vAcc>0.827114</vAcc></extensions></trkpt>
      <trkpt lon="-76.441598" lat="39.343615"><ele>23.063218</ele><time>2023-07-23T23:03:57Z</time><extensions><speed>1.291971</speed><course>224.259211</course><hAcc>1.594858</hAcc><vAcc>0.827060</vAcc></extensions></trkpt>
      <trkpt lon="-76.441609" lat="39.343606"><ele>22.950451</ele><time>2023-07-23T23:03:58Z</time><extensions><speed>1.251451</speed><course>222.951611</course><hAcc>1.635183</hAcc><vAcc>0.826996</vAcc></extensions></trkpt>
      <trkpt lon="-76.441618" lat="39.343598"><ele>22.843964</ele><time>2023-07-23T23:03:59Z</time><extensions><speed>1.204693</speed><course>225.193148</course><hAcc>1.588317</hAcc><vAcc>0.826928</vAcc></extensions></trkpt>
      <trkpt lon="-76.441628" lat="39.343591"><ele>22.753061</ele><time>2023-07-23T23:04:00Z</time><extensions><speed>1.111174</speed><course>226.687271</course><hAcc>1.561229</hAcc><vAcc>0.826872</vAcc></extensions></trkpt>
      <trkpt lon="-76.441637" lat="39.343584"><ele>22.630596</ele><time>2023-07-23T23:04:01Z</time><extensions><speed>1.129830</speed><course>225.356742</course><hAcc>1.560977</hAcc><vAcc>0.826817</vAcc></extensions></trkpt>
      <trkpt lon="-76.441647" lat="39.343576"><ele>22.508540</ele><time>2023-07-23T23:04:02Z</time><extensions><speed>1.324190</speed><course>223.403643</course><hAcc>1.594277</hAcc><vAcc>0.826782</vAcc></extensions></trkpt>
      <trkpt lon="-76.441658" lat="39.343568"><ele>22.356410</ele><time>2023-07-23T23:04:03Z</time><extensions><speed>1.280878</speed><course>224.772671</course><hAcc>1.651702</hAcc><vAcc>0.826744</vAcc></extensions></trkpt>
      <trkpt lon="-76.441668" lat="39.343559"><ele>22.199216</ele><time>2023-07-23T23:04:04Z</time><extensions><speed>1.266538</speed><course>225.653301</course><hAcc>1.607110</hAcc><vAcc>0.826712</vAcc></extensions></trkpt>
      <trkpt lon="-76.441679" lat="39.343552"><ele>22.067780</ele><time>2023-07-23T23:04:05Z</time><extensions><speed>1.249336</speed><course>225.796181</course><hAcc>1.593380</hAcc><vAcc>0.826689</vAcc></extensions></trkpt>
      <trkpt lon="-76.441689" lat="39.343544"><ele>21.940842</ele><time>2023-07-23T23:04:06Z</time><extensions><speed>1.234629</speed><course>224.458603</course><hAcc>1.608095</hAcc><vAcc>0.826672</vAcc></extensions></trkpt>
      <trkpt lon="-76.441699" lat="39.343535"><ele>21.808716</ele><time>2023-07-23T23:04:07Z</time><extensions><speed>1.213589</speed><course>222.014828</course><hAcc>1.621868</hAcc><vAcc>0.826670</vAcc></extensions></trkpt>
      <trkpt lon="-76.441708" lat="39.343528"><ele>21.683662</ele><time>2023-07-23T23:04:08Z</time><extensions><speed>1.111200</speed><course>220.117660</course><hAcc>1.622707</hAcc><vAcc>0.826676</vAcc></extensions></trkpt>
      <trkpt lon="-76.441716" lat="39.343520"><ele>21.539846</ele><time>2023-07-23T23:04:09Z</time><extensions><speed>1.126309</speed><course>219.045181</course><hAcc>1.613148</hAcc><vAcc>0.826689</vAcc></extensions></trkpt>
      <trkpt lon="-76.441724" lat="39.343512"><ele>21.425942</ele><time>2023-07-23T23:04:10Z</time><extensions><speed>1.131450</speed><course>220.195385</course><hAcc>1.604655</hAcc><vAcc>0.826705</vAcc></extensions></trkpt>
      <trkpt lon="-76.441733" lat="39.343504"><ele>21.315682</ele><time>2023-07-23T23:04:11Z</time><extensions><speed>1.256251</speed><course>222.173490</course><hAcc>1.620361</hAcc><vAcc>0.826729</vAcc></extensions></trkpt>
      <trkpt lon="-76.441744" lat="39.343496"><ele>21.231962</ele><time>2023-07-23T23:04:12Z</time><extensions><speed>1.213640</speed><course>229.260674</course><hAcc>1.663410</hAcc><vAcc>0.826761</vAcc></extensions></trkpt>
      <trkpt lon="-76.441754" lat="39.343489"><ele>21.168297</ele><time>2023-07-23T23:04:13Z</time><extensions><speed>1.203049</speed><course>225.889057</course><hAcc>1.619728</hAcc><vAcc>0.826765</vAcc></extensions></trkpt>
      <trkpt lon="-76.441764" lat="39.343481"><ele>21.141091</ele><time>2023-07-23T23:04:14Z</time><extensions><speed>1.188497</speed><course>222.683700</course><hAcc>1.604813</hAcc><vAcc>0.826761</vAcc></extensions></trkpt>
      <trkpt lon="-76.441773" lat="39.343473"><ele>21.118880</ele><time>2023-07-23T23:04:15Z</time><extensions><speed>1.256774</speed><course>219.588898</course><hAcc>1.615915</hAcc><vAcc>0.826748</vAcc></extensions></trkpt>
      <trkpt lon="-76.441782" lat="39.343464"><ele>21.109349</ele><time>2023-07-23T23:04:16Z</time><extensions><speed>1.298511</speed><course>218.173332</course><hAcc>1.626037</hAcc><vAcc>0.826752</vAcc></extensions></trkpt>
      <trkpt lon="-76.441791" lat="39.343455"><ele>21.125484</ele><time>2023-07-23T23:04:17Z</time><extensions><speed>1.246005</speed><course>220.363096</course><hAcc>1.625317</hAcc><vAcc>0.826745</vAcc></extensions></trkpt>
      <trkpt lon="-76.441801" lat="39.343447"><ele>21.139261</ele><time>2023-07-23T23:04:18Z</time><extensions><speed>1.132162</speed><course>225.752928</course><hAcc>1.611084</hAcc><vAcc>0.826739</vAcc></extensions></trkpt>
      <trkpt lon="-76.441810" lat="39.343440"><ele>21.158477</ele><time>2023-07-23T23:04:19Z</time><extensions><speed>1.134484</speed><course>228.773394</course><hAcc>1.590318</hAcc><vAcc>0.826730</vAcc></extensions></trkpt>
      <trkpt lon="-76.441820" lat="39.343433"><ele>21.188774</ele><time>2023-07-23T23:04:20Z</time><extensions><speed>1.180296</speed><course>225.784518</course><hAcc>1.590893</hAcc><vAcc>0.826723</vAcc></extensions></trkpt>
      <trkpt lon="-76.441831" lat="39.343425"><ele>21.229794</ele><time>2023-07-23T23:04:21Z</time><extensions><speed>1.332049</speed><course>222.240726</course><hAcc>1.624341</hAcc><vAcc>0.826725</vAcc></extensions></trkpt>
      <trkpt lon="-76.441841" lat="39.343417"><ele>21.277600</ele><time>2023-07-23T23:04:22Z</time><extensions><speed>1.229133</speed><course>221.939247</course><hAcc>1.606870</hAcc><vAcc>0.826711</vAcc></extensions></trkpt>
      <trkpt lon="-76.441850" lat="39.343409"><ele>21.320894</ele><time>2023-07-23T23:04:23Z</time><extensions><speed>1.158219</speed><course>224.087924</course><hAcc>1.557842</hAcc><vAcc>0.826684</vAcc></extensions></trkpt>
      <trkpt lon="-76.441859" lat="39.343402"><ele>21.363720</ele><time>2023-07-23T23:04:24Z</time><extensions><speed>1.086109</speed><course>227.050579</course><hAcc>1.542138</hAcc><vAcc>0.826648</vAcc></extensions></trkpt>
      <trkpt lon="-76.441869" lat="39.343395"><ele>21.412427</ele><time>2023-07-23T23:04:25Z</time><extensions><speed>1.151542</speed><course>229.716000</course><hAcc>1.570475</hAcc><vAcc>0.826606</vAcc></extensions></trkpt>
      <trkpt lon="-76.441879" lat="39.343388"><ele>21.454022</ele><time>2023-07-23T23:04:26Z</time><extensions><speed>1.204933</speed><course>230.674140</course><hAcc>1.624695</hAcc><vAcc>0.826561</vAcc></extensions></trkpt>
      <trkpt lon="-76.441890" lat="39.343382"><ele>21.482289</ele><time>2023-07-23T23:04:27Z</time><extensions><speed>1.126439</speed><course>233.675674</course><hAcc>1.579671</hAcc><vAcc>0.826515</vAcc></extensions></trkpt>
      <trkpt lon="-76.441901" lat="39.343376"><ele>21.501848</ele><time>2023-07-23T23:04:28Z</time><extensions><speed>1.094558</speed><course>233.778234</course><hAcc>1.558162</hAcc><vAcc>0.826473</vAcc></extensions></trkpt>
      <trkpt lon="-76.441911" lat="39.343370"><ele>21.521400</ele><time>2023-07-23T23:04:29Z</time><extensions><speed>1.151583</speed><course>237.864188</course><hAcc>1.557287</hAcc><vAcc>0.826436</vAcc></extensions></trkpt>
      <trkpt lon="-76.441923" lat="39.343364"><ele>21.524891</ele><time>2023-07-23T23:04:30Z</time><extensions><speed>1.236937</speed><course>238.325830</course><hAcc>1.590287</hAcc><vAcc>0.826383</vAcc></extensions></trkpt>
      <trkpt lon="-76.441935" lat="39.343358"><ele>21.535299</ele><time>2023-07-23T23:04:31Z</time><extensions><speed>1.255817</speed><course>237.914857</course><hAcc>1.648022</hAcc><vAcc>0.826340</vAcc></extensions></trkpt>
      <trkpt lon="-76.441947" lat="39.343352"><ele>21.542361</ele><time>2023-07-23T23:04:32Z</time><extensions><speed>1.248562</speed><course>233.757203</course><hAcc>1.602621</hAcc><vAcc>0.826298</vAcc></extensions></trkpt>
      <trkpt lon="-76.441959" lat="39.343345"><ele>21.521128</ele><time>2023-07-23T23:04:33Z</time><extensions><speed>1.285191</speed><course>230.180299</course><hAcc>1.582407</hAcc><vAcc>0.826267</vAcc></extensions></trkpt>
      <trkpt lon="-76.441970" lat="39.343337"><ele>21.495278</ele><time>2023-07-23T23:04:34Z</time><extensions><speed>1.329553</speed><course>227.262609</course><hAcc>1.582737</hAcc><vAcc>0.826264</vAcc></extensions></trkpt>
      <trkpt lon="-76.441982" lat="39.343329"><ele>21.448725</ele><time>2023-07-23T23:04:35Z</time><extensions><speed>1.346326</speed><course>226.620032</course><hAcc>1.576833</hAcc><vAcc>0.826267</vAcc></extensions></trkpt>
      <trkpt lon="-76.441993" lat="39.343320"><ele>21.403983</ele><time>2023-07-23T23:04:36Z</time><extensions><speed>1.345724</speed><course>227.026586</course><hAcc>1.563498</hAcc><vAcc>0.826268</vAcc></extensions></trkpt>
      <trkpt lon="-76.442004" lat="39.343312"><ele>21.358357</ele><time>2023-07-23T23:04:37Z</time><extensions><speed>1.315223</speed><course>228.805569</course><hAcc>1.565987</hAcc><vAcc>0.826277</vAcc></extensions></trkpt>
      <trkpt lon="-76.442016" lat="39.343304"><ele>21.313284</ele><time>2023-07-23T23:04:38Z</time><extensions><speed>1.282922</speed><course>230.342693</course><hAcc>1.595639</hAcc><vAcc>0.826292</vAcc></extensions></trkpt>
      <trkpt lon="-76.442027" lat="39.343296"><ele>21.265960</ele><time>2023-07-23T23:04:39Z</time><extensions><speed>1.310948</speed><course>226.158173</course><hAcc>1.554634</hAcc><vAcc>0.826312</vAcc></extensions></trkpt>
      <trkpt lon="-76.442037" lat="39.343288"><ele>21.220449</ele><time>2023-07-23T23:04:40Z</time><extensions><speed>1.267684</speed><course>224.062963</course><hAcc>1.530739</hAcc><vAcc>0.826339</vAcc></extensions></trkpt>
      <trkpt lon="-76.442047" lat="39.343280"><ele>21.173675</ele><time>2023-07-23T23:04:41Z</time><extensions><speed>1.150334</speed><course>224.757374</course><hAcc>1.559668</hAcc><vAcc>0.826368</vAcc></extensions></trkpt>
      <trkpt lon="-76.442057" lat="39.343273"><ele>21.137369</ele><time>2023-07-23T23:04:42Z</time><extensions><speed>1.232336</speed><course>224.358981</course><hAcc>1.524842</hAcc><vAcc>0.826410</vAcc></extensions></trkpt>
      <trkpt lon="-76.442067" lat="39.343265"><ele>21.112671</ele><time>2023-07-23T23:04:43Z</time><extensions><speed>1.282940</speed><course>226.225555</course><hAcc>1.544000</hAcc><vAcc>0.826445</vAcc></extensions></trkpt>
      <trkpt lon="-76.442078" lat="39.343257"><ele>21.077966</ele><time>2023-07-23T23:04:44Z</time><extensions><speed>1.263956</speed><course>230.395634</course><hAcc>1.610174</hAcc><vAcc>0.826476</vAcc></extensions></trkpt>
      <trkpt lon="-76.442089" lat="39.343249"><ele>21.043648</ele><time>2023-07-23T23:04:45Z</time><extensions><speed>1.304162</speed><course>224.214589</course><hAcc>1.583556</hAcc><vAcc>0.826506</vAcc></extensions></trkpt>
      <trkpt lon="-76.442099" lat="39.343241"><ele>21.018903</ele><time>2023-07-23T23:04:46Z</time><extensions><speed>1.297505</speed><course>220.027092</course><hAcc>1.576705</hAcc><vAcc>0.826533</vAcc></extensions></trkpt>
      <trkpt lon="-76.442109" lat="39.343232"><ele>21.002665</ele><time>2023-07-23T23:04:47Z</time><extensions><speed>1.265390</speed><course>219.159891</course><hAcc>1.599086</hAcc><vAcc>0.826573</vAcc></extensions></trkpt>
      <trkpt lon="-76.442118" lat="39.343223"><ele>21.000769</ele><time>2023-07-23T23:04:48Z</time><extensions><speed>1.217778</speed><course>220.178427</course><hAcc>1.623632</hAcc><vAcc>0.826605</vAcc></extensions></trkpt>
      <trkpt lon="-76.442127" lat="39.343215"><ele>20.998695</ele><time>2023-07-23T23:04:49Z</time><extensions><speed>1.198585</speed><course>222.375607</course><hAcc>1.638449</hAcc><vAcc>0.826647</vAcc></extensions></trkpt>
      <trkpt lon="-76.442137" lat="39.343207"><ele>21.015617</ele><time>2023-07-23T23:04:50Z</time><extensions><speed>1.181633</speed><course>224.496937</course><hAcc>1.645279</hAcc><vAcc>0.826675</vAcc></extensions></trkpt>
      <trkpt lon="-76.442146" lat="39.343200"><ele>21.027831</ele><time>2023-07-23T23:04:51Z</time><extensions><speed>1.166407</speed><course>225.064092</course><hAcc>1.650695</hAcc><vAcc>0.826703</vAcc></extensions></trkpt>
      <trkpt lon="-76.442156" lat="39.343192"><ele>21.043400</ele><time>2023-07-23T23:04:52Z</time><extensions><speed>1.157744</speed><course>226.402853</course><hAcc>1.654816</hAcc><vAcc>0.826733</vAcc></extensions></trkpt>
      <trkpt lon="-76.442166" lat="39.343186"><ele>21.060620</ele><time>2023-07-23T23:04:53Z</time><extensions><speed>1.131296</speed><course>230.281595</course><hAcc>1.631644</hAcc><vAcc>0.826748</vAcc></extensions></trkpt>
      <trkpt lon="-76.442176" lat="39.343180"><ele>21.073664</ele><time>2023-07-23T23:04:54Z</time><extensions><speed>1.067693</speed><course>234.044899</course><hAcc>1.604052</hAcc><vAcc>0.826766</vAcc></extensions></trkpt>
      <trkpt lon="-76.442186" lat="39.343174"><ele>21.092935</ele><time>2023-07-23T23:04:55Z</time><extensions><speed>0.969860</speed><course>238.458502</course><hAcc>1.578928</hAcc><vAcc>0.826767</vAcc></extensions></trkpt>
      <trkpt lon="-76.442196" lat="39.343170"><ele>21.118518</ele><time>2023-07-23T23:04:56Z</time><extensions><speed>1.108005</speed><course>240.588619</course><hAcc>1.582597</hAcc><vAcc>0.826759</vAcc></extensions></trkpt>
      <trkpt lon="-76.442208" lat="39.343164"><ele>21.134272</ele><time>2023-07-23T23:04:57Z</time><extensions><speed>1.222034</speed><course>238.262565</course><hAcc>1.626742</hAcc><vAcc>0.826738</vAcc></extensions></trkpt>
      <trkpt lon="-76.442220" lat="39.343158"><ele>21.140737</ele><time>2023-07-23T23:04:58Z</time><extensions><speed>1.277014</speed><course>237.864596</course><hAcc>1.595908</hAcc><vAcc>0.826707</vAcc></extensions></trkpt>
      <trkpt lon="-76.442232" lat="39.343153"><ele>21.166482</ele><time>2023-07-23T23:04:59Z</time><extensions><speed>1.182018</speed><course>237.414143</course><hAcc>1.574897</hAcc><vAcc>0.826665</vAcc></extensions></trkpt>
      <trkpt lon="-76.442243" lat="39.343147"><ele>21.212188</ele><time>2023-07-23T23:05:00Z</time><extensions><speed>1.080241</speed><course>240.129734</course><hAcc>1.557426</hAcc><vAcc>0.826619</vAcc></extensions></trkpt>
      <trkpt lon="-76.442254" lat="39.343142"><ele>21.263850</ele><time>2023-07-23T23:05:01Z</time><extensions><speed>1.073303</speed><course>240.119597</course><hAcc>1.575343</hAcc><vAcc>0.826567</vAcc></extensions></trkpt>
      <trkpt lon="-76.442265" lat="39.343137"><ele>21.310515</ele><time>2023-07-23T23:05:02Z</time><extensions><speed>1.094174</speed><course>237.388608</course><hAcc>1.615603</hAcc><vAcc>0.826513</vAcc></extensions></trkpt>
      <trkpt lon="-76.442275" lat="39.343132"><ele>21.345076</ele><time>2023-07-23T23:05:03Z</time><extensions><speed>1.057241</speed><course>235.411064</course><hAcc>1.607862</hAcc><vAcc>0.826472</vAcc></extensions></trkpt>
      <trkpt lon="-76.442285" lat="39.343126"><ele>21.378527</ele><time>2023-07-23T23:05:04Z</time><extensions><speed>1.080751</speed><course>234.162042</course><hAcc>1.620170</hAcc><vAcc>0.826465</vAcc></extensions></trkpt>
      <trkpt lon="-76.442295" lat="39.343120"><ele>21.472724</ele><time>2023-07-23T23:05:05Z</time><extensions><speed>1.048322</speed><course>233.357233</course><hAcc>1.608125</hAcc><vAcc>0.826449</vAcc></extensions></trkpt>
      <trkpt lon="-76.442305" lat="39.343115"><ele>21.565180</ele><time>2023-07-23T23:05:06Z</time><extensions><speed>1.068533</speed><course>233.851235</course><hAcc>1.598688</hAcc><vAcc>0.826434</vAcc></extensions></trkpt>
      <trkpt lon="-76.442315" lat="39.343109"><ele>21.648381</ele><time>2023-07-23T23:05:07Z</time><extensions><speed>1.012865</speed><course>237.178748</course><hAcc>1.588251</hAcc><vAcc>0.826430</vAcc></extensions></trkpt>
      <trkpt lon="-76.442325" lat="39.343105"><ele>21.729316</ele><time>2023-07-23T23:05:08Z</time><extensions><speed>0.943466</speed><course>248.167268</course><hAcc>1.582328</hAcc><vAcc>0.826443</vAcc></extensions></trkpt>
      <trkpt lon="-76.442335" lat="39.343104"><ele>21.802682</ele><time>2023-07-23T23:05:09Z</time><extensions><speed>0.919877</speed><course>275.032999</course><hAcc>1.603774</hAcc><vAcc>0.826483</vAcc></extensions></trkpt>
      <trkpt lon="-76.442346" lat="39.343103"><ele>21.886059</ele><time>2023-07-23T23:05:10Z</time><extensions><speed>1.085472</speed><course>250.913532</course><hAcc>1.625502</hAcc><vAcc>0.826522</vAcc></extensions></trkpt>
      <trkpt lon="-76.442358" lat="39.343098"><ele>21.963072</ele><time>2023-07-23T23:05:11Z</time><extensions><speed>1.136167</speed><course>236.364033</course><hAcc>1.565423</hAcc><vAcc>0.826565</vAcc></extensions></trkpt>
      <trkpt lon="-76.442369" lat="39.343092"><ele>22.037790</ele><time>2023-07-23T23:05:12Z</time><extensions><speed>1.275247</speed><course>231.074582</course><hAcc>1.536938</hAcc><vAcc>0.826608</vAcc></extensions></trkpt>
      <trkpt lon="-76.442381" lat="39.343084"><ele>22.112046</ele><time>2023-07-23T23:05:13Z</time><extensions><speed>1.332379</speed><course>230.172138</course><hAcc>1.566942</hAcc><vAcc>0.826647</vAcc></extensions></trkpt>
      <trkpt lon="-76.442393" lat="39.343077"><ele>22.169251</ele><time>2023-07-23T23:05:14Z</time><extensions><speed>1.248186</speed><course>232.398627</course><hAcc>1.622453</hAcc><vAcc>0.826674</vAcc></extensions></trkpt>
      <trkpt lon="-76.442404" lat="39.343071"><ele>22.201738</ele><time>2023-07-23T23:05:15Z</time><extensions><speed>1.133554</speed><course>233.938806</course><hAcc>1.577658</hAcc><vAcc>0.826693</vAcc></extensions></trkpt>
      <trkpt lon="-76.442414" lat="39.343065"><ele>22.219341</ele><time>2023-07-23T23:05:16Z</time><extensions><speed>1.142080</speed><course>232.978504</course><hAcc>1.562010</hAcc><vAcc>0.826692</vAcc></extensions></trkpt>
      <trkpt lon="-76.442425" lat="39.343058"><ele>22.223145</ele><time>2023-07-23T23:05:17Z</time><extensions><speed>1.238953</speed><course>229.617199</course><hAcc>1.569032</hAcc><vAcc>0.826682</vAcc></extensions></trkpt>
      <trkpt lon="-76.442436" lat="39.343051"><ele>22.211329</ele><time>2023-07-23T23:05:18Z</time><extensions><speed>1.287767</speed><course>229.962535</course><hAcc>1.596786</hAcc><vAcc>0.826655</vAcc></extensions></trkpt>
      <trkpt lon="-76.442448" lat="39.343043"><ele>22.195833</ele><time>2023-07-23T23:05:19Z</time><extensions><speed>1.229090</speed><course>232.810300</course><hAcc>1.638022</hAcc><vAcc>0.826624</vAcc></extensions></trkpt>
      <trkpt lon="-76.442459" lat="39.343037"><ele>22.155767</ele><time>2023-07-23T23:05:20Z</time><extensions><speed>1.155051</speed><course>229.028565</course><hAcc>1.613363</hAcc><vAcc>0.826581</vAcc></extensions></trkpt>
      <trkpt lon="-76.442469" lat="39.343030"><ele>22.115340</ele><time>2023-07-23T23:05:21Z</time><extensions><speed>1.206239</speed><course>228.602778</course><hAcc>1.602953</hAcc><vAcc>0.826525</vAcc></extensions></trkpt>
      <trkpt lon="-76.442480" lat="39.343023"><ele>22.048880</ele><time>2023-07-23T23:05:22Z</time><extensions><speed>1.256449</speed><course>232.248738</course><hAcc>1.605377</hAcc><vAcc>0.826467</vAcc></extensions></trkpt>
      <trkpt lon="-76.442492" lat="39.343016"><ele>21.968319</ele><time>2023-07-23T23:05:23Z</time><extensions><speed>1.226923</speed><course>234.290573</course><hAcc>1.610383</hAcc><vAcc>0.826406</vAcc></extensions></trkpt>
      <trkpt lon="-76.442503" lat="39.343010"><ele>21.906860</ele><time>2023-07-23T23:05:24Z</time><extensions><speed>1.171480</speed><course>236.989182</course><hAcc>1.627434</hAcc><vAcc>0.826346</vAcc></extensions></trkpt>
      <trkpt lon="-76.442514" lat="39.343004"><ele>21.833223</ele><time>2023-07-23T23:05:25Z</time><extensions><speed>1.093628</speed><course>237.917605</course><hAcc>1.647996</hAcc><vAcc>0.826297</vAcc></extensions></trkpt>
      <trkpt lon="-76.442525" lat="39.342999"><ele>21.726515</ele><time>2023-07-23T23:05:26Z</time><extensions><speed>1.089569</speed><course>237.024731</course><hAcc>1.616950</hAcc><vAcc>0.826256</vAcc></extensions></trkpt>
      <trkpt lon="-76.442536" lat="39.342993"><ele>21.627850</ele><time>2023-07-23T23:05:27Z</time><extensions><speed>1.214578</speed><course>233.421949</course><hAcc>1.604197</hAcc><vAcc>0.826217</vAcc></extensions></trkpt>
      <trkpt lon="-76.442547" lat="39.342986"><ele>21.528977</ele><time>2023-07-23T23:05:28Z</time><extensions><speed>1.268353</speed><course>229.783619</course><hAcc>1.612373</hAcc><vAcc>0.826182</vAcc></extensions></trkpt>
      <trkpt lon="-76.442558" lat="39.342978"><ele>21.427224</ele><time>2023-07-23T23:05:29Z</time><extensions><speed>1.218762</speed><course>226.597111</course><hAcc>1.635424</hAcc><vAcc>0.826150</vAcc></extensions></trkpt>
      <trkpt lon="-76.442568" lat="39.342971"><ele>21.333454</ele><time>2023-07-23T23:05:30Z</time><extensions><speed>1.219876</speed><course>225.145789</course><hAcc>1.646922</hAcc><vAcc>0.826128</vAcc></extensions></trkpt>
      <trkpt lon="-76.442578" lat="39.342964"><ele>21.238167</ele><time>2023-07-23T23:05:31Z</time><extensions><speed>1.172904</speed><course>229.765748</course><hAcc>1.626253</hAcc><vAcc>0.826116</vAcc></extensions></trkpt>
      <trkpt lon="-76.442589" lat="39.342957"><ele>21.143599</ele><time>2023-07-23T23:05:32Z</time><extensions><speed>1.203440</speed><course>232.876379</course><hAcc>1.618366</hAcc><vAcc>0.826107</vAcc></extensions></trkpt>
      <trkpt lon="-76.442601" lat="39.342950"><ele>21.056770</ele><time>2023-07-23T23:05:33Z</time><extensions><speed>1.254690</speed><course>236.395314</course><hAcc>1.616744</hAcc><vAcc>0.826101</vAcc></extensions></trkpt>
      <trkpt lon="-76.442613" lat="39.342945"><ele>20.961150</ele><time>2023-07-23T23:05:34Z</time><extensions><speed>1.187555</speed><course>239.192614</course><hAcc>1.616074</hAcc><vAcc>0.826100</vAcc></extensions></trkpt>
      <trkpt lon="-76.442624" lat="39.342939"><ele>20.867449</ele><time>2023-07-23T23:05:35Z</time><extensions><speed>1.149375</speed><course>237.073620</course><hAcc>1.621302</hAcc><vAcc>0.826106</vAcc></extensions></trkpt>
      <trkpt lon="-76.442635" lat="39.342933"><ele>20.783846</ele><time>2023-07-23T23:05:36Z</time><extensions><speed>1.141905</speed><course>237.252337</course><hAcc>1.618068</hAcc><vAcc>0.826121</vAcc></extensions></trkpt>
      <trkpt lon="-76.442646" lat="39.342928"><ele>20.691799</ele><time>2023-07-23T23:05:37Z</time><extensions><speed>1.147769</speed><course>236.436758</course><hAcc>1.604899</hAcc><vAcc>0.826136</vAcc></extensions></trkpt>
      <trkpt lon="-76.442658" lat="39.342922"><ele>20.578116</ele><time>2023-07-23T23:05:38Z</time><extensions><speed>1.213967</speed><course>234.543558</course><hAcc>1.570516</hAcc><vAcc>0.826155</vAcc></extensions></trkpt>
      <trkpt lon="-76.442669" lat="39.342915"><ele>20.498426</ele><time>2023-07-23T23:05:39Z</time><extensions><speed>1.242620</speed><course>234.736747</course><hAcc>1.572751</hAcc><vAcc>0.826198</vAcc></extensions></trkpt>
      <trkpt lon="-76.442682" lat="39.342909"><ele>20.406350</ele><time>2023-07-23T23:05:40Z</time><extensions><speed>1.325227</speed><course>236.379127</course><hAcc>1.614443</hAcc><vAcc>0.826243</vAcc></extensions></trkpt>
      <trkpt lon="-76.442694" lat="39.342902"><ele>20.324183</ele><time>2023-07-23T23:05:41Z</time><extensions><speed>1.259755</speed><course>237.470752</course><hAcc>1.596433</hAcc><vAcc>0.826282</vAcc></extensions></trkpt>
      <trkpt lon="-76.442707" lat="39.342896"><ele>20.241600</ele><time>2023-07-23T23:05:42Z</time><extensions><speed>1.244258</speed><course>236.744909</course><hAcc>1.595650</hAcc><vAcc>0.826330</vAcc></extensions></trkpt>
      <trkpt lon="-76.442718" lat="39.342890"><ele>20.167265</ele><time>2023-07-23T23:05:43Z</time><extensions><speed>1.190442</speed><course>232.666041</course><hAcc>1.581273</hAcc><vAcc>0.826366</vAcc></extensions></trkpt>
      <trkpt lon="-76.442729" lat="39.342883"><ele>20.089271</ele><time>2023-07-23T23:05:44Z</time><extensions><speed>1.185608</speed><course>226.525593</course><hAcc>1.589185</hAcc><vAcc>0.826420</vAcc></extensions></trkpt>
      <trkpt lon="-76.442738" lat="39.342875"><ele>20.017349</ele><time>2023-07-23T23:05:45Z</time><extensions><speed>1.191297</speed><course>220.329458</course><hAcc>1.601791</hAcc><vAcc>0.826485</vAcc></extensions></trkpt>
      <trkpt lon="-76.442747" lat="39.342867"><ele>19.944029</ele><time>2023-07-23T23:05:46Z</time><extensions><speed>1.077967</speed><course>219.657160</course><hAcc>1.598549</hAcc><vAcc>0.826537</vAcc></extensions></trkpt>
      <trkpt lon="-76.442755" lat="39.342860"><ele>19.889023</ele><time>2023-07-23T23:05:47Z</time><extensions><speed>1.091067</speed><course>224.795111</course><hAcc>1.581555</hAcc><vAcc>0.826598</vAcc></extensions></trkpt>
      <trkpt lon="-76.442765" lat="39.342853"><ele>19.832350</ele><time>2023-07-23T23:05:48Z</time><extensions><speed>1.206738</speed><course>229.218984</course><hAcc>1.580076</hAcc><vAcc>0.826643</vAcc></extensions></trkpt>
      <trkpt lon="-76.442776" lat="39.342846"><ele>19.775848</ele><time>2023-07-23T23:05:49Z</time><extensions><speed>1.246735</speed><course>229.958813</course><hAcc>1.605157</hAcc><vAcc>0.826679</vAcc></extensions></trkpt>
      <trkpt lon="-76.442787" lat="39.342838"><ele>19.728012</ele><time>2023-07-23T23:05:50Z</time><extensions><speed>1.273950</speed><course>228.591159</course><hAcc>1.570469</hAcc><vAcc>0.826716</vAcc></extensions></trkpt>
      <trkpt lon="-76.442798" lat="39.342831"><ele>19.676539</ele><time>2023-07-23T23:05:51Z</time><extensions><speed>1.269098</speed><course>227.164759</course><hAcc>1.557940</hAcc><vAcc>0.826733</vAcc></extensions></trkpt>
      <trkpt lon="-76.442809" lat="39.342823"><ele>19.626804</ele><time>2023-07-23T23:05:52Z</time><extensions><speed>1.336209</speed><course>227.818689</course><hAcc>1.550338</hAcc><vAcc>0.826743</vAcc></extensions></trkpt>
      <trkpt lon="-76.442821" lat="39.342815"><ele>19.578018</ele><time>2023-07-23T23:05:53Z</time><extensions><speed>1.375028</speed><course>232.567543</course><hAcc>1.522055</hAcc><vAcc>0.826742</vAcc></extensions></trkpt>
      <trkpt lon="-76.442834" lat="39.342808"><ele>19.546713</ele><time>2023-07-23T23:05:54Z</time><extensions><speed>1.341328</speed><course>235.159909</course><hAcc>1.532835</hAcc><vAcc>0.826735</vAcc></extensions></trkpt>
      <trkpt lon="-76.442846" lat="39.342801"><ele>19.523805</ele><time>2023-07-23T23:05:55Z</time><extensions><speed>1.251835</speed><course>233.729747</course><hAcc>1.560639</hAcc><vAcc>0.826716</vAcc></extensions></trkpt>
      <trkpt lon="-76.442857" lat="39.342794"><ele>19.493655</ele><time>2023-07-23T23:05:56Z</time><extensions><speed>1.214081</speed><course>234.111331</course><hAcc>1.547817</hAcc><vAcc>0.826689</vAcc></extensions></trkpt>
      <trkpt lon="-76.442869" lat="39.342788"><ele>19.470965</ele><time>2023-07-23T23:05:57Z</time><extensions><speed>1.202092</speed><course>234.989744</course><hAcc>1.591184</hAcc><vAcc>0.826648</vAcc></extensions></trkpt>
      <trkpt lon="-76.442880" lat="39.342782"><ele>19.449718</ele><time>2023-07-23T23:05:58Z</time><extensions><speed>1.251070</speed><course>234.093644</course><hAcc>1.556249</hAcc><vAcc>0.826649</vAcc></extensions></trkpt>
      <trkpt lon="-76.442892" lat="39.342775"><ele>19.427267</ele><time>2023-07-23T23:05:59Z</time><extensions><speed>1.279840</speed><course>234.641475</course><hAcc>1.564312</hAcc><vAcc>0.826643</vAcc></extensions></trkpt>
      <trkpt lon="-76.442904" lat="39.342768"><ele>19.404307</ele><time>2023-07-23T23:06:00Z</time><extensions><speed>1.261650</speed><course>233.877020</course><hAcc>1.603291</hAcc><vAcc>0.826660</vAcc></extensions></trkpt>
      <trkpt lon="-76.442916" lat="39.342761"><ele>19.392169</ele><time>2023-07-23T23:06:01Z</time><extensions><speed>1.264828</speed><course>232.746442</course><hAcc>1.618527</hAcc><vAcc>0.826677</vAcc></extensions></trkpt>
      <trkpt lon="-76.442927" lat="39.342755"><ele>19.382990</ele><time>2023-07-23T23:06:02Z</time><extensions><speed>1.204157</speed><course>230.681491</course><hAcc>1.628894</hAcc><vAcc>0.826702</vAcc></extensions></trkpt>
      <trkpt lon="-76.442938" lat="39.342748"><ele>19.374532</ele><time>2023-07-23T23:06:03Z</time><extensions><speed>1.175090</speed><course>227.565803</course><hAcc>1.634628</hAcc><vAcc>0.826751</vAcc></extensions></trkpt>
      <trkpt lon="-76.442948" lat="39.342740"><ele>19.361439</ele><time>2023-07-23T23:06:04Z</time><extensions><speed>1.225955</speed><course>222.553540</course><hAcc>1.632435</hAcc><vAcc>0.826800</vAcc></extensions></trkpt>
      <trkpt lon="-76.442957" lat="39.342731"><ele>19.364573</ele><time>2023-07-23T23:06:05Z</time><extensions><speed>1.296653</speed><course>221.792437</course><hAcc>1.616453</hAcc><vAcc>0.826879</vAcc></extensions></trkpt>
      <trkpt lon="-76.442968" lat="39.342722"><ele>19.365938</ele><time>2023-07-23T23:06:06Z</time><extensions><speed>1.541822</speed><course>223.133462</course><hAcc>1.596808</hAcc><vAcc>0.826949</vAcc></extensions></trkpt>
      <trkpt lon="-76.442982" lat="39.342711"><ele>19.376893</ele><time>2023-07-23T23:06:07Z</time><extensions><speed>1.848642</speed><course>224.298654</course><hAcc>1.592728</hAcc><vAcc>0.827026</vAcc></extensions></trkpt>
      <trkpt lon="-76.442996" lat="39.342702"><ele>19.394529</ele><time>2023-07-23T23:06:08Z</time><extensions><speed>1.369179</speed><course>234.260213</course><hAcc>1.601678</hAcc><vAcc>0.827099</vAcc></extensions></trkpt>
      <trkpt lon="-76.443009" lat="39.342695"><ele>19.422210</ele><time>2023-07-23T23:06:09Z</time><extensions><speed>1.298588</speed><course>235.912451</course><hAcc>1.585567</hAcc><vAcc>0.827162</vAcc></extensions></trkpt>
      <trkpt lon="-76.443021" lat="39.342688"><ele>19.455306</ele><time>2023-07-23T23:06:10Z</time><extensions><speed>1.200020</speed><course>236.436897</course><hAcc>1.619213</hAcc><vAcc>0.827212</vAcc></extensions></trkpt>
      <trkpt lon="-76.443032" lat="39.342682"><ele>19.500990</ele><time>2023-07-23T23:06:11Z</time><extensions><speed>1.187086</speed><course>235.168426</course><hAcc>1.576455</hAcc><vAcc>0.827246</vAcc></extensions></trkpt>
      <trkpt lon="-76.443044" lat="39.342676"><ele>19.546503</ele><time>2023-07-23T23:06:12Z</time><extensions><speed>1.251691</speed><course>233.782375</course><hAcc>1.567038</hAcc><vAcc>0.827270</vAcc></extensions></trkpt>
      <trkpt lon="-76.443056" lat="39.342669"><ele>19.596495</ele><time>2023-07-23T23:06:13Z</time><extensions><speed>1.291704</speed><course>233.577900</course><hAcc>1.587460</hAcc><vAcc>0.827282</vAcc></extensions></trkpt>
      <trkpt lon="-76.443068" lat="39.342662"><ele>19.629982</ele><time>2023-07-23T23:06:14Z</time><extensions><speed>1.326356</speed><course>233.800242</course><hAcc>1.616004</hAcc><vAcc>0.827279</vAcc></extensions></trkpt>
      <trkpt lon="-76.443080" lat="39.342656"><ele>19.667121</ele><time>2023-07-23T23:06:15Z</time><extensions><speed>1.248074</speed><course>235.285778</course><hAcc>1.654089</hAcc><vAcc>0.827266</vAcc></extensions></trkpt>
      <trkpt lon="-76.443092" lat="39.342649"><ele>19.702328</ele><time>2023-07-23T23:06:16Z</time><extensions><speed>1.238472</speed><course>239.529134</course><hAcc>1.637641</hAcc><vAcc>0.827239</vAcc></extensions></trkpt>
      <trkpt lon="-76.443105" lat="39.342644"><ele>19.728705</ele><time>2023-07-23T23:06:17Z</time><extensions><speed>1.207074</speed><course>241.114018</course><hAcc>1.637077</hAcc><vAcc>0.827210</vAcc></extensions></trkpt>
      <trkpt lon="-76.443117" lat="39.342639"><ele>19.766808</ele><time>2023-07-23T23:06:18Z</time><extensions><speed>1.162702</speed><course>241.684533</course><hAcc>1.651171</hAcc><vAcc>0.827178</vAcc></extensions></trkpt>
      <trkpt lon="-76.443129" lat="39.342634"><ele>19.835639</ele><time>2023-07-23T23:06:19Z</time><extensions><speed>1.158095</speed><course>243.433671</course><hAcc>1.663570</hAcc><vAcc>0.827150</vAcc></extensions></trkpt>
      <trkpt lon="-76.443141" lat="39.342630"><ele>19.889835</ele><time>2023-07-23T23:06:20Z</time><extensions><speed>1.187457</speed><course>248.262792</course><hAcc>1.666460</hAcc><vAcc>0.827120</vAcc></extensions></trkpt>
      <trkpt lon="-76.443154" lat="39.342626"><ele>19.929374</ele><time>2023-07-23T23:06:21Z</time><extensions><speed>1.208275</speed><course>255.689826</course><hAcc>1.657155</hAcc><vAcc>0.827097</vAcc></extensions></trkpt>
      <trkpt lon="-76.443169" lat="39.342624"><ele>19.972219</ele><time>2023-07-23T23:06:22Z</time><extensions><speed>1.307461</speed><course>259.220992</course><hAcc>1.635215</hAcc><vAcc>0.827071</vAcc></extensions></trkpt>
      <trkpt lon="-76.443184" lat="39.342622"><ele>20.015990</ele><time>2023-07-23T23:06:23Z</time><extensions><speed>1.376733</speed><course>260.562835</course><hAcc>1.609892</hAcc><vAcc>0.827038</vAcc></extensions></trkpt>
      <trkpt lon="-76.443200" lat="39.342619"><ele>20.042555</ele><time>2023-07-23T23:06:24Z</time><extensions><speed>1.424322</speed><course>259.239762</course><hAcc>1.604924</hAcc><vAcc>0.827005</vAcc></extensions></trkpt>
      <trkpt lon="-76.443216" lat="39.342617"><ele>20.054705</ele><time>2023-07-23T23:06:25Z</time><extensions><speed>1.308284</speed><course>261.289995</course><hAcc>1.629225</hAcc><vAcc>0.826979</vAcc></extensions></trkpt>
      <trkpt lon="-76.443231" lat="39.342615"><ele>20.077499</ele><time>2023-07-23T23:06:26Z</time><extensions><speed>1.353060</speed><course>260.244660</course><hAcc>1.590674</hAcc><vAcc>0.826955</vAcc></extensions></trkpt>
      <trkpt lon="-76.443246" lat="39.342613"><ele>20.096615</ele><time>2023-07-23T23:06:27Z</time><extensions><speed>1.336145</speed><course>260.097070</course><hAcc>1.600381</hAcc><vAcc>0.826948</vAcc></extensions></trkpt>
      <trkpt lon="-76.443261" lat="39.342611"><ele>20.085186</ele><time>2023-07-23T23:06:28Z</time><extensions><speed>1.350850</speed><course>256.780446</course><hAcc>1.564901</hAcc><vAcc>0.826951</vAcc></extensions></trkpt>
      <trkpt lon="-76.443276" lat="39.342608"><ele>20.076537</ele><time>2023-07-23T23:06:29Z</time><extensions><speed>1.350953</speed><course>254.727385</course><hAcc>1.565514</hAcc><vAcc>0.826966</vAcc></extensions></trkpt>
      <trkpt lon="-76.443291" lat="39.342605"><ele>20.077991</ele><time>2023-07-23T23:06:30Z</time><extensions><speed>1.246059</speed><course>253.432030</course><hAcc>1.603183</hAcc><vAcc>0.826985</vAcc></extensions></trkpt>
      <trkpt lon="-76.443304" lat="39.342602"><ele>20.077059</ele><time>2023-07-23T23:06:31Z</time><extensions><speed>1.202311</speed><course>250.655768</course><hAcc>1.588242</hAcc><vAcc>0.827013</vAcc></extensions></trkpt>
      <trkpt lon="-76.443317" lat="39.342598"><ele>20.099045</ele><time>2023-07-23T23:06:32Z</time><extensions><speed>1.116126</speed><course>250.226099</course><hAcc>1.570338</hAcc><vAcc>0.827041</vAcc></extensions></trkpt>
      <trkpt lon="-76.443329" lat="39.342595"><ele>20.118772</ele><time>2023-07-23T23:06:33Z</time><extensions><speed>1.148408</speed><course>252.899795</course><hAcc>1.591820</hAcc><vAcc>0.827084</vAcc></extensions></trkpt>
      <trkpt lon="-76.443342" lat="39.342592"><ele>20.137113</ele><time>2023-07-23T23:06:34Z</time><extensions><speed>1.150791</speed><course>256.055162</course><hAcc>1.636558</hAcc><vAcc>0.827123</vAcc></extensions></trkpt>
      <trkpt lon="-76.443355" lat="39.342591"><ele>20.156911</ele><time>2023-07-23T23:06:35Z</time><extensions><speed>1.093419</speed><course>273.135169</course><hAcc>1.606683</hAcc><vAcc>0.827154</vAcc></extensions></trkpt>
      <trkpt lon="-76.443367" lat="39.342593"><ele>20.186910</ele><time>2023-07-23T23:06:36Z</time><extensions><speed>1.035100</speed><course>288.118385</course><hAcc>1.575735</hAcc><vAcc>0.827182</vAcc></extensions></trkpt>
      <trkpt lon="-76.443379" lat="39.342597"><ele>20.221698</ele><time>2023-07-23T23:06:37Z</time><extensions><speed>1.122085</speed><course>298.217468</course><hAcc>1.573065</hAcc><vAcc>0.827198</vAcc></extensions></trkpt>
      <trkpt lon="-76.443390" lat="39.342603"><ele>20.262055</ele><time>2023-07-23T23:06:38Z</time><extensions><speed>1.226771</speed><course>304.760461</course><hAcc>1.606200</hAcc><vAcc>0.827199</vAcc></extensions></trkpt>
      <trkpt lon="-76.443402" lat="39.342609"><ele>20.306929</ele><time>2023-07-23T23:06:39Z</time><extensions><speed>1.245963</speed><course>308.491889</course><hAcc>1.647891</hAcc><vAcc>0.827179</vAcc></extensions></trkpt>
      <trkpt lon="-76.443413" lat="39.342617"><ele>20.356587</ele><time>2023-07-23T23:06:40Z</time><extensions><speed>1.340964</speed><course>314.613241</course><hAcc>1.593675</hAcc><vAcc>0.827147</vAcc></extensions></trkpt>
      <trkpt lon="-76.443424" lat="39.342626"><ele>20.417805</ele><time>2023-07-23T23:06:41Z</time><extensions><speed>1.334988</speed><course>317.360205</course><hAcc>1.573418</hAcc><vAcc>0.827104</vAcc></extensions></trkpt>
      <trkpt lon="-76.443435" lat="39.342635"><ele>20.480582</ele><time>2023-07-23T23:06:42Z</time><extensions><speed>1.408359</speed><course>313.586017</course><hAcc>1.604683</hAcc><vAcc>0.827046</vAcc></extensions></trkpt>
      <trkpt lon="-76.443447" lat="39.342642"><ele>20.548358</ele><time>2023-07-23T23:06:43Z</time><extensions><speed>1.306684</speed><course>305.250016</course><hAcc>1.660006</hAcc><vAcc>0.826979</vAcc></extensions></trkpt>
      <trkpt lon="-76.443460" lat="39.342649"><ele>20.611030</ele><time>2023-07-23T23:06:44Z</time><extensions><speed>1.336063</speed><course>305.485689</course><hAcc>1.630702</hAcc><vAcc>0.826910</vAcc></extensions></trkpt>
      <trkpt lon="-76.443472" lat="39.342656"><ele>20.674485</ele><time>2023-07-23T23:06:45Z</time><extensions><speed>1.304802</speed><course>307.584813</course><hAcc>1.627958</hAcc><vAcc>0.826843</vAcc></extensions></trkpt>
      <trkpt lon="-76.443484" lat="39.342664"><ele>20.731961</ele><time>2023-07-23T23:06:46Z</time><extensions><speed>1.291648</speed><course>310.677137</course><hAcc>1.649470</hAcc><vAcc>0.826779</vAcc></extensions></trkpt>
      <trkpt lon="-76.443495" lat="39.342671"><ele>20.785724</ele><time>2023-07-23T23:06:47Z</time><extensions><speed>1.320745</speed><course>311.008066</course><hAcc>1.668745</hAcc><vAcc>0.826724</vAcc></extensions></trkpt>
      <trkpt lon="-76.443507" lat="39.342679"><ele>20.833613</ele><time>2023-07-23T23:06:48Z</time><extensions><speed>1.298848</speed><course>310.107660</course><hAcc>1.681088</hAcc><vAcc>0.826678</vAcc></extensions></trkpt>
      <trkpt lon="-76.443518" lat="39.342686"><ele>20.877837</ele><time>2023-07-23T23:06:49Z</time><extensions><speed>1.260029</speed><course>309.077806</course><hAcc>1.686974</hAcc><vAcc>0.826645</vAcc></extensions></trkpt>
      <trkpt lon="-76.443530" lat="39.342693"><ele>20.923172</ele><time>2023-07-23T23:06:50Z</time><extensions><speed>1.224183</speed><course>309.633856</course><hAcc>1.691475</hAcc><vAcc>0.826629</vAcc></extensions></trkpt>
      <trkpt lon="-76.443540" lat="39.342700"><ele>20.967930</ele><time>2023-07-23T23:06:51Z</time><extensions><speed>1.188232</speed><course>311.210051</course><hAcc>1.694787</hAcc><vAcc>0.826626</vAcc></extensions></trkpt>
      <trkpt lon="-76.443550" lat="39.342707"><ele>21.007524</ele><time>2023-07-23T23:06:52Z</time><extensions><speed>1.130002</speed><course>309.576666</course><hAcc>1.693711</hAcc><vAcc>0.826635</vAcc></extensions></trkpt>
      <trkpt lon="-76.443561" lat="39.342714"><ele>21.043837</ele><time>2023-07-23T23:06:53Z</time><extensions><speed>1.135594</speed><course>307.191092</course><hAcc>1.691463</hAcc><vAcc>0.826650</vAcc></extensions></trkpt>
      <trkpt lon="-76.443571" lat="39.342720"><ele>21.077968</ele><time>2023-07-23T23:06:54Z</time><extensions><speed>1.123887</speed><course>306.595175</course><hAcc>1.689137</hAcc><vAcc>0.826668</vAcc></extensions></trkpt>
      <trkpt lon="-76.443582" lat="39.342726"><ele>21.105595</ele><time>2023-07-23T23:06:55Z</time><extensions><speed>1.141652</speed><course>307.545575</course><hAcc>1.686880</hAcc><vAcc>0.826695</vAcc></extensions></trkpt>
      <trkpt lon="-76.443592" lat="39.342732"><ele>21.126074</ele><time>2023-07-23T23:06:56Z</time><extensions><speed>1.145616</speed><course>309.875096</course><hAcc>1.686021</hAcc><vAcc>0.826726</vAcc></extensions></trkpt>
      <trkpt lon="-76.443602" lat="39.342739"><ele>21.145250</ele><time>2023-07-23T23:06:57Z</time><extensions><speed>1.162095</speed><course>310.352929</course><hAcc>1.684561</hAcc><vAcc>0.826753</vAcc></extensions></trkpt>
      <trkpt lon="-76.443613" lat="39.342746"><ele>21.172327</ele><time>2023-07-23T23:06:58Z</time><extensions><speed>1.135774</speed><course>310.100103</course><hAcc>1.675185</hAcc><vAcc>0.826779</vAcc></extensions></trkpt>
      <trkpt lon="-76.443623" lat="39.342752"><ele>21.202533</ele><time>2023-07-23T23:06:59Z</time><extensions><speed>1.144283</speed><course>308.802460</course><hAcc>1.667964</hAcc><vAcc>0.826802</vAcc></extensions></trkpt>
      <trkpt lon="-76.443633" lat="39.342759"><ele>21.237230</ele><time>2023-07-23T23:07:00Z</time><extensions><speed>1.168654</speed><course>309.369776</course><hAcc>1.672603</hAcc><vAcc>0.826821</vAcc></extensions></trkpt>
      <trkpt lon="-76.443644" lat="39.342766"><ele>21.272791</ele><time>2023-07-23T23:07:01Z</time><extensions><speed>1.202950</speed><course>311.274892</course><hAcc>1.688382</hAcc><vAcc>0.826839</vAcc></extensions></trkpt>
      <trkpt lon="-76.443654" lat="39.342773"><ele>21.314014</ele><time>2023-07-23T23:07:02Z</time><extensions><speed>1.174103</speed><course>310.316874</course><hAcc>1.677293</hAcc><vAcc>0.826855</vAcc></extensions></trkpt>
      <trkpt lon="-76.443664" lat="39.342779"><ele>21.359651</ele><time>2023-07-23T23:07:03Z</time><extensions><speed>1.116779</speed><course>308.717389</course><hAcc>1.671209</hAcc><vAcc>0.826867</vAcc></extensions></trkpt>
      <trkpt lon="-76.443675" lat="39.342785"><ele>21.409479</ele><time>2023-07-23T23:07:04Z</time><extensions><speed>1.095960</speed><course>308.343947</course><hAcc>1.674894</hAcc><vAcc>0.826875</vAcc></extensions></trkpt>
      <trkpt lon="-76.443685" lat="39.342792"><ele>21.460964</ele><time>2023-07-23T23:07:05Z</time><extensions><speed>1.109500</speed><course>309.640543</course><hAcc>1.682160</hAcc><vAcc>0.826883</vAcc></extensions></trkpt>
      <trkpt lon="-76.443694" lat="39.342798"><ele>21.500741</ele><time>2023-07-23T23:07:06Z</time><extensions><speed>1.098744</speed><course>310.565616</course><hAcc>1.688043</hAcc><vAcc>0.826889</vAcc></extensions></trkpt>
      <trkpt lon="-76.443704" lat="39.342804"><ele>21.543773</ele><time>2023-07-23T23:07:07Z</time><extensions><speed>1.080069</speed><course>310.110477</course><hAcc>1.690623</hAcc><vAcc>0.826893</vAcc></extensions></trkpt>
      <trkpt lon="-76.443714" lat="39.342811"><ele>21.588691</ele><time>2023-07-23T23:07:08Z</time><extensions><speed>1.080216</speed><course>309.954789</course><hAcc>1.692205</hAcc><vAcc>0.826896</vAcc></extensions></trkpt>
      <trkpt lon="-76.443723" lat="39.342817"><ele>21.638921</ele><time>2023-07-23T23:07:09Z</time><extensions><speed>1.048792</speed><course>309.718887</course><hAcc>1.694099</hAcc><vAcc>0.826903</vAcc></extensions></trkpt>
      <trkpt lon="-76.443732" lat="39.342823"><ele>21.688552</ele><time>2023-07-23T23:07:10Z</time><extensions><speed>1.034224</speed><course>308.587615</course><hAcc>1.695920</hAcc><vAcc>0.826899</vAcc></extensions></trkpt>
      <trkpt lon="-76.443742" lat="39.342828"><ele>21.742776</ele><time>2023-07-23T23:07:11Z</time><extensions><speed>1.008194</speed><course>306.572769</course><hAcc>1.696149</hAcc><vAcc>0.826896</vAcc></extensions></trkpt>
      <trkpt lon="-76.443751" lat="39.342834"><ele>21.796562</ele><time>2023-07-23T23:07:12Z</time><extensions><speed>1.027406</speed><course>305.479084</course><hAcc>1.696462</hAcc><vAcc>0.826899</vAcc></extensions></trkpt>
      <trkpt lon="-76.443761" lat="39.342839"><ele>21.848179</ele><time>2023-07-23T23:07:13Z</time><extensions><speed>0.998219</speed><course>305.290873</course><hAcc>1.696336</hAcc><vAcc>0.826901</vAcc></extensions></trkpt>
      <trkpt lon="-76.443770" lat="39.342844"><ele>21.897574</ele><time>2023-07-23T23:07:14Z</time><extensions><speed>0.983645</speed><course>305.991283</course><hAcc>1.695351</hAcc><vAcc>0.826903</vAcc></extensions></trkpt>
      <trkpt lon="-76.443779" lat="39.342849"><ele>21.944582</ele><time>2023-07-23T23:07:15Z</time><extensions><speed>0.910516</speed><course>308.022455</course><hAcc>1.694421</hAcc><vAcc>0.826902</vAcc></extensions></trkpt>
      <trkpt lon="-76.443787" lat="39.342854"><ele>21.989292</ele><time>2023-07-23T23:07:16Z</time><extensions><speed>0.814604</speed><course>311.109096</course><hAcc>1.694057</hAcc><vAcc>0.826900</vAcc></extensions></trkpt>
      <trkpt lon="-76.443793" lat="39.342859"><ele>22.031907</ele><time>2023-07-23T23:07:17Z</time><extensions><speed>0.686841</speed><course>313.653287</course><hAcc>1.692775</hAcc><vAcc>0.826896</vAcc></extensions></trkpt>
      <trkpt lon="-76.443798" lat="39.342862"><ele>22.072515</ele><time>2023-07-23T23:07:18Z</time><extensions><speed>0.458079</speed><course>313.190561</course><hAcc>1.690766</hAcc><vAcc>0.826892</vAcc></extensions></trkpt>
      <trkpt lon="-76.443801" lat="39.342864"><ele>22.111018</ele><time>2023-07-23T23:07:19Z</time><extensions><speed>0.177043</speed><course>307.064281</course><hAcc>1.685783</hAcc><vAcc>0.826889</vAcc></extensions></trkpt>
      <trkpt lon="-76.443802" lat="39.342865"><ele>22.147197</ele><time>2023-07-23T23:07:20Z</time><extensions><speed>0.072474</speed><course>293.277021</course><hAcc>1.667407</hAcc><vAcc>0.826888</vAcc></extensions></trkpt>
      <trkpt lon="-76.443803" lat="39.342865"><ele>22.180791</ele><time>2023-07-23T23:07:21Z</time><extensions><speed>0.034965</speed><course>283.901353</course><hAcc>1.646701</hAcc><vAcc>0.826890</vAcc></extensions></trkpt>
      <trkpt lon="-76.443803" lat="39.342865"><ele>22.216223</ele><time>2023-07-23T23:07:22Z</time><extensions><speed>0.022466</speed><course>312.181439</course><hAcc>1.630898</hAcc><vAcc>0.826893</vAcc></extensions></trkpt>
      <trkpt lon="-76.443803" lat="39.342865"><ele>22.249352</ele><time>2023-07-23T23:07:23Z</time><extensions><speed>0.021701</speed><course>340.743782</course><hAcc>1.628025</hAcc><vAcc>0.826896</vAcc></extensions></trkpt>
      <trkpt lon="-76.443803" lat="39.342866"><ele>22.280138</ele><time>2023-07-23T23:07:24Z</time><extensions><speed>0.020230</speed><course>352.888957</course><hAcc>1.628729</hAcc><vAcc>0.826900</vAcc></extensions></trkpt>
      <trkpt lon="-76.443803" lat="39.342866"><ele>22.312399</ele><time>2023-07-23T23:07:25Z</time><extensions><speed>0.020868</speed><course>357.320555</course><hAcc>1.630069</hAcc><vAcc>0.826901</vAcc></extensions></trkpt>
      <trkpt lon="-76.443803" lat="39.342866"><ele>22.349181</ele><time>2023-07-23T23:07:26Z</time><extensions><speed>0.022503</speed><course>358.950933</course><hAcc>1.641384</hAcc><vAcc>0.826899</vAcc></extensions></trkpt>
      <trkpt lon="-76.443803" lat="39.342866"><ele>22.377742</ele><time>2023-07-23T23:07:27Z</time><extensions><speed>0.036926</speed><course>358.222631</course><hAcc>1.633775</hAcc><vAcc>0.826901</vAcc></extensions></trkpt>
      <trkpt lon="-76.443803" lat="39.342867"><ele>22.399046</ele><time>2023-07-23T23:07:28Z</time><extensions><speed>0.064945</speed><course>357.257926</course><hAcc>1.623430</hAcc><vAcc>0.826909</vAcc></extensions></trkpt>
      <trkpt lon="-76.443803" lat="39.342868"><ele>22.417362</ele><time>2023-07-23T23:07:29Z</time><extensions><speed>0.094800</speed><course>355.977895</course><hAcc>1.639756</hAcc><vAcc>0.826916</vAcc></extensions></trkpt>
      <trkpt lon="-76.443803" lat="39.342869"><ele>22.430574</ele><time>2023-07-23T23:07:30Z</time><extensions><speed>0.128853</speed><course>353.773560</course><hAcc>1.664557</hAcc><vAcc>0.826926</vAcc></extensions></trkpt>
      <trkpt lon="-76.443804" lat="39.342870"><ele>22.443629</ele><time>2023-07-23T23:07:31Z</time><extensions><speed>0.165677</speed><course>350.088949</course><hAcc>1.683545</hAcc><vAcc>0.826938</vAcc></extensions></trkpt>
      <trkpt lon="-76.443804" lat="39.342871"><ele>22.449725</ele><time>2023-07-23T23:07:32Z</time><extensions><speed>0.196533</speed><course>343.248686</course><hAcc>1.694503</hAcc><vAcc>0.826950</vAcc></extensions></trkpt>
      <trkpt lon="-76.443805" lat="39.342873"><ele>22.455368</ele><time>2023-07-23T23:07:33Z</time><extensions><speed>0.238667</speed><course>333.402625</course><hAcc>1.698661</hAcc><vAcc>0.826960</vAcc></extensions></trkpt>
      <trkpt lon="-76.443807" lat="39.342875"><ele>22.460947</ele><time>2023-07-23T23:07:34Z</time><extensions><speed>0.333066</speed><course>325.099949</course><hAcc>1.698665</hAcc><vAcc>0.826972</vAcc></extensions></trkpt>
      <trkpt lon="-76.443810" lat="39.342878"><ele>22.461821</ele><time>2023-07-23T23:07:35Z</time><extensions><speed>0.521036</speed><course>320.687454</course><hAcc>1.697334</hAcc><vAcc>0.826986</vAcc></extensions></trkpt>
      <trkpt lon="-76.443815" lat="39.342883"><ele>22.469362</ele><time>2023-07-23T23:07:36Z</time><extensions><speed>0.884905</speed><course>318.906073</course><hAcc>1.697312</hAcc><vAcc>0.827005</vAcc></extensions></trkpt>
      <trkpt lon="-76.443823" lat="39.342890"><ele>22.471555</ele><time>2023-07-23T23:07:37Z</time><extensions><speed>1.071570</speed><course>320.237002</course><hAcc>1.698363</hAcc><vAcc>0.827021</vAcc></extensions></trkpt>
      <trkpt lon="-76.443831" lat="39.342898"><ele>22.472231</ele><time>2023-07-23T23:07:38Z</time><extensions><speed>1.156895</speed><course>318.951548</course><hAcc>1.696506</hAcc><vAcc>0.827030</vAcc></extensions></trkpt>
      <trkpt lon="-76.443840" lat="39.342905"><ele>22.472176</ele><time>2023-07-23T23:07:39Z</time><extensions><speed>1.169579</speed><course>315.434955</course><hAcc>1.693995</hAcc><vAcc>0.827033</vAcc></extensions></trkpt>
      <trkpt lon="-76.443850" lat="39.342913"><ele>22.465873</ele><time>2023-07-23T23:07:40Z</time><extensions><speed>1.156224</speed><course>311.641603</course><hAcc>1.692040</hAcc><vAcc>0.827026</vAcc></extensions></trkpt>
      <trkpt lon="-76.443860" lat="39.342919"><ele>22.464749</ele><time>2023-07-23T23:07:41Z</time><extensions><speed>1.145485</speed><course>310.457278</course><hAcc>1.692523</hAcc><vAcc>0.827006</vAcc></extensions></trkpt>
      <trkpt lon="-76.443870" lat="39.342926"><ele>22.466932</ele><time>2023-07-23T23:07:42Z</time><extensions><speed>1.113871</speed><course>310.666816</course><hAcc>1.694013</hAcc><vAcc>0.826969</vAcc></extensions></trkpt>
      <trkpt lon="-76.443880" lat="39.342932"><ele>22.459164</ele><time>2023-07-23T23:07:43Z</time><extensions><speed>1.103300</speed><course>309.353738</course><hAcc>1.693485</hAcc><vAcc>0.826921</vAcc></extensions></trkpt>
      <trkpt lon="-76.443890" lat="39.342939"><ele>22.452157</ele><time>2023-07-23T23:07:44Z</time><extensions><speed>1.116405</speed><course>308.026135</course><hAcc>1.692778</hAcc><vAcc>0.826871</vAcc></extensions></trkpt>
      <trkpt lon="-76.443900" lat="39.342945"><ele>22.449096</ele><time>2023-07-23T23:07:45Z</time><extensions><speed>1.108572</speed><course>307.995634</course><hAcc>1.693577</hAcc><vAcc>0.826817</vAcc></extensions></trkpt>
      <trkpt lon="-76.443910" lat="39.342951"><ele>22.440979</ele><time>2023-07-23T23:07:46Z</time><extensions><speed>1.116066</speed><course>310.258157</course><hAcc>1.693915</hAcc><vAcc>0.826764</vAcc></extensions></trkpt>
      <trkpt lon="-76.443920" lat="39.342958"><ele>22.433549</ele><time>2023-07-23T23:07:47Z</time><extensions><speed>1.110374</speed><course>311.820236</course><hAcc>1.693561</hAcc><vAcc>0.826710</vAcc></extensions></trkpt>
      <trkpt lon="-76.443929" lat="39.342964"><ele>22.415510</ele><time>2023-07-23T23:07:48Z</time><extensions><speed>1.108294</speed><course>312.278831</course><hAcc>1.693850</hAcc><vAcc>0.826661</vAcc></extensions></trkpt>
      <trkpt lon="-76.443939" lat="39.342971"><ele>22.399776</ele><time>2023-07-23T23:07:49Z</time><extensions><speed>1.103550</speed><course>312.807976</course><hAcc>1.692899</hAcc><vAcc>0.826611</vAcc></extensions></trkpt>
      <trkpt lon="-76.443948" lat="39.342978"><ele>22.377327</ele><time>2023-07-23T23:07:50Z</time><extensions><speed>1.089761</speed><course>312.426812</course><hAcc>1.692727</hAcc><vAcc>0.826569</vAcc></extensions></trkpt>
      <trkpt lon="-76.443958" lat="39.342984"><ele>22.352359</ele><time>2023-07-23T23:07:51Z</time><extensions><speed>1.084555</speed><course>311.120341</course><hAcc>1.691775</hAcc><vAcc>0.826539</vAcc></extensions></trkpt>
      <trkpt lon="-76.443967" lat="39.342991"><ele>22.326184</ele><time>2023-07-23T23:07:52Z</time><extensions><speed>1.047106</speed><course>310.815819</course><hAcc>1.691948</hAcc><vAcc>0.826520</vAcc></extensions></trkpt>
      <trkpt lon="-76.443976" lat="39.342997"><ele>22.307597</ele><time>2023-07-23T23:07:53Z</time><extensions><speed>1.042506</speed><course>311.725504</course><hAcc>1.692956</hAcc><vAcc>0.826509</vAcc></extensions></trkpt>
      <trkpt lon="-76.443985" lat="39.343003"><ele>22.285256</ele><time>2023-07-23T23:07:54Z</time><extensions><speed>1.049284</speed><course>309.377060</course><hAcc>1.692144</hAcc><vAcc>0.826505</vAcc></extensions></trkpt>
      <trkpt lon="-76.443995" lat="39.343009"><ele>22.257438</ele><time>2023-07-23T23:07:55Z</time><extensions><speed>1.019138</speed><course>307.352499</course><hAcc>1.689921</hAcc><vAcc>0.826510</vAcc></extensions></trkpt>
      <trkpt lon="-76.444004" lat="39.343014"><ele>22.194330</ele><time>2023-07-23T23:07:56Z</time><extensions><speed>1.028809</speed><course>305.607487</course><hAcc>1.687651</hAcc><vAcc>0.826517</vAcc></extensions></trkpt>
      <trkpt lon="-76.444014" lat="39.343020"><ele>22.129048</ele><time>2023-07-23T23:07:57Z</time><extensions><speed>1.058565</speed><course>305.953366</course><hAcc>1.687854</hAcc><vAcc>0.826518</vAcc></extensions></trkpt>
      <trkpt lon="-76.444024" lat="39.343025"><ele>22.071751</ele><time>2023-07-23T23:07:58Z</time><extensions><speed>1.035981</speed><course>309.024243</course><hAcc>1.692390</hAcc><vAcc>0.826518</vAcc></extensions></trkpt>
      <trkpt lon="-76.444033" lat="39.343031"><ele>22.013789</ele><time>2023-07-23T23:07:59Z</time><extensions><speed>1.054163</speed><course>310.368274</course><hAcc>1.688601</hAcc><vAcc>0.826522</vAcc></extensions></trkpt>
      <trkpt lon="-76.444042" lat="39.343037"><ele>21.961608</ele><time>2023-07-23T23:08:00Z</time><extensions><speed>1.013484</speed><course>309.904218</course><hAcc>1.688913</hAcc><vAcc>0.826518</vAcc></extensions></trkpt>
      <trkpt lon="-76.444051" lat="39.343043"><ele>21.899900</ele><time>2023-07-23T23:08:01Z</time><extensions><speed>0.952412</speed><course>309.951285</course><hAcc>1.686162</hAcc><vAcc>0.826504</vAcc></extensions></trkpt>
      <trkpt lon="-76.444059" lat="39.343049"><ele>21.842989</ele><time>2023-07-23T23:08:02Z</time><extensions><speed>0.995083</speed><course>311.825706</course><hAcc>1.683514</hAcc><vAcc>0.826482</vAcc></extensions></trkpt>
      <trkpt lon="-76.444068" lat="39.343055"><ele>21.781492</ele><time>2023-07-23T23:08:03Z</time><extensions><speed>1.026705</speed><course>312.607957</course><hAcc>1.680280</hAcc><vAcc>0.826453</vAcc></extensions></trkpt>
      <trkpt lon="-76.444077" lat="39.343061"><ele>21.722324</ele><time>2023-07-23T23:08:04Z</time><extensions><speed>1.022229</speed><course>312.590092</course><hAcc>1.676249</hAcc><vAcc>0.826421</vAcc></extensions></trkpt>
      <trkpt lon="-76.444086" lat="39.343068"><ele>21.637312</ele><time>2023-07-23T23:08:05Z</time><extensions><speed>1.004046</speed><course>312.396882</course><hAcc>1.672871</hAcc><vAcc>0.826392</vAcc></extensions></trkpt>
      <trkpt lon="-76.444094" lat="39.343073"><ele>21.555465</ele><time>2023-07-23T23:08:06Z</time><extensions><speed>0.944043</speed><course>311.703355</course><hAcc>1.663636</hAcc><vAcc>0.826360</vAcc></extensions></trkpt>
      <trkpt lon="-76.444103" lat="39.343079"><ele>21.477650</ele><time>2023-07-23T23:08:07Z</time><extensions><speed>1.106950</speed><course>309.749721</course><hAcc>1.650976</hAcc><vAcc>0.826341</vAcc></extensions></trkpt>
      <trkpt lon="-76.444113" lat="39.343086"><ele>21.407240</ele><time>2023-07-23T23:08:08Z</time><extensions><speed>1.270218</speed><course>310.239549</course><hAcc>1.661289</hAcc><vAcc>0.826323</vAcc></extensions></trkpt>
      <trkpt lon="-76.444124" lat="39.343094"><ele>21.341694</ele><time>2023-07-23T23:08:09Z</time><extensions><speed>1.203278</speed><course>312.563919</course><hAcc>1.681000</hAcc><vAcc>0.826302</vAcc></extensions></trkpt>
      <trkpt lon="-76.444134" lat="39.343101"><ele>21.280074</ele><time>2023-07-23T23:08:10Z</time><extensions><speed>1.149259</speed><course>319.911492</course><hAcc>1.659454</hAcc><vAcc>0.826298</vAcc></extensions></trkpt>
      <trkpt lon="-76.444141" lat="39.343109"><ele>21.223935</ele><time>2023-07-23T23:08:11Z</time><extensions><speed>1.047218</speed><course>326.750003</course><hAcc>1.655124</hAcc><vAcc>0.826314</vAcc></extensions></trkpt>
      <trkpt lon="-76.444148" lat="39.343118"><ele>21.165138</ele><time>2023-07-23T23:08:12Z</time><extensions><speed>1.098062</speed><course>326.591596</course><hAcc>1.660122</hAcc><vAcc>0.826331</vAcc></extensions></trkpt>
      <trkpt lon="-76.444155" lat="39.343126"><ele>21.107937</ele><time>2023-07-23T23:08:13Z</time><extensions><speed>1.158795</speed><course>322.973622</course><hAcc>1.666276</hAcc><vAcc>0.826375</vAcc></extensions></trkpt>
      <trkpt lon="-76.444164" lat="39.343134"><ele>21.082890</ele><time>2023-07-23T23:08:14Z</time><extensions><speed>1.157438</speed><course>320.076168</course><hAcc>1.669507</hAcc><vAcc>0.826423</vAcc></extensions></trkpt>
      <trkpt lon="-76.444172" lat="39.343142"><ele>21.065986</ele><time>2023-07-23T23:08:15Z</time><extensions><speed>1.110068</speed><course>319.445962</course><hAcc>1.671534</hAcc><vAcc>0.826480</vAcc></extensions></trkpt>
      <trkpt lon="-76.444181" lat="39.343149"><ele>21.062770</ele><time>2023-07-23T23:08:16Z</time><extensions><speed>1.107885</speed><course>317.311306</course><hAcc>1.677129</hAcc><vAcc>0.826553</vAcc></extensions></trkpt>
      <trkpt lon="-76.444189" lat="39.343156"><ele>21.049613</ele><time>2023-07-23T23:08:17Z</time><extensions><speed>1.035114</speed><course>314.765306</course><hAcc>1.689661</hAcc><vAcc>0.826636</vAcc></extensions></trkpt>
      <trkpt lon="-76.444198" lat="39.343163"><ele>21.037539</ele><time>2023-07-23T23:08:18Z</time><extensions><speed>1.085209</speed><course>318.124398</course><hAcc>1.677620</hAcc><vAcc>0.826719</vAcc></extensions></trkpt>
      <trkpt lon="-76.444206" lat="39.343171"><ele>21.043992</ele><time>2023-07-23T23:08:19Z</time><extensions><speed>1.133162</speed><course>319.315379</course><hAcc>1.671716</hAcc><vAcc>0.826823</vAcc></extensions></trkpt>
      <trkpt lon="-76.444215" lat="39.343179"><ele>21.062336</ele><time>2023-07-23T23:08:20Z</time><extensions><speed>1.160695</speed><course>321.266784</course><hAcc>1.675524</hAcc><vAcc>0.826920</vAcc></extensions></trkpt>
      <trkpt lon="-76.444223" lat="39.343187"><ele>21.072951</ele><time>2023-07-23T23:08:21Z</time><extensions><speed>1.205542</speed><course>321.586390</course><hAcc>1.681933</hAcc><vAcc>0.827001</vAcc></extensions></trkpt>
      <trkpt lon="-76.444232" lat="39.343196"><ele>21.094056</ele><time>2023-07-23T23:08:22Z</time><extensions><speed>1.253099</speed><course>320.708090</course><hAcc>1.682478</hAcc><vAcc>0.827072</vAcc></extensions></trkpt>
      <trkpt lon="-76.444242" lat="39.343204"><ele>21.124997</ele><time>2023-07-23T23:08:23Z</time><extensions><speed>1.221956</speed><course>319.895769</course><hAcc>1.686513</hAcc><vAcc>0.827128</vAcc></extensions></trkpt>
      <trkpt lon="-76.444251" lat="39.343212"><ele>21.162762</ele><time>2023-07-23T23:08:24Z</time><extensions><speed>1.171052</speed><course>317.925498</course><hAcc>1.685429</hAcc><vAcc>0.827192</vAcc></extensions></trkpt>
      <trkpt lon="-76.444260" lat="39.343220"><ele>21.204765</ele><time>2023-07-23T23:08:25Z</time><extensions><speed>1.165928</speed><course>315.702334</course><hAcc>1.683511</hAcc><vAcc>0.827251</vAcc></extensions></trkpt>
      <trkpt lon="-76.444270" lat="39.343227"><ele>21.248429</ele><time>2023-07-23T23:08:26Z</time><extensions><speed>1.168396</speed><course>312.289323</course><hAcc>1.679772</hAcc><vAcc>0.827298</vAcc></extensions></trkpt>
      <trkpt lon="-76.444280" lat="39.343234"><ele>21.292922</ele><time>2023-07-23T23:08:27Z</time><extensions><speed>1.188074</speed><course>310.415255</course><hAcc>1.674705</hAcc><vAcc>0.827322</vAcc></extensions></trkpt>
      <trkpt lon="-76.444291" lat="39.343242"><ele>21.345383</ele><time>2023-07-23T23:08:28Z</time><extensions><speed>1.238226</speed><course>311.471011</course><hAcc>1.673732</hAcc><vAcc>0.827321</vAcc></extensions></trkpt>
      <trkpt lon="-76.444301" lat="39.343249"><ele>21.372280</ele><time>2023-07-23T23:08:29Z</time><extensions><speed>1.268254</speed><course>314.295418</course><hAcc>1.680161</hAcc><vAcc>0.827255</vAcc></extensions></trkpt>
      <trkpt lon="-76.444311" lat="39.343257"><ele>21.397027</ele><time>2023-07-23T23:08:30Z</time><extensions><speed>1.197599</speed><course>315.215270</course><hAcc>1.684865</hAcc><vAcc>0.827147</vAcc></extensions></trkpt>
      <trkpt lon="-76.444321" lat="39.343264"><ele>21.416467</ele><time>2023-07-23T23:08:31Z</time><extensions><speed>1.145665</speed><course>318.238498</course><hAcc>1.672595</hAcc><vAcc>0.826995</vAcc></extensions></trkpt>
      <trkpt lon="-76.444330" lat="39.343272"><ele>21.449478</ele><time>2023-07-23T23:08:32Z</time><extensions><speed>1.105577</speed><course>318.861290</course><hAcc>1.665044</hAcc><vAcc>0.826828</vAcc></extensions></trkpt>
      <trkpt lon="-76.444338" lat="39.343279"><ele>21.490533</ele><time>2023-07-23T23:08:33Z</time><extensions><speed>1.020290</speed><course>319.122945</course><hAcc>1.661689</hAcc><vAcc>0.826663</vAcc></extensions></trkpt>
      <trkpt lon="-76.444346" lat="39.343286"><ele>21.512932</ele><time>2023-07-23T23:08:34Z</time><extensions><speed>1.043563</speed><course>316.100300</course><hAcc>1.652453</hAcc><vAcc>0.826479</vAcc></extensions></trkpt>
      <trkpt lon="-76.444355" lat="39.343293"><ele>21.528878</ele><time>2023-07-23T23:08:35Z</time><extensions><speed>1.036190</speed><course>312.715532</course><hAcc>1.637384</hAcc><vAcc>0.826282</vAcc></extensions></trkpt>
      <trkpt lon="-76.444364" lat="39.343299"><ele>21.544433</ele><time>2023-07-23T23:08:36Z</time><extensions><speed>1.065452</speed><course>308.497218</course><hAcc>1.626715</hAcc><vAcc>0.826076</vAcc></extensions></trkpt>
      <trkpt lon="-76.444374" lat="39.343305"><ele>21.547889</ele><time>2023-07-23T23:08:37Z</time><extensions><speed>1.080897</speed><course>303.443688</course><hAcc>1.635310</hAcc><vAcc>0.825883</vAcc></extensions></trkpt>
      <trkpt lon="-76.444385" lat="39.343310"><ele>21.549476</ele><time>2023-07-23T23:08:38Z</time><extensions><speed>0.980666</speed><course>296.805317</course><hAcc>1.656080</hAcc><vAcc>0.825712</vAcc></extensions></trkpt>
      <trkpt lon="-76.444394" lat="39.343312"><ele>21.546890</ele><time>2023-07-23T23:08:39Z</time><extensions><speed>0.801901</speed><course>282.397895</course><hAcc>1.610041</hAcc><vAcc>0.825581</vAcc></extensions></trkpt>
      <trkpt lon="-76.444403" lat="39.343313"><ele>21.546819</ele><time>2023-07-23T23:08:40Z</time><extensions><speed>0.696840</speed><course>268.823959</course><hAcc>1.590474</hAcc><vAcc>0.825528</vAcc></extensions></trkpt>
      <trkpt lon="-76.444412" lat="39.343313"><ele>21.542406</ele><time>2023-07-23T23:08:41Z</time><extensions><speed>0.960970</speed><course>275.678736</course><hAcc>1.587927</hAcc><vAcc>0.825545</vAcc></extensions></trkpt>
      <trkpt lon="-76.444425" lat="39.343316"><ele>21.539396</ele><time>2023-07-23T23:08:42Z</time><extensions><speed>1.264712</speed><course>287.448118</course><hAcc>1.613786</hAcc><vAcc>0.825624</vAcc></extensions></trkpt>
      <trkpt lon="-76.444438" lat="39.343320"><ele>21.541152</ele><time>2023-07-23T23:08:43Z</time><extensions><speed>1.195411</speed><course>298.548678</course><hAcc>1.674763</hAcc><vAcc>0.825758</vAcc></extensions></trkpt>
      <trkpt lon="-76.444450" lat="39.343326"><ele>21.533263</ele><time>2023-07-23T23:08:44Z</time><extensions><speed>1.260257</speed><course>303.792931</course><hAcc>1.628910</hAcc><vAcc>0.825946</vAcc></extensions></trkpt>
      <trkpt lon="-76.444462" lat="39.343332"><ele>21.527464</ele><time>2023-07-23T23:08:45Z</time><extensions><speed>1.248486</speed><course>303.680797</course><hAcc>1.619010</hAcc><vAcc>0.826178</vAcc></extensions></trkpt>
      <trkpt lon="-76.444475" lat="39.343338"><ele>21.521534</ele><time>2023-07-23T23:08:46Z</time><extensions><speed>1.247430</speed><course>300.592845</course><hAcc>1.642096</hAcc><vAcc>0.826430</vAcc></extensions></trkpt>
      <trkpt lon="-76.444487" lat="39.343343"><ele>21.511239</ele><time>2023-07-23T23:08:47Z</time><extensions><speed>1.283790</speed><course>297.761619</course><hAcc>1.667189</hAcc><vAcc>0.826688</vAcc></extensions></trkpt>
      <trkpt lon="-76.444501" lat="39.343348"><ele>21.506715</ele><time>2023-07-23T23:08:48Z</time><extensions><speed>1.240636</speed><course>295.726026</course><hAcc>1.686638</hAcc><vAcc>0.826937</vAcc></extensions></trkpt>
      <trkpt lon="-76.444513" lat="39.343353"><ele>21.513025</ele><time>2023-07-23T23:08:49Z</time><extensions><speed>1.182645</speed><course>292.894431</course><hAcc>1.698240</hAcc><vAcc>0.827173</vAcc></extensions></trkpt>
      <trkpt lon="-76.444526" lat="39.343357"><ele>21.522623</ele><time>2023-07-23T23:08:50Z</time><extensions><speed>1.162837</speed><course>288.616539</course><hAcc>1.704396</hAcc><vAcc>0.827387</vAcc></extensions></trkpt>
      <trkpt lon="-76.444539" lat="39.343360"><ele>21.541507</ele><time>2023-07-23T23:08:51Z</time><extensions><speed>1.170161</speed><course>286.585991</course><hAcc>1.703681</hAcc><vAcc>0.827567</vAcc></extensions></trkpt>
      <trkpt lon="-76.444552" lat="39.343362"><ele>21.537196</ele><time>2023-07-23T23:08:52Z</time><extensions><speed>1.083244</speed><course>281.814851</course><hAcc>1.700711</hAcc><vAcc>0.827716</vAcc></extensions></trkpt>
      <trkpt lon="-76.444563" lat="39.343363"><ele>21.534109</ele><time>2023-07-23T23:08:53Z</time><extensions><speed>0.954224</speed><course>270.619014</course><hAcc>1.697320</hAcc><vAcc>0.827837</vAcc></extensions></trkpt>
      <trkpt lon="-76.444574" lat="39.343362"><ele>21.560906</ele><time>2023-07-23T23:08:54Z</time><extensions><speed>0.892305</speed><course>254.057757</course><hAcc>1.691741</hAcc><vAcc>0.827913</vAcc></extensions></trkpt>
      <trkpt lon="-76.444584" lat="39.343359"><ele>21.587781</ele><time>2023-07-23T23:08:55Z</time><extensions><speed>0.971094</speed><course>239.759546</course><hAcc>1.688221</hAcc><vAcc>0.827978</vAcc></extensions></trkpt>
      <trkpt lon="-76.444593" lat="39.343354"><ele>21.609440</ele><time>2023-07-23T23:08:56Z</time><extensions><speed>1.020963</speed><course>229.247760</course><hAcc>1.683651</hAcc><vAcc>0.828010</vAcc></extensions></trkpt>
      <trkpt lon="-76.444602" lat="39.343348"><ele>21.651490</ele><time>2023-07-23T23:08:57Z</time><extensions><speed>1.067699</speed><course>222.781672</course><hAcc>1.675720</hAcc><vAcc>0.828010</vAcc></extensions></trkpt>
      <trkpt lon="-76.444610" lat="39.343340"><ele>21.681238</ele><time>2023-07-23T23:08:58Z</time><extensions><speed>1.044664</speed><course>219.336174</course><hAcc>1.663991</hAcc><vAcc>0.827995</vAcc></extensions></trkpt>
      <trkpt lon="-76.444618" lat="39.343333"><ele>21.707977</ele><time>2023-07-23T23:08:59Z</time><extensions><speed>1.014206</speed><course>220.931651</course><hAcc>1.646372</hAcc><vAcc>0.827975</vAcc></extensions></trkpt>
      <trkpt lon="-76.444626" lat="39.343327"><ele>21.730231</ele><time>2023-07-23T23:09:00Z</time><extensions><speed>0.963120</speed><course>225.369870</course><hAcc>1.623052</hAcc><vAcc>0.827954</vAcc></extensions></trkpt>
      <trkpt lon="-76.444634" lat="39.343321"><ele>21.743105</ele><time>2023-07-23T23:09:01Z</time><extensions><speed>0.853538</speed><course>229.343502</course><hAcc>1.598714</hAcc><vAcc>0.827935</vAcc></extensions></trkpt>
      <trkpt lon="-76.444640" lat="39.343317"><ele>21.753737</ele><time>2023-07-23T23:09:02Z</time><extensions><speed>0.707901</speed><course>230.633921</course><hAcc>1.584131</hAcc><vAcc>0.827917</vAcc></extensions></trkpt>
      <trkpt lon="-76.444648" lat="39.343313"><ele>21.794639</ele><time>2023-07-23T23:09:03Z</time><extensions><speed>0.886970</speed><course>232.594119</course><hAcc>1.569243</hAcc><vAcc>0.827895</vAcc></extensions></trkpt>
      <trkpt lon="-76.444657" lat="39.343307"><ele>21.830493</ele><time>2023-07-23T23:09:04Z</time><extensions><speed>1.084045</speed><course>231.371947</course><hAcc>1.556558</hAcc><vAcc>0.827875</vAcc></extensions></trkpt>
      <trkpt lon="-76.444666" lat="39.343301"><ele>21.856331</ele><time>2023-07-23T23:09:05Z</time><extensions><speed>1.074842</speed><course>228.135868</course><hAcc>1.603821</hAcc><vAcc>0.827852</vAcc></extensions></trkpt>
      <trkpt lon="-76.444675" lat="39.343295"><ele>21.878414</ele><time>2023-07-23T23:09:06Z</time><extensions><speed>0.915855</speed><course>234.454195</course><hAcc>1.596989</hAcc><vAcc>0.827833</vAcc></extensions></trkpt>
      <trkpt lon="-76.444684" lat="39.343291"><ele>21.895262</ele><time>2023-07-23T23:09:07Z</time><extensions><speed>0.973575</speed><course>238.429592</course><hAcc>1.556648</hAcc><vAcc>0.827834</vAcc></extensions></trkpt>
      <trkpt lon="-76.444694" lat="39.343286"><ele>21.905156</ele><time>2023-07-23T23:09:08Z</time><extensions><speed>1.074812</speed><course>236.935734</course><hAcc>1.564254</hAcc><vAcc>0.827834</vAcc></extensions></trkpt>
      <trkpt lon="-76.444705" lat="39.343280"><ele>21.905220</ele><time>2023-07-23T23:09:09Z</time><extensions><speed>1.152860</speed><course>235.602783</course><hAcc>1.593106</hAcc><vAcc>0.827835</vAcc></extensions></trkpt>
      <trkpt lon="-76.444716" lat="39.343274"><ele>21.900162</ele><time>2023-07-23T23:09:10Z</time><extensions><speed>1.134894</speed><course>237.128716</course><hAcc>1.617919</hAcc><vAcc>0.827854</vAcc></extensions></trkpt>
      <trkpt lon="-76.444727" lat="39.343269"><ele>21.900762</ele><time>2023-07-23T23:09:11Z</time><extensions><speed>1.055890</speed><course>235.958837</course><hAcc>1.637284</hAcc><vAcc>0.827880</vAcc></extensions></trkpt>
      <trkpt lon="-76.444736" lat="39.343263"><ele>21.907161</ele><time>2023-07-23T23:09:12Z</time><extensions><speed>0.992858</speed><course>231.607082</course><hAcc>1.641736</hAcc><vAcc>0.827905</vAcc></extensions></trkpt>
      <trkpt lon="-76.444745" lat="39.343258"><ele>21.918399</ele><time>2023-07-23T23:09:13Z</time><extensions><speed>0.957970</speed><course>229.029900</course><hAcc>1.626047</hAcc><vAcc>0.827933</vAcc></extensions></trkpt>
      <trkpt lon="-76.444754" lat="39.343252"><ele>21.927783</ele><time>2023-07-23T23:09:14Z</time><extensions><speed>1.040063</speed><course>225.691872</course><hAcc>1.609460</hAcc><vAcc>0.827955</vAcc></extensions></trkpt>
      <trkpt lon="-76.444763" lat="39.343245"><ele>21.948465</ele><time>2023-07-23T23:09:15Z</time><extensions><speed>1.103285</speed><course>224.979172</course><hAcc>1.594128</hAcc><vAcc>0.827995</vAcc></extensions></trkpt>
      <trkpt lon="-76.444772" lat="39.343238"><ele>21.957085</ele><time>2023-07-23T23:09:16Z</time><extensions><speed>1.142573</speed><course>224.938729</course><hAcc>1.607068</hAcc><vAcc>0.828039</vAcc></extensions></trkpt>
      <trkpt lon="-76.444781" lat="39.343230"><ele>21.959069</ele><time>2023-07-23T23:09:17Z</time><extensions><speed>1.155653</speed><course>225.363084</course><hAcc>1.650186</hAcc><vAcc>0.828076</vAcc></extensions></trkpt>
      <trkpt lon="-76.444791" lat="39.343222"><ele>21.972677</ele><time>2023-07-23T23:09:18Z</time><extensions><speed>1.207218</speed><course>222.587909</course><hAcc>1.601638</hAcc><vAcc>0.828124</vAcc></extensions></trkpt>
      <trkpt lon="-76.444800" lat="39.343214"><ele>21.989457</ele><time>2023-07-23T23:09:19Z</time><extensions><speed>1.233789</speed><course>220.561032</course><hAcc>1.590089</hAcc><vAcc>0.828171</vAcc></extensions></trkpt>
      <trkpt lon="-76.444810" lat="39.343205"><ele>22.022216</ele><time>2023-07-23T23:09:20Z</time><extensions><speed>1.239200</speed><course>218.817515</course><hAcc>1.607728</hAcc><vAcc>0.828209</vAcc></extensions></trkpt>
      <trkpt lon="-76.444818" lat="39.343197"><ele>22.056692</ele><time>2023-07-23T23:09:21Z</time><extensions><speed>1.209690</speed><course>219.407829</course><hAcc>1.602067</hAcc><vAcc>0.828253</vAcc></extensions></trkpt>
      <trkpt lon="-76.444828" lat="39.343188"><ele>22.092663</ele><time>2023-07-23T23:09:22Z</time><extensions><speed>1.220231</speed><course>220.863354</course><hAcc>1.589114</hAcc><vAcc>0.828274</vAcc></extensions></trkpt>
      <trkpt lon="-76.444837" lat="39.343180"><ele>22.146476</ele><time>2023-07-23T23:09:23Z</time><extensions><speed>1.204742</speed><course>219.867549</course><hAcc>1.575247</hAcc><vAcc>0.828282</vAcc></extensions></trkpt>
      <trkpt lon="-76.444846" lat="39.343172"><ele>22.203639</ele><time>2023-07-23T23:09:24Z</time><extensions><speed>1.174174</speed><course>219.765919</course><hAcc>1.565435</hAcc><vAcc>0.828306</vAcc></extensions></trkpt>
      <trkpt lon="-76.444854" lat="39.343164"><ele>22.261180</ele><time>2023-07-23T23:09:25Z</time><extensions><speed>1.029989</speed><course>218.965037</course><hAcc>1.574709</hAcc><vAcc>0.828298</vAcc></extensions></trkpt>
      <trkpt lon="-76.444861" lat="39.343157"><ele>22.313754</ele><time>2023-07-23T23:09:26Z</time><extensions><speed>0.967277</speed><course>219.568573</course><hAcc>1.571139</hAcc><vAcc>0.828288</vAcc></extensions></trkpt>
      <trkpt lon="-76.444869" lat="39.343150"><ele>22.343646</ele><time>2023-07-23T23:09:27Z</time><extensions><speed>1.142534</speed><course>219.436377</course><hAcc>1.552222</hAcc><vAcc>0.828255</vAcc></extensions></trkpt>
      <trkpt lon="-76.444878" lat="39.343142"><ele>22.363142</ele><time>2023-07-23T23:09:28Z</time><extensions><speed>1.182323</speed><course>223.399150</course><hAcc>1.593628</hAcc><vAcc>0.828206</vAcc></extensions></trkpt>
      <trkpt lon="-76.444887" lat="39.343134"><ele>22.380084</ele><time>2023-07-23T23:09:29Z</time><extensions><speed>1.193415</speed><course>219.806733</course><hAcc>1.555242</hAcc><vAcc>0.828139</vAcc></extensions></trkpt>
      <trkpt lon="-76.444896" lat="39.343126"><ele>22.397504</ele><time>2023-07-23T23:09:30Z</time><extensions><speed>1.123267</speed><course>220.436520</course><hAcc>1.546074</hAcc><vAcc>0.828053</vAcc></extensions></trkpt>
      <trkpt lon="-76.444904" lat="39.343119"><ele>22.415105</ele><time>2023-07-23T23:09:31Z</time><extensions><speed>1.076813</speed><course>222.731671</course><hAcc>1.555694</hAcc><vAcc>0.827950</vAcc></extensions></trkpt>
      <trkpt lon="-76.444913" lat="39.343111"><ele>22.418518</ele><time>2023-07-23T23:09:32Z</time><extensions><speed>1.152412</speed><course>221.144658</course><hAcc>1.562731</hAcc><vAcc>0.827834</vAcc></extensions></trkpt>
      <trkpt lon="-76.444922" lat="39.343103"><ele>22.421128</ele><time>2023-07-23T23:09:33Z</time><extensions><speed>1.272973</speed><course>217.836224</course><hAcc>1.580715</hAcc><vAcc>0.827724</vAcc></extensions></trkpt>
      <trkpt lon="-76.444931" lat="39.343094"><ele>22.429025</ele><time>2023-07-23T23:09:34Z</time><extensions><speed>1.204602</speed><course>217.434971</course><hAcc>1.612542</hAcc><vAcc>0.827593</vAcc></extensions></trkpt>
      <trkpt lon="-76.444940" lat="39.343085"><ele>22.446559</ele><time>2023-07-23T23:09:35Z</time><extensions><speed>1.216688</speed><course>221.133746</course><hAcc>1.602438</hAcc><vAcc>0.827454</vAcc></extensions></trkpt>
      <trkpt lon="-76.444949" lat="39.343078"><ele>22.435025</ele><time>2023-07-23T23:09:36Z</time><extensions><speed>1.133735</speed><course>225.667080</course><hAcc>1.616919</hAcc><vAcc>0.827321</vAcc></extensions></trkpt>
      <trkpt lon="-76.444959" lat="39.343071"><ele>22.418038</ele><time>2023-07-23T23:09:37Z</time><extensions><speed>1.127842</speed><course>231.197920</course><hAcc>1.596218</hAcc><vAcc>0.827198</vAcc></extensions></trkpt>
      <trkpt lon="-76.444969" lat="39.343064"><ele>22.413791</ele><time>2023-07-23T23:09:38Z</time><extensions><speed>1.197709</speed><course>230.589147</course><hAcc>1.593540</hAcc><vAcc>0.827086</vAcc></extensions></trkpt>
      <trkpt lon="-76.444980" lat="39.343057"><ele>22.420731</ele><time>2023-07-23T23:09:39Z</time><extensions><speed>1.268029</speed><course>228.562571</course><hAcc>1.601103</hAcc><vAcc>0.826982</vAcc></extensions></trkpt>
      <trkpt lon="-76.444991" lat="39.343050"><ele>22.418703</ele><time>2023-07-23T23:09:40Z</time><extensions><speed>1.246400</speed><course>229.314567</course><hAcc>1.599240</hAcc><vAcc>0.826928</vAcc></extensions></trkpt>
      <trkpt lon="-76.445002" lat="39.343042"><ele>22.415994</ele><time>2023-07-23T23:09:41Z</time><extensions><speed>1.196313</speed><course>230.740617</course><hAcc>1.589993</hAcc><vAcc>0.826864</vAcc></extensions></trkpt>
      <trkpt lon="-76.445013" lat="39.343036"><ele>22.415310</ele><time>2023-07-23T23:09:42Z</time><extensions><speed>1.205974</speed><course>230.809244</course><hAcc>1.610969</hAcc><vAcc>0.826814</vAcc></extensions></trkpt>
      <trkpt lon="-76.445023" lat="39.343029"><ele>22.415912</ele><time>2023-07-23T23:09:43Z</time><extensions><speed>1.167949</speed><course>227.344673</course><hAcc>1.664207</hAcc><vAcc>0.826777</vAcc></extensions></trkpt>
      <trkpt lon="-76.445034" lat="39.343021"><ele>22.425488</ele><time>2023-07-23T23:09:44Z</time><extensions><speed>1.203186</speed><course>229.749177</course><hAcc>1.613652</hAcc><vAcc>0.826750</vAcc></extensions></trkpt>
      <trkpt lon="-76.445044" lat="39.343015"><ele>22.434706</ele><time>2023-07-23T23:09:45Z</time><extensions><speed>1.170598</speed><course>230.865346</course><hAcc>1.595143</hAcc><vAcc>0.826751</vAcc></extensions></trkpt>
      <trkpt lon="-76.445055" lat="39.343007"><ele>22.448328</ele><time>2023-07-23T23:09:46Z</time><extensions><speed>1.262989</speed><course>226.384153</course><hAcc>1.607384</hAcc><vAcc>0.826751</vAcc></extensions></trkpt>
      <trkpt lon="-76.445065" lat="39.342999"><ele>22.461522</ele><time>2023-07-23T23:09:47Z</time><extensions><speed>1.272092</speed><course>221.940073</course><hAcc>1.618090</hAcc><vAcc>0.826753</vAcc></extensions></trkpt>
      <trkpt lon="-76.445074" lat="39.342990"><ele>22.470848</ele><time>2023-07-23T23:09:48Z</time><extensions><speed>1.268469</speed><course>217.034535</course><hAcc>1.624579</hAcc><vAcc>0.826758</vAcc></extensions></trkpt>
      <trkpt lon="-76.445083" lat="39.342981"><ele>22.484728</ele><time>2023-07-23T23:09:49Z</time><extensions><speed>1.374452</speed><course>214.974699</course><hAcc>1.635918</hAcc><vAcc>0.826795</vAcc></extensions></trkpt>
      <trkpt lon="-76.445092" lat="39.342971"><ele>22.489517</ele><time>2023-07-23T23:09:50Z</time><extensions><speed>1.233646</speed><course>215.553405</course><hAcc>1.653235</hAcc><vAcc>0.826812</vAcc></extensions></trkpt>
      <trkpt lon="-76.445100" lat="39.342962"><ele>22.501891</ele><time>2023-07-23T23:09:51Z</time><extensions><speed>1.162089</speed><course>217.429466</course><hAcc>1.627693</hAcc><vAcc>0.826830</vAcc></extensions></trkpt>
      <trkpt lon="-76.445108" lat="39.342954"><ele>22.508476</ele><time>2023-07-23T23:09:52Z</time><extensions><speed>1.125194</speed><course>219.630015</course><hAcc>1.607373</hAcc><vAcc>0.826857</vAcc></extensions></trkpt>
      <trkpt lon="-76.445117" lat="39.342947"><ele>22.523076</ele><time>2023-07-23T23:09:53Z</time><extensions><speed>1.101022</speed><course>219.492843</course><hAcc>1.600217</hAcc><vAcc>0.826882</vAcc></extensions></trkpt>
      <trkpt lon="-76.445124" lat="39.342939"><ele>22.559566</ele><time>2023-07-23T23:09:54Z</time><extensions><speed>1.049285</speed><course>217.336014</course><hAcc>1.615793</hAcc><vAcc>0.826901</vAcc></extensions></trkpt>
      <trkpt lon="-76.445131" lat="39.342932"><ele>22.594803</ele><time>2023-07-23T23:09:55Z</time><extensions><speed>1.018422</speed><course>217.799298</course><hAcc>1.649461</hAcc><vAcc>0.826923</vAcc></extensions></trkpt>
      <trkpt lon="-76.445139" lat="39.342924"><ele>22.627856</ele><time>2023-07-23T23:09:56Z</time><extensions><speed>1.015802</speed><course>216.641906</course><hAcc>1.609097</hAcc><vAcc>0.826935</vAcc></extensions></trkpt>
      <trkpt lon="-76.445146" lat="39.342917"><ele>22.669224</ele><time>2023-07-23T23:09:57Z</time><extensions><speed>1.024702</speed><course>217.402194</course><hAcc>1.589129</hAcc><vAcc>0.826954</vAcc></extensions></trkpt>
      <trkpt lon="-76.445152" lat="39.342910"><ele>22.718574</ele><time>2023-07-23T23:09:58Z</time><extensions><speed>0.940044</speed><course>215.266587</course><hAcc>1.599515</hAcc><vAcc>0.826972</vAcc></extensions></trkpt>
      <trkpt lon="-76.445158" lat="39.342903"><ele>22.776986</ele><time>2023-07-23T23:09:59Z</time><extensions><speed>0.962104</speed><course>213.334025</course><hAcc>1.621953</hAcc><vAcc>0.826987</vAcc></extensions></trkpt>
      <trkpt lon="-76.445164" lat="39.342896"><ele>22.842734</ele><time>2023-07-23T23:10:00Z</time><extensions><speed>0.972697</speed><course>213.011480</course><hAcc>1.604670</hAcc><vAcc>0.826994</vAcc></extensions></trkpt>
      <trkpt lon="-76.445170" lat="39.342889"><ele>22.912849</ele><time>2023-07-23T23:10:01Z</time><extensions><speed>0.931572</speed><course>212.202049</course><hAcc>1.607427</hAcc><vAcc>0.827000</vAcc></extensions></trkpt>
      <trkpt lon="-76.445176" lat="39.342882"><ele>22.986098</ele><time>2023-07-23T23:10:02Z</time><extensions><speed>0.881297</speed><course>210.216008</course><hAcc>1.629234</hAcc><vAcc>0.827002</vAcc></extensions></trkpt>
      <trkpt lon="-76.445179" lat="39.342876"><ele>23.062229</ele><time>2023-07-23T23:10:03Z</time><extensions><speed>0.581948</speed><course>188.373440</course><hAcc>1.622676</hAcc><vAcc>0.827001</vAcc></extensions></trkpt>
      <trkpt lon="-76.445178" lat="39.342871"><ele>23.142625</ele><time>2023-07-23T23:10:04Z</time><extensions><speed>0.409101</speed><course>156.722674</course><hAcc>1.626185</hAcc><vAcc>0.826999</vAcc></extensions></trkpt>
      <trkpt lon="-76.445177" lat="39.342869"><ele>23.225116</ele><time>2023-07-23T23:10:05Z</time><extensions><speed>0.172344</speed><course>111.692092</course><hAcc>1.634412</hAcc><vAcc>0.826992</vAcc></extensions></trkpt>
      <trkpt lon="-76.445175" lat="39.342869"><ele>23.304331</ele><time>2023-07-23T23:10:06Z</time><extensions><speed>0.168162</speed><course>71.638326</course><hAcc>1.638420</hAcc><vAcc>0.826982</vAcc></extensions></trkpt>
      <trkpt lon="-76.445173" lat="39.342870"><ele>23.374076</ele><time>2023-07-23T23:10:07Z</time><extensions><speed>0.176977</speed><course>58.578156</course><hAcc>1.645165</hAcc><vAcc>0.826969</vAcc></extensions></trkpt>
      <trkpt lon="-76.445171" lat="39.342871"><ele>23.439916</ele><time>2023-07-23T23:10:08Z</time><extensions><speed>0.168662</speed><course>53.533309</course><hAcc>1.651789</hAcc><vAcc>0.826961</vAcc></extensions></trkpt>
      <trkpt lon="-76.445170" lat="39.342872"><ele>23.500391</ele><time>2023-07-23T23:10:09Z</time><extensions><speed>0.152919</speed><course>49.969371</course><hAcc>1.654373</hAcc><vAcc>0.826946</vAcc></extensions></trkpt>
      <trkpt lon="-76.445168" lat="39.342873"><ele>23.555066</ele><time>2023-07-23T23:10:10Z</time><extensions><speed>0.135776</speed><course>46.338588</course><hAcc>1.653229</hAcc><vAcc>0.826961</vAcc></extensions></trkpt>
      <trkpt lon="-76.445167" lat="39.342873"><ele>23.603282</ele><time>2023-07-23T23:10:11Z</time><extensions><speed>0.121184</speed><course>43.112752</course><hAcc>1.649802</hAcc><vAcc>0.827001</vAcc></extensions></trkpt>
      <trkpt lon="-76.445166" lat="39.342874"><ele>23.644681</ele><time>2023-07-23T23:10:12Z</time><extensions><speed>0.108157</speed><course>41.646885</course><hAcc>1.645465</hAcc><vAcc>0.827064</vAcc></extensions></trkpt>
      <trkpt lon="-76.445166" lat="39.342875"><ele>23.679161</ele><time>2023-07-23T23:10:13Z</time><extensions><speed>0.097929</speed><course>42.217184</course><hAcc>1.640492</hAcc><vAcc>0.827148</vAcc></extensions></trkpt>
      <trkpt lon="-76.445165" lat="39.342876"><ele>23.697155</ele><time>2023-07-23T23:10:14Z</time><extensions><speed>0.086881</speed><course>43.523296</course><hAcc>1.644795</hAcc><vAcc>0.827257</vAcc></extensions></trkpt>
      <trkpt lon="-76.445164" lat="39.342876"><ele>23.705421</ele><time>2023-07-23T23:10:15Z</time><extensions><speed>0.063834</speed><course>45.296265</course><hAcc>1.663454</hAcc><vAcc>0.827390</vAcc></extensions></trkpt>
      <trkpt lon="-76.445164" lat="39.342876"><ele>23.705115</ele><time>2023-07-23T23:10:16Z</time><extensions><speed>0.060160</speed><course>46.255061</course><hAcc>1.647040</hAcc><vAcc>0.827522</vAcc></extensions></trkpt>
      <trkpt lon="-76.445164" lat="39.342876"><ele>23.700491</ele><time>2023-07-23T23:10:17Z</time><extensions><speed>0.036922</speed><course>50.979337</course><hAcc>1.642401</hAcc><vAcc>0.827687</vAcc></extensions></trkpt>
      <trkpt lon="-76.445163" lat="39.342876"><ele>23.702839</ele><time>2023-07-23T23:10:18Z</time><extensions><speed>0.009873</speed><course>131.834660</course><hAcc>1.647851</hAcc><vAcc>0.827858</vAcc></extensions></trkpt>
      <trkpt lon="-76.445164" lat="39.342876"><ele>23.701384</ele><time>2023-07-23T23:10:19Z</time><extensions><speed>0.046021</speed><course>203.670656</course><hAcc>1.653545</hAcc><vAcc>0.828032</vAcc></extensions></trkpt>
      <trkpt lon="-76.445164" lat="39.342875"><ele>23.690276</ele><time>2023-07-23T23:10:20Z</time><extensions><speed>0.095660</speed><course>210.519087</course><hAcc>1.657751</hAcc><vAcc>0.828162</vAcc></extensions></trkpt>
      <trkpt lon="-76.445165" lat="39.342874"><ele>23.677736</ele><time>2023-07-23T23:10:21Z</time><extensions><speed>0.150479</speed><course>213.150693</course><hAcc>1.664862</hAcc><vAcc>0.828170</vAcc></extensions></trkpt>
      <trkpt lon="-76.445166" lat="39.342873"><ele>23.659974</ele><time>2023-07-23T23:10:22Z</time><extensions><speed>0.221900</speed><course>214.681883</course><hAcc>1.669155</hAcc><vAcc>0.828182</vAcc></extensions></trkpt>
      <trkpt lon="-76.445168" lat="39.342871"><ele>23.646890</ele><time>2023-07-23T23:10:23Z</time><extensions><speed>0.315565</speed><course>215.925111</course><hAcc>1.671625</hAcc><vAcc>0.828171</vAcc></extensions></trkpt>
      <trkpt lon="-76.445171" lat="39.342868"><ele>23.631630</ele><time>2023-07-23T23:10:24Z</time><extensions><speed>0.432087</speed><course>217.421754</course><hAcc>1.673687</hAcc><vAcc>0.828112</vAcc></extensions></trkpt>
      <trkpt lon="-76.445174" lat="39.342865"><ele>23.612711</ele><time>2023-07-23T23:10:25Z</time><extensions><speed>0.572689</speed><course>218.916139</course><hAcc>1.676482</hAcc><vAcc>0.828006</vAcc></extensions></trkpt>
      <trkpt lon="-76.445179" lat="39.342860"><ele>23.579412</ele><time>2023-07-23T23:10:26Z</time><extensions><speed>0.775723</speed><course>219.524929</course><hAcc>1.678884</hAcc><vAcc>0.827856</vAcc></extensions></trkpt>
      <trkpt lon="-76.445186" lat="39.342853"><ele>23.564059</ele><time>2023-07-23T23:10:27Z</time><extensions><speed>1.142890</speed><course>219.279680</course><hAcc>1.681900</hAcc><vAcc>0.827677</vAcc></extensions></trkpt>
      <trkpt lon="-76.445196" lat="39.342845"><ele>23.556300</ele><time>2023-07-23T23:10:28Z</time><extensions><speed>1.326832</speed><course>220.247566</course><hAcc>1.696336</hAcc><vAcc>0.827482</vAcc></extensions></trkpt>
      <trkpt lon="-76.445206" lat="39.342836"><ele>23.558850</ele><time>2023-07-23T23:10:29Z</time><extensions><speed>1.298105</speed><course>222.329369</course><hAcc>1.703978</hAcc><vAcc>0.827288</vAcc></extensions></trkpt>
      <trkpt lon="-76.445216" lat="39.342828"><ele>23.560484</ele><time>2023-07-23T23:10:30Z</time><extensions><speed>1.271466</speed><course>225.835234</course><hAcc>1.699842</hAcc><vAcc>0.827113</vAcc></extensions></trkpt>
      <trkpt lon="-76.445227" lat="39.342820"><ele>23.554797</ele><time>2023-07-23T23:10:31Z</time><extensions><speed>1.157039</speed><course>229.961943</course><hAcc>1.690725</hAcc><vAcc>0.826973</vAcc></extensions></trkpt>
      <trkpt lon="-76.445237" lat="39.342814"><ele>23.545744</ele><time>2023-07-23T23:10:32Z</time><extensions><speed>1.074964</speed><course>230.913622</course><hAcc>1.687992</hAcc><vAcc>0.826878</vAcc></extensions></trkpt>
      <trkpt lon="-76.445247" lat="39.342807"><ele>23.533276</ele><time>2023-07-23T23:10:33Z</time><extensions><speed>1.203326</speed><course>229.949252</course><hAcc>1.693476</hAcc><vAcc>0.826825</vAcc></extensions></trkpt>
      <trkpt lon="-76.445258" lat="39.342800"><ele>23.571377</ele><time>2023-07-23T23:10:34Z</time><extensions><speed>1.215697</speed><course>229.720399</course><hAcc>1.695033</hAcc><vAcc>0.826803</vAcc></extensions></trkpt>
      <trkpt lon="-76.445268" lat="39.342793"><ele>23.604852</ele><time>2023-07-23T23:10:35Z</time><extensions><speed>1.230498</speed><course>229.598704</course><hAcc>1.686402</hAcc><vAcc>0.826813</vAcc></extensions></trkpt>
      <trkpt lon="-76.445279" lat="39.342786"><ele>23.646187</ele><time>2023-07-23T23:10:36Z</time><extensions><speed>1.228511</speed><course>231.258909</course><hAcc>1.676568</hAcc><vAcc>0.826823</vAcc></extensions></trkpt>
      <trkpt lon="-76.445290" lat="39.342780"><ele>23.696540</ele><time>2023-07-23T23:10:37Z</time><extensions><speed>1.151610</speed><course>231.934967</course><hAcc>1.669069</hAcc><vAcc>0.826836</vAcc></extensions></trkpt>
      <trkpt lon="-76.445301" lat="39.342773"><ele>23.759655</ele><time>2023-07-23T23:10:38Z</time><extensions><speed>1.153387</speed><course>230.681315</course><hAcc>1.666052</hAcc><vAcc>0.826846</vAcc></extensions></trkpt>
      <trkpt lon="-76.445311" lat="39.342766"><ele>23.821628</ele><time>2023-07-23T23:10:39Z</time><extensions><speed>1.133912</speed><course>229.328428</course><hAcc>1.666615</hAcc><vAcc>0.826854</vAcc></extensions></trkpt>
      <trkpt lon="-76.445321" lat="39.342759"><ele>23.892420</ele><time>2023-07-23T23:10:40Z</time><extensions><speed>1.255566</speed><course>227.338415</course><hAcc>1.664692</hAcc><vAcc>0.826851</vAcc></extensions></trkpt>
      <trkpt lon="-76.445332" lat="39.342751"><ele>23.962569</ele><time>2023-07-23T23:10:41Z</time><extensions><speed>1.281620</speed><course>226.330881</course><hAcc>1.657463</hAcc><vAcc>0.826841</vAcc></extensions></trkpt>
      <trkpt lon="-76.445342" lat="39.342743"><ele>24.038182</ele><time>2023-07-23T23:10:42Z</time><extensions><speed>1.242653</speed><course>222.062187</course><hAcc>1.654192</hAcc><vAcc>0.826830</vAcc></extensions></trkpt>
      <trkpt lon="-76.445351" lat="39.342735"><ele>24.115562</ele><time>2023-07-23T23:10:43Z</time><extensions><speed>1.184499</speed><course>220.305168</course><hAcc>1.651986</hAcc><vAcc>0.826818</vAcc></extensions></trkpt>
      <trkpt lon="-76.445360" lat="39.342727"><ele>24.209839</ele><time>2023-07-23T23:10:44Z</time><extensions><speed>1.227443</speed><course>221.004650</course><hAcc>1.655430</hAcc><vAcc>0.826805</vAcc></extensions></trkpt>
      <trkpt lon="-76.445369" lat="39.342719"><ele>24.294120</ele><time>2023-07-23T23:10:45Z</time><extensions><speed>1.156324</speed><course>221.099425</course><hAcc>1.664930</hAcc><vAcc>0.826789</vAcc></extensions></trkpt>
      <trkpt lon="-76.445378" lat="39.342711"><ele>24.378882</ele><time>2023-07-23T23:10:46Z</time><extensions><speed>1.161921</speed><course>222.651200</course><hAcc>1.655528</hAcc><vAcc>0.826773</vAcc></extensions></trkpt>
      <trkpt lon="-76.445387" lat="39.342704"><ele>24.459929</ele><time>2023-07-23T23:10:47Z</time><extensions><speed>1.102192</speed><course>223.865661</course><hAcc>1.652110</hAcc><vAcc>0.826761</vAcc></extensions></trkpt>
      <trkpt lon="-76.445396" lat="39.342696"><ele>24.538790</ele><time>2023-07-23T23:10:48Z</time><extensions><speed>1.044270</speed><course>222.628362</course><hAcc>1.656662</hAcc><vAcc>0.826742</vAcc></extensions></trkpt>
      <trkpt lon="-76.445404" lat="39.342690"><ele>24.610381</ele><time>2023-07-23T23:10:49Z</time><extensions><speed>1.025100</speed><course>222.521870</course><hAcc>1.662952</hAcc><vAcc>0.826730</vAcc></extensions></trkpt>
      <trkpt lon="-76.445412" lat="39.342683"><ele>24.679357</ele><time>2023-07-23T23:10:50Z</time><extensions><speed>1.044026</speed><course>223.283207</course><hAcc>1.662472</hAcc><vAcc>0.826715</vAcc></extensions></trkpt>
      <trkpt lon="-76.445421" lat="39.342676"><ele>24.739196</ele><time>2023-07-23T23:10:51Z</time><extensions><speed>1.051721</speed><course>224.107833</course><hAcc>1.662323</hAcc><vAcc>0.826702</vAcc></extensions></trkpt>
      <trkpt lon="-76.445429" lat="39.342669"><ele>24.788579</ele><time>2023-07-23T23:10:52Z</time><extensions><speed>1.071304</speed><course>222.833782</course><hAcc>1.663267</hAcc><vAcc>0.826693</vAcc></extensions></trkpt>
      <trkpt lon="-76.445438" lat="39.342662"><ele>24.832156</ele><time>2023-07-23T23:10:53Z</time><extensions><speed>1.083214</speed><course>221.167408</course><hAcc>1.662438</hAcc><vAcc>0.826688</vAcc></extensions></trkpt>
      <trkpt lon="-76.445446" lat="39.342654"><ele>24.870324</ele><time>2023-07-23T23:10:54Z</time><extensions><speed>1.126831</speed><course>220.442382</course><hAcc>1.658305</hAcc><vAcc>0.826686</vAcc></extensions></trkpt>
      <trkpt lon="-76.445454" lat="39.342647"><ele>24.893853</ele><time>2023-07-23T23:10:55Z</time><extensions><speed>1.087151</speed><course>221.446271</course><hAcc>1.653321</hAcc><vAcc>0.826700</vAcc></extensions></trkpt>
      <trkpt lon="-76.445463" lat="39.342639"><ele>24.912007</ele><time>2023-07-23T23:10:56Z</time><extensions><speed>1.049424</speed><course>220.907943</course><hAcc>1.651266</hAcc><vAcc>0.826706</vAcc></extensions></trkpt>
      <trkpt lon="-76.445470" lat="39.342632"><ele>24.926253</ele><time>2023-07-23T23:10:57Z</time><extensions><speed>1.036029</speed><course>219.965837</course><hAcc>1.653214</hAcc><vAcc>0.826724</vAcc></extensions></trkpt>
      <trkpt lon="-76.445478" lat="39.342625"><ele>24.930643</ele><time>2023-07-23T23:10:58Z</time><extensions><speed>1.018449</speed><course>219.243924</course><hAcc>1.650940</hAcc><vAcc>0.826737</vAcc></extensions></trkpt>
      <trkpt lon="-76.445486" lat="39.342618"><ele>24.924535</ele><time>2023-07-23T23:10:59Z</time><extensions><speed>0.993773</speed><course>220.492941</course><hAcc>1.658544</hAcc><vAcc>0.826754</vAcc></extensions></trkpt>
      <trkpt lon="-76.445494" lat="39.342611"><ele>24.912353</ele><time>2023-07-23T23:11:00Z</time><extensions><speed>1.095322</speed><course>223.634493</course><hAcc>1.646054</hAcc><vAcc>0.826776</vAcc></extensions></trkpt>
      <trkpt lon="-76.445503" lat="39.342604"><ele>24.891443</ele><time>2023-07-23T23:11:01Z</time><extensions><speed>1.098089</speed><course>226.643591</course><hAcc>1.640402</hAcc><vAcc>0.826796</vAcc></extensions></trkpt>
      <trkpt lon="-76.445512" lat="39.342598"><ele>24.870097</ele><time>2023-07-23T23:11:02Z</time><extensions><speed>1.060837</speed><course>227.571033</course><hAcc>1.640156</hAcc><vAcc>0.826821</vAcc></extensions></trkpt>
      <trkpt lon="-76.445521" lat="39.342591"><ele>24.848450</ele><time>2023-07-23T23:11:03Z</time><extensions><speed>1.051668</speed><course>225.495013</course><hAcc>1.639022</hAcc><vAcc>0.826842</vAcc></extensions></trkpt>
      <trkpt lon="-76.445530" lat="39.342584"><ele>24.822289</ele><time>2023-07-23T23:11:04Z</time><extensions><speed>1.080396</speed><course>224.786996</course><hAcc>1.644247</hAcc><vAcc>0.826858</vAcc></extensions></trkpt>
      <trkpt lon="-76.445539" lat="39.342578"><ele>24.793292</ele><time>2023-07-23T23:11:05Z</time><extensions><speed>1.075106</speed><course>227.567472</course><hAcc>1.658014</hAcc><vAcc>0.826866</vAcc></extensions></trkpt>
      <trkpt lon="-76.445548" lat="39.342571"><ele>24.753757</ele><time>2023-07-23T23:11:06Z</time><extensions><speed>1.045830</speed><course>231.532153</course><hAcc>1.648165</hAcc><vAcc>0.826867</vAcc></extensions></trkpt>
      <trkpt lon="-76.445557" lat="39.342566"><ele>24.698817</ele><time>2023-07-23T23:11:07Z</time><extensions><speed>1.030485</speed><course>234.410989</course><hAcc>1.653399</hAcc><vAcc>0.826859</vAcc></extensions></trkpt>
      <trkpt lon="-76.445567" lat="39.342560"><ele>24.628771</ele><time>2023-07-23T23:11:08Z</time><extensions><speed>1.070850</speed><course>235.110851</course><hAcc>1.645833</hAcc><vAcc>0.826843</vAcc></extensions></trkpt>
      <trkpt lon="-76.445578" lat="39.342554"><ele>24.566107</ele><time>2023-07-23T23:11:09Z</time><extensions><speed>1.077946</speed><course>232.552023</course><hAcc>1.647962</hAcc><vAcc>0.826830</vAcc></extensions></trkpt>
      <trkpt lon="-76.445587" lat="39.342548"><ele>24.508272</ele><time>2023-07-23T23:11:10Z</time><extensions><speed>1.083602</speed><course>227.748510</course><hAcc>1.656998</hAcc><vAcc>0.826811</vAcc></extensions></trkpt>
      <trkpt lon="-76.445596" lat="39.342541"><ele>24.460660</ele><time>2023-07-23T23:11:11Z</time><extensions><speed>1.109988</speed><course>220.230125</course><hAcc>1.662313</hAcc><vAcc>0.826806</vAcc></extensions></trkpt>
      <trkpt lon="-76.445604" lat="39.342533"><ele>24.440490</ele><time>2023-07-23T23:11:12Z</time><extensions><speed>1.169281</speed><course>215.568596</course><hAcc>1.663449</hAcc><vAcc>0.826787</vAcc></extensions></trkpt>
      <trkpt lon="-76.445612" lat="39.342524"><ele>24.417617</ele><time>2023-07-23T23:11:13Z</time><extensions><speed>1.224367</speed><course>214.665222</course><hAcc>1.661442</hAcc><vAcc>0.826760</vAcc></extensions></trkpt>
      <trkpt lon="-76.445620" lat="39.342515"><ele>24.391277</ele><time>2023-07-23T23:11:14Z</time><extensions><speed>1.215202</speed><course>215.089116</course><hAcc>1.658161</hAcc><vAcc>0.826742</vAcc></extensions></trkpt>
      <trkpt lon="-76.445628" lat="39.342507"><ele>24.392275</ele><time>2023-07-23T23:11:15Z</time><extensions><speed>1.185642</speed><course>216.538412</course><hAcc>1.651605</hAcc><vAcc>0.826744</vAcc></extensions></trkpt>
      <trkpt lon="-76.445637" lat="39.342498"><ele>24.395196</ele><time>2023-07-23T23:11:16Z</time><extensions><speed>1.141940</speed><course>220.323896</course><hAcc>1.640699</hAcc><vAcc>0.826741</vAcc></extensions></trkpt>
      <trkpt lon="-76.445645" lat="39.342491"><ele>24.372567</ele><time>2023-07-23T23:11:17Z</time><extensions><speed>1.089981</speed><course>222.061836</course><hAcc>1.624769</hAcc><vAcc>0.826764</vAcc></extensions></trkpt>
      <trkpt lon="-76.445654" lat="39.342483"><ele>24.377318</ele><time>2023-07-23T23:11:18Z</time><extensions><speed>1.074365</speed><course>221.781503</course><hAcc>1.609848</hAcc><vAcc>0.826809</vAcc></extensions></trkpt>
      <trkpt lon="-76.445662" lat="39.342476"><ele>24.386891</ele><time>2023-07-23T23:11:19Z</time><extensions><speed>1.157228</speed><course>221.546276</course><hAcc>1.602833</hAcc><vAcc>0.826852</vAcc></extensions></trkpt>
      <trkpt lon="-76.445672" lat="39.342468"><ele>24.407157</ele><time>2023-07-23T23:11:20Z</time><extensions><speed>1.145378</speed><course>226.152622</course><hAcc>1.603947</hAcc><vAcc>0.826901</vAcc></extensions></trkpt>
      <trkpt lon="-76.445681" lat="39.342461"><ele>24.433395</ele><time>2023-07-23T23:11:21Z</time><extensions><speed>1.077883</speed><course>224.555672</course><hAcc>1.634595</hAcc><vAcc>0.826571</vAcc></extensions></trkpt>
      <trkpt lon="-76.445690" lat="39.342454"><ele>24.450834</ele><time>2023-07-23T23:11:22Z</time><extensions><speed>1.105152</speed><course>228.152958</course><hAcc>1.580913</hAcc><vAcc>0.824858</vAcc></extensions></trkpt>
      <trkpt lon="-76.445700" lat="39.342448"><ele>24.463841</ele><time>2023-07-23T23:11:23Z</time><extensions><speed>1.148884</speed><course>232.856396</course><hAcc>1.549257</hAcc><vAcc>0.822940</vAcc></extensions></trkpt>
      <trkpt lon="-76.445711" lat="39.342441"><ele>24.475311</ele><time>2023-07-23T23:11:24Z</time><extensions><speed>1.208311</speed><course>232.059705</course><hAcc>1.555275</hAcc><vAcc>0.820850</vAcc></extensions></trkpt>
      <trkpt lon="-76.445721" lat="39.342435"><ele>24.485057</ele><time>2023-07-23T23:11:25Z</time><extensions><speed>1.090640</speed><course>232.421353</course><hAcc>1.576685</hAcc><vAcc>0.818613</vAcc></extensions></trkpt>
      <trkpt lon="-76.445731" lat="39.342428"><ele>24.495814</ele><time>2023-07-23T23:11:26Z</time><extensions><speed>1.178902</speed><course>223.668700</course><hAcc>1.526963</hAcc><vAcc>0.816261</vAcc></extensions></trkpt>
      <trkpt lon="-76.445740" lat="39.342419"><ele>24.508036</ele><time>2023-07-23T23:11:27Z</time><extensions><speed>1.291541</speed><course>220.220993</course><hAcc>1.506672</hAcc><vAcc>0.813792</vAcc></extensions></trkpt>
      <trkpt lon="-76.445750" lat="39.342411"><ele>24.517937</ele><time>2023-07-23T23:11:28Z</time><extensions><speed>1.214928</speed><course>217.371049</course><hAcc>1.525150</hAcc><vAcc>0.811203</vAcc></extensions></trkpt>
      <trkpt lon="-76.445758" lat="39.342402"><ele>24.521777</ele><time>2023-07-23T23:11:29Z</time><extensions><speed>1.250475</speed><course>218.630223</course><hAcc>1.479402</hAcc><vAcc>0.808449</vAcc></extensions></trkpt>
      <trkpt lon="-76.445768" lat="39.342393"><ele>24.521599</ele><time>2023-07-23T23:11:30Z</time><extensions><speed>1.272803</speed><course>221.954421</course><hAcc>1.491613</hAcc><vAcc>0.805412</vAcc></extensions></trkpt>
      <trkpt lon="-76.445775" lat="39.342387"><ele>24.530106</ele><time>2023-07-23T23:11:30Z</time><extensions><speed>1.240481</speed><course>223.271380</course><hAcc>1.490869</hAcc><vAcc>0.802280</vAcc></extensions></trkpt>
      <trkpt lon="-76.445778" lat="39.342385"><ele>24.533661</ele><time>2023-07-23T23:11:31Z</time><extensions><speed>1.231781</speed><course>223.352964</course><hAcc>1.490344</hAcc><vAcc>0.797625</vAcc></extensions></trkpt>
      <trkpt lon="-76.445788" lat="39.342377"><ele>24.537046</ele><time>2023-07-23T23:11:32Z</time><extensions><speed>1.216006</speed><course>225.698619</course><hAcc>1.484935</hAcc><vAcc>0.801427</vAcc></extensions></trkpt>
      <trkpt lon="-76.445798" lat="39.342369"><ele>24.536416</ele><time>2023-07-23T23:11:33Z</time><extensions><speed>1.206337</speed><course>226.040726</course><hAcc>1.523805</hAcc><vAcc>0.804870</vAcc></extensions></trkpt>
      <trkpt lon="-76.445807" lat="39.342362"><ele>24.537157</ele><time>2023-07-23T23:11:34Z</time><extensions><speed>1.115325</speed><course>225.925650</course><hAcc>1.577787</hAcc><vAcc>0.808053</vAcc></extensions></trkpt>
      <trkpt lon="-76.445816" lat="39.342355"><ele>24.549012</ele><time>2023-07-23T23:11:35Z</time><extensions><speed>1.067053</speed><course>226.311077</course><hAcc>1.619223</hAcc><vAcc>0.811013</vAcc></extensions></trkpt>
      <trkpt lon="-76.445825" lat="39.342348"><ele>24.596118</ele><time>2023-07-23T23:11:36Z</time><extensions><speed>1.075448</speed><course>225.905216</course><hAcc>1.622612</hAcc><vAcc>0.813743</vAcc></extensions></trkpt>
      <trkpt lon="-76.445834" lat="39.342342"><ele>24.625217</ele><time>2023-07-23T23:11:37Z</time><extensions><speed>1.053581</speed><course>226.695635</course><hAcc>1.616898</hAcc><vAcc>0.816241</vAcc></extensions></trkpt>
      <trkpt lon="-76.445843" lat="39.342335"><ele>24.667360</ele><time>2023-07-23T23:11:38Z</time><extensions><speed>1.026678</speed><course>227.363139</course><hAcc>1.608822</hAcc><vAcc>0.818468</vAcc></extensions></trkpt>
      <trkpt lon="-76.445852" lat="39.342329"><ele>24.706342</ele><time>2023-07-23T23:11:39Z</time><extensions><speed>1.038101</speed><course>227.822557</course><hAcc>1.604499</hAcc><vAcc>0.820392</vAcc></extensions></trkpt>
      <trkpt lon="-76.445862" lat="39.342323"><ele>24.721132</ele><time>2023-07-23T23:11:40Z</time><extensions><speed>1.126106</speed><course>230.041853</course><hAcc>1.610777</hAcc><vAcc>0.822021</vAcc></extensions></trkpt>
      <trkpt lon="-76.445872" lat="39.342316"><ele>24.734863</ele><time>2023-07-23T23:11:41Z</time><extensions><speed>1.143360</speed><course>231.841463</course><hAcc>1.641910</hAcc><vAcc>0.823370</vAcc></extensions></trkpt>
      <trkpt lon="-76.445883" lat="39.342310"><ele>24.748521</ele><time>2023-07-23T23:11:42Z</time><extensions><speed>1.227713</speed><course>234.843778</course><hAcc>1.603295</hAcc><vAcc>0.824450</vAcc></extensions></trkpt>
      <trkpt lon="-76.445894" lat="39.342304"><ele>24.775521</ele><time>2023-07-23T23:11:43Z</time><extensions><speed>1.142280</speed><course>234.402472</course><hAcc>1.585365</hAcc><vAcc>0.825288</vAcc></extensions></trkpt>
      <trkpt lon="-76.445905" lat="39.342298"><ele>24.805615</ele><time>2023-07-23T23:11:44Z</time><extensions><speed>1.117320</speed><course>233.870084</course><hAcc>1.574588</hAcc><vAcc>0.825919</vAcc></extensions></trkpt>
      <trkpt lon="-76.445915" lat="39.342292"><ele>24.839411</ele><time>2023-07-23T23:11:45Z</time><extensions><speed>1.067543</speed><course>233.437285</course><hAcc>1.572900</hAcc><vAcc>0.826374</vAcc></extensions></trkpt>
      <trkpt lon="-76.445925" lat="39.342286"><ele>24.872307</ele><time>2023-07-23T23:11:46Z</time><extensions><speed>1.102684</speed><course>233.475493</course><hAcc>1.602866</hAcc><vAcc>0.826689</vAcc></extensions></trkpt>
      <trkpt lon="-76.445936" lat="39.342280"><ele>24.894373</ele><time>2023-07-23T23:11:47Z</time><extensions><speed>1.156946</speed><course>230.112925</course><hAcc>1.659524</hAcc><vAcc>0.826891</vAcc></extensions></trkpt>
      <trkpt lon="-76.445947" lat="39.342274"><ele>24.882948</ele><time>2023-07-23T23:11:48Z</time><extensions><speed>1.254651</speed><course>238.989820</course><hAcc>1.618121</hAcc><vAcc>0.827010</vAcc></extensions></trkpt>
      <trkpt lon="-76.445960" lat="39.342268"><ele>24.872587</ele><time>2023-07-23T23:11:49Z</time><extensions><speed>1.217459</speed><course>241.125518</course><hAcc>1.602444</hAcc><vAcc>0.827067</vAcc></extensions></trkpt>
      <trkpt lon="-76.445972" lat="39.342263"><ele>24.856644</ele><time>2023-07-23T23:11:50Z</time><extensions><speed>1.190066</speed><course>242.720686</course><hAcc>1.617155</hAcc><vAcc>0.827080</vAcc></extensions></trkpt>
      <trkpt lon="-76.445984" lat="39.342258"><ele>24.894710</ele><time>2023-07-23T23:11:51Z</time><extensions><speed>1.089361</speed><course>242.424158</course><hAcc>1.635731</hAcc><vAcc>0.827070</vAcc></extensions></trkpt>
      <trkpt lon="-76.445994" lat="39.342254"><ele>24.886281</ele><time>2023-07-23T23:11:52Z</time><extensions><speed>0.998929</speed><course>242.672705</course><hAcc>1.640503</hAcc><vAcc>0.827063</vAcc></extensions></trkpt>
      <trkpt lon="-76.446005" lat="39.342249"><ele>24.877274</ele><time>2023-07-23T23:11:53Z</time><extensions><speed>1.114160</speed><course>238.662131</course><hAcc>1.644861</hAcc><vAcc>0.827048</vAcc></extensions></trkpt>
      <trkpt lon="-76.446016" lat="39.342244"><ele>24.893263</ele><time>2023-07-23T23:11:54Z</time><extensions><speed>1.164692</speed><course>235.393765</course><hAcc>1.649510</hAcc><vAcc>0.827036</vAcc></extensions></trkpt>
      <trkpt lon="-76.446027" lat="39.342238"><ele>24.900489</ele><time>2023-07-23T23:11:55Z</time><extensions><speed>1.150822</speed><course>234.750100</course><hAcc>1.650984</hAcc><vAcc>0.827026</vAcc></extensions></trkpt>
      <trkpt lon="-76.446038" lat="39.342232"><ele>24.908077</ele><time>2023-07-23T23:11:56Z</time><extensions><speed>1.089026</speed><course>233.495603</course><hAcc>1.659688</hAcc><vAcc>0.827019</vAcc></extensions></trkpt>
      <trkpt lon="-76.446048" lat="39.342226"><ele>24.909675</ele><time>2023-07-23T23:11:57Z</time><extensions><speed>1.175437</speed><course>235.468452</course><hAcc>1.638534</hAcc><vAcc>0.827010</vAcc></extensions></trkpt>
      <trkpt lon="-76.446060" lat="39.342220"><ele>24.921633</ele><time>2023-07-23T23:11:58Z</time><extensions><speed>1.260369</speed><course>240.409999</course><hAcc>1.626698</hAcc><vAcc>0.827004</vAcc></extensions></trkpt>
      <trkpt lon="-76.446073" lat="39.342214"><ele>24.944337</ele><time>2023-07-23T23:11:59Z</time><extensions><speed>1.299868</speed><course>240.430230</course><hAcc>1.620373</hAcc><vAcc>0.826994</vAcc></extensions></trkpt>
      <trkpt lon="-76.446086" lat="39.342209"><ele>24.972484</ele><time>2023-07-23T23:12:00Z</time><extensions><speed>1.226876</speed><course>243.752531</course><hAcc>1.605509</hAcc><vAcc>0.826982</vAcc></extensions></trkpt>
      <trkpt lon="-76.446099" lat="39.342204"><ele>24.996641</ele><time>2023-07-23T23:12:01Z</time><extensions><speed>1.135286</speed><course>243.768926</course><hAcc>1.611577</hAcc><vAcc>0.826953</vAcc></extensions></trkpt>
      <trkpt lon="-76.446110" lat="39.342199"><ele>25.014351</ele><time>2023-07-23T23:12:02Z</time><extensions><speed>1.140403</speed><course>241.700122</course><hAcc>1.634365</hAcc><vAcc>0.826924</vAcc></extensions></trkpt>
      <trkpt lon="-76.446122" lat="39.342195"><ele>25.028771</ele><time>2023-07-23T23:12:03Z</time><extensions><speed>1.154733</speed><course>244.573837</course><hAcc>1.591887</hAcc><vAcc>0.826890</vAcc></extensions></trkpt>
      <trkpt lon="-76.446134" lat="39.342189"><ele>25.036723</ele><time>2023-07-23T23:12:04Z</time><extensions><speed>1.160849</speed><course>235.355670</course><hAcc>1.582547</hAcc><vAcc>0.826842</vAcc></extensions></trkpt>
      <trkpt lon="-76.446144" lat="39.342183"><ele>25.042112</ele><time>2023-07-23T23:12:05Z</time><extensions><speed>1.108102</speed><course>224.362671</course><hAcc>1.605352</hAcc><vAcc>0.826781</vAcc></extensions></trkpt>
      <trkpt lon="-76.446153" lat="39.342176"><ele>25.036256</ele><time>2023-07-23T23:12:06Z</time><extensions><speed>1.048404</speed><course>220.298576</course><hAcc>1.629552</hAcc><vAcc>0.826718</vAcc></extensions></trkpt>
      <trkpt lon="-76.446161" lat="39.342169"><ele>25.018208</ele><time>2023-07-23T23:12:07Z</time><extensions><speed>1.013006</speed><course>227.490676</course><hAcc>1.602528</hAcc><vAcc>0.826652</vAcc></extensions></trkpt>
      <trkpt lon="-76.446170" lat="39.342163"><ele>24.990614</ele><time>2023-07-23T23:12:08Z</time><extensions><speed>1.103299</speed><course>228.140759</course><hAcc>1.594548</hAcc><vAcc>0.826589</vAcc></extensions></trkpt>
      <trkpt lon="-76.446180" lat="39.342156"><ele>24.961576</ele><time>2023-07-23T23:12:09Z</time><extensions><speed>1.232146</speed><course>229.823495</course><hAcc>1.598983</hAcc><vAcc>0.826525</vAcc></extensions></trkpt>
      <trkpt lon="-76.446191" lat="39.342148"><ele>24.929766</ele><time>2023-07-23T23:12:10Z</time><extensions><speed>1.240043</speed><course>230.498981</course><hAcc>1.606667</hAcc><vAcc>0.826463</vAcc></extensions></trkpt>
      <trkpt lon="-76.446202" lat="39.342142"><ele>24.884205</ele><time>2023-07-23T23:12:11Z</time><extensions><speed>1.151914</speed><course>235.947422</course><hAcc>1.630079</hAcc><vAcc>0.826407</vAcc></extensions></trkpt>
      <trkpt lon="-76.446213" lat="39.342137"><ele>24.824905</ele><time>2023-07-23T23:12:12Z</time><extensions><speed>1.090445</speed><course>240.346011</course><hAcc>1.671751</hAcc><vAcc>0.826357</vAcc></extensions></trkpt>
      <trkpt lon="-76.446225" lat="39.342131"><ele>24.760544</ele><time>2023-07-23T23:12:13Z</time><extensions><speed>1.225930</speed><course>239.790673</course><hAcc>1.639816</hAcc><vAcc>0.826311</vAcc></extensions></trkpt>
      <trkpt lon="-76.446238" lat="39.342126"><ele>24.702736</ele><time>2023-07-23T23:12:14Z</time><extensions><speed>1.283995</speed><course>238.696414</course><hAcc>1.633106</hAcc><vAcc>0.826275</vAcc></extensions></trkpt>
      <trkpt lon="-76.446251" lat="39.342120"><ele>24.656705</ele><time>2023-07-23T23:12:15Z</time><extensions><speed>1.302996</speed><course>240.603544</course><hAcc>1.646707</hAcc><vAcc>0.826240</vAcc></extensions></trkpt>
      <trkpt lon="-76.446264" lat="39.342115"><ele>24.578199</ele><time>2023-07-23T23:12:16Z</time><extensions><speed>1.255824</speed><course>245.260562</course><hAcc>1.660551</hAcc><vAcc>0.826208</vAcc></extensions></trkpt>
      <trkpt lon="-76.446277" lat="39.342110"><ele>24.503132</ele><time>2023-07-23T23:12:17Z</time><extensions><speed>1.212454</speed><course>248.007564</course><hAcc>1.670166</hAcc><vAcc>0.826181</vAcc></extensions></trkpt>
      <trkpt lon="-76.446290" lat="39.342106"><ele>24.439605</ele><time>2023-07-23T23:12:18Z</time><extensions><speed>1.129020</speed><course>247.687743</course><hAcc>1.677036</hAcc><vAcc>0.826159</vAcc></extensions></trkpt>
      <trkpt lon="-76.446302" lat="39.342103"><ele>24.376862</ele><time>2023-07-23T23:12:19Z</time><extensions><speed>1.103730</speed><course>250.344406</course><hAcc>1.676474</hAcc><vAcc>0.826143</vAcc></extensions></trkpt>
      <trkpt lon="-76.446314" lat="39.342100"><ele>24.298161</ele><time>2023-07-23T23:12:20Z</time><extensions><speed>1.070004</speed><course>259.011465</course><hAcc>1.665897</hAcc><vAcc>0.826125</vAcc></extensions></trkpt>
      <trkpt lon="-76.446326" lat="39.342099"><ele>24.211330</ele><time>2023-07-23T23:12:21Z</time><extensions><speed>1.086031</speed><course>275.236305</course><hAcc>1.642794</hAcc><vAcc>0.826117</vAcc></extensions></trkpt>
      <trkpt lon="-76.446340" lat="39.342101"><ele>24.164540</ele><time>2023-07-23T23:12:22Z</time><extensions><speed>1.263698</speed><course>287.262780</course><hAcc>1.617467</hAcc><vAcc>0.826109</vAcc></extensions></trkpt>
      <trkpt lon="-76.446354" lat="39.342105"><ele>24.126236</ele><time>2023-07-23T23:12:23Z</time><extensions><speed>1.361665</speed><course>292.922178</course><hAcc>1.618623</hAcc><vAcc>0.826099</vAcc></extensions></trkpt>
      <trkpt lon="-76.446368" lat="39.342110"><ele>24.079830</ele><time>2023-07-23T23:12:24Z</time><extensions><speed>1.249555</speed><course>295.755470</course><hAcc>1.651969</hAcc><vAcc>0.826096</vAcc></extensions></trkpt>
      <trkpt lon="-76.446381" lat="39.342115"><ele>24.031918</ele><time>2023-07-23T23:12:25Z</time><extensions><speed>1.277807</speed><course>292.267190</course><hAcc>1.621585</hAcc><vAcc>0.826102</vAcc></extensions></trkpt>
      <trkpt lon="-76.446395" lat="39.342119"><ele>23.994415</ele><time>2023-07-23T23:12:26Z</time><extensions><speed>1.189923</speed><course>287.452813</course><hAcc>1.635357</hAcc><vAcc>0.826118</vAcc></extensions></trkpt>
      <trkpt lon="-76.446408" lat="39.342121"><ele>23.966572</ele><time>2023-07-23T23:12:27Z</time><extensions><speed>1.278186</speed><course>281.861078</course><hAcc>1.604707</hAcc><vAcc>0.826138</vAcc></extensions></trkpt>
      <trkpt lon="-76.446423" lat="39.342123"><ele>23.949317</ele><time>2023-07-23T23:12:28Z</time><extensions><speed>1.334276</speed><course>277.170763</course><hAcc>1.606792</hAcc><vAcc>0.826161</vAcc></extensions></trkpt>
      <trkpt lon="-76.446438" lat="39.342125"><ele>23.938968</ele><time>2023-07-23T23:12:29Z</time><extensions><speed>1.263002</speed><course>272.949756</course><hAcc>1.630572</hAcc><vAcc>0.826188</vAcc></extensions></trkpt>
      <trkpt lon="-76.446453" lat="39.342125"><ele>23.935188</ele><time>2023-07-23T23:12:30Z</time><extensions><speed>1.229138</speed><course>268.840711</course><hAcc>1.628570</hAcc><vAcc>0.826229</vAcc></extensions></trkpt>
      <trkpt lon="-76.446467" lat="39.342124"><ele>23.940550</ele><time>2023-07-23T23:12:31Z</time><extensions><speed>1.203837</speed><course>266.760718</course><hAcc>1.647608</hAcc><vAcc>0.826272</vAcc></extensions></trkpt>
      <trkpt lon="-76.446480" lat="39.342124"><ele>23.954533</ele><time>2023-07-23T23:12:32Z</time><extensions><speed>1.123565</speed><course>270.096760</course><hAcc>1.686460</hAcc><vAcc>0.826319</vAcc></extensions></trkpt>
      <trkpt lon="-76.446493" lat="39.342124"><ele>23.971222</ele><time>2023-07-23T23:12:33Z</time><extensions><speed>0.990009</speed><course>269.962602</course><hAcc>1.668421</hAcc><vAcc>0.826369</vAcc></extensions></trkpt>
      <trkpt lon="-76.446504" lat="39.342125"><ele>23.995635</ele><time>2023-07-23T23:12:34Z</time><extensions><speed>0.903451</speed><course>279.095925</course><hAcc>1.657898</hAcc><vAcc>0.826419</vAcc></extensions></trkpt>
      <trkpt lon="-76.446514" lat="39.342127"><ele>24.023964</ele><time>2023-07-23T23:12:35Z</time><extensions><speed>0.898386</speed><course>293.556420</course><hAcc>1.663872</hAcc><vAcc>0.826473</vAcc></extensions></trkpt>
      <trkpt lon="-76.446523" lat="39.342132"><ele>24.052877</ele><time>2023-07-23T23:12:36Z</time><extensions><speed>1.053277</speed><course>305.828133</course><hAcc>1.675142</hAcc><vAcc>0.826523</vAcc></extensions></trkpt>
      <trkpt lon="-76.446533" lat="39.342138"><ele>24.081586</ele><time>2023-07-23T23:12:37Z</time><extensions><speed>1.198000</speed><course>313.670877</course><hAcc>1.681386</hAcc><vAcc>0.826560</vAcc></extensions></trkpt>
      <trkpt lon="-76.446543" lat="39.342146"><ele>24.100802</ele><time>2023-07-23T23:12:38Z</time><extensions><speed>1.269973</speed><course>318.368854</course><hAcc>1.682987</hAcc><vAcc>0.826606</vAcc></extensions></trkpt>
      <trkpt lon="-76.446553" lat="39.342155"><ele>24.126986</ele><time>2023-07-23T23:12:39Z</time><extensions><speed>1.261257</speed><course>320.065939</course><hAcc>1.684359</hAcc><vAcc>0.826638</vAcc></extensions></trkpt>
      <trkpt lon="-76.446562" lat="39.342163"><ele>24.154772</ele><time>2023-07-23T23:12:40Z</time><extensions><speed>1.224678</speed><course>319.945644</course><hAcc>1.687512</hAcc><vAcc>0.826671</vAcc></extensions></trkpt>
      <trkpt lon="-76.446571" lat="39.342172"><ele>24.171234</ele><time>2023-07-23T23:12:41Z</time><extensions><speed>1.239534</speed><course>320.053118</course><hAcc>1.677368</hAcc><vAcc>0.826693</vAcc></extensions></trkpt>
      <trkpt lon="-76.446581" lat="39.342180"><ele>24.168934</ele><time>2023-07-23T23:12:42Z</time><extensions><speed>1.223618</speed><course>319.672974</course><hAcc>1.668101</hAcc><vAcc>0.826709</vAcc></extensions></trkpt>
      <trkpt lon="-76.446590" lat="39.342189"><ele>24.163833</ele><time>2023-07-23T23:12:43Z</time><extensions><speed>1.226723</speed><course>319.210934</course><hAcc>1.657512</hAcc><vAcc>0.826744</vAcc></extensions></trkpt>
      <trkpt lon="-76.446599" lat="39.342197"><ele>24.138959</ele><time>2023-07-23T23:12:44Z</time><extensions><speed>1.224048</speed><course>319.202350</course><hAcc>1.643649</hAcc><vAcc>0.826773</vAcc></extensions></trkpt>
      <trkpt lon="-76.446608" lat="39.342206"><ele>24.113150</ele><time>2023-07-23T23:12:45Z</time><extensions><speed>1.222763</speed><course>320.428301</course><hAcc>1.629157</hAcc><vAcc>0.826812</vAcc></extensions></trkpt>
      <trkpt lon="-76.446617" lat="39.342214"><ele>24.077467</ele><time>2023-07-23T23:12:46Z</time><extensions><speed>1.190136</speed><course>322.936193</course><hAcc>1.618287</hAcc><vAcc>0.826847</vAcc></extensions></trkpt>
      <trkpt lon="-76.446625" lat="39.342223"><ele>24.043773</ele><time>2023-07-23T23:12:47Z</time><extensions><speed>1.104411</speed><course>325.400408</course><hAcc>1.625603</hAcc><vAcc>0.826871</vAcc></extensions></trkpt>
      <trkpt lon="-76.446631" lat="39.342230"><ele>24.000356</ele><time>2023-07-23T23:12:48Z</time><extensions><speed>0.985252</speed><course>326.164851</course><hAcc>1.665880</hAcc><vAcc>0.826897</vAcc></extensions></trkpt>
      <trkpt lon="-76.446638" lat="39.342238"><ele>23.972140</ele><time>2023-07-23T23:12:49Z</time><extensions><speed>1.103923</speed><course>324.712579</course><hAcc>1.616848</hAcc><vAcc>0.826915</vAcc></extensions></trkpt>
      <trkpt lon="-76.446646" lat="39.342246"><ele>23.930067</ele><time>2023-07-23T23:12:50Z</time><extensions><speed>1.136363</speed><course>319.519578</course><hAcc>1.593476</hAcc><vAcc>0.826923</vAcc></extensions></trkpt>
      <trkpt lon="-76.446655" lat="39.342254"><ele>23.876640</ele><time>2023-07-23T23:12:51Z</time><extensions><speed>1.130601</speed><course>318.921303</course><hAcc>1.592969</hAcc><vAcc>0.826930</vAcc></extensions></trkpt>
      <trkpt lon="-76.446664" lat="39.342261"><ele>23.806098</ele><time>2023-07-23T23:12:52Z</time><extensions><speed>1.104276</speed><course>315.517779</course><hAcc>1.594825</hAcc><vAcc>0.826946</vAcc></extensions></trkpt>
      <trkpt lon="-76.446672" lat="39.342268"><ele>23.741445</ele><time>2023-07-23T23:12:53Z</time><extensions><speed>1.002281</speed><course>314.476366</course><hAcc>1.602692</hAcc><vAcc>0.826955</vAcc></extensions></trkpt>
      <trkpt lon="-76.446681" lat="39.342274"><ele>23.690734</ele><time>2023-07-23T23:12:54Z</time><extensions><speed>1.086382</speed><course>311.699335</course><hAcc>1.616264</hAcc><vAcc>0.826961</vAcc></extensions></trkpt>
      <trkpt lon="-76.446691" lat="39.342281"><ele>23.633337</ele><time>2023-07-23T23:12:55Z</time><extensions><speed>1.148413</speed><course>312.094382</course><hAcc>1.667598</hAcc><vAcc>0.826956</vAcc></extensions></trkpt>
      <trkpt lon="-76.446700" lat="39.342288"><ele>23.592139</ele><time>2023-07-23T23:12:56Z</time><extensions><speed>1.137531</speed><course>317.102071</course><hAcc>1.621533</hAcc><vAcc>0.826954</vAcc></extensions></trkpt>
      <trkpt lon="-76.446709" lat="39.342296"><ele>23.554559</ele><time>2023-07-23T23:12:57Z</time><extensions><speed>1.136196</speed><course>319.085500</course><hAcc>1.609461</hAcc><vAcc>0.826951</vAcc></extensions></trkpt>
      <trkpt lon="-76.446717" lat="39.342304"><ele>23.506315</ele><time>2023-07-23T23:12:58Z</time><extensions><speed>1.124076</speed><course>320.796614</course><hAcc>1.631211</hAcc><vAcc>0.826940</vAcc></extensions></trkpt>
      <trkpt lon="-76.446725" lat="39.342311"><ele>23.471300</ele><time>2023-07-23T23:12:59Z</time><extensions><speed>1.056230</speed><course>320.097485</course><hAcc>1.652640</hAcc><vAcc>0.826934</vAcc></extensions></trkpt>
      <trkpt lon="-76.446733" lat="39.342319"><ele>23.447767</ele><time>2023-07-23T23:13:00Z</time><extensions><speed>1.037207</speed><course>317.746217</course><hAcc>1.667697</hAcc><vAcc>0.826934</vAcc></extensions></trkpt>
      <trkpt lon="-76.446742" lat="39.342325"><ele>23.419596</ele><time>2023-07-23T23:13:01Z</time><extensions><speed>1.029179</speed><course>312.058839</course><hAcc>1.676995</hAcc><vAcc>0.826964</vAcc></extensions></trkpt>
      <trkpt lon="-76.446751" lat="39.342331"><ele>23.388895</ele><time>2023-07-23T23:13:02Z</time><extensions><speed>1.018004</speed><course>306.514920</course><hAcc>1.683289</hAcc><vAcc>0.826983</vAcc></extensions></trkpt>
      <trkpt lon="-76.446760" lat="39.342336"><ele>23.374228</ele><time>2023-07-23T23:13:03Z</time><extensions><speed>0.899942</speed><course>307.668224</course><hAcc>1.679062</hAcc><vAcc>0.827001</vAcc></extensions></trkpt>
      <trkpt lon="-76.446769" lat="39.342342"><ele>23.357942</ele><time>2023-07-23T23:13:04Z</time><extensions><speed>1.030295</speed><course>310.987691</course><hAcc>1.677517</hAcc><vAcc>0.827024</vAcc></extensions></trkpt>
      <trkpt lon="-76.446778" lat="39.342348"><ele>23.353799</ele><time>2023-07-23T23:13:05Z</time><extensions><speed>1.139469</speed><course>312.078534</course><hAcc>1.673528</hAcc><vAcc>0.827052</vAcc></extensions></trkpt>
      <trkpt lon="-76.446788" lat="39.342355"><ele>23.360053</ele><time>2023-07-23T23:13:06Z</time><extensions><speed>1.240105</speed><course>313.876356</course><hAcc>1.675743</hAcc><vAcc>0.827083</vAcc></extensions></trkpt>
      <trkpt lon="-76.446798" lat="39.342363"><ele>23.378504</ele><time>2023-07-23T23:13:07Z</time><extensions><speed>1.216515</speed><course>315.342312</course><hAcc>1.680183</hAcc><vAcc>0.827105</vAcc></extensions></trkpt>
      <trkpt lon="-76.446808" lat="39.342371"><ele>23.413773</ele><time>2023-07-23T23:13:08Z</time><extensions><speed>1.178499</speed><course>315.764882</course><hAcc>1.663784</hAcc><vAcc>0.827123</vAcc></extensions></trkpt>
      <trkpt lon="-76.446817" lat="39.342379"><ele>23.438792</ele><time>2023-07-23T23:13:09Z</time><extensions><speed>1.111403</speed><course>317.148474</course><hAcc>1.654084</hAcc><vAcc>0.827138</vAcc></extensions></trkpt>
      <trkpt lon="-76.446826" lat="39.342386"><ele>23.467271</ele><time>2023-07-23T23:13:10Z</time><extensions><speed>1.117715</speed><course>317.087259</course><hAcc>1.660351</hAcc><vAcc>0.827156</vAcc></extensions></trkpt>
      <trkpt lon="-76.446835" lat="39.342393"><ele>23.504650</ele><time>2023-07-23T23:13:11Z</time><extensions><speed>1.204435</speed><course>316.599255</course><hAcc>1.677220</hAcc><vAcc>0.827168</vAcc></extensions></trkpt>
      <trkpt lon="-76.446845" lat="39.342401"><ele>23.550200</ele><time>2023-07-23T23:13:12Z</time><extensions><speed>1.182819</speed><course>311.783239</course><hAcc>1.652216</hAcc><vAcc>0.827163</vAcc></extensions></trkpt>
      <trkpt lon="-76.446855" lat="39.342408"><ele>23.603708</ele><time>2023-07-23T23:13:13Z</time><extensions><speed>1.156601</speed><course>309.780543</course><hAcc>1.632138</hAcc><vAcc>0.827156</vAcc></extensions></trkpt>
      <trkpt lon="-76.446865" lat="39.342414"><ele>23.671931</ele><time>2023-07-23T23:13:14Z</time><extensions><speed>1.080568</speed><course>310.849855</course><hAcc>1.626938</hAcc><vAcc>0.827144</vAcc></extensions></trkpt>
      <trkpt lon="-76.446874" lat="39.342421"><ele>23.738504</ele><time>2023-07-23T23:13:15Z</time><extensions><speed>1.109075</speed><course>315.288638</course><hAcc>1.649830</hAcc><vAcc>0.827124</vAcc></extensions></trkpt>
      <trkpt lon="-76.446883" lat="39.342428"><ele>23.801880</ele><time>2023-07-23T23:13:16Z</time><extensions><speed>1.133523</speed><course>318.280250</course><hAcc>1.691862</hAcc><vAcc>0.827079</vAcc></extensions></trkpt>
      <trkpt lon="-76.446891" lat="39.342436"><ele>23.843071</ele><time>2023-07-23T23:13:17Z</time><extensions><speed>1.071465</speed><course>319.161381</course><hAcc>1.658933</hAcc><vAcc>0.827018</vAcc></extensions></trkpt>
      <trkpt lon="-76.446898" lat="39.342443"><ele>23.860706</ele><time>2023-07-23T23:13:18Z</time><extensions><speed>0.927269</speed><course>322.395398</course><hAcc>1.649561</hAcc><vAcc>0.826967</vAcc></extensions></trkpt>
      <trkpt lon="-76.446904" lat="39.342449"><ele>23.873234</ele><time>2023-07-23T23:13:19Z</time><extensions><speed>0.689193</speed><course>322.156636</course><hAcc>1.657826</hAcc><vAcc>0.826915</vAcc></extensions></trkpt>
      <trkpt lon="-76.446908" lat="39.342453"><ele>23.874350</ele><time>2023-07-23T23:13:20Z</time><extensions><speed>0.475297</speed><course>313.204474</course><hAcc>1.656621</hAcc><vAcc>0.826865</vAcc></extensions></trkpt>
      <trkpt lon="-76.446912" lat="39.342455"><ele>23.871516</ele><time>2023-07-23T23:13:21Z</time><extensions><speed>0.431698</speed><course>303.673655</course><hAcc>1.645531</hAcc><vAcc>0.826808</vAcc></extensions></trkpt>
      <trkpt lon="-76.446918" lat="39.342458"><ele>23.866731</ele><time>2023-07-23T23:13:22Z</time><extensions><speed>0.732446</speed><course>294.835669</course><hAcc>1.638897</hAcc><vAcc>0.826744</vAcc></extensions></trkpt>
      <trkpt lon="-76.446928" lat="39.342460"><ele>23.856858</ele><time>2023-07-23T23:13:23Z</time><extensions><speed>1.039369</speed><course>287.445852</course><hAcc>1.682287</hAcc><vAcc>0.826697</vAcc></extensions></trkpt>
      <trkpt lon="-76.446936" lat="39.342462"><ele>23.836978</ele><time>2023-07-23T23:13:24Z</time><extensions><speed>0.536223</speed><course>278.926818</course><hAcc>1.668593</hAcc><vAcc>0.826654</vAcc></extensions></trkpt>
      <trkpt lon="-76.446939" lat="39.342463"><ele>23.809998</ele><time>2023-07-23T23:13:25Z</time><extensions><speed>0.096720</speed><course>70.188377</course><hAcc>1.658203</hAcc><vAcc>0.826594</vAcc></extensions></trkpt>
      <trkpt lon="-76.446936" lat="39.342463"><ele>23.781738</ele><time>2023-07-23T23:13:26Z</time><extensions><speed>0.352620</speed><course>85.027836</course><hAcc>1.656382</hAcc><vAcc>0.826543</vAcc></extensions></trkpt>
      <trkpt lon="-76.446932" lat="39.342463"><ele>23.756137</ele><time>2023-07-23T23:13:27Z</time><extensions><speed>0.430184</speed><course>84.149778</course><hAcc>1.665603</hAcc><vAcc>0.826524</vAcc></extensions></trkpt>
      <trkpt lon="-76.446927" lat="39.342464"><ele>23.722951</ele><time>2023-07-23T23:13:28Z</time><extensions><speed>0.415558</speed><course>83.145866</course><hAcc>1.677430</hAcc><vAcc>0.826518</vAcc></extensions></trkpt>
      <trkpt lon="-76.446923" lat="39.342464"><ele>23.694399</ele><time>2023-07-23T23:13:29Z</time><extensions><speed>0.359185</speed><course>83.756637</course><hAcc>1.688726</hAcc><vAcc>0.826523</vAcc></extensions></trkpt>
      <trkpt lon="-76.446919" lat="39.342464"><ele>23.663397</ele><time>2023-07-23T23:13:30Z</time><extensions><speed>0.283707</speed><course>88.031745</course><hAcc>1.702696</hAcc><vAcc>0.826532</vAcc></extensions></trkpt>
      <trkpt lon="-76.446916" lat="39.342464"><ele>23.627815</ele><time>2023-07-23T23:13:31Z</time><extensions><speed>0.198782</speed><course>98.577172</course><hAcc>1.719289</hAcc><vAcc>0.826551</vAcc></extensions></trkpt>
      <trkpt lon="-76.446914" lat="39.342464"><ele>23.593998</ele><time>2023-07-23T23:13:32Z</time><extensions><speed>0.127274</speed><course>121.766256</course><hAcc>1.734225</hAcc><vAcc>0.826567</vAcc></extensions></trkpt>
      <trkpt lon="-76.446913" lat="39.342463"><ele>23.565675</ele><time>2023-07-23T23:13:33Z</time><extensions><speed>0.098199</speed><course>161.428118</course><hAcc>1.746302</hAcc><vAcc>0.826582</vAcc></extensions></trkpt>
      <trkpt lon="-76.446914" lat="39.342462"><ele>23.535394</ele><time>2023-07-23T23:13:34Z</time><extensions><speed>0.112731</speed><course>199.627859</course><hAcc>1.751908</hAcc><vAcc>0.826595</vAcc></extensions></trkpt>
      <trkpt lon="-76.446915" lat="39.342461"><ele>23.504477</ele><time>2023-07-23T23:13:35Z</time><extensions><speed>0.165889</speed><course>230.180664</course><hAcc>1.747362</hAcc><vAcc>0.826610</vAcc></extensions></trkpt>
      <trkpt lon="-76.446917" lat="39.342460"><ele>23.474592</ele><time>2023-07-23T23:13:36Z</time><extensions><speed>0.284722</speed><course>250.702899</course><hAcc>1.734520</hAcc><vAcc>0.826629</vAcc></extensions></trkpt>
      <trkpt lon="-76.446920" lat="39.342460"><ele>23.444383</ele><time>2023-07-23T23:13:37Z</time><extensions><speed>0.307724</speed><course>254.335806</course><hAcc>1.741198</hAcc><vAcc>0.826648</vAcc></extensions></trkpt>
      <trkpt lon="-76.446924" lat="39.342459"><ele>23.413205</ele><time>2023-07-23T23:13:38Z</time><extensions><speed>0.287622</speed><course>261.491867</course><hAcc>1.734483</hAcc><vAcc>0.826652</vAcc></extensions></trkpt>
      <trkpt lon="-76.446926" lat="39.342459"><ele>23.384218</ele><time>2023-07-23T23:13:39Z</time><extensions><speed>0.156241</speed><course>273.439576</course><hAcc>1.741741</hAcc><vAcc>0.826654</vAcc></extensions></trkpt>
      <trkpt lon="-76.446928" lat="39.342459"><ele>23.353660</ele><time>2023-07-23T23:13:40Z</time><extensions><speed>0.147020</speed><course>282.373310</course><hAcc>1.735948</hAcc><vAcc>0.826653</vAcc></extensions></trkpt>
      <trkpt lon="-76.446930" lat="39.342459"><ele>23.326498</ele><time>2023-07-23T23:13:41Z</time><extensions><speed>0.179379</speed><course>285.909861</course><hAcc>1.734955</hAcc><vAcc>0.826649</vAcc></extensions></trkpt>
      <trkpt lon="-76.446932" lat="39.342460"><ele>23.299078</ele><time>2023-07-23T23:13:42Z</time><extensions><speed>0.242972</speed><course>288.353544</course><hAcc>1.739120</hAcc><vAcc>0.826636</vAcc></extensions></trkpt>
      <trkpt lon="-76.446935" lat="39.342461"><ele>23.270420</ele><time>2023-07-23T23:13:43Z</time><extensions><speed>0.339375</speed><course>288.622459</course><hAcc>1.737439</hAcc><vAcc>0.826627</vAcc></extensions></trkpt>
      <trkpt lon="-76.446940" lat="39.342462"><ele>23.238799</ele><time>2023-07-23T23:13:44Z</time><extensions><speed>0.490933</speed><course>288.169506</course><hAcc>1.723612</hAcc><vAcc>0.826625</vAcc></extensions></trkpt>
      <trkpt lon="-76.446945" lat="39.342463"><ele>23.212064</ele><time>2023-07-23T23:13:45Z</time><extensions><speed>0.460710</speed><course>282.718097</course><hAcc>1.731735</hAcc><vAcc>0.826631</vAcc></extensions></trkpt>
      <trkpt lon="-76.446950" lat="39.342464"><ele>23.190591</ele><time>2023-07-23T23:13:46Z</time><extensions><speed>0.310218</speed><course>274.995867</course><hAcc>1.742718</hAcc><vAcc>0.826655</vAcc></extensions></trkpt>
      <trkpt lon="-76.446953" lat="39.342464"><ele>23.172261</ele><time>2023-07-23T23:13:47Z</time><extensions><speed>0.228903</speed><course>265.527758</course><hAcc>1.746296</hAcc><vAcc>0.826682</vAcc></extensions></trkpt>
      <trkpt lon="-76.446955" lat="39.342463"><ele>23.152082</ele><time>2023-07-23T23:13:48Z</time><extensions><speed>0.195682</speed><course>257.982833</course><hAcc>1.747389</hAcc><vAcc>0.826706</vAcc></extensions></trkpt>
      <trkpt lon="-76.446958" lat="39.342463"><ele>23.133926</ele><time>2023-07-23T23:13:49Z</time><extensions><speed>0.195985</speed><course>253.160769</course><hAcc>1.741200</hAcc><vAcc>0.826733</vAcc></extensions></trkpt>
      <trkpt lon="-76.446960" lat="39.342462"><ele>23.129039</ele><time>2023-07-23T23:13:50Z</time><extensions><speed>0.193318</speed><course>250.885687</course><hAcc>1.738079</hAcc><vAcc>0.826777</vAcc></extensions></trkpt>
      <trkpt lon="-76.446962" lat="39.342462"><ele>23.126754</ele><time>2023-07-23T23:13:51Z</time><extensions><speed>0.175082</speed><course>249.411741</course><hAcc>1.738502</hAcc><vAcc>0.826832</vAcc></extensions></trkpt>
      <trkpt lon="-76.446963" lat="39.342461"><ele>23.125622</ele><time>2023-07-23T23:13:52Z</time><extensions><speed>0.148829</speed><course>245.966019</course><hAcc>1.739791</hAcc><vAcc>0.826884</vAcc></extensions></trkpt>
      <trkpt lon="-76.446965" lat="39.342461"><ele>23.108758</ele><time>2023-07-23T23:13:53Z</time><extensions><speed>0.132280</speed><course>242.863663</course><hAcc>1.739842</hAcc><vAcc>0.826931</vAcc></extensions></trkpt>
      <trkpt lon="-76.446966" lat="39.342460"><ele>23.096038</ele><time>2023-07-23T23:13:54Z</time><extensions><speed>0.133422</speed><course>244.873983</course><hAcc>1.739904</hAcc><vAcc>0.826978</vAcc></extensions></trkpt>
      <trkpt lon="-76.446968" lat="39.342460"><ele>23.114121</ele><time>2023-07-23T23:13:55Z</time><extensions><speed>0.158401</speed><course>252.198570</course><hAcc>1.739215</hAcc><vAcc>0.827017</vAcc></extensions></trkpt>
      <trkpt lon="-76.446970" lat="39.342459"><ele>23.127893</ele><time>2023-07-23T23:13:56Z</time><extensions><speed>0.213194</speed><course>260.742147</course><hAcc>1.737728</hAcc><vAcc>0.827053</vAcc></extensions></trkpt>
      <trkpt lon="-76.446973" lat="39.342459"><ele>23.124690</ele><time>2023-07-23T23:13:57Z</time><extensions><speed>0.316461</speed><course>268.095804</course><hAcc>1.734943</hAcc><vAcc>0.827084</vAcc></extensions></trkpt>
      <trkpt lon="-76.446978" lat="39.342459"><ele>23.111237</ele><time>2023-07-23T23:13:58Z</time><extensions><speed>0.497424</speed><course>274.243524</course><hAcc>1.729899</hAcc><vAcc>0.827097</vAcc></extensions></trkpt>
      <trkpt lon="-76.446985" lat="39.342460"><ele>23.126588</ele><time>2023-07-23T23:13:59Z</time><extensions><speed>0.817580</speed><course>279.404787</course><hAcc>1.725119</hAcc><vAcc>0.827099</vAcc></extensions></trkpt>
      <trkpt lon="-76.446996" lat="39.342462"><ele>23.143842</ele><time>2023-07-23T23:14:00Z</time><extensions><speed>1.023760</speed><course>280.506215</course><hAcc>1.722871</hAcc><vAcc>0.827095</vAcc></extensions></trkpt>
      <trkpt lon="-76.447008" lat="39.342464"><ele>23.131823</ele><time>2023-07-23T23:14:01Z</time><extensions><speed>1.209737</speed><course>281.769528</course><hAcc>1.715403</hAcc><vAcc>0.827077</vAcc></extensions></trkpt>
      <trkpt lon="-76.447022" lat="39.342467"><ele>23.110263</ele><time>2023-07-23T23:14:02Z</time><extensions><speed>1.197161</speed><course>288.565958</course><hAcc>1.705298</hAcc><vAcc>0.827050</vAcc></extensions></trkpt>
      <trkpt lon="-76.447034" lat="39.342471"><ele>23.072875</ele><time>2023-07-23T23:14:03Z</time><extensions><speed>1.068932</speed><course>299.891685</course><hAcc>1.694934</hAcc><vAcc>0.827002</vAcc></extensions></trkpt>
      <trkpt lon="-76.447044" lat="39.342476"><ele>23.081808</ele><time>2023-07-23T23:14:04Z</time><extensions><speed>0.982092</speed><course>309.644934</course><hAcc>1.685139</hAcc><vAcc>0.826950</vAcc></extensions></trkpt>
      <trkpt lon="-76.447051" lat="39.342482"><ele>23.091051</ele><time>2023-07-23T23:14:05Z</time><extensions><speed>0.817528</speed><course>323.662612</course><hAcc>1.679042</hAcc><vAcc>0.826893</vAcc></extensions></trkpt>
      <trkpt lon="-76.447055" lat="39.342488"><ele>23.094749</ele><time>2023-07-23T23:14:06Z</time><extensions><speed>0.736114</speed><course>343.589508</course><hAcc>1.671963</hAcc><vAcc>0.826832</vAcc></extensions></trkpt>
      <trkpt lon="-76.447056" lat="39.342495"><ele>23.088180</ele><time>2023-07-23T23:14:07Z</time><extensions><speed>0.837221</speed><course>10.213683</course><hAcc>1.671184</hAcc><vAcc>0.826772</vAcc></extensions></trkpt>
      <trkpt lon="-76.447052" lat="39.342503"><ele>23.086376</ele><time>2023-07-23T23:14:08Z</time><extensions><speed>1.186005</speed><course>20.359586</course><hAcc>1.662919</hAcc><vAcc>0.826715</vAcc></extensions></trkpt>
      <trkpt lon="-76.447048" lat="39.342514"><ele>23.086683</ele><time>2023-07-23T23:14:09Z</time><extensions><speed>1.261326</speed><course>17.437809</course><hAcc>1.653355</hAcc><vAcc>0.826670</vAcc></extensions></trkpt>
      <trkpt lon="-76.447045" lat="39.342524"><ele>23.086641</ele><time>2023-07-23T23:14:10Z</time><extensions><speed>1.170757</speed><course>6.168871</course><hAcc>1.649879</hAcc><vAcc>0.826645</vAcc></extensions></trkpt>
      <trkpt lon="-76.447046" lat="39.342534"><ele>23.085043</ele><time>2023-07-23T23:14:11Z</time><extensions><speed>0.960279</speed><course>344.022163</course><hAcc>1.651163</hAcc><vAcc>0.826636</vAcc></extensions></trkpt>
      <trkpt lon="-76.447051" lat="39.342541"><ele>23.083490</ele><time>2023-07-23T23:14:12Z</time><extensions><speed>0.932872</speed><course>317.308584</course><hAcc>1.651487</hAcc><vAcc>0.826643</vAcc></extensions></trkpt>
      <trkpt lon="-76.447060" lat="39.342545"><ele>23.092783</ele><time>2023-07-23T23:14:13Z</time><extensions><speed>0.988655</speed><course>291.973505</course><hAcc>1.657929</hAcc><vAcc>0.826663</vAcc></extensions></trkpt>
      <trkpt lon="-76.447073" lat="39.342546"><ele>23.105635</ele><time>2023-07-23T23:14:14Z</time><extensions><speed>1.266125</speed><course>258.850500</course><hAcc>1.675672</hAcc><vAcc>0.826688</vAcc></extensions></trkpt>
      <trkpt lon="-76.447089" lat="39.342543"><ele>23.120856</ele><time>2023-07-23T23:14:15Z</time><extensions><speed>1.654763</speed><course>259.020368</course><hAcc>1.665612</hAcc><vAcc>0.826711</vAcc></extensions></trkpt>
      <trkpt lon="-76.447108" lat="39.342540"><ele>23.142582</ele><time>2023-07-23T23:14:16Z</time><extensions><speed>1.707565</speed><course>256.643599</course><hAcc>1.662696</hAcc><vAcc>0.826733</vAcc></extensions></trkpt>
      <trkpt lon="-76.447127" lat="39.342536"><ele>23.163618</ele><time>2023-07-23T23:14:17Z</time><extensions><speed>1.656383</speed><course>252.382279</course><hAcc>1.669906</hAcc><vAcc>0.826754</vAcc></extensions></trkpt>
      <trkpt lon="-76.447145" lat="39.342531"><ele>23.179319</ele><time>2023-07-23T23:14:18Z</time><extensions><speed>1.575166</speed><course>248.068907</course><hAcc>1.676734</hAcc><vAcc>0.826770</vAcc></extensions></trkpt>
      <trkpt lon="-76.447161" lat="39.342526"><ele>23.183727</ele><time>2023-07-23T23:14:19Z</time><extensions><speed>1.474604</speed><course>242.627127</course><hAcc>1.679738</hAcc><vAcc>0.826783</vAcc></extensions></trkpt>
      <trkpt lon="-76.447175" lat="39.342519"><ele>23.163434</ele><time>2023-07-23T23:14:20Z</time><extensions><speed>1.362354</speed><course>236.147567</course><hAcc>1.679530</hAcc><vAcc>0.826789</vAcc></extensions></trkpt>
      <trkpt lon="-76.447187" lat="39.342512"><ele>23.130718</ele><time>2023-07-23T23:14:21Z</time><extensions><speed>1.293437</speed><course>229.443841</course><hAcc>1.677261</hAcc><vAcc>0.826794</vAcc></extensions></trkpt>
      <trkpt lon="-76.447198" lat="39.342504"><ele>23.088722</ele><time>2023-07-23T23:14:22Z</time><extensions><speed>1.255820</speed><course>222.148676</course><hAcc>1.675896</hAcc><vAcc>0.826806</vAcc></extensions></trkpt>
      <trkpt lon="-76.447207" lat="39.342495"><ele>23.042037</ele><time>2023-07-23T23:14:23Z</time><extensions><speed>1.263494</speed><course>216.471774</course><hAcc>1.675364</hAcc><vAcc>0.826818</vAcc></extensions></trkpt>
      <trkpt lon="-76.447216" lat="39.342486"><ele>22.991895</ele><time>2023-07-23T23:14:24Z</time><extensions><speed>1.258895</speed><course>215.178982</course><hAcc>1.674699</hAcc><vAcc>0.826838</vAcc></extensions></trkpt>
      <trkpt lon="-76.447224" lat="39.342477"><ele>22.938150</ele><time>2023-07-23T23:14:25Z</time><extensions><speed>1.203299</speed><course>219.621999</course><hAcc>1.675238</hAcc><vAcc>0.826868</vAcc></extensions></trkpt>
      <trkpt lon="-76.447234" lat="39.342470"><ele>22.890080</ele><time>2023-07-23T23:14:26Z</time><extensions><speed>1.154560</speed><course>230.075908</course><hAcc>1.678144</hAcc><vAcc>0.826911</vAcc></extensions></trkpt>
      <trkpt lon="-76.447245" lat="39.342464"><ele>22.831033</ele><time>2023-07-23T23:14:27Z</time><extensions><speed>1.162137</speed><course>242.095781</course><hAcc>1.682337</hAcc><vAcc>0.826966</vAcc></extensions></trkpt>
      <trkpt lon="-76.447258" lat="39.342460"><ele>22.772675</ele><time>2023-07-23T23:14:28Z</time><extensions><speed>1.203515</speed><course>252.600760</course><hAcc>1.686256</hAcc><vAcc>0.827032</vAcc></extensions></trkpt>
      <trkpt lon="-76.447272" lat="39.342458"><ele>22.701430</ele><time>2023-07-23T23:14:29Z</time><extensions><speed>1.282805</speed><course>261.136765</course><hAcc>1.691043</hAcc><vAcc>0.827105</vAcc></extensions></trkpt>
      <trkpt lon="-76.447287" lat="39.342457"><ele>22.631866</ele><time>2023-07-23T23:14:30Z</time><extensions><speed>1.306702</speed><course>269.485239</course><hAcc>1.696321</hAcc><vAcc>0.827168</vAcc></extensions></trkpt>
      <trkpt lon="-76.447302" lat="39.342457"><ele>22.558971</ele><time>2023-07-23T23:14:31Z</time><extensions><speed>1.379896</speed><course>276.950028</course><hAcc>1.699842</hAcc><vAcc>0.827225</vAcc></extensions></trkpt>
      <trkpt lon="-76.447318" lat="39.342460"><ele>22.495810</ele><time>2023-07-23T23:14:32Z</time><extensions><speed>1.380031</speed><course>284.632571</course><hAcc>1.702745</hAcc><vAcc>0.827266</vAcc></extensions></trkpt>
      <trkpt lon="-76.447333" lat="39.342464"><ele>22.437121</ele><time>2023-07-23T23:14:33Z</time><extensions><speed>1.379976</speed><course>290.572062</course><hAcc>1.704801</hAcc><vAcc>0.827293</vAcc></extensions></trkpt>
      <trkpt lon="-76.447348" lat="39.342468"><ele>22.387709</ele><time>2023-07-23T23:14:34Z</time><extensions><speed>1.372654</speed><course>294.626818</course><hAcc>1.704358</hAcc><vAcc>0.827297</vAcc></extensions></trkpt>
      <trkpt lon="-76.447362" lat="39.342474"><ele>22.337091</ele><time>2023-07-23T23:14:35Z</time><extensions><speed>1.294622</speed><course>297.747891</course><hAcc>1.700939</hAcc><vAcc>0.827278</vAcc></extensions></trkpt>
      <trkpt lon="-76.447374" lat="39.342479"><ele>22.288106</ele><time>2023-07-23T23:14:36Z</time><extensions><speed>1.198420</speed><course>299.925506</course><hAcc>1.694795</hAcc><vAcc>0.827237</vAcc></extensions></trkpt>
      <trkpt lon="-76.447386" lat="39.342485"><ele>22.241303</ele><time>2023-07-23T23:14:37Z</time><extensions><speed>1.184556</speed><course>304.432558</course><hAcc>1.686602</hAcc><vAcc>0.827176</vAcc></extensions></trkpt>
      <trkpt lon="-76.447397" lat="39.342491"><ele>22.196574</ele><time>2023-07-23T23:14:38Z</time><extensions><speed>1.154066</speed><course>310.898126</course><hAcc>1.683453</hAcc><vAcc>0.827095</vAcc></extensions></trkpt>
      <trkpt lon="-76.447406" lat="39.342499"><ele>22.152926</ele><time>2023-07-23T23:14:39Z</time><extensions><speed>1.091255</speed><course>321.829131</course><hAcc>1.687168</hAcc><vAcc>0.826994</vAcc></extensions></trkpt>
      <trkpt lon="-76.447412" lat="39.342507"><ele>22.114798</ele><time>2023-07-23T23:14:40Z</time><extensions><speed>1.170216</speed><course>335.688379</course><hAcc>1.676237</hAcc><vAcc>0.826882</vAcc></extensions></trkpt>
      <trkpt lon="-76.447417" lat="39.342518"><ele>22.080586</ele><time>2023-07-23T23:14:41Z</time><extensions><speed>1.297561</speed><course>346.089633</course><hAcc>1.669454</hAcc><vAcc>0.826769</vAcc></extensions></trkpt>
      <trkpt lon="-76.447420" lat="39.342529"><ele>22.053578</ele><time>2023-07-23T23:14:42Z</time><extensions><speed>1.379416</speed><course>353.022286</course><hAcc>1.666588</hAcc><vAcc>0.826659</vAcc></extensions></trkpt>
      <trkpt lon="-76.447421" lat="39.342542"><ele>22.020846</ele><time>2023-07-23T23:14:43Z</time><extensions><speed>1.374166</speed><course>356.314546</course><hAcc>1.665935</hAcc><vAcc>0.826543</vAcc></extensions></trkpt>
      <trkpt lon="-76.447422" lat="39.342554"><ele>21.989027</ele><time>2023-07-23T23:14:44Z</time><extensions><speed>1.369631</speed><course>359.127323</course><hAcc>1.663810</hAcc><vAcc>0.826432</vAcc></extensions></trkpt>
      <trkpt lon="-76.447422" lat="39.342566"><ele>21.957409</ele><time>2023-07-23T23:14:45Z</time><extensions><speed>1.321966</speed><course>1.405983</course><hAcc>1.663047</hAcc><vAcc>0.826331</vAcc></extensions></trkpt>
      <trkpt lon="-76.447421" lat="39.342578"><ele>21.929597</ele><time>2023-07-23T23:14:46Z</time><extensions><speed>1.236002</speed><course>2.027751</course><hAcc>1.663160</hAcc><vAcc>0.826243</vAcc></extensions></trkpt>
      <trkpt lon="-76.447421" lat="39.342589"><ele>21.908288</ele><time>2023-07-23T23:14:47Z</time><extensions><speed>1.150865</speed><course>2.792287</course><hAcc>1.663171</hAcc><vAcc>0.826168</vAcc></extensions></trkpt>
      <trkpt lon="-76.447420" lat="39.342599"><ele>21.885726</ele><time>2023-07-23T23:14:48Z</time><extensions><speed>1.076223</speed><course>4.465780</course><hAcc>1.663239</hAcc><vAcc>0.826119</vAcc></extensions></trkpt>
      <trkpt lon="-76.447419" lat="39.342608"><ele>21.856020</ele><time>2023-07-23T23:14:49Z</time><extensions><speed>1.032618</speed><course>6.867904</course><hAcc>1.663383</hAcc><vAcc>0.826087</vAcc></extensions></trkpt>
      <trkpt lon="-76.447418" lat="39.342617"><ele>21.835549</ele><time>2023-07-23T23:14:50Z</time><extensions><speed>1.032803</speed><course>8.449257</course><hAcc>1.664402</hAcc><vAcc>0.826079</vAcc></extensions></trkpt>
      <trkpt lon="-76.447416" lat="39.342626"><ele>21.819283</ele><time>2023-07-23T23:14:51Z</time><extensions><speed>1.051084</speed><course>7.960677</course><hAcc>1.666665</hAcc><vAcc>0.826089</vAcc></extensions></trkpt>
      <trkpt lon="-76.447415" lat="39.342636"><ele>21.796642</ele><time>2023-07-23T23:14:52Z</time><extensions><speed>1.019712</speed><course>6.611051</course><hAcc>1.667616</hAcc><vAcc>0.826124</vAcc></extensions></trkpt>
      <trkpt lon="-76.447414" lat="39.342644"><ele>21.770344</ele><time>2023-07-23T23:14:53Z</time><extensions><speed>0.918866</speed><course>3.223892</course><hAcc>1.667502</hAcc><vAcc>0.826180</vAcc></extensions></trkpt>
      <trkpt lon="-76.447414" lat="39.342652"><ele>21.731490</ele><time>2023-07-23T23:14:54Z</time><extensions><speed>0.914324</speed><course>354.920925</course><hAcc>1.670068</hAcc><vAcc>0.826255</vAcc></extensions></trkpt>
      <trkpt lon="-76.447416" lat="39.342661"><ele>21.692291</ele><time>2023-07-23T23:14:55Z</time><extensions><speed>0.945787</speed><course>344.197156</course><hAcc>1.674434</hAcc><vAcc>0.826343</vAcc></extensions></trkpt>
      <trkpt lon="-76.447420" lat="39.342668"><ele>21.641367</ele><time>2023-07-23T23:14:56Z</time><extensions><speed>0.968810</speed><course>329.997709</course><hAcc>1.679552</hAcc><vAcc>0.826447</vAcc></extensions></trkpt>
      <trkpt lon="-76.447427" lat="39.342675"><ele>21.583787</ele><time>2023-07-23T23:14:57Z</time><extensions><speed>1.013738</speed><course>311.986143</course><hAcc>1.684327</hAcc><vAcc>0.826557</vAcc></extensions></trkpt>
      <trkpt lon="-76.447437" lat="39.342681"><ele>21.531795</ele><time>2023-07-23T23:14:58Z</time><extensions><speed>1.121402</speed><course>299.235677</course><hAcc>1.685438</hAcc><vAcc>0.826669</vAcc></extensions></trkpt>
      <trkpt lon="-76.447449" lat="39.342685"><ele>21.482100</ele><time>2023-07-23T23:14:59Z</time><extensions><speed>1.164903</speed><course>291.112488</course><hAcc>1.688602</hAcc><vAcc>0.826773</vAcc></extensions></trkpt>
      <trkpt lon="-76.447462" lat="39.342688"><ele>21.437227</ele><time>2023-07-23T23:15:00Z</time><extensions><speed>1.156560</speed><course>284.471620</course><hAcc>1.694529</hAcc><vAcc>0.826871</vAcc></extensions></trkpt>
      <trkpt lon="-76.447476" lat="39.342690"><ele>21.392959</ele><time>2023-07-23T23:15:01Z</time><extensions><speed>1.203254</speed><course>278.336040</course><hAcc>1.699909</hAcc><vAcc>0.826953</vAcc></extensions></trkpt>
      <trkpt lon="-76.447490" lat="39.342691"><ele>21.343267</ele><time>2023-07-23T23:15:02Z</time><extensions><speed>1.217197</speed><course>272.412409</course><hAcc>1.704633</hAcc><vAcc>0.827013</vAcc></extensions></trkpt>
      <trkpt lon="-76.447503" lat="39.342691"><ele>21.295681</ele><time>2023-07-23T23:15:03Z</time><extensions><speed>1.162929</speed><course>269.037129</course><hAcc>1.705822</hAcc><vAcc>0.827043</vAcc></extensions></trkpt>
      <trkpt lon="-76.447516" lat="39.342691"><ele>21.255248</ele><time>2023-07-23T23:15:04Z</time><extensions><speed>1.083031</speed><course>268.481298</course><hAcc>1.707160</hAcc><vAcc>0.827054</vAcc></extensions></trkpt>
      <trkpt lon="-76.447529" lat="39.342691"><ele>21.220213</ele><time>2023-07-23T23:15:05Z</time><extensions><speed>1.096754</speed><course>269.426450</course><hAcc>1.705931</hAcc><vAcc>0.827043</vAcc></extensions></trkpt>
      <trkpt lon="-76.447542" lat="39.342691"><ele>21.199222</ele><time>2023-07-23T23:15:06Z</time><extensions><speed>1.095214</speed><course>269.749158</course><hAcc>1.703378</hAcc><vAcc>0.827015</vAcc></extensions></trkpt>
      <trkpt lon="-76.447555" lat="39.342691"><ele>21.180321</ele><time>2023-07-23T23:15:07Z</time><extensions><speed>1.135428</speed><course>267.944339</course><hAcc>1.698418</hAcc><vAcc>0.826980</vAcc></extensions></trkpt>
      <trkpt lon="-76.447568" lat="39.342690"><ele>21.165332</ele><time>2023-07-23T23:15:08Z</time><extensions><speed>1.175406</speed><course>264.495904</course><hAcc>1.689314</hAcc><vAcc>0.826941</vAcc></extensions></trkpt>
      <trkpt lon="-76.447582" lat="39.342689"><ele>21.148742</ele><time>2023-07-23T23:15:09Z</time><extensions><speed>1.150975</speed><course>261.151732</course><hAcc>1.680422</hAcc><vAcc>0.826906</vAcc></extensions></trkpt>
      <trkpt lon="-76.447594" lat="39.342687"><ele>21.137033</ele><time>2023-07-23T23:15:10Z</time><extensions><speed>1.105627</speed><course>259.326693</course><hAcc>1.683171</hAcc><vAcc>0.826884</vAcc></extensions></trkpt>
      <trkpt lon="-76.447607" lat="39.342685"><ele>21.123749</ele><time>2023-07-23T23:15:11Z</time><extensions><speed>1.053599</speed><course>260.870371</course><hAcc>1.696396</hAcc><vAcc>0.826864</vAcc></extensions></trkpt>
      <trkpt lon="-76.447619" lat="39.342684"><ele>21.112708</ele><time>2023-07-23T23:15:12Z</time><extensions><speed>1.049754</speed><course>263.667839</course><hAcc>1.690857</hAcc><vAcc>0.826853</vAcc></extensions></trkpt>
      <trkpt lon="-76.447631" lat="39.342683"><ele>21.102617</ele><time>2023-07-23T23:15:13Z</time><extensions><speed>1.020390</speed><course>265.890004</course><hAcc>1.676836</hAcc><vAcc>0.826859</vAcc></extensions></trkpt>
      <trkpt lon="-76.447643" lat="39.342682"><ele>21.103762</ele><time>2023-07-23T23:15:14Z</time><extensions><speed>1.053817</speed><course>265.706747</course><hAcc>1.674354</hAcc><vAcc>0.826877</vAcc></extensions></trkpt>
      <trkpt lon="-76.447655" lat="39.342681"><ele>21.104096</ele><time>2023-07-23T23:15:15Z</time><extensions><speed>1.028480</speed><course>263.089056</course><hAcc>1.679883</hAcc><vAcc>0.826917</vAcc></extensions></trkpt>
      <trkpt lon="-76.447667" lat="39.342680"><ele>21.104838</ele><time>2023-07-23T23:15:16Z</time><extensions><speed>1.016853</speed><course>259.488194</course><hAcc>1.688759</hAcc><vAcc>0.826973</vAcc></extensions></trkpt>
      <trkpt lon="-76.447678" lat="39.342678"><ele>21.109122</ele><time>2023-07-23T23:15:17Z</time><extensions><speed>0.941711</speed><course>257.841052</course><hAcc>1.695204</hAcc><vAcc>0.827050</vAcc></extensions></trkpt>
      <trkpt lon="-76.447689" lat="39.342676"><ele>21.115413</ele><time>2023-07-23T23:15:18Z</time><extensions><speed>0.993142</speed><course>254.968015</course><hAcc>1.686633</hAcc><vAcc>0.827143</vAcc></extensions></trkpt>
      <trkpt lon="-76.447699" lat="39.342674"><ele>21.121665</ele><time>2023-07-23T23:15:19Z</time><extensions><speed>0.964313</speed><course>250.912262</course><hAcc>1.686639</hAcc><vAcc>0.827243</vAcc></extensions></trkpt>
      <trkpt lon="-76.447710" lat="39.342671"><ele>21.129249</ele><time>2023-07-23T23:15:20Z</time><extensions><speed>0.893790</speed><course>248.172510</course><hAcc>1.693461</hAcc><vAcc>0.827365</vAcc></extensions></trkpt>
      <trkpt lon="-76.447719" lat="39.342668"><ele>21.141431</ele><time>2023-07-23T23:15:21Z</time><extensions><speed>0.923638</speed><course>248.268282</course><hAcc>1.678827</hAcc><vAcc>0.827484</vAcc></extensions></trkpt>
      <trkpt lon="-76.447729" lat="39.342665"><ele>21.156283</ele><time>2023-07-23T23:15:22Z</time><extensions><speed>0.932712</speed><course>249.497236</course><hAcc>1.665114</hAcc><vAcc>0.827604</vAcc></extensions></trkpt>
      <trkpt lon="-76.447739" lat="39.342662"><ele>21.182084</ele><time>2023-07-23T23:15:23Z</time><extensions><speed>0.901118</speed><course>250.748274</course><hAcc>1.656390</hAcc><vAcc>0.827722</vAcc></extensions></trkpt>
      <trkpt lon="-76.447749" lat="39.342659"><ele>21.206980</ele><time>2023-07-23T23:15:24Z</time><extensions><speed>0.877143</speed><course>250.676162</course><hAcc>1.658377</hAcc><vAcc>0.827836</vAcc></extensions></trkpt>
      <trkpt lon="-76.447758" lat="39.342657"><ele>21.233054</ele><time>2023-07-23T23:15:25Z</time><extensions><speed>0.815265</speed><course>251.526493</course><hAcc>1.671850</hAcc><vAcc>0.827933</vAcc></extensions></trkpt>
      <trkpt lon="-76.447767" lat="39.342654"><ele>21.258174</ele><time>2023-07-23T23:15:26Z</time><extensions><speed>0.786082</speed><course>250.650485</course><hAcc>1.641228</hAcc><vAcc>0.827998</vAcc></extensions></trkpt>
      <trkpt lon="-76.447776" lat="39.342652"><ele>21.288833</ele><time>2023-07-23T23:15:27Z</time><extensions><speed>0.773082</speed><course>251.641993</course><hAcc>1.635221</hAcc><vAcc>0.828038</vAcc></extensions></trkpt>
      <trkpt lon="-76.447784" lat="39.342650"><ele>21.319328</ele><time>2023-07-23T23:15:28Z</time><extensions><speed>0.754115</speed><course>252.768971</course><hAcc>1.653241</hAcc><vAcc>0.828057</vAcc></extensions></trkpt>
      <trkpt lon="-76.447792" lat="39.342648"><ele>21.346512</ele><time>2023-07-23T23:15:29Z</time><extensions><speed>0.743156</speed><course>254.250671</course><hAcc>1.648556</hAcc><vAcc>0.828056</vAcc></extensions></trkpt>
      <trkpt lon="-76.447801" lat="39.342646"><ele>21.384622</ele><time>2023-07-23T23:15:30Z</time><extensions><speed>0.730827</speed><course>255.330274</course><hAcc>1.668525</hAcc><vAcc>0.828034</vAcc></extensions></trkpt>
      <trkpt lon="-76.447809" lat="39.342645"><ele>21.423380</ele><time>2023-07-23T23:15:31Z</time><extensions><speed>0.721706</speed><course>254.302819</course><hAcc>1.660741</hAcc><vAcc>0.827989</vAcc></extensions></trkpt>
      <trkpt lon="-76.447817" lat="39.342643"><ele>21.459385</ele><time>2023-07-23T23:15:32Z</time><extensions><speed>0.675782</speed><course>253.135221</course><hAcc>1.667718</hAcc><vAcc>0.827928</vAcc></extensions></trkpt>
      <trkpt lon="-76.447824" lat="39.342641"><ele>21.489432</ele><time>2023-07-23T23:15:33Z</time><extensions><speed>0.591676</speed><course>252.899238</course><hAcc>1.685015</hAcc><vAcc>0.827864</vAcc></extensions></trkpt>
      <trkpt lon="-76.447829" lat="39.342640"><ele>21.508818</ele><time>2023-07-23T23:15:34Z</time><extensions><speed>0.435744</speed><course>251.403420</course><hAcc>1.700119</hAcc><vAcc>0.827785</vAcc></extensions></trkpt>
      <trkpt lon="-76.447833" lat="39.342639"><ele>21.526519</ele><time>2023-07-23T23:15:35Z</time><extensions><speed>0.264664</speed><course>247.953239</course><hAcc>1.705819</hAcc><vAcc>0.827704</vAcc></extensions></trkpt>
      <trkpt lon="-76.447836" lat="39.342638"><ele>21.534604</ele><time>2023-07-23T23:15:36Z</time><extensions><speed>0.291751</speed><course>244.590682</course><hAcc>1.705244</hAcc><vAcc>0.827630</vAcc></extensions></trkpt>
      <trkpt lon="-76.447840" lat="39.342636"><ele>21.543684</ele><time>2023-07-23T23:15:37Z</time><extensions><speed>0.450456</speed><course>244.275051</course><hAcc>1.706523</hAcc><vAcc>0.827564</vAcc></extensions></trkpt>
      <trkpt lon="-76.447846" lat="39.342634"><ele>21.554508</ele><time>2023-07-23T23:15:38Z</time><extensions><speed>0.759532</speed><course>245.230793</course><hAcc>1.710853</hAcc><vAcc>0.827510</vAcc></extensions></trkpt>
      <trkpt lon="-76.447856" lat="39.342631"><ele>21.565623</ele><time>2023-07-23T23:15:39Z</time><extensions><speed>0.937754</speed><course>246.497864</course><hAcc>1.710237</hAcc><vAcc>0.827469</vAcc></extensions></trkpt>
      <trkpt lon="-76.447866" lat="39.342627"><ele>21.575227</ele><time>2023-07-23T23:15:40Z</time><extensions><speed>1.055818</speed><course>246.472738</course><hAcc>1.705382</hAcc><vAcc>0.827438</vAcc></extensions></trkpt>
      <trkpt lon="-76.447878" lat="39.342623"><ele>21.574643</ele><time>2023-07-23T23:15:41Z</time><extensions><speed>1.112258</speed><course>247.544262</course><hAcc>1.699787</hAcc><vAcc>0.827420</vAcc></extensions></trkpt>
      <trkpt lon="-76.447890" lat="39.342619"><ele>21.570006</ele><time>2023-07-23T23:15:42Z</time><extensions><speed>1.128104</speed><course>248.547009</course><hAcc>1.698672</hAcc><vAcc>0.827404</vAcc></extensions></trkpt>
      <trkpt lon="-76.447902" lat="39.342616"><ele>21.566774</ele><time>2023-07-23T23:15:43Z</time><extensions><speed>1.125102</speed><course>250.678671</course><hAcc>1.700983</hAcc><vAcc>0.827390</vAcc></extensions></trkpt>
      <trkpt lon="-76.447915" lat="39.342613"><ele>21.555613</ele><time>2023-07-23T23:15:44Z</time><extensions><speed>1.142773</speed><course>253.802484</course><hAcc>1.695481</hAcc><vAcc>0.827378</vAcc></extensions></trkpt>
      <trkpt lon="-76.447927" lat="39.342610"><ele>21.537876</ele><time>2023-07-23T23:15:45Z</time><extensions><speed>1.150364</speed><course>254.940303</course><hAcc>1.693163</hAcc><vAcc>0.827361</vAcc></extensions></trkpt>
      <trkpt lon="-76.447940" lat="39.342607"><ele>21.512198</ele><time>2023-07-23T23:15:46Z</time><extensions><speed>1.135360</speed><course>254.211773</course><hAcc>1.694113</hAcc><vAcc>0.827342</vAcc></extensions></trkpt>
      <trkpt lon="-76.447953" lat="39.342604"><ele>21.477295</ele><time>2023-07-23T23:15:47Z</time><extensions><speed>1.142541</speed><course>251.852525</course><hAcc>1.695786</hAcc><vAcc>0.827325</vAcc></extensions></trkpt>
      <trkpt lon="-76.447965" lat="39.342601"><ele>21.428403</ele><time>2023-07-23T23:15:48Z</time><extensions><speed>1.142218</speed><course>250.485899</course><hAcc>1.695926</hAcc><vAcc>0.827305</vAcc></extensions></trkpt>
      <trkpt lon="-76.447977" lat="39.342598"><ele>21.377471</ele><time>2023-07-23T23:15:49Z</time><extensions><speed>1.087024</speed><course>250.609715</course><hAcc>1.694804</hAcc><vAcc>0.827286</vAcc></extensions></trkpt>
      <trkpt lon="-76.447989" lat="39.342595"><ele>21.329557</ele><time>2023-07-23T23:15:50Z</time><extensions><speed>1.039155</speed><course>252.030287</course><hAcc>1.695384</hAcc><vAcc>0.827268</vAcc></extensions></trkpt>
      <trkpt lon="-76.448000" lat="39.342592"><ele>21.282184</ele><time>2023-07-23T23:15:51Z</time><extensions><speed>0.993576</speed><course>252.990854</course><hAcc>1.698316</hAcc><vAcc>0.827266</vAcc></extensions></trkpt>
      <trkpt lon="-76.448011" lat="39.342589"><ele>21.235300</ele><time>2023-07-23T23:15:52Z</time><extensions><speed>0.940356</speed><course>252.308947</course><hAcc>1.693890</hAcc><vAcc>0.827264</vAcc></extensions></trkpt>
      <trkpt lon="-76.448021" lat="39.342587"><ele>21.186231</ele><time>2023-07-23T23:15:53Z</time><extensions><speed>0.912532</speed><course>251.014616</course><hAcc>1.692185</hAcc><vAcc>0.827269</vAcc></extensions></trkpt>
      <trkpt lon="-76.448031" lat="39.342584"><ele>21.139543</ele><time>2023-07-23T23:15:54Z</time><extensions><speed>0.923974</speed><course>248.997937</course><hAcc>1.692461</hAcc><vAcc>0.827276</vAcc></extensions></trkpt>
      <trkpt lon="-76.448041" lat="39.342581"><ele>21.092790</ele><time>2023-07-23T23:15:55Z</time><extensions><speed>0.928270</speed><course>247.271045</course><hAcc>1.692068</hAcc><vAcc>0.827287</vAcc></extensions></trkpt>
      <trkpt lon="-76.448051" lat="39.342577"><ele>21.051383</ele><time>2023-07-23T23:15:56Z</time><extensions><speed>0.960639</speed><course>246.951327</course><hAcc>1.688977</hAcc><vAcc>0.827302</vAcc></extensions></trkpt>
      <trkpt lon="-76.448062" lat="39.342574"><ele>21.013594</ele><time>2023-07-23T23:15:57Z</time><extensions><speed>0.977434</speed><course>247.006257</course><hAcc>1.683566</hAcc><vAcc>0.827320</vAcc></extensions></trkpt>
      <trkpt lon="-76.448072" lat="39.342571"><ele>20.979405</ele><time>2023-07-23T23:15:58Z</time><extensions><speed>0.966054</speed><course>248.502238</course><hAcc>1.674285</hAcc><vAcc>0.827347</vAcc></extensions></trkpt>
      <trkpt lon="-76.448083" lat="39.342568"><ele>20.952284</ele><time>2023-07-23T23:15:59Z</time><extensions><speed>0.952352</speed><course>251.181576</course><hAcc>1.665833</hAcc><vAcc>0.827372</vAcc></extensions></trkpt>
      <trkpt lon="-76.448093" lat="39.342565"><ele>20.937784</ele><time>2023-07-23T23:16:00Z</time><extensions><speed>0.929489</speed><course>252.430652</course><hAcc>1.674407</hAcc><vAcc>0.827395</vAcc></extensions></trkpt>
      <trkpt lon="-76.448103" lat="39.342563"><ele>20.931497</ele><time>2023-07-23T23:16:01Z</time><extensions><speed>0.936106</speed><course>253.454867</course><hAcc>1.699796</hAcc><vAcc>0.827413</vAcc></extensions></trkpt>
      <trkpt lon="-76.448113" lat="39.342560"><ele>20.927187</ele><time>2023-07-23T23:16:02Z</time><extensions><speed>0.921463</speed><course>253.091206</course><hAcc>1.675776</hAcc><vAcc>0.827426</vAcc></extensions></trkpt>
      <trkpt lon="-76.448124" lat="39.342558"><ele>20.930810</ele><time>2023-07-23T23:16:03Z</time><extensions><speed>0.911964</speed><course>253.140759</course><hAcc>1.667837</hAcc><vAcc>0.827452</vAcc></extensions></trkpt>
      <trkpt lon="-76.448134" lat="39.342555"><ele>20.942213</ele><time>2023-07-23T23:16:04Z</time><extensions><speed>0.894958</speed><course>252.492860</course><hAcc>1.674217</hAcc><vAcc>0.827463</vAcc></extensions></trkpt>
      <trkpt lon="-76.448143" lat="39.342553"><ele>20.955975</ele><time>2023-07-23T23:16:05Z</time><extensions><speed>0.871557</speed><course>250.859304</course><hAcc>1.683825</hAcc><vAcc>0.827473</vAcc></extensions></trkpt>
      <trkpt lon="-76.448153" lat="39.342550"><ele>20.965283</ele><time>2023-07-23T23:16:06Z</time><extensions><speed>0.871177</speed><course>250.339584</course><hAcc>1.689735</hAcc><vAcc>0.827490</vAcc></extensions></trkpt>
      <trkpt lon="-76.448162" lat="39.342548"><ele>20.983056</ele><time>2023-07-23T23:16:07Z</time><extensions><speed>0.859269</speed><course>251.061439</course><hAcc>1.691181</hAcc><vAcc>0.827507</vAcc></extensions></trkpt>
      <trkpt lon="-76.448172" lat="39.342545"><ele>21.002330</ele><time>2023-07-23T23:16:08Z</time><extensions><speed>0.809078</speed><course>250.379687</course><hAcc>1.689737</hAcc><vAcc>0.827523</vAcc></extensions></trkpt>
      <trkpt lon="-76.448180" lat="39.342543"><ele>21.024963</ele><time>2023-07-23T23:16:09Z</time><extensions><speed>0.756801</speed><course>248.269783</course><hAcc>1.687334</hAcc><vAcc>0.827541</vAcc></extensions></trkpt>
      <trkpt lon="-76.448188" lat="39.342540"><ele>21.049389</ele><time>2023-07-23T23:16:10Z</time><extensions><speed>0.748218</speed><course>243.765153</course><hAcc>1.685738</hAcc><vAcc>0.827563</vAcc></extensions></trkpt>
      <trkpt lon="-76.448196" lat="39.342537"><ele>21.080422</ele><time>2023-07-23T23:16:11Z</time><extensions><speed>0.784226</speed><course>241.537921</course><hAcc>1.683628</hAcc><vAcc>0.827595</vAcc></extensions></trkpt>
      <trkpt lon="-76.448204" lat="39.342534"><ele>21.110742</ele><time>2023-07-23T23:16:12Z</time><extensions><speed>0.755899</speed><course>242.004852</course><hAcc>1.687790</hAcc><vAcc>0.827626</vAcc></extensions></trkpt>
      <trkpt lon="-76.448212" lat="39.342531"><ele>21.140518</ele><time>2023-07-23T23:16:13Z</time><extensions><speed>0.731069</speed><course>246.272229</course><hAcc>1.696434</hAcc><vAcc>0.827653</vAcc></extensions></trkpt>
      <trkpt lon="-76.448219" lat="39.342529"><ele>21.168587</ele><time>2023-07-23T23:16:14Z</time><extensions><speed>0.698771</speed><course>257.626206</course><hAcc>1.688769</hAcc><vAcc>0.827676</vAcc></extensions></trkpt>
      <trkpt lon="-76.448228" lat="39.342528"><ele>21.196665</ele><time>2023-07-23T23:16:15Z</time><extensions><speed>0.753299</speed><course>265.972994</course><hAcc>1.684842</hAcc><vAcc>0.827699</vAcc></extensions></trkpt>
      <trkpt lon="-76.448237" lat="39.342528"><ele>21.222467</ele><time>2023-07-23T23:16:16Z</time><extensions><speed>0.822727</speed><course>269.893756</course><hAcc>1.685928</hAcc><vAcc>0.827708</vAcc></extensions></trkpt>
      <trkpt lon="-76.448247" lat="39.342527"><ele>21.247282</ele><time>2023-07-23T23:16:17Z</time><extensions><speed>0.867907</speed><course>269.140105</course><hAcc>1.685812</hAcc><vAcc>0.827700</vAcc></extensions></trkpt>
      <trkpt lon="-76.448257" lat="39.342527"><ele>21.267528</ele><time>2023-07-23T23:16:18Z</time><extensions><speed>0.917250</speed><course>264.016617</course><hAcc>1.682948</hAcc><vAcc>0.827682</vAcc></extensions></trkpt>
      <trkpt lon="-76.448268" lat="39.342526"><ele>21.277245</ele><time>2023-07-23T23:16:19Z</time><extensions><speed>0.939740</speed><course>256.948096</course><hAcc>1.680900</hAcc><vAcc>0.827650</vAcc></extensions></trkpt>
      <trkpt lon="-76.448278" lat="39.342523"><ele>21.275924</ele><time>2023-07-23T23:16:20Z</time><extensions><speed>0.953737</speed><course>252.007197</course><hAcc>1.687447</hAcc><vAcc>0.827608</vAcc></extensions></trkpt>
      <trkpt lon="-76.448289" lat="39.342520"><ele>21.268214</ele><time>2023-07-23T23:16:21Z</time><extensions><speed>0.974709</speed><course>250.128434</course><hAcc>1.703005</hAcc><vAcc>0.827555</vAcc></extensions></trkpt>
      <trkpt lon="-76.448299" lat="39.342518"><ele>21.247116</ele><time>2023-07-23T23:16:22Z</time><extensions><speed>0.948363</speed><course>250.859931</course><hAcc>1.683460</hAcc><vAcc>0.827494</vAcc></extensions></trkpt>
      <trkpt lon="-76.448310" lat="39.342515"><ele>21.203362</ele><time>2023-07-23T23:16:23Z</time><extensions><speed>0.932642</speed><course>251.732780</course><hAcc>1.675494</hAcc><vAcc>0.827425</vAcc></extensions></trkpt>
      <trkpt lon="-76.448320" lat="39.342512"><ele>21.158166</ele><time>2023-07-23T23:16:24Z</time><extensions><speed>0.891736</speed><course>251.326237</course><hAcc>1.682374</hAcc><vAcc>0.827354</vAcc></extensions></trkpt>
      <trkpt lon="-76.448329" lat="39.342510"><ele>21.101178</ele><time>2023-07-23T23:16:25Z</time><extensions><speed>0.855487</speed><course>249.948979</course><hAcc>1.694338</hAcc><vAcc>0.827286</vAcc></extensions></trkpt>
      <trkpt lon="-76.448338" lat="39.342507"><ele>21.028333</ele><time>2023-07-23T23:16:26Z</time><extensions><speed>0.845267</speed><course>248.981137</course><hAcc>1.694553</hAcc><vAcc>0.827223</vAcc></extensions></trkpt>
      <trkpt lon="-76.448347" lat="39.342504"><ele>20.982882</ele><time>2023-07-23T23:16:27Z</time><extensions><speed>0.815857</speed><course>249.204233</course><hAcc>1.694490</hAcc><vAcc>0.827181</vAcc></extensions></trkpt>
      <trkpt lon="-76.448356" lat="39.342502"><ele>20.924064</ele><time>2023-07-23T23:16:28Z</time><extensions><speed>0.789831</speed><course>248.964166</course><hAcc>1.696119</hAcc><vAcc>0.827153</vAcc></extensions></trkpt>
      <trkpt lon="-76.448365" lat="39.342499"><ele>20.859603</ele><time>2023-07-23T23:16:29Z</time><extensions><speed>0.773326</speed><course>247.995442</course><hAcc>1.697286</hAcc><vAcc>0.827136</vAcc></extensions></trkpt>
      <trkpt lon="-76.448373" lat="39.342496"><ele>20.791590</ele><time>2023-07-23T23:16:30Z</time><extensions><speed>0.778435</speed><course>245.024762</course><hAcc>1.699495</hAcc><vAcc>0.827132</vAcc></extensions></trkpt>
      <trkpt lon="-76.448381" lat="39.342493"><ele>20.720860</ele><time>2023-07-23T23:16:31Z</time><extensions><speed>0.705948</speed><course>241.326952</course><hAcc>1.698740</hAcc><vAcc>0.827140</vAcc></extensions></trkpt>
      <trkpt lon="-76.448387" lat="39.342490"><ele>20.657467</ele><time>2023-07-23T23:16:32Z</time><extensions><speed>0.647870</speed><course>239.465095</course><hAcc>1.696665</hAcc><vAcc>0.827172</vAcc></extensions></trkpt>
      <trkpt lon="-76.448395" lat="39.342487"><ele>20.610902</ele><time>2023-07-23T23:16:33Z</time><extensions><speed>0.784667</speed><course>244.599315</course><hAcc>1.698930</hAcc><vAcc>0.827210</vAcc></extensions></trkpt>
      <trkpt lon="-76.448405" lat="39.342484"><ele>20.573197</ele><time>2023-07-23T23:16:34Z</time><extensions><speed>1.040482</speed><course>249.650414</course><hAcc>1.697221</hAcc><vAcc>0.827253</vAcc></extensions></trkpt>
      <trkpt lon="-76.448417" lat="39.342481"><ele>20.548211</ele><time>2023-07-23T23:16:35Z</time><extensions><speed>1.167370</speed><course>254.872532</course><hAcc>1.694359</hAcc><vAcc>0.827294</vAcc></extensions></trkpt>
      <trkpt lon="-76.448430" lat="39.342479"><ele>20.557769</ele><time>2023-07-23T23:16:36Z</time><extensions><speed>1.178185</speed><course>258.504376</course><hAcc>1.695212</hAcc><vAcc>0.827336</vAcc></extensions></trkpt>
      <trkpt lon="-76.448444" lat="39.342477"><ele>20.594144</ele><time>2023-07-23T23:16:37Z</time><extensions><speed>1.198595</speed><course>259.270702</course><hAcc>1.700124</hAcc><vAcc>0.827380</vAcc></extensions></trkpt>
      <trkpt lon="-76.448457" lat="39.342474"><ele>20.626987</ele><time>2023-07-23T23:16:38Z</time><extensions><speed>1.248603</speed><course>257.069998</course><hAcc>1.698441</hAcc><vAcc>0.827429</vAcc></extensions></trkpt>
      <trkpt lon="-76.448471" lat="39.342472"><ele>20.670801</ele><time>2023-07-23T23:16:39Z</time><extensions><speed>1.205398</speed><course>253.609367</course><hAcc>1.697118</hAcc><vAcc>0.827466</vAcc></extensions></trkpt>
      <trkpt lon="-76.448484" lat="39.342469"><ele>20.728091</ele><time>2023-07-23T23:16:40Z</time><extensions><speed>1.174957</speed><course>251.816232</course><hAcc>1.696648</hAcc><vAcc>0.827496</vAcc></extensions></trkpt>
      <trkpt lon="-76.448497" lat="39.342465"><ele>20.797860</ele><time>2023-07-23T23:16:41Z</time><extensions><speed>1.126086</speed><course>251.913754</course><hAcc>1.694643</hAcc><vAcc>0.827520</vAcc></extensions></trkpt>
      <trkpt lon="-76.448509" lat="39.342463"><ele>20.857985</ele><time>2023-07-23T23:16:42Z</time><extensions><speed>1.086628</speed><course>254.234659</course><hAcc>1.689441</hAcc><vAcc>0.827531</vAcc></extensions></trkpt>
      <trkpt lon="-76.448521" lat="39.342460"><ele>20.926759</ele><time>2023-07-23T23:16:43Z</time><extensions><speed>1.025051</speed><course>257.449505</course><hAcc>1.678036</hAcc><vAcc>0.827533</vAcc></extensions></trkpt>
      <trkpt lon="-76.448533" lat="39.342459"><ele>20.986574</ele><time>2023-07-23T23:16:44Z</time><extensions><speed>0.962785</speed><course>262.857388</course><hAcc>1.660136</hAcc><vAcc>0.827523</vAcc></extensions></trkpt>
      <trkpt lon="-76.448543" lat="39.342458"><ele>21.053470</ele><time>2023-07-23T23:16:45Z</time><extensions><speed>0.882696</speed><course>266.335989</course><hAcc>1.643655</hAcc><vAcc>0.827500</vAcc></extensions></trkpt>
      <trkpt lon="-76.448553" lat="39.342458"><ele>21.109943</ele><time>2023-07-23T23:16:46Z</time><extensions><speed>0.859562</speed><course>267.269128</course><hAcc>1.637787</hAcc><vAcc>0.827471</vAcc></extensions></trkpt>
      <trkpt lon="-76.448564" lat="39.342457"><ele>21.170546</ele><time>2023-07-23T23:16:47Z</time><extensions><speed>0.997842</speed><course>262.182683</course><hAcc>1.647322</hAcc><vAcc>0.827425</vAcc></extensions></trkpt>
      <trkpt lon="-76.448576" lat="39.342455"><ele>21.162003</ele><time>2023-07-23T23:16:48Z</time><extensions><speed>1.060540</speed><course>255.391033</course><hAcc>1.684502</hAcc><vAcc>0.827365</vAcc></extensions></trkpt>
      <trkpt lon="-76.448588" lat="39.342453"><ele>21.142905</ele><time>2023-07-23T23:16:49Z</time><extensions><speed>1.030433</speed><course>260.495927</course><hAcc>1.641659</hAcc><vAcc>0.827305</vAcc></extensions></trkpt>
      <trkpt lon="-76.448599" lat="39.342452"><ele>21.118239</ele><time>2023-07-23T23:16:50Z</time><extensions><speed>0.999033</speed><course>264.200882</course><hAcc>1.629242</hAcc><vAcc>0.827237</vAcc></extensions></trkpt>
      <trkpt lon="-76.448610" lat="39.342451"><ele>21.081373</ele><time>2023-07-23T23:16:51Z</time><extensions><speed>0.931705</speed><course>264.467590</course><hAcc>1.644275</hAcc><vAcc>0.827179</vAcc></extensions></trkpt>
      <trkpt lon="-76.448620" lat="39.342450"><ele>21.037070</ele><time>2023-07-23T23:16:52Z</time><extensions><speed>0.861659</speed><course>264.678888</course><hAcc>1.657388</hAcc><vAcc>0.827122</vAcc></extensions></trkpt>
      <trkpt lon="-76.448630" lat="39.342450"><ele>20.978427</ele><time>2023-07-23T23:16:53Z</time><extensions><speed>0.768970</speed><course>262.640324</course><hAcc>1.664055</hAcc><vAcc>0.827074</vAcc></extensions></trkpt>
      <trkpt lon="-76.448638" lat="39.342448"><ele>20.890934</ele><time>2023-07-23T23:16:54Z</time><extensions><speed>0.690733</speed><course>254.018801</course><hAcc>1.664734</hAcc><vAcc>0.827036</vAcc></extensions></trkpt>
      <trkpt lon="-76.448645" lat="39.342446"><ele>20.819789</ele><time>2023-07-23T23:16:55Z</time><extensions><speed>0.552993</speed><course>236.677450</course><hAcc>1.666084</hAcc><vAcc>0.827002</vAcc></extensions></trkpt>
      <trkpt lon="-76.448647" lat="39.342443"><ele>20.758755</ele><time>2023-07-23T23:16:56Z</time><extensions><speed>0.315694</speed><course>188.806128</course><hAcc>1.669454</hAcc><vAcc>0.826975</vAcc></extensions></trkpt>
      <trkpt lon="-76.448645" lat="39.342441"><ele>20.687302</ele><time>2023-07-23T23:16:57Z</time><extensions><speed>0.445025</speed><course>104.810270</course><hAcc>1.670860</hAcc><vAcc>0.826961</vAcc></extensions></trkpt>
      <trkpt lon="-76.448638" lat="39.342442"><ele>20.610333</ele><time>2023-07-23T23:16:58Z</time><extensions><speed>0.872487</speed><course>75.956392</course><hAcc>1.681576</hAcc><vAcc>0.826964</vAcc></extensions></trkpt>
      <trkpt lon="-76.448626" lat="39.342445"><ele>20.524795</ele><time>2023-07-23T23:16:59Z</time><extensions><speed>1.176032</speed><course>69.565573</course><hAcc>1.664648</hAcc><vAcc>0.827003</vAcc></extensions></trkpt>
      <trkpt lon="-76.448613" lat="39.342449"><ele>20.449276</ele><time>2023-07-23T23:17:00Z</time><extensions><speed>1.229445</speed><course>69.066358</course><hAcc>1.658394</hAcc><vAcc>0.827029</vAcc></extensions></trkpt>
      <trkpt lon="-76.448600" lat="39.342453"><ele>20.409061</ele><time>2023-07-23T23:17:01Z</time><extensions><speed>1.196445</speed><course>66.421653</course><hAcc>1.660683</hAcc><vAcc>0.827076</vAcc></extensions></trkpt>
      <trkpt lon="-76.448588" lat="39.342457"><ele>20.369726</ele><time>2023-07-23T23:17:02Z</time><extensions><speed>1.208056</speed><course>64.564995</course><hAcc>1.659522</hAcc><vAcc>0.827120</vAcc></extensions></trkpt>
      <trkpt lon="-76.448575" lat="39.342462"><ele>20.345314</ele><time>2023-07-23T23:17:03Z</time><extensions><speed>1.234069</speed><course>61.109239</course><hAcc>1.656159</hAcc><vAcc>0.827122</vAcc></extensions></trkpt>
      <trkpt lon="-76.448563" lat="39.342468"><ele>20.318887</ele><time>2023-07-23T23:17:04Z</time><extensions><speed>1.179404</speed><course>61.642647</course><hAcc>1.656929</hAcc><vAcc>0.827146</vAcc></extensions></trkpt>
      <trkpt lon="-76.448552" lat="39.342472"><ele>20.285383</ele><time>2023-07-23T23:17:05Z</time><extensions><speed>0.992638</speed><course>62.228796</course><hAcc>1.664476</hAcc><vAcc>0.827148</vAcc></extensions></trkpt>
      <trkpt lon="-76.448542" lat="39.342477"><ele>20.255713</ele><time>2023-07-23T23:17:06Z</time><extensions><speed>1.010211</speed><course>55.879574</course><hAcc>1.628620</hAcc><vAcc>0.827133</vAcc></extensions></trkpt>
      <trkpt lon="-76.448532" lat="39.342483"><ele>20.230428</ele><time>2023-07-23T23:17:07Z</time><extensions><speed>1.140104</speed><course>47.130944</course><hAcc>1.602590</hAcc><vAcc>0.827102</vAcc></extensions></trkpt>
      <trkpt lon="-76.448524" lat="39.342491"><ele>20.216939</ele><time>2023-07-23T23:17:08Z</time><extensions><speed>1.123852</speed><course>32.764254</course><hAcc>1.600386</hAcc><vAcc>0.827059</vAcc></extensions></trkpt>
      <trkpt lon="-76.448518" lat="39.342501"><ele>20.205136</ele><time>2023-07-23T23:17:09Z</time><extensions><speed>1.200202</speed><course>17.857927</course><hAcc>1.606583</hAcc><vAcc>0.827024</vAcc></extensions></trkpt>
      <trkpt lon="-76.448514" lat="39.342512"><ele>20.199139</ele><time>2023-07-23T23:17:10Z</time><extensions><speed>1.373293</speed><course>13.827096</course><hAcc>1.590385</hAcc><vAcc>0.826966</vAcc></extensions></trkpt>
      <trkpt lon="-76.448510" lat="39.342524"><ele>20.193919</ele><time>2023-07-23T23:17:11Z</time><extensions><speed>1.379115</speed><course>15.512603</course><hAcc>1.614126</hAcc><vAcc>0.826897</vAcc></extensions></trkpt>
      <trkpt lon="-76.448506" lat="39.342536"><ele>20.191118</ele><time>2023-07-23T23:17:12Z</time><extensions><speed>1.342530</speed><course>13.109022</course><hAcc>1.592137</hAcc><vAcc>0.826825</vAcc></extensions></trkpt>
      <trkpt lon="-76.448502" lat="39.342547"><ele>20.188205</ele><time>2023-07-23T23:17:13Z</time><extensions><speed>1.319297</speed><course>15.095230</course><hAcc>1.582488</hAcc><vAcc>0.826762</vAcc></extensions></trkpt>
      <trkpt lon="-76.448498" lat="39.342558"><ele>20.173857</ele><time>2023-07-23T23:17:14Z</time><extensions><speed>1.194832</speed><course>17.659205</course><hAcc>1.610016</hAcc><vAcc>0.826725</vAcc></extensions></trkpt>
      <trkpt lon="-76.448494" lat="39.342568"><ele>20.174425</ele><time>2023-07-23T23:17:15Z</time><extensions><speed>1.187352</speed><course>16.614958</course><hAcc>1.605416</hAcc><vAcc>0.826717</vAcc></extensions></trkpt>
      <trkpt lon="-76.448490" lat="39.342578"><ele>20.191264</ele><time>2023-07-23T23:17:16Z</time><extensions><speed>1.150603</speed><course>15.840554</course><hAcc>1.606612</hAcc><vAcc>0.826745</vAcc></extensions></trkpt>
      <trkpt lon="-76.448486" lat="39.342588"><ele>20.192344</ele><time>2023-07-23T23:17:17Z</time><extensions><speed>1.077279</speed><course>16.158246</course><hAcc>1.614451</hAcc><vAcc>0.826804</vAcc></extensions></trkpt>
      <trkpt lon="-76.448483" lat="39.342597"><ele>20.191222</ele><time>2023-07-23T23:17:18Z</time><extensions><speed>0.991301</speed><course>18.340008</course><hAcc>1.632774</hAcc><vAcc>0.826891</vAcc></extensions></trkpt>
      <trkpt lon="-76.448479" lat="39.342605"><ele>20.181745</ele><time>2023-07-23T23:17:19Z</time><extensions><speed>0.928125</speed><course>24.275090</course><hAcc>1.661635</hAcc><vAcc>0.827002</vAcc></extensions></trkpt>
      <trkpt lon="-76.448473" lat="39.342612"><ele>20.179236</ele><time>2023-07-23T23:17:20Z</time><extensions><speed>0.873444</speed><course>40.404405</course><hAcc>1.647848</hAcc><vAcc>0.827142</vAcc></extensions></trkpt>
      <trkpt lon="-76.448465" lat="39.342617"><ele>20.192853</ele><time>2023-07-23T23:17:21Z</time><extensions><speed>0.929417</speed><course>56.394007</course><hAcc>1.646435</hAcc><vAcc>0.827284</vAcc></extensions></trkpt>
      <trkpt lon="-76.448455" lat="39.342621"><ele>20.213949</ele><time>2023-07-23T23:17:22Z</time><extensions><speed>1.044100</speed><course>68.132833</course><hAcc>1.655987</hAcc><vAcc>0.827431</vAcc></extensions></trkpt>
      <trkpt lon="-76.448443" lat="39.342624"><ele>20.239200</ele><time>2023-07-23T23:17:23Z</time><extensions><speed>1.044364</speed><course>78.202178</course><hAcc>1.666977</hAcc><vAcc>0.827577</vAcc></extensions></trkpt>
      <trkpt lon="-76.448432" lat="39.342625"><ele>20.270366</ele><time>2023-07-23T23:17:24Z</time><extensions><speed>0.917282</speed><course>87.309918</course><hAcc>1.673699</hAcc><vAcc>0.827703</vAcc></extensions></trkpt>
      <trkpt lon="-76.448422" lat="39.342625"><ele>20.284286</ele><time>2023-07-23T23:17:25Z</time><extensions><speed>0.902735</speed><course>89.036012</course><hAcc>1.670256</hAcc><vAcc>0.827806</vAcc></extensions></trkpt>
      <trkpt lon="-76.448411" lat="39.342625"><ele>20.294666</ele><time>2023-07-23T23:17:26Z</time><extensions><speed>0.919379</speed><course>84.763150</course><hAcc>1.667444</hAcc><vAcc>0.827889</vAcc></extensions></trkpt>
      <trkpt lon="-76.448401" lat="39.342626"><ele>20.318274</ele><time>2023-07-23T23:17:27Z</time><extensions><speed>0.872655</speed><course>80.941935</course><hAcc>1.661437</hAcc><vAcc>0.827956</vAcc></extensions></trkpt>
      <trkpt lon="-76.448391" lat="39.342628"><ele>20.317792</ele><time>2023-07-23T23:17:28Z</time><extensions><speed>0.806373</speed><course>81.209573</course><hAcc>1.652199</hAcc><vAcc>0.828007</vAcc></extensions></trkpt>
      <trkpt lon="-76.448382" lat="39.342628"><ele>20.323795</ele><time>2023-07-23T23:17:29Z</time><extensions><speed>0.633033</speed><course>85.778317</course><hAcc>1.659737</hAcc><vAcc>0.828044</vAcc></extensions></trkpt>
      <trkpt lon="-76.448377" lat="39.342628"><ele>20.330647</ele><time>2023-07-23T23:17:30Z</time><extensions><speed>0.252667</speed><course>102.244720</course><hAcc>1.685559</hAcc><vAcc>0.828069</vAcc></extensions></trkpt>
      <trkpt lon="-76.448375" lat="39.342628"><ele>20.325250</ele><time>2023-07-23T23:17:31Z</time><extensions><speed>0.220919</speed><course>113.296129</course><hAcc>1.662362</hAcc><vAcc>0.828079</vAcc></extensions></trkpt>
      <trkpt lon="-76.448372" lat="39.342627"><ele>20.326962</ele><time>2023-07-23T23:17:32Z</time><extensions><speed>0.226783</speed><course>103.932495</course><hAcc>1.653802</hAcc><vAcc>0.828093</vAcc></extensions></trkpt>
      <trkpt lon="-76.448369" lat="39.342627"><ele>20.332697</ele><time>2023-07-23T23:17:33Z</time><extensions><speed>0.313189</speed><course>86.111574</course><hAcc>1.654804</hAcc><vAcc>0.828119</vAcc></extensions></trkpt>
      <trkpt lon="-76.448364" lat="39.342628"><ele>20.327804</ele><time>2023-07-23T23:17:34Z</time><extensions><speed>0.497872</speed><course>71.444791</course><hAcc>1.663061</hAcc><vAcc>0.828157</vAcc></extensions></trkpt>
      <trkpt lon="-76.448357" lat="39.342630"><ele>20.322286</ele><time>2023-07-23T23:17:35Z</time><extensions><speed>0.838914</speed><course>62.563525</course><hAcc>1.673056</hAcc><vAcc>0.828223</vAcc></extensions></trkpt>
      <trkpt lon="-76.448347" lat="39.342634"><ele>20.323914</ele><time>2023-07-23T23:17:36Z</time><extensions><speed>1.078304</speed><course>66.083571</course><hAcc>1.676876</hAcc><vAcc>0.828296</vAcc></extensions></trkpt>
      <trkpt lon="-76.448335" lat="39.342638"><ele>20.319521</ele><time>2023-07-23T23:17:37Z</time><extensions><speed>1.152232</speed><course>69.687366</course><hAcc>1.671838</hAcc><vAcc>0.828376</vAcc></extensions></trkpt>
      <trkpt lon="-76.448323" lat="39.342641"><ele>20.315704</ele><time>2023-07-23T23:17:38Z</time><extensions><speed>1.057136</speed><course>72.287908</course><hAcc>1.671033</hAcc><vAcc>0.828455</vAcc></extensions></trkpt>
      <trkpt lon="-76.448311" lat="39.342644"><ele>20.311463</ele><time>2023-07-23T23:17:39Z</time><extensions><speed>1.107408</speed><course>69.656631</course><hAcc>1.673562</hAcc><vAcc>0.828527</vAcc></extensions></trkpt>
      <trkpt lon="-76.448299" lat="39.342648"><ele>20.311350</ele><time>2023-07-23T23:17:40Z</time><extensions><speed>1.090557</speed><course>67.098792</course><hAcc>1.684694</hAcc><vAcc>0.828588</vAcc></extensions></trkpt>
      <trkpt lon="-76.448287" lat="39.342652"><ele>20.324136</ele><time>2023-07-23T23:17:41Z</time><extensions><speed>1.106952</speed><course>66.329405</course><hAcc>1.675826</hAcc><vAcc>0.828643</vAcc></extensions></trkpt>
      <trkpt lon="-76.448275" lat="39.342656"><ele>20.345462</ele><time>2023-07-23T23:17:42Z</time><extensions><speed>1.177779</speed><course>66.330957</course><hAcc>1.672626</hAcc><vAcc>0.828686</vAcc></extensions></trkpt>
      <trkpt lon="-76.448263" lat="39.342660"><ele>20.382408</ele><time>2023-07-23T23:17:43Z</time><extensions><speed>1.143738</speed><course>68.058182</course><hAcc>1.676253</hAcc><vAcc>0.828715</vAcc></extensions></trkpt>
      <trkpt lon="-76.448251" lat="39.342664"><ele>20.431132</ele><time>2023-07-23T23:17:44Z</time><extensions><speed>1.076439</speed><course>69.405053</course><hAcc>1.683082</hAcc><vAcc>0.828736</vAcc></extensions></trkpt>
      <trkpt lon="-76.448239" lat="39.342667"><ele>20.473375</ele><time>2023-07-23T23:17:45Z</time><extensions><speed>1.060685</speed><course>68.971015</course><hAcc>1.688197</hAcc><vAcc>0.828739</vAcc></extensions></trkpt>
      <trkpt lon="-76.448228" lat="39.342671"><ele>20.506406</ele><time>2023-07-23T23:17:46Z</time><extensions><speed>1.060129</speed><course>68.671100</course><hAcc>1.690784</hAcc><vAcc>0.828731</vAcc></extensions></trkpt>
      <trkpt lon="-76.448217" lat="39.342674"><ele>20.545093</ele><time>2023-07-23T23:17:47Z</time><extensions><speed>1.008346</speed><course>68.208730</course><hAcc>1.693610</hAcc><vAcc>0.828726</vAcc></extensions></trkpt>
      <trkpt lon="-76.448206" lat="39.342677"><ele>20.598330</ele><time>2023-07-23T23:17:48Z</time><extensions><speed>1.005302</speed><course>67.737512</course><hAcc>1.695941</hAcc><vAcc>0.828716</vAcc></extensions></trkpt>
      <trkpt lon="-76.448195" lat="39.342681"><ele>20.655233</ele><time>2023-07-23T23:17:49Z</time><extensions><speed>1.033377</speed><course>67.719975</course><hAcc>1.697500</hAcc><vAcc>0.828709</vAcc></extensions></trkpt>
      <trkpt lon="-76.448183" lat="39.342685"><ele>20.697591</ele><time>2023-07-23T23:17:50Z</time><extensions><speed>1.073253</speed><course>67.893789</course><hAcc>1.697877</hAcc><vAcc>0.828698</vAcc></extensions></trkpt>
      <trkpt lon="-76.448172" lat="39.342688"><ele>20.735256</ele><time>2023-07-23T23:17:51Z</time><extensions><speed>1.116892</speed><course>69.359839</course><hAcc>1.697287</hAcc><vAcc>0.828687</vAcc></extensions></trkpt>
      <trkpt lon="-76.448159" lat="39.342692"><ele>20.774169</ele><time>2023-07-23T23:17:52Z</time><extensions><speed>1.097447</speed><course>71.115968</course><hAcc>1.696981</hAcc><vAcc>0.828672</vAcc></extensions></trkpt>
      <trkpt lon="-76.448147" lat="39.342695"><ele>20.808578</ele><time>2023-07-23T23:17:53Z</time><extensions><speed>1.071724</speed><course>72.543284</course><hAcc>1.695538</hAcc><vAcc>0.828655</vAcc></extensions></trkpt>
      <trkpt lon="-76.448136" lat="39.342697"><ele>20.831941</ele><time>2023-07-23T23:17:54Z</time><extensions><speed>0.982107</speed><course>70.679529</course><hAcc>1.695712</hAcc><vAcc>0.828641</vAcc></extensions></trkpt>
      <trkpt lon="-76.448126" lat="39.342700"><ele>20.856248</ele><time>2023-07-23T23:17:55Z</time><extensions><speed>0.855440</speed><course>66.774061</course><hAcc>1.699786</hAcc><vAcc>0.828625</vAcc></extensions></trkpt>
      <trkpt lon="-76.448117" lat="39.342704"><ele>20.883984</ele><time>2023-07-23T23:17:56Z</time><extensions><speed>0.878967</speed><course>65.209834</course><hAcc>1.700327</hAcc><vAcc>0.828608</vAcc></extensions></trkpt>
      <trkpt lon="-76.448107" lat="39.342707"><ele>20.904902</ele><time>2023-07-23T23:17:57Z</time><extensions><speed>0.969453</speed><course>66.793039</course><hAcc>1.696996</hAcc><vAcc>0.828597</vAcc></extensions></trkpt>
      <trkpt lon="-76.448096" lat="39.342710"><ele>20.928360</ele><time>2023-07-23T23:17:58Z</time><extensions><speed>1.023827</speed><course>69.743361</course><hAcc>1.693401</hAcc><vAcc>0.828592</vAcc></extensions></trkpt>
      <trkpt lon="-76.448085" lat="39.342713"><ele>20.948004</ele><time>2023-07-23T23:17:59Z</time><extensions><speed>1.008550</speed><course>72.744643</course><hAcc>1.692335</hAcc><vAcc>0.828586</vAcc></extensions></trkpt>
      <trkpt lon="-76.448074" lat="39.342716"><ele>20.964425</ele><time>2023-07-23T23:18:00Z</time><extensions><speed>0.950691</speed><course>69.965910</course><hAcc>1.696777</hAcc><vAcc>0.828582</vAcc></extensions></trkpt>
      <trkpt lon="-76.448064" lat="39.342719"><ele>20.975943</ele><time>2023-07-23T23:18:01Z</time><extensions><speed>0.980402</speed><course>68.759523</course><hAcc>1.697957</hAcc><vAcc>0.828586</vAcc></extensions></trkpt>
      <trkpt lon="-76.448053" lat="39.342722"><ele>20.997557</ele><time>2023-07-23T23:18:02Z</time><extensions><speed>0.991039</speed><course>69.776107</course><hAcc>1.697056</hAcc><vAcc>0.828605</vAcc></extensions></trkpt>
      <trkpt lon="-76.448042" lat="39.342725"><ele>21.018841</ele><time>2023-07-23T23:18:03Z</time><extensions><speed>1.019961</speed><course>71.533856</course><hAcc>1.696658</hAcc><vAcc>0.828628</vAcc></extensions></trkpt>
      <trkpt lon="-76.448031" lat="39.342728"><ele>21.025045</ele><time>2023-07-23T23:18:04Z</time><extensions><speed>1.041141</speed><course>73.126912</course><hAcc>1.696653</hAcc><vAcc>0.828653</vAcc></extensions></trkpt>
      <trkpt lon="-76.448019" lat="39.342731"><ele>21.030651</ele><time>2023-07-23T23:18:05Z</time><extensions><speed>1.067475</speed><course>74.715031</course><hAcc>1.696504</hAcc><vAcc>0.828678</vAcc></extensions></trkpt>
      <trkpt lon="-76.448007" lat="39.342733"><ele>21.040968</ele><time>2023-07-23T23:18:06Z</time><extensions><speed>1.049938</speed><course>75.760635</course><hAcc>1.696627</hAcc><vAcc>0.828701</vAcc></extensions></trkpt>
      <trkpt lon="-76.447995" lat="39.342736"><ele>21.051608</ele><time>2023-07-23T23:18:07Z</time><extensions><speed>1.030704</speed><course>75.118850</course><hAcc>1.697341</hAcc><vAcc>0.828723</vAcc></extensions></trkpt>
      <trkpt lon="-76.447984" lat="39.342738"><ele>21.059693</ele><time>2023-07-23T23:18:08Z</time><extensions><speed>0.973709</speed><course>74.547784</course><hAcc>1.696114</hAcc><vAcc>0.828746</vAcc></extensions></trkpt>
      <trkpt lon="-76.447974" lat="39.342741"><ele>21.066889</ele><time>2023-07-23T23:18:09Z</time><extensions><speed>0.946623</speed><course>70.234363</course><hAcc>1.698207</hAcc><vAcc>0.828759</vAcc></extensions></trkpt>
      <trkpt lon="-76.447963" lat="39.342744"><ele>21.066037</ele><time>2023-07-23T23:18:10Z</time><extensions><speed>0.972568</speed><course>67.350040</course><hAcc>1.698594</hAcc><vAcc>0.828756</vAcc></extensions></trkpt>
      <trkpt lon="-76.447953" lat="39.342747"><ele>21.052828</ele><time>2023-07-23T23:18:11Z</time><extensions><speed>0.975028</speed><course>68.944480</course><hAcc>1.697444</hAcc><vAcc>0.828744</vAcc></extensions></trkpt>
      <trkpt lon="-76.447942" lat="39.342750"><ele>21.037862</ele><time>2023-07-23T23:18:12Z</time><extensions><speed>1.018140</speed><course>71.301480</course><hAcc>1.695553</hAcc><vAcc>0.828722</vAcc></extensions></trkpt>
      <trkpt lon="-76.447930" lat="39.342753"><ele>21.019661</ele><time>2023-07-23T23:18:13Z</time><extensions><speed>1.031331</speed><course>73.625220</course><hAcc>1.696039</hAcc><vAcc>0.828693</vAcc></extensions></trkpt>
      <trkpt lon="-76.447919" lat="39.342755"><ele>20.990213</ele><time>2023-07-23T23:18:14Z</time><extensions><speed>0.956411</speed><course>73.111934</course><hAcc>1.698072</hAcc><vAcc>0.828658</vAcc></extensions></trkpt>
      <trkpt lon="-76.447909" lat="39.342758"><ele>20.962620</ele><time>2023-07-23T23:18:15Z</time><extensions><speed>0.987889</speed><course>72.067973</course><hAcc>1.695889</hAcc><vAcc>0.828623</vAcc></extensions></trkpt>
      <trkpt lon="-76.447897" lat="39.342761"><ele>20.936194</ele><time>2023-07-23T23:18:16Z</time><extensions><speed>1.023244</speed><course>70.397601</course><hAcc>1.692416</hAcc><vAcc>0.828587</vAcc></extensions></trkpt>
      <trkpt lon="-76.447886" lat="39.342764"><ele>20.913010</ele><time>2023-07-23T23:18:17Z</time><extensions><speed>1.061161</speed><course>69.282210</course><hAcc>1.689915</hAcc><vAcc>0.828551</vAcc></extensions></trkpt>
      <trkpt lon="-76.447875" lat="39.342767"><ele>20.887782</ele><time>2023-07-23T23:18:18Z</time><extensions><speed>1.041180</speed><course>67.834634</course><hAcc>1.691374</hAcc><vAcc>0.828523</vAcc></extensions></trkpt>
      <trkpt lon="-76.447864" lat="39.342771"><ele>20.863792</ele><time>2023-07-23T23:18:19Z</time><extensions><speed>0.997974</speed><course>67.171689</course><hAcc>1.695759</hAcc><vAcc>0.828507</vAcc></extensions></trkpt>
      <trkpt lon="-76.447854" lat="39.342774"><ele>20.841720</ele><time>2023-07-23T23:18:20Z</time><extensions><speed>0.894980</speed><course>68.616140</course><hAcc>1.692825</hAcc><vAcc>0.828494</vAcc></extensions></trkpt>
      <trkpt lon="-76.447844" lat="39.342777"><ele>20.816146</ele><time>2023-07-23T23:18:21Z</time><extensions><speed>0.905113</speed><course>70.251632</course><hAcc>1.691724</hAcc><vAcc>0.828487</vAcc></extensions></trkpt>
      <trkpt lon="-76.447833" lat="39.342780"><ele>20.798738</ele><time>2023-07-23T23:18:22Z</time><extensions><speed>0.971698</speed><course>72.619854</course><hAcc>1.691410</hAcc><vAcc>0.828477</vAcc></extensions></trkpt>
      <trkpt lon="-76.447822" lat="39.342782"><ele>20.780302</ele><time>2023-07-23T23:18:23Z</time><extensions><speed>1.033005</speed><course>74.291347</course><hAcc>1.693014</hAcc><vAcc>0.828474</vAcc></extensions></trkpt>
      <trkpt lon="-76.447810" lat="39.342785"><ele>20.748306</ele><time>2023-07-23T23:18:24Z</time><extensions><speed>1.084102</speed><course>75.074467</course><hAcc>1.695275</hAcc><vAcc>0.828471</vAcc></extensions></trkpt>
      <trkpt lon="-76.447798" lat="39.342787"><ele>20.722487</ele><time>2023-07-23T23:18:25Z</time><extensions><speed>1.129818</speed><course>75.350289</course><hAcc>1.695425</hAcc><vAcc>0.828462</vAcc></extensions></trkpt>
      <trkpt lon="-76.447785" lat="39.342790"><ele>20.702221</ele><time>2023-07-23T23:18:26Z</time><extensions><speed>1.147414</speed><course>75.623837</course><hAcc>1.694890</hAcc><vAcc>0.828446</vAcc></extensions></trkpt>
      <trkpt lon="-76.447772" lat="39.342793"><ele>20.682143</ele><time>2023-07-23T23:18:27Z</time><extensions><speed>1.113252</speed><course>75.425643</course><hAcc>1.694184</hAcc><vAcc>0.828434</vAcc></extensions></trkpt>
      <trkpt lon="-76.447760" lat="39.342795"><ele>20.662711</ele><time>2023-07-23T23:18:28Z</time><extensions><speed>1.065469</speed><course>75.353324</course><hAcc>1.696213</hAcc><vAcc>0.828414</vAcc></extensions></trkpt>
      <trkpt lon="-76.447748" lat="39.342797"><ele>20.626350</ele><time>2023-07-23T23:18:29Z</time><extensions><speed>1.030127</speed><course>75.118353</course><hAcc>1.699878</hAcc><vAcc>0.828386</vAcc></extensions></trkpt>
      <trkpt lon="-76.447737" lat="39.342800"><ele>20.582459</ele><time>2023-07-23T23:18:30Z</time><extensions><speed>1.039923</speed><course>75.984715</course><hAcc>1.690920</hAcc><vAcc>0.828361</vAcc></extensions></trkpt>
      <trkpt lon="-76.447725" lat="39.342802"><ele>20.534606</ele><time>2023-07-23T23:18:31Z</time><extensions><speed>1.010807</speed><course>76.779958</course><hAcc>1.684743</hAcc><vAcc>0.828332</vAcc></extensions></trkpt>
      <trkpt lon="-76.447714" lat="39.342804"><ele>20.482659</ele><time>2023-07-23T23:18:32Z</time><extensions><speed>0.975856</speed><course>77.803063</course><hAcc>1.683850</hAcc><vAcc>0.828298</vAcc></extensions></trkpt>
      <trkpt lon="-76.447703" lat="39.342806"><ele>20.441091</ele><time>2023-07-23T23:18:33Z</time><extensions><speed>0.941329</speed><course>77.613213</course><hAcc>1.691868</hAcc><vAcc>0.828268</vAcc></extensions></trkpt>
      <trkpt lon="-76.447693" lat="39.342807"><ele>20.405741</ele><time>2023-07-23T23:18:34Z</time><extensions><speed>0.885464</speed><course>76.095323</course><hAcc>1.701352</hAcc><vAcc>0.828237</vAcc></extensions></trkpt>
      <trkpt lon="-76.447682" lat="39.342809"><ele>20.369410</ele><time>2023-07-23T23:18:35Z</time><extensions><speed>0.983767</speed><course>78.852476</course><hAcc>1.692167</hAcc><vAcc>0.828206</vAcc></extensions></trkpt>
      <trkpt lon="-76.447671" lat="39.342811"><ele>20.327213</ele><time>2023-07-23T23:18:36Z</time><extensions><speed>1.030360</speed><course>83.906234</course><hAcc>1.687620</hAcc><vAcc>0.828177</vAcc></extensions></trkpt>
      <trkpt lon="-76.447659" lat="39.342811"><ele>20.283203</ele><time>2023-07-23T23:18:37Z</time><extensions><speed>1.060246</speed><course>88.214339</course><hAcc>1.689230</hAcc><vAcc>0.828157</vAcc></extensions></trkpt>
      <trkpt lon="-76.447646" lat="39.342811"><ele>20.245813</ele><time>2023-07-23T23:18:38Z</time><extensions><speed>1.049579</speed><course>89.892375</course><hAcc>1.695635</hAcc><vAcc>0.828140</vAcc></extensions></trkpt>
      <trkpt lon="-76.447634" lat="39.342811"><ele>20.209515</ele><time>2023-07-23T23:18:39Z</time><extensions><speed>1.023032</speed><course>90.395672</course><hAcc>1.703507</hAcc><vAcc>0.828121</vAcc></extensions></trkpt>
      <trkpt lon="-76.447622" lat="39.342811"><ele>20.197109</ele><time>2023-07-23T23:18:40Z</time><extensions><speed>1.025112</speed><course>90.319494</course><hAcc>1.705613</hAcc><vAcc>0.828099</vAcc></extensions></trkpt>
      <trkpt lon="-76.447611" lat="39.342811"><ele>20.188151</ele><time>2023-07-23T23:18:41Z</time><extensions><speed>1.014239</speed><course>90.735322</course><hAcc>1.705823</hAcc><vAcc>0.828080</vAcc></extensions></trkpt>
      <trkpt lon="-76.447599" lat="39.342811"><ele>20.182805</ele><time>2023-07-23T23:18:42Z</time><extensions><speed>1.068571</speed><course>94.780490</course><hAcc>1.706579</hAcc><vAcc>0.828063</vAcc></extensions></trkpt>
      <trkpt lon="-76.447586" lat="39.342810"><ele>20.200111</ele><time>2023-07-23T23:18:43Z</time><extensions><speed>1.136477</speed><course>96.690735</course><hAcc>1.706694</hAcc><vAcc>0.828040</vAcc></extensions></trkpt>
      <trkpt lon="-76.447573" lat="39.342808"><ele>20.233074</ele><time>2023-07-23T23:18:44Z</time><extensions><speed>1.106530</speed><course>96.489610</course><hAcc>1.708573</hAcc><vAcc>0.828020</vAcc></extensions></trkpt>
      <trkpt lon="-76.447560" lat="39.342807"><ele>20.270981</ele><time>2023-07-23T23:18:45Z</time><extensions><speed>1.083809</speed><course>96.409761</course><hAcc>1.710394</hAcc><vAcc>0.827996</vAcc></extensions></trkpt>
      <trkpt lon="-76.447548" lat="39.342806"><ele>20.308090</ele><time>2023-07-23T23:18:46Z</time><extensions><speed>1.072754</speed><course>95.451722</course><hAcc>1.712312</hAcc><vAcc>0.827969</vAcc></extensions></trkpt>
      <trkpt lon="-76.447535" lat="39.342805"><ele>20.354184</ele><time>2023-07-23T23:18:47Z</time><extensions><speed>1.085721</speed><course>94.735103</course><hAcc>1.713703</hAcc><vAcc>0.827942</vAcc></extensions></trkpt>
      <trkpt lon="-76.447523" lat="39.342805"><ele>20.397052</ele><time>2023-07-23T23:18:48Z</time><extensions><speed>1.128383</speed><course>94.433832</course><hAcc>1.714253</hAcc><vAcc>0.827921</vAcc></extensions></trkpt>
      <trkpt lon="-76.447509" lat="39.342804"><ele>20.448828</ele><time>2023-07-23T23:18:49Z</time><extensions><speed>1.159830</speed><course>96.597897</course><hAcc>1.714174</hAcc><vAcc>0.827900</vAcc></extensions></trkpt>
      <trkpt lon="-76.447496" lat="39.342802"><ele>20.505642</ele><time>2023-07-23T23:18:50Z</time><extensions><speed>1.127723</speed><course>97.986071</course><hAcc>1.714180</hAcc><vAcc>0.827884</vAcc></extensions></trkpt>
      <trkpt lon="-76.447484" lat="39.342801"><ele>20.566536</ele><time>2023-07-23T23:18:51Z</time><extensions><speed>1.081200</speed><course>97.291233</course><hAcc>1.714103</hAcc><vAcc>0.827875</vAcc></extensions></trkpt>
      <trkpt lon="-76.447471" lat="39.342800"><ele>20.636275</ele><time>2023-07-23T23:18:52Z</time><extensions><speed>1.054496</speed><course>95.518056</course><hAcc>1.714786</hAcc><vAcc>0.827871</vAcc></extensions></trkpt>
      <trkpt lon="-76.447459" lat="39.342799"><ele>20.714283</ele><time>2023-07-23T23:18:53Z</time><extensions><speed>1.085035</speed><course>94.963173</course><hAcc>1.714605</hAcc><vAcc>0.827869</vAcc></extensions></trkpt>
      <trkpt lon="-76.447446" lat="39.342798"><ele>20.783856</ele><time>2023-07-23T23:18:54Z</time><extensions><speed>1.070251</speed><course>95.995578</course><hAcc>1.714324</hAcc><vAcc>0.827869</vAcc></extensions></trkpt>
      <trkpt lon="-76.447434" lat="39.342797"><ele>20.828046</ele><time>2023-07-23T23:18:55Z</time><extensions><speed>1.002343</speed><course>97.021876</course><hAcc>1.714906</hAcc><vAcc>0.827869</vAcc></extensions></trkpt>
      <trkpt lon="-76.447423" lat="39.342796"><ele>20.872576</ele><time>2023-07-23T23:18:56Z</time><extensions><speed>0.944595</speed><course>98.461592</course><hAcc>1.715631</hAcc><vAcc>0.827867</vAcc></extensions></trkpt>
      <trkpt lon="-76.447413" lat="39.342795"><ele>20.919126</ele><time>2023-07-23T23:18:57Z</time><extensions><speed>0.858660</speed><course>97.112467</course><hAcc>1.714199</hAcc><vAcc>0.827856</vAcc></extensions></trkpt>
      <trkpt lon="-76.447403" lat="39.342795"><ele>20.953740</ele><time>2023-07-23T23:18:58Z</time><extensions><speed>0.863954</speed><course>92.099601</course><hAcc>1.712725</hAcc><vAcc>0.827831</vAcc></extensions></trkpt>
      <trkpt lon="-76.447393" lat="39.342795"><ele>20.994649</ele><time>2023-07-23T23:18:59Z</time><extensions><speed>0.917957</speed><course>86.356478</course><hAcc>1.709963</hAcc><vAcc>0.827800</vAcc></extensions></trkpt>
      <trkpt lon="-76.447382" lat="39.342796"><ele>21.035856</ele><time>2023-07-23T23:19:00Z</time><extensions><speed>0.957762</speed><course>80.112753</course><hAcc>1.706465</hAcc><vAcc>0.827760</vAcc></extensions></trkpt>
      <trkpt lon="-76.447371" lat="39.342798"><ele>21.070948</ele><time>2023-07-23T23:19:01Z</time><extensions><speed>0.993334</speed><course>72.680171</course><hAcc>1.702923</hAcc><vAcc>0.827726</vAcc></extensions></trkpt>
      <trkpt lon="-76.447360" lat="39.342801"><ele>21.098703</ele><time>2023-07-23T23:19:02Z</time><extensions><speed>1.011317</speed><course>65.179982</course><hAcc>1.698353</hAcc><vAcc>0.827693</vAcc></extensions></trkpt>
      <trkpt lon="-76.447350" lat="39.342805"><ele>21.121058</ele><time>2023-07-23T23:19:03Z</time><extensions><speed>0.968818</speed><course>58.145345</course><hAcc>1.692008</hAcc><vAcc>0.827636</vAcc></extensions></trkpt>
      <trkpt lon="-76.447342" lat="39.342810"><ele>21.140640</ele><time>2023-07-23T23:19:04Z</time><extensions><speed>0.866459</speed><course>48.025713</course><hAcc>1.685794</hAcc><vAcc>0.827570</vAcc></extensions></trkpt>
      <trkpt lon="-76.447335" lat="39.342816"><ele>21.154083</ele><time>2023-07-23T23:19:05Z</time><extensions><speed>0.800568</speed><course>36.168386</course><hAcc>1.678963</hAcc><vAcc>0.827521</vAcc></extensions></trkpt>
      <trkpt lon="-76.447330" lat="39.342822"><ele>21.161941</ele><time>2023-07-23T23:19:06Z</time><extensions><speed>0.913463</speed><course>28.954948</course><hAcc>1.669707</hAcc><vAcc>0.827465</vAcc></extensions></trkpt>
      <trkpt lon="-76.447325" lat="39.342830"><ele>21.165714</ele><time>2023-07-23T23:19:07Z</time><extensions><speed>0.989109</speed><course>24.444988</course><hAcc>1.656836</hAcc><vAcc>0.827424</vAcc></extensions></trkpt>
      <trkpt lon="-76.447320" lat="39.342838"><ele>21.173014</ele><time>2023-07-23T23:19:08Z</time><extensions><speed>1.068750</speed><course>23.322670</course><hAcc>1.639504</hAcc><vAcc>0.827396</vAcc></extensions></trkpt>
      <trkpt lon="-76.447315" lat="39.342847"><ele>21.189499</ele><time>2023-07-23T23:19:09Z</time><extensions><speed>0.990067</speed><course>25.570677</course><hAcc>1.620527</hAcc><vAcc>0.827383</vAcc></extensions></trkpt>
      <trkpt lon="-76.447310" lat="39.342855"><ele>21.213476</ele><time>2023-07-23T23:19:10Z</time><extensions><speed>0.911830</speed><course>27.532456</course><hAcc>1.612632</hAcc><vAcc>0.827384</vAcc></extensions></trkpt>
      <trkpt lon="-76.447305" lat="39.342862"><ele>21.232987</ele><time>2023-07-23T23:19:11Z</time><extensions><speed>0.937540</speed><course>29.102592</course><hAcc>1.630828</hAcc><vAcc>0.827390</vAcc></extensions></trkpt>
      <trkpt lon="-76.447299" lat="39.342870"><ele>21.252775</ele><time>2023-07-23T23:19:12Z</time><extensions><speed>1.072384</speed><course>30.522494</course><hAcc>1.640231</hAcc><vAcc>0.827397</vAcc></extensions></trkpt>
      <trkpt lon="-76.447293" lat="39.342878"><ele>21.278861</ele><time>2023-07-23T23:19:13Z</time><extensions><speed>1.029551</speed><course>29.004075</course><hAcc>1.608918</hAcc><vAcc>0.827399</vAcc></extensions></trkpt>
      <trkpt lon="-76.447288" lat="39.342886"><ele>21.317628</ele><time>2023-07-23T23:19:14Z</time><extensions><speed>0.992233</speed><course>27.472959</course><hAcc>1.606878</hAcc><vAcc>0.827401</vAcc></extensions></trkpt>
      <trkpt lon="-76.447282" lat="39.342894"><ele>21.365497</ele><time>2023-07-23T23:19:15Z</time><extensions><speed>0.971670</speed><course>26.738398</course><hAcc>1.627168</hAcc><vAcc>0.827391</vAcc></extensions></trkpt>
      <trkpt lon="-76.447277" lat="39.342902"><ele>21.404199</ele><time>2023-07-23T23:19:16Z</time><extensions><speed>0.950704</speed><course>27.868641</course><hAcc>1.631895</hAcc><vAcc>0.827371</vAcc></extensions></trkpt>
      <trkpt lon="-76.447272" lat="39.342909"><ele>21.435912</ele><time>2023-07-23T23:19:17Z</time><extensions><speed>0.951727</speed><course>29.948549</course><hAcc>1.639327</hAcc><vAcc>0.827343</vAcc></extensions></trkpt>
      <trkpt lon="-76.447266" lat="39.342916"><ele>21.475188</ele><time>2023-07-23T23:19:18Z</time><extensions><speed>0.966006</speed><course>34.962026</course><hAcc>1.647895</hAcc><vAcc>0.827311</vAcc></extensions></trkpt>
      <trkpt lon="-76.447259" lat="39.342924"><ele>21.530018</ele><time>2023-07-23T23:19:19Z</time><extensions><speed>1.035829</speed><course>34.801069</course><hAcc>1.653654</hAcc><vAcc>0.827270</vAcc></extensions></trkpt>
      <trkpt lon="-76.447253" lat="39.342931"><ele>21.589516</ele><time>2023-07-23T23:19:20Z</time><extensions><speed>0.967539</speed><course>31.152580</course><hAcc>1.658120</hAcc><vAcc>0.827224</vAcc></extensions></trkpt>
      <trkpt lon="-76.447248" lat="39.342939"><ele>21.644421</ele><time>2023-07-23T23:19:21Z</time><extensions><speed>0.947123</speed><course>29.263915</course><hAcc>1.660841</hAcc><vAcc>0.827176</vAcc></extensions></trkpt>
      <trkpt lon="-76.447242" lat="39.342946"><ele>21.687374</ele><time>2023-07-23T23:19:22Z</time><extensions><speed>0.949681</speed><course>31.888006</course><hAcc>1.662448</hAcc><vAcc>0.827124</vAcc></extensions></trkpt>
      <trkpt lon="-76.447236" lat="39.342954"><ele>21.725281</ele><time>2023-07-23T23:19:23Z</time><extensions><speed>1.023825</speed><course>33.381456</course><hAcc>1.663500</hAcc><vAcc>0.827075</vAcc></extensions></trkpt>
      <trkpt lon="-76.447229" lat="39.342962"><ele>21.801651</ele><time>2023-07-23T23:19:24Z</time><extensions><speed>1.062416</speed><course>33.523994</course><hAcc>1.664336</hAcc><vAcc>0.827030</vAcc></extensions></trkpt>
      <trkpt lon="-76.447223" lat="39.342970"><ele>21.849492</ele><time>2023-07-23T23:19:25Z</time><extensions><speed>1.019856</speed><course>32.547886</course><hAcc>1.663926</hAcc><vAcc>0.826988</vAcc></extensions></trkpt>
      <trkpt lon="-76.447216" lat="39.342977"><ele>21.867584</ele><time>2023-07-23T23:19:26Z</time><extensions><speed>0.996254</speed><course>31.399080</course><hAcc>1.664213</hAcc><vAcc>0.826950</vAcc></extensions></trkpt>
      <trkpt lon="-76.447211" lat="39.342985"><ele>21.911082</ele><time>2023-07-23T23:19:27Z</time><extensions><speed>0.978907</speed><course>28.840435</course><hAcc>1.666613</hAcc><vAcc>0.826919</vAcc></extensions></trkpt>
      <trkpt lon="-76.447205" lat="39.342993"><ele>21.953219</ele><time>2023-07-23T23:19:28Z</time><extensions><speed>0.982203</speed><course>31.150547</course><hAcc>1.667826</hAcc><vAcc>0.826897</vAcc></extensions></trkpt>
      <trkpt lon="-76.447198" lat="39.343000"><ele>21.985754</ele><time>2023-07-23T23:19:29Z</time><extensions><speed>1.001697</speed><course>37.002312</course><hAcc>1.666905</hAcc><vAcc>0.826889</vAcc></extensions></trkpt>
      <trkpt lon="-76.447191" lat="39.343007"><ele>22.018077</ele><time>2023-07-23T23:19:30Z</time><extensions><speed>1.012702</speed><course>38.601893</course><hAcc>1.664146</hAcc><vAcc>0.826897</vAcc></extensions></trkpt>
      <trkpt lon="-76.447184" lat="39.343015"><ele>22.037874</ele><time>2023-07-23T23:19:31Z</time><extensions><speed>1.056939</speed><course>38.050520</course><hAcc>1.663284</hAcc><vAcc>0.826908</vAcc></extensions></trkpt>
      <trkpt lon="-76.447176" lat="39.343022"><ele>22.052842</ele><time>2023-07-23T23:19:32Z</time><extensions><speed>1.089561</speed><course>35.467299</course><hAcc>1.665022</hAcc><vAcc>0.826949</vAcc></extensions></trkpt>
      <trkpt lon="-76.447170" lat="39.343030"><ele>22.065261</ele><time>2023-07-23T23:19:33Z</time><extensions><speed>1.008641</speed><course>33.135485</course><hAcc>1.667942</hAcc><vAcc>0.826966</vAcc></extensions></trkpt>
      <trkpt lon="-76.447163" lat="39.343038"><ele>22.077062</ele><time>2023-07-23T23:19:34Z</time><extensions><speed>1.050968</speed><course>38.380414</course><hAcc>1.667999</hAcc><vAcc>0.827005</vAcc></extensions></trkpt>
      <trkpt lon="-76.447155" lat="39.343045"><ele>22.105218</ele><time>2023-07-23T23:19:35Z</time><extensions><speed>1.003857</speed><course>39.406646</course><hAcc>1.663336</hAcc><vAcc>0.827032</vAcc></extensions></trkpt>
      <trkpt lon="-76.447147" lat="39.343052"><ele>22.127396</ele><time>2023-07-23T23:19:36Z</time><extensions><speed>1.159487</speed><course>39.514239</course><hAcc>1.659491</hAcc><vAcc>0.827063</vAcc></extensions></trkpt>
      <trkpt lon="-76.447138" lat="39.343061"><ele>22.135246</ele><time>2023-07-23T23:19:37Z</time><extensions><speed>1.210030</speed><course>39.456419</course><hAcc>1.657206</hAcc><vAcc>0.827126</vAcc></extensions></trkpt>
      <trkpt lon="-76.447130" lat="39.343069"><ele>22.121241</ele><time>2023-07-23T23:19:38Z</time><extensions><speed>1.115413</speed><course>38.129229</course><hAcc>1.652142</hAcc><vAcc>0.827197</vAcc></extensions></trkpt>
      <trkpt lon="-76.447122" lat="39.343077"><ele>22.127616</ele><time>2023-07-23T23:19:39Z</time><extensions><speed>1.107111</speed><course>35.246214</course><hAcc>1.644669</hAcc><vAcc>0.827280</vAcc></extensions></trkpt>
      <trkpt lon="-76.447115" lat="39.343085"><ele>22.134636</ele><time>2023-07-23T23:19:40Z</time><extensions><speed>1.056897</speed><course>36.919909</course><hAcc>1.637283</hAcc><vAcc>0.827357</vAcc></extensions></trkpt>
      <trkpt lon="-76.447107" lat="39.343092"><ele>22.117779</ele><time>2023-07-23T23:19:41Z</time><extensions><speed>1.046438</speed><course>39.919031</course><hAcc>1.647010</hAcc><vAcc>0.827445</vAcc></extensions></trkpt>
      <trkpt lon="-76.447099" lat="39.343099"><ele>22.111569</ele><time>2023-07-23T23:19:42Z</time><extensions><speed>1.027883</speed><course>40.037125</course><hAcc>1.675656</hAcc><vAcc>0.827542</vAcc></extensions></trkpt>
      <trkpt lon="-76.447092" lat="39.343106"><ele>22.106310</ele><time>2023-07-23T23:19:43Z</time><extensions><speed>1.006723</speed><course>42.782441</course><hAcc>1.646395</hAcc><vAcc>0.827641</vAcc></extensions></trkpt>
      <trkpt lon="-76.447084" lat="39.343112"><ele>22.106931</ele><time>2023-07-23T23:19:44Z</time><extensions><speed>0.927062</speed><course>45.176096</course><hAcc>1.636195</hAcc><vAcc>0.827738</vAcc></extensions></trkpt>
      <trkpt lon="-76.447076" lat="39.343118"><ele>22.108163</ele><time>2023-07-23T23:19:45Z</time><extensions><speed>0.854161</speed><course>49.660840</course><hAcc>1.643735</hAcc><vAcc>0.827844</vAcc></extensions></trkpt>
      <trkpt lon="-76.447068" lat="39.343123"><ele>22.102686</ele><time>2023-07-23T23:19:46Z</time><extensions><speed>0.923714</speed><course>51.012649</course><hAcc>1.657379</hAcc><vAcc>0.827960</vAcc></extensions></trkpt>
      <trkpt lon="-76.447059" lat="39.343128"><ele>22.103761</ele><time>2023-07-23T23:19:47Z</time><extensions><speed>0.998569</speed><course>53.231370</course><hAcc>1.673009</hAcc><vAcc>0.828079</vAcc></extensions></trkpt>
      <trkpt lon="-76.447050" lat="39.343133"><ele>22.101716</ele><time>2023-07-23T23:19:48Z</time><extensions><speed>1.031224</speed><course>54.636000</course><hAcc>1.671375</hAcc><vAcc>0.828200</vAcc></extensions></trkpt>
      <trkpt lon="-76.447039" lat="39.343139"><ele>22.086606</ele><time>2023-07-23T23:19:49Z</time><extensions><speed>1.100855</speed><course>56.733218</course><hAcc>1.671334</hAcc><vAcc>0.828320</vAcc></extensions></trkpt>
      <trkpt lon="-76.447029" lat="39.343144"><ele>22.038893</ele><time>2023-07-23T23:19:50Z</time><extensions><speed>1.046649</speed><course>58.434863</course><hAcc>1.664746</hAcc><vAcc>0.828442</vAcc></extensions></trkpt>
      <trkpt lon="-76.447019" lat="39.343149"><ele>22.012038</ele><time>2023-07-23T23:19:51Z</time><extensions><speed>0.956407</speed><course>56.586012</course><hAcc>1.664303</hAcc><vAcc>0.828541</vAcc></extensions></trkpt>
      <trkpt lon="-76.447010" lat="39.343154"><ele>21.987766</ele><time>2023-07-23T23:19:52Z</time><extensions><speed>1.010982</speed><course>52.801815</course><hAcc>1.666544</hAcc><vAcc>0.828619</vAcc></extensions></trkpt>
      <trkpt lon="-76.447000" lat="39.343160"><ele>21.974644</ele><time>2023-07-23T23:19:53Z</time><extensions><speed>1.133733</speed><course>51.472123</course><hAcc>1.661478</hAcc><vAcc>0.828674</vAcc></extensions></trkpt>
      <trkpt lon="-76.446989" lat="39.343166"><ele>21.959683</ele><time>2023-07-23T23:19:54Z</time><extensions><speed>1.171827</speed><course>51.977008</course><hAcc>1.652335</hAcc><vAcc>0.828714</vAcc></extensions></trkpt>
      <trkpt lon="-76.446979" lat="39.343173"><ele>21.936113</ele><time>2023-07-23T23:19:55Z</time><extensions><speed>1.176558</speed><course>50.825481</course><hAcc>1.646532</hAcc><vAcc>0.828735</vAcc></extensions></trkpt>
      <trkpt lon="-76.446968" lat="39.343179"><ele>21.910036</ele><time>2023-07-23T23:19:56Z</time><extensions><speed>1.134410</speed><course>50.740828</course><hAcc>1.649056</hAcc><vAcc>0.828738</vAcc></extensions></trkpt>
      <trkpt lon="-76.446958" lat="39.343186"><ele>21.872655</ele><time>2023-07-23T23:19:57Z</time><extensions><speed>1.118046</speed><course>52.402115</course><hAcc>1.651268</hAcc><vAcc>0.828719</vAcc></extensions></trkpt>
      <trkpt lon="-76.446947" lat="39.343192"><ele>21.876114</ele><time>2023-07-23T23:19:58Z</time><extensions><speed>1.172479</speed><course>54.671430</course><hAcc>1.654117</hAcc><vAcc>0.828675</vAcc></extensions></trkpt>
      <trkpt lon="-76.446936" lat="39.343198"><ele>21.883675</ele><time>2023-07-23T23:19:59Z</time><extensions><speed>1.187946</speed><course>56.337538</course><hAcc>1.638980</hAcc><vAcc>0.828608</vAcc></extensions></trkpt>
      <trkpt lon="-76.446925" lat="39.343204"><ele>21.892109</ele><time>2023-07-23T23:20:00Z</time><extensions><speed>1.180107</speed><course>52.524894</course><hAcc>1.639366</hAcc><vAcc>0.828526</vAcc></extensions></trkpt>
      <trkpt lon="-76.446914" lat="39.343210"><ele>21.906311</ele><time>2023-07-23T23:20:01Z</time><extensions><speed>1.116610</speed><course>50.507357</course><hAcc>1.648346</hAcc><vAcc>0.828426</vAcc></extensions></trkpt>
      <trkpt lon="-76.446905" lat="39.343217"><ele>21.909449</ele><time>2023-07-23T23:20:02Z</time><extensions><speed>1.102610</speed><course>47.431322</course><hAcc>1.651076</hAcc><vAcc>0.828313</vAcc></extensions></trkpt>
      <trkpt lon="-76.446895" lat="39.343224"><ele>21.931874</ele><time>2023-07-23T23:20:03Z</time><extensions><speed>1.127003</speed><course>44.937542</course><hAcc>1.654776</hAcc><vAcc>0.828217</vAcc></extensions></trkpt>
      <trkpt lon="-76.446886" lat="39.343231"><ele>21.958041</ele><time>2023-07-23T23:20:04Z</time><extensions><speed>1.141974</speed><course>46.503740</course><hAcc>1.658111</hAcc><vAcc>0.828115</vAcc></extensions></trkpt>
      <trkpt lon="-76.446876" lat="39.343238"><ele>21.959718</ele><time>2023-07-23T23:20:05Z</time><extensions><speed>1.164256</speed><course>46.948742</course><hAcc>1.653108</hAcc><vAcc>0.828005</vAcc></extensions></trkpt>
      <trkpt lon="-76.446867" lat="39.343246"><ele>21.970161</ele><time>2023-07-23T23:20:06Z</time><extensions><speed>1.121004</speed><course>45.922351</course><hAcc>1.646358</hAcc><vAcc>0.827936</vAcc></extensions></trkpt>
      <trkpt lon="-76.446858" lat="39.343253"><ele>21.978084</ele><time>2023-07-23T23:20:07Z</time><extensions><speed>1.097315</speed><course>38.893196</course><hAcc>1.640329</hAcc><vAcc>0.827864</vAcc></extensions></trkpt>
      <trkpt lon="-76.446851" lat="39.343261"><ele>21.997121</ele><time>2023-07-23T23:20:08Z</time><extensions><speed>1.147684</speed><course>33.183515</course><hAcc>1.631113</hAcc><vAcc>0.827798</vAcc></extensions></trkpt>
      <trkpt lon="-76.446844" lat="39.343270"><ele>22.029337</ele><time>2023-07-23T23:20:09Z</time><extensions><speed>1.166680</speed><course>29.040772</course><hAcc>1.621277</hAcc><vAcc>0.827766</vAcc></extensions></trkpt>
      <trkpt lon="-76.446838" lat="39.343280"><ele>22.060603</ele><time>2023-07-23T23:20:10Z</time><extensions><speed>1.165597</speed><course>26.990090</course><hAcc>1.606366</hAcc><vAcc>0.827738</vAcc></extensions></trkpt>
      <trkpt lon="-76.446831" lat="39.343289"><ele>22.087836</ele><time>2023-07-23T23:20:11Z</time><extensions><speed>1.173189</speed><course>28.375145</course><hAcc>1.579962</hAcc><vAcc>0.827727</vAcc></extensions></trkpt>
      <trkpt lon="-76.446825" lat="39.343299"><ele>22.095326</ele><time>2023-07-23T23:20:12Z</time><extensions><speed>1.235878</speed><course>31.685600</course><hAcc>1.576865</hAcc><vAcc>0.827758</vAcc></extensions></trkpt>
      <trkpt lon="-76.446816" lat="39.343307"><ele>22.100004</ele><time>2023-07-23T23:20:13Z</time><extensions><speed>1.101341</speed><course>44.888141</course><hAcc>1.609702</hAcc><vAcc>0.827773</vAcc></extensions></trkpt>
      <trkpt lon="-76.446809" lat="39.343315"><ele>22.091005</ele><time>2023-07-23T23:20:14Z</time><extensions><speed>1.167830</speed><course>32.377079</course><hAcc>1.558944</hAcc><vAcc>0.827785</vAcc></extensions></trkpt>
      <trkpt lon="-76.446802" lat="39.343325"><ele>22.096548</ele><time>2023-07-23T23:20:15Z</time><extensions><speed>1.334517</speed><course>25.028939</course><hAcc>1.555935</hAcc><vAcc>0.827810</vAcc></extensions></trkpt>
      <trkpt lon="-76.446796" lat="39.343335"><ele>22.106389</ele><time>2023-07-23T23:20:16Z</time><extensions><speed>1.183203</speed><course>23.177969</course><hAcc>1.601139</hAcc><vAcc>0.827813</vAcc></extensions></trkpt>
      <trkpt lon="-76.446792" lat="39.343345"><ele>22.125997</ele><time>2023-07-23T23:20:17Z</time><extensions><speed>1.135959</speed><course>13.653697</course><hAcc>1.568927</hAcc><vAcc>0.827790</vAcc></extensions></trkpt>
      <trkpt lon="-76.446789" lat="39.343355"><ele>22.131320</ele><time>2023-07-23T23:20:18Z</time><extensions><speed>1.069220</speed><course>10.010280</course><hAcc>1.562774</hAcc><vAcc>0.827742</vAcc></extensions></trkpt>
      <trkpt lon="-76.446788" lat="39.343365"><ele>22.124895</ele><time>2023-07-23T23:20:19Z</time><extensions><speed>1.055195</speed><course>6.761323</course><hAcc>1.578735</hAcc><vAcc>0.827665</vAcc></extensions></trkpt>
      <trkpt lon="-76.446787" lat="39.343375"><ele>22.101495</ele><time>2023-07-23T23:20:20Z</time><extensions><speed>1.291796</speed><course>3.600975</course><hAcc>1.572393</hAcc><vAcc>0.827551</vAcc></extensions></trkpt>
      <trkpt lon="-76.446786" lat="39.343387"><ele>22.072464</ele><time>2023-07-23T23:20:21Z</time><extensions><speed>1.366951</speed><course>357.703695</course><hAcc>1.581697</hAcc><vAcc>0.827433</vAcc></extensions></trkpt>
      <trkpt lon="-76.446788" lat="39.343399"><ele>22.036111</ele><time>2023-07-23T23:20:22Z</time><extensions><speed>1.181649</speed><course>350.390370</course><hAcc>1.607824</hAcc><vAcc>0.827262</vAcc></extensions></trkpt>
      <trkpt lon="-76.446792" lat="39.343408"><ele>21.992583</ele><time>2023-07-23T23:20:23Z</time><extensions><speed>1.131685</speed><course>333.330375</course><hAcc>1.579576</hAcc><vAcc>0.827095</vAcc></extensions></trkpt>
      <trkpt lon="-76.446800" lat="39.343418"><ele>21.948425</ele><time>2023-07-23T23:20:24Z</time><extensions><speed>1.325409</speed><course>324.364023</course><hAcc>1.590056</hAcc><vAcc>0.826907</vAcc></extensions></trkpt>
      <trkpt lon="-76.446809" lat="39.343427"><ele>21.899518</ele><time>2023-07-23T23:20:25Z</time><extensions><speed>1.251039</speed><course>315.105530</course><hAcc>1.638416</hAcc><vAcc>0.826699</vAcc></extensions></trkpt>
      <trkpt lon="-76.446820" lat="39.343435"><ele>21.839899</ele><time>2023-07-23T23:20:26Z</time><extensions><speed>1.352776</speed><course>311.272660</course><hAcc>1.606011</hAcc><vAcc>0.826505</vAcc></extensions></trkpt>
      <trkpt lon="-76.446832" lat="39.343443"><ele>21.770792</ele><time>2023-07-23T23:20:27Z</time><extensions><speed>1.349666</speed><course>310.653280</course><hAcc>1.598559</hAcc><vAcc>0.826318</vAcc></extensions></trkpt>
      <trkpt lon="-76.446844" lat="39.343450"><ele>21.694961</ele><time>2023-07-23T23:20:28Z</time><extensions><speed>1.301039</speed><course>311.361388</course><hAcc>1.608602</hAcc><vAcc>0.826138</vAcc></extensions></trkpt>
      <trkpt lon="-76.446854" lat="39.343458"><ele>21.604805</ele><time>2023-07-23T23:20:29Z</time><extensions><speed>1.191062</speed><course>312.118250</course><hAcc>1.617423</hAcc><vAcc>0.825968</vAcc></extensions></trkpt>
      <trkpt lon="-76.446864" lat="39.343465"><ele>21.525874</ele><time>2023-07-23T23:20:30Z</time><extensions><speed>1.132859</speed><course>312.797679</course><hAcc>1.639784</hAcc><vAcc>0.825815</vAcc></extensions></trkpt>
      <trkpt lon="-76.446874" lat="39.343472"><ele>21.446194</ele><time>2023-07-23T23:20:31Z</time><extensions><speed>1.172154</speed><course>313.434771</course><hAcc>1.672786</hAcc><vAcc>0.825659</vAcc></extensions></trkpt>
      <trkpt lon="-76.446884" lat="39.343480"><ele>21.353573</ele><time>2023-07-23T23:20:32Z</time><extensions><speed>1.212891</speed><course>314.168952</course><hAcc>1.649873</hAcc><vAcc>0.825500</vAcc></extensions></trkpt>
      <trkpt lon="-76.446894" lat="39.343487"><ele>21.255219</ele><time>2023-07-23T23:20:33Z</time><extensions><speed>1.206908</speed><course>313.970152</course><hAcc>1.647519</hAcc><vAcc>0.825336</vAcc></extensions></trkpt>
      <trkpt lon="-76.446904" lat="39.343495"><ele>21.159695</ele><time>2023-07-23T23:20:34Z</time><extensions><speed>1.183843</speed><course>313.071856</course><hAcc>1.643152</hAcc><vAcc>0.825181</vAcc></extensions></trkpt>
      <trkpt lon="-76.446914" lat="39.343502"><ele>21.055535</ele><time>2023-07-23T23:20:35Z</time><extensions><speed>1.129590</speed><course>314.458863</course><hAcc>1.646924</hAcc><vAcc>0.825023</vAcc></extensions></trkpt>
      <trkpt lon="-76.446923" lat="39.343509"><ele>20.958694</ele><time>2023-07-23T23:20:36Z</time><extensions><speed>1.110620</speed><course>312.840769</course><hAcc>1.654087</hAcc><vAcc>0.824874</vAcc></extensions></trkpt>
      <trkpt lon="-76.446933" lat="39.343515"><ele>20.867489</ele><time>2023-07-23T23:20:37Z</time><extensions><speed>1.085535</speed><course>314.023694</course><hAcc>1.670081</hAcc><vAcc>0.824738</vAcc></extensions></trkpt>
      <trkpt lon="-76.446942" lat="39.343522"><ele>20.776660</ele><time>2023-07-23T23:20:38Z</time><extensions><speed>1.101453</speed><course>315.238387</course><hAcc>1.683347</hAcc><vAcc>0.824614</vAcc></extensions></trkpt>
      <trkpt lon="-76.446950" lat="39.343529"><ele>20.698471</ele><time>2023-07-23T23:20:39Z</time><extensions><speed>1.052727</speed><course>316.450916</course><hAcc>1.674201</hAcc><vAcc>0.824531</vAcc></extensions></trkpt>
      <trkpt lon="-76.446959" lat="39.343536"><ele>20.625196</ele><time>2023-07-23T23:20:40Z</time><extensions><speed>1.050529</speed><course>315.526107</course><hAcc>1.673838</hAcc><vAcc>0.824479</vAcc></extensions></trkpt>
      <trkpt lon="-76.446967" lat="39.343543"><ele>20.570605</ele><time>2023-07-23T23:20:41Z</time><extensions><speed>1.127319</speed><course>313.373935</course><hAcc>1.677986</hAcc><vAcc>0.824479</vAcc></extensions></trkpt>
      <trkpt lon="-76.446977" lat="39.343550"><ele>20.519041</ele><time>2023-07-23T23:20:42Z</time><extensions><speed>1.067518</speed><course>312.379257</course><hAcc>1.679060</hAcc><vAcc>0.824554</vAcc></extensions></trkpt>
      <trkpt lon="-76.446985" lat="39.343556"><ele>20.452768</ele><time>2023-07-23T23:20:43Z</time><extensions><speed>0.890441</speed><course>313.385443</course><hAcc>1.675752</hAcc><vAcc>0.824670</vAcc></extensions></trkpt>
      <trkpt lon="-76.446991" lat="39.343561"><ele>20.403895</ele><time>2023-07-23T23:20:44Z</time><extensions><speed>0.729636</speed><course>325.188889</course><hAcc>1.673296</hAcc><vAcc>0.824848</vAcc></extensions></trkpt>
      <trkpt lon="-76.446995" lat="39.343567"><ele>20.368742</ele><time>2023-07-23T23:20:45Z</time><extensions><speed>0.720268</speed><course>343.431853</course><hAcc>1.670037</hAcc><vAcc>0.825046</vAcc></extensions></trkpt>
      <trkpt lon="-76.446996" lat="39.343574"><ele>20.328401</ele><time>2023-07-23T23:20:46Z</time><extensions><speed>0.866322</speed><course>357.099092</course><hAcc>1.656289</hAcc><vAcc>0.825291</vAcc></extensions></trkpt>
      <trkpt lon="-76.446995" lat="39.343582"><ele>20.308169</ele><time>2023-07-23T23:20:47Z</time><extensions><speed>0.959044</speed><course>11.068292</course><hAcc>1.642530</hAcc><vAcc>0.825542</vAcc></extensions></trkpt>
      <trkpt lon="-76.446991" lat="39.343590"><ele>20.283352</ele><time>2023-07-23T23:20:48Z</time><extensions><speed>0.971301</speed><course>29.928108</course><hAcc>1.637711</hAcc><vAcc>0.825805</vAcc></extensions></trkpt>
      <trkpt lon="-76.446984" lat="39.343597"><ele>20.253370</ele><time>2023-07-23T23:20:49Z</time><extensions><speed>1.075505</speed><course>41.171038</course><hAcc>1.638345</hAcc><vAcc>0.826040</vAcc></extensions></trkpt>
      <trkpt lon="-76.446975" lat="39.343604"><ele>20.223068</ele><time>2023-07-23T23:20:50Z</time><extensions><speed>1.168439</speed><course>50.384015</course><hAcc>1.623794</hAcc><vAcc>0.826240</vAcc></extensions></trkpt>
      <trkpt lon="-76.446964" lat="39.343611"><ele>20.190154</ele><time>2023-07-23T23:20:51Z</time><extensions><speed>1.228980</speed><course>56.840354</course><hAcc>1.635024</hAcc><vAcc>0.826395</vAcc></extensions></trkpt>
      <trkpt lon="-76.446951" lat="39.343617"><ele>20.165493</ele><time>2023-07-23T23:20:52Z</time><extensions><speed>1.312084</speed><course>57.850618</course><hAcc>1.643522</hAcc><vAcc>0.826507</vAcc></extensions></trkpt>
      <trkpt lon="-76.446939" lat="39.343623"><ele>20.149609</ele><time>2023-07-23T23:20:53Z</time><extensions><speed>1.277520</speed><course>53.579793</course><hAcc>1.630510</hAcc><vAcc>0.826573</vAcc></extensions></trkpt>
      <trkpt lon="-76.446928" lat="39.343630"><ele>20.129046</ele><time>2023-07-23T23:20:54Z</time><extensions><speed>1.148822</speed><course>46.178017</course><hAcc>1.635755</hAcc><vAcc>0.826608</vAcc></extensions></trkpt>
      <trkpt lon="-76.446919" lat="39.343637"><ele>20.118300</ele><time>2023-07-23T23:20:55Z</time><extensions><speed>1.097295</speed><course>45.382486</course><hAcc>1.645596</hAcc><vAcc>0.826630</vAcc></extensions></trkpt>
      <trkpt lon="-76.446910" lat="39.343644"><ele>20.107474</ele><time>2023-07-23T23:20:56Z</time><extensions><speed>1.029543</speed><course>46.844285</course><hAcc>1.658314</hAcc><vAcc>0.826648</vAcc></extensions></trkpt>
      <trkpt lon="-76.446901" lat="39.343650"><ele>20.110337</ele><time>2023-07-23T23:20:57Z</time><extensions><speed>1.052388</speed><course>48.507963</course><hAcc>1.664946</hAcc><vAcc>0.826666</vAcc></extensions></trkpt>
      <trkpt lon="-76.446892" lat="39.343657"><ele>20.127266</ele><time>2023-07-23T23:20:58Z</time><extensions><speed>1.074170</speed><course>49.306664</course><hAcc>1.666976</hAcc><vAcc>0.826690</vAcc></extensions></trkpt>
      <trkpt lon="-76.446882" lat="39.343663"><ele>20.137667</ele><time>2023-07-23T23:20:59Z</time><extensions><speed>1.039880</speed><course>48.676103</course><hAcc>1.668242</hAcc><vAcc>0.826725</vAcc></extensions></trkpt>
      <trkpt lon="-76.446873" lat="39.343669"><ele>20.135982</ele><time>2023-07-23T23:21:00Z</time><extensions><speed>1.003134</speed><course>49.015030</course><hAcc>1.667934</hAcc><vAcc>0.826770</vAcc></extensions></trkpt>
      <trkpt lon="-76.446864" lat="39.343675"><ele>20.146362</ele><time>2023-07-23T23:21:01Z</time><extensions><speed>1.010701</speed><course>51.507744</course><hAcc>1.665433</hAcc><vAcc>0.826819</vAcc></extensions></trkpt>
      <trkpt lon="-76.446855" lat="39.343680"><ele>20.176539</ele><time>2023-07-23T23:21:02Z</time><extensions><speed>1.069558</speed><course>52.800368</course><hAcc>1.661879</hAcc><vAcc>0.826877</vAcc></extensions></trkpt>
      <trkpt lon="-76.446845" lat="39.343686"><ele>20.214985</ele><time>2023-07-23T23:21:03Z</time><extensions><speed>1.090638</speed><course>52.811061</course><hAcc>1.660312</hAcc><vAcc>0.826965</vAcc></extensions></trkpt>
      <trkpt lon="-76.446835" lat="39.343692"><ele>20.250877</ele><time>2023-07-23T23:21:04Z</time><extensions><speed>1.051600</speed><course>54.169059</course><hAcc>1.662895</hAcc><vAcc>0.827051</vAcc></extensions></trkpt>
      <trkpt lon="-76.446825" lat="39.343698"><ele>20.268594</ele><time>2023-07-23T23:21:05Z</time><extensions><speed>1.020092</speed><course>56.131460</course><hAcc>1.670951</hAcc><vAcc>0.827174</vAcc></extensions></trkpt>
      <trkpt lon="-76.446815" lat="39.343703"><ele>20.291849</ele><time>2023-07-23T23:21:06Z</time><extensions><speed>1.098987</speed><course>54.023325</course><hAcc>1.661443</hAcc><vAcc>0.827307</vAcc></extensions></trkpt>
      <trkpt lon="-76.446805" lat="39.343709"><ele>20.316072</ele><time>2023-07-23T23:21:07Z</time><extensions><speed>1.157570</speed><course>53.582609</course><hAcc>1.656937</hAcc><vAcc>0.827427</vAcc></extensions></trkpt>
      <trkpt lon="-76.446794" lat="39.343715"><ele>20.330071</ele><time>2023-07-23T23:21:08Z</time><extensions><speed>1.151866</speed><course>51.293074</course><hAcc>1.655684</hAcc><vAcc>0.827551</vAcc></extensions></trkpt>
      <trkpt lon="-76.446784" lat="39.343722"><ele>20.346369</ele><time>2023-07-23T23:21:09Z</time><extensions><speed>1.146767</speed><course>47.326484</course><hAcc>1.650738</hAcc><vAcc>0.827671</vAcc></extensions></trkpt>
      <trkpt lon="-76.446774" lat="39.343729"><ele>20.350351</ele><time>2023-07-23T23:21:10Z</time><extensions><speed>1.120258</speed><course>43.029153</course><hAcc>1.640162</hAcc><vAcc>0.827791</vAcc></extensions></trkpt>
      <trkpt lon="-76.446766" lat="39.343737"><ele>20.348479</ele><time>2023-07-23T23:21:11Z</time><extensions><speed>1.131718</speed><course>40.320612</course><hAcc>1.623050</hAcc><vAcc>0.827924</vAcc></extensions></trkpt>
      <trkpt lon="-76.446757" lat="39.343745"><ele>20.346028</ele><time>2023-07-23T23:21:12Z</time><extensions><speed>1.220038</speed><course>38.836444</course><hAcc>1.605076</hAcc><vAcc>0.828042</vAcc></extensions></trkpt>
      <trkpt lon="-76.446748" lat="39.343754"><ele>20.354887</ele><time>2023-07-23T23:21:13Z</time><extensions><speed>1.254122</speed><course>40.056850</course><hAcc>1.593700</hAcc><vAcc>0.828154</vAcc></extensions></trkpt>
      <trkpt lon="-76.446738" lat="39.343763"><ele>20.367254</ele><time>2023-07-23T23:21:14Z</time><extensions><speed>1.262611</speed><course>39.480467</course><hAcc>1.594139</hAcc><vAcc>0.828253</vAcc></extensions></trkpt>
      <trkpt lon="-76.446730" lat="39.343771"><ele>20.381699</ele><time>2023-07-23T23:21:15Z</time><extensions><speed>1.122581</speed><course>36.983793</course><hAcc>1.638153</hAcc><vAcc>0.828353</vAcc></extensions></trkpt>
      <trkpt lon="-76.446722" lat="39.343779"><ele>20.394482</ele><time>2023-07-23T23:21:16Z</time><extensions><speed>1.059516</speed><course>36.139058</course><hAcc>1.602860</hAcc><vAcc>0.828396</vAcc></extensions></trkpt>
      <trkpt lon="-76.446714" lat="39.343787"><ele>20.395844</ele><time>2023-07-23T23:21:17Z</time><extensions><speed>1.220893</speed><course>37.039620</course><hAcc>1.577405</hAcc><vAcc>0.828400</vAcc></extensions></trkpt>
      <trkpt lon="-76.446706" lat="39.343796"><ele>20.401840</ele><time>2023-07-23T23:21:18Z</time><extensions><speed>1.259118</speed><course>35.132750</course><hAcc>1.589630</hAcc><vAcc>0.828382</vAcc></extensions></trkpt>
      <trkpt lon="-76.446697" lat="39.343805"><ele>20.420767</ele><time>2023-07-23T23:21:19Z</time><extensions><speed>1.247369</speed><course>35.329894</course><hAcc>1.614096</hAcc><vAcc>0.828329</vAcc></extensions></trkpt>
      <trkpt lon="-76.446689" lat="39.343814"><ele>20.423562</ele><time>2023-07-23T23:21:20Z</time><extensions><speed>1.160852</speed><course>41.347331</course><hAcc>1.629882</hAcc><vAcc>0.828241</vAcc></extensions></trkpt>
      <trkpt lon="-76.446679" lat="39.343822"><ele>20.419839</ele><time>2023-07-23T23:21:21Z</time><extensions><speed>1.196122</speed><course>46.882643</course><hAcc>1.620186</hAcc><vAcc>0.828128</vAcc></extensions></trkpt>
      <trkpt lon="-76.446669" lat="39.343829"><ele>20.425193</ele><time>2023-07-23T23:21:22Z</time><extensions><speed>1.180854</speed><course>48.240032</course><hAcc>1.606402</hAcc><vAcc>0.827998</vAcc></extensions></trkpt>
      <trkpt lon="-76.446659" lat="39.343836"><ele>20.435923</ele><time>2023-07-23T23:21:23Z</time><extensions><speed>1.192879</speed><course>43.204955</course><hAcc>1.599020</hAcc><vAcc>0.827837</vAcc></extensions></trkpt>
      <trkpt lon="-76.446650" lat="39.343846"><ele>20.437521</ele><time>2023-07-23T23:21:24Z</time><extensions><speed>1.411363</speed><course>37.110367</course><hAcc>1.619974</hAcc><vAcc>0.827662</vAcc></extensions></trkpt>
      <trkpt lon="-76.446640" lat="39.343855"><ele>20.450996</ele><time>2023-07-23T23:21:25Z</time><extensions><speed>1.192211</speed><course>38.663568</course><hAcc>1.667899</hAcc><vAcc>0.827481</vAcc></extensions></trkpt>
      <trkpt lon="-76.446632" lat="39.343863"><ele>20.431407</ele><time>2023-07-23T23:21:26Z</time><extensions><speed>1.107395</speed><course>40.636288</course><hAcc>1.621466</hAcc><vAcc>0.827285</vAcc></extensions></trkpt>
      <trkpt lon="-76.446623" lat="39.343871"><ele>20.370615</ele><time>2023-07-23T23:21:27Z</time><extensions><speed>1.159605</speed><course>40.011034</course><hAcc>1.605840</hAcc><vAcc>0.827105</vAcc></extensions></trkpt>
      <trkpt lon="-76.446614" lat="39.343879"><ele>20.295189</ele><time>2023-07-23T23:21:28Z</time><extensions><speed>1.216629</speed><course>40.723336</course><hAcc>1.619278</hAcc><vAcc>0.826983</vAcc></extensions></trkpt>
      <trkpt lon="-76.446605" lat="39.343887"><ele>20.227116</ele><time>2023-07-23T23:21:29Z</time><extensions><speed>1.275028</speed><course>40.760586</course><hAcc>1.632243</hAcc><vAcc>0.826900</vAcc></extensions></trkpt>
      <trkpt lon="-76.446596" lat="39.343896"><ele>20.147346</ele><time>2023-07-23T23:21:30Z</time><extensions><speed>1.228086</speed><course>38.247087</course><hAcc>1.640326</hAcc><vAcc>0.826848</vAcc></extensions></trkpt>
      <trkpt lon="-76.446588" lat="39.343905"><ele>20.063127</ele><time>2023-07-23T23:21:31Z</time><extensions><speed>1.148220</speed><course>33.957377</course><hAcc>1.649521</hAcc><vAcc>0.826836</vAcc></extensions></trkpt>
      <trkpt lon="-76.446580" lat="39.343913"><ele>19.973214</ele><time>2023-07-23T23:21:32Z</time><extensions><speed>1.114132</speed><course>35.882949</course><hAcc>1.656667</hAcc><vAcc>0.826860</vAcc></extensions></trkpt>
      <trkpt lon="-76.446572" lat="39.343921"><ele>19.900092</ele><time>2023-07-23T23:21:33Z</time><extensions><speed>1.147239</speed><course>38.171649</course><hAcc>1.644610</hAcc><vAcc>0.826927</vAcc></extensions></trkpt>
      <trkpt lon="-76.446563" lat="39.343929"><ele>19.835700</ele><time>2023-07-23T23:21:34Z</time><extensions><speed>1.207715</speed><course>44.314316</course><hAcc>1.634171</hAcc><vAcc>0.827026</vAcc></extensions></trkpt>
      <trkpt lon="-76.446553" lat="39.343937"><ele>19.771291</ele><time>2023-07-23T23:21:35Z</time><extensions><speed>1.254529</speed><course>44.090607</course><hAcc>1.630698</hAcc><vAcc>0.827138</vAcc></extensions></trkpt>
      <trkpt lon="-76.446543" lat="39.343945"><ele>19.711172</ele><time>2023-07-23T23:21:36Z</time><extensions><speed>1.218657</speed><course>43.877330</course><hAcc>1.642335</hAcc><vAcc>0.827259</vAcc></extensions></trkpt>
      <trkpt lon="-76.446533" lat="39.343952"><ele>19.664689</ele><time>2023-07-23T23:21:37Z</time><extensions><speed>1.052790</speed><course>49.967903</course><hAcc>1.670222</hAcc><vAcc>0.827410</vAcc></extensions></trkpt>
      <trkpt lon="-76.446524" lat="39.343957"><ele>19.619427</ele><time>2023-07-23T23:21:38Z</time><extensions><speed>1.013928</speed><course>58.373592</course><hAcc>1.652357</hAcc><vAcc>0.827545</vAcc></extensions></trkpt>
      <trkpt lon="-76.446514" lat="39.343962"><ele>19.580738</ele><time>2023-07-23T23:21:39Z</time><extensions><speed>0.982369</speed><course>65.391280</course><hAcc>1.642438</hAcc><vAcc>0.827674</vAcc></extensions></trkpt>
      <trkpt lon="-76.446503" lat="39.343965"><ele>19.578032</ele><time>2023-07-23T23:21:40Z</time><extensions><speed>0.974725</speed><course>71.163961</course><hAcc>1.647525</hAcc><vAcc>0.827780</vAcc></extensions></trkpt>
      <trkpt lon="-76.446493" lat="39.343968"><ele>19.581336</ele><time>2023-07-23T23:21:41Z</time><extensions><speed>0.877981</speed><course>77.328797</course><hAcc>1.649683</hAcc><vAcc>0.827870</vAcc></extensions></trkpt>
      <trkpt lon="-76.446482" lat="39.343969"><ele>19.590235</ele><time>2023-07-23T23:21:42Z</time><extensions><speed>0.954635</speed><course>80.339939</course><hAcc>1.642308</hAcc><vAcc>0.827918</vAcc></extensions></trkpt>
      <trkpt lon="-76.446470" lat="39.343971"><ele>19.605944</ele><time>2023-07-23T23:21:43Z</time><extensions><speed>1.125333</speed><course>77.786688</course><hAcc>1.632367</hAcc><vAcc>0.827934</vAcc></extensions></trkpt>
      <trkpt lon="-76.446458" lat="39.343974"><ele>19.623944</ele><time>2023-07-23T23:21:44Z</time><extensions><speed>1.142990</speed><course>68.630386</course><hAcc>1.622019</hAcc><vAcc>0.827961</vAcc></extensions></trkpt>
      <trkpt lon="-76.446445" lat="39.343980"><ele>19.635691</ele><time>2023-07-23T23:21:45Z</time><extensions><speed>1.369234</speed><course>58.671123</course><hAcc>1.575110</hAcc><vAcc>0.827950</vAcc></extensions></trkpt>
      <trkpt lon="-76.446431" lat="39.343987"><ele>19.657302</ele><time>2023-07-23T23:21:46Z</time><extensions><speed>1.458463</speed><course>50.099356</course><hAcc>1.558185</hAcc><vAcc>0.827938</vAcc></extensions></trkpt>
      <trkpt lon="-76.446419" lat="39.343996"><ele>19.682469</ele><time>2023-07-23T23:21:47Z</time><extensions><speed>1.297548</speed><course>44.306782</course><hAcc>1.585046</hAcc><vAcc>0.827911</vAcc></extensions></trkpt>
      <trkpt lon="-76.446410" lat="39.344005"><ele>19.717302</ele><time>2023-07-23T23:21:48Z</time><extensions><speed>1.390388</speed><course>29.706475</course><hAcc>1.535864</hAcc><vAcc>0.827862</vAcc></extensions></trkpt>
      <trkpt lon="-76.446402" lat="39.344016"><ele>19.743951</ele><time>2023-07-23T23:21:49Z</time><extensions><speed>1.359478</speed><course>28.442279</course><hAcc>1.533813</hAcc><vAcc>0.827826</vAcc></extensions></trkpt>
      <trkpt lon="-76.446394" lat="39.344027"><ele>19.765866</ele><time>2023-07-23T23:21:50Z</time><extensions><speed>1.482207</speed><course>35.075078</course><hAcc>1.510301</hAcc><vAcc>0.827767</vAcc></extensions></trkpt>
      <trkpt lon="-76.446384" lat="39.344038"><ele>19.790919</ele><time>2023-07-23T23:21:51Z</time><extensions><speed>1.367110</speed><course>36.304828</course><hAcc>1.527200</hAcc><vAcc>0.827699</vAcc></extensions></trkpt>
      <trkpt lon="-76.446374" lat="39.344048"><ele>19.794669</ele><time>2023-07-23T23:21:52Z</time><extensions><speed>1.527807</speed><course>36.360581</course><hAcc>1.484674</hAcc><vAcc>0.827644</vAcc></extensions></trkpt>
      <trkpt lon="-76.446363" lat="39.344059"><ele>19.792147</ele><time>2023-07-23T23:21:53Z</time><extensions><speed>1.549675</speed><course>38.532761</course><hAcc>1.489716</hAcc><vAcc>0.827575</vAcc></extensions></trkpt>
      <trkpt lon="-76.446353" lat="39.344069"><ele>19.792120</ele><time>2023-07-23T23:21:54Z</time><extensions><speed>1.309553</speed><course>40.610381</course><hAcc>1.542785</hAcc><vAcc>0.827493</vAcc></extensions></trkpt>
      <trkpt lon="-76.446342" lat="39.344078"><ele>19.795480</ele><time>2023-07-23T23:21:55Z</time><extensions><speed>1.364966</speed><course>46.906887</course><hAcc>1.516619</hAcc><vAcc>0.827428</vAcc></extensions></trkpt>
      <trkpt lon="-76.446330" lat="39.344085"><ele>19.812093</ele><time>2023-07-23T23:21:56Z</time><extensions><speed>1.252080</speed><course>56.115822</course><hAcc>1.545136</hAcc><vAcc>0.827363</vAcc></extensions></trkpt>
      <trkpt lon="-76.446318" lat="39.344092"><ele>19.829879</ele><time>2023-07-23T23:21:57Z</time><extensions><speed>1.278496</speed><course>48.645073</course><hAcc>1.511296</hAcc><vAcc>0.827305</vAcc></extensions></trkpt>
      <trkpt lon="-76.446308" lat="39.344101"><ele>19.845009</ele><time>2023-07-23T23:21:58Z</time><extensions><speed>1.304774</speed><course>38.563188</course><hAcc>1.517497</hAcc><vAcc>0.827242</vAcc></extensions></trkpt>
      <trkpt lon="-76.446299" lat="39.344110"><ele>19.858371</ele><time>2023-07-23T23:21:59Z</time><extensions><speed>1.350000</speed><course>35.770203</course><hAcc>1.551701</hAcc><vAcc>0.827181</vAcc></extensions></trkpt>
      <trkpt lon="-76.446289" lat="39.344120"><ele>19.871146</ele><time>2023-07-23T23:22:00Z</time><extensions><speed>1.387314</speed><course>37.188399</course><hAcc>1.537505</hAcc><vAcc>0.827126</vAcc></extensions></trkpt>
      <trkpt lon="-76.446279" lat="39.344130"><ele>19.884182</ele><time>2023-07-23T23:22:01Z</time><extensions><speed>1.374321</speed><course>40.018788</course><hAcc>1.561206</hAcc><vAcc>0.827077</vAcc></extensions></trkpt>
      <trkpt lon="-76.446269" lat="39.344139"><ele>19.893684</ele><time>2023-07-23T23:22:02Z</time><extensions><speed>1.219525</speed><course>42.583992</course><hAcc>1.617463</hAcc><vAcc>0.827031</vAcc></extensions></trkpt>
      <trkpt lon="-76.446260" lat="39.344147"><ele>19.897690</ele><time>2023-07-23T23:22:03Z</time><extensions><speed>1.226324</speed><course>39.911206</course><hAcc>1.577728</hAcc><vAcc>0.826996</vAcc></extensions></trkpt>
      <trkpt lon="-76.446251" lat="39.344156"><ele>19.899049</ele><time>2023-07-23T23:22:04Z</time><extensions><speed>1.275210</speed><course>35.740763</course><hAcc>1.572993</hAcc><vAcc>0.826965</vAcc></extensions></trkpt>
      <trkpt lon="-76.446242" lat="39.344165"><ele>19.901519</ele><time>2023-07-23T23:22:05Z</time><extensions><speed>1.248097</speed><course>37.876257</course><hAcc>1.596676</hAcc><vAcc>0.826930</vAcc></extensions></trkpt>
      <trkpt lon="-76.446233" lat="39.344174"><ele>19.904347</ele><time>2023-07-23T23:22:06Z</time><extensions><speed>1.263051</speed><course>41.124163</course><hAcc>1.619307</hAcc><vAcc>0.826893</vAcc></extensions></trkpt>
      <trkpt lon="-76.446223" lat="39.344182"><ele>19.894889</ele><time>2023-07-23T23:22:07Z</time><extensions><speed>1.255074</speed><course>43.736169</course><hAcc>1.643209</hAcc><vAcc>0.826865</vAcc></extensions></trkpt>
      <trkpt lon="-76.446213" lat="39.344190"><ele>19.895890</ele><time>2023-07-23T23:22:08Z</time><extensions><speed>1.202943</speed><course>45.002020</course><hAcc>1.644054</hAcc><vAcc>0.826841</vAcc></extensions></trkpt>
      <trkpt lon="-76.446204" lat="39.344198"><ele>19.884931</ele><time>2023-07-23T23:22:09Z</time><extensions><speed>1.162222</speed><course>45.232717</course><hAcc>1.649421</hAcc><vAcc>0.826827</vAcc></extensions></trkpt>
      <trkpt lon="-76.446194" lat="39.344205"><ele>19.868615</ele><time>2023-07-23T23:22:10Z</time><extensions><speed>1.130812</speed><course>44.822646</course><hAcc>1.658324</hAcc><vAcc>0.826844</vAcc></extensions></trkpt>
      <trkpt lon="-76.446185" lat="39.344212"><ele>19.848550</ele><time>2023-07-23T23:22:11Z</time><extensions><speed>1.071146</speed><course>44.150709</course><hAcc>1.665328</hAcc><vAcc>0.826889</vAcc></extensions></trkpt>
      <trkpt lon="-76.446177" lat="39.344219"><ele>19.827755</ele><time>2023-07-23T23:22:12Z</time><extensions><speed>1.049942</speed><course>44.780748</course><hAcc>1.668403</hAcc><vAcc>0.826944</vAcc></extensions></trkpt>
      <trkpt lon="-76.446168" lat="39.344226"><ele>19.823224</ele><time>2023-07-23T23:22:13Z</time><extensions><speed>1.060217</speed><course>43.222800</course><hAcc>1.669695</hAcc><vAcc>0.827019</vAcc></extensions></trkpt>
      <trkpt lon="-76.446160" lat="39.344233"><ele>19.811555</ele><time>2023-07-23T23:22:14Z</time><extensions><speed>1.081273</speed><course>40.754938</course><hAcc>1.669266</hAcc><vAcc>0.827097</vAcc></extensions></trkpt>
      <trkpt lon="-76.446151" lat="39.344240"><ele>19.807742</ele><time>2023-07-23T23:22:15Z</time><extensions><speed>1.056668</speed><course>41.378950</course><hAcc>1.662841</hAcc><vAcc>0.827187</vAcc></extensions></trkpt>
      <trkpt lon="-76.446143" lat="39.344247"><ele>19.816935</ele><time>2023-07-23T23:22:16Z</time><extensions><speed>1.014583</speed><course>41.979073</course><hAcc>1.650180</hAcc><vAcc>0.827302</vAcc></extensions></trkpt>
      <trkpt lon="-76.446136" lat="39.344253"><ele>19.812346</ele><time>2023-07-23T23:22:17Z</time><extensions><speed>0.903418</speed><course>41.767739</course><hAcc>1.631415</hAcc><vAcc>0.827427</vAcc></extensions></trkpt>
      <trkpt lon="-76.446129" lat="39.344260"><ele>19.797914</ele><time>2023-07-23T23:22:18Z</time><extensions><speed>0.946956</speed><course>43.387043</course><hAcc>1.605654</hAcc><vAcc>0.827543</vAcc></extensions></trkpt>
      <trkpt lon="-76.446121" lat="39.344266"><ele>19.780377</ele><time>2023-07-23T23:22:19Z</time><extensions><speed>1.029934</speed><course>42.684724</course><hAcc>1.589045</hAcc><vAcc>0.827642</vAcc></extensions></trkpt>
      <trkpt lon="-76.446112" lat="39.344273"><ele>19.775102</ele><time>2023-07-23T23:22:20Z</time><extensions><speed>1.155766</speed><course>40.185047</course><hAcc>1.607410</hAcc><vAcc>0.827718</vAcc></extensions></trkpt>
      <trkpt lon="-76.446103" lat="39.344282"><ele>19.786526</ele><time>2023-07-23T23:22:21Z</time><extensions><speed>1.248645</speed><course>42.001617</course><hAcc>1.624077</hAcc><vAcc>0.827769</vAcc></extensions></trkpt>
      <trkpt lon="-76.446093" lat="39.344289"><ele>19.783256</ele><time>2023-07-23T23:22:22Z</time><extensions><speed>1.186222</speed><course>48.407267</course><hAcc>1.586783</hAcc><vAcc>0.827810</vAcc></extensions></trkpt>
      <trkpt lon="-76.446083" lat="39.344296"><ele>19.779975</ele><time>2023-07-23T23:22:23Z</time><extensions><speed>1.096242</speed><course>51.641121</course><hAcc>1.594976</hAcc><vAcc>0.827807</vAcc></extensions></trkpt>
      <trkpt lon="-76.446073" lat="39.344302"><ele>19.785832</ele><time>2023-07-23T23:22:24Z</time><extensions><speed>1.109877</speed><course>49.194703</course><hAcc>1.581333</hAcc><vAcc>0.827790</vAcc></extensions></trkpt>
      <trkpt lon="-76.446063" lat="39.344309"><ele>19.787401</ele><time>2023-07-23T23:22:25Z</time><extensions><speed>1.129860</speed><course>45.941057</course><hAcc>1.589248</hAcc><vAcc>0.827752</vAcc></extensions></trkpt>
      <trkpt lon="-76.446054" lat="39.344317"><ele>19.774715</ele><time>2023-07-23T23:22:26Z</time><extensions><speed>1.135913</speed><course>43.625203</course><hAcc>1.614721</hAcc><vAcc>0.827676</vAcc></extensions></trkpt>
      <trkpt lon="-76.446045" lat="39.344324"><ele>19.753896</ele><time>2023-07-23T23:22:27Z</time><extensions><speed>1.139468</speed><course>41.048921</course><hAcc>1.637616</hAcc><vAcc>0.827579</vAcc></extensions></trkpt>
      <trkpt lon="-76.446037" lat="39.344332"><ele>19.735018</ele><time>2023-07-23T23:22:28Z</time><extensions><speed>1.114058</speed><course>39.336356</course><hAcc>1.627085</hAcc><vAcc>0.827464</vAcc></extensions></trkpt>
      <trkpt lon="-76.446029" lat="39.344340"><ele>19.716265</ele><time>2023-07-23T23:22:29Z</time><extensions><speed>1.166465</speed><course>40.761107</course><hAcc>1.617578</hAcc><vAcc>0.827341</vAcc></extensions></trkpt>
      <trkpt lon="-76.446020" lat="39.344348"><ele>19.703302</ele><time>2023-07-23T23:22:30Z</time><extensions><speed>1.215090</speed><course>41.284736</course><hAcc>1.609901</hAcc><vAcc>0.827238</vAcc></extensions></trkpt>
      <trkpt lon="-76.446010" lat="39.344356"><ele>19.683893</ele><time>2023-07-23T23:22:31Z</time><extensions><speed>1.241768</speed><course>41.606661</course><hAcc>1.599571</hAcc><vAcc>0.827154</vAcc></extensions></trkpt>
      <trkpt lon="-76.446001" lat="39.344364"><ele>19.662930</ele><time>2023-07-23T23:22:32Z</time><extensions><speed>1.208363</speed><course>42.750510</course><hAcc>1.593742</hAcc><vAcc>0.827076</vAcc></extensions></trkpt>
      <trkpt lon="-76.445991" lat="39.344372"><ele>19.645035</ele><time>2023-07-23T23:22:33Z</time><extensions><speed>1.248178</speed><course>44.556896</course><hAcc>1.606520</hAcc><vAcc>0.827005</vAcc></extensions></trkpt>
      <trkpt lon="-76.445980" lat="39.344380"><ele>19.632779</ele><time>2023-07-23T23:22:34Z</time><extensions><speed>1.253153</speed><course>48.056819</course><hAcc>1.649485</hAcc><vAcc>0.826932</vAcc></extensions></trkpt>
      <trkpt lon="-76.445970" lat="39.344388"><ele>19.621404</ele><time>2023-07-23T23:22:35Z</time><extensions><speed>1.211173</speed><course>41.589179</course><hAcc>1.611815</hAcc><vAcc>0.826859</vAcc></extensions></trkpt>
      <trkpt lon="-76.445961" lat="39.344397"><ele>19.612607</ele><time>2023-07-23T23:22:36Z</time><extensions><speed>1.206624</speed><course>36.111716</course><hAcc>1.596758</hAcc><vAcc>0.826791</vAcc></extensions></trkpt>
      <trkpt lon="-76.445953" lat="39.344405"><ele>19.598633</ele><time>2023-07-23T23:22:37Z</time><extensions><speed>1.179850</speed><course>34.539313</course><hAcc>1.614284</hAcc><vAcc>0.826729</vAcc></extensions></trkpt>
      <trkpt lon="-76.445946" lat="39.344414"><ele>19.592412</ele><time>2023-07-23T23:22:38Z</time><extensions><speed>1.159988</speed><course>37.442203</course><hAcc>1.638367</hAcc><vAcc>0.826671</vAcc></extensions></trkpt>
      <trkpt lon="-76.445937" lat="39.344421"><ele>19.586612</ele><time>2023-07-23T23:22:39Z</time><extensions><speed>1.065180</speed><course>47.265519</course><hAcc>1.655457</hAcc><vAcc>0.826620</vAcc></extensions></trkpt>
      <trkpt lon="-76.445928" lat="39.344427"><ele>19.587649</ele><time>2023-07-23T23:22:40Z</time><extensions><speed>0.945786</speed><course>56.591506</course><hAcc>1.662124</hAcc><vAcc>0.826571</vAcc></extensions></trkpt>
      <trkpt lon="-76.445919" lat="39.344432"><ele>19.597061</ele><time>2023-07-23T23:22:41Z</time><extensions><speed>0.925626</speed><course>57.707826</course><hAcc>1.666173</hAcc><vAcc>0.826543</vAcc></extensions></trkpt>
      <trkpt lon="-76.445910" lat="39.344437"><ele>19.601276</ele><time>2023-07-23T23:22:42Z</time><extensions><speed>0.968685</speed><course>49.106929</course><hAcc>1.670341</hAcc><vAcc>0.826491</vAcc></extensions></trkpt>
      <trkpt lon="-76.445902" lat="39.344443"><ele>19.614046</ele><time>2023-07-23T23:22:43Z</time><extensions><speed>1.085910</speed><course>39.995071</course><hAcc>1.671697</hAcc><vAcc>0.826425</vAcc></extensions></trkpt>
      <trkpt lon="-76.445894" lat="39.344452"><ele>19.620092</ele><time>2023-07-23T23:22:44Z</time><extensions><speed>1.196582</speed><course>31.618833</course><hAcc>1.670373</hAcc><vAcc>0.826354</vAcc></extensions></trkpt>
      <trkpt lon="-76.445888" lat="39.344461"><ele>19.628720</ele><time>2023-07-23T23:22:45Z</time><extensions><speed>1.228027</speed><course>25.563575</course><hAcc>1.666541</hAcc><vAcc>0.826281</vAcc></extensions></trkpt>
      <trkpt lon="-76.445882" lat="39.344471"><ele>19.640305</ele><time>2023-07-23T23:22:46Z</time><extensions><speed>1.206880</speed><course>19.789444</course><hAcc>1.664417</hAcc><vAcc>0.826240</vAcc></extensions></trkpt>
      <trkpt lon="-76.445878" lat="39.344482"><ele>19.651852</ele><time>2023-07-23T23:22:47Z</time><extensions><speed>1.148304</speed><course>12.986201</course><hAcc>1.662862</hAcc><vAcc>0.826206</vAcc></extensions></trkpt>
      <trkpt lon="-76.445876" lat="39.344492"><ele>19.673496</ele><time>2023-07-23T23:22:48Z</time><extensions><speed>1.128615</speed><course>6.168562</course><hAcc>1.655739</hAcc><vAcc>0.826194</vAcc></extensions></trkpt>
      <trkpt lon="-76.445876" lat="39.344502"><ele>19.687546</ele><time>2023-07-23T23:22:49Z</time><extensions><speed>1.114150</speed><course>359.690676</course><hAcc>1.653614</hAcc><vAcc>0.826182</vAcc></extensions></trkpt>
      <trkpt lon="-76.445876" lat="39.344512"><ele>19.680045</ele><time>2023-07-23T23:22:50Z</time><extensions><speed>1.150560</speed><course>358.797295</course><hAcc>1.659289</hAcc><vAcc>0.826179</vAcc></extensions></trkpt>
      <trkpt lon="-76.445876" lat="39.344522"><ele>19.667227</ele><time>2023-07-23T23:22:51Z</time><extensions><speed>1.027939</speed><course>359.973146</course><hAcc>1.669430</hAcc><vAcc>0.826206</vAcc></extensions></trkpt>
      <trkpt lon="-76.445877" lat="39.344530"><ele>19.656261</ele><time>2023-07-23T23:22:52Z</time><extensions><speed>0.809786</speed><course>347.794814</course><hAcc>1.650519</hAcc><vAcc>0.826240</vAcc></extensions></trkpt>
      <trkpt lon="-76.445880" lat="39.344537"><ele>19.646786</ele><time>2023-07-23T23:22:53Z</time><extensions><speed>0.827325</speed><course>336.897429</course><hAcc>1.649907</hAcc><vAcc>0.826294</vAcc></extensions></trkpt>
      <trkpt lon="-76.445885" lat="39.344544"><ele>19.633806</ele><time>2023-07-23T23:22:54Z</time><extensions><speed>0.953663</speed><course>328.587254</course><hAcc>1.650878</hAcc><vAcc>0.826362</vAcc></extensions></trkpt>
      <trkpt lon="-76.445892" lat="39.344551"><ele>19.618149</ele><time>2023-07-23T23:22:55Z</time><extensions><speed>1.049415</speed><course>318.149718</course><hAcc>1.646443</hAcc><vAcc>0.826426</vAcc></extensions></trkpt>
      <trkpt lon="-76.445901" lat="39.344558"><ele>19.602493</ele><time>2023-07-23T23:22:56Z</time><extensions><speed>1.121570</speed><course>309.879000</course><hAcc>1.641737</hAcc><vAcc>0.826492</vAcc></extensions></trkpt>
      <trkpt lon="-76.445912" lat="39.344565"><ele>19.597757</ele><time>2023-07-23T23:22:57Z</time><extensions><speed>1.297865</speed><course>310.109108</course><hAcc>1.642049</hAcc><vAcc>0.826558</vAcc></extensions></trkpt>
      <trkpt lon="-76.445923" lat="39.344572"><ele>19.592221</ele><time>2023-07-23T23:22:58Z</time><extensions><speed>1.238105</speed><course>313.201130</course><hAcc>1.659932</hAcc><vAcc>0.826627</vAcc></extensions></trkpt>
      <trkpt lon="-76.445933" lat="39.344580"><ele>19.584554</ele><time>2023-07-23T23:22:59Z</time><extensions><speed>1.175626</speed><course>312.073319</course><hAcc>1.630770</hAcc><vAcc>0.826683</vAcc></extensions></trkpt>
      <trkpt lon="-76.445943" lat="39.344587"><ele>19.573758</ele><time>2023-07-23T23:23:00Z</time><extensions><speed>1.121805</speed><course>311.150159</course><hAcc>1.616292</hAcc><vAcc>0.826736</vAcc></extensions></trkpt>
      <trkpt lon="-76.445953" lat="39.344593"><ele>19.555881</ele><time>2023-07-23T23:23:01Z</time><extensions><speed>1.161494</speed><course>311.662134</course><hAcc>1.620302</hAcc><vAcc>0.826781</vAcc></extensions></trkpt>
      <trkpt lon="-76.445963" lat="39.344600"><ele>19.513675</ele><time>2023-07-23T23:23:02Z</time><extensions><speed>1.148906</speed><course>309.630353</course><hAcc>1.627909</hAcc><vAcc>0.826820</vAcc></extensions></trkpt>
      <trkpt lon="-76.445974" lat="39.344607"><ele>19.494050</ele><time>2023-07-23T23:23:03Z</time><extensions><speed>1.139990</speed><course>308.782325</course><hAcc>1.658694</hAcc><vAcc>0.826851</vAcc></extensions></trkpt>
      <trkpt lon="-76.445984" lat="39.344613"><ele>19.482686</ele><time>2023-07-23T23:23:04Z</time><extensions><speed>1.113500</speed><course>306.647234</course><hAcc>1.647112</hAcc><vAcc>0.826888</vAcc></extensions></trkpt>
      <trkpt lon="-76.445994" lat="39.344619"><ele>19.481737</ele><time>2023-07-23T23:23:05Z</time><extensions><speed>1.121819</speed><course>305.407979</course><hAcc>1.630310</hAcc><vAcc>0.826907</vAcc></extensions></trkpt>
      <trkpt lon="-76.446005" lat="39.344625"><ele>19.484872</ele><time>2023-07-23T23:23:06Z</time><extensions><speed>1.189013</speed><course>306.464674</course><hAcc>1.636029</hAcc><vAcc>0.826947</vAcc></extensions></trkpt>
      <trkpt lon="-76.446016" lat="39.344632"><ele>19.482051</ele><time>2023-07-23T23:23:07Z</time><extensions><speed>1.269659</speed><course>309.339314</course><hAcc>1.654612</hAcc><vAcc>0.826980</vAcc></extensions></trkpt>
      <trkpt lon="-76.446027" lat="39.344639"><ele>19.474564</ele><time>2023-07-23T23:23:08Z</time><extensions><speed>1.242782</speed><course>313.310055</course><hAcc>1.674008</hAcc><vAcc>0.827018</vAcc></extensions></trkpt>
      <trkpt lon="-76.446037" lat="39.344647"><ele>19.466936</ele><time>2023-07-23T23:23:09Z</time><extensions><speed>1.171807</speed><course>315.612070</course><hAcc>1.668742</hAcc><vAcc>0.827057</vAcc></extensions></trkpt>
      <trkpt lon="-76.446047" lat="39.344655"><ele>19.450661</ele><time>2023-07-23T23:23:10Z</time><extensions><speed>1.135594</speed><course>316.951341</course><hAcc>1.663879</hAcc><vAcc>0.827098</vAcc></extensions></trkpt>
      <trkpt lon="-76.446055" lat="39.344662"><ele>19.427577</ele><time>2023-07-23T23:23:11Z</time><extensions><speed>1.072186</speed><course>317.585809</course><hAcc>1.660885</hAcc><vAcc>0.827146</vAcc></extensions></trkpt>
      <trkpt lon="-76.446063" lat="39.344669"><ele>19.383196</ele><time>2023-07-23T23:23:12Z</time><extensions><speed>0.989870</speed><course>318.189001</course><hAcc>1.657285</hAcc><vAcc>0.827194</vAcc></extensions></trkpt>
      <trkpt lon="-76.446071" lat="39.344675"><ele>19.341600</ele><time>2023-07-23T23:23:13Z</time><extensions><speed>1.003636</speed><course>318.208519</course><hAcc>1.657725</hAcc><vAcc>0.827246</vAcc></extensions></trkpt>
      <trkpt lon="-76.446079" lat="39.344683"><ele>19.304349</ele><time>2023-07-23T23:23:14Z</time><extensions><speed>1.094671</speed><course>318.476525</course><hAcc>1.667938</hAcc><vAcc>0.827295</vAcc></extensions></trkpt>
      <trkpt lon="-76.446087" lat="39.344690"><ele>19.264058</ele><time>2023-07-23T23:23:15Z</time><extensions><speed>1.104987</speed><course>320.740271</course><hAcc>1.661197</hAcc><vAcc>0.827314</vAcc></extensions></trkpt>
      <trkpt lon="-76.446095" lat="39.344697"><ele>19.222636</ele><time>2023-07-23T23:23:16Z</time><extensions><speed>0.988811</speed><course>319.024692</course><hAcc>1.669574</hAcc><vAcc>0.827323</vAcc></extensions></trkpt>
      <trkpt lon="-76.446103" lat="39.344704"><ele>19.171877</ele><time>2023-07-23T23:23:17Z</time><extensions><speed>1.046392</speed><course>317.722778</course><hAcc>1.658058</hAcc><vAcc>0.827315</vAcc></extensions></trkpt>
      <trkpt lon="-76.446111" lat="39.344711"><ele>19.134768</ele><time>2023-07-23T23:23:18Z</time><extensions><speed>1.118514</speed><course>318.028888</course><hAcc>1.657899</hAcc><vAcc>0.827296</vAcc></extensions></trkpt>
      <trkpt lon="-76.446120" lat="39.344719"><ele>19.099077</ele><time>2023-07-23T23:23:19Z</time><extensions><speed>1.122861</speed><course>318.700561</course><hAcc>1.665075</hAcc><vAcc>0.827259</vAcc></extensions></trkpt>
      <trkpt lon="-76.446129" lat="39.344726"><ele>19.065259</ele><time>2023-07-23T23:23:20Z</time><extensions><speed>1.098170</speed><course>317.167984</course><hAcc>1.670525</hAcc><vAcc>0.827209</vAcc></extensions></trkpt>
      <trkpt lon="-76.446137" lat="39.344733"><ele>19.037169</ele><time>2023-07-23T23:23:21Z</time><extensions><speed>0.970791</speed><course>319.559562</course><hAcc>1.677828</hAcc><vAcc>0.827142</vAcc></extensions></trkpt>
      <trkpt lon="-76.446143" lat="39.344739"><ele>19.013582</ele><time>2023-07-23T23:23:22Z</time><extensions><speed>0.783612</speed><course>320.179350</course><hAcc>1.684853</hAcc><vAcc>0.827069</vAcc></extensions></trkpt>
      <trkpt lon="-76.446148" lat="39.344744"><ele>18.995590</ele><time>2023-07-23T23:23:23Z</time><extensions><speed>0.514090</speed><course>319.813208</course><hAcc>1.691292</hAcc><vAcc>0.826989</vAcc></extensions></trkpt>
      <trkpt lon="-76.446150" lat="39.344746"><ele>18.983750</ele><time>2023-07-23T23:23:24Z</time><extensions><speed>0.114004</speed><course>307.253336</course><hAcc>1.701050</hAcc><vAcc>0.826903</vAcc></extensions></trkpt>
      <trkpt lon="-76.446151" lat="39.344746"><ele>18.978124</ele><time>2023-07-23T23:23:25Z</time><extensions><speed>0.062886</speed><course>186.560211</course><hAcc>1.695696</hAcc><vAcc>0.826814</vAcc></extensions></trkpt>
      <trkpt lon="-76.446151" lat="39.344745"><ele>18.978447</ele><time>2023-07-23T23:23:26Z</time><extensions><speed>0.109777</speed><course>169.979982</course><hAcc>1.699654</hAcc><vAcc>0.826724</vAcc></extensions></trkpt>
      <trkpt lon="-76.446151" lat="39.344744"><ele>18.984210</ele><time>2023-07-23T23:23:27Z</time><extensions><speed>0.113606</speed><course>168.366343</course><hAcc>1.709109</hAcc><vAcc>0.826637</vAcc></extensions></trkpt>
      <trkpt lon="-76.446150" lat="39.344743"><ele>18.994627</ele><time>2023-07-23T23:23:28Z</time><extensions><speed>0.097365</speed><course>168.407533</course><hAcc>1.716545</hAcc><vAcc>0.826554</vAcc></extensions></trkpt>
      <trkpt lon="-76.446150" lat="39.344742"><ele>19.008675</ele><time>2023-07-23T23:23:29Z</time><extensions><speed>0.078203</speed><course>169.260571</course><hAcc>1.721454</hAcc><vAcc>0.826475</vAcc></extensions></trkpt>
      <trkpt lon="-76.446150" lat="39.344742"><ele>19.025299</ele><time>2023-07-23T23:23:30Z</time><extensions><speed>0.064224</speed><course>170.452413</course><hAcc>1.723043</hAcc><vAcc>0.826404</vAcc></extensions></trkpt>
      <trkpt lon="-76.446150" lat="39.344741"><ele>19.043546</ele><time>2023-07-23T23:23:31Z</time><extensions><speed>0.050760</speed><course>171.090801</course><hAcc>1.722418</hAcc><vAcc>0.826340</vAcc></extensions></trkpt>
      <trkpt lon="-76.446150" lat="39.344741"><ele>19.062589</ele><time>2023-07-23T23:23:32Z</time><extensions><speed>0.037292</speed><course>171.467174</course><hAcc>1.720483</hAcc><vAcc>0.826284</vAcc></extensions></trkpt>
      <trkpt lon="-76.446150" lat="39.344740"><ele>19.081749</ele><time>2023-07-23T23:23:33Z</time><extensions><speed>0.026003</speed><course>171.717154</course><hAcc>1.718456</hAcc><vAcc>0.826232</vAcc></extensions></trkpt>
      <trkpt lon="-76.446150" lat="39.344740"><ele>19.100500</ele><time>2023-07-23T23:23:34Z</time><extensions><speed>0.017498</speed><course>171.897307</course><hAcc>1.715762</hAcc><vAcc>0.826185</vAcc></extensions></trkpt>
      <trkpt lon="-76.446150" lat="39.344740"><ele>19.119628</ele><time>2023-07-23T23:23:35Z</time><extensions><speed>0.015115</speed><course>168.691731</course><hAcc>1.711509</hAcc><vAcc>0.826131</vAcc></extensions></trkpt>
      <trkpt lon="-76.446150" lat="39.344740"><ele>19.137842</ele><time>2023-07-23T23:23:36Z</time><extensions><speed>0.015459</speed><course>164.745291</course><hAcc>1.707133</hAcc><vAcc>0.826077</vAcc></extensions></trkpt>
      <trkpt lon="-76.446150" lat="39.344740"><ele>19.154952</ele><time>2023-07-23T23:23:37Z</time><extensions><speed>0.018593</speed><course>161.596877</course><hAcc>1.699151</hAcc><vAcc>0.826022</vAcc></extensions></trkpt>
      <trkpt lon="-76.446150" lat="39.344739"><ele>19.170843</ele><time>2023-07-23T23:23:38Z</time><extensions><speed>0.024356</speed><course>159.744084</course><hAcc>1.687177</hAcc><vAcc>0.825968</vAcc></extensions></trkpt>
      <trkpt lon="-76.446149" lat="39.344739"><ele>19.185462</ele><time>2023-07-23T23:23:39Z</time><extensions><speed>0.032289</speed><course>158.804141</course><hAcc>1.673715</hAcc><vAcc>0.825914</vAcc></extensions></trkpt>
      <trkpt lon="-76.446149" lat="39.344739"><ele>19.198800</ele><time>2023-07-23T23:23:40Z</time><extensions><speed>0.041784</speed><course>158.348958</course><hAcc>1.661264</hAcc><vAcc>0.825858</vAcc></extensions></trkpt>
      <trkpt lon="-76.446149" lat="39.344738"><ele>19.210883</ele><time>2023-07-23T23:23:41Z</time><extensions><speed>0.052468</speed><course>158.131265</course><hAcc>1.655360</hAcc><vAcc>0.825802</vAcc></extensions></trkpt>
      <trkpt lon="-76.446149" lat="39.344738"><ele>19.221250</ele><time>2023-07-23T23:23:42Z</time><extensions><speed>0.059231</speed><course>158.098694</course><hAcc>1.668762</hAcc><vAcc>0.825752</vAcc></extensions></trkpt>
      <trkpt lon="-76.446149" lat="39.344737"><ele>19.230946</ele><time>2023-07-23T23:23:43Z</time><extensions><speed>0.069700</speed><course>158.165819</course><hAcc>1.682792</hAcc><vAcc>0.825703</vAcc></extensions></trkpt>
      <trkpt lon="-76.446148" lat="39.344737"><ele>19.213931</ele><time>2023-07-23T23:23:44Z</time><extensions><speed>0.095580</speed><course>158.573650</course><hAcc>1.675503</hAcc><vAcc>0.825647</vAcc></extensions></trkpt>
      <trkpt lon="-76.446148" lat="39.344736"><ele>19.208253</ele><time>2023-07-23T23:23:45Z</time><extensions><speed>0.114371</speed><course>160.001103</course><hAcc>1.660630</hAcc><vAcc>0.825596</vAcc></extensions></trkpt>
      <trkpt lon="-76.446148" lat="39.344735"><ele>19.189515</ele><time>2023-07-23T23:23:46Z</time><extensions><speed>0.094792</speed><course>163.369632</course><hAcc>1.669410</hAcc><vAcc>0.825540</vAcc></extensions></trkpt>
      <trkpt lon="-76.446147" lat="39.344734"><ele>19.163526</ele><time>2023-07-23T23:23:47Z</time><extensions><speed>0.060838</speed><course>172.365028</course><hAcc>1.687084</hAcc><vAcc>0.825498</vAcc></extensions></trkpt>
      <trkpt lon="-76.446147" lat="39.344734"><ele>19.155848</ele><time>2023-07-23T23:23:48Z</time><extensions><speed>0.030429</speed><course>211.517942</course><hAcc>1.699074</hAcc><vAcc>0.825474</vAcc></extensions></trkpt>
      <trkpt lon="-76.446148" lat="39.344734"><ele>19.131604</ele><time>2023-07-23T23:23:49Z</time><extensions><speed>0.046883</speed><course>282.758672</course><hAcc>1.701841</hAcc><vAcc>0.825472</vAcc></extensions></trkpt>
      <trkpt lon="-76.446149" lat="39.344734"><ele>19.099087</ele><time>2023-07-23T23:23:50Z</time><extensions><speed>0.100715</speed><course>301.133498</course><hAcc>1.696818</hAcc><vAcc>0.825483</vAcc></extensions></trkpt>
      <trkpt lon="-76.446150" lat="39.344735"><ele>19.064653</ele><time>2023-07-23T23:23:51Z</time><extensions><speed>0.176213</speed><course>306.083821</course><hAcc>1.693118</hAcc><vAcc>0.825501</vAcc></extensions></trkpt>
      <trkpt lon="-76.446152" lat="39.344736"><ele>19.016789</ele><time>2023-07-23T23:23:52Z</time><extensions><speed>0.280421</speed><course>307.766135</course><hAcc>1.700640</hAcc><vAcc>0.825540</vAcc></extensions></trkpt>
      <trkpt lon="-76.446155" lat="39.344738"><ele>18.982449</ele><time>2023-07-23T23:23:53Z</time><extensions><speed>0.469404</speed><course>308.673614</course><hAcc>1.708977</hAcc><vAcc>0.825593</vAcc></extensions></trkpt>
      <trkpt lon="-76.446162" lat="39.344743"><ele>18.946616</ele><time>2023-07-23T23:23:54Z</time><extensions><speed>0.985316</speed><course>309.293556</course><hAcc>1.691505</hAcc><vAcc>0.825665</vAcc></extensions></trkpt>
      <trkpt lon="-76.446174" lat="39.344749"><ele>18.912164</ele><time>2023-07-23T23:23:55Z</time><extensions><speed>1.526738</speed><course>304.419783</course><hAcc>1.684302</hAcc><vAcc>0.825757</vAcc></extensions></trkpt>
      <trkpt lon="-76.446189" lat="39.344757"><ele>18.868666</ele><time>2023-07-23T23:23:56Z</time><extensions><speed>1.674606</speed><course>304.865299</course><hAcc>1.686349</hAcc><vAcc>0.825864</vAcc></extensions></trkpt>
      <trkpt lon="-76.446205" lat="39.344767"><ele>18.835752</ele><time>2023-07-23T23:23:57Z</time><extensions><speed>1.800821</speed><course>308.813185</course><hAcc>1.694328</hAcc><vAcc>0.825987</vAcc></extensions></trkpt>
      <trkpt lon="-76.446221" lat="39.344777"><ele>18.802000</ele><time>2023-07-23T23:23:58Z</time><extensions><speed>1.743503</speed><course>308.349039</course><hAcc>1.697684</hAcc><vAcc>0.826119</vAcc></extensions></trkpt>
      <trkpt lon="-76.446237" lat="39.344786"><ele>18.771574</ele><time>2023-07-23T23:23:59Z</time><extensions><speed>1.610648</speed><course>305.789180</course><hAcc>1.697025</hAcc><vAcc>0.826255</vAcc></extensions></trkpt>
      <trkpt lon="-76.446252" lat="39.344794"><ele>18.735044</ele><time>2023-07-23T23:24:00Z</time><extensions><speed>1.611662</speed><course>305.271285</course><hAcc>1.699129</hAcc><vAcc>0.826387</vAcc></extensions></trkpt>
      <trkpt lon="-76.446266" lat="39.344802"><ele>18.690086</ele><time>2023-07-23T23:24:01Z</time><extensions><speed>1.409962</speed><course>302.865148</course><hAcc>1.700043</hAcc><vAcc>0.826512</vAcc></extensions></trkpt>
      <trkpt lon="-76.446280" lat="39.344808"><ele>18.660704</ele><time>2023-07-23T23:24:02Z</time><extensions><speed>1.334326</speed><course>300.591596</course><hAcc>1.701791</hAcc><vAcc>0.826639</vAcc></extensions></trkpt>
      <trkpt lon="-76.446293" lat="39.344814"><ele>18.643107</ele><time>2023-07-23T23:24:03Z</time><extensions><speed>1.304718</speed><course>299.201288</course><hAcc>1.705443</hAcc><vAcc>0.826764</vAcc></extensions></trkpt>
      <trkpt lon="-76.446306" lat="39.344820"><ele>18.619486</ele><time>2023-07-23T23:24:04Z</time><extensions><speed>1.260976</speed><course>295.055574</course><hAcc>1.706215</hAcc><vAcc>0.826881</vAcc></extensions></trkpt>
      <trkpt lon="-76.446320" lat="39.344824"><ele>18.598423</ele><time>2023-07-23T23:24:05Z</time><extensions><speed>1.271649</speed><course>291.863898</course><hAcc>1.705402</hAcc><vAcc>0.826996</vAcc></extensions></trkpt>
      <trkpt lon="-76.446334" lat="39.344829"><ele>18.573348</ele><time>2023-07-23T23:24:06Z</time><extensions><speed>1.295078</speed><course>291.389108</course><hAcc>1.705484</hAcc><vAcc>0.827096</vAcc></extensions></trkpt>
      <trkpt lon="-76.446348" lat="39.344833"><ele>18.540460</ele><time>2023-07-23T23:24:07Z</time><extensions><speed>1.353976</speed><course>293.318364</course><hAcc>1.707641</hAcc><vAcc>0.827185</vAcc></extensions></trkpt>
      <trkpt lon="-76.446362" lat="39.344838"><ele>18.509465</ele><time>2023-07-23T23:24:08Z</time><extensions><speed>1.357548</speed><course>294.844722</course><hAcc>1.707428</hAcc><vAcc>0.827274</vAcc></extensions></trkpt>
      <trkpt lon="-76.446376" lat="39.344843"><ele>18.491251</ele><time>2023-07-23T23:24:09Z</time><extensions><speed>1.328486</speed><course>295.428664</course><hAcc>1.703898</hAcc><vAcc>0.827361</vAcc></extensions></trkpt>
      <trkpt lon="-76.446390" lat="39.344848"><ele>18.478762</ele><time>2023-07-23T23:24:10Z</time><extensions><speed>1.287154</speed><course>296.099618</course><hAcc>1.696099</hAcc><vAcc>0.827440</vAcc></extensions></trkpt>
      <trkpt lon="-76.446403" lat="39.344853"><ele>18.446478</ele><time>2023-07-23T23:24:11Z</time><extensions><speed>1.212209</speed><course>295.236296</course><hAcc>1.679656</hAcc><vAcc>0.827517</vAcc></extensions></trkpt>
      <trkpt lon="-76.446416" lat="39.344858"><ele>18.432275</ele><time>2023-07-23T23:24:12Z</time><extensions><speed>1.160803</speed><course>294.688037</course><hAcc>1.655229</hAcc><vAcc>0.827599</vAcc></extensions></trkpt>
      <trkpt lon="-76.446428" lat="39.344862"><ele>18.424315</ele><time>2023-07-23T23:24:13Z</time><extensions><speed>1.191517</speed><course>294.689605</course><hAcc>1.627573</hAcc><vAcc>0.827688</vAcc></extensions></trkpt>
      <trkpt lon="-76.446441" lat="39.344867"><ele>18.402214</ele><time>2023-07-23T23:24:14Z</time><extensions><speed>1.290454</speed><course>292.276105</course><hAcc>1.616470</hAcc><vAcc>0.827770</vAcc></extensions></trkpt>
      <trkpt lon="-76.446456" lat="39.344871"><ele>18.394066</ele><time>2023-07-23T23:24:15Z</time><extensions><speed>1.359182</speed><course>288.786201</course><hAcc>1.640056</hAcc><vAcc>0.827844</vAcc></extensions></trkpt>
      <trkpt lon="-76.446470" lat="39.344874"><ele>18.405318</ele><time>2023-07-23T23:24:16Z</time><extensions><speed>1.298280</speed><course>287.293411</course><hAcc>1.640668</hAcc><vAcc>0.827910</vAcc></extensions></trkpt>
      <trkpt lon="-76.446483" lat="39.344877"><ele>18.434526</ele><time>2023-07-23T23:24:17Z</time><extensions><speed>1.032108</speed><course>283.073286</course><hAcc>1.642775</hAcc><vAcc>0.827972</vAcc></extensions></trkpt>
      <trkpt lon="-76.446496" lat="39.344879"><ele>18.472989</ele><time>2023-07-23T23:24:18Z</time><extensions><speed>1.093758</speed><course>280.314546</course><hAcc>1.605650</hAcc><vAcc>0.828034</vAcc></extensions></trkpt>
      <trkpt lon="-76.446508" lat="39.344881"><ele>18.516797</ele><time>2023-07-23T23:24:19Z</time><extensions><speed>1.152818</speed><course>278.731947</course><hAcc>1.602641</hAcc><vAcc>0.828085</vAcc></extensions></trkpt>
      <trkpt lon="-76.446522" lat="39.344882"><ele>18.569711</ele><time>2023-07-23T23:24:20Z</time><extensions><speed>1.210991</speed><course>279.593379</course><hAcc>1.613747</hAcc><vAcc>0.828123</vAcc></extensions></trkpt>
      <trkpt lon="-76.446536" lat="39.344884"><ele>18.638827</ele><time>2023-07-23T23:24:21Z</time><extensions><speed>1.217524</speed><course>280.500635</course><hAcc>1.623486</hAcc><vAcc>0.828152</vAcc></extensions></trkpt>
      <trkpt lon="-76.446550" lat="39.344886"><ele>18.738245</ele><time>2023-07-23T23:24:22Z</time><extensions><speed>1.257942</speed><course>280.297914</course><hAcc>1.647307</hAcc><vAcc>0.828178</vAcc></extensions></trkpt>
      <trkpt lon="-76.446564" lat="39.344888"><ele>18.852757</ele><time>2023-07-23T23:24:23Z</time><extensions><speed>1.113467</speed><course>278.116089</course><hAcc>1.686605</hAcc><vAcc>0.828187</vAcc></extensions></trkpt>
      <trkpt lon="-76.446577" lat="39.344889"><ele>18.961077</ele><time>2023-07-23T23:24:24Z</time><extensions><speed>1.207253</speed><course>275.053217</course><hAcc>1.639589</hAcc><vAcc>0.828178</vAcc></extensions></trkpt>
      <trkpt lon="-76.446592" lat="39.344890"><ele>19.096275</ele><time>2023-07-23T23:24:25Z</time><extensions><speed>1.285596</speed><course>272.879145</course><hAcc>1.609984</hAcc><vAcc>0.828159</vAcc></extensions></trkpt>
      <trkpt lon="-76.446606" lat="39.344890"><ele>19.237567</ele><time>2023-07-23T23:24:26Z</time><extensions><speed>1.257663</speed><course>270.079409</course><hAcc>1.611414</hAcc><vAcc>0.828121</vAcc></extensions></trkpt>
      <trkpt lon="-76.446621" lat="39.344891"><ele>19.370020</ele><time>2023-07-23T23:24:27Z</time><extensions><speed>1.275256</speed><course>271.862372</course><hAcc>1.641460</hAcc><vAcc>0.828074</vAcc></extensions></trkpt>
      <trkpt lon="-76.446635" lat="39.344891"><ele>19.512055</ele><time>2023-07-23T23:24:28Z</time><extensions><speed>1.155959</speed><course>275.134938</course><hAcc>1.692422</hAcc><vAcc>0.828012</vAcc></extensions></trkpt>
      <trkpt lon="-76.446649" lat="39.344892"><ele>19.664885</ele><time>2023-07-23T23:24:29Z</time><extensions><speed>1.203655</speed><course>273.724789</course><hAcc>1.648252</hAcc><vAcc>0.827938</vAcc></extensions></trkpt>
      <trkpt lon="-76.446663" lat="39.344893"><ele>19.803841</ele><time>2023-07-23T23:24:30Z</time><extensions><speed>1.230179</speed><course>273.753179</course><hAcc>1.633021</hAcc><vAcc>0.827856</vAcc></extensions></trkpt>
      <trkpt lon="-76.446677" lat="39.344893"><ele>19.923902</ele><time>2023-07-23T23:24:31Z</time><extensions><speed>1.222083</speed><course>273.311315</course><hAcc>1.647903</hAcc><vAcc>0.827768</vAcc></extensions></trkpt>
      <trkpt lon="-76.446691" lat="39.344894"><ele>20.038330</ele><time>2023-07-23T23:24:32Z</time><extensions><speed>1.176870</speed><course>272.965942</course><hAcc>1.663732</hAcc><vAcc>0.827681</vAcc></extensions></trkpt>
      <trkpt lon="-76.446704" lat="39.344894"><ele>20.141538</ele><time>2023-07-23T23:24:33Z</time><extensions><speed>1.160259</speed><course>273.036796</course><hAcc>1.661901</hAcc><vAcc>0.827590</vAcc></extensions></trkpt>
      <trkpt lon="-76.446718" lat="39.344895"><ele>20.225602</ele><time>2023-07-23T23:24:34Z</time><extensions><speed>1.143952</speed><course>272.425039</course><hAcc>1.650413</hAcc><vAcc>0.827516</vAcc></extensions></trkpt>
      <trkpt lon="-76.446731" lat="39.344895"><ele>20.289475</ele><time>2023-07-23T23:24:35Z</time><extensions><speed>1.160056</speed><course>267.444285</course><hAcc>1.647925</hAcc><vAcc>0.827418</vAcc></extensions></trkpt>
      <trkpt lon="-76.446745" lat="39.344894"><ele>20.335657</ele><time>2023-07-23T23:24:36Z</time><extensions><speed>1.264490</speed><course>263.805925</course><hAcc>1.663664</hAcc><vAcc>0.827284</vAcc></extensions></trkpt>
      <trkpt lon="-76.446760" lat="39.344893"><ele>20.357684</ele><time>2023-07-23T23:24:37Z</time><extensions><speed>1.300783</speed><course>260.456780</course><hAcc>1.681049</hAcc><vAcc>0.827139</vAcc></extensions></trkpt>
      <trkpt lon="-76.446774" lat="39.344890"><ele>20.362316</ele><time>2023-07-23T23:24:38Z</time><extensions><speed>1.155346</speed><course>257.946210</course><hAcc>1.662704</hAcc><vAcc>0.827001</vAcc></extensions></trkpt>
      <trkpt lon="-76.446786" lat="39.344889"><ele>20.347038</ele><time>2023-07-23T23:24:39Z</time><extensions><speed>1.009510</speed><course>262.942870</course><hAcc>1.652878</hAcc><vAcc>0.826842</vAcc></extensions></trkpt>
      <trkpt lon="-76.446798" lat="39.344888"><ele>20.319820</ele><time>2023-07-23T23:24:40Z</time><extensions><speed>1.024783</speed><course>267.523652</course><hAcc>1.652267</hAcc><vAcc>0.826672</vAcc></extensions></trkpt>
      <trkpt lon="-76.446811" lat="39.344887"><ele>20.277405</ele><time>2023-07-23T23:24:41Z</time><extensions><speed>1.115333</speed><course>266.768316</course><hAcc>1.655767</hAcc><vAcc>0.826539</vAcc></extensions></trkpt>
      <trkpt lon="-76.446824" lat="39.344886"><ele>20.220325</ele><time>2023-07-23T23:24:42Z</time><extensions><speed>1.167076</speed><course>263.352184</course><hAcc>1.656246</hAcc><vAcc>0.826408</vAcc></extensions></trkpt>
      <trkpt lon="-76.446837" lat="39.344885"><ele>20.169325</ele><time>2023-07-23T23:24:43Z</time><extensions><speed>1.193286</speed><course>260.760260</course><hAcc>1.655404</hAcc><vAcc>0.826311</vAcc></extensions></trkpt>
      <trkpt lon="-76.446852" lat="39.344884"><ele>20.125344</ele><time>2023-07-23T23:24:44Z</time><extensions><speed>1.258125</speed><course>265.491813</course><hAcc>1.670591</hAcc><vAcc>0.826251</vAcc></extensions></trkpt>
      <trkpt lon="-76.446866" lat="39.344883"><ele>20.075677</ele><time>2023-07-23T23:24:45Z</time><extensions><speed>1.214910</speed><course>268.443052</course><hAcc>1.704098</hAcc><vAcc>0.826236</vAcc></extensions></trkpt>
      <trkpt lon="-76.446880" lat="39.344882"><ele>20.039426</ele><time>2023-07-23T23:24:46Z</time><extensions><speed>1.225797</speed><course>263.802958</course><hAcc>1.658011</hAcc><vAcc>0.826258</vAcc></extensions></trkpt>
      <trkpt lon="-76.446894" lat="39.344880"><ele>20.000649</ele><time>2023-07-23T23:24:47Z</time><extensions><speed>1.245398</speed><course>255.735509</course><hAcc>1.625929</hAcc><vAcc>0.826332</vAcc></extensions></trkpt>
      <trkpt lon="-76.446909" lat="39.344877"><ele>19.967653</ele><time>2023-07-23T23:24:48Z</time><extensions><speed>1.415550</speed><course>252.497027</course><hAcc>1.622600</hAcc><vAcc>0.826467</vAcc></extensions></trkpt>
      <trkpt lon="-76.446925" lat="39.344873"><ele>19.950071</ele><time>2023-07-23T23:24:49Z</time><extensions><speed>1.506750</speed><course>254.378917</course><hAcc>1.630159</hAcc><vAcc>0.826669</vAcc></extensions></trkpt>
      <trkpt lon="-76.446941" lat="39.344870"><ele>19.962214</ele><time>2023-07-23T23:24:50Z</time><extensions><speed>1.364343</speed><course>258.162264</course><hAcc>1.648175</hAcc><vAcc>0.826906</vAcc></extensions></trkpt>
      <trkpt lon="-76.446957" lat="39.344868"><ele>19.976778</ele><time>2023-07-23T23:24:51Z</time><extensions><speed>1.384276</speed><course>257.484474</course><hAcc>1.611404</hAcc><vAcc>0.827170</vAcc></extensions></trkpt>
      <trkpt lon="-76.446972" lat="39.344865"><ele>20.017770</ele><time>2023-07-23T23:24:52Z</time><extensions><speed>1.370173</speed><course>255.861228</course><hAcc>1.616961</hAcc><vAcc>0.827443</vAcc></extensions></trkpt>
      <trkpt lon="-76.446987" lat="39.344862"><ele>20.068770</ele><time>2023-07-23T23:24:53Z</time><extensions><speed>1.223639</speed><course>255.043739</course><hAcc>1.668694</hAcc><vAcc>0.827712</vAcc></extensions></trkpt>
      <trkpt lon="-76.447001" lat="39.344860"><ele>20.110852</ele><time>2023-07-23T23:24:54Z</time><extensions><speed>1.223801</speed><course>261.167550</course><hAcc>1.630728</hAcc><vAcc>0.827956</vAcc></extensions></trkpt>
      <trkpt lon="-76.447015" lat="39.344858"><ele>20.150857</ele><time>2023-07-23T23:24:55Z</time><extensions><speed>1.282590</speed><course>263.249632</course><hAcc>1.617144</hAcc><vAcc>0.828172</vAcc></extensions></trkpt>
      <trkpt lon="-76.447030" lat="39.344857"><ele>20.186152</ele><time>2023-07-23T23:24:56Z</time><extensions><speed>1.261947</speed><course>262.411369</course><hAcc>1.633676</hAcc><vAcc>0.828356</vAcc></extensions></trkpt>
      <trkpt lon="-76.447044" lat="39.344855"><ele>20.230445</ele><time>2023-07-23T23:24:57Z</time><extensions><speed>1.263089</speed><course>262.346340</course><hAcc>1.646044</hAcc><vAcc>0.828509</vAcc></extensions></trkpt>
      <trkpt lon="-76.447059" lat="39.344854"><ele>20.286927</ele><time>2023-07-23T23:24:58Z</time><extensions><speed>1.216276</speed><course>263.378410</course><hAcc>1.645339</hAcc><vAcc>0.828625</vAcc></extensions></trkpt>
      <trkpt lon="-76.447073" lat="39.344852"><ele>20.345958</ele><time>2023-07-23T23:24:59Z</time><extensions><speed>1.233638</speed><course>262.425899</course><hAcc>1.635652</hAcc><vAcc>0.828701</vAcc></extensions></trkpt>
      <trkpt lon="-76.447087" lat="39.344851"><ele>20.408549</ele><time>2023-07-23T23:25:00Z</time><extensions><speed>1.208681</speed><course>260.348114</course><hAcc>1.622533</hAcc><vAcc>0.828736</vAcc></extensions></trkpt>
      <trkpt lon="-76.447101" lat="39.344849"><ele>20.466549</ele><time>2023-07-23T23:25:01Z</time><extensions><speed>1.271788</speed><course>259.350898</course><hAcc>1.638358</hAcc><vAcc>0.828740</vAcc></extensions></trkpt>
      <trkpt lon="-76.447116" lat="39.344847"><ele>20.523209</ele><time>2023-07-23T23:25:02Z</time><extensions><speed>1.275383</speed><course>260.210330</course><hAcc>1.688809</hAcc><vAcc>0.828737</vAcc></extensions></trkpt>
      <trkpt lon="-76.447130" lat="39.344845"><ele>20.567492</ele><time>2023-07-23T23:25:03Z</time><extensions><speed>1.286017</speed><course>261.012409</course><hAcc>1.631776</hAcc><vAcc>0.828726</vAcc></extensions></trkpt>
      <trkpt lon="-76.447145" lat="39.344843"><ele>20.600242</ele><time>2023-07-23T23:25:04Z</time><extensions><speed>1.265007</speed><course>262.066504</course><hAcc>1.605631</hAcc><vAcc>0.828711</vAcc></extensions></trkpt>
      <trkpt lon="-76.447159" lat="39.344842"><ele>20.632071</ele><time>2023-07-23T23:25:05Z</time><extensions><speed>1.229725</speed><course>262.037089</course><hAcc>1.621009</hAcc><vAcc>0.828698</vAcc></extensions></trkpt>
      <trkpt lon="-76.447173" lat="39.344840"><ele>20.644071</ele><time>2023-07-23T23:25:06Z</time><extensions><speed>1.169465</speed><course>262.394412</course><hAcc>1.650725</hAcc><vAcc>0.828697</vAcc></extensions></trkpt>
      <trkpt lon="-76.447186" lat="39.344839"><ele>20.647437</ele><time>2023-07-23T23:25:07Z</time><extensions><speed>1.098940</speed><course>260.311603</course><hAcc>1.666921</hAcc><vAcc>0.828684</vAcc></extensions></trkpt>
      <trkpt lon="-76.447199" lat="39.344837"><ele>20.651715</ele><time>2023-07-23T23:25:08Z</time><extensions><speed>1.137695</speed><course>261.510306</course><hAcc>1.656933</hAcc><vAcc>0.828653</vAcc></extensions></trkpt>
      <trkpt lon="-76.447212" lat="39.344836"><ele>20.650964</ele><time>2023-07-23T23:25:09Z</time><extensions><speed>1.165164</speed><course>263.893518</course><hAcc>1.656336</hAcc><vAcc>0.828604</vAcc></extensions></trkpt>
      <trkpt lon="-76.447226" lat="39.344835"><ele>20.626248</ele><time>2023-07-23T23:25:10Z</time><extensions><speed>1.194897</speed><course>265.534035</course><hAcc>1.662684</hAcc><vAcc>0.828541</vAcc></extensions></trkpt>
      <trkpt lon="-76.447240" lat="39.344834"><ele>20.600184</ele><time>2023-07-23T23:25:11Z</time><extensions><speed>1.202072</speed><course>267.764647</course><hAcc>1.656249</hAcc><vAcc>0.828466</vAcc></extensions></trkpt>
      <trkpt lon="-76.447254" lat="39.344834"><ele>20.567633</ele><time>2023-07-23T23:25:12Z</time><extensions><speed>1.219513</speed><course>266.001225</course><hAcc>1.653511</hAcc><vAcc>0.828387</vAcc></extensions></trkpt>
      <trkpt lon="-76.447268" lat="39.344833"><ele>20.540218</ele><time>2023-07-23T23:25:13Z</time><extensions><speed>1.238889</speed><course>266.320687</course><hAcc>1.651855</hAcc><vAcc>0.828301</vAcc></extensions></trkpt>
      <trkpt lon="-76.447282" lat="39.344832"><ele>20.489569</ele><time>2023-07-23T23:25:14Z</time><extensions><speed>1.201222</speed><course>266.721800</course><hAcc>1.651157</hAcc><vAcc>0.828222</vAcc></extensions></trkpt>
      <trkpt lon="-76.447296" lat="39.344832"><ele>20.449379</ele><time>2023-07-23T23:25:15Z</time><extensions><speed>1.218249</speed><course>265.772338</course><hAcc>1.651941</hAcc><vAcc>0.828155</vAcc></extensions></trkpt>
      <trkpt lon="-76.447310" lat="39.344831"><ele>20.398525</ele><time>2023-07-23T23:25:16Z</time><extensions><speed>1.222789</speed><course>261.957902</course><hAcc>1.682195</hAcc><vAcc>0.828079</vAcc></extensions></trkpt>
      <trkpt lon="-76.447324" lat="39.344829"><ele>20.334976</ele><time>2023-07-23T23:25:17Z</time><extensions><speed>1.122678</speed><course>263.700991</course><hAcc>1.657050</hAcc><vAcc>0.827994</vAcc></extensions></trkpt>
      <trkpt lon="-76.447336" lat="39.344828"><ele>20.281175</ele><time>2023-07-23T23:25:18Z</time><extensions><speed>1.067759</speed><course>267.629013</course><hAcc>1.645616</hAcc><vAcc>0.827930</vAcc></extensions></trkpt>
      <trkpt lon="-76.447348" lat="39.344828"><ele>20.232725</ele><time>2023-07-23T23:25:19Z</time><extensions><speed>1.024713</speed><course>272.482075</course><hAcc>1.650143</hAcc><vAcc>0.827883</vAcc></extensions></trkpt>
      <trkpt lon="-76.447360" lat="39.344829"><ele>20.194114</ele><time>2023-07-23T23:25:20Z</time><extensions><speed>0.955451</speed><course>278.355234</course><hAcc>1.657118</hAcc><vAcc>0.827858</vAcc></extensions></trkpt>
      <trkpt lon="-76.447371" lat="39.344831"><ele>20.174136</ele><time>2023-07-23T23:25:21Z</time><extensions><speed>0.951796</speed><course>281.258870</course><hAcc>1.669709</hAcc><vAcc>0.827852</vAcc></extensions></trkpt>
      <trkpt lon="-76.447382" lat="39.344832"><ele>20.172670</ele><time>2023-07-23T23:25:22Z</time><extensions><speed>1.029123</speed><course>279.253293</course><hAcc>1.692699</hAcc><vAcc>0.827859</vAcc></extensions></trkpt>
      <trkpt lon="-76.447394" lat="39.344833"><ele>20.180619</ele><time>2023-07-23T23:25:23Z</time><extensions><speed>1.064488</speed><course>275.277460</course><hAcc>1.679233</hAcc><vAcc>0.827892</vAcc></extensions></trkpt>
      <trkpt lon="-76.447407" lat="39.344834"><ele>20.214047</ele><time>2023-07-23T23:25:24Z</time><extensions><speed>1.099126</speed><course>272.028304</course><hAcc>1.679679</hAcc><vAcc>0.827937</vAcc></extensions></trkpt>
      <trkpt lon="-76.447420" lat="39.344834"><ele>20.259759</ele><time>2023-07-23T23:25:25Z</time><extensions><speed>1.211661</speed><course>267.120258</course><hAcc>1.676238</hAcc><vAcc>0.827980</vAcc></extensions></trkpt>
      <trkpt lon="-76.447434" lat="39.344833"><ele>20.308232</ele><time>2023-07-23T23:25:26Z</time><extensions><speed>1.284638</speed><course>264.253071</course><hAcc>1.680479</hAcc><vAcc>0.828012</vAcc></extensions></trkpt>
      <trkpt lon="-76.447449" lat="39.344832"><ele>20.390486</ele><time>2023-07-23T23:25:27Z</time><extensions><speed>1.268719</speed><course>262.301654</course><hAcc>1.689097</hAcc><vAcc>0.828022</vAcc></extensions></trkpt>
      <trkpt lon="-76.447463" lat="39.344830"><ele>20.481306</ele><time>2023-07-23T23:25:28Z</time><extensions><speed>1.211665</speed><course>259.411795</course><hAcc>1.694383</hAcc><vAcc>0.828014</vAcc></extensions></trkpt>
      <trkpt lon="-76.447477" lat="39.344828"><ele>20.579627</ele><time>2023-07-23T23:25:29Z</time><extensions><speed>1.201671</speed><course>255.771987</course><hAcc>1.696740</hAcc><vAcc>0.828004</vAcc></extensions></trkpt>
      <trkpt lon="-76.447491" lat="39.344825"><ele>20.651444</ele><time>2023-07-23T23:25:30Z</time><extensions><speed>1.216978</speed><course>254.964823</course><hAcc>1.696818</hAcc><vAcc>0.827998</vAcc></extensions></trkpt>
      <trkpt lon="-76.447504" lat="39.344822"><ele>20.724977</ele><time>2023-07-23T23:25:31Z</time><extensions><speed>1.169420</speed><course>255.658090</course><hAcc>1.696679</hAcc><vAcc>0.827979</vAcc></extensions></trkpt>
      <trkpt lon="-76.447517" lat="39.344819"><ele>20.794372</ele><time>2023-07-23T23:25:32Z</time><extensions><speed>1.097481</speed><course>251.635747</course><hAcc>1.697872</hAcc><vAcc>0.827959</vAcc></extensions></trkpt>
      <trkpt lon="-76.447529" lat="39.344816"><ele>20.855388</ele><time>2023-07-23T23:25:33Z</time><extensions><speed>1.098648</speed><course>249.674841</course><hAcc>1.697611</hAcc><vAcc>0.827943</vAcc></extensions></trkpt>
      <trkpt lon="-76.447540" lat="39.344813"><ele>20.917094</ele><time>2023-07-23T23:25:34Z</time><extensions><speed>1.037330</speed><course>251.466043</course><hAcc>1.696829</hAcc><vAcc>0.827926</vAcc></extensions></trkpt>
      <trkpt lon="-76.447552" lat="39.344810"><ele>20.964132</ele><time>2023-07-23T23:25:35Z</time><extensions><speed>1.030727</speed><course>254.282847</course><hAcc>1.692891</hAcc><vAcc>0.827916</vAcc></extensions></trkpt>
      <trkpt lon="-76.447563" lat="39.344808"><ele>21.019263</ele><time>2023-07-23T23:25:36Z</time><extensions><speed>1.056099</speed><course>255.652756</course><hAcc>1.688410</hAcc><vAcc>0.827910</vAcc></extensions></trkpt>
      <trkpt lon="-76.447576" lat="39.344805"><ele>21.038432</ele><time>2023-07-23T23:25:37Z</time><extensions><speed>1.120996</speed><course>256.173995</course><hAcc>1.683857</hAcc><vAcc>0.827916</vAcc></extensions></trkpt>
      <trkpt lon="-76.447588" lat="39.344803"><ele>21.040090</ele><time>2023-07-23T23:25:38Z</time><extensions><speed>1.097108</speed><course>259.475811</course><hAcc>1.671668</hAcc><vAcc>0.827909</vAcc></extensions></trkpt>
      <trkpt lon="-76.447601" lat="39.344802"><ele>21.034148</ele><time>2023-07-23T23:25:39Z</time><extensions><speed>1.114709</speed><course>262.264648</course><hAcc>1.658477</hAcc><vAcc>0.827903</vAcc></extensions></trkpt>
      <trkpt lon="-76.447614" lat="39.344800"><ele>21.017502</ele><time>2023-07-23T23:25:40Z</time><extensions><speed>1.165293</speed><course>263.187960</course><hAcc>1.664741</hAcc><vAcc>0.827902</vAcc></extensions></trkpt>
      <trkpt lon="-76.447627" lat="39.344799"><ele>20.990454</ele><time>2023-07-23T23:25:41Z</time><extensions><speed>1.140930</speed><course>265.619618</course><hAcc>1.693361</hAcc><vAcc>0.827923</vAcc></extensions></trkpt>
      <trkpt lon="-76.447640" lat="39.344798"><ele>20.967058</ele><time>2023-07-23T23:25:42Z</time><extensions><speed>1.090509</speed><course>261.121489</course><hAcc>1.666286</hAcc><vAcc>0.827918</vAcc></extensions></trkpt>
      <trkpt lon="-76.447653" lat="39.344796"><ele>20.933726</ele><time>2023-07-23T23:25:43Z</time><extensions><speed>1.061420</speed><course>258.178349</course><hAcc>1.652354</hAcc><vAcc>0.827888</vAcc></extensions></trkpt>
      <trkpt lon="-76.447665" lat="39.344794"><ele>20.885994</ele><time>2023-07-23T23:25:44Z</time><extensions><speed>1.086912</speed><course>256.649079</course><hAcc>1.656296</hAcc><vAcc>0.827849</vAcc></extensions></trkpt>
      <trkpt lon="-76.447677" lat="39.344791"><ele>20.825877</ele><time>2023-07-23T23:25:45Z</time><extensions><speed>1.089692</speed><course>253.515731</course><hAcc>1.654784</hAcc><vAcc>0.827813</vAcc></extensions></trkpt>
      <trkpt lon="-76.447688" lat="39.344788"><ele>20.756209</ele><time>2023-07-23T23:25:46Z</time><extensions><speed>0.993340</speed><course>244.156900</course><hAcc>1.657404</hAcc><vAcc>0.827773</vAcc></extensions></trkpt>
      <trkpt lon="-76.447698" lat="39.344783"><ele>20.698510</ele><time>2023-07-23T23:25:47Z</time><extensions><speed>1.037633</speed><course>235.501911</course><hAcc>1.654369</hAcc><vAcc>0.827729</vAcc></extensions></trkpt>
      <trkpt lon="-76.447708" lat="39.344777"><ele>20.629998</ele><time>2023-07-23T23:25:48Z</time><extensions><speed>1.071775</speed><course>227.020866</course><hAcc>1.635052</hAcc><vAcc>0.827685</vAcc></extensions></trkpt>
      <trkpt lon="-76.447718" lat="39.344770"><ele>20.554165</ele><time>2023-07-23T23:25:49Z</time><extensions><speed>1.244180</speed><course>224.007697</course><hAcc>1.618903</hAcc><vAcc>0.827638</vAcc></extensions></trkpt>
      <trkpt lon="-76.447728" lat="39.344761"><ele>20.483244</ele><time>2023-07-23T23:25:50Z</time><extensions><speed>1.383015</speed><course>222.286582</course><hAcc>1.633338</hAcc><vAcc>0.827615</vAcc></extensions></trkpt>
      <trkpt lon="-76.447738" lat="39.344752"><ele>20.405382</ele><time>2023-07-23T23:25:51Z</time><extensions><speed>1.239058</speed><course>220.836767</course><hAcc>1.676396</hAcc><vAcc>0.827588</vAcc></extensions></trkpt>
      <trkpt lon="-76.447748" lat="39.344744"><ele>20.347102</ele><time>2023-07-23T23:25:52Z</time><extensions><speed>1.240288</speed><course>220.404548</course><hAcc>1.635101</hAcc><vAcc>0.827562</vAcc></extensions></trkpt>
      <trkpt lon="-76.447757" lat="39.344735"><ele>20.264837</ele><time>2023-07-23T23:25:53Z</time><extensions><speed>1.309454</speed><course>221.222417</course><hAcc>1.619031</hAcc><vAcc>0.827545</vAcc></extensions></trkpt>
      <trkpt lon="-76.447767" lat="39.344726"><ele>20.177313</ele><time>2023-07-23T23:25:54Z</time><extensions><speed>1.338742</speed><course>220.291919</course><hAcc>1.630749</hAcc><vAcc>0.827551</vAcc></extensions></trkpt>
      <trkpt lon="-76.447777" lat="39.344717"><ele>20.088638</ele><time>2023-07-23T23:25:55Z</time><extensions><speed>1.280108</speed><course>219.565237</course><hAcc>1.643960</hAcc><vAcc>0.827560</vAcc></extensions></trkpt>
      <trkpt lon="-76.447787" lat="39.344708"><ele>20.003745</ele><time>2023-07-23T23:25:56Z</time><extensions><speed>1.277272</speed><course>220.028198</course><hAcc>1.650115</hAcc><vAcc>0.827577</vAcc></extensions></trkpt>
      <trkpt lon="-76.447797" lat="39.344699"><ele>19.915643</ele><time>2023-07-23T23:25:57Z</time><extensions><speed>1.444292</speed><course>220.200345</course><hAcc>1.653838</hAcc><vAcc>0.827585</vAcc></extensions></trkpt>
      <trkpt lon="-76.447808" lat="39.344689"><ele>19.829731</ele><time>2023-07-23T23:25:58Z</time><extensions><speed>1.479585</speed><course>220.157265</course><hAcc>1.655956</hAcc><vAcc>0.827573</vAcc></extensions></trkpt>
      <trkpt lon="-76.447819" lat="39.344679"><ele>19.752490</ele><time>2023-07-23T23:25:59Z</time><extensions><speed>1.452238</speed><course>221.026883</course><hAcc>1.659054</hAcc><vAcc>0.827537</vAcc></extensions></trkpt>
      <trkpt lon="-76.447829" lat="39.344669"><ele>19.665595</ele><time>2023-07-23T23:26:00Z</time><extensions><speed>1.321897</speed><course>221.518904</course><hAcc>1.665566</hAcc><vAcc>0.827476</vAcc></extensions></trkpt>
      <trkpt lon="-76.447839" lat="39.344661"><ele>19.573855</ele><time>2023-07-23T23:26:01Z</time><extensions><speed>1.186116</speed><course>225.383092</course><hAcc>1.650303</hAcc><vAcc>0.827388</vAcc></extensions></trkpt>
      <trkpt lon="-76.447849" lat="39.344654"><ele>19.493918</ele><time>2023-07-23T23:26:02Z</time><extensions><speed>1.118307</speed><course>229.463645</course><hAcc>1.638097</hAcc><vAcc>0.827283</vAcc></extensions></trkpt>
      <trkpt lon="-76.447859" lat="39.344648"><ele>19.427105</ele><time>2023-07-23T23:26:03Z</time><extensions><speed>1.071398</speed><course>234.796941</course><hAcc>1.629725</hAcc><vAcc>0.827163</vAcc></extensions></trkpt>
      <trkpt lon="-76.447870" lat="39.344643"><ele>19.336205</ele><time>2023-07-23T23:26:04Z</time><extensions><speed>1.082121</speed><course>242.516070</course><hAcc>1.623359</hAcc><vAcc>0.827029</vAcc></extensions></trkpt>
      <trkpt lon="-76.447882" lat="39.344639"><ele>19.262439</ele><time>2023-07-23T23:26:05Z</time><extensions><speed>1.144557</speed><course>248.860102</course><hAcc>1.642696</hAcc><vAcc>0.826898</vAcc></extensions></trkpt>
      <trkpt lon="-76.447894" lat="39.344636"><ele>19.198286</ele><time>2023-07-23T23:26:06Z</time><extensions><speed>1.119885</speed><course>257.303422</course><hAcc>1.686354</hAcc><vAcc>0.826752</vAcc></extensions></trkpt>
      <trkpt lon="-76.447907" lat="39.344635"><ele>19.113897</ele><time>2023-07-23T23:26:07Z</time><extensions><speed>1.089855</speed><course>263.424873</course><hAcc>1.648250</hAcc><vAcc>0.826584</vAcc></extensions></trkpt>
      <trkpt lon="-76.447920" lat="39.344634"><ele>19.086972</ele><time>2023-07-23T23:26:08Z</time><extensions><speed>1.150476</speed><course>265.044544</course><hAcc>1.640625</hAcc><vAcc>0.826407</vAcc></extensions></trkpt>
      <trkpt lon="-76.447933" lat="39.344633"><ele>19.056499</ele><time>2023-07-23T23:26:09Z</time><extensions><speed>1.110520</speed><course>266.732417</course><hAcc>1.654510</hAcc><vAcc>0.826217</vAcc></extensions></trkpt>
      <trkpt lon="-76.447946" lat="39.344632"><ele>19.027863</ele><time>2023-07-23T23:26:10Z</time><extensions><speed>1.121162</speed><course>268.118124</course><hAcc>1.669210</hAcc><vAcc>0.825990</vAcc></extensions></trkpt>
      <trkpt lon="-76.447958" lat="39.344632"><ele>19.011582</ele><time>2023-07-23T23:26:11Z</time><extensions><speed>1.045406</speed><course>269.389463</course><hAcc>1.677855</hAcc><vAcc>0.825770</vAcc></extensions></trkpt>
      <trkpt lon="-76.447970" lat="39.344632"><ele>19.002386</ele><time>2023-07-23T23:26:12Z</time><extensions><speed>1.054906</speed><course>271.113727</course><hAcc>1.678638</hAcc><vAcc>0.825537</vAcc></extensions></trkpt>
      <trkpt lon="-76.447983" lat="39.344631"><ele>19.009131</ele><time>2023-07-23T23:26:13Z</time><extensions><speed>1.102347</speed><course>264.177436</course><hAcc>1.670465</hAcc><vAcc>0.825297</vAcc></extensions></trkpt>
      <trkpt lon="-76.447995" lat="39.344630"><ele>19.021608</ele><time>2023-07-23T23:26:14Z</time><extensions><speed>1.087114</speed><course>258.371476</course><hAcc>1.656508</hAcc><vAcc>0.824937</vAcc></extensions></trkpt>
      <trkpt lon="-76.448007" lat="39.344628"><ele>19.043765</ele><time>2023-07-23T23:26:15Z</time><extensions><speed>1.034259</speed><course>258.717907</course><hAcc>1.652252</hAcc><vAcc>0.824525</vAcc></extensions></trkpt>
      <trkpt lon="-76.448018" lat="39.344626"><ele>19.072874</ele><time>2023-07-23T23:26:16Z</time><extensions><speed>0.966866</speed><course>253.024509</course><hAcc>1.661944</hAcc><vAcc>0.823861</vAcc></extensions></trkpt>
      <trkpt lon="-76.448028" lat="39.344623"><ele>19.107363</ele><time>2023-07-23T23:26:17Z</time><extensions><speed>0.784225</speed><course>239.286303</course><hAcc>1.636050</hAcc><vAcc>0.822905</vAcc></extensions></trkpt>
      <trkpt lon="-76.448034" lat="39.344619"><ele>19.156575</ele><time>2023-07-23T23:26:18Z</time><extensions><speed>0.552303</speed><course>220.990097</course><hAcc>1.651974</hAcc><vAcc>0.821532</vAcc></extensions></trkpt>
      <trkpt lon="-76.448036" lat="39.344616"><ele>19.197917</ele><time>2023-07-23T23:26:19Z</time><extensions><speed>0.231552</speed><course>179.746580</course><hAcc>1.695296</hAcc><vAcc>0.818622</vAcc></extensions></trkpt>
      <trkpt lon="-76.448035" lat="39.344613"><ele>19.242908</ele><time>2023-07-23T23:26:20Z</time><extensions><speed>0.511187</speed><course>162.891628</course><hAcc>1.652691</hAcc><vAcc>0.812825</vAcc></extensions></trkpt>
      <trkpt lon="-76.448032" lat="39.344608"><ele>19.348447</ele><time>2023-07-23T23:26:21Z</time><extensions><speed>0.589991</speed><course>151.807339</course><hAcc>1.658169</hAcc><vAcc>0.801594</vAcc></extensions></trkpt>
      <trkpt lon="-76.448028" lat="39.344603"><ele>19.398030</ele><time>2023-07-23T23:26:22Z</time><extensions><speed>0.788186</speed><course>147.221474</course><hAcc>1.693624</hAcc><vAcc>0.791553</vAcc></extensions></trkpt>
      <trkpt lon="-76.448024" lat="39.344597"><ele>19.453258</ele><time>2023-07-23T23:26:23Z</time><extensions><speed>0.777837</speed><course>157.468364</course><hAcc>1.735752</hAcc><vAcc>0.778703</vAcc></extensions></trkpt>
      <trkpt lon="-76.448021" lat="39.344590"><ele>19.509840</ele><time>2023-07-23T23:26:24Z</time><extensions><speed>0.717754</speed><course>165.944026</course><hAcc>1.752295</hAcc><vAcc>0.762617</vAcc></extensions></trkpt>
      <trkpt lon="-76.448020" lat="39.344584"><ele>19.566700</ele><time>2023-07-23T23:26:25Z</time><extensions><speed>0.548900</speed><course>172.714158</course><hAcc>1.767148</hAcc><vAcc>0.742449</vAcc></extensions></trkpt>
      <trkpt lon="-76.448019" lat="39.344580"><ele>19.616222</ele><time>2023-07-23T23:26:26Z</time><extensions><speed>0.375844</speed><course>177.881186</course><hAcc>1.786785</hAcc><vAcc>0.717618</vAcc></extensions></trkpt>
      <trkpt lon="-76.448019" lat="39.344577"><ele>19.654869</ele><time>2023-07-23T23:26:27Z</time><extensions><speed>0.329480</speed><course>180.875763</course><hAcc>1.804748</hAcc><vAcc>0.688070</vAcc></extensions></trkpt>
      <trkpt lon="-76.448019" lat="39.344574"><ele>19.691529</ele><time>2023-07-23T23:26:28Z</time><extensions><speed>0.335603</speed><course>180.371761</course><hAcc>1.826895</hAcc><vAcc>0.654349</vAcc></extensions></trkpt>
      <trkpt lon="-76.448019" lat="39.344571"><ele>19.720680</ele><time>2023-07-23T23:26:29Z</time><extensions><speed>0.342326</speed><course>179.518743</course><hAcc>1.865926</hAcc><vAcc>0.617539</vAcc></extensions></trkpt>
      <trkpt lon="-76.448019" lat="39.344568"><ele>19.748069</ele><time>2023-07-23T23:26:30Z</time><extensions><speed>0.324384</speed><course>180.257708</course><hAcc>1.945744</hAcc><vAcc>0.579218</vAcc></extensions></trkpt>
      <trkpt lon="-76.448020" lat="39.344566"><ele>19.751868</ele><time>2023-07-23T23:26:31Z</time><extensions><speed>0.199905</speed><course>181.648841</course><hAcc>2.069012</hAcc><vAcc>0.541326</vAcc></extensions></trkpt>
      <trkpt lon="-76.448020" lat="39.344564"><ele>19.748126</ele><time>2023-07-23T23:26:32Z</time><extensions><speed>0.181560</speed><course>183.802917</course><hAcc>2.147062</hAcc><vAcc>0.505581</vAcc></extensions></trkpt>
      <trkpt lon="-76.448020" lat="39.344562"><ele>19.736773</ele><time>2023-07-23T23:26:33Z</time><extensions><speed>0.203238</speed><course>186.550620</course><hAcc>2.224432</hAcc><vAcc>0.475378</vAcc></extensions></trkpt>
      <trkpt lon="-76.448020" lat="39.344560"><ele>19.718768</ele><time>2023-07-23T23:26:34Z</time><extensions><speed>0.352000</speed><course>189.943037</course><hAcc>2.341820</hAcc><vAcc>0.448458</vAcc></extensions></trkpt>
      <trkpt lon="-76.448021" lat="39.344557"><ele>19.695562</ele><time>2023-07-23T23:26:35Z</time><extensions><speed>0.333461</speed><course>194.701385</course><hAcc>2.649055</hAcc><vAcc>0.426088</vAcc></extensions></trkpt>
      <trkpt lon="-76.448022" lat="39.344554"><ele>19.668712</ele><time>2023-07-23T23:26:36Z</time><extensions><speed>0.316377</speed><course>202.030468</course><hAcc>3.103076</hAcc><vAcc>0.409519</vAcc></extensions></trkpt>
      <trkpt lon="-76.448024" lat="39.344551"><ele>19.639306</ele><time>2023-07-23T23:26:37Z</time><extensions><speed>0.307471</speed><course>209.541834</course><hAcc>3.655980</hAcc><vAcc>0.400586</vAcc></extensions></trkpt>
      <trkpt lon="-76.448026" lat="39.344549"><ele>19.608018</ele><time>2023-07-23T23:26:38Z</time><extensions><speed>0.306214</speed><course>215.234986</course><hAcc>4.294318</hAcc><vAcc>0.402986</vAcc></extensions></trkpt>
      <trkpt lon="-76.448028" lat="39.344547"><ele>19.575666</ele><time>2023-07-23T23:26:39Z</time><extensions><speed>0.309680</speed><course>217.989924</course><hAcc>5.035145</hAcc><vAcc>0.423077</vAcc></extensions></trkpt>
      <trkpt lon="-76.448030" lat="39.344545"><ele>19.543209</ele><time>2023-07-23T23:26:40Z</time><extensions><speed>0.308358</speed><course>218.505901</course><hAcc>5.918633</hAcc><vAcc>0.468964</vAcc></extensions></trkpt>
      <trkpt lon="-76.448032" lat="39.344542"><ele>19.511246</ele><time>2023-07-23T23:26:41Z</time><extensions><speed>0.296745</speed><course>218.291757</course><hAcc>6.999273</hAcc><vAcc>0.547611</vAcc></extensions></trkpt>
      <trkpt lon="-76.448035" lat="39.344540"><ele>19.479715</ele><time>2023-07-23T23:26:42Z</time><extensions><speed>0.284265</speed><course>218.111953</course><hAcc>8.345963</hAcc><vAcc>0.662123</vAcc></extensions></trkpt>
    </trkseg>
  </trk>
</gpx>