<?xml version="1.0" encoding="UTF-8"?>
<gpx version="1.1" creator="Apple Health Export" xmlns="http://www.topografix.com/GPX/1/1" xmlns:xsi="http://www.w3.org/2001/XMLSchema-instance" xsi:schemaLocation="http://www.topografix.com/GPX/1/1 http://www.topografix.com/GPX/1/1/gpx.xsd">
  <metadata>
    <time>2026-04-21T05:05:51Z</time>
  </metadata>
  <trk>
    <name>Route 2026-04-04 12:06pm</name>
    <trkseg>
      <trkpt lon="-77.047666" lat="38.897460"><ele>22.438414</ele><time>2026-04-04T14:55:37Z</time><extensions><speed>0.377192</speed><course>78.704507</course><hAcc>3.754644</hAcc><vAcc>2.913213</vAcc></extensions></trkpt>
      <trkpt lon="-77.047662" lat="38.897460"><ele>22.456236</ele><time>2026-04-04T14:55:38Z</time><extensions><speed>0.365880</speed><course>78.635690</course><hAcc>3.595614</hAcc><vAcc>2.744951</vAcc></extensions></trkpt>
      <trkpt lon="-77.047658" lat="38.897461"><ele>22.473342</ele><time>2026-04-04T14:55:39Z</time><extensions><speed>0.345080</speed><course>78.627043</course><hAcc>3.457152</hAcc><vAcc>2.594454</vAcc></extensions></trkpt>
      <trkpt lon="-77.047654" lat="38.897461"><ele>22.489727</ele><time>2026-04-04T14:55:40Z</time><extensions><speed>0.316346</speed><course>78.631113</course><hAcc>3.335949</hAcc><vAcc>2.460577</vAcc></extensions></trkpt>
      <trkpt lon="-77.047651" lat="38.897462"><ele>22.506438</ele><time>2026-04-04T14:55:41Z</time><extensions><speed>0.279788</speed><course>78.770302</course><hAcc>3.229200</hAcc><vAcc>2.342211</vAcc></extensions></trkpt>
      <trkpt lon="-77.047648" lat="38.897462"><ele>22.524467</ele><time>2026-04-04T14:55:42Z</time><extensions><speed>0.244469</speed><course>79.188507</course><hAcc>3.134845</hAcc><vAcc>2.238241</vAcc></extensions></trkpt>
      <trkpt lon="-77.047646" lat="38.897463"><ele>22.540976</ele><time>2026-04-04T14:55:43Z</time><extensions><speed>0.215569</speed><course>80.027433</course><hAcc>3.051098</hAcc><vAcc>2.147562</vAcc></extensions></trkpt>
      <trkpt lon="-77.047643" lat="38.897463"><ele>22.557792</ele><time>2026-04-04T14:55:44Z</time><extensions><speed>0.192727</speed><course>81.362405</course><hAcc>2.976230</hAcc><vAcc>2.069092</vAcc></extensions></trkpt>
      <trkpt lon="-77.047641" lat="38.897463"><ele>22.574369</ele><time>2026-04-04T14:55:45Z</time><extensions><speed>0.174893</speed><course>83.296718</course><hAcc>2.908809</hAcc><vAcc>2.001751</vAcc></extensions></trkpt>
      <trkpt lon="-77.047639" lat="38.897463"><ele>22.591130</ele><time>2026-04-04T14:55:46Z</time><extensions><speed>0.162704</speed><course>85.834846</course><hAcc>2.847651</hAcc><vAcc>1.944512</vAcc></extensions></trkpt>
      <trkpt lon="-77.047637" lat="38.897464"><ele>22.607766</ele><time>2026-04-04T14:55:47Z</time><extensions><speed>0.155477</speed><course>88.923673</course><hAcc>2.791794</hAcc><vAcc>1.896462</vAcc></extensions></trkpt>
      <trkpt lon="-77.047635" lat="38.897464"><ele>22.624009</ele><time>2026-04-04T14:55:48Z</time><extensions><speed>0.153026</speed><course>92.392414</course><hAcc>2.740524</hAcc><vAcc>1.856834</vAcc></extensions></trkpt>
      <trkpt lon="-77.047634" lat="38.897463"><ele>22.639792</ele><time>2026-04-04T14:55:49Z</time><extensions><speed>0.156335</speed><course>95.877893</course><hAcc>2.693387</hAcc><vAcc>1.824982</vAcc></extensions></trkpt>
      <trkpt lon="-77.047632" lat="38.897463"><ele>22.654647</ele><time>2026-04-04T14:55:50Z</time><extensions><speed>0.163713</speed><course>99.085998</course><hAcc>2.650392</hAcc><vAcc>1.800281</vAcc></extensions></trkpt>
      <trkpt lon="-77.047630" lat="38.897463"><ele>22.668706</ele><time>2026-04-04T14:55:51Z</time><extensions><speed>0.176723</speed><course>101.810349</course><hAcc>2.611431</hAcc><vAcc>1.782066</vAcc></extensions></trkpt>
      <trkpt lon="-77.047628" lat="38.897463"><ele>22.681451</ele><time>2026-04-04T14:55:52Z</time><extensions><speed>0.193640</speed><course>103.925392</course><hAcc>2.576529</hAcc><vAcc>1.769625</vAcc></extensions></trkpt>
      <trkpt lon="-77.047626" lat="38.897462"><ele>22.692942</ele><time>2026-04-04T14:55:53Z</time><extensions><speed>0.214296</speed><course>105.430915</course><hAcc>2.545700</hAcc><vAcc>1.762191</vAcc></extensions></trkpt>
      <trkpt lon="-77.047623" lat="38.897462"><ele>22.703018</ele><time>2026-04-04T14:55:54Z</time><extensions><speed>0.240164</speed><course>106.374038</course><hAcc>2.518583</hAcc><vAcc>1.758947</vAcc></extensions></trkpt>
      <trkpt lon="-77.047620" lat="38.897461"><ele>22.711637</ele><time>2026-04-04T14:55:55Z</time><extensions><speed>0.270906</speed><course>106.864055</course><hAcc>2.494821</hAcc><vAcc>1.759028</vAcc></extensions></trkpt>
      <trkpt lon="-77.047617" lat="38.897460"><ele>22.718611</ele><time>2026-04-04T14:55:56Z</time><extensions><speed>0.304783</speed><course>107.023548</course><hAcc>2.474282</hAcc><vAcc>1.761554</vAcc></extensions></trkpt>
      <trkpt lon="-77.047614" lat="38.897459"><ele>22.723433</ele><time>2026-04-04T14:55:57Z</time><extensions><speed>0.343788</speed><course>106.920692</course><hAcc>2.456760</hAcc><vAcc>1.765731</vAcc></extensions></trkpt>
      <trkpt lon="-77.047610" lat="38.897458"><ele>22.727081</ele><time>2026-04-04T14:55:58Z</time><extensions><speed>0.388726</speed><course>106.614699</course><hAcc>2.442116</hAcc><vAcc>1.770893</vAcc></extensions></trkpt>
      <trkpt lon="-77.047605" lat="38.897457"><ele>22.729027</ele><time>2026-04-04T14:55:59Z</time><extensions><speed>0.437375</speed><course>106.199198</course><hAcc>2.430426</hAcc><vAcc>1.776496</vAcc></extensions></trkpt>
      <trkpt lon="-77.047600" lat="38.897456"><ele>22.728995</ele><time>2026-04-04T14:56:00Z</time><extensions><speed>0.489008</speed><course>105.742693</course><hAcc>2.421734</hAcc><vAcc>1.782105</vAcc></extensions></trkpt>
      <trkpt lon="-77.047594" lat="38.897455"><ele>22.727117</ele><time>2026-04-04T14:56:01Z</time><extensions><speed>0.543963</speed><course>105.236991</course><hAcc>2.415931</hAcc><vAcc>1.787382</vAcc></extensions></trkpt>
      <trkpt lon="-77.047588" lat="38.897454"><ele>22.723364</ele><time>2026-04-04T14:56:02Z</time><extensions><speed>0.602533</speed><course>104.681149</course><hAcc>2.412820</hAcc><vAcc>1.792077</vAcc></extensions></trkpt>
      <trkpt lon="-77.047581" lat="38.897452"><ele>22.717748</ele><time>2026-04-04T14:56:03Z</time><extensions><speed>0.664243</speed><course>104.109935</course><hAcc>2.412097</hAcc><vAcc>1.796021</vAcc></extensions></trkpt>
      <trkpt lon="-77.047573" lat="38.897451"><ele>22.710612</ele><time>2026-04-04T14:56:04Z</time><extensions><speed>0.726202</speed><course>103.602450</course><hAcc>2.413206</hAcc><vAcc>1.799112</vAcc></extensions></trkpt>
      <trkpt lon="-77.047564" lat="38.897449"><ele>22.701695</ele><time>2026-04-04T14:56:05Z</time><extensions><speed>0.784344</speed><course>103.005132</course><hAcc>2.415613</hAcc><vAcc>1.801294</vAcc></extensions></trkpt>
      <trkpt lon="-77.047555" lat="38.897447"><ele>22.690873</ele><time>2026-04-04T14:56:06Z</time><extensions><speed>0.836287</speed><course>102.286684</course><hAcc>2.418786</hAcc><vAcc>1.802549</vAcc></extensions></trkpt>
      <trkpt lon="-77.047546" lat="38.897446"><ele>22.678211</ele><time>2026-04-04T14:56:07Z</time><extensions><speed>0.883869</speed><course>101.590152</course><hAcc>2.422382</hAcc><vAcc>1.802899</vAcc></extensions></trkpt>
      <trkpt lon="-77.047535" lat="38.897444"><ele>22.663729</ele><time>2026-04-04T14:56:08Z</time><extensions><speed>0.926493</speed><course>100.890056</course><hAcc>2.426204</hAcc><vAcc>1.802400</vAcc></extensions></trkpt>
      <trkpt lon="-77.047525" lat="38.897443"><ele>22.647103</ele><time>2026-04-04T14:56:09Z</time><extensions><speed>0.964013</speed><course>100.183963</course><hAcc>2.430183</hAcc><vAcc>1.801140</vAcc></extensions></trkpt>
      <trkpt lon="-77.047514" lat="38.897441"><ele>22.628868</ele><time>2026-04-04T14:56:10Z</time><extensions><speed>0.996513</speed><course>99.572991</course><hAcc>2.434269</hAcc><vAcc>1.799226</vAcc></extensions></trkpt>
      <trkpt lon="-77.047502" lat="38.897440"><ele>22.608978</ele><time>2026-04-04T14:56:11Z</time><extensions><speed>1.025720</speed><course>99.033847</course><hAcc>2.438482</hAcc><vAcc>1.796782</vAcc></extensions></trkpt>
      <trkpt lon="-77.047490" lat="38.897438"><ele>22.587459</ele><time>2026-04-04T14:56:13Z</time><extensions><speed>1.053374</speed><course>98.522366</course><hAcc>2.442910</hAcc><vAcc>1.793929</vAcc></extensions></trkpt>
      <trkpt lon="-77.047478" lat="38.897437"><ele>22.564413</ele><time>2026-04-04T14:56:14Z</time><extensions><speed>1.079037</speed><course>98.035548</course><hAcc>2.447640</hAcc><vAcc>1.790783</vAcc></extensions></trkpt>
      <trkpt lon="-77.047465" lat="38.897435"><ele>22.539939</ele><time>2026-04-04T14:56:15Z</time><extensions><speed>1.103545</speed><course>97.562638</course><hAcc>2.452761</hAcc><vAcc>1.787434</vAcc></extensions></trkpt>
      <trkpt lon="-77.047453" lat="38.897434"><ele>22.514210</ele><time>2026-04-04T14:56:16Z</time><extensions><speed>1.126273</speed><course>97.107075</course><hAcc>2.458365</hAcc><vAcc>1.783945</vAcc></extensions></trkpt>
      <trkpt lon="-77.047439" lat="38.897433"><ele>22.487327</ele><time>2026-04-04T14:56:17Z</time><extensions><speed>1.146110</speed><course>96.674001</course><hAcc>2.464570</hAcc><vAcc>1.780365</vAcc></extensions></trkpt>
      <trkpt lon="-77.047426" lat="38.897432"><ele>22.459613</ele><time>2026-04-04T14:56:18Z</time><extensions><speed>1.165544</speed><course>96.239178</course><hAcc>2.471519</hAcc><vAcc>1.776734</vAcc></extensions></trkpt>
      <trkpt lon="-77.047413" lat="38.897431"><ele>22.431296</ele><time>2026-04-04T14:56:19Z</time><extensions><speed>1.184580</speed><course>95.805452</course><hAcc>2.479326</hAcc><vAcc>1.773099</vAcc></extensions></trkpt>
      <trkpt lon="-77.047399" lat="38.897430"><ele>22.402609</ele><time>2026-04-04T14:56:20Z</time><extensions><speed>1.201836</speed><course>95.389918</course><hAcc>2.488085</hAcc><vAcc>1.769540</vAcc></extensions></trkpt>
      <trkpt lon="-77.047385" lat="38.897429"><ele>22.373768</ele><time>2026-04-04T14:56:21Z</time><extensions><speed>1.216141</speed><course>94.995553</course><hAcc>2.497898</hAcc><vAcc>1.766196</vAcc></extensions></trkpt>
      <trkpt lon="-77.047371" lat="38.897428"><ele>22.344908</ele><time>2026-04-04T14:56:22Z</time><extensions><speed>1.227631</speed><course>94.635023</course><hAcc>2.508876</hAcc><vAcc>1.763273</vAcc></extensions></trkpt>
      <trkpt lon="-77.047357" lat="38.897427"><ele>22.316381</ele><time>2026-04-04T14:56:23Z</time><extensions><speed>1.236954</speed><course>94.296488</course><hAcc>2.521200</hAcc><vAcc>1.761038</vAcc></extensions></trkpt>
      <trkpt lon="-77.047342" lat="38.897426"><ele>22.288313</ele><time>2026-04-04T14:56:24Z</time><extensions><speed>1.244279</speed><course>93.984606</course><hAcc>2.535040</hAcc><vAcc>1.759825</vAcc></extensions></trkpt>
      <trkpt lon="-77.047328" lat="38.897425"><ele>22.261060</ele><time>2026-04-04T14:56:25Z</time><extensions><speed>1.247519</speed><course>93.707901</course><hAcc>2.550582</hAcc><vAcc>1.760041</vAcc></extensions></trkpt>
      <trkpt lon="-77.047313" lat="38.897425"><ele>22.234760</ele><time>2026-04-04T14:56:26Z</time><extensions><speed>1.248603</speed><course>93.466383</course><hAcc>2.568060</hAcc><vAcc>1.762172</vAcc></extensions></trkpt>
      <trkpt lon="-77.047299" lat="38.897424"><ele>22.209562</ele><time>2026-04-04T14:56:27Z</time><extensions><speed>1.251093</speed><course>93.266197</course><hAcc>2.587902</hAcc><vAcc>1.766804</vAcc></extensions></trkpt>
      <trkpt lon="-77.047285" lat="38.897423"><ele>22.185451</ele><time>2026-04-04T14:56:28Z</time><extensions><speed>1.252657</speed><course>93.102842</course><hAcc>2.610845</hAcc><vAcc>1.774676</vAcc></extensions></trkpt>
      <trkpt lon="-77.047270" lat="38.897423"><ele>22.162686</ele><time>2026-04-04T14:56:29Z</time><extensions><speed>1.253351</speed><course>92.981576</course><hAcc>2.637793</hAcc><vAcc>1.786731</vAcc></extensions></trkpt>
      <trkpt lon="-77.047256" lat="38.897422"><ele>22.140995</ele><time>2026-04-04T14:56:30Z</time><extensions><speed>1.255546</speed><course>92.898612</course><hAcc>2.669861</hAcc><vAcc>1.804140</vAcc></extensions></trkpt>
      <trkpt lon="-77.047241" lat="38.897422"><ele>22.120236</ele><time>2026-04-04T14:56:31Z</time><extensions><speed>1.263438</speed><course>92.869360</course><hAcc>2.708619</hAcc><vAcc>1.828306</vAcc></extensions></trkpt>
      <trkpt lon="-77.047227" lat="38.897421"><ele>22.100616</ele><time>2026-04-04T14:56:32Z</time><extensions><speed>1.269859</speed><course>92.962327</course><hAcc>2.756300</hAcc><vAcc>1.860862</vAcc></extensions></trkpt>
      <trkpt lon="-77.047212" lat="38.897420"><ele>22.081965</ele><time>2026-04-04T14:56:33Z</time><extensions><speed>1.273545</speed><course>93.078088</course><hAcc>2.815532</hAcc><vAcc>1.903668</vAcc></extensions></trkpt>
      <trkpt lon="-77.047140" lat="38.897417"><ele>22.017368</ele><time>2026-04-04T14:56:38Z</time><extensions><speed>1.225955</speed><course>94.322315</course><hAcc>2.791182</hAcc><vAcc>1.916045</vAcc></extensions></trkpt>
      <trkpt lon="-77.047126" lat="38.897416"><ele>22.010194</ele><time>2026-04-04T14:56:39Z</time><extensions><speed>1.219594</speed><course>94.268787</course><hAcc>2.728274</hAcc><vAcc>1.877589</vAcc></extensions></trkpt>
      <trkpt lon="-77.047112" lat="38.897415"><ele>22.003390</ele><time>2026-04-04T14:56:40Z</time><extensions><speed>1.213153</speed><course>94.179756</course><hAcc>2.680125</hAcc><vAcc>1.848424</vAcc></extensions></trkpt>
      <trkpt lon="-77.047098" lat="38.897414"><ele>21.996296</ele><time>2026-04-04T14:56:41Z</time><extensions><speed>1.207854</speed><course>94.060627</course><hAcc>2.643892</hAcc><vAcc>1.826591</vAcc></extensions></trkpt>
      <trkpt lon="-77.047085" lat="38.897414"><ele>21.989014</ele><time>2026-04-04T14:56:42Z</time><extensions><speed>1.202429</speed><course>93.914378</course><hAcc>2.616978</hAcc><vAcc>1.810454</vAcc></extensions></trkpt>
      <trkpt lon="-77.047071" lat="38.897413"><ele>21.981486</ele><time>2026-04-04T14:56:43Z</time><extensions><speed>1.197910</speed><course>93.740006</course><hAcc>2.597162</hAcc><vAcc>1.798682</vAcc></extensions></trkpt>
      <trkpt lon="-77.047057" lat="38.897412"><ele>21.973576</ele><time>2026-04-04T14:56:44Z</time><extensions><speed>1.194353</speed><course>93.540717</course><hAcc>2.582620</hAcc><vAcc>1.790223</vAcc></extensions></trkpt>
      <trkpt lon="-77.047043" lat="38.897412"><ele>21.965392</ele><time>2026-04-04T14:56:45Z</time><extensions><speed>1.189800</speed><course>93.326179</course><hAcc>2.571818</hAcc><vAcc>1.784261</vAcc></extensions></trkpt>
      <trkpt lon="-77.047030" lat="38.897411"><ele>21.957039</ele><time>2026-04-04T14:56:46Z</time><extensions><speed>1.184137</speed><course>93.100851</course><hAcc>2.563661</hAcc><vAcc>1.780171</vAcc></extensions></trkpt>
      <trkpt lon="-77.047016" lat="38.897410"><ele>21.948697</ele><time>2026-04-04T14:56:47Z</time><extensions><speed>1.176287</speed><course>92.869722</course><hAcc>2.557270</hAcc><vAcc>1.777489</vAcc></extensions></trkpt>
      <trkpt lon="-77.047003" lat="38.897410"><ele>21.940259</ele><time>2026-04-04T14:56:48Z</time><extensions><speed>1.167281</speed><course>92.634566</course><hAcc>2.552028</hAcc><vAcc>1.775873</vAcc></extensions></trkpt>
      <trkpt lon="-77.046989" lat="38.897409"><ele>21.931959</ele><time>2026-04-04T14:56:49Z</time><extensions><speed>1.157280</speed><course>92.396048</course><hAcc>2.547557</hAcc><vAcc>1.775080</vAcc></extensions></trkpt>
      <trkpt lon="-77.046976" lat="38.897409"><ele>21.923896</ele><time>2026-04-04T14:56:50Z</time><extensions><speed>1.146479</speed><course>92.153646</course><hAcc>2.543668</hAcc><vAcc>1.774936</vAcc></extensions></trkpt>
      <trkpt lon="-77.046963" lat="38.897409"><ele>21.915983</ele><time>2026-04-04T14:56:51Z</time><extensions><speed>1.133309</speed><course>91.912856</course><hAcc>2.540252</hAcc><vAcc>1.775322</vAcc></extensions></trkpt>
      <trkpt lon="-77.046950" lat="38.897408"><ele>21.908379</ele><time>2026-04-04T14:56:52Z</time><extensions><speed>1.116277</speed><course>91.677504</course><hAcc>2.537271</hAcc><vAcc>1.776156</vAcc></extensions></trkpt>
      <trkpt lon="-77.046937" lat="38.897408"><ele>21.901169</ele><time>2026-04-04T14:56:53Z</time><extensions><speed>1.095086</speed><course>91.447936</course><hAcc>2.534727</hAcc><vAcc>1.777378</vAcc></extensions></trkpt>
      <trkpt lon="-77.046925" lat="38.897408"><ele>21.894385</ele><time>2026-04-04T14:56:54Z</time><extensions><speed>1.073280</speed><course>91.221557</course><hAcc>2.532705</hAcc><vAcc>1.778942</vAcc></extensions></trkpt>
      <trkpt lon="-77.046913" lat="38.897408"><ele>21.888233</ele><time>2026-04-04T14:56:55Z</time><extensions><speed>1.051950</speed><course>90.999259</course><hAcc>2.531253</hAcc><vAcc>1.780813</vAcc></extensions></trkpt>
      <trkpt lon="-77.046901" lat="38.897407"><ele>21.882799</ele><time>2026-04-04T14:56:56Z</time><extensions><speed>1.028985</speed><course>90.784497</course><hAcc>2.530395</hAcc><vAcc>1.782950</vAcc></extensions></trkpt>
      <trkpt lon="-77.046889" lat="38.897407"><ele>21.878057</ele><time>2026-04-04T14:56:57Z</time><extensions><speed>1.003570</speed><course>90.581179</course><hAcc>2.530032</hAcc><vAcc>1.785310</vAcc></extensions></trkpt>
      <trkpt lon="-77.046877" lat="38.897407"><ele>21.874109</ele><time>2026-04-04T14:56:58Z</time><extensions><speed>0.976313</speed><course>90.391219</course><hAcc>2.529996</hAcc><vAcc>1.787839</vAcc></extensions></trkpt>
      <trkpt lon="-77.046866" lat="38.897407"><ele>21.870934</ele><time>2026-04-04T14:56:59Z</time><extensions><speed>0.947781</speed><course>90.217478</course><hAcc>2.529959</hAcc><vAcc>1.790476</vAcc></extensions></trkpt>
      <trkpt lon="-77.046856" lat="38.897407"><ele>21.868172</ele><time>2026-04-04T14:57:00Z</time><extensions><speed>0.917295</speed><course>90.060814</course><hAcc>2.529435</hAcc><vAcc>1.793161</vAcc></extensions></trkpt>
      <trkpt lon="-77.046845" lat="38.897407"><ele>21.865715</ele><time>2026-04-04T14:57:01Z</time><extensions><speed>0.888109</speed><course>89.920020</course><hAcc>2.528143</hAcc><vAcc>1.795825</vAcc></extensions></trkpt>
      <trkpt lon="-77.046835" lat="38.897407"><ele>21.863571</ele><time>2026-04-04T14:57:02Z</time><extensions><speed>0.861199</speed><course>89.794746</course><hAcc>2.525783</hAcc><vAcc>1.798434</vAcc></extensions></trkpt>
      <trkpt lon="-77.046826" lat="38.897407"><ele>21.861890</ele><time>2026-04-04T14:57:03Z</time><extensions><speed>0.832765</speed><course>89.681291</course><hAcc>2.522067</hAcc><vAcc>1.800974</vAcc></extensions></trkpt>
      <trkpt lon="-77.046816" lat="38.897407"><ele>21.860335</ele><time>2026-04-04T14:57:04Z</time><extensions><speed>0.799761</speed><course>89.573301</course><hAcc>2.516816</hAcc><vAcc>1.803450</vAcc></extensions></trkpt>
      <trkpt lon="-77.046807" lat="38.897407"><ele>21.858841</ele><time>2026-04-04T14:57:05Z</time><extensions><speed>0.760866</speed><course>89.466408</course><hAcc>2.510105</hAcc><vAcc>1.805883</vAcc></extensions></trkpt>
      <trkpt lon="-77.046799" lat="38.897407"><ele>21.857376</ele><time>2026-04-04T14:57:06Z</time><extensions><speed>0.719912</speed><course>89.360190</course><hAcc>2.502234</hAcc><vAcc>1.808310</vAcc></extensions></trkpt>
      <trkpt lon="-77.046791" lat="38.897408"><ele>21.855536</ele><time>2026-04-04T14:57:07Z</time><extensions><speed>0.684332</speed><course>89.263855</course><hAcc>2.493666</hAcc><vAcc>1.810775</vAcc></extensions></trkpt>
      <trkpt lon="-77.046783" lat="38.897408"><ele>21.853513</ele><time>2026-04-04T14:57:08Z</time><extensions><speed>0.653787</speed><course>89.181091</course><hAcc>2.484852</hAcc><vAcc>1.813335</vAcc></extensions></trkpt>
      <trkpt lon="-77.046776" lat="38.897408"><ele>21.851216</ele><time>2026-04-04T14:57:09Z</time><extensions><speed>0.628429</speed><course>89.113982</course><hAcc>2.476168</hAcc><vAcc>1.816043</vAcc></extensions></trkpt>
      <trkpt lon="-77.046769" lat="38.897408"><ele>21.848403</ele><time>2026-04-04T14:57:10Z</time><extensions><speed>0.608372</speed><course>89.064402</course><hAcc>2.467872</hAcc><vAcc>1.818949</vAcc></extensions></trkpt>
      <trkpt lon="-77.046762" lat="38.897408"><ele>21.845271</ele><time>2026-04-04T14:57:11Z</time><extensions><speed>0.593639</speed><course>89.000341</course><hAcc>2.460124</hAcc><vAcc>1.822101</vAcc></extensions></trkpt>
      <trkpt lon="-77.046755" lat="38.897408"><ele>21.841778</ele><time>2026-04-04T14:57:12Z</time><extensions><speed>0.583872</speed><course>88.947405</course><hAcc>2.453023</hAcc><vAcc>1.825540</vAcc></extensions></trkpt>
      <trkpt lon="-77.046748" lat="38.897408"><ele>21.837972</ele><time>2026-04-04T14:57:13Z</time><extensions><speed>0.579710</speed><course>88.911688</course><hAcc>2.446628</hAcc><vAcc>1.829302</vAcc></extensions></trkpt>
      <trkpt lon="-77.046741" lat="38.897408"><ele>21.833731</ele><time>2026-04-04T14:57:14Z</time><extensions><speed>0.581334</speed><course>88.894815</course><hAcc>2.440973</hAcc><vAcc>1.833414</vAcc></extensions></trkpt>
      <trkpt lon="-77.046735" lat="38.897408"><ele>21.828945</ele><time>2026-04-04T14:57:15Z</time><extensions><speed>0.588914</speed><course>88.895297</course><hAcc>2.436077</hAcc><vAcc>1.837894</vAcc></extensions></trkpt>
      <trkpt lon="-77.046728" lat="38.897408"><ele>21.823243</ele><time>2026-04-04T14:57:16Z</time><extensions><speed>0.601306</speed><course>88.911787</course><hAcc>2.431976</hAcc><vAcc>1.842746</vAcc></extensions></trkpt>
      <trkpt lon="-77.046721" lat="38.897409"><ele>21.817312</ele><time>2026-04-04T14:57:17Z</time><extensions><speed>0.619672</speed><course>88.943653</course><hAcc>2.428678</hAcc><vAcc>1.847963</vAcc></extensions></trkpt>
      <trkpt lon="-77.046713" lat="38.897409"><ele>21.810810</ele><time>2026-04-04T14:57:18Z</time><extensions><speed>0.643832</speed><course>88.983995</course><hAcc>2.426224</hAcc><vAcc>1.853522</vAcc></extensions></trkpt>
      <trkpt lon="-77.046706" lat="38.897409"><ele>21.803982</ele><time>2026-04-04T14:57:19Z</time><extensions><speed>0.674215</speed><course>89.037230</course><hAcc>2.424653</hAcc><vAcc>1.859387</vAcc></extensions></trkpt>
      <trkpt lon="-77.046698" lat="38.897409"><ele>21.796751</ele><time>2026-04-04T14:57:20Z</time><extensions><speed>0.709248</speed><course>89.094674</course><hAcc>2.423935</hAcc><vAcc>1.865511</vAcc></extensions></trkpt>
      <trkpt lon="-77.046689" lat="38.897409"><ele>21.789234</ele><time>2026-04-04T14:57:21Z</time><extensions><speed>0.749025</speed><course>89.155220</course><hAcc>2.424020</hAcc><vAcc>1.871829</vAcc></extensions></trkpt>
      <trkpt lon="-77.046680" lat="38.897409"><ele>21.781202</ele><time>2026-04-04T14:57:22Z</time><extensions><speed>0.793344</speed><course>89.215084</course><hAcc>2.424791</hAcc><vAcc>1.878261</vAcc></extensions></trkpt>
      <trkpt lon="-77.046671" lat="38.897409"><ele>21.772702</ele><time>2026-04-04T14:57:23Z</time><extensions><speed>0.840421</speed><course>89.270902</course><hAcc>2.426009</hAcc><vAcc>1.884708</vAcc></extensions></trkpt>
      <trkpt lon="-77.046661" lat="38.897409"><ele>21.764150</ele><time>2026-04-04T14:57:24Z</time><extensions><speed>0.888518</speed><course>89.319771</course><hAcc>2.427309</hAcc><vAcc>1.891063</vAcc></extensions></trkpt>
      <trkpt lon="-77.046650" lat="38.897409"><ele>21.755429</ele><time>2026-04-04T14:57:25Z</time><extensions><speed>0.934067</speed><course>89.355251</course><hAcc>2.428269</hAcc><vAcc>1.897204</vAcc></extensions></trkpt>
      <trkpt lon="-77.046639" lat="38.897409"><ele>21.746629</ele><time>2026-04-04T14:57:26Z</time><extensions><speed>0.973907</speed><course>89.377151</course><hAcc>2.428606</hAcc><vAcc>1.903009</vAcc></extensions></trkpt>
      <trkpt lon="-77.046628" lat="38.897410"><ele>21.737746</ele><time>2026-04-04T14:57:27Z</time><extensions><speed>1.008112</speed><course>89.387918</course><hAcc>2.428126</hAcc><vAcc>1.908361</vAcc></extensions></trkpt>
      <trkpt lon="-77.046616" lat="38.897410"><ele>21.729037</ele><time>2026-04-04T14:57:28Z</time><extensions><speed>1.034062</speed><course>89.382478</course><hAcc>2.426745</hAcc><vAcc>1.913144</vAcc></extensions></trkpt>
      <trkpt lon="-77.046604" lat="38.897410"><ele>21.720441</ele><time>2026-04-04T14:57:29Z</time><extensions><speed>1.057225</speed><course>89.372364</course><hAcc>2.424596</hAcc><vAcc>1.917262</vAcc></extensions></trkpt>
      <trkpt lon="-77.046592" lat="38.897410"><ele>21.711969</ele><time>2026-04-04T14:57:30Z</time><extensions><speed>1.078476</speed><course>89.358332</course><hAcc>2.421852</hAcc><vAcc>1.920636</vAcc></extensions></trkpt>
      <trkpt lon="-77.046579" lat="38.897410"><ele>21.703629</ele><time>2026-04-04T14:57:31Z</time><extensions><speed>1.099219</speed><course>89.341090</course><hAcc>2.418682</hAcc><vAcc>1.923200</vAcc></extensions></trkpt>
      <trkpt lon="-77.046566" lat="38.897410"><ele>21.695817</ele><time>2026-04-04T14:57:32Z</time><extensions><speed>1.118016</speed><course>89.319976</course><hAcc>2.415278</hAcc><vAcc>1.924912</vAcc></extensions></trkpt>
      <trkpt lon="-77.046553" lat="38.897410"><ele>21.688212</ele><time>2026-04-04T14:57:33Z</time><extensions><speed>1.132189</speed><course>89.293388</course><hAcc>2.411802</hAcc><vAcc>1.925758</vAcc></extensions></trkpt>
      <trkpt lon="-77.046540" lat="38.897410"><ele>21.680930</ele><time>2026-04-04T14:57:34Z</time><extensions><speed>1.142989</speed><course>89.262828</course><hAcc>2.408416</hAcc><vAcc>1.925755</vAcc></extensions></trkpt>
      <trkpt lon="-77.046527" lat="38.897410"><ele>21.674227</ele><time>2026-04-04T14:57:35Z</time><extensions><speed>1.154463</speed><course>89.234239</course><hAcc>2.405211</hAcc><vAcc>1.924919</vAcc></extensions></trkpt>
      <trkpt lon="-77.046514" lat="38.897411"><ele>21.667300</ele><time>2026-04-04T14:57:36Z</time><extensions><speed>1.165814</speed><course>89.198724</course><hAcc>2.402061</hAcc><vAcc>1.923284</vAcc></extensions></trkpt>
      <trkpt lon="-77.046500" lat="38.897411"><ele>21.660403</ele><time>2026-04-04T14:57:37Z</time><extensions><speed>1.174310</speed><course>89.158467</course><hAcc>2.398989</hAcc><vAcc>1.920895</vAcc></extensions></trkpt>
      <trkpt lon="-77.046487" lat="38.897411"><ele>21.653511</ele><time>2026-04-04T14:57:38Z</time><extensions><speed>1.181514</speed><course>89.115113</course><hAcc>2.396096</hAcc><vAcc>1.917803</vAcc></extensions></trkpt>
      <trkpt lon="-77.046473" lat="38.897411"><ele>21.646797</ele><time>2026-04-04T14:57:39Z</time><extensions><speed>1.189168</speed><course>89.070743</course><hAcc>2.393448</hAcc><vAcc>1.914073</vAcc></extensions></trkpt>
      <trkpt lon="-77.046459" lat="38.897411"><ele>21.640796</ele><time>2026-04-04T14:57:40Z</time><extensions><speed>1.198508</speed><course>89.026002</course><hAcc>2.391065</hAcc><vAcc>1.909774</vAcc></extensions></trkpt>
      <trkpt lon="-77.046445" lat="38.897411"><ele>21.634647</ele><time>2026-04-04T14:57:41Z</time><extensions><speed>1.207380</speed><course>88.980785</course><hAcc>2.388928</hAcc><vAcc>1.904964</vAcc></extensions></trkpt>
      <trkpt lon="-77.046431" lat="38.897412"><ele>21.628892</ele><time>2026-04-04T14:57:42Z</time><extensions><speed>1.217095</speed><course>88.935837</course><hAcc>2.387060</hAcc><vAcc>1.899696</vAcc></extensions></trkpt>
      <trkpt lon="-77.046417" lat="38.897412"><ele>21.622936</ele><time>2026-04-04T14:57:43Z</time><extensions><speed>1.227067</speed><course>88.891503</course><hAcc>2.385341</hAcc><vAcc>1.894014</vAcc></extensions></trkpt>
      <trkpt lon="-77.046403" lat="38.897412"><ele>21.616275</ele><time>2026-04-04T14:57:44Z</time><extensions><speed>1.237163</speed><course>88.842524</course><hAcc>2.383665</hAcc><vAcc>1.887963</vAcc></extensions></trkpt>
      <trkpt lon="-77.046389" lat="38.897412"><ele>21.609773</ele><time>2026-04-04T14:57:45Z</time><extensions><speed>1.247545</speed><course>88.795724</course><hAcc>2.382137</hAcc><vAcc>1.881574</vAcc></extensions></trkpt>
      <trkpt lon="-77.046374" lat="38.897413"><ele>21.603284</ele><time>2026-04-04T14:57:46Z</time><extensions><speed>1.260294</speed><course>88.753650</course><hAcc>2.380866</hAcc><vAcc>1.874876</vAcc></extensions></trkpt>
      <trkpt lon="-77.046360" lat="38.897413"><ele>21.596817</ele><time>2026-04-04T14:57:47Z</time><extensions><speed>1.275340</speed><course>88.717575</course><hAcc>2.379911</hAcc><vAcc>1.867881</vAcc></extensions></trkpt>
      <trkpt lon="-77.046345" lat="38.897413"><ele>21.591121</ele><time>2026-04-04T14:57:48Z</time><extensions><speed>1.293540</speed><course>88.688714</course><hAcc>2.379312</hAcc><vAcc>1.860596</vAcc></extensions></trkpt>
      <trkpt lon="-77.046330" lat="38.897413"><ele>21.585412</ele><time>2026-04-04T14:57:49Z</time><extensions><speed>1.314167</speed><course>88.673334</course><hAcc>2.379067</hAcc><vAcc>1.853017</vAcc></extensions></trkpt>
      <trkpt lon="-77.046315" lat="38.897414"><ele>21.579415</ele><time>2026-04-04T14:57:50Z</time><extensions><speed>1.333692</speed><course>88.663745</course><hAcc>2.378953</hAcc><vAcc>1.845137</vAcc></extensions></trkpt>
      <trkpt lon="-77.046299" lat="38.897414"><ele>21.573387</ele><time>2026-04-04T14:57:51Z</time><extensions><speed>1.350238</speed><course>88.648373</course><hAcc>2.378774</hAcc><vAcc>1.836944</vAcc></extensions></trkpt>
      <trkpt lon="-77.046283" lat="38.897414"><ele>21.566922</ele><time>2026-04-04T14:57:52Z</time><extensions><speed>1.366135</speed><course>88.642590</course><hAcc>2.378597</hAcc><vAcc>1.828439</vAcc></extensions></trkpt>
      <trkpt lon="-77.046267" lat="38.897414"><ele>21.560350</ele><time>2026-04-04T14:57:53Z</time><extensions><speed>1.382883</speed><course>88.649298</course><hAcc>2.378527</hAcc><vAcc>1.819642</vAcc></extensions></trkpt>
      <trkpt lon="-77.046251" lat="38.897415"><ele>21.553729</ele><time>2026-04-04T14:57:54Z</time><extensions><speed>1.400063</speed><course>88.670798</course><hAcc>2.378591</hAcc><vAcc>1.810594</vAcc></extensions></trkpt>
      <trkpt lon="-77.046235" lat="38.897415"><ele>21.546938</ele><time>2026-04-04T14:57:55Z</time><extensions><speed>1.414169</speed><course>88.705690</course><hAcc>2.378724</hAcc><vAcc>1.801342</vAcc></extensions></trkpt>
      <trkpt lon="-77.046219" lat="38.897415"><ele>21.540193</ele><time>2026-04-04T14:57:56Z</time><extensions><speed>1.423762</speed><course>88.750966</course><hAcc>2.378789</hAcc><vAcc>1.791957</vAcc></extensions></trkpt>
      <trkpt lon="-77.046202" lat="38.897416"><ele>21.532998</ele><time>2026-04-04T14:57:57Z</time><extensions><speed>1.428747</speed><course>88.815719</course><hAcc>2.378732</hAcc><vAcc>1.782528</vAcc></extensions></trkpt>
      <trkpt lon="-77.046186" lat="38.897416"><ele>21.525018</ele><time>2026-04-04T14:57:58Z</time><extensions><speed>1.429418</speed><course>88.903018</course><hAcc>2.378565</hAcc><vAcc>1.773163</vAcc></extensions></trkpt>
      <trkpt lon="-77.046169" lat="38.897416"><ele>21.516416</ele><time>2026-04-04T14:57:59Z</time><extensions><speed>1.426411</speed><course>89.018889</course><hAcc>2.378237</hAcc><vAcc>1.763975</vAcc></extensions></trkpt>
      <trkpt lon="-77.046153" lat="38.897416"><ele>21.507091</ele><time>2026-04-04T14:58:00Z</time><extensions><speed>1.421482</speed><course>89.164738</course><hAcc>2.377781</hAcc><vAcc>1.755084</vAcc></extensions></trkpt>
      <trkpt lon="-77.046137" lat="38.897416"><ele>21.497297</ele><time>2026-04-04T14:58:01Z</time><extensions><speed>1.417431</speed><course>89.350356</course><hAcc>2.377337</hAcc><vAcc>1.746618</vAcc></extensions></trkpt>
      <trkpt lon="-77.046120" lat="38.897417"><ele>21.486672</ele><time>2026-04-04T14:58:02Z</time><extensions><speed>1.414294</speed><course>89.577688</course><hAcc>2.377052</hAcc><vAcc>1.738710</vAcc></extensions></trkpt>
      <trkpt lon="-77.046104" lat="38.897417"><ele>21.475222</ele><time>2026-04-04T14:58:03Z</time><extensions><speed>1.410875</speed><course>89.823413</course><hAcc>2.377013</hAcc><vAcc>1.731484</vAcc></extensions></trkpt>
      <trkpt lon="-77.046088" lat="38.897417"><ele>21.463357</ele><time>2026-04-04T14:58:04Z</time><extensions><speed>1.408280</speed><course>90.073615</course><hAcc>2.377219</hAcc><vAcc>1.725052</vAcc></extensions></trkpt>
      <trkpt lon="-77.046071" lat="38.897417"><ele>21.451058</ele><time>2026-04-04T14:58:05Z</time><extensions><speed>1.404859</speed><course>90.316814</course><hAcc>2.377577</hAcc><vAcc>1.719496</vAcc></extensions></trkpt>
      <trkpt lon="-77.046055" lat="38.897416"><ele>21.438193</ele><time>2026-04-04T14:58:06Z</time><extensions><speed>1.400799</speed><course>90.544862</course><hAcc>2.377989</hAcc><vAcc>1.714868</vAcc></extensions></trkpt>
      <trkpt lon="-77.046039" lat="38.897416"><ele>21.424556</ele><time>2026-04-04T14:58:07Z</time><extensions><speed>1.392571</speed><course>90.753434</course><hAcc>2.378284</hAcc><vAcc>1.711189</vAcc></extensions></trkpt>
      <trkpt lon="-77.046023" lat="38.897416"><ele>21.410688</ele><time>2026-04-04T14:58:08Z</time><extensions><speed>1.379610</speed><course>90.939314</course><hAcc>2.378318</hAcc><vAcc>1.708475</vAcc></extensions></trkpt>
      <trkpt lon="-77.046007" lat="38.897416"><ele>21.396778</ele><time>2026-04-04T14:58:09Z</time><extensions><speed>1.362599</speed><course>91.105080</course><hAcc>2.378057</hAcc><vAcc>1.706732</vAcc></extensions></trkpt>
      <trkpt lon="-77.045992" lat="38.897416"><ele>21.382795</ele><time>2026-04-04T14:58:10Z</time><extensions><speed>1.346371</speed><course>91.242752</course><hAcc>2.377600</hAcc><vAcc>1.705961</vAcc></extensions></trkpt>
      <trkpt lon="-77.045976" lat="38.897415"><ele>21.368889</ele><time>2026-04-04T14:58:11Z</time><extensions><speed>1.332709</speed><course>91.351297</course><hAcc>2.377073</hAcc><vAcc>1.706130</vAcc></extensions></trkpt>
      <trkpt lon="-77.045961" lat="38.897415"><ele>21.355127</ele><time>2026-04-04T14:58:12Z</time><extensions><speed>1.319804</speed><course>91.434693</course><hAcc>2.376532</hAcc><vAcc>1.707197</vAcc></extensions></trkpt>
      <trkpt lon="-77.045946" lat="38.897415"><ele>21.341497</ele><time>2026-04-04T14:58:13Z</time><extensions><speed>1.307749</speed><course>91.494256</course><hAcc>2.376060</hAcc><vAcc>1.709113</vAcc></extensions></trkpt>
      <trkpt lon="-77.045931" lat="38.897414"><ele>21.328464</ele><time>2026-04-04T14:58:14Z</time><extensions><speed>1.297689</speed><course>91.530938</course><hAcc>2.375712</hAcc><vAcc>1.711808</vAcc></extensions></trkpt>
      <trkpt lon="-77.045916" lat="38.897414"><ele>21.315627</ele><time>2026-04-04T14:58:15Z</time><extensions><speed>1.289458</speed><course>91.547696</course><hAcc>2.375495</hAcc><vAcc>1.715192</vAcc></extensions></trkpt>
      <trkpt lon="-77.045901" lat="38.897414"><ele>21.303285</ele><time>2026-04-04T14:58:16Z</time><extensions><speed>1.282180</speed><course>91.548251</course><hAcc>2.375390</hAcc><vAcc>1.719147</vAcc></extensions></trkpt>
      <trkpt lon="-77.045886" lat="38.897414"><ele>21.291137</ele><time>2026-04-04T14:58:17Z</time><extensions><speed>1.277817</speed><course>91.532426</course><hAcc>2.375377</hAcc><vAcc>1.723527</vAcc></extensions></trkpt>
      <trkpt lon="-77.045872" lat="38.897413"><ele>21.279512</ele><time>2026-04-04T14:58:18Z</time><extensions><speed>1.275773</speed><course>91.504827</course><hAcc>2.375429</hAcc><vAcc>1.728165</vAcc></extensions></trkpt>
      <trkpt lon="-77.045857" lat="38.897413"><ele>21.268276</ele><time>2026-04-04T14:58:19Z</time><extensions><speed>1.273761</speed><course>91.468130</course><hAcc>2.375571</hAcc><vAcc>1.732880</vAcc></extensions></trkpt>
      <trkpt lon="-77.045842" lat="38.897413"><ele>21.257452</ele><time>2026-04-04T14:58:20Z</time><extensions><speed>1.271889</speed><course>91.423235</course><hAcc>2.375833</hAcc><vAcc>1.737477</vAcc></extensions></trkpt>
      <trkpt lon="-77.045828" lat="38.897412"><ele>21.247120</ele><time>2026-04-04T14:58:21Z</time><extensions><speed>1.267803</speed><course>91.375154</course><hAcc>2.376197</hAcc><vAcc>1.741766</vAcc></extensions></trkpt>
      <trkpt lon="-77.045813" lat="38.897412"><ele>21.237256</ele><time>2026-04-04T14:58:22Z</time><extensions><speed>1.264266</speed><course>91.323344</course><hAcc>2.376656</hAcc><vAcc>1.745579</vAcc></extensions></trkpt>
      <trkpt lon="-77.045798" lat="38.897412"><ele>21.227740</ele><time>2026-04-04T14:58:23Z</time><extensions><speed>1.261767</speed><course>91.266263</course><hAcc>2.377285</hAcc><vAcc>1.748763</vAcc></extensions></trkpt>
      <trkpt lon="-77.045784" lat="38.897412"><ele>21.218549</ele><time>2026-04-04T14:58:24Z</time><extensions><speed>1.261573</speed><course>91.204018</course><hAcc>2.378069</hAcc><vAcc>1.751177</vAcc></extensions></trkpt>
      <trkpt lon="-77.045769" lat="38.897411"><ele>21.209508</ele><time>2026-04-04T14:58:25Z</time><extensions><speed>1.261775</speed><course>91.140611</course><hAcc>2.378976</hAcc><vAcc>1.752693</vAcc></extensions></trkpt>
      <trkpt lon="-77.045755" lat="38.897411"><ele>21.200837</ele><time>2026-04-04T14:58:26Z</time><extensions><speed>1.263824</speed><course>91.075475</course><hAcc>2.379981</hAcc><vAcc>1.753182</vAcc></extensions></trkpt>
      <trkpt lon="-77.045740" lat="38.897411"><ele>21.192219</ele><time>2026-04-04T14:58:27Z</time><extensions><speed>1.267815</speed><course>91.009060</course><hAcc>2.381061</hAcc><vAcc>1.752534</vAcc></extensions></trkpt>
      <trkpt lon="-77.045726" lat="38.897411"><ele>21.184146</ele><time>2026-04-04T14:58:28Z</time><extensions><speed>1.271579</speed><course>90.944386</course><hAcc>2.382166</hAcc><vAcc>1.750641</vAcc></extensions></trkpt>
      <trkpt lon="-77.045711" lat="38.897411"><ele>21.177079</ele><time>2026-04-04T14:58:29Z</time><extensions><speed>1.274002</speed><course>90.882143</course><hAcc>2.383232</hAcc><vAcc>1.747421</vAcc></extensions></trkpt>
      <trkpt lon="-77.045696" lat="38.897410"><ele>21.170116</ele><time>2026-04-04T14:58:30Z</time><extensions><speed>1.273872</speed><course>90.823087</course><hAcc>2.384178</hAcc><vAcc>1.742806</vAcc></extensions></trkpt>
      <trkpt lon="-77.045681" lat="38.897410"><ele>21.163294</ele><time>2026-04-04T14:58:31Z</time><extensions><speed>1.272086</speed><course>90.766769</course><hAcc>2.384869</hAcc><vAcc>1.736742</vAcc></extensions></trkpt>
      <trkpt lon="-77.045667" lat="38.897410"><ele>21.156571</ele><time>2026-04-04T14:58:32Z</time><extensions><speed>1.268922</speed><course>90.716797</course><hAcc>2.385180</hAcc><vAcc>1.729201</vAcc></extensions></trkpt>
      <trkpt lon="-77.045652" lat="38.897410"><ele>21.150000</ele><time>2026-04-04T14:58:33Z</time><extensions><speed>1.265950</speed><course>90.725903</course><hAcc>2.385161</hAcc><vAcc>1.720193</vAcc></extensions></trkpt>
      <trkpt lon="-77.045637" lat="38.897410"><ele>21.143571</ele><time>2026-04-04T14:58:34Z</time><extensions><speed>1.264382</speed><course>90.724251</course><hAcc>2.384864</hAcc><vAcc>1.709767</vAcc></extensions></trkpt>
      <trkpt lon="-77.045623" lat="38.897409"><ele>21.137459</ele><time>2026-04-04T14:58:35Z</time><extensions><speed>1.266971</speed><course>90.700488</course><hAcc>2.384311</hAcc><vAcc>1.698003</vAcc></extensions></trkpt>
      <trkpt lon="-77.045608" lat="38.897409"><ele>21.131812</ele><time>2026-04-04T14:58:36Z</time><extensions><speed>1.269309</speed><course>90.714406</course><hAcc>2.383506</hAcc><vAcc>1.685027</vAcc></extensions></trkpt>
      <trkpt lon="-77.045593" lat="38.897409"><ele>21.126629</ele><time>2026-04-04T14:58:37Z</time><extensions><speed>1.269106</speed><course>90.719550</course><hAcc>2.382587</hAcc><vAcc>1.670988</vAcc></extensions></trkpt>
      <trkpt lon="-77.045579" lat="38.897409"><ele>21.121831</ele><time>2026-04-04T14:58:38Z</time><extensions><speed>1.267071</speed><course>90.727457</course><hAcc>2.381605</hAcc><vAcc>1.656070</vAcc></extensions></trkpt>
      <trkpt lon="-77.045564" lat="38.897409"><ele>21.117082</ele><time>2026-04-04T14:58:39Z</time><extensions><speed>1.261408</speed><course>90.717701</course><hAcc>2.380658</hAcc><vAcc>1.640482</vAcc></extensions></trkpt>
      <trkpt lon="-77.045549" lat="38.897408"><ele>21.112748</ele><time>2026-04-04T14:58:40Z</time><extensions><speed>1.253757</speed><course>90.696772</course><hAcc>2.379743</hAcc><vAcc>1.624468</vAcc></extensions></trkpt>
      <trkpt lon="-77.045535" lat="38.897408"><ele>21.108533</ele><time>2026-04-04T14:58:41Z</time><extensions><speed>1.246365</speed><course>90.669081</course><hAcc>2.378873</hAcc><vAcc>1.608307</vAcc></extensions></trkpt>
      <trkpt lon="-77.045521" lat="38.897408"><ele>21.104430</ele><time>2026-04-04T14:58:42Z</time><extensions><speed>1.239263</speed><course>90.636207</course><hAcc>2.378115</hAcc><vAcc>1.592293</vAcc></extensions></trkpt>
      <trkpt lon="-77.045506" lat="38.897408"><ele>21.100274</ele><time>2026-04-04T14:58:43Z</time><extensions><speed>1.233793</speed><course>90.599675</course><hAcc>2.377510</hAcc><vAcc>1.576708</vAcc></extensions></trkpt>
      <trkpt lon="-77.045492" lat="38.897408"><ele>21.096348</ele><time>2026-04-04T14:58:44Z</time><extensions><speed>1.229523</speed><course>90.554585</course><hAcc>2.377084</hAcc><vAcc>1.561789</vAcc></extensions></trkpt>
      <trkpt lon="-77.045478" lat="38.897408"><ele>21.092260</ele><time>2026-04-04T14:58:45Z</time><extensions><speed>1.226586</speed><course>90.495068</course><hAcc>2.376821</hAcc><vAcc>1.547702</vAcc></extensions></trkpt>
      <trkpt lon="-77.045464" lat="38.897408"><ele>21.088083</ele><time>2026-04-04T14:58:46Z</time><extensions><speed>1.222852</speed><course>90.427274</course><hAcc>2.376682</hAcc><vAcc>1.534546</vAcc></extensions></trkpt>
      <trkpt lon="-77.045450" lat="38.897407"><ele>21.083743</ele><time>2026-04-04T14:58:47Z</time><extensions><speed>1.218336</speed><course>90.340526</course><hAcc>2.376637</hAcc><vAcc>1.522372</vAcc></extensions></trkpt>
      <trkpt lon="-77.045436" lat="38.897407"><ele>21.079101</ele><time>2026-04-04T14:58:48Z</time><extensions><speed>1.211886</speed><course>90.244090</course><hAcc>2.376683</hAcc><vAcc>1.511213</vAcc></extensions></trkpt>
      <trkpt lon="-77.045422" lat="38.897407"><ele>21.074203</ele><time>2026-04-04T14:58:49Z</time><extensions><speed>1.205150</speed><course>90.132687</course><hAcc>2.376829</hAcc><vAcc>1.501113</vAcc></extensions></trkpt>
      <trkpt lon="-77.045408" lat="38.897407"><ele>21.069034</ele><time>2026-04-04T14:58:50Z</time><extensions><speed>1.198273</speed><course>89.997498</course><hAcc>2.377079</hAcc><vAcc>1.492132</vAcc></extensions></trkpt>
      <trkpt lon="-77.045394" lat="38.897407"><ele>21.063693</ele><time>2026-04-04T14:58:51Z</time><extensions><speed>1.190882</speed><course>89.842472</course><hAcc>2.377445</hAcc><vAcc>1.484352</vAcc></extensions></trkpt>
      <trkpt lon="-77.045380" lat="38.897407"><ele>21.057856</ele><time>2026-04-04T14:58:52Z</time><extensions><speed>1.182709</speed><course>89.664386</course><hAcc>2.377885</hAcc><vAcc>1.477850</vAcc></extensions></trkpt>
      <trkpt lon="-77.045367" lat="38.897408"><ele>21.051421</ele><time>2026-04-04T14:58:53Z</time><extensions><speed>1.173415</speed><course>89.471197</course><hAcc>2.378343</hAcc><vAcc>1.472712</vAcc></extensions></trkpt>
      <trkpt lon="-77.045353" lat="38.897408"><ele>21.044419</ele><time>2026-04-04T14:58:54Z</time><extensions><speed>1.162961</speed><course>89.243989</course><hAcc>2.378810</hAcc><vAcc>1.469025</vAcc></extensions></trkpt>
      <trkpt lon="-77.045340" lat="38.897408"><ele>21.036792</ele><time>2026-04-04T14:58:55Z</time><extensions><speed>1.153954</speed><course>88.996366</course><hAcc>2.379207</hAcc><vAcc>1.466870</vAcc></extensions></trkpt>
      <trkpt lon="-77.045327" lat="38.897408"><ele>21.028357</ele><time>2026-04-04T14:58:56Z</time><extensions><speed>1.149267</speed><course>88.717154</course><hAcc>2.379438</hAcc><vAcc>1.466316</vAcc></extensions></trkpt>
      <trkpt lon="-77.045313" lat="38.897408"><ele>21.018689</ele><time>2026-04-04T14:58:57Z</time><extensions><speed>1.143639</speed><course>88.403975</course><hAcc>2.379528</hAcc><vAcc>1.467402</vAcc></extensions></trkpt>
      <trkpt lon="-77.045300" lat="38.897409"><ele>21.007553</ele><time>2026-04-04T14:58:58Z</time><extensions><speed>1.137979</speed><course>88.028255</course><hAcc>2.379507</hAcc><vAcc>1.470144</vAcc></extensions></trkpt>
      <trkpt lon="-77.045287" lat="38.897409"><ele>20.995153</ele><time>2026-04-04T14:58:59Z</time><extensions><speed>1.132233</speed><course>87.604835</course><hAcc>2.379407</hAcc><vAcc>1.474533</vAcc></extensions></trkpt>
      <trkpt lon="-77.045274" lat="38.897410"><ele>20.981394</ele><time>2026-04-04T14:59:00Z</time><extensions><speed>1.124195</speed><course>87.116408</course><hAcc>2.379240</hAcc><vAcc>1.480514</vAcc></extensions></trkpt>
      <trkpt lon="-77.045261" lat="38.897410"><ele>20.966237</ele><time>2026-04-04T14:59:01Z</time><extensions><speed>1.114898</speed><course>86.550985</course><hAcc>2.379008</hAcc><vAcc>1.487998</vAcc></extensions></trkpt>
      <trkpt lon="-77.045248" lat="38.897411"><ele>20.949858</ele><time>2026-04-04T14:59:02Z</time><extensions><speed>1.106411</speed><course>85.929096</course><hAcc>2.378812</hAcc><vAcc>1.496877</vAcc></extensions></trkpt>
      <trkpt lon="-77.045236" lat="38.897412"><ele>20.932351</ele><time>2026-04-04T14:59:03Z</time><extensions><speed>1.098646</speed><course>85.238707</course><hAcc>2.378748</hAcc><vAcc>1.507020</vAcc></extensions></trkpt>
      <trkpt lon="-77.045223" lat="38.897412"><ele>20.913920</ele><time>2026-04-04T14:59:04Z</time><extensions><speed>1.089443</speed><course>84.470480</course><hAcc>2.378861</hAcc><vAcc>1.518269</vAcc></extensions></trkpt>
      <trkpt lon="-77.045211" lat="38.897413"><ele>20.894643</ele><time>2026-04-04T14:59:05Z</time><extensions><speed>1.079698</speed><course>83.597168</course><hAcc>2.379167</hAcc><vAcc>1.530434</vAcc></extensions></trkpt>
      <trkpt lon="-77.045198" lat="38.897415"><ele>20.874273</ele><time>2026-04-04T14:59:06Z</time><extensions><speed>1.070557</speed><course>82.617416</course><hAcc>2.379637</hAcc><vAcc>1.543296</vAcc></extensions></trkpt>
      <trkpt lon="-77.045186" lat="38.897416"><ele>20.853519</ele><time>2026-04-04T14:59:07Z</time><extensions><speed>1.061924</speed><course>81.524748</course><hAcc>2.380217</hAcc><vAcc>1.556606</vAcc></extensions></trkpt>
      <trkpt lon="-77.045174" lat="38.897417"><ele>20.832730</ele><time>2026-04-04T14:59:08Z</time><extensions><speed>1.052691</speed><course>80.283985</course><hAcc>2.380826</hAcc><vAcc>1.570102</vAcc></extensions></trkpt>
      <trkpt lon="-77.045162" lat="38.897419"><ele>20.811540</ele><time>2026-04-04T14:59:09Z</time><extensions><speed>1.041395</speed><course>78.879521</course><hAcc>2.381439</hAcc><vAcc>1.583512</vAcc></extensions></trkpt>
      <trkpt lon="-77.045151" lat="38.897421"><ele>20.790219</ele><time>2026-04-04T14:59:10Z</time><extensions><speed>1.028297</speed><course>77.270244</course><hAcc>2.381946</hAcc><vAcc>1.596580</vAcc></extensions></trkpt>
      <trkpt lon="-77.045139" lat="38.897423"><ele>20.769076</ele><time>2026-04-04T14:59:11Z</time><extensions><speed>1.013137</speed><course>75.450554</course><hAcc>2.382277</hAcc><vAcc>1.609075</vAcc></extensions></trkpt>
      <trkpt lon="-77.045128" lat="38.897426"><ele>20.748524</ele><time>2026-04-04T14:59:12Z</time><extensions><speed>0.996909</speed><course>73.356199</course><hAcc>2.382380</hAcc><vAcc>1.620787</vAcc></extensions></trkpt>
      <trkpt lon="-77.045117" lat="38.897429"><ele>20.728660</ele><time>2026-04-04T14:59:13Z</time><extensions><speed>0.980876</speed><course>70.922933</course><hAcc>2.382248</hAcc><vAcc>1.631541</vAcc></extensions></trkpt>
      <trkpt lon="-77.045107" lat="38.897432"><ele>20.710054</ele><time>2026-04-04T14:59:14Z</time><extensions><speed>0.965458</speed><course>68.221283</course><hAcc>2.382025</hAcc><vAcc>1.641187</vAcc></extensions></trkpt>
      <trkpt lon="-77.045097" lat="38.897435"><ele>20.692574</ele><time>2026-04-04T14:59:15Z</time><extensions><speed>0.953147</speed><course>65.255617</course><hAcc>2.381812</hAcc><vAcc>1.649598</vAcc></extensions></trkpt>
      <trkpt lon="-77.045087" lat="38.897439"><ele>20.676747</ele><time>2026-04-04T14:59:16Z</time><extensions><speed>0.943046</speed><course>61.986122</course><hAcc>2.381655</hAcc><vAcc>1.656669</vAcc></extensions></trkpt>
      <trkpt lon="-77.045077" lat="38.897443"><ele>20.662822</ele><time>2026-04-04T14:59:17Z</time><extensions><speed>0.934962</speed><course>58.366571</course><hAcc>2.381569</hAcc><vAcc>1.662320</vAcc></extensions></trkpt>
      <trkpt lon="-77.045068" lat="38.897448"><ele>20.650766</ele><time>2026-04-04T14:59:18Z</time><extensions><speed>0.929304</speed><course>54.357683</course><hAcc>2.381599</hAcc><vAcc>1.666489</vAcc></extensions></trkpt>
      <trkpt lon="-77.045060" lat="38.897453"><ele>20.640579</ele><time>2026-04-04T14:59:19Z</time><extensions><speed>0.929172</speed><course>50.092548</course><hAcc>2.381740</hAcc><vAcc>1.669163</vAcc></extensions></trkpt>
      <trkpt lon="-77.045052" lat="38.897459"><ele>20.632291</ele><time>2026-04-04T14:59:20Z</time><extensions><speed>0.935198</speed><course>45.543443</course><hAcc>2.382005</hAcc><vAcc>1.670359</vAcc></extensions></trkpt>
      <trkpt lon="-77.045045" lat="38.897465"><ele>20.626085</ele><time>2026-04-04T14:59:21Z</time><extensions><speed>0.949111</speed><course>40.818704</course><hAcc>2.382349</hAcc><vAcc>1.670135</vAcc></extensions></trkpt>
      <trkpt lon="-77.045038" lat="38.897472"><ele>20.621783</ele><time>2026-04-04T14:59:22Z</time><extensions><speed>0.971954</speed><course>36.007722</course><hAcc>2.382755</hAcc><vAcc>1.668591</vAcc></extensions></trkpt>
      <trkpt lon="-77.045031" lat="38.897479"><ele>20.619573</ele><time>2026-04-04T14:59:23Z</time><extensions><speed>1.004663</speed><course>31.234251</course><hAcc>2.383224</hAcc><vAcc>1.665868</vAcc></extensions></trkpt>
      <trkpt lon="-77.045026" lat="38.897487"><ele>20.619181</ele><time>2026-04-04T14:59:24Z</time><extensions><speed>1.038288</speed><course>27.006602</course><hAcc>2.383791</hAcc><vAcc>1.662136</vAcc></extensions></trkpt>
      <trkpt lon="-77.045021" lat="38.897496"><ele>20.620515</ele><time>2026-04-04T14:59:25Z</time><extensions><speed>1.073352</speed><course>23.322516</course><hAcc>2.384531</hAcc><vAcc>1.657591</vAcc></extensions></trkpt>
      <trkpt lon="-77.045016" lat="38.897505"><ele>20.623762</ele><time>2026-04-04T14:59:26Z</time><extensions><speed>1.109194</speed><course>20.115746</course><hAcc>2.385474</hAcc><vAcc>1.652432</vAcc></extensions></trkpt>
      <trkpt lon="-77.045012" lat="38.897514"><ele>20.628957</ele><time>2026-04-04T14:59:27Z</time><extensions><speed>1.141365</speed><course>17.401536</course><hAcc>2.386432</hAcc><vAcc>1.646861</vAcc></extensions></trkpt>
      <trkpt lon="-77.045008" lat="38.897524"><ele>20.636104</ele><time>2026-04-04T14:59:28Z</time><extensions><speed>1.169839</speed><course>15.113762</course><hAcc>2.387187</hAcc><vAcc>1.641070</vAcc></extensions></trkpt>
      <trkpt lon="-77.045005" lat="38.897535"><ele>20.645481</ele><time>2026-04-04T14:59:29Z</time><extensions><speed>1.196728</speed><course>13.224449</course><hAcc>2.387567</hAcc><vAcc>1.635236</vAcc></extensions></trkpt>
      <trkpt lon="-77.045002" lat="38.897545"><ele>20.657012</ele><time>2026-04-04T14:59:30Z</time><extensions><speed>1.220573</speed><course>11.581797</course><hAcc>2.387587</hAcc><vAcc>1.629532</vAcc></extensions></trkpt>
      <trkpt lon="-77.044999" lat="38.897556"><ele>20.670681</ele><time>2026-04-04T14:59:31Z</time><extensions><speed>1.241951</speed><course>10.132456</course><hAcc>2.387319</hAcc><vAcc>1.624129</vAcc></extensions></trkpt>
      <trkpt lon="-77.044997" lat="38.897567"><ele>20.686878</ele><time>2026-04-04T14:59:32Z</time><extensions><speed>1.260710</speed><course>8.859414</course><hAcc>2.386810</hAcc><vAcc>1.619195</vAcc></extensions></trkpt>
      <trkpt lon="-77.044994" lat="38.897579"><ele>20.705722</ele><time>2026-04-04T14:59:33Z</time><extensions><speed>1.275878</speed><course>7.734430</course><hAcc>2.386090</hAcc><vAcc>1.614891</vAcc></extensions></trkpt>
      <trkpt lon="-77.044993" lat="38.897590"><ele>20.727382</ele><time>2026-04-04T14:59:34Z</time><extensions><speed>1.287527</speed><course>6.805278</course><hAcc>2.385154</hAcc><vAcc>1.611367</vAcc></extensions></trkpt>
      <trkpt lon="-77.044991" lat="38.897602"><ele>20.752036</ele><time>2026-04-04T14:59:34Z</time><extensions><speed>1.295156</speed><course>6.035776</course><hAcc>2.384072</hAcc><vAcc>1.608772</vAcc></extensions></trkpt>
      <trkpt lon="-77.044989" lat="38.897613"><ele>20.780047</ele><time>2026-04-04T14:59:35Z</time><extensions><speed>1.299915</speed><course>5.383754</course><hAcc>2.382881</hAcc><vAcc>1.607225</vAcc></extensions></trkpt>
      <trkpt lon="-77.044988" lat="38.897625"><ele>20.811535</ele><time>2026-04-04T14:59:36Z</time><extensions><speed>1.301575</speed><course>4.830800</course><hAcc>2.381598</hAcc><vAcc>1.606831</vAcc></extensions></trkpt>
      <trkpt lon="-77.044987" lat="38.897637"><ele>20.846629</ele><time>2026-04-04T14:59:37Z</time><extensions><speed>1.302145</speed><course>4.350855</course><hAcc>2.380269</hAcc><vAcc>1.607690</vAcc></extensions></trkpt>
      <trkpt lon="-77.044986" lat="38.897648"><ele>20.885270</ele><time>2026-04-04T14:59:38Z</time><extensions><speed>1.301214</speed><course>3.930589</course><hAcc>2.378957</hAcc><vAcc>1.609890</vAcc></extensions></trkpt>
      <trkpt lon="-77.044985" lat="38.897660"><ele>20.927547</ele><time>2026-04-04T14:59:39Z</time><extensions><speed>1.298910</speed><course>3.557552</course><hAcc>2.377771</hAcc><vAcc>1.613501</vAcc></extensions></trkpt>
      <trkpt lon="-77.044984" lat="38.897672"><ele>20.973522</ele><time>2026-04-04T14:59:40Z</time><extensions><speed>1.296913</speed><course>3.201101</course><hAcc>2.376890</hAcc><vAcc>1.618559</vAcc></extensions></trkpt>
      <trkpt lon="-77.044983" lat="38.897683"><ele>21.023288</ele><time>2026-04-04T14:59:41Z</time><extensions><speed>1.294587</speed><course>2.859850</course><hAcc>2.376468</hAcc><vAcc>1.625053</vAcc></extensions></trkpt>
      <trkpt lon="-77.044983" lat="38.897695"><ele>21.076803</ele><time>2026-04-04T14:59:42Z</time><extensions><speed>1.291983</speed><course>2.535056</course><hAcc>2.376483</hAcc><vAcc>1.632909</vAcc></extensions></trkpt>
      <trkpt lon="-77.044982" lat="38.897707"><ele>21.133891</ele><time>2026-04-04T14:59:43Z</time><extensions><speed>1.288417</speed><course>2.236828</course><hAcc>2.376750</hAcc><vAcc>1.641985</vAcc></extensions></trkpt>
      <trkpt lon="-77.044981" lat="38.897718"><ele>21.194190</ele><time>2026-04-04T14:59:44Z</time><extensions><speed>1.285092</speed><course>1.962176</course><hAcc>2.377090</hAcc><vAcc>1.652082</vAcc></extensions></trkpt>
      <trkpt lon="-77.044981" lat="38.897730"><ele>21.257577</ele><time>2026-04-04T14:59:45Z</time><extensions><speed>1.279966</speed><course>1.710946</course><hAcc>2.377363</hAcc><vAcc>1.662964</vAcc></extensions></trkpt>
      <trkpt lon="-77.044981" lat="38.897741"><ele>21.323813</ele><time>2026-04-04T14:59:46Z</time><extensions><speed>1.272361</speed><course>1.483685</course><hAcc>2.377546</hAcc><vAcc>1.674385</vAcc></extensions></trkpt>
      <trkpt lon="-77.044980" lat="38.897753"><ele>21.392487</ele><time>2026-04-04T14:59:47Z</time><extensions><speed>1.261122</speed><course>1.276975</course><hAcc>2.377641</hAcc><vAcc>1.686126</vAcc></extensions></trkpt>
      <trkpt lon="-77.044980" lat="38.897764"><ele>21.463040</ele><time>2026-04-04T14:59:48Z</time><extensions><speed>1.249631</speed><course>1.083946</course><hAcc>2.377682</hAcc><vAcc>1.698006</vAcc></extensions></trkpt>
      <trkpt lon="-77.044980" lat="38.897775"><ele>21.534842</ele><time>2026-04-04T14:59:49Z</time><extensions><speed>1.237359</speed><course>0.905072</course><hAcc>2.377764</hAcc><vAcc>1.709879</vAcc></extensions></trkpt>
      <trkpt lon="-77.044979" lat="38.897786"><ele>21.607594</ele><time>2026-04-04T14:59:50Z</time><extensions><speed>1.225548</speed><course>0.736728</course><hAcc>2.377956</hAcc><vAcc>1.721639</vAcc></extensions></trkpt>
      <trkpt lon="-77.044979" lat="38.897797"><ele>21.680682</ele><time>2026-04-04T14:59:51Z</time><extensions><speed>1.214930</speed><course>0.576899</course><hAcc>2.378314</hAcc><vAcc>1.733207</vAcc></extensions></trkpt>
      <trkpt lon="-77.044979" lat="38.897808"><ele>21.753629</ele><time>2026-04-04T14:59:52Z</time><extensions><speed>1.204087</speed><course>0.425433</course><hAcc>2.378838</hAcc><vAcc>1.744514</vAcc></extensions></trkpt>
      <trkpt lon="-77.044979" lat="38.897819"><ele>21.825886</ele><time>2026-04-04T14:59:53Z</time><extensions><speed>1.192500</speed><course>0.281124</course><hAcc>2.379491</hAcc><vAcc>1.755498</vAcc></extensions></trkpt>
      <trkpt lon="-77.044979" lat="38.897830"><ele>21.896963</ele><time>2026-04-04T14:59:54Z</time><extensions><speed>1.177903</speed><course>0.142234</course><hAcc>2.380214</hAcc><vAcc>1.766105</vAcc></extensions></trkpt>
      <trkpt lon="-77.044979" lat="38.897840"><ele>21.966575</ele><time>2026-04-04T14:59:55Z</time><extensions><speed>1.162276</speed><course>0.011173</course><hAcc>2.380955</hAcc><vAcc>1.776291</vAcc></extensions></trkpt>
      <trkpt lon="-77.044979" lat="38.897851"><ele>22.033866</ele><time>2026-04-04T14:59:56Z</time><extensions><speed>1.146877</speed><course>359.886614</course><hAcc>2.381632</hAcc><vAcc>1.786031</vAcc></extensions></trkpt>
      <trkpt lon="-77.044979" lat="38.897861"><ele>22.098045</ele><time>2026-04-04T14:59:57Z</time><extensions><speed>1.131463</speed><course>359.767787</course><hAcc>2.382104</hAcc><vAcc>1.795300</vAcc></extensions></trkpt>
      <trkpt lon="-77.044979" lat="38.897871"><ele>22.158583</ele><time>2026-04-04T14:59:58Z</time><extensions><speed>1.118879</speed><course>359.653222</course><hAcc>2.382291</hAcc><vAcc>1.804085</vAcc></extensions></trkpt>
      <trkpt lon="-77.044979" lat="38.897881"><ele>22.214986</ele><time>2026-04-04T14:59:59Z</time><extensions><speed>1.108208</speed><course>359.542804</course><hAcc>2.382219</hAcc><vAcc>1.812378</vAcc></extensions></trkpt>
      <trkpt lon="-77.044979" lat="38.897891"><ele>22.266724</ele><time>2026-04-04T15:00:00Z</time><extensions><speed>1.101000</speed><course>359.437062</course><hAcc>2.381885</hAcc><vAcc>1.820176</vAcc></extensions></trkpt>
      <trkpt lon="-77.044979" lat="38.897901"><ele>22.313433</ele><time>2026-04-04T15:00:01Z</time><extensions><speed>1.094365</speed><course>359.334160</course><hAcc>2.381264</hAcc><vAcc>1.827477</vAcc></extensions></trkpt>
      <trkpt lon="-77.044980" lat="38.897911"><ele>22.354672</ele><time>2026-04-04T15:00:02Z</time><extensions><speed>1.090255</speed><course>359.234642</course><hAcc>2.380359</hAcc><vAcc>1.834280</vAcc></extensions></trkpt>
      <trkpt lon="-77.044980" lat="38.897921"><ele>22.390105</ele><time>2026-04-04T15:00:03Z</time><extensions><speed>1.090780</speed><course>359.138988</course><hAcc>2.379213</hAcc><vAcc>1.840590</vAcc></extensions></trkpt>
      <trkpt lon="-77.044980" lat="38.897931"><ele>22.419557</ele><time>2026-04-04T15:00:04Z</time><extensions><speed>1.094019</speed><course>359.047389</course><hAcc>2.377923</hAcc><vAcc>1.846423</vAcc></extensions></trkpt>
      <trkpt lon="-77.044980" lat="38.897941"><ele>22.442871</ele><time>2026-04-04T15:00:05Z</time><extensions><speed>1.102241</speed><course>358.962107</course><hAcc>2.376607</hAcc><vAcc>1.851798</vAcc></extensions></trkpt>
      <trkpt lon="-77.044980" lat="38.897951"><ele>22.460107</ele><time>2026-04-04T15:00:06Z</time><extensions><speed>1.113937</speed><course>358.883284</course><hAcc>2.375345</hAcc><vAcc>1.856725</vAcc></extensions></trkpt>
      <trkpt lon="-77.044981" lat="38.897961"><ele>22.471349</ele><time>2026-04-04T15:00:07Z</time><extensions><speed>1.125630</speed><course>358.806753</course><hAcc>2.374161</hAcc><vAcc>1.861213</vAcc></extensions></trkpt>
      <trkpt lon="-77.044981" lat="38.897971"><ele>22.476793</ele><time>2026-04-04T15:00:08Z</time><extensions><speed>1.138041</speed><course>358.735806</course><hAcc>2.372987</hAcc><vAcc>1.865260</vAcc></extensions></trkpt>
      <trkpt lon="-77.044981" lat="38.897982"><ele>22.476654</ele><time>2026-04-04T15:00:09Z</time><extensions><speed>1.149584</speed><course>358.660661</course><hAcc>2.371924</hAcc><vAcc>1.868870</vAcc></extensions></trkpt>
      <trkpt lon="-77.044982" lat="38.897992"><ele>22.471267</ele><time>2026-04-04T15:00:10Z</time><extensions><speed>1.161094</speed><course>358.588537</course><hAcc>2.371045</hAcc><vAcc>1.872054</vAcc></extensions></trkpt>
      <trkpt lon="-77.044982" lat="38.898003"><ele>22.460750</ele><time>2026-04-04T15:00:11Z</time><extensions><speed>1.172300</speed><course>358.521217</course><hAcc>2.370418</hAcc><vAcc>1.874829</vAcc></extensions></trkpt>
      <trkpt lon="-77.044982" lat="38.898013"><ele>22.445585</ele><time>2026-04-04T15:00:12Z</time><extensions><speed>1.181711</speed><course>358.454803</course><hAcc>2.370237</hAcc><vAcc>1.877215</vAcc></extensions></trkpt>
      <trkpt lon="-77.044983" lat="38.898024"><ele>22.426167</ele><time>2026-04-04T15:00:13Z</time><extensions><speed>1.188783</speed><course>358.389584</course><hAcc>2.370447</hAcc><vAcc>1.879220</vAcc></extensions></trkpt>
      <trkpt lon="-77.044983" lat="38.898035"><ele>22.402871</ele><time>2026-04-04T15:00:14Z</time><extensions><speed>1.195092</speed><course>358.327795</course><hAcc>2.371022</hAcc><vAcc>1.880844</vAcc></extensions></trkpt>
      <trkpt lon="-77.044983" lat="38.898046"><ele>22.376173</ele><time>2026-04-04T15:00:15Z</time><extensions><speed>1.202007</speed><course>358.271896</course><hAcc>2.371854</hAcc><vAcc>1.882079</vAcc></extensions></trkpt>
      <trkpt lon="-77.044984" lat="38.898057"><ele>22.346299</ele><time>2026-04-04T15:00:16Z</time><extensions><speed>1.209968</speed><course>358.222768</course><hAcc>2.372986</hAcc><vAcc>1.882925</vAcc></extensions></trkpt>
      <trkpt lon="-77.044984" lat="38.898067"><ele>22.313649</ele><time>2026-04-04T15:00:17Z</time><extensions><speed>1.217547</speed><course>358.178658</course><hAcc>2.374238</hAcc><vAcc>1.883383</vAcc></extensions></trkpt>
      <trkpt lon="-77.044985" lat="38.898079"><ele>22.278609</ele><time>2026-04-04T15:00:18Z</time><extensions><speed>1.224629</speed><course>358.137968</course><hAcc>2.375519</hAcc><vAcc>1.883465</vAcc></extensions></trkpt>
      <trkpt lon="-77.044985" lat="38.898090"><ele>22.241346</ele><time>2026-04-04T15:00:19Z</time><extensions><speed>1.231077</speed><course>358.105324</course><hAcc>2.376821</hAcc><vAcc>1.883190</vAcc></extensions></trkpt>
      <trkpt lon="-77.044986" lat="38.898101"><ele>22.202401</ele><time>2026-04-04T15:00:20Z</time><extensions><speed>1.237067</speed><course>358.082738</course><hAcc>2.378123</hAcc><vAcc>1.882585</vAcc></extensions></trkpt>
      <trkpt lon="-77.044986" lat="38.898112"><ele>22.162097</ele><time>2026-04-04T15:00:21Z</time><extensions><speed>1.241781</speed><course>358.071306</course><hAcc>2.379323</hAcc><vAcc>1.881684</vAcc></extensions></trkpt>
      <trkpt lon="-77.044987" lat="38.898123"><ele>22.120846</ele><time>2026-04-04T15:00:22Z</time><extensions><speed>1.245524</speed><course>358.069786</course><hAcc>2.380499</hAcc><vAcc>1.880520</vAcc></extensions></trkpt>
      <trkpt lon="-77.044987" lat="38.898134"><ele>22.078753</ele><time>2026-04-04T15:00:23Z</time><extensions><speed>1.247071</speed><course>358.081946</course><hAcc>2.381590</hAcc><vAcc>1.879125</vAcc></extensions></trkpt>
      <trkpt lon="-77.044988" lat="38.898146"><ele>22.036125</ele><time>2026-04-04T15:00:24Z</time><extensions><speed>1.246870</speed><course>358.109214</course><hAcc>2.382622</hAcc><vAcc>1.877532</vAcc></extensions></trkpt>
      <trkpt lon="-77.044988" lat="38.898157"><ele>21.993258</ele><time>2026-04-04T15:00:25Z</time><extensions><speed>1.243828</speed><course>358.156774</course><hAcc>2.383675</hAcc><vAcc>1.875781</vAcc></extensions></trkpt>
      <trkpt lon="-77.044989" lat="38.898168"><ele>21.950481</ele><time>2026-04-04T15:00:26Z</time><extensions><speed>1.238996</speed><course>358.230785</course><hAcc>2.384828</hAcc><vAcc>1.873919</vAcc></extensions></trkpt>
      <trkpt lon="-77.044989" lat="38.898179"><ele>21.907944</ele><time>2026-04-04T15:00:27Z</time><extensions><speed>1.230785</speed><course>358.334123</course><hAcc>2.386143</hAcc><vAcc>1.872001</vAcc></extensions></trkpt>
      <trkpt lon="-77.044989" lat="38.898190"><ele>21.865971</ele><time>2026-04-04T15:00:28Z</time><extensions><speed>1.220007</speed><course>358.475711</course><hAcc>2.387672</hAcc><vAcc>1.870087</vAcc></extensions></trkpt>
      <trkpt lon="-77.044990" lat="38.898201"><ele>21.824650</ele><time>2026-04-04T15:00:29Z</time><extensions><speed>1.206783</speed><course>358.662453</course><hAcc>2.389429</hAcc><vAcc>1.868234</vAcc></extensions></trkpt>
      <trkpt lon="-77.044990" lat="38.898212"><ele>21.784193</ele><time>2026-04-04T15:00:30Z</time><extensions><speed>1.191434</speed><course>358.902299</course><hAcc>2.391426</hAcc><vAcc>1.866484</vAcc></extensions></trkpt>
      <trkpt lon="-77.044990" lat="38.898223"><ele>21.744758</ele><time>2026-04-04T15:00:32Z</time><extensions><speed>1.176570</speed><course>359.220666</course><hAcc>2.393746</hAcc><vAcc>1.864869</vAcc></extensions></trkpt>
      <trkpt lon="-77.044990" lat="38.898233"><ele>21.706428</ele><time>2026-04-04T15:00:33Z</time><extensions><speed>1.162006</speed><course>359.566757</course><hAcc>2.396423</hAcc><vAcc>1.863400</vAcc></extensions></trkpt>
      <trkpt lon="-77.044990" lat="38.898244"><ele>21.669228</ele><time>2026-04-04T15:00:34Z</time><extensions><speed>1.144390</speed><course>359.920747</course><hAcc>2.399444</hAcc><vAcc>1.862075</vAcc></extensions></trkpt>
      <trkpt lon="-77.044990" lat="38.898254"><ele>21.633263</ele><time>2026-04-04T15:00:35Z</time><extensions><speed>1.124443</speed><course>0.269374</course><hAcc>2.402753</hAcc><vAcc>1.860875</vAcc></extensions></trkpt>
      <trkpt lon="-77.044990" lat="38.898264"><ele>21.598496</ele><time>2026-04-04T15:00:36Z</time><extensions><speed>1.104667</speed><course>0.600572</course><hAcc>2.406263</hAcc><vAcc>1.859762</vAcc></extensions></trkpt>
      <trkpt lon="-77.044990" lat="38.898274"><ele>21.564985</ele><time>2026-04-04T15:00:37Z</time><extensions><speed>1.085403</speed><course>0.908083</course><hAcc>2.409836</hAcc><vAcc>1.858679</vAcc></extensions></trkpt>
      <trkpt lon="-77.044990" lat="38.898284"><ele>21.532854</ele><time>2026-04-04T15:00:38Z</time><extensions><speed>1.065915</speed><course>1.185662</course><hAcc>2.413449</hAcc><vAcc>1.857563</vAcc></extensions></trkpt>
      <trkpt lon="-77.044990" lat="38.898293"><ele>21.502033</ele><time>2026-04-04T15:00:39Z</time><extensions><speed>1.044400</speed><course>1.432383</course><hAcc>2.417061</hAcc><vAcc>1.856342</vAcc></extensions></trkpt>
      <trkpt lon="-77.044989" lat="38.898302"><ele>21.472637</ele><time>2026-04-04T15:00:40Z</time><extensions><speed>1.021921</speed><course>1.650476</course><hAcc>2.420589</hAcc><vAcc>1.854938</vAcc></extensions></trkpt>
      <trkpt lon="-77.044989" lat="38.898311"><ele>21.444651</ele><time>2026-04-04T15:00:41Z</time><extensions><speed>0.995305</speed><course>1.844631</course><hAcc>2.423971</hAcc><vAcc>1.853257</vAcc></extensions></trkpt>
      <trkpt lon="-77.044989" lat="38.898320"><ele>21.418033</ele><time>2026-04-04T15:00:42Z</time><extensions><speed>0.963419</speed><course>2.019346</course><hAcc>2.427118</hAcc><vAcc>1.851200</vAcc></extensions></trkpt>
      <trkpt lon="-77.044988" lat="38.898329"><ele>21.392896</ele><time>2026-04-04T15:00:43Z</time><extensions><speed>0.926918</speed><course>2.181476</course><hAcc>2.429900</hAcc><vAcc>1.848668</vAcc></extensions></trkpt>
      <trkpt lon="-77.044988" lat="38.898337"><ele>21.369269</ele><time>2026-04-04T15:00:44Z</time><extensions><speed>0.887354</speed><course>2.334053</course><hAcc>2.432202</hAcc><vAcc>1.845572</vAcc></extensions></trkpt>
      <trkpt lon="-77.044987" lat="38.898345"><ele>21.347188</ele><time>2026-04-04T15:00:45Z</time><extensions><speed>0.844851</speed><course>2.481470</course><hAcc>2.433920</hAcc><vAcc>1.841837</vAcc></extensions></trkpt>
      <trkpt lon="-77.044987" lat="38.898352"><ele>21.326705</ele><time>2026-04-04T15:00:46Z</time><extensions><speed>0.796324</speed><course>2.640900</course><hAcc>2.434959</hAcc><vAcc>1.837409</vAcc></extensions></trkpt>
      <trkpt lon="-77.044986" lat="38.898359"><ele>21.307870</ele><time>2026-04-04T15:00:47Z</time><extensions><speed>0.741783</speed><course>2.824082</course><hAcc>2.435268</hAcc><vAcc>1.832258</vAcc></extensions></trkpt>
      <trkpt lon="-77.044986" lat="38.898365"><ele>21.290660</ele><time>2026-04-04T15:00:48Z</time><extensions><speed>0.682329</speed><course>3.042753</course><hAcc>2.434887</hAcc><vAcc>1.826373</vAcc></extensions></trkpt>
      <trkpt lon="-77.044986" lat="38.898371"><ele>21.275027</ele><time>2026-04-04T15:00:49Z</time><extensions><speed>0.617870</speed><course>3.325511</course><hAcc>2.434025</hAcc><vAcc>1.819773</vAcc></extensions></trkpt>
      <trkpt lon="-77.044985" lat="38.898377"><ele>21.261166</ele><time>2026-04-04T15:00:50Z</time><extensions><speed>0.556367</speed><course>3.634934</course><hAcc>2.433156</hAcc><vAcc>1.812506</vAcc></extensions></trkpt>
      <trkpt lon="-77.044985" lat="38.898381"><ele>21.248819</ele><time>2026-04-04T15:00:51Z</time><extensions><speed>0.497224</speed><course>3.970079</course><hAcc>2.432741</hAcc><vAcc>1.804655</vAcc></extensions></trkpt>
      <trkpt lon="-77.044984" lat="38.898386"><ele>21.237878</ele><time>2026-04-04T15:00:52Z</time><extensions><speed>0.440390</speed><course>4.342817</course><hAcc>2.433136</hAcc><vAcc>1.796339</vAcc></extensions></trkpt>
      <trkpt lon="-77.044984" lat="38.898389"><ele>21.228386</ele><time>2026-04-04T15:00:53Z</time><extensions><speed>0.386748</speed><course>4.760715</course><hAcc>2.434443</hAcc><vAcc>1.787684</vAcc></extensions></trkpt>
      <trkpt lon="-77.044984" lat="38.898392"><ele>21.220330</ele><time>2026-04-04T15:00:54Z</time><extensions><speed>0.336881</speed><course>5.231588</course><hAcc>2.436693</hAcc><vAcc>1.778838</vAcc></extensions></trkpt>
      <trkpt lon="-77.044983" lat="38.898395"><ele>21.213862</ele><time>2026-04-04T15:00:55Z</time><extensions><speed>0.290418</speed><course>5.776273</course><hAcc>2.439838</hAcc><vAcc>1.769961</vAcc></extensions></trkpt>
      <trkpt lon="-77.044983" lat="38.898398"><ele>21.208701</ele><time>2026-04-04T15:00:56Z</time><extensions><speed>0.247652</speed><course>6.414849</course><hAcc>2.443759</hAcc><vAcc>1.761223</vAcc></extensions></trkpt>
      <trkpt lon="-77.044983" lat="38.898400"><ele>21.204781</ele><time>2026-04-04T15:00:57Z</time><extensions><speed>0.207912</speed><course>7.199135</course><hAcc>2.448289</hAcc><vAcc>1.752781</vAcc></extensions></trkpt>
      <trkpt lon="-77.044982" lat="38.898401"><ele>21.201991</ele><time>2026-04-04T15:00:58Z</time><extensions><speed>0.171448</speed><course>8.186285</course><hAcc>2.453185</hAcc><vAcc>1.744792</vAcc></extensions></trkpt>
      <trkpt lon="-77.044982" lat="38.898403"><ele>21.200335</ele><time>2026-04-04T15:00:59Z</time><extensions><speed>0.137746</speed><course>9.508609</course><hAcc>2.458220</hAcc><vAcc>1.737410</vAcc></extensions></trkpt>
      <trkpt lon="-77.044982" lat="38.898404"><ele>21.199768</ele><time>2026-04-04T15:01:00Z</time><extensions><speed>0.108029</speed><course>11.334703</course><hAcc>2.463095</hAcc><vAcc>1.730781</vAcc></extensions></trkpt>
      <trkpt lon="-77.044982" lat="38.898405"><ele>21.200252</ele><time>2026-04-04T15:01:01Z</time><extensions><speed>0.081155</speed><course>14.070961</course><hAcc>2.467753</hAcc><vAcc>1.725051</vAcc></extensions></trkpt>
      <trkpt lon="-77.044981" lat="38.898405"><ele>21.201684</ele><time>2026-04-04T15:01:02Z</time><extensions><speed>0.057134</speed><course>18.642967</course><hAcc>2.472074</hAcc><vAcc>1.720355</vAcc></extensions></trkpt>
      <trkpt lon="-77.044981" lat="38.898405"><ele>21.203949</ele><time>2026-04-04T15:01:03Z</time><extensions><speed>0.036663</speed><course>27.527670</course><hAcc>2.475957</hAcc><vAcc>1.716817</vAcc></extensions></trkpt>
      <trkpt lon="-77.044981" lat="38.898406"><ele>21.206987</ele><time>2026-04-04T15:01:04Z</time><extensions><speed>0.020592</speed><course>49.601295</course><hAcc>2.479455</hAcc><vAcc>1.714544</vAcc></extensions></trkpt>
      <trkpt lon="-77.044981" lat="38.898406"><ele>21.210692</ele><time>2026-04-04T15:01:05Z</time><extensions><speed>0.014882</speed><course>103.234893</course><hAcc>2.482593</hAcc><vAcc>1.713619</vAcc></extensions></trkpt>
      <trkpt lon="-77.044981" lat="38.898406"><ele>21.215034</ele><time>2026-04-04T15:01:06Z</time><extensions><speed>0.022405</speed><course>143.436263</course><hAcc>2.485321</hAcc><vAcc>1.714097</vAcc></extensions></trkpt>
      <trkpt lon="-77.044981" lat="38.898405"><ele>21.219945</ele><time>2026-04-04T15:01:07Z</time><extensions><speed>0.032959</speed><course>158.065218</course><hAcc>2.487601</hAcc><vAcc>1.715997</vAcc></extensions></trkpt>
      <trkpt lon="-77.044980" lat="38.898405"><ele>21.225445</ele><time>2026-04-04T15:01:08Z</time><extensions><speed>0.042631</speed><course>164.612271</course><hAcc>2.489580</hAcc><vAcc>1.719297</vAcc></extensions></trkpt>
      <trkpt lon="-77.044980" lat="38.898405"><ele>21.231359</ele><time>2026-04-04T15:01:09Z</time><extensions><speed>0.050897</speed><course>168.265897</course><hAcc>2.491350</hAcc><vAcc>1.723933</vAcc></extensions></trkpt>
      <trkpt lon="-77.044980" lat="38.898404"><ele>21.237756</ele><time>2026-04-04T15:01:10Z</time><extensions><speed>0.057601</speed><course>170.574961</course><hAcc>2.493006</hAcc><vAcc>1.729799</vAcc></extensions></trkpt>
      <trkpt lon="-77.044980" lat="38.898404"><ele>21.244340</ele><time>2026-04-04T15:01:11Z</time><extensions><speed>0.062955</speed><course>172.188473</course><hAcc>2.494506</hAcc><vAcc>1.736757</vAcc></extensions></trkpt>
      <trkpt lon="-77.044980" lat="38.898403"><ele>21.251067</ele><time>2026-04-04T15:01:12Z</time><extensions><speed>0.067052</speed><course>173.384621</course><hAcc>2.495760</hAcc><vAcc>1.744647</vAcc></extensions></trkpt>
      <trkpt lon="-77.044980" lat="38.898402"><ele>21.258037</ele><time>2026-04-04T15:01:13Z</time><extensions><speed>0.070177</speed><course>174.291212</course><hAcc>2.496680</hAcc><vAcc>1.753296</vAcc></extensions></trkpt>
      <trkpt lon="-77.044980" lat="38.898402"><ele>21.265207</ele><time>2026-04-04T15:01:14Z</time><extensions><speed>0.071927</speed><course>174.988869</course><hAcc>2.497387</hAcc><vAcc>1.762525</vAcc></extensions></trkpt>
      <trkpt lon="-77.044980" lat="38.898401"><ele>21.272411</ele><time>2026-04-04T15:01:15Z</time><extensions><speed>0.072820</speed><course>175.565739</course><hAcc>2.497990</hAcc><vAcc>1.772159</vAcc></extensions></trkpt>
      <trkpt lon="-77.044980" lat="38.898400"><ele>21.279548</ele><time>2026-04-04T15:01:16Z</time><extensions><speed>0.072647</speed><course>176.035415</course><hAcc>2.498574</hAcc><vAcc>1.782029</vAcc></extensions></trkpt>
      <trkpt lon="-77.044980" lat="38.898400"><ele>21.286573</ele><time>2026-04-04T15:01:17Z</time><extensions><speed>0.071625</speed><course>176.430226</course><hAcc>2.499188</hAcc><vAcc>1.791977</vAcc></extensions></trkpt>
      <trkpt lon="-77.044980" lat="38.898399"><ele>21.293476</ele><time>2026-04-04T15:01:18Z</time><extensions><speed>0.069649</speed><course>176.757076</course><hAcc>2.499864</hAcc><vAcc>1.801856</vAcc></extensions></trkpt>
      <trkpt lon="-77.044980" lat="38.898398"><ele>21.300150</ele><time>2026-04-04T15:01:19Z</time><extensions><speed>0.067193</speed><course>177.047497</course><hAcc>2.500612</hAcc><vAcc>1.811529</vAcc></extensions></trkpt>
      <trkpt lon="-77.044980" lat="38.898398"><ele>21.306606</ele><time>2026-04-04T15:01:20Z</time><extensions><speed>0.063682</speed><course>177.279623</course><hAcc>2.501432</hAcc><vAcc>1.820874</vAcc></extensions></trkpt>
      <trkpt lon="-77.044980" lat="38.898397"><ele>21.312832</ele><time>2026-04-04T15:01:21Z</time><extensions><speed>0.059813</speed><course>177.488372</course><hAcc>2.502304</hAcc><vAcc>1.829778</vAcc></extensions></trkpt>
      <trkpt lon="-77.044979" lat="38.898397"><ele>21.318924</ele><time>2026-04-04T15:01:22Z</time><extensions><speed>0.055390</speed><course>177.663872</course><hAcc>2.503199</hAcc><vAcc>1.838140</vAcc></extensions></trkpt>
      <trkpt lon="-77.044979" lat="38.898396"><ele>21.324538</ele><time>2026-04-04T15:01:23Z</time><extensions><speed>0.050621</speed><course>177.816540</course><hAcc>2.504067</hAcc><vAcc>1.845871</vAcc></extensions></trkpt>
      <trkpt lon="-77.044979" lat="38.898396"><ele>21.329853</ele><time>2026-04-04T15:01:24Z</time><extensions><speed>0.045653</speed><course>177.952009</course><hAcc>2.504977</hAcc><vAcc>1.852892</vAcc></extensions></trkpt>
      <trkpt lon="-77.044979" lat="38.898395"><ele>21.334687</ele><time>2026-04-04T15:01:25Z</time><extensions><speed>0.040850</speed><course>178.087909</course><hAcc>2.505876</hAcc><vAcc>1.859137</vAcc></extensions></trkpt>
      <trkpt lon="-77.044979" lat="38.898395"><ele>21.339282</ele><time>2026-04-04T15:01:26Z</time><extensions><speed>0.035713</speed><course>178.196391</course><hAcc>2.506725</hAcc><vAcc>1.864556</vAcc></extensions></trkpt>
      <trkpt lon="-77.044979" lat="38.898395"><ele>21.343646</ele><time>2026-04-04T15:01:27Z</time><extensions><speed>0.030215</speed><course>178.270115</course><hAcc>2.507518</hAcc><vAcc>1.869115</vAcc></extensions></trkpt>
      <trkpt lon="-77.044979" lat="38.898395"><ele>21.347800</ele><time>2026-04-04T15:01:28Z</time><extensions><speed>0.024615</speed><course>178.192100</course><hAcc>2.508221</hAcc><vAcc>1.872795</vAcc></extensions></trkpt>
      <trkpt lon="-77.044979" lat="38.898394"><ele>21.351765</ele><time>2026-04-04T15:01:29Z</time><extensions><speed>0.018991</speed><course>177.907352</course><hAcc>2.508851</hAcc><vAcc>1.875596</vAcc></extensions></trkpt>
      <trkpt lon="-77.044979" lat="38.898394"><ele>21.355203</ele><time>2026-04-04T15:01:30Z</time><extensions><speed>0.013312</speed><course>177.568551</course><hAcc>2.509426</hAcc><vAcc>1.877533</vAcc></extensions></trkpt>
      <trkpt lon="-77.044979" lat="38.898394"><ele>21.358604</ele><time>2026-04-04T15:01:31Z</time><extensions><speed>0.007627</speed><course>177.050073</course><hAcc>2.509904</hAcc><vAcc>1.878641</vAcc></extensions></trkpt>
      <trkpt lon="-77.044979" lat="38.898394"><ele>21.361935</ele><time>2026-04-04T15:01:32Z</time><extensions><speed>0.002159</speed><course>173.747833</course><hAcc>2.510271</hAcc><vAcc>1.878968</vAcc></extensions></trkpt>
      <trkpt lon="-77.044979" lat="38.898394"><ele>21.365195</ele><time>2026-04-04T15:01:33Z</time><extensions><speed>0.003388</speed><course>1.582600</course><hAcc>2.510549</hAcc><vAcc>1.878577</vAcc></extensions></trkpt>
      <trkpt lon="-77.044979" lat="38.898394"><ele>21.368317</ele><time>2026-04-04T15:01:34Z</time><extensions><speed>0.008730</speed><course>359.766896</course><hAcc>2.510748</hAcc><vAcc>1.877546</vAcc></extensions></trkpt>
      <trkpt lon="-77.044979" lat="38.898394"><ele>21.371509</ele><time>2026-04-04T15:01:35Z</time><extensions><speed>0.013837</speed><course>359.362020</course><hAcc>2.510880</hAcc><vAcc>1.875961</vAcc></extensions></trkpt>
      <trkpt lon="-77.044979" lat="38.898394"><ele>21.374513</ele><time>2026-04-04T15:01:36Z</time><extensions><speed>0.018557</speed><course>359.182295</course><hAcc>2.510952</hAcc><vAcc>1.873919</vAcc></extensions></trkpt>
      <trkpt lon="-77.044979" lat="38.898395"><ele>21.377519</ele><time>2026-04-04T15:01:37Z</time><extensions><speed>0.022605</speed><course>359.061835</course><hAcc>2.510977</hAcc><vAcc>1.871532</vAcc></extensions></trkpt>
      <trkpt lon="-77.044979" lat="38.898395"><ele>21.380291</ele><time>2026-04-04T15:01:38Z</time><extensions><speed>0.025955</speed><course>358.960081</course><hAcc>2.510981</hAcc><vAcc>1.868905</vAcc></extensions></trkpt>
      <trkpt lon="-77.044979" lat="38.898395"><ele>21.382969</ele><time>2026-04-04T15:01:39Z</time><extensions><speed>0.028663</speed><course>358.862814</course><hAcc>2.510991</hAcc><vAcc>1.866156</vAcc></extensions></trkpt>
      <trkpt lon="-77.044979" lat="38.898395"><ele>21.385463</ele><time>2026-04-04T15:01:40Z</time><extensions><speed>0.031370</speed><course>358.789941</course><hAcc>2.511043</hAcc><vAcc>1.863398</vAcc></extensions></trkpt>
      <trkpt lon="-77.044979" lat="38.898396"><ele>21.387747</ele><time>2026-04-04T15:01:40Z</time><extensions><speed>0.035126</speed><course>358.778218</course><hAcc>2.511166</hAcc><vAcc>1.860769</vAcc></extensions></trkpt>
      <trkpt lon="-77.044979" lat="38.898396"><ele>21.389886</ele><time>2026-04-04T15:01:41Z</time><extensions><speed>0.041161</speed><course>358.845382</course><hAcc>2.511338</hAcc><vAcc>1.858347</vAcc></extensions></trkpt>
      <trkpt lon="-77.044979" lat="38.898396"><ele>21.391749</ele><time>2026-04-04T15:01:42Z</time><extensions><speed>0.047599</speed><course>358.908963</course><hAcc>2.511558</hAcc><vAcc>1.856179</vAcc></extensions></trkpt>
      <trkpt lon="-77.044979" lat="38.898397"><ele>21.393352</ele><time>2026-04-04T15:01:43Z</time><extensions><speed>0.053158</speed><course>358.936408</course><hAcc>2.511874</hAcc><vAcc>1.854308</vAcc></extensions></trkpt>
      <trkpt lon="-77.044979" lat="38.898397"><ele>21.394737</ele><time>2026-04-04T15:01:44Z</time><extensions><speed>0.057820</speed><course>358.938969</course><hAcc>2.512266</hAcc><vAcc>1.852782</vAcc></extensions></trkpt>
      <trkpt lon="-77.044979" lat="38.898398"><ele>21.395855</ele><time>2026-04-04T15:01:45Z</time><extensions><speed>0.061970</speed><course>358.929505</course><hAcc>2.512716</hAcc><vAcc>1.851643</vAcc></extensions></trkpt>
      <trkpt lon="-77.044979" lat="38.898398"><ele>21.396716</ele><time>2026-04-04T15:01:46Z</time><extensions><speed>0.065579</speed><course>358.909213</course><hAcc>2.513153</hAcc><vAcc>1.850912</vAcc></extensions></trkpt>
      <trkpt lon="-77.044979" lat="38.898399"><ele>21.397304</ele><time>2026-04-04T15:01:47Z</time><extensions><speed>0.068585</speed><course>358.877399</course><hAcc>2.513463</hAcc><vAcc>1.850585</vAcc></extensions></trkpt>
      <trkpt lon="-77.044979" lat="38.898400"><ele>21.397605</ele><time>2026-04-04T15:01:48Z</time><extensions><speed>0.071018</speed><course>358.830862</course><hAcc>2.513533</hAcc><vAcc>1.850641</vAcc></extensions></trkpt>
      <trkpt lon="-77.044980" lat="38.898400"><ele>21.397638</ele><time>2026-04-04T15:01:49Z</time><extensions><speed>0.072709</speed><course>358.770230</course><hAcc>2.513367</hAcc><vAcc>1.851042</vAcc></extensions></trkpt>
      <trkpt lon="-77.044980" lat="38.898401"><ele>21.397469</ele><time>2026-04-04T15:01:50Z</time><extensions><speed>0.073748</speed><course>358.694943</course><hAcc>2.512986</hAcc><vAcc>1.851739</vAcc></extensions></trkpt>
      <trkpt lon="-77.044980" lat="38.898402"><ele>21.397047</ele><time>2026-04-04T15:01:51Z</time><extensions><speed>0.074289</speed><course>358.608557</course><hAcc>2.512427</hAcc><vAcc>1.852669</vAcc></extensions></trkpt>
      <trkpt lon="-77.044980" lat="38.898402"><ele>21.396334</ele><time>2026-04-04T15:01:52Z</time><extensions><speed>0.074244</speed><course>358.505708</course><hAcc>2.511731</hAcc><vAcc>1.853761</vAcc></extensions></trkpt>
      <trkpt lon="-77.044980" lat="38.898403"><ele>21.395421</ele><time>2026-04-04T15:01:53Z</time><extensions><speed>0.073624</speed><course>358.386123</course><hAcc>2.510951</hAcc><vAcc>1.854935</vAcc></extensions></trkpt>
      <trkpt lon="-77.044980" lat="38.898404"><ele>21.394285</ele><time>2026-04-04T15:01:54Z</time><extensions><speed>0.072591</speed><course>358.251366</course><hAcc>2.510136</hAcc><vAcc>1.856109</vAcc></extensions></trkpt>
      <trkpt lon="-77.044980" lat="38.898404"><ele>21.392917</ele><time>2026-04-04T15:01:55Z</time><extensions><speed>0.071466</speed><course>358.108686</course><hAcc>2.509312</hAcc><vAcc>1.857201</vAcc></extensions></trkpt>
      <trkpt lon="-77.044980" lat="38.898405"><ele>21.391366</ele><time>2026-04-04T15:01:56Z</time><extensions><speed>0.069908</speed><course>357.946723</course><hAcc>2.508480</hAcc><vAcc>1.858139</vAcc></extensions></trkpt>
      <trkpt lon="-77.044980" lat="38.898405"><ele>21.389646</ele><time>2026-04-04T15:01:57Z</time><extensions><speed>0.068016</speed><course>357.765902</course><hAcc>2.507620</hAcc><vAcc>1.858861</vAcc></extensions></trkpt>
      <trkpt lon="-77.044980" lat="38.898406"><ele>21.387831</ele><time>2026-04-04T15:01:58Z</time><extensions><speed>0.066435</speed><course>357.589043</course><hAcc>2.506695</hAcc><vAcc>1.859317</vAcc></extensions></trkpt>
      <trkpt lon="-77.044980" lat="38.898407"><ele>21.385983</ele><time>2026-04-04T15:01:59Z</time><extensions><speed>0.064956</speed><course>357.402656</course><hAcc>2.505665</hAcc><vAcc>1.859470</vAcc></extensions></trkpt>
      <trkpt lon="-77.044980" lat="38.898407"><ele>21.384053</ele><time>2026-04-04T15:02:00Z</time><extensions><speed>0.063469</speed><course>357.212439</course><hAcc>2.504615</hAcc><vAcc>1.859293</vAcc></extensions></trkpt>
      <trkpt lon="-77.044980" lat="38.898408"><ele>21.382106</ele><time>2026-04-04T15:02:01Z</time><extensions><speed>0.061893</speed><course>357.016250</course><hAcc>2.503647</hAcc><vAcc>1.858773</vAcc></extensions></trkpt>
      <trkpt lon="-77.044980" lat="38.898408"><ele>21.380118</ele><time>2026-04-04T15:02:02Z</time><extensions><speed>0.060068</speed><course>356.806376</course><hAcc>2.502855</hAcc><vAcc>1.857905</vAcc></extensions></trkpt>
      <trkpt lon="-77.044980" lat="38.898409"><ele>21.378180</ele><time>2026-04-04T15:02:03Z</time><extensions><speed>0.057871</speed><course>356.573922</course><hAcc>2.502317</hAcc><vAcc>1.856694</vAcc></extensions></trkpt>
      <trkpt lon="-77.044980" lat="38.898409"><ele>21.376637</ele><time>2026-04-04T15:02:04Z</time><extensions><speed>0.057186</speed><course>356.445172</course><hAcc>2.502107</hAcc><vAcc>1.855161</vAcc></extensions></trkpt>
      <trkpt lon="-77.044980" lat="38.898410"><ele>21.375387</ele><time>2026-04-04T15:02:05Z</time><extensions><speed>0.056422</speed><course>356.330142</course><hAcc>2.502251</hAcc><vAcc>1.853334</vAcc></extensions></trkpt>
      <trkpt lon="-77.044980" lat="38.898410"><ele>21.374337</ele><time>2026-04-04T15:02:06Z</time><extensions><speed>0.054583</speed><course>356.162219</course><hAcc>2.502739</hAcc><vAcc>1.851258</vAcc></extensions></trkpt>
      <trkpt lon="-77.044980" lat="38.898411"><ele>21.373529</ele><time>2026-04-04T15:02:07Z</time><extensions><speed>0.051299</speed><course>355.899685</course><hAcc>2.503526</hAcc><vAcc>1.848985</vAcc></extensions></trkpt>
      <trkpt lon="-77.044980" lat="38.898411"><ele>21.372905</ele><time>2026-04-04T15:02:08Z</time><extensions><speed>0.048093</speed><course>355.652406</course><hAcc>2.504638</hAcc><vAcc>1.846571</vAcc></extensions></trkpt>
      <trkpt lon="-77.044980" lat="38.898411"><ele>21.372782</ele><time>2026-04-04T15:02:09Z</time><extensions><speed>0.044446</speed><course>355.376026</course><hAcc>2.506030</hAcc><vAcc>1.844072</vAcc></extensions></trkpt>
      <trkpt lon="-77.044980" lat="38.898412"><ele>21.373243</ele><time>2026-04-04T15:02:10Z</time><extensions><speed>0.041459</speed><course>355.198690</course><hAcc>2.507652</hAcc><vAcc>1.841540</vAcc></extensions></trkpt>
      <trkpt lon="-77.044980" lat="38.898412"><ele>21.373835</ele><time>2026-04-04T15:02:11Z</time><extensions><speed>0.038667</speed><course>355.104770</course><hAcc>2.509365</hAcc><vAcc>1.839023</vAcc></extensions></trkpt>
      <trkpt lon="-77.044980" lat="38.898412"><ele>21.375518</ele><time>2026-04-04T15:02:12Z</time><extensions><speed>0.035249</speed><course>355.011211</course><hAcc>2.510984</hAcc><vAcc>1.836564</vAcc></extensions></trkpt>
      <trkpt lon="-77.044980" lat="38.898412"><ele>21.377449</ele><time>2026-04-04T15:02:13Z</time><extensions><speed>0.031558</speed><course>354.953020</course><hAcc>2.512347</hAcc><vAcc>1.834187</vAcc></extensions></trkpt>
      <trkpt lon="-77.044980" lat="38.898413"><ele>21.379695</ele><time>2026-04-04T15:02:14Z</time><extensions><speed>0.028227</speed><course>354.796661</course><hAcc>2.513459</hAcc><vAcc>1.831912</vAcc></extensions></trkpt>
      <trkpt lon="-77.044980" lat="38.898413"><ele>21.382137</ele><time>2026-04-04T15:02:15Z</time><extensions><speed>0.024449</speed><course>354.849248</course><hAcc>2.514223</hAcc><vAcc>1.829761</vAcc></extensions></trkpt>
      <trkpt lon="-77.044981" lat="38.898413"><ele>21.384883</ele><time>2026-04-04T15:02:16Z</time><extensions><speed>0.020699</speed><course>355.302791</course><hAcc>2.514537</hAcc><vAcc>1.827737</vAcc></extensions></trkpt>
      <trkpt lon="-77.044981" lat="38.898413"><ele>21.387882</ele><time>2026-04-04T15:02:17Z</time><extensions><speed>0.016099</speed><course>356.415615</course><hAcc>2.514198</hAcc><vAcc>1.825863</vAcc></extensions></trkpt>
      <trkpt lon="-77.044981" lat="38.898413"><ele>21.391236</ele><time>2026-04-04T15:02:18Z</time><extensions><speed>0.010750</speed><course>359.052290</course><hAcc>2.513115</hAcc><vAcc>1.824132</vAcc></extensions></trkpt>
      <trkpt lon="-77.044981" lat="38.898413"><ele>21.393789</ele><time>2026-04-04T15:02:19Z</time><extensions><speed>0.005773</speed><course>7.073782</course><hAcc>2.511376</hAcc><vAcc>1.822541</vAcc></extensions></trkpt>
      <trkpt lon="-77.044981" lat="38.898413"><ele>21.396740</ele><time>2026-04-04T15:02:20Z</time><extensions><speed>0.001624</speed><course>73.426771</course><hAcc>2.509282</hAcc><vAcc>1.821082</vAcc></extensions></trkpt>
      <trkpt lon="-77.044981" lat="38.898413"><ele>21.399568</ele><time>2026-04-04T15:02:21Z</time><extensions><speed>0.005293</speed><course>153.717838</course><hAcc>2.507096</hAcc><vAcc>1.819750</vAcc></extensions></trkpt>
      <trkpt lon="-77.044981" lat="38.898413"><ele>21.402450</ele><time>2026-04-04T15:02:22Z</time><extensions><speed>0.010649</speed><course>163.113880</course><hAcc>2.505009</hAcc><vAcc>1.818536</vAcc></extensions></trkpt>
      <trkpt lon="-77.044981" lat="38.898413"><ele>21.404882</ele><time>2026-04-04T15:02:23Z</time><extensions><speed>0.016267</speed><course>166.852844</course><hAcc>2.502916</hAcc><vAcc>1.817266</vAcc></extensions></trkpt>
      <trkpt lon="-77.044981" lat="38.898412"><ele>21.406858</ele><time>2026-04-04T15:02:24Z</time><extensions><speed>0.020737</speed><course>167.675039</course><hAcc>2.501420</hAcc><vAcc>1.816243</vAcc></extensions></trkpt>
      <trkpt lon="-77.044981" lat="38.898412"><ele>21.408445</ele><time>2026-04-04T15:02:25Z</time><extensions><speed>0.023315</speed><course>167.079232</course><hAcc>2.500542</hAcc><vAcc>1.815376</vAcc></extensions></trkpt>
      <trkpt lon="-77.044980" lat="38.898412"><ele>21.409633</ele><time>2026-04-04T15:02:26Z</time><extensions><speed>0.023579</speed><course>165.235411</course><hAcc>2.500134</hAcc><vAcc>1.814592</vAcc></extensions></trkpt>
      <trkpt lon="-77.044980" lat="38.898412"><ele>21.410459</ele><time>2026-04-04T15:02:27Z</time><extensions><speed>0.022772</speed><course>162.621312</course><hAcc>2.500138</hAcc><vAcc>1.813857</vAcc></extensions></trkpt>
      <trkpt lon="-77.044980" lat="38.898411"><ele>21.410590</ele><time>2026-04-04T15:02:28Z</time><extensions><speed>0.021379</speed><course>159.076032</course><hAcc>2.500458</hAcc><vAcc>1.813128</vAcc></extensions></trkpt>
      <trkpt lon="-77.044980" lat="38.898411"><ele>21.410222</ele><time>2026-04-04T15:02:29Z</time><extensions><speed>0.019713</speed><course>154.415720</course><hAcc>2.500993</hAcc><vAcc>1.812357</vAcc></extensions></trkpt>
      <trkpt lon="-77.044980" lat="38.898411"><ele>21.409562</ele><time>2026-04-04T15:02:30Z</time><extensions><speed>0.017773</speed><course>147.910439</course><hAcc>2.501641</hAcc><vAcc>1.811504</vAcc></extensions></trkpt>
      <trkpt lon="-77.044980" lat="38.898411"><ele>21.408429</ele><time>2026-04-04T15:02:31Z</time><extensions><speed>0.016078</speed><course>138.739963</course><hAcc>2.502273</hAcc><vAcc>1.810549</vAcc></extensions></trkpt>
      <trkpt lon="-77.044980" lat="38.898411"><ele>21.406834</ele><time>2026-04-04T15:02:32Z</time><extensions><speed>0.014327</speed><course>124.408112</course><hAcc>2.502789</hAcc><vAcc>1.809469</vAcc></extensions></trkpt>
      <trkpt lon="-77.044980" lat="38.898411"><ele>21.405035</ele><time>2026-04-04T15:02:33Z</time><extensions><speed>0.013588</speed><course>105.019671</course><hAcc>2.503082</hAcc><vAcc>1.808261</vAcc></extensions></trkpt>
      <trkpt lon="-77.044979" lat="38.898411"><ele>21.402979</ele><time>2026-04-04T15:02:34Z</time><extensions><speed>0.014688</speed><course>80.870526</course><hAcc>2.503118</hAcc><vAcc>1.806909</vAcc></extensions></trkpt>
      <trkpt lon="-77.044979" lat="38.898411"><ele>21.400471</ele><time>2026-04-04T15:02:35Z</time><extensions><speed>0.018414</speed><course>60.116859</course><hAcc>2.502883</hAcc><vAcc>1.805397</vAcc></extensions></trkpt>
      <trkpt lon="-77.044979" lat="38.898411"><ele>21.397795</ele><time>2026-04-04T15:02:36Z</time><extensions><speed>0.024585</speed><course>45.434018</course><hAcc>2.502378</hAcc><vAcc>1.803701</vAcc></extensions></trkpt>
      <trkpt lon="-77.044979" lat="38.898411"><ele>21.394772</ele><time>2026-04-04T15:02:37Z</time><extensions><speed>0.032676</speed><course>35.921744</course><hAcc>2.501601</hAcc><vAcc>1.801795</vAcc></extensions></trkpt>
      <trkpt lon="-77.044979" lat="38.898411"><ele>21.391750</ele><time>2026-04-04T15:02:38Z</time><extensions><speed>0.042164</speed><course>29.726195</course><hAcc>2.500497</hAcc><vAcc>1.799675</vAcc></extensions></trkpt>
      <trkpt lon="-77.044978" lat="38.898412"><ele>21.388506</ele><time>2026-04-04T15:02:39Z</time><extensions><speed>0.053324</speed><course>25.246176</course><hAcc>2.499055</hAcc><vAcc>1.797307</vAcc></extensions></trkpt>
      <trkpt lon="-77.044978" lat="38.898412"><ele>21.384706</ele><time>2026-04-04T15:02:41Z</time><extensions><speed>0.066175</speed><course>21.904112</course><hAcc>2.497247</hAcc><vAcc>1.794653</vAcc></extensions></trkpt>
      <trkpt lon="-77.044978" lat="38.898413"><ele>21.380734</ele><time>2026-04-04T15:02:42Z</time><extensions><speed>0.080363</speed><course>19.431243</course><hAcc>2.495029</hAcc><vAcc>1.791682</vAcc></extensions></trkpt>
      <trkpt lon="-77.044977" lat="38.898414"><ele>21.376544</ele><time>2026-04-04T15:02:43Z</time><extensions><speed>0.096454</speed><course>17.334833</course><hAcc>2.492353</hAcc><vAcc>1.788384</vAcc></extensions></trkpt>
      <trkpt lon="-77.044977" lat="38.898415"><ele>21.372418</ele><time>2026-04-04T15:02:44Z</time><extensions><speed>0.114593</speed><course>15.629987</course><hAcc>2.489202</hAcc><vAcc>1.784710</vAcc></extensions></trkpt>
      <trkpt lon="-77.044977" lat="38.898416"><ele>21.368050</ele><time>2026-04-04T15:02:45Z</time><extensions><speed>0.134607</speed><course>14.250634</course><hAcc>2.485564</hAcc><vAcc>1.780593</vAcc></extensions></trkpt>
      <trkpt lon="-77.044976" lat="38.898417"><ele>21.363473</ele><time>2026-04-04T15:02:46Z</time><extensions><speed>0.156838</speed><course>13.087468</course><hAcc>2.481428</hAcc><vAcc>1.775946</vAcc></extensions></trkpt>
      <trkpt lon="-77.044976" lat="38.898418"><ele>21.358726</ele><time>2026-04-04T15:02:47Z</time><extensions><speed>0.181517</speed><course>12.082060</course><hAcc>2.476779</hAcc><vAcc>1.770697</vAcc></extensions></trkpt>
      <trkpt lon="-77.044975" lat="38.898420"><ele>21.354321</ele><time>2026-04-04T15:02:48Z</time><extensions><speed>0.208505</speed><course>11.216813</course><hAcc>2.471571</hAcc><vAcc>1.764799</vAcc></extensions></trkpt>
      <trkpt lon="-77.044975" lat="38.898422"><ele>21.350081</ele><time>2026-04-04T15:02:49Z</time><extensions><speed>0.238250</speed><course>10.447291</course><hAcc>2.465798</hAcc><vAcc>1.758128</vAcc></extensions></trkpt>
      <trkpt lon="-77.044974" lat="38.898424"><ele>21.345833</ele><time>2026-04-04T15:02:50Z</time><extensions><speed>0.270867</speed><course>9.754770</course><hAcc>2.459459</hAcc><vAcc>1.750575</vAcc></extensions></trkpt>
      <trkpt lon="-77.044974" lat="38.898427"><ele>21.341664</ele><time>2026-04-04T15:02:51Z</time><extensions><speed>0.306702</speed><course>9.116515</course><hAcc>2.452540</hAcc><vAcc>1.742027</vAcc></extensions></trkpt>
      <trkpt lon="-77.044973" lat="38.898430"><ele>21.337639</ele><time>2026-04-04T15:02:52Z</time><extensions><speed>0.345669</speed><course>8.530665</course><hAcc>2.445017</hAcc><vAcc>1.732382</vAcc></extensions></trkpt>
      <trkpt lon="-77.044973" lat="38.898433"><ele>21.334021</ele><time>2026-04-04T15:02:53Z</time><extensions><speed>0.387509</speed><course>7.998462</course><hAcc>2.436850</hAcc><vAcc>1.721541</vAcc></extensions></trkpt>
      <trkpt lon="-77.044972" lat="38.898437"><ele>21.330898</ele><time>2026-04-04T15:02:54Z</time><extensions><speed>0.432471</speed><course>7.505044</course><hAcc>2.427997</hAcc><vAcc>1.709435</vAcc></extensions></trkpt>
      <trkpt lon="-77.044972" lat="38.898441"><ele>21.328355</ele><time>2026-04-04T15:02:55Z</time><extensions><speed>0.480213</speed><course>7.048774</course><hAcc>2.418409</hAcc><vAcc>1.696029</vAcc></extensions></trkpt>
      <trkpt lon="-77.044971" lat="38.898446"><ele>21.326473</ele><time>2026-04-04T15:02:56Z</time><extensions><speed>0.531761</speed><course>6.604711</course><hAcc>2.408018</hAcc><vAcc>1.681330</vAcc></extensions></trkpt>
      <trkpt lon="-77.044970" lat="38.898451"><ele>21.325221</ele><time>2026-04-04T15:02:57Z</time><extensions><speed>0.586877</speed><course>6.170832</course><hAcc>2.396691</hAcc><vAcc>1.665382</vAcc></extensions></trkpt>
      <trkpt lon="-77.044969" lat="38.898456"><ele>21.324760</ele><time>2026-04-04T15:02:58Z</time><extensions><speed>0.640512</speed><course>5.794677</course><hAcc>2.384169</hAcc><vAcc>1.648260</vAcc></extensions></trkpt>
      <trkpt lon="-77.044969" lat="38.898462"><ele>21.325110</ele><time>2026-04-04T15:02:59Z</time><extensions><speed>0.690604</speed><course>5.497380</course><hAcc>2.370098</hAcc><vAcc>1.630065</vAcc></extensions></trkpt>
      <trkpt lon="-77.044968" lat="38.898469"><ele>21.326278</ele><time>2026-04-04T15:03:00Z</time><extensions><speed>0.735864</speed><course>5.259631</course><hAcc>2.354272</hAcc><vAcc>1.610919</vAcc></extensions></trkpt>
      <trkpt lon="-77.044967" lat="38.898476"><ele>21.328266</ele><time>2026-04-04T15:03:01Z</time><extensions><speed>0.775620</speed><course>5.062543</course><hAcc>2.336670</hAcc><vAcc>1.590967</vAcc></extensions></trkpt>
      <trkpt lon="-77.044966" lat="38.898483"><ele>21.331118</ele><time>2026-04-04T15:03:02Z</time><extensions><speed>0.813303</speed><course>4.852264</course><hAcc>2.317428</hAcc><vAcc>1.570367</vAcc></extensions></trkpt>
      <trkpt lon="-77.044965" lat="38.898490"><ele>21.334760</ele><time>2026-04-04T15:03:03Z</time><extensions><speed>0.850418</speed><course>4.620467</course><hAcc>2.296628</hAcc><vAcc>1.549268</vAcc></extensions></trkpt>
      <trkpt lon="-77.044965" lat="38.898498"><ele>21.339499</ele><time>2026-04-04T15:03:04Z</time><extensions><speed>0.884300</speed><course>4.389435</course><hAcc>2.274330</hAcc><vAcc>1.527823</vAcc></extensions></trkpt>
      <trkpt lon="-77.044964" lat="38.898506"><ele>21.345351</ele><time>2026-04-04T15:03:05Z</time><extensions><speed>0.913541</speed><course>4.153406</course><hAcc>2.250720</hAcc><vAcc>1.506220</vAcc></extensions></trkpt>
      <trkpt lon="-77.044963" lat="38.898514"><ele>21.351602</ele><time>2026-04-04T15:03:06Z</time><extensions><speed>0.940637</speed><course>3.880556</course><hAcc>2.226206</hAcc><vAcc>1.484663</vAcc></extensions></trkpt>
      <trkpt lon="-77.044962" lat="38.898523"><ele>21.358261</ele><time>2026-04-04T15:03:07Z</time><extensions><speed>0.965346</speed><course>3.593028</course><hAcc>2.201190</hAcc><vAcc>1.463377</vAcc></extensions></trkpt>
      <trkpt lon="-77.044962" lat="38.898531"><ele>21.365102</ele><time>2026-04-04T15:03:08Z</time><extensions><speed>0.988387</speed><course>3.278788</course><hAcc>2.176152</hAcc><vAcc>1.442615</vAcc></extensions></trkpt>
      <trkpt lon="-77.044961" lat="38.898540"><ele>21.371452</ele><time>2026-04-04T15:03:09Z</time><extensions><speed>1.008595</speed><course>2.963235</course><hAcc>2.151528</hAcc><vAcc>1.422618</vAcc></extensions></trkpt>
      <trkpt lon="-77.044961" lat="38.898549"><ele>21.378837</ele><time>2026-04-04T15:03:10Z</time><extensions><speed>1.022379</speed><course>2.654946</course><hAcc>2.127901</hAcc><vAcc>1.403845</vAcc></extensions></trkpt>
      <trkpt lon="-77.044960" lat="38.898559"><ele>21.386618</ele><time>2026-04-04T15:03:11Z</time><extensions><speed>1.033216</speed><course>2.344162</course><hAcc>2.106111</hAcc><vAcc>1.386771</vAcc></extensions></trkpt>
      <trkpt lon="-77.044960" lat="38.898568"><ele>21.394683</ele><time>2026-04-04T15:03:12Z</time><extensions><speed>1.040465</speed><course>2.027834</course><hAcc>2.087305</hAcc><vAcc>1.372045</vAcc></extensions></trkpt>
      <trkpt lon="-77.044959" lat="38.898578"><ele>21.402783</ele><time>2026-04-04T15:03:13Z</time><extensions><speed>1.047000</speed><course>1.700235</course><hAcc>2.072796</hAcc><vAcc>1.360482</vAcc></extensions></trkpt>
      <trkpt lon="-77.044959" lat="38.898587"><ele>21.411606</ele><time>2026-04-04T15:03:14Z</time><extensions><speed>1.051409</speed><course>1.364580</course><hAcc>2.064021</hAcc><vAcc>1.352977</vAcc></extensions></trkpt>
      <trkpt lon="-77.044959" lat="38.898597"><ele>21.420577</ele><time>2026-04-04T15:03:15Z</time><extensions><speed>1.053096</speed><course>1.034819</course><hAcc>2.062148</hAcc><vAcc>1.350152</vAcc></extensions></trkpt>
      <trkpt lon="-77.044958" lat="38.898606"><ele>21.429766</ele><time>2026-04-04T15:03:16Z</time><extensions><speed>1.048390</speed><course>0.739777</course><hAcc>2.067294</hAcc><vAcc>1.351726</vAcc></extensions></trkpt>
      <trkpt lon="-77.044958" lat="38.898616"><ele>21.439124</ele><time>2026-04-04T15:03:17Z</time><extensions><speed>1.044510</speed><course>0.486556</course><hAcc>2.078550</hAcc><vAcc>1.356703</vAcc></extensions></trkpt>
      <trkpt lon="-77.044958" lat="38.898626"><ele>21.448603</ele><time>2026-04-04T15:03:18Z</time><extensions><speed>1.041046</speed><course>0.277559</course><hAcc>2.094727</hAcc><vAcc>1.363984</vAcc></extensions></trkpt>
      <trkpt lon="-77.044958" lat="38.898635"><ele>21.458132</ele><time>2026-04-04T15:03:19Z</time><extensions><speed>1.036899</speed><course>0.113936</course><hAcc>2.114888</hAcc><vAcc>1.372610</vAcc></extensions></trkpt>
      <trkpt lon="-77.044958" lat="38.898644"><ele>21.467515</ele><time>2026-04-04T15:03:20Z</time><extensions><speed>1.035450</speed><course>359.999874</course><hAcc>2.137911</hAcc><vAcc>1.381806</vAcc></extensions></trkpt>
      <trkpt lon="-77.044958" lat="38.898653"><ele>21.476496</ele><time>2026-04-04T15:03:21Z</time><extensions><speed>1.034126</speed><course>359.939030</course><hAcc>2.162780</hAcc><vAcc>1.390976</vAcc></extensions></trkpt>
      <trkpt lon="-77.044958" lat="38.898663"><ele>21.485538</ele><time>2026-04-04T15:03:22Z</time><extensions><speed>1.033255</speed><course>359.935596</course><hAcc>2.188497</hAcc><vAcc>1.399680</vAcc></extensions></trkpt>
      <trkpt lon="-77.044958" lat="38.898672"><ele>21.494392</ele><time>2026-04-04T15:03:23Z</time><extensions><speed>1.031615</speed><course>359.985820</course><hAcc>2.214121</hAcc><vAcc>1.407583</vAcc></extensions></trkpt>
      <trkpt lon="-77.044958" lat="38.898681"><ele>21.503051</ele><time>2026-04-04T15:03:24Z</time><extensions><speed>1.027312</speed><course>0.080687</course><hAcc>2.238967</hAcc><vAcc>1.414427</vAcc></extensions></trkpt>
      <trkpt lon="-77.044958" lat="38.898690"><ele>21.511404</ele><time>2026-04-04T15:03:25Z</time><extensions><speed>1.019788</speed><course>0.212877</course><hAcc>2.262575</hAcc><vAcc>1.420006</vAcc></extensions></trkpt>
      <trkpt lon="-77.044958" lat="38.898699"><ele>21.519792</ele><time>2026-04-04T15:03:26Z</time><extensions><speed>1.011980</speed><course>0.375514</course><hAcc>2.284628</hAcc><vAcc>1.424177</vAcc></extensions></trkpt>
      <trkpt lon="-77.044958" lat="38.898708"><ele>21.527688</ele><time>2026-04-04T15:03:27Z</time><extensions><speed>1.003592</speed><course>0.561433</course><hAcc>2.304982</hAcc><vAcc>1.426861</vAcc></extensions></trkpt>
      <trkpt lon="-77.044958" lat="38.898716"><ele>21.535353</ele><time>2026-04-04T15:03:28Z</time><extensions><speed>0.994827</speed><course>0.763220</course><hAcc>2.323615</hAcc><vAcc>1.428058</vAcc></extensions></trkpt>
      <trkpt lon="-77.044958" lat="38.898725"><ele>21.542943</ele><time>2026-04-04T15:03:29Z</time><extensions><speed>0.985974</speed><course>0.970655</course><hAcc>2.340502</hAcc><vAcc>1.427832</vAcc></extensions></trkpt>
      <trkpt lon="-77.044957" lat="38.898734"><ele>21.550296</ele><time>2026-04-04T15:03:30Z</time><extensions><speed>0.974717</speed><course>1.181285</course><hAcc>2.355533</hAcc><vAcc>1.426315</vAcc></extensions></trkpt>
      <trkpt lon="-77.044957" lat="38.898742"><ele>21.557545</ele><time>2026-04-04T15:03:31Z</time><extensions><speed>0.961506</speed><course>1.387996</course><hAcc>2.368686</hAcc><vAcc>1.423701</vAcc></extensions></trkpt>
      <trkpt lon="-77.044957" lat="38.898751"><ele>21.564574</ele><time>2026-04-04T15:03:32Z</time><extensions><speed>0.946940</speed><course>1.580132</course><hAcc>2.380018</hAcc><vAcc>1.420241</vAcc></extensions></trkpt>
      <trkpt lon="-77.044957" lat="38.898759"><ele>21.571074</ele><time>2026-04-04T15:03:33Z</time><extensions><speed>0.928505</speed><course>1.751216</course><hAcc>2.389564</hAcc><vAcc>1.416200</vAcc></extensions></trkpt>
      <trkpt lon="-77.044956" lat="38.898768"><ele>21.577275</ele><time>2026-04-04T15:03:34Z</time><extensions><speed>0.907685</speed><course>1.899939</course><hAcc>2.397352</hAcc><vAcc>1.411822</vAcc></extensions></trkpt>
      <trkpt lon="-77.044956" lat="38.898776"><ele>21.583260</ele><time>2026-04-04T15:03:35Z</time><extensions><speed>0.884317</speed><course>2.032329</course><hAcc>2.403392</hAcc><vAcc>1.407327</vAcc></extensions></trkpt>
      <trkpt lon="-77.044956" lat="38.898783"><ele>21.589058</ele><time>2026-04-04T15:03:36Z</time><extensions><speed>0.857188</speed><course>2.156061</course><hAcc>2.407826</hAcc><vAcc>1.402917</vAcc></extensions></trkpt>
      <trkpt lon="-77.044955" lat="38.898791"><ele>21.594572</ele><time>2026-04-04T15:03:37Z</time><extensions><speed>0.827238</speed><course>2.268317</course><hAcc>2.410880</hAcc><vAcc>1.398753</vAcc></extensions></trkpt>
      <trkpt lon="-77.044955" lat="38.898798"><ele>21.599878</ele><time>2026-04-04T15:03:38Z</time><extensions><speed>0.797245</speed><course>2.356335</course><hAcc>2.412733</hAcc><vAcc>1.394894</vAcc></extensions></trkpt>
      <trkpt lon="-77.044954" lat="38.898805"><ele>21.604891</ele><time>2026-04-04T15:03:39Z</time><extensions><speed>0.763036</speed><course>2.447290</course><hAcc>2.413314</hAcc><vAcc>1.391259</vAcc></extensions></trkpt>
      <trkpt lon="-77.044954" lat="38.898812"><ele>21.609576</ele><time>2026-04-04T15:03:40Z</time><extensions><speed>0.727400</speed><course>2.540669</course><hAcc>2.412649</hAcc><vAcc>1.387675</vAcc></extensions></trkpt>
      <trkpt lon="-77.044954" lat="38.898818"><ele>21.613881</ele><time>2026-04-04T15:03:41Z</time><extensions><speed>0.694289</speed><course>2.615551</course><hAcc>2.410934</hAcc><vAcc>1.383915</vAcc></extensions></trkpt>
      <trkpt lon="-77.044953" lat="38.898825"><ele>21.617733</ele><time>2026-04-04T15:03:42Z</time><extensions><speed>0.665670</speed><course>2.660934</course><hAcc>2.408335</hAcc><vAcc>1.379711</vAcc></extensions></trkpt>
      <trkpt lon="-77.044953" lat="38.898830"><ele>21.621054</ele><time>2026-04-04T15:03:43Z</time><extensions><speed>0.641978</speed><course>2.672560</course><hAcc>2.404904</hAcc><vAcc>1.374758</vAcc></extensions></trkpt>
      <trkpt lon="-77.044953" lat="38.898836"><ele>21.623778</ele><time>2026-04-04T15:03:44Z</time><extensions><speed>0.623787</speed><course>2.648925</course><hAcc>2.400569</hAcc><vAcc>1.368736</vAcc></extensions></trkpt>
      <trkpt lon="-77.044952" lat="38.898842"><ele>21.625855</ele><time>2026-04-04T15:03:45Z</time><extensions><speed>0.611312</speed><course>2.590438</course><hAcc>2.395176</hAcc><vAcc>1.361327</vAcc></extensions></trkpt>
      <trkpt lon="-77.044952" lat="38.898847"><ele>21.627260</ele><time>2026-04-04T15:03:46Z</time><extensions><speed>0.604537</speed><course>2.498804</course><hAcc>2.388528</hAcc><vAcc>1.352228</vAcc></extensions></trkpt>
      <trkpt lon="-77.044952" lat="38.898852"><ele>21.627963</ele><time>2026-04-04T15:03:46Z</time><extensions><speed>0.603990</speed><course>2.379180</course><hAcc>2.380452</hAcc><vAcc>1.341217</vAcc></extensions></trkpt>
      <trkpt lon="-77.044951" lat="38.898858"><ele>21.627971</ele><time>2026-04-04T15:03:47Z</time><extensions><speed>0.609074</speed><course>2.235797</course><hAcc>2.370695</hAcc><vAcc>1.327999</vAcc></extensions></trkpt>
      <trkpt lon="-77.044951" lat="38.898863"><ele>21.627341</ele><time>2026-04-04T15:03:48Z</time><extensions><speed>0.619813</speed><course>2.074925</course><hAcc>2.359017</hAcc><vAcc>1.312392</vAcc></extensions></trkpt>
      <trkpt lon="-77.044951" lat="38.898869"><ele>21.626052</ele><time>2026-04-04T15:03:49Z</time><extensions><speed>0.637378</speed><course>1.903589</course><hAcc>2.345174</hAcc><vAcc>1.294290</vAcc></extensions></trkpt>
      <trkpt lon="-77.044951" lat="38.898875"><ele>21.624136</ele><time>2026-04-04T15:03:50Z</time><extensions><speed>0.660668</speed><course>1.729129</course><hAcc>2.328981</hAcc><vAcc>1.273682</vAcc></extensions></trkpt>
      <trkpt lon="-77.044950" lat="38.898881"><ele>21.621698</ele><time>2026-04-04T15:03:51Z</time><extensions><speed>0.689454</speed><course>1.557173</course><hAcc>2.310287</hAcc><vAcc>1.250665</vAcc></extensions></trkpt>
      <trkpt lon="-77.044950" lat="38.898887"><ele>21.618830</ele><time>2026-04-04T15:03:52Z</time><extensions><speed>0.720135</speed><course>1.394453</course><hAcc>2.288938</hAcc><vAcc>1.225474</vAcc></extensions></trkpt>
      <trkpt lon="-77.044950" lat="38.898894"><ele>21.615686</ele><time>2026-04-04T15:03:53Z</time><extensions><speed>0.748323</speed><course>1.253281</course><hAcc>2.264646</hAcc><vAcc>1.198491</vAcc></extensions></trkpt>
      <trkpt lon="-77.044950" lat="38.898901"><ele>21.612394</ele><time>2026-04-04T15:03:54Z</time><extensions><speed>0.773126</speed><course>1.129651</course><hAcc>2.237127</hAcc><vAcc>1.170232</vAcc></extensions></trkpt>
      <trkpt lon="-77.044950" lat="38.898908"><ele>21.609078</ele><time>2026-04-04T15:03:55Z</time><extensions><speed>0.792431</speed><course>1.023686</course><hAcc>2.206132</hAcc><vAcc>1.141317</vAcc></extensions></trkpt>
      <trkpt lon="-77.044950" lat="38.898915"><ele>21.605776</ele><time>2026-04-04T15:03:56Z</time><extensions><speed>0.805893</speed><course>0.932809</course><hAcc>2.171432</hAcc><vAcc>1.112482</vAcc></extensions></trkpt>
      <trkpt lon="-77.044949" lat="38.898922"><ele>21.602492</ele><time>2026-04-04T15:03:57Z</time><extensions><speed>0.810837</speed><course>0.856825</course><hAcc>2.132869</hAcc><vAcc>1.084633</vAcc></extensions></trkpt>
      <trkpt lon="-77.044949" lat="38.898929"><ele>21.599110</ele><time>2026-04-04T15:03:58Z</time><extensions><speed>0.807059</speed><course>0.792221</course><hAcc>2.090419</hAcc><vAcc>1.058877</vAcc></extensions></trkpt>
      <trkpt lon="-77.044949" lat="38.898936"><ele>21.595631</ele><time>2026-04-04T15:03:59Z</time><extensions><speed>0.797231</speed><course>0.724868</course><hAcc>2.044167</hAcc><vAcc>1.036252</vAcc></extensions></trkpt>
      <trkpt lon="-77.044949" lat="38.898944"><ele>21.592215</ele><time>2026-04-04T15:04:00Z</time><extensions><speed>0.784188</speed><course>0.654413</course><hAcc>1.994326</hAcc><vAcc>1.017363</vAcc></extensions></trkpt>
      <trkpt lon="-77.044949" lat="38.898951"><ele>21.589080</ele><time>2026-04-04T15:04:01Z</time><extensions><speed>0.769775</speed><course>0.580830</course><hAcc>1.941192</hAcc><vAcc>1.002493</vAcc></extensions></trkpt>
      <trkpt lon="-77.044949" lat="38.898957"><ele>21.586399</ele><time>2026-04-04T15:04:02Z</time><extensions><speed>0.755921</speed><course>0.496374</course><hAcc>1.885281</hAcc><vAcc>0.991785</vAcc></extensions></trkpt>
      <trkpt lon="-77.044949" lat="38.898964"><ele>21.584441</ele><time>2026-04-04T15:04:03Z</time><extensions><speed>0.757394</speed><course>0.390798</course><hAcc>1.827180</hAcc><vAcc>0.985190</vAcc></extensions></trkpt>
      <trkpt lon="-77.044948" lat="38.898971"><ele>21.583393</ele><time>2026-04-04T15:04:04Z</time><extensions><speed>0.774746</speed><course>0.277075</course><hAcc>1.767579</hAcc><vAcc>0.982320</vAcc></extensions></trkpt>
      <trkpt lon="-77.044948" lat="38.898978"><ele>21.583578</ele><time>2026-04-04T15:04:05Z</time><extensions><speed>0.806743</speed><course>0.161846</course><hAcc>1.707427</hAcc><vAcc>0.982271</vAcc></extensions></trkpt>
      <trkpt lon="-77.044948" lat="38.898986"><ele>21.585150</ele><time>2026-04-04T15:04:06Z</time><extensions><speed>0.834261</speed><course>0.047646</course><hAcc>1.647857</hAcc><vAcc>0.983770</vAcc></extensions></trkpt>
      <trkpt lon="-77.044948" lat="38.898993"><ele>21.588142</ele><time>2026-04-04T15:04:07Z</time><extensions><speed>0.884315</speed><course>359.938610</course><hAcc>1.589974</hAcc><vAcc>0.985535</vAcc></extensions></trkpt>
      <trkpt lon="-77.044948" lat="38.899002"><ele>21.592484</ele><time>2026-04-04T15:04:08Z</time><extensions><speed>0.965693</speed><course>359.841694</course><hAcc>1.534680</hAcc><vAcc>0.986510</vAcc></extensions></trkpt>
      <trkpt lon="-77.044948" lat="38.899011"><ele>21.598210</ele><time>2026-04-04T15:04:09Z</time><extensions><speed>1.054893</speed><course>359.756006</course><hAcc>1.483099</hAcc><vAcc>0.985945</vAcc></extensions></trkpt>
      <trkpt lon="-77.044948" lat="38.899021"><ele>21.605061</ele><time>2026-04-04T15:04:10Z</time><extensions><speed>1.151443</speed><course>359.682256</course><hAcc>1.436299</hAcc><vAcc>0.983405</vAcc></extensions></trkpt>
      <trkpt lon="-77.044949" lat="38.899031"><ele>21.612967</ele><time>2026-04-04T15:04:11Z</time><extensions><speed>1.237050</speed><course>359.609479</course><hAcc>1.395111</hAcc><vAcc>0.978745</vAcc></extensions></trkpt>
      <trkpt lon="-77.044949" lat="38.899043"><ele>21.621719</ele><time>2026-04-04T15:04:12Z</time><extensions><speed>1.309360</speed><course>359.534320</course><hAcc>1.360182</hAcc><vAcc>0.972077</vAcc></extensions></trkpt>
      <trkpt lon="-77.044949" lat="38.899055"><ele>21.631229</ele><time>2026-04-04T15:04:13Z</time><extensions><speed>1.368422</speed><course>359.454197</course><hAcc>1.331995</hAcc><vAcc>0.963715</vAcc></extensions></trkpt>
      <trkpt lon="-77.044949" lat="38.899067"><ele>21.641384</ele><time>2026-04-04T15:04:14Z</time><extensions><speed>1.416294</speed><course>359.368999</course><hAcc>1.310902</hAcc><vAcc>0.954142</vAcc></extensions></trkpt>
      <trkpt lon="-77.044949" lat="38.899080"><ele>21.652139</ele><time>2026-04-04T15:04:15Z</time><extensions><speed>1.452433</speed><course>359.278043</course><hAcc>1.297212</hAcc><vAcc>0.943953</vAcc></extensions></trkpt>
      <trkpt lon="-77.044949" lat="38.899094"><ele>21.663579</ele><time>2026-04-04T15:04:16Z</time><extensions><speed>1.479677</speed><course>359.190801</course><hAcc>1.291222</hAcc><vAcc>0.933790</vAcc></extensions></trkpt>
      <trkpt lon="-77.044950" lat="38.899107"><ele>21.675352</ele><time>2026-04-04T15:04:17Z</time><extensions><speed>1.496683</speed><course>359.089952</course><hAcc>1.293391</hAcc><vAcc>0.924477</vAcc></extensions></trkpt>
      <trkpt lon="-77.044950" lat="38.899120"><ele>21.687447</ele><time>2026-04-04T15:04:18Z</time><extensions><speed>1.504203</speed><course>358.984463</course><hAcc>1.304122</hAcc><vAcc>0.916769</vAcc></extensions></trkpt>
      <trkpt lon="-77.044950" lat="38.899134"><ele>21.699728</ele><time>2026-04-04T15:04:19Z</time><extensions><speed>1.506732</speed><course>358.835529</course><hAcc>1.323702</hAcc><vAcc>0.911479</vAcc></extensions></trkpt>
      <trkpt lon="-77.044951" lat="38.899148"><ele>21.712072</ele><time>2026-04-04T15:04:20Z</time><extensions><speed>1.504917</speed><course>358.712735</course><hAcc>1.352428</hAcc><vAcc>0.909427</vAcc></extensions></trkpt>
      <trkpt lon="-77.044951" lat="38.899161"><ele>21.724095</ele><time>2026-04-04T15:04:21Z</time><extensions><speed>1.500385</speed><course>358.561610</course><hAcc>1.390301</hAcc><vAcc>0.911401</vAcc></extensions></trkpt>
      <trkpt lon="-77.044952" lat="38.899175"><ele>21.735340</ele><time>2026-04-04T15:04:22Z</time><extensions><speed>1.492903</speed><course>358.423272</course><hAcc>1.436731</hAcc><vAcc>0.918109</vAcc></extensions></trkpt>
      <trkpt lon="-77.044952" lat="38.899188"><ele>21.745594</ele><time>2026-04-04T15:04:23Z</time><extensions><speed>1.485423</speed><course>358.322737</course><hAcc>1.490406</hAcc><vAcc>0.930075</vAcc></extensions></trkpt>
      <trkpt lon="-77.044953" lat="38.899201"><ele>21.754722</ele><time>2026-04-04T15:04:24Z</time><extensions><speed>1.480058</speed><course>358.265867</course><hAcc>1.549478</hAcc><vAcc>0.947526</vAcc></extensions></trkpt>
      <trkpt lon="-77.044953" lat="38.899215"><ele>21.762465</ele><time>2026-04-04T15:04:25Z</time><extensions><speed>1.474927</speed><course>358.255871</course><hAcc>1.612001</hAcc><vAcc>0.970279</vAcc></extensions></trkpt>
      <trkpt lon="-77.044954" lat="38.899228"><ele>21.768780</ele><time>2026-04-04T15:04:26Z</time><extensions><speed>1.469466</speed><course>358.292574</course><hAcc>1.676170</hAcc><vAcc>0.997656</vAcc></extensions></trkpt>
      <trkpt lon="-77.044954" lat="38.899241"><ele>21.773746</ele><time>2026-04-04T15:04:27Z</time><extensions><speed>1.463339</speed><course>358.376849</course><hAcc>1.740348</hAcc><vAcc>1.028439</vAcc></extensions></trkpt>
      <trkpt lon="-77.044955" lat="38.899254"><ele>21.777488</ele><time>2026-04-04T15:04:28Z</time><extensions><speed>1.456274</speed><course>358.513397</course><hAcc>1.803122</hAcc><vAcc>1.061079</vAcc></extensions></trkpt>
      <trkpt lon="-77.044955" lat="38.899267"><ele>21.780227</ele><time>2026-04-04T15:04:29Z</time><extensions><speed>1.447556</speed><course>358.715642</course><hAcc>1.863439</hAcc><vAcc>1.094180</vAcc></extensions></trkpt>
      <trkpt lon="-77.044956" lat="38.899280"><ele>21.782479</ele><time>2026-04-04T15:04:30Z</time><extensions><speed>1.437189</speed><course>358.990686</course><hAcc>1.920654</hAcc><vAcc>1.126730</vAcc></extensions></trkpt>
      <trkpt lon="-77.044956" lat="38.899293"><ele>21.783452</ele><time>2026-04-04T15:04:31Z</time><extensions><speed>1.426164</speed><course>359.361791</course><hAcc>1.974373</hAcc><vAcc>1.158085</vAcc></extensions></trkpt>
      <trkpt lon="-77.044956" lat="38.899306"><ele>21.783892</ele><time>2026-04-04T15:04:32Z</time><extensions><speed>1.414857</speed><course>359.819961</course><hAcc>2.024218</hAcc><vAcc>1.187873</vAcc></extensions></trkpt>
      <trkpt lon="-77.044956" lat="38.899319"><ele>21.783888</ele><time>2026-04-04T15:04:33Z</time><extensions><speed>1.403884</speed><course>0.354816</course><hAcc>2.069919</hAcc><vAcc>1.215971</vAcc></extensions></trkpt>
      <trkpt lon="-77.044956" lat="38.899331"><ele>21.783793</ele><time>2026-04-04T15:04:34Z</time><extensions><speed>1.391774</speed><course>0.993022</course><hAcc>2.111276</hAcc><vAcc>1.242447</vAcc></extensions></trkpt>
      <trkpt lon="-77.044956" lat="38.899344"><ele>21.783988</ele><time>2026-04-04T15:04:35Z</time><extensions><speed>1.377917</speed><course>1.756014</course><hAcc>2.148103</hAcc><vAcc>1.267533</vAcc></extensions></trkpt>
      <trkpt lon="-77.044955" lat="38.899356"><ele>21.784765</ele><time>2026-04-04T15:04:36Z</time><extensions><speed>1.363148</speed><course>2.655424</course><hAcc>2.180248</hAcc><vAcc>1.291587</vAcc></extensions></trkpt>
      <trkpt lon="-77.044954" lat="38.899369"><ele>21.786144</ele><time>2026-04-04T15:04:37Z</time><extensions><speed>1.346037</speed><course>3.716458</course><hAcc>2.207681</hAcc><vAcc>1.315016</vAcc></extensions></trkpt>
      <trkpt lon="-77.044953" lat="38.899381"><ele>21.788670</ele><time>2026-04-04T15:04:38Z</time><extensions><speed>1.324352</speed><course>4.979338</course><hAcc>2.230456</hAcc><vAcc>1.338205</vAcc></extensions></trkpt>
      <trkpt lon="-77.044952" lat="38.899392"><ele>21.792420</ele><time>2026-04-04T15:04:39Z</time><extensions><speed>1.300382</speed><course>6.476984</course><hAcc>2.248740</hAcc><vAcc>1.361466</vAcc></extensions></trkpt>
      <trkpt lon="-77.044950" lat="38.899404"><ele>21.797286</ele><time>2026-04-04T15:04:40Z</time><extensions><speed>1.276923</speed><course>8.220954</course><hAcc>2.262763</hAcc><vAcc>1.384985</vAcc></extensions></trkpt>
      <trkpt lon="-77.044947" lat="38.899415"><ele>21.803659</ele><time>2026-04-04T15:04:41Z</time><extensions><speed>1.252072</speed><course>10.274540</course><hAcc>2.272739</hAcc><vAcc>1.408796</vAcc></extensions></trkpt>
      <trkpt lon="-77.044944" lat="38.899426"><ele>21.811721</ele><time>2026-04-04T15:04:42Z</time><extensions><speed>1.224452</speed><course>12.687553</course><hAcc>2.278881</hAcc><vAcc>1.432791</vAcc></extensions></trkpt>
      <trkpt lon="-77.044941" lat="38.899437"><ele>21.821263</ele><time>2026-04-04T15:04:43Z</time><extensions><speed>1.195330</speed><course>15.514274</course><hAcc>2.281369</hAcc><vAcc>1.456745</vAcc></extensions></trkpt>
      <trkpt lon="-77.044937" lat="38.899447"><ele>21.831306</ele><time>2026-04-04T15:04:44Z</time><extensions><speed>1.167438</speed><course>18.800955</course><hAcc>2.280348</hAcc><vAcc>1.480380</vAcc></extensions></trkpt>
      <trkpt lon="-77.044932" lat="38.899457"><ele>21.843515</ele><time>2026-04-04T15:04:45Z</time><extensions><speed>1.140675</speed><course>22.658228</course><hAcc>2.275942</hAcc><vAcc>1.503389</vAcc></extensions></trkpt>
      <trkpt lon="-77.044927" lat="38.899466"><ele>21.856769</ele><time>2026-04-04T15:04:46Z</time><extensions><speed>1.116360</speed><course>27.171712</course><hAcc>2.268285</hAcc><vAcc>1.525458</vAcc></extensions></trkpt>
      <trkpt lon="-77.044921" lat="38.899475"><ele>21.870616</ele><time>2026-04-04T15:04:47Z</time><extensions><speed>1.099954</speed><course>32.335638</course><hAcc>2.257527</hAcc><vAcc>1.546255</vAcc></extensions></trkpt>
      <trkpt lon="-77.044913" lat="38.899483"><ele>21.885336</ele><time>2026-04-04T15:04:48Z</time><extensions><speed>1.093115</speed><course>38.164958</course><hAcc>2.243849</hAcc><vAcc>1.565460</vAcc></extensions></trkpt>
      <trkpt lon="-77.044905" lat="38.899490"><ele>21.900951</ele><time>2026-04-04T15:04:50Z</time><extensions><speed>1.096326</speed><course>43.417125</course><hAcc>2.227469</hAcc><vAcc>1.582765</vAcc></extensions></trkpt>
      <trkpt lon="-77.044896" lat="38.899497"><ele>21.917785</ele><time>2026-04-04T15:04:51Z</time><extensions><speed>1.109495</speed><course>47.735153</course><hAcc>2.208693</hAcc><vAcc>1.597896</vAcc></extensions></trkpt>
      <trkpt lon="-77.044886" lat="38.899504"><ele>21.935460</ele><time>2026-04-04T15:04:52Z</time><extensions><speed>1.127726</speed><course>51.469601</course><hAcc>2.188337</hAcc><vAcc>1.610597</vAcc></extensions></trkpt>
      <trkpt lon="-77.044876" lat="38.899510"><ele>21.953761</ele><time>2026-04-04T15:04:53Z</time><extensions><speed>1.151713</speed><course>54.746556</course><hAcc>2.167621</hAcc><vAcc>1.620653</vAcc></extensions></trkpt>
      <trkpt lon="-77.044865" lat="38.899516"><ele>21.972188</ele><time>2026-04-04T15:04:54Z</time><extensions><speed>1.178376</speed><course>57.536031</course><hAcc>2.148109</hAcc><vAcc>1.627865</vAcc></extensions></trkpt>
      <trkpt lon="-77.044853" lat="38.899521"><ele>21.990874</ele><time>2026-04-04T15:04:55Z</time><extensions><speed>1.201102</speed><course>59.786765</course><hAcc>2.131832</hAcc><vAcc>1.632052</vAcc></extensions></trkpt>
      <trkpt lon="-77.044841" lat="38.899527"><ele>22.010161</ele><time>2026-04-04T15:04:56Z</time><extensions><speed>1.220220</speed><course>61.542610</course><hAcc>2.121601</hAcc><vAcc>1.633061</vAcc></extensions></trkpt>
      <trkpt lon="-77.044828" lat="38.899532"><ele>22.029825</ele><time>2026-04-04T15:04:57Z</time><extensions><speed>1.235168</speed><course>62.920978</course><hAcc>2.121324</hAcc><vAcc>1.630775</vAcc></extensions></trkpt>
      <trkpt lon="-77.044816" lat="38.899537"><ele>22.049841</ele><time>2026-04-04T15:04:58Z</time><extensions><speed>1.245779</speed><course>63.978985</course><hAcc>2.136080</hAcc><vAcc>1.625081</vAcc></extensions></trkpt>
      <trkpt lon="-77.044803" lat="38.899542"><ele>22.069894</ele><time>2026-04-04T15:04:59Z</time><extensions><speed>1.251988</speed><course>64.754128</course><hAcc>2.172096</hAcc><vAcc>1.615900</vAcc></extensions></trkpt>
      <trkpt lon="-77.044790" lat="38.899547"><ele>22.090435</ele><time>2026-04-04T15:05:00Z</time><extensions><speed>1.253658</speed><course>65.275192</course><hAcc>2.236576</hAcc><vAcc>1.603175</vAcc></extensions></trkpt>
      <trkpt lon="-77.044779" lat="38.899549"><ele>22.107740</ele><time>2026-04-04T15:05:00Z</time><extensions><speed>1.212595</speed><course>82.308975</course><hAcc>2.211549</hAcc><vAcc>1.591753</vAcc></extensions></trkpt>
      <trkpt lon="-77.044776" lat="38.899549"><ele>22.110789</ele><time>2026-04-04T15:05:01Z</time><extensions><speed>1.212667</speed><course>82.306269</course><hAcc>2.182366</hAcc><vAcc>1.589089</vAcc></extensions></trkpt>
      <trkpt lon="-77.044762" lat="38.899551"><ele>22.132595</ele><time>2026-04-04T15:05:02Z</time><extensions><speed>1.206854</speed><course>81.966235</course><hAcc>2.050823</hAcc><vAcc>1.575828</vAcc></extensions></trkpt>
      <trkpt lon="-77.044749" lat="38.899552"><ele>22.155391</ele><time>2026-04-04T15:05:03Z</time><extensions><speed>1.200347</speed><course>81.632481</course><hAcc>1.935855</hAcc><vAcc>1.559830</vAcc></extensions></trkpt>
      <trkpt lon="-77.044735" lat="38.899554"><ele>22.178787</ele><time>2026-04-04T15:05:04Z</time><extensions><speed>1.191790</speed><course>81.316911</course><hAcc>1.834906</hAcc><vAcc>1.541821</vAcc></extensions></trkpt>
      <trkpt lon="-77.044721" lat="38.899556"><ele>22.202776</ele><time>2026-04-04T15:05:05Z</time><extensions><speed>1.179344</speed><course>81.016092</course><hAcc>1.745863</hAcc><vAcc>1.522570</vAcc></extensions></trkpt>
      <trkpt lon="-77.044708" lat="38.899557"><ele>22.227300</ele><time>2026-04-04T15:05:06Z</time><extensions><speed>1.163193</speed><course>80.730734</course><hAcc>1.667193</hAcc><vAcc>1.502909</vAcc></extensions></trkpt>
      <trkpt lon="-77.044695" lat="38.899559"><ele>22.252313</ele><time>2026-04-04T15:05:07Z</time><extensions><speed>1.145202</speed><course>80.543373</course><hAcc>1.597888</hAcc><vAcc>1.483492</vAcc></extensions></trkpt>
      <trkpt lon="-77.044682" lat="38.899561"><ele>22.277511</ele><time>2026-04-04T15:05:08Z</time><extensions><speed>1.127941</speed><course>80.478141</course><hAcc>1.536949</hAcc><vAcc>1.464549</vAcc></extensions></trkpt>
      <trkpt lon="-77.044669" lat="38.899562"><ele>22.302464</ele><time>2026-04-04T15:05:09Z</time><extensions><speed>1.112474</speed><course>80.564601</course><hAcc>1.483804</hAcc><vAcc>1.446159</vAcc></extensions></trkpt>
      <trkpt lon="-77.044657" lat="38.899564"><ele>22.326993</ele><time>2026-04-04T15:05:10Z</time><extensions><speed>1.130907</speed><course>81.091790</course><hAcc>1.438682</hAcc><vAcc>1.428532</vAcc></extensions></trkpt>
      <trkpt lon="-77.044643" lat="38.899566"><ele>22.350456</ele><time>2026-04-04T15:05:11Z</time><extensions><speed>1.178313</speed><course>82.015790</course><hAcc>1.402144</hAcc><vAcc>1.412021</vAcc></extensions></trkpt>
      <trkpt lon="-77.044630" lat="38.899567"><ele>22.372631</ele><time>2026-04-04T15:05:12Z</time><extensions><speed>1.226351</speed><course>83.088946</course><hAcc>1.374772</hAcc><vAcc>1.397101</vAcc></extensions></trkpt>
      <trkpt lon="-77.044615" lat="38.899568"><ele>22.392885</ele><time>2026-04-04T15:05:13Z</time><extensions><speed>1.271959</speed><course>84.287619</course><hAcc>1.357251</hAcc><vAcc>1.384308</vAcc></extensions></trkpt>
      <trkpt lon="-77.044601" lat="38.899569"><ele>22.410783</ele><time>2026-04-04T15:05:14Z</time><extensions><speed>1.316433</speed><course>85.594205</course><hAcc>1.350317</hAcc><vAcc>1.374156</vAcc></extensions></trkpt>
      <trkpt lon="-77.044585" lat="38.899570"><ele>22.426426</ele><time>2026-04-04T15:05:15Z</time><extensions><speed>1.358276</speed><course>86.959706</course><hAcc>1.354550</hAcc><vAcc>1.367085</vAcc></extensions></trkpt>
      <trkpt lon="-77.044569" lat="38.899570"><ele>22.440187</ele><time>2026-04-04T15:05:16Z</time><extensions><speed>1.397358</speed><course>88.332540</course><hAcc>1.370217</hAcc><vAcc>1.363417</vAcc></extensions></trkpt>
      <trkpt lon="-77.044553" lat="38.899571"><ele>22.451979</ele><time>2026-04-04T15:05:17Z</time><extensions><speed>1.432826</speed><course>89.661316</course><hAcc>1.397137</hAcc><vAcc>1.363334</vAcc></extensions></trkpt>
      <trkpt lon="-77.044536" lat="38.899571"><ele>22.462481</ele><time>2026-04-04T15:05:18Z</time><extensions><speed>1.464227</speed><course>90.900999</course><hAcc>1.434586</hAcc><vAcc>1.366841</vAcc></extensions></trkpt>
      <trkpt lon="-77.044519" lat="38.899570"><ele>22.471813</ele><time>2026-04-04T15:05:19Z</time><extensions><speed>1.491064</speed><course>92.023029</course><hAcc>1.481329</hAcc><vAcc>1.373717</vAcc></extensions></trkpt>
      <trkpt lon="-77.044502" lat="38.899570"><ele>22.480187</ele><time>2026-04-04T15:05:20Z</time><extensions><speed>1.513108</speed><course>93.003158</course><hAcc>1.535572</hAcc><vAcc>1.383492</vAcc></extensions></trkpt>
      <trkpt lon="-77.044484" lat="38.899569"><ele>22.488142</ele><time>2026-04-04T15:05:21Z</time><extensions><speed>1.533464</speed><course>93.820646</course><hAcc>1.595011</hAcc><vAcc>1.395434</vAcc></extensions></trkpt>
      <trkpt lon="-77.044467" lat="38.899568"><ele>22.496436</ele><time>2026-04-04T15:05:22Z</time><extensions><speed>1.551870</speed><course>94.476038</course><hAcc>1.657162</hAcc><vAcc>1.408633</vAcc></extensions></trkpt>
      <trkpt lon="-77.044449" lat="38.899567"><ele>22.505702</ele><time>2026-04-04T15:05:23Z</time><extensions><speed>1.567934</speed><course>94.992944</course><hAcc>1.719769</hAcc><vAcc>1.422202</vAcc></extensions></trkpt>
      <trkpt lon="-77.044431" lat="38.899565"><ele>22.515685</ele><time>2026-04-04T15:05:24Z</time><extensions><speed>1.577685</speed><course>95.408467</course><hAcc>1.781020</hAcc><vAcc>1.435401</vAcc></extensions></trkpt>
      <trkpt lon="-77.044412" lat="38.899564"><ele>22.527183</ele><time>2026-04-04T15:05:25Z</time><extensions><speed>1.581818</speed><course>95.729858</course><hAcc>1.839704</hAcc><vAcc>1.447621</vAcc></extensions></trkpt>
      <trkpt lon="-77.044394" lat="38.899563"><ele>22.539566</ele><time>2026-04-04T15:05:26Z</time><extensions><speed>1.581745</speed><course>95.967201</course><hAcc>1.895023</hAcc><vAcc>1.458389</vAcc></extensions></trkpt>
      <trkpt lon="-77.044376" lat="38.899561"><ele>22.553151</ele><time>2026-04-04T15:05:27Z</time><extensions><speed>1.576774</speed><course>96.134569</course><hAcc>1.946523</hAcc><vAcc>1.467350</vAcc></extensions></trkpt>
      <trkpt lon="-77.044358" lat="38.899560"><ele>22.567702</ele><time>2026-04-04T15:05:28Z</time><extensions><speed>1.567580</speed><course>96.239827</course><hAcc>1.994017</hAcc><vAcc>1.474255</vAcc></extensions></trkpt>
      <trkpt lon="-77.044340" lat="38.899558"><ele>22.583342</ele><time>2026-04-04T15:05:29Z</time><extensions><speed>1.555094</speed><course>96.281133</course><hAcc>2.037435</hAcc><vAcc>1.478940</vAcc></extensions></trkpt>
      <trkpt lon="-77.044322" lat="38.899557"><ele>22.600377</ele><time>2026-04-04T15:05:30Z</time><extensions><speed>1.542305</speed><course>96.289939</course><hAcc>2.076866</hAcc><vAcc>1.481309</vAcc></extensions></trkpt>
      <trkpt lon="-77.044305" lat="38.899555"><ele>22.618189</ele><time>2026-04-04T15:05:31Z</time><extensions><speed>1.529202</speed><course>96.246917</course><hAcc>2.112529</hAcc><vAcc>1.481315</vAcc></extensions></trkpt>
      <trkpt lon="-77.044287" lat="38.899554"><ele>22.636970</ele><time>2026-04-04T15:05:32Z</time><extensions><speed>1.522693</speed><course>96.153712</course><hAcc>2.144585</hAcc><vAcc>1.478962</vAcc></extensions></trkpt>
      <trkpt lon="-77.044269" lat="38.899552"><ele>22.656718</ele><time>2026-04-04T15:05:33Z</time><extensions><speed>1.523087</speed><course>96.007359</course><hAcc>2.173374</hAcc><vAcc>1.474309</vAcc></extensions></trkpt>
      <trkpt lon="-77.044252" lat="38.899551"><ele>22.677415</ele><time>2026-04-04T15:05:34Z</time><extensions><speed>1.526101</speed><course>95.808290</course><hAcc>2.199248</hAcc><vAcc>1.467473</vAcc></extensions></trkpt>
      <trkpt lon="-77.044234" lat="38.899549"><ele>22.698916</ele><time>2026-04-04T15:05:35Z</time><extensions><speed>1.529729</speed><course>95.570328</course><hAcc>2.222432</hAcc><vAcc>1.458628</vAcc></extensions></trkpt>
      <trkpt lon="-77.044217" lat="38.899548"><ele>22.721190</ele><time>2026-04-04T15:05:36Z</time><extensions><speed>1.531332</speed><course>95.304423</course><hAcc>2.243063</hAcc><vAcc>1.447997</vAcc></extensions></trkpt>
      <trkpt lon="-77.044199" lat="38.899547"><ele>22.744156</ele><time>2026-04-04T15:05:37Z</time><extensions><speed>1.530682</speed><course>95.004799</course><hAcc>2.261252</hAcc><vAcc>1.435853</vAcc></extensions></trkpt>
      <trkpt lon="-77.044181" lat="38.899546"><ele>22.767710</ele><time>2026-04-04T15:05:38Z</time><extensions><speed>1.526459</speed><course>94.689647</course><hAcc>2.277206</hAcc><vAcc>1.422532</vAcc></extensions></trkpt>
      <trkpt lon="-77.044164" lat="38.899545"><ele>22.791738</ele><time>2026-04-04T15:05:39Z</time><extensions><speed>1.519651</speed><course>94.338337</course><hAcc>2.291119</hAcc><vAcc>1.408437</vAcc></extensions></trkpt>
      <trkpt lon="-77.044146" lat="38.899544"><ele>22.816124</ele><time>2026-04-04T15:05:40Z</time><extensions><speed>1.514005</speed><course>93.955658</course><hAcc>2.303180</hAcc><vAcc>1.394024</vAcc></extensions></trkpt>
      <trkpt lon="-77.044129" lat="38.899543"><ele>22.840930</ele><time>2026-04-04T15:05:41Z</time><extensions><speed>1.507983</speed><course>93.559344</course><hAcc>2.313717</hAcc><vAcc>1.379784</vAcc></extensions></trkpt>
      <trkpt lon="-77.044111" lat="38.899542"><ele>22.865889</ele><time>2026-04-04T15:05:42Z</time><extensions><speed>1.500889</speed><course>93.136209</course><hAcc>2.323003</hAcc><vAcc>1.366203</vAcc></extensions></trkpt>
      <trkpt lon="-77.044094" lat="38.899541"><ele>22.890702</ele><time>2026-04-04T15:05:43Z</time><extensions><speed>1.493544</speed><course>92.687051</course><hAcc>2.331298</hAcc><vAcc>1.353717</vAcc></extensions></trkpt>
      <trkpt lon="-77.044077" lat="38.899541"><ele>22.914752</ele><time>2026-04-04T15:05:44Z</time><extensions><speed>1.484688</speed><course>92.217255</course><hAcc>2.338721</hAcc><vAcc>1.342671</vAcc></extensions></trkpt>
      <trkpt lon="-77.044060" lat="38.899540"><ele>22.937601</ele><time>2026-04-04T15:05:45Z</time><extensions><speed>1.474756</speed><course>91.730734</course><hAcc>2.345450</hAcc><vAcc>1.333273</vAcc></extensions></trkpt>
      <trkpt lon="-77.044043" lat="38.899540"><ele>22.958751</ele><time>2026-04-04T15:05:46Z</time><extensions><speed>1.469089</speed><course>91.227546</course><hAcc>2.351548</hAcc><vAcc>1.325559</vAcc></extensions></trkpt>
      <trkpt lon="-77.044027" lat="38.899540"><ele>22.978245</ele><time>2026-04-04T15:05:47Z</time><extensions><speed>1.466953</speed><course>90.718397</course><hAcc>2.357065</hAcc><vAcc>1.319410</vAcc></extensions></trkpt>
      <trkpt lon="-77.044010" lat="38.899540"><ele>22.995554</ele><time>2026-04-04T15:05:48Z</time><extensions><speed>1.462804</speed><course>90.212491</course><hAcc>2.361934</hAcc><vAcc>1.314617</vAcc></extensions></trkpt>
      <trkpt lon="-77.043993" lat="38.899540"><ele>23.010518</ele><time>2026-04-04T15:05:49Z</time><extensions><speed>1.454100</speed><course>89.714227</course><hAcc>2.366121</hAcc><vAcc>1.310846</vAcc></extensions></trkpt>
      <trkpt lon="-77.043976" lat="38.899540"><ele>23.022082</ele><time>2026-04-04T15:05:50Z</time><extensions><speed>1.441625</speed><course>89.221420</course><hAcc>2.369770</hAcc><vAcc>1.308017</vAcc></extensions></trkpt>
      <trkpt lon="-77.043960" lat="38.899540"><ele>23.029986</ele><time>2026-04-04T15:05:51Z</time><extensions><speed>1.425653</speed><course>88.737804</course><hAcc>2.372883</hAcc><vAcc>1.305854</vAcc></extensions></trkpt>
      <trkpt lon="-77.043944" lat="38.899540"><ele>23.033728</ele><time>2026-04-04T15:05:52Z</time><extensions><speed>1.410812</speed><course>88.271333</course><hAcc>2.375660</hAcc><vAcc>1.304183</vAcc></extensions></trkpt>
      <trkpt lon="-77.043928" lat="38.899541"><ele>23.033156</ele><time>2026-04-04T15:05:52Z</time><extensions><speed>1.396804</speed><course>87.831026</course><hAcc>2.378201</hAcc><vAcc>1.302864</vAcc></extensions></trkpt>
      <trkpt lon="-77.043912" lat="38.899541"><ele>23.028130</ele><time>2026-04-04T15:05:53Z</time><extensions><speed>1.382500</speed><course>87.421057</course><hAcc>2.380536</hAcc><vAcc>1.301748</vAcc></extensions></trkpt>
      <trkpt lon="-77.043896" lat="38.899542"><ele>23.018410</ele><time>2026-04-04T15:05:54Z</time><extensions><speed>1.368612</speed><course>87.042438</course><hAcc>2.382606</hAcc><vAcc>1.300690</vAcc></extensions></trkpt>
      <trkpt lon="-77.043880" lat="38.899542"><ele>23.003495</ele><time>2026-04-04T15:05:55Z</time><extensions><speed>1.355027</speed><course>86.707451</course><hAcc>2.384474</hAcc><vAcc>1.299599</vAcc></extensions></trkpt>
      <trkpt lon="-77.043865" lat="38.899543"><ele>22.983554</ele><time>2026-04-04T15:05:56Z</time><extensions><speed>1.342822</speed><course>86.429120</course><hAcc>2.386220</hAcc><vAcc>1.298430</vAcc></extensions></trkpt>
      <trkpt lon="-77.043850" lat="38.899544"><ele>22.958984</ele><time>2026-04-04T15:05:57Z</time><extensions><speed>1.329643</speed><course>86.207387</course><hAcc>2.387892</hAcc><vAcc>1.297183</vAcc></extensions></trkpt>
      <trkpt lon="-77.043834" lat="38.899545"><ele>22.930179</ele><time>2026-04-04T15:05:58Z</time><extensions><speed>1.315015</speed><course>86.040665</course><hAcc>2.389493</hAcc><vAcc>1.295904</vAcc></extensions></trkpt>
      <trkpt lon="-77.043819" lat="38.899546"><ele>22.897140</ele><time>2026-04-04T15:05:59Z</time><extensions><speed>1.299556</speed><course>85.929386</course><hAcc>2.391019</hAcc><vAcc>1.294694</vAcc></extensions></trkpt>
      <trkpt lon="-77.043804" lat="38.899546"><ele>22.860393</ele><time>2026-04-04T15:06:00Z</time><extensions><speed>1.283708</speed><course>85.870923</course><hAcc>2.392532</hAcc><vAcc>1.293711</vAcc></extensions></trkpt>
      <trkpt lon="-77.043790" lat="38.899547"><ele>22.820342</ele><time>2026-04-04T15:06:01Z</time><extensions><speed>1.265296</speed><course>85.861086</course><hAcc>2.394030</hAcc><vAcc>1.293184</vAcc></extensions></trkpt>
      <trkpt lon="-77.043775" lat="38.899548"><ele>22.777242</ele><time>2026-04-04T15:06:02Z</time><extensions><speed>1.243502</speed><course>85.906565</course><hAcc>2.395569</hAcc><vAcc>1.293412</vAcc></extensions></trkpt>
      <trkpt lon="-77.043761" lat="38.899549"><ele>22.731569</ele><time>2026-04-04T15:06:03Z</time><extensions><speed>1.219132</speed><course>86.004815</course><hAcc>2.397089</hAcc><vAcc>1.294725</vAcc></extensions></trkpt>
      <trkpt lon="-77.043747" lat="38.899550"><ele>22.683589</ele><time>2026-04-04T15:06:04Z</time><extensions><speed>1.194199</speed><course>86.153955</course><hAcc>2.398481</hAcc><vAcc>1.297449</vAcc></extensions></trkpt>
      <trkpt lon="-77.043734" lat="38.899550"><ele>22.633887</ele><time>2026-04-04T15:06:05Z</time><extensions><speed>1.164871</speed><course>86.333333</course><hAcc>2.399670</hAcc><vAcc>1.301877</vAcc></extensions></trkpt>
      <trkpt lon="-77.043721" lat="38.899551"><ele>22.582928</ele><time>2026-04-04T15:06:06Z</time><extensions><speed>1.132197</speed><course>86.559051</course><hAcc>2.400698</hAcc><vAcc>1.308216</vAcc></extensions></trkpt>
      <trkpt lon="-77.043708" lat="38.899551"><ele>22.531093</ele><time>2026-04-04T15:06:07Z</time><extensions><speed>1.097346</speed><course>86.833885</course><hAcc>2.401497</hAcc><vAcc>1.316522</vAcc></extensions></trkpt>
      <trkpt lon="-77.043695" lat="38.899552"><ele>22.478778</ele><time>2026-04-04T15:06:08Z</time><extensions><speed>1.062985</speed><course>87.139050</course><hAcc>2.401867</hAcc><vAcc>1.326655</vAcc></extensions></trkpt>
      <trkpt lon="-77.043683" lat="38.899552"><ele>22.426160</ele><time>2026-04-04T15:06:09Z</time><extensions><speed>1.035330</speed><course>87.493261</course><hAcc>2.401602</hAcc><vAcc>1.338320</vAcc></extensions></trkpt>
      <trkpt lon="-77.043672" lat="38.899553"><ele>22.372910</ele><time>2026-04-04T15:06:10Z</time><extensions><speed>1.004379</speed><course>87.864201</course><hAcc>2.400734</hAcc><vAcc>1.351136</vAcc></extensions></trkpt>
      <trkpt lon="-77.043660" lat="38.899553"><ele>22.319400</ele><time>2026-04-04T15:06:11Z</time><extensions><speed>0.969681</speed><course>88.246165</course><hAcc>2.399108</hAcc><vAcc>1.364710</vAcc></extensions></trkpt>
      <trkpt lon="-77.043649" lat="38.899553"><ele>22.265837</ele><time>2026-04-04T15:06:12Z</time><extensions><speed>0.932984</speed><course>88.647029</course><hAcc>2.396592</hAcc><vAcc>1.378658</vAcc></extensions></trkpt>
      <trkpt lon="-77.043639" lat="38.899553"><ele>22.212476</ele><time>2026-04-04T15:06:13Z</time><extensions><speed>0.895784</speed><course>89.075173</course><hAcc>2.393029</hAcc><vAcc>1.392622</vAcc></extensions></trkpt>
      <trkpt lon="-77.043629" lat="38.899554"><ele>22.159716</ele><time>2026-04-04T15:06:14Z</time><extensions><speed>0.856087</speed><course>89.520376</course><hAcc>2.388197</hAcc><vAcc>1.406258</vAcc></extensions></trkpt>
      <trkpt lon="-77.043619" lat="38.899554"><ele>22.108020</ele><time>2026-04-04T15:06:15Z</time><extensions><speed>0.812938</speed><course>89.986635</course><hAcc>2.381989</hAcc><vAcc>1.419238</vAcc></extensions></trkpt>
      <trkpt lon="-77.043610" lat="38.899554"><ele>22.057553</ele><time>2026-04-04T15:06:16Z</time><extensions><speed>0.768231</speed><course>90.479363</course><hAcc>2.374325</hAcc><vAcc>1.431257</vAcc></extensions></trkpt>
      <trkpt lon="-77.043601" lat="38.899554"><ele>22.007891</ele><time>2026-04-04T15:06:17Z</time><extensions><speed>0.722819</speed><course>91.005781</course><hAcc>2.365154</hAcc><vAcc>1.442068</vAcc></extensions></trkpt>
      <trkpt lon="-77.043593" lat="38.899553"><ele>21.960131</ele><time>2026-04-04T15:06:18Z</time><extensions><speed>0.679605</speed><course>91.568726</course><hAcc>2.354441</hAcc><vAcc>1.451429</vAcc></extensions></trkpt>
      <trkpt lon="-77.043586" lat="38.899553"><ele>21.914476</ele><time>2026-04-04T15:06:19Z</time><extensions><speed>0.640386</speed><course>92.167102</course><hAcc>2.342080</hAcc><vAcc>1.459149</vAcc></extensions></trkpt>
      <trkpt lon="-77.043579" lat="38.899553"><ele>21.871106</ele><time>2026-04-04T15:06:20Z</time><extensions><speed>0.606277</speed><course>92.798107</course><hAcc>2.327895</hAcc><vAcc>1.465076</vAcc></extensions></trkpt>
      <trkpt lon="-77.043572" lat="38.899553"><ele>21.830268</ele><time>2026-04-04T15:06:21Z</time><extensions><speed>0.579218</speed><course>93.435466</course><hAcc>2.311802</hAcc><vAcc>1.469093</vAcc></extensions></trkpt>
      <trkpt lon="-77.043565" lat="38.899552"><ele>21.792095</ele><time>2026-04-04T15:06:22Z</time><extensions><speed>0.558210</speed><course>94.061982</course><hAcc>2.293734</hAcc><vAcc>1.471116</vAcc></extensions></trkpt>
      <trkpt lon="-77.043559" lat="38.899552"><ele>21.756987</ele><time>2026-04-04T15:06:23Z</time><extensions><speed>0.543371</speed><course>94.655550</course><hAcc>2.273547</hAcc><vAcc>1.471083</vAcc></extensions></trkpt>
      <trkpt lon="-77.043553" lat="38.899552"><ele>21.724957</ele><time>2026-04-04T15:06:24Z</time><extensions><speed>0.534847</speed><course>95.191433</course><hAcc>2.251020</hAcc><vAcc>1.468951</vAcc></extensions></trkpt>
      <trkpt lon="-77.043547" lat="38.899551"><ele>21.696048</ele><time>2026-04-04T15:06:25Z</time><extensions><speed>0.532992</speed><course>95.643997</course><hAcc>2.225871</hAcc><vAcc>1.464689</vAcc></extensions></trkpt>
      <trkpt lon="-77.043540" lat="38.899551"><ele>21.670960</ele><time>2026-04-04T15:06:26Z</time><extensions><speed>0.537806</speed><course>95.993460</course><hAcc>2.197789</hAcc><vAcc>1.458276</vAcc></extensions></trkpt>
      <trkpt lon="-77.043534" lat="38.899550"><ele>21.649834</ele><time>2026-04-04T15:06:27Z</time><extensions><speed>0.549773</speed><course>96.226150</course><hAcc>2.166449</hAcc><vAcc>1.449697</vAcc></extensions></trkpt>
      <trkpt lon="-77.043528" lat="38.899549"><ele>21.632987</ele><time>2026-04-04T15:06:28Z</time><extensions><speed>0.568820</speed><course>96.337558</course><hAcc>2.131557</hAcc><vAcc>1.438947</vAcc></extensions></trkpt>
      <trkpt lon="-77.043521" lat="38.899549"><ele>21.620569</ele><time>2026-04-04T15:06:29Z</time><extensions><speed>0.595545</speed><course>96.331058</course><hAcc>2.092860</hAcc><vAcc>1.426042</vAcc></extensions></trkpt>
      <trkpt lon="-77.043514" lat="38.899548"><ele>21.612745</ele><time>2026-04-04T15:06:30Z</time><extensions><speed>0.632798</speed><course>96.217478</course><hAcc>2.050159</hAcc><vAcc>1.411030</vAcc></extensions></trkpt>
      <trkpt lon="-77.043507" lat="38.899548"><ele>21.609802</ele><time>2026-04-04T15:06:31Z</time><extensions><speed>0.675912</speed><course>96.015242</course><hAcc>2.003660</hAcc><vAcc>1.394012</vAcc></extensions></trkpt>
      <trkpt lon="-77.043499" lat="38.899547"><ele>21.611743</ele><time>2026-04-04T15:06:32Z</time><extensions><speed>0.723169</speed><course>95.748379</course><hAcc>1.953839</hAcc><vAcc>1.375167</vAcc></extensions></trkpt>
      <trkpt lon="-77.043490" lat="38.899546"><ele>21.618838</ele><time>2026-04-04T15:06:33Z</time><extensions><speed>0.772870</speed><course>95.432875</course><hAcc>1.901214</hAcc><vAcc>1.354775</vAcc></extensions></trkpt>
      <trkpt lon="-77.043481" lat="38.899546"><ele>21.631077</ele><time>2026-04-04T15:06:34Z</time><extensions><speed>0.820589</speed><course>95.133388</course><hAcc>1.846172</hAcc><vAcc>1.333235</vAcc></extensions></trkpt>
      <trkpt lon="-77.043471" lat="38.899545"><ele>21.648536</ele><time>2026-04-04T15:06:35Z</time><extensions><speed>0.863540</speed><course>94.856915</course><hAcc>1.789275</hAcc><vAcc>1.311088</vAcc></extensions></trkpt>
      <trkpt lon="-77.043461" lat="38.899544"><ele>21.671226</ele><time>2026-04-04T15:06:36Z</time><extensions><speed>0.902670</speed><course>94.587159</course><hAcc>1.731565</hAcc><vAcc>1.289038</vAcc></extensions></trkpt>
      <trkpt lon="-77.043450" lat="38.899544"><ele>21.699319</ele><time>2026-04-04T15:06:37Z</time><extensions><speed>0.942763</speed><course>94.276913</course><hAcc>1.674682</hAcc><vAcc>1.267959</vAcc></extensions></trkpt>
      <trkpt lon="-77.043439" lat="38.899543"><ele>21.733117</ele><time>2026-04-04T15:06:38Z</time><extensions><speed>0.979363</speed><course>93.965482</course><hAcc>1.620528</hAcc><vAcc>1.248868</vAcc></extensions></trkpt>
      <trkpt lon="-77.043428" lat="38.899543"><ele>21.772745</ele><time>2026-04-04T15:06:39Z</time><extensions><speed>1.009899</speed><course>93.666011</course><hAcc>1.570897</hAcc><vAcc>1.232558</vAcc></extensions></trkpt>
      <trkpt lon="-77.043416" lat="38.899542"><ele>21.817873</ele><time>2026-04-04T15:06:40Z</time><extensions><speed>1.036854</speed><course>93.344698</course><hAcc>1.527135</hAcc><vAcc>1.219074</vAcc></extensions></trkpt>
      <trkpt lon="-77.043404" lat="38.899541"><ele>21.867971</ele><time>2026-04-04T15:06:41Z</time><extensions><speed>1.057578</speed><course>93.057473</course><hAcc>1.489507</hAcc><vAcc>1.207732</vAcc></extensions></trkpt>
      <trkpt lon="-77.043392" lat="38.899541"><ele>21.922203</ele><time>2026-04-04T15:06:42Z</time><extensions><speed>1.076011</speed><course>92.782685</course><hAcc>1.457744</hAcc><vAcc>1.197501</vAcc></extensions></trkpt>
      <trkpt lon="-77.043379" lat="38.899541"><ele>21.979575</ele><time>2026-04-04T15:06:43Z</time><extensions><speed>1.092293</speed><course>92.520488</course><hAcc>1.431618</hAcc><vAcc>1.187362</vAcc></extensions></trkpt>
      <trkpt lon="-77.043367" lat="38.899540"><ele>22.038998</ele><time>2026-04-04T15:06:44Z</time><extensions><speed>1.104625</speed><course>92.277987</course><hAcc>1.410879</hAcc><vAcc>1.176570</vAcc></extensions></trkpt>
      <trkpt lon="-77.043354" lat="38.899540"><ele>22.099264</ele><time>2026-04-04T15:06:45Z</time><extensions><speed>1.114774</speed><course>92.053238</course><hAcc>1.395190</hAcc><vAcc>1.164731</vAcc></extensions></trkpt>
      <trkpt lon="-77.043341" lat="38.899539"><ele>22.159407</ele><time>2026-04-04T15:06:46Z</time><extensions><speed>1.122930</speed><course>91.844957</course><hAcc>1.384152</hAcc><vAcc>1.151811</vAcc></extensions></trkpt>
      <trkpt lon="-77.043328" lat="38.899539"><ele>22.218506</ele><time>2026-04-04T15:06:47Z</time><extensions><speed>1.132012</speed><course>91.650288</course><hAcc>1.377241</hAcc><vAcc>1.138086</vAcc></extensions></trkpt>
      <trkpt lon="-77.043315" lat="38.899539"><ele>22.275780</ele><time>2026-04-04T15:06:48Z</time><extensions><speed>1.138070</speed><course>91.473758</course><hAcc>1.373743</hAcc><vAcc>1.124083</vAcc></extensions></trkpt>
      <trkpt lon="-77.043302" lat="38.899539"><ele>22.330420</ele><time>2026-04-04T15:06:49Z</time><extensions><speed>1.141501</speed><course>91.315039</course><hAcc>1.372656</hAcc><vAcc>1.110504</vAcc></extensions></trkpt>
      <trkpt lon="-77.043289" lat="38.899538"><ele>22.381777</ele><time>2026-04-04T15:06:50Z</time><extensions><speed>1.146303</speed><course>91.171350</course><hAcc>1.372646</hAcc><vAcc>1.098119</vAcc></extensions></trkpt>
      <trkpt lon="-77.043275" lat="38.899538"><ele>22.429247</ele><time>2026-04-04T15:06:51Z</time><extensions><speed>1.152517</speed><course>91.042508</course><hAcc>1.372201</hAcc><vAcc>1.087632</vAcc></extensions></trkpt>
      <trkpt lon="-77.043262" lat="38.899538"><ele>22.472218</ele><time>2026-04-04T15:06:52Z</time><extensions><speed>1.159698</speed><course>90.929172</course><hAcc>1.369968</hAcc><vAcc>1.079549</vAcc></extensions></trkpt>
      <trkpt lon="-77.043249" lat="38.899538"><ele>22.510182</ele><time>2026-04-04T15:06:53Z</time><extensions><speed>1.166190</speed><course>90.830932</course><hAcc>1.365013</hAcc><vAcc>1.074124</vAcc></extensions></trkpt>
      <trkpt lon="-77.043235" lat="38.899538"><ele>22.542532</ele><time>2026-04-04T15:06:54Z</time><extensions><speed>1.174132</speed><course>90.746094</course><hAcc>1.356840</hAcc><vAcc>1.071389</vAcc></extensions></trkpt>
      <trkpt lon="-77.043222" lat="38.899538"><ele>22.568479</ele><time>2026-04-04T15:06:55Z</time><extensions><speed>1.183463</speed><course>90.673531</course><hAcc>1.345433</hAcc><vAcc>1.071219</vAcc></extensions></trkpt>
      <trkpt lon="-77.043208" lat="38.899537"><ele>22.587750</ele><time>2026-04-04T15:06:56Z</time><extensions><speed>1.192780</speed><course>90.613516</course><hAcc>1.331300</hAcc><vAcc>1.073397</vAcc></extensions></trkpt>
      <trkpt lon="-77.043194" lat="38.899537"><ele>22.600190</ele><time>2026-04-04T15:06:57Z</time><extensions><speed>1.200958</speed><course>90.564138</course><hAcc>1.315707</hAcc><vAcc>1.077681</vAcc></extensions></trkpt>
      <trkpt lon="-77.043180" lat="38.899537"><ele>22.605592</ele><time>2026-04-04T15:06:58Z</time><extensions><speed>1.208899</speed><course>90.524150</course><hAcc>1.300556</hAcc><vAcc>1.083868</vAcc></extensions></trkpt>
      <trkpt lon="-77.043166" lat="38.899537"><ele>22.603941</ele><time>2026-04-04T15:06:59Z</time><extensions><speed>1.215211</speed><course>90.492793</course><hAcc>1.288284</hAcc><vAcc>1.091836</vAcc></extensions></trkpt>
      <trkpt lon="-77.043152" lat="38.899537"><ele>22.595386</ele><time>2026-04-04T15:07:00Z</time><extensions><speed>1.217930</speed><course>90.469044</course><hAcc>1.281580</hAcc><vAcc>1.101567</vAcc></extensions></trkpt>
      <trkpt lon="-77.043138" lat="38.899537"><ele>22.579657</ele><time>2026-04-04T15:07:01Z</time><extensions><speed>1.218616</speed><course>90.451570</course><hAcc>1.282875</hAcc><vAcc>1.113143</vAcc></extensions></trkpt>
      <trkpt lon="-77.043124" lat="38.899537"><ele>22.557036</ele><time>2026-04-04T15:07:02Z</time><extensions><speed>1.222061</speed><course>90.439010</course><hAcc>1.294010</hAcc><vAcc>1.126706</vAcc></extensions></trkpt>
      <trkpt lon="-77.043110" lat="38.899537"><ele>22.528046</ele><time>2026-04-04T15:07:03Z</time><extensions><speed>1.222437</speed><course>90.430692</course><hAcc>1.316271</hAcc><vAcc>1.142408</vAcc></extensions></trkpt>
      <trkpt lon="-77.043096" lat="38.899537"><ele>22.493098</ele><time>2026-04-04T15:07:04Z</time><extensions><speed>1.220960</speed><course>90.428571</course><hAcc>1.350072</hAcc><vAcc>1.160353</vAcc></extensions></trkpt>
      <trkpt lon="-77.043082" lat="38.899537"><ele>22.452815</ele><time>2026-04-04T15:07:05Z</time><extensions><speed>1.220813</speed><course>90.429843</course><hAcc>1.394832</hAcc><vAcc>1.180495</vAcc></extensions></trkpt>
      <trkpt lon="-77.043068" lat="38.899536"><ele>22.407928</ele><time>2026-04-04T15:07:06Z</time><extensions><speed>1.222101</speed><course>90.433256</course><hAcc>1.448941</hAcc><vAcc>1.202537</vAcc></extensions></trkpt>
      <trkpt lon="-77.043054" lat="38.899536"><ele>22.359524</ele><time>2026-04-04T15:07:07Z</time><extensions><speed>1.223430</speed><course>90.441386</course><hAcc>1.509888</hAcc><vAcc>1.225845</vAcc></extensions></trkpt>
      <trkpt lon="-77.043040" lat="38.899536"><ele>22.308635</ele><time>2026-04-04T15:07:08Z</time><extensions><speed>1.226140</speed><course>90.450069</course><hAcc>1.574723</hAcc><vAcc>1.249547</vAcc></extensions></trkpt>
      <trkpt lon="-77.043025" lat="38.899536"><ele>22.255470</ele><time>2026-04-04T15:07:09Z</time><extensions><speed>1.231077</speed><course>90.459066</course><hAcc>1.640849</hAcc><vAcc>1.272810</vAcc></extensions></trkpt>
      <trkpt lon="-77.043011" lat="38.899536"><ele>22.200997</ele><time>2026-04-04T15:07:10Z</time><extensions><speed>1.234152</speed><course>90.469832</course><hAcc>1.706327</hAcc><vAcc>1.294998</vAcc></extensions></trkpt>
      <trkpt lon="-77.042997" lat="38.899536"><ele>22.145805</ele><time>2026-04-04T15:07:11Z</time><extensions><speed>1.236754</speed><course>90.481160</course><hAcc>1.769574</hAcc><vAcc>1.315654</vAcc></extensions></trkpt>
      <trkpt lon="-77.042983" lat="38.899536"><ele>22.090485</ele><time>2026-04-04T15:07:12Z</time><extensions><speed>1.241493</speed><course>90.498901</course><hAcc>1.829485</hAcc><vAcc>1.334473</vAcc></extensions></trkpt>
      <trkpt lon="-77.042968" lat="38.899536"><ele>22.034690</ele><time>2026-04-04T15:07:13Z</time><extensions><speed>1.246749</speed><course>90.514483</course><hAcc>1.885406</hAcc><vAcc>1.351284</vAcc></extensions></trkpt>
      <trkpt lon="-77.042954" lat="38.899536"><ele>21.978331</ele><time>2026-04-04T15:07:14Z</time><extensions><speed>1.253964</speed><course>90.531143</course><hAcc>1.936899</hAcc><vAcc>1.366017</vAcc></extensions></trkpt>
      <trkpt lon="-77.042939" lat="38.899536"><ele>21.921436</ele><time>2026-04-04T15:07:15Z</time><extensions><speed>1.259846</speed><course>90.552527</course><hAcc>1.983768</hAcc><vAcc>1.378676</vAcc></extensions></trkpt>
      <trkpt lon="-77.042925" lat="38.899535"><ele>21.864827</ele><time>2026-04-04T15:07:16Z</time><extensions><speed>1.265737</speed><course>90.572822</course><hAcc>2.026079</hAcc><vAcc>1.389211</vAcc></extensions></trkpt>
      <trkpt lon="-77.042910" lat="38.899535"><ele>21.807641</ele><time>2026-04-04T15:07:17Z</time><extensions><speed>1.270073</speed><course>90.595161</course><hAcc>2.064145</hAcc><vAcc>1.397929</vAcc></extensions></trkpt>
      <trkpt lon="-77.042896" lat="38.899535"><ele>21.749665</ele><time>2026-04-04T15:07:18Z</time><extensions><speed>1.274158</speed><course>90.623177</course><hAcc>2.098494</hAcc><vAcc>1.404944</vAcc></extensions></trkpt>
      <trkpt lon="-77.042881" lat="38.899535"><ele>21.691321</ele><time>2026-04-04T15:07:19Z</time><extensions><speed>1.276895</speed><course>90.648194</course><hAcc>2.129843</hAcc><vAcc>1.410400</vAcc></extensions></trkpt>
      <trkpt lon="-77.042866" lat="38.899535"><ele>21.632806</ele><time>2026-04-04T15:07:20Z</time><extensions><speed>1.277706</speed><course>90.688952</course><hAcc>2.158999</hAcc><vAcc>1.414480</vAcc></extensions></trkpt>
      <trkpt lon="-77.042851" lat="38.899535"><ele>21.574252</ele><time>2026-04-04T15:07:21Z</time><extensions><speed>1.276711</speed><course>90.712534</course><hAcc>2.187103</hAcc><vAcc>1.417362</vAcc></extensions></trkpt>
      <trkpt lon="-77.042837" lat="38.899535"><ele>21.515685</ele><time>2026-04-04T15:07:22Z</time><extensions><speed>1.274607</speed><course>90.735387</course><hAcc>2.215465</hAcc><vAcc>1.419203</vAcc></extensions></trkpt>
      <trkpt lon="-77.042822" lat="38.899534"><ele>21.457472</ele><time>2026-04-04T15:07:23Z</time><extensions><speed>1.272038</speed><course>90.756711</course><hAcc>2.245847</hAcc><vAcc>1.420141</vAcc></extensions></trkpt>
      <trkpt lon="-77.042807" lat="38.899534"><ele>21.399835</ele><time>2026-04-04T15:07:24Z</time><extensions><speed>1.269093</speed><course>90.733080</course><hAcc>2.280445</hAcc><vAcc>1.420317</vAcc></extensions></trkpt>
      <trkpt lon="-77.042793" lat="38.899534"><ele>21.342925</ele><time>2026-04-04T15:07:25Z</time><extensions><speed>1.266616</speed><course>90.714061</course><hAcc>2.322046</hAcc><vAcc>1.419881</vAcc></extensions></trkpt>
      <trkpt lon="-77.042778" lat="38.899534"><ele>21.286942</ele><time>2026-04-04T15:07:26Z</time><extensions><speed>1.264841</speed><course>90.698619</course><hAcc>2.374095</hAcc><vAcc>1.418968</vAcc></extensions></trkpt>
      <trkpt lon="-77.042764" lat="38.899534"><ele>21.232180</ele><time>2026-04-04T15:07:27Z</time><extensions><speed>1.265456</speed><course>90.681418</course><hAcc>2.440854</hAcc><vAcc>1.417711</vAcc></extensions></trkpt>
      <trkpt lon="-77.042749" lat="38.899534"><ele>21.178649</ele><time>2026-04-04T15:07:29Z</time><extensions><speed>1.267003</speed><course>90.662013</course><hAcc>2.527201</hAcc><vAcc>1.416244</vAcc></extensions></trkpt>
      <trkpt lon="-77.042735" lat="38.899534"><ele>21.126421</ele><time>2026-04-04T15:07:30Z</time><extensions><speed>1.268586</speed><course>90.639897</course><hAcc>2.638589</hAcc><vAcc>1.414684</vAcc></extensions></trkpt>
      <trkpt lon="-77.042722" lat="38.899534"><ele>21.082145</ele><time>2026-04-04T15:07:30Z</time><extensions><speed>1.322230</speed><course>89.947525</course><hAcc>2.643906</hAcc><vAcc>1.414255</vAcc></extensions></trkpt>
      <trkpt lon="-77.042720" lat="38.899534"><ele>21.075279</ele><time>2026-04-04T15:07:31Z</time><extensions><speed>1.323415</speed><course>89.890687</course><hAcc>2.628964</hAcc><vAcc>1.414417</vAcc></extensions></trkpt>
      <trkpt lon="-77.042704" lat="38.899534"><ele>21.025316</ele><time>2026-04-04T15:07:32Z</time><extensions><speed>1.323074</speed><course>89.782314</course><hAcc>2.534163</hAcc><vAcc>1.417178</vAcc></extensions></trkpt>
      <trkpt lon="-77.042689" lat="38.899534"><ele>20.976793</ele><time>2026-04-04T15:07:33Z</time><extensions><speed>1.320134</speed><course>89.678591</course><hAcc>2.464147</hAcc><vAcc>1.420314</vAcc></extensions></trkpt>
      <trkpt lon="-77.042674" lat="38.899534"><ele>20.929899</ele><time>2026-04-04T15:07:34Z</time><extensions><speed>1.317323</speed><course>89.576476</course><hAcc>2.414226</hAcc><vAcc>1.424006</vAcc></extensions></trkpt>
      <trkpt lon="-77.042659" lat="38.899534"><ele>20.884741</ele><time>2026-04-04T15:07:35Z</time><extensions><speed>1.314409</speed><course>89.472210</course><hAcc>2.380112</hAcc><vAcc>1.428310</vAcc></extensions></trkpt>
      <trkpt lon="-77.042644" lat="38.899534"><ele>20.841470</ele><time>2026-04-04T15:07:36Z</time><extensions><speed>1.311492</speed><course>89.364609</course><hAcc>2.358037</hAcc><vAcc>1.433181</vAcc></extensions></trkpt>
      <trkpt lon="-77.042628" lat="38.899535"><ele>20.800403</ele><time>2026-04-04T15:07:37Z</time><extensions><speed>1.309707</speed><course>89.258217</course><hAcc>2.344785</hAcc><vAcc>1.438477</vAcc></extensions></trkpt>
      <trkpt lon="-77.042613" lat="38.899535"><ele>20.761129</ele><time>2026-04-04T15:07:38Z</time><extensions><speed>1.307677</speed><course>89.149157</course><hAcc>2.337701</hAcc><vAcc>1.443997</vAcc></extensions></trkpt>
      <trkpt lon="-77.042598" lat="38.899535"><ele>20.723598</ele><time>2026-04-04T15:07:39Z</time><extensions><speed>1.306903</speed><course>89.039895</course><hAcc>2.334669</hAcc><vAcc>1.449508</vAcc></extensions></trkpt>
      <trkpt lon="-77.042583" lat="38.899535"><ele>20.687572</ele><time>2026-04-04T15:07:40Z</time><extensions><speed>1.307865</speed><course>88.935199</course><hAcc>2.334086</hAcc><vAcc>1.454774</vAcc></extensions></trkpt>
      <trkpt lon="-77.042568" lat="38.899536"><ele>20.653123</ele><time>2026-04-04T15:07:41Z</time><extensions><speed>1.307452</speed><course>88.832143</course><hAcc>2.334803</hAcc><vAcc>1.459587</vAcc></extensions></trkpt>
      <trkpt lon="-77.042553" lat="38.899536"><ele>20.620136</ele><time>2026-04-04T15:07:42Z</time><extensions><speed>1.307652</speed><course>88.729332</course><hAcc>2.335874</hAcc><vAcc>1.463753</vAcc></extensions></trkpt>
      <trkpt lon="-77.042538" lat="38.899536"><ele>20.588359</ele><time>2026-04-04T15:07:43Z</time><extensions><speed>1.305943</speed><course>88.624459</course><hAcc>2.336751</hAcc><vAcc>1.467128</vAcc></extensions></trkpt>
      <trkpt lon="-77.042523" lat="38.899536"><ele>20.557640</ele><time>2026-04-04T15:07:44Z</time><extensions><speed>1.299292</speed><course>88.511909</course><hAcc>2.336992</hAcc><vAcc>1.469582</vAcc></extensions></trkpt>
      <trkpt lon="-77.042508" lat="38.899537"><ele>20.528401</ele><time>2026-04-04T15:07:45Z</time><extensions><speed>1.288416</speed><course>88.392605</course><hAcc>2.336284</hAcc><vAcc>1.471005</vAcc></extensions></trkpt>
      <trkpt lon="-77.042493" lat="38.899537"><ele>20.500334</ele><time>2026-04-04T15:07:46Z</time><extensions><speed>1.282043</speed><course>88.271360</course><hAcc>2.334533</hAcc><vAcc>1.471304</vAcc></extensions></trkpt>
      <trkpt lon="-77.042478" lat="38.899537"><ele>20.473354</ele><time>2026-04-04T15:07:47Z</time><extensions><speed>1.278890</speed><course>88.154908</course><hAcc>2.331723</hAcc><vAcc>1.470401</vAcc></extensions></trkpt>
      <trkpt lon="-77.042464" lat="38.899538"><ele>20.447474</ele><time>2026-04-04T15:07:48Z</time><extensions><speed>1.276668</speed><course>88.032431</course><hAcc>2.327686</hAcc><vAcc>1.468213</vAcc></extensions></trkpt>
      <trkpt lon="-77.042449" lat="38.899538"><ele>20.422678</ele><time>2026-04-04T15:07:49Z</time><extensions><speed>1.276714</speed><course>87.905195</course><hAcc>2.322233</hAcc><vAcc>1.464652</vAcc></extensions></trkpt>
      <trkpt lon="-77.042434" lat="38.899539"><ele>20.399004</ele><time>2026-04-04T15:07:50Z</time><extensions><speed>1.276311</speed><course>87.770841</course><hAcc>2.315191</hAcc><vAcc>1.459618</vAcc></extensions></trkpt>
      <trkpt lon="-77.042420" lat="38.899539"><ele>20.376489</ele><time>2026-04-04T15:07:51Z</time><extensions><speed>1.274089</speed><course>87.626087</course><hAcc>2.306379</hAcc><vAcc>1.452998</vAcc></extensions></trkpt>
      <trkpt lon="-77.042405" lat="38.899540"><ele>20.355151</ele><time>2026-04-04T15:07:52Z</time><extensions><speed>1.269149</speed><course>87.469606</course><hAcc>2.295585</hAcc><vAcc>1.444646</vAcc></extensions></trkpt>
      <trkpt lon="-77.042390" lat="38.899540"><ele>20.334985</ele><time>2026-04-04T15:07:53Z</time><extensions><speed>1.267096</speed><course>87.297149</course><hAcc>2.282567</hAcc><vAcc>1.434387</vAcc></extensions></trkpt>
      <trkpt lon="-77.042376" lat="38.899541"><ele>20.316004</ele><time>2026-04-04T15:07:54Z</time><extensions><speed>1.267215</speed><course>87.121704</course><hAcc>2.267278</hAcc><vAcc>1.422023</vAcc></extensions></trkpt>
      <trkpt lon="-77.042361" lat="38.899541"><ele>20.298134</ele><time>2026-04-04T15:07:55Z</time><extensions><speed>1.265847</speed><course>86.948659</course><hAcc>2.249719</hAcc><vAcc>1.407349</vAcc></extensions></trkpt>
      <trkpt lon="-77.042347" lat="38.899542"><ele>20.281372</ele><time>2026-04-04T15:07:56Z</time><extensions><speed>1.264049</speed><course>86.779693</course><hAcc>2.229870</hAcc><vAcc>1.390169</vAcc></extensions></trkpt>
      <trkpt lon="-77.042332" lat="38.899543"><ele>20.265757</ele><time>2026-04-04T15:07:57Z</time><extensions><speed>1.264545</speed><course>86.620367</course><hAcc>2.207715</hAcc><vAcc>1.370317</vAcc></extensions></trkpt>
      <trkpt lon="-77.042318" lat="38.899543"><ele>20.251277</ele><time>2026-04-04T15:07:58Z</time><extensions><speed>1.265582</speed><course>86.491766</course><hAcc>2.183264</hAcc><vAcc>1.347678</vAcc></extensions></trkpt>
      <trkpt lon="-77.042303" lat="38.899544"><ele>20.237655</ele><time>2026-04-04T15:07:58Z</time><extensions><speed>1.268009</speed><course>86.393040</course><hAcc>2.156629</hAcc><vAcc>1.322262</vAcc></extensions></trkpt>
      <trkpt lon="-77.042288" lat="38.899545"><ele>20.225226</ele><time>2026-04-04T15:07:59Z</time><extensions><speed>1.273015</speed><course>86.325977</course><hAcc>2.127863</hAcc><vAcc>1.294055</vAcc></extensions></trkpt>
      <trkpt lon="-77.042274" lat="38.899545"><ele>20.213970</ele><time>2026-04-04T15:08:00Z</time><extensions><speed>1.278443</speed><course>86.291081</course><hAcc>2.097158</hAcc><vAcc>1.263252</vAcc></extensions></trkpt>
      <trkpt lon="-77.042259" lat="38.899546"><ele>20.203833</ele><time>2026-04-04T15:08:01Z</time><extensions><speed>1.283560</speed><course>86.290794</course><hAcc>2.064787</hAcc><vAcc>1.230186</vAcc></extensions></trkpt>
      <trkpt lon="-77.042244" lat="38.899547"><ele>20.194944</ele><time>2026-04-04T15:08:02Z</time><extensions><speed>1.288818</speed><course>86.375997</course><hAcc>2.031134</hAcc><vAcc>1.195381</vAcc></extensions></trkpt>
      <trkpt lon="-77.042229" lat="38.899548"><ele>20.187499</ele><time>2026-04-04T15:08:03Z</time><extensions><speed>1.297064</speed><course>86.538715</course><hAcc>1.996663</hAcc><vAcc>1.159576</vAcc></extensions></trkpt>
      <trkpt lon="-77.042214" lat="38.899548"><ele>20.181383</ele><time>2026-04-04T15:08:04Z</time><extensions><speed>1.307200</speed><course>86.787276</course><hAcc>1.961928</hAcc><vAcc>1.123740</vAcc></extensions></trkpt>
      <trkpt lon="-77.042199" lat="38.899549"><ele>20.176551</ele><time>2026-04-04T15:08:05Z</time><extensions><speed>1.318695</speed><course>87.155891</course><hAcc>1.927588</hAcc><vAcc>1.089070</vAcc></extensions></trkpt>
      <trkpt lon="-77.042184" lat="38.899549"><ele>20.173034</ele><time>2026-04-04T15:08:06Z</time><extensions><speed>1.332182</speed><course>87.641244</course><hAcc>1.894325</hAcc><vAcc>1.056695</vAcc></extensions></trkpt>
      <trkpt lon="-77.042168" lat="38.899550"><ele>20.170919</ele><time>2026-04-04T15:08:07Z</time><extensions><speed>1.345785</speed><course>88.255651</course><hAcc>1.862632</hAcc><vAcc>1.027167</vAcc></extensions></trkpt>
      <trkpt lon="-77.042153" lat="38.899550"><ele>20.170138</ele><time>2026-04-04T15:08:08Z</time><extensions><speed>1.355696</speed><course>89.049804</course><hAcc>1.832530</hAcc><vAcc>1.000491</vAcc></extensions></trkpt>
      <trkpt lon="-77.042137" lat="38.899550"><ele>20.170508</ele><time>2026-04-04T15:08:09Z</time><extensions><speed>1.359000</speed><course>89.950373</course><hAcc>1.803425</hAcc><vAcc>0.976513</vAcc></extensions></trkpt>
      <trkpt lon="-77.042121" lat="38.899550"><ele>20.171869</ele><time>2026-04-04T15:08:10Z</time><extensions><speed>1.357837</speed><course>91.221334</course><hAcc>1.774295</hAcc><vAcc>0.955025</vAcc></extensions></trkpt>
      <trkpt lon="-77.042106" lat="38.899550"><ele>20.173927</ele><time>2026-04-04T15:08:11Z</time><extensions><speed>1.356994</speed><course>92.692755</course><hAcc>1.744275</hAcc><vAcc>0.935700</vAcc></extensions></trkpt>
      <trkpt lon="-77.042090" lat="38.899549"><ele>20.176417</ele><time>2026-04-04T15:08:13Z</time><extensions><speed>1.356665</speed><course>94.382707</course><hAcc>1.712592</hAcc><vAcc>0.918127</vAcc></extensions></trkpt>
      <trkpt lon="-77.042075" lat="38.899548"><ele>20.179246</ele><time>2026-04-04T15:08:14Z</time><extensions><speed>1.356494</speed><course>96.294298</course><hAcc>1.678495</hAcc><vAcc>0.901907</vAcc></extensions></trkpt>
      <trkpt lon="-77.042059" lat="38.899546"><ele>20.182395</ele><time>2026-04-04T15:08:15Z</time><extensions><speed>1.359909</speed><course>98.041847</course><hAcc>1.641279</hAcc><vAcc>0.886703</vAcc></extensions></trkpt>
      <trkpt lon="-77.042044" lat="38.899544"><ele>20.185768</ele><time>2026-04-04T15:08:16Z</time><extensions><speed>1.362198</speed><course>99.638449</course><hAcc>1.600659</hAcc><vAcc>0.872237</vAcc></extensions></trkpt>
      <trkpt lon="-77.042028" lat="38.899542"><ele>20.189325</ele><time>2026-04-04T15:08:17Z</time><extensions><speed>1.360977</speed><course>101.114620</course><hAcc>1.556855</hAcc><vAcc>0.858317</vAcc></extensions></trkpt>
      <trkpt lon="-77.042013" lat="38.899540"><ele>20.193091</ele><time>2026-04-04T15:08:18Z</time><extensions><speed>1.356146</speed><course>102.488235</course><hAcc>1.510404</hAcc><vAcc>0.844833</vAcc></extensions></trkpt>
      <trkpt lon="-77.041998" lat="38.899537"><ele>20.197024</ele><time>2026-04-04T15:08:19Z</time><extensions><speed>1.348089</speed><course>103.772776</course><hAcc>1.462032</hAcc><vAcc>0.831743</vAcc></extensions></trkpt>
      <trkpt lon="-77.041983" lat="38.899534"><ele>20.200986</ele><time>2026-04-04T15:08:20Z</time><extensions><speed>1.335590</speed><course>104.961321</course><hAcc>1.412547</hAcc><vAcc>0.819083</vAcc></extensions></trkpt>
      <trkpt lon="-77.041968" lat="38.899531"><ele>20.204854</ele><time>2026-04-04T15:08:21Z</time><extensions><speed>1.322993</speed><course>106.083145</course><hAcc>1.362824</hAcc><vAcc>0.806997</vAcc></extensions></trkpt>
      <trkpt lon="-77.041953" lat="38.899527"><ele>20.208411</ele><time>2026-04-04T15:08:22Z</time><extensions><speed>1.312681</speed><course>107.120593</course><hAcc>1.313771</hAcc><vAcc>0.795703</vAcc></extensions></trkpt>
      <trkpt lon="-77.041939" lat="38.899524"><ele>20.211406</ele><time>2026-04-04T15:08:23Z</time><extensions><speed>1.303258</speed><course>108.068973</course><hAcc>1.266603</hAcc><vAcc>0.785428</vAcc></extensions></trkpt>
      <trkpt lon="-77.041925" lat="38.899520"><ele>20.213556</ele><time>2026-04-04T15:08:24Z</time><extensions><speed>1.295916</speed><course>108.925201</course><hAcc>1.223069</hAcc><vAcc>0.776347</vAcc></extensions></trkpt>
      <trkpt lon="-77.041911" lat="38.899516"><ele>20.214589</ele><time>2026-04-04T15:08:25Z</time><extensions><speed>1.291715</speed><course>109.683877</course><hAcc>1.185703</hAcc><vAcc>0.768537</vAcc></extensions></trkpt>
      <trkpt lon="-77.041897" lat="38.899512"><ele>20.214274</ele><time>2026-04-04T15:08:26Z</time><extensions><speed>1.289981</speed><course>110.329963</course><hAcc>1.158208</hAcc><vAcc>0.761951</vAcc></extensions></trkpt>
      <trkpt lon="-77.041883" lat="38.899508"><ele>20.212390</ele><time>2026-04-04T15:08:27Z</time><extensions><speed>1.288050</speed><course>110.857337</course><hAcc>1.145932</hAcc><vAcc>0.756423</vAcc></extensions></trkpt>
      <trkpt lon="-77.041869" lat="38.899504"><ele>20.208802</ele><time>2026-04-04T15:08:28Z</time><extensions><speed>1.287238</speed><course>111.270950</course><hAcc>1.155961</hAcc><vAcc>0.751696</vAcc></extensions></trkpt>
      <trkpt lon="-77.041855" lat="38.899500"><ele>20.203273</ele><time>2026-04-04T15:08:29Z</time><extensions><speed>1.283590</speed><course>111.565585</course><hAcc>1.196560</hAcc><vAcc>0.747395</vAcc></extensions></trkpt>
      <trkpt lon="-77.041841" lat="38.899495"><ele>20.195434</ele><time>2026-04-04T15:08:30Z</time><extensions><speed>1.276932</speed><course>111.723132</course><hAcc>1.276362</hAcc><vAcc>0.742993</vAcc></extensions></trkpt>
      <trkpt lon="-77.041833" lat="38.899493"><ele>20.187268</ele><time>2026-04-04T15:08:30Z</time><extensions><speed>0.712188</speed><course>114.539952</course><hAcc>1.272637</hAcc><vAcc>0.740451</vAcc></extensions></trkpt>
      <trkpt lon="-77.041831" lat="38.899492"><ele>20.185187</ele><time>2026-04-04T15:08:31Z</time><extensions><speed>0.710979</speed><course>114.638659</course><hAcc>1.251674</hAcc><vAcc>0.740479</vAcc></extensions></trkpt>
      <trkpt lon="-77.041824" lat="38.899489"><ele>20.172289</ele><time>2026-04-04T15:08:32Z</time><extensions><speed>0.679223</speed><course>115.636560</course><hAcc>1.162745</hAcc><vAcc>0.741932</vAcc></extensions></trkpt>
      <trkpt lon="-77.041817" lat="38.899487"><ele>20.155657</ele><time>2026-04-04T15:08:33Z</time><extensions><speed>0.644233</speed><course>116.719933</course><hAcc>1.102394</hAcc><vAcc>0.742606</vAcc></extensions></trkpt>
      <trkpt lon="-77.041811" lat="38.899484"><ele>20.135105</ele><time>2026-04-04T15:08:34Z</time><extensions><speed>0.611043</speed><course>117.904998</course><hAcc>1.064530</hAcc><vAcc>0.742817</vAcc></extensions></trkpt>
      <trkpt lon="-77.041805" lat="38.899482"><ele>20.110690</ele><time>2026-04-04T15:08:35Z</time><extensions><speed>0.581101</speed><course>119.207960</course><hAcc>1.043320</hAcc><vAcc>0.742830</vAcc></extensions></trkpt>
      <trkpt lon="-77.041799" lat="38.899479"><ele>20.082632</ele><time>2026-04-04T15:08:36Z</time><extensions><speed>0.555948</speed><course>120.626690</course><hAcc>1.033739</hAcc><vAcc>0.742844</vAcc></extensions></trkpt>
      <trkpt lon="-77.041794" lat="38.899477"><ele>20.051125</ele><time>2026-04-04T15:08:37Z</time><extensions><speed>0.535060</speed><course>122.160285</course><hAcc>1.031993</hAcc><vAcc>0.742993</vAcc></extensions></trkpt>
      <trkpt lon="-77.041789" lat="38.899474"><ele>20.016409</ele><time>2026-04-04T15:08:38Z</time><extensions><speed>0.523972</speed><course>123.686086</course><hAcc>1.035599</hAcc><vAcc>0.743359</vAcc></extensions></trkpt>
      <trkpt lon="-77.041784" lat="38.899471"><ele>19.978650</ele><time>2026-04-04T15:08:39Z</time><extensions><speed>0.528997</speed><course>124.932122</course><hAcc>1.043209</hAcc><vAcc>0.743983</vAcc></extensions></trkpt>
      <trkpt lon="-77.041779" lat="38.899468"><ele>19.937903</ele><time>2026-04-04T15:08:40Z</time><extensions><speed>0.549449</speed><course>125.771120</course><hAcc>1.054075</hAcc><vAcc>0.744870</vAcc></extensions></trkpt>
      <trkpt lon="-77.041773" lat="38.899465"><ele>19.894125</ele><time>2026-04-04T15:08:41Z</time><extensions><speed>0.585038</speed><course>126.149007</course><hAcc>1.067663</hAcc><vAcc>0.745996</vAcc></extensions></trkpt>
      <trkpt lon="-77.041768" lat="38.899462"><ele>19.847287</ele><time>2026-04-04T15:08:42Z</time><extensions><speed>0.635075</speed><course>126.083940</course><hAcc>1.083370</hAcc><vAcc>0.747298</vAcc></extensions></trkpt>
      <trkpt lon="-77.041762" lat="38.899459"><ele>19.797429</ele><time>2026-04-04T15:08:43Z</time><extensions><speed>0.698486</speed><course>125.643972</course><hAcc>1.100218</hAcc><vAcc>0.748676</vAcc></extensions></trkpt>
      <trkpt lon="-77.041755" lat="38.899455"><ele>19.744726</ele><time>2026-04-04T15:08:44Z</time><extensions><speed>0.774323</speed><course>124.907325</course><hAcc>1.116510</hAcc><vAcc>0.749991</vAcc></extensions></trkpt>
      <trkpt lon="-77.041747" lat="38.899451"><ele>19.689542</ele><time>2026-04-04T15:08:45Z</time><extensions><speed>0.859499</speed><course>123.960426</course><hAcc>1.129471</hAcc><vAcc>0.751061</vAcc></extensions></trkpt>
      <trkpt lon="-77.041738" lat="38.899446"><ele>19.632409</ele><time>2026-04-04T15:08:46Z</time><extensions><speed>0.952913</speed><course>122.856976</course><hAcc>1.134935</hAcc><vAcc>0.751676</vAcc></extensions></trkpt>
      <trkpt lon="-77.041728" lat="38.899441"><ele>19.574012</ele><time>2026-04-04T15:08:47Z</time><extensions><speed>1.049180</speed><course>121.708178</course><hAcc>1.127073</hAcc><vAcc>0.751670</vAcc></extensions></trkpt>
      <trkpt lon="-77.041718" lat="38.899436"><ele>19.515292</ele><time>2026-04-04T15:08:48Z</time><extensions><speed>1.143158</speed><course>120.481806</course><hAcc>1.097423</hAcc><vAcc>0.751049</vAcc></extensions></trkpt>
      <trkpt lon="-77.041706" lat="38.899431"><ele>19.457318</ele><time>2026-04-04T15:08:49Z</time><extensions><speed>1.151549</speed><course>120.351080</course><hAcc>1.055610</hAcc><vAcc>0.749982</vAcc></extensions></trkpt>
      <trkpt lon="-77.041695" lat="38.899426"><ele>19.401119</ele><time>2026-04-04T15:08:50Z</time><extensions><speed>1.159404</speed><course>120.194330</course><hAcc>1.018876</hAcc><vAcc>0.748669</vAcc></extensions></trkpt>
      <trkpt lon="-77.041683" lat="38.899421"><ele>19.347731</ele><time>2026-04-04T15:08:51Z</time><extensions><speed>1.166617</speed><course>120.011752</course><hAcc>0.986682</hAcc><vAcc>0.747273</vAcc></extensions></trkpt>
      <trkpt lon="-77.041671" lat="38.899415"><ele>19.298218</ele><time>2026-04-04T15:08:52Z</time><extensions><speed>1.173404</speed><course>119.808634</course><hAcc>0.958534</hAcc><vAcc>0.745916</vAcc></extensions></trkpt>
      <trkpt lon="-77.041659" lat="38.899410"><ele>19.253507</ele><time>2026-04-04T15:08:53Z</time><extensions><speed>1.179727</speed><course>119.592164</course><hAcc>0.934017</hAcc><vAcc>0.744676</vAcc></extensions></trkpt>
      <trkpt lon="-77.041648" lat="38.899405"><ele>19.214333</ele><time>2026-04-04T15:08:54Z</time><extensions><speed>1.186399</speed><course>119.359184</course><hAcc>0.912773</hAcc><vAcc>0.743598</vAcc></extensions></trkpt>
      <trkpt lon="-77.041636" lat="38.899400"><ele>19.181436</ele><time>2026-04-04T15:08:55Z</time><extensions><speed>1.193398</speed><course>119.108047</course><hAcc>0.894478</hAcc><vAcc>0.742699</vAcc></extensions></trkpt>
      <trkpt lon="-77.041624" lat="38.899394"><ele>19.155597</ele><time>2026-04-04T15:08:56Z</time><extensions><speed>1.200282</speed><course>118.843316</course><hAcc>0.878838</hAcc><vAcc>0.741976</vAcc></extensions></trkpt>
      <trkpt lon="-77.041611" lat="38.899389"><ele>19.137340</ele><time>2026-04-04T15:08:57Z</time><extensions><speed>1.206960</speed><course>118.566384</course><hAcc>0.865579</hAcc><vAcc>0.741415</vAcc></extensions></trkpt>
      <trkpt lon="-77.041599" lat="38.899384"><ele>19.126739</ele><time>2026-04-04T15:08:58Z</time><extensions><speed>1.213255</speed><course>118.278690</course><hAcc>0.854441</hAcc><vAcc>0.740994</vAcc></extensions></trkpt>
      <trkpt lon="-77.041587" lat="38.899379"><ele>19.123362</ele><time>2026-04-04T15:08:59Z</time><extensions><speed>1.219118</speed><course>117.982028</course><hAcc>0.845178</hAcc><vAcc>0.740689</vAcc></extensions></trkpt>
      <trkpt lon="-77.041574" lat="38.899374"><ele>19.126369</ele><time>2026-04-04T15:09:00Z</time><extensions><speed>1.224230</speed><course>117.680571</course><hAcc>0.837544</hAcc><vAcc>0.740475</vAcc></extensions></trkpt>
      <trkpt lon="-77.041562" lat="38.899369"><ele>19.134690</ele><time>2026-04-04T15:09:01Z</time><extensions><speed>1.228746</speed><course>117.387126</course><hAcc>0.831289</hAcc><vAcc>0.740332</vAcc></extensions></trkpt>
      <trkpt lon="-77.041549" lat="38.899363"><ele>19.147292</ele><time>2026-04-04T15:09:02Z</time><extensions><speed>1.232806</speed><course>117.104602</course><hAcc>0.826154</hAcc><vAcc>0.740241</vAcc></extensions></trkpt>
      <trkpt lon="-77.041536" lat="38.899358"><ele>19.163083</ele><time>2026-04-04T15:09:03Z</time><extensions><speed>1.236840</speed><course>116.818832</course><hAcc>0.821869</hAcc><vAcc>0.740185</vAcc></extensions></trkpt>
      <trkpt lon="-77.041524" lat="38.899353"><ele>19.181119</ele><time>2026-04-04T15:09:04Z</time><extensions><speed>1.240808</speed><course>116.539756</course><hAcc>0.818151</hAcc><vAcc>0.740155</vAcc></extensions></trkpt>
      <trkpt lon="-77.041511" lat="38.899348"><ele>19.200457</ele><time>2026-04-04T15:09:05Z</time><extensions><speed>1.244807</speed><course>116.274549</course><hAcc>0.814713</hAcc><vAcc>0.740140</vAcc></extensions></trkpt>
      <trkpt lon="-77.041498" lat="38.899343"><ele>19.220243</ele><time>2026-04-04T15:09:06Z</time><extensions><speed>1.248958</speed><course>116.024243</course><hAcc>0.811283</hAcc><vAcc>0.740135</vAcc></extensions></trkpt>
      <trkpt lon="-77.041485" lat="38.899339"><ele>19.239856</ele><time>2026-04-04T15:09:07Z</time><extensions><speed>1.252957</speed><course>115.791473</course><hAcc>0.807648</hAcc><vAcc>0.740134</vAcc></extensions></trkpt>
      <trkpt lon="-77.041472" lat="38.899334"><ele>19.258883</ele><time>2026-04-04T15:09:08Z</time><extensions><speed>1.256553</speed><course>115.572937</course><hAcc>0.803672</hAcc><vAcc>0.740136</vAcc></extensions></trkpt>
      <trkpt lon="-77.041459" lat="38.899329"><ele>19.277103</ele><time>2026-04-04T15:09:09Z</time><extensions><speed>1.259643</speed><course>115.368972</course><hAcc>0.799297</hAcc><vAcc>0.740139</vAcc></extensions></trkpt>
      <trkpt lon="-77.041446" lat="38.899324"><ele>19.294442</ele><time>2026-04-04T15:09:10Z</time><extensions><speed>1.262515</speed><course>115.180150</course><hAcc>0.794538</hAcc><vAcc>0.740141</vAcc></extensions></trkpt>
      <trkpt lon="-77.041432" lat="38.899319"><ele>19.310784</ele><time>2026-04-04T15:09:11Z</time><extensions><speed>1.264925</speed><course>115.006878</course><hAcc>0.789475</hAcc><vAcc>0.740143</vAcc></extensions></trkpt>
      <trkpt lon="-77.041419" lat="38.899314"><ele>19.325997</ele><time>2026-04-04T15:09:12Z</time><extensions><speed>1.267140</speed><course>114.848885</course><hAcc>0.784228</hAcc><vAcc>0.740143</vAcc></extensions></trkpt>
      <trkpt lon="-77.041406" lat="38.899310"><ele>19.339859</ele><time>2026-04-04T15:09:13Z</time><extensions><speed>1.268890</speed><course>114.706782</course><hAcc>0.778927</hAcc><vAcc>0.740143</vAcc></extensions></trkpt>
      <trkpt lon="-77.041393" lat="38.899305"><ele>19.352149</ele><time>2026-04-04T15:09:14Z</time><extensions><speed>1.270028</speed><course>114.582415</course><hAcc>0.773683</hAcc><vAcc>0.740143</vAcc></extensions></trkpt>
      <trkpt lon="-77.041379" lat="38.899300"><ele>19.362729</ele><time>2026-04-04T15:09:15Z</time><extensions><speed>1.270898</speed><course>114.473476</course><hAcc>0.768607</hAcc><vAcc>0.740142</vAcc></extensions></trkpt>
      <trkpt lon="-77.041366" lat="38.899295"><ele>19.371511</ele><time>2026-04-04T15:09:16Z</time><extensions><speed>1.271537</speed><course>114.379718</course><hAcc>0.763800</hAcc><vAcc>0.740141</vAcc></extensions></trkpt>
      <trkpt lon="-77.041353" lat="38.899291"><ele>19.378401</ele><time>2026-04-04T15:09:17Z</time><extensions><speed>1.272221</speed><course>114.300652</course><hAcc>0.759337</hAcc><vAcc>0.740139</vAcc></extensions></trkpt>
      <trkpt lon="-77.041339" lat="38.899286"><ele>19.383352</ele><time>2026-04-04T15:09:18Z</time><extensions><speed>1.272363</speed><course>114.236096</course><hAcc>0.755275</hAcc><vAcc>0.740138</vAcc></extensions></trkpt>
      <trkpt lon="-77.041326" lat="38.899281"><ele>19.386328</ele><time>2026-04-04T15:09:19Z</time><extensions><speed>1.271894</speed><course>114.185866</course><hAcc>0.751653</hAcc><vAcc>0.740137</vAcc></extensions></trkpt>
      <trkpt lon="-77.041312" lat="38.899276"><ele>19.387236</ele><time>2026-04-04T15:09:20Z</time><extensions><speed>1.271093</speed><course>114.148932</course><hAcc>0.748495</hAcc><vAcc>0.740136</vAcc></extensions></trkpt>
      <trkpt lon="-77.041299" lat="38.899272"><ele>19.386065</ele><time>2026-04-04T15:09:21Z</time><extensions><speed>1.270089</speed><course>114.124568</course><hAcc>0.745813</hAcc><vAcc>0.740136</vAcc></extensions></trkpt>
      <trkpt lon="-77.041286" lat="38.899267"><ele>19.383016</ele><time>2026-04-04T15:09:22Z</time><extensions><speed>1.269067</speed><course>114.113787</course><hAcc>0.743607</hAcc><vAcc>0.740135</vAcc></extensions></trkpt>
      <trkpt lon="-77.041272" lat="38.899262"><ele>19.378556</ele><time>2026-04-04T15:09:23Z</time><extensions><speed>1.268018</speed><course>114.117312</course><hAcc>0.741859</hAcc><vAcc>0.740134</vAcc></extensions></trkpt>
      <trkpt lon="-77.041259" lat="38.899258"><ele>19.373466</ele><time>2026-04-04T15:09:24Z</time><extensions><speed>1.266720</speed><course>114.130461</course><hAcc>0.740546</hAcc><vAcc>0.740134</vAcc></extensions></trkpt>
      <trkpt lon="-77.041246" lat="38.899253"><ele>19.368769</ele><time>2026-04-04T15:09:25Z</time><extensions><speed>1.265033</speed><course>114.159082</course><hAcc>0.739635</hAcc><vAcc>0.740134</vAcc></extensions></trkpt>
      <trkpt lon="-77.041233" lat="38.899248"><ele>19.365468</ele><time>2026-04-04T15:09:26Z</time><extensions><speed>1.262992</speed><course>114.195680</course><hAcc>0.739086</hAcc><vAcc>0.740134</vAcc></extensions></trkpt>
      <trkpt lon="-77.041219" lat="38.899244"><ele>19.364379</ele><time>2026-04-04T15:09:27Z</time><extensions><speed>1.260699</speed><course>114.238818</course><hAcc>0.738863</hAcc><vAcc>0.740134</vAcc></extensions></trkpt>
      <trkpt lon="-77.041206" lat="38.899239"><ele>19.366221</ele><time>2026-04-04T15:09:28Z</time><extensions><speed>1.258230</speed><course>114.287401</course><hAcc>0.738927</hAcc><vAcc>0.740133</vAcc></extensions></trkpt>
      <trkpt lon="-77.041193" lat="38.899234"><ele>19.371538</ele><time>2026-04-04T15:09:29Z</time><extensions><speed>1.256040</speed><course>114.340113</course><hAcc>0.739238</hAcc><vAcc>0.740133</vAcc></extensions></trkpt>
      <trkpt lon="-77.041180" lat="38.899230"><ele>19.380577</ele><time>2026-04-04T15:09:30Z</time><extensions><speed>1.254081</speed><course>114.394873</course><hAcc>0.739767</hAcc><vAcc>0.740133</vAcc></extensions></trkpt>
      <trkpt lon="-77.041167" lat="38.899225"><ele>19.393334</ele><time>2026-04-04T15:09:31Z</time><extensions><speed>1.252130</speed><course>114.447906</course><hAcc>0.740486</hAcc><vAcc>0.740133</vAcc></extensions></trkpt>
      <trkpt lon="-77.041153" lat="38.899220"><ele>19.409681</ele><time>2026-04-04T15:09:32Z</time><extensions><speed>1.250181</speed><course>114.497495</course><hAcc>0.741373</hAcc><vAcc>0.740133</vAcc></extensions></trkpt>
      <trkpt lon="-77.041140" lat="38.899216"><ele>19.429420</ele><time>2026-04-04T15:09:33Z</time><extensions><speed>1.248339</speed><course>114.543852</course><hAcc>0.742409</hAcc><vAcc>0.740133</vAcc></extensions></trkpt>
      <trkpt lon="-77.041127" lat="38.899211"><ele>19.452250</ele><time>2026-04-04T15:09:34Z</time><extensions><speed>1.246456</speed><course>114.585492</course><hAcc>0.743576</hAcc><vAcc>0.740133</vAcc></extensions></trkpt>
      <trkpt lon="-77.041114" lat="38.899206"><ele>19.477770</ele><time>2026-04-04T15:09:35Z</time><extensions><speed>1.244498</speed><course>114.621483</course><hAcc>0.744853</hAcc><vAcc>0.740133</vAcc></extensions></trkpt>
      <trkpt lon="-77.041101" lat="38.899202"><ele>19.505466</ele><time>2026-04-04T15:09:36Z</time><extensions><speed>1.242380</speed><course>114.651014</course><hAcc>0.746225</hAcc><vAcc>0.740133</vAcc></extensions></trkpt>
      <trkpt lon="-77.041088" lat="38.899197"><ele>19.534784</ele><time>2026-04-04T15:09:37Z</time><extensions><speed>1.239921</speed><course>114.672049</course><hAcc>0.747674</hAcc><vAcc>0.740133</vAcc></extensions></trkpt>
      <trkpt lon="-77.041075" lat="38.899192"><ele>19.565170</ele><time>2026-04-04T15:09:38Z</time><extensions><speed>1.237379</speed><course>114.682599</course><hAcc>0.749187</hAcc><vAcc>0.740133</vAcc></extensions></trkpt>
      <trkpt lon="-77.041062" lat="38.899188"><ele>19.596128</ele><time>2026-04-04T15:09:39Z</time><extensions><speed>1.234983</speed><course>114.681794</course><hAcc>0.750750</hAcc><vAcc>0.740133</vAcc></extensions></trkpt>
      <trkpt lon="-77.041049" lat="38.899183"><ele>19.627217</ele><time>2026-04-04T15:09:40Z</time><extensions><speed>1.233352</speed><course>114.668658</course><hAcc>0.752353</hAcc><vAcc>0.740133</vAcc></extensions></trkpt>
      <trkpt lon="-77.041036" lat="38.899179"><ele>19.658124</ele><time>2026-04-04T15:09:41Z</time><extensions><speed>1.232243</speed><course>114.637191</course><hAcc>0.754094</hAcc><vAcc>0.740133</vAcc></extensions></trkpt>
      <trkpt lon="-77.041024" lat="38.899174"><ele>19.688649</ele><time>2026-04-04T15:09:42Z</time><extensions><speed>1.231256</speed><course>114.604101</course><hAcc>0.755763</hAcc><vAcc>0.740133</vAcc></extensions></trkpt>
      <trkpt lon="-77.041011" lat="38.899169"><ele>19.718557</ele><time>2026-04-04T15:09:43Z</time><extensions><speed>1.230289</speed><course>114.562971</course><hAcc>0.757471</hAcc><vAcc>0.740133</vAcc></extensions></trkpt>
      <trkpt lon="-77.040998" lat="38.899165"><ele>19.747593</ele><time>2026-04-04T15:09:44Z</time><extensions><speed>1.229046</speed><course>114.515457</course><hAcc>0.759222</hAcc><vAcc>0.740133</vAcc></extensions></trkpt>
      <trkpt lon="-77.040985" lat="38.899160"><ele>19.775491</ele><time>2026-04-04T15:09:45Z</time><extensions><speed>1.227747</speed><course>114.462330</course><hAcc>0.761015</hAcc><vAcc>0.740133</vAcc></extensions></trkpt>
      <trkpt lon="-77.040972" lat="38.899156"><ele>19.802107</ele><time>2026-04-04T15:09:46Z</time><extensions><speed>1.226365</speed><course>114.407375</course><hAcc>0.762854</hAcc><vAcc>0.740133</vAcc></extensions></trkpt>
      <trkpt lon="-77.040959" lat="38.899151"><ele>19.827164</ele><time>2026-04-04T15:09:47Z</time><extensions><speed>1.224770</speed><course>114.350440</course><hAcc>0.764747</hAcc><vAcc>0.740133</vAcc></extensions></trkpt>
      <trkpt lon="-77.040946" lat="38.899146"><ele>19.850056</ele><time>2026-04-04T15:09:48Z</time><extensions><speed>1.223068</speed><course>114.286566</course><hAcc>0.766690</hAcc><vAcc>0.740133</vAcc></extensions></trkpt>
      <trkpt lon="-77.040933" lat="38.899142"><ele>19.870587</ele><time>2026-04-04T15:09:49Z</time><extensions><speed>1.221583</speed><course>114.222134</course><hAcc>0.768685</hAcc><vAcc>0.740133</vAcc></extensions></trkpt>
      <trkpt lon="-77.040921" lat="38.899137"><ele>19.888560</ele><time>2026-04-04T15:09:50Z</time><extensions><speed>1.220586</speed><course>114.158340</course><hAcc>0.770734</hAcc><vAcc>0.740132</vAcc></extensions></trkpt>
      <trkpt lon="-77.040908" lat="38.899133"><ele>19.903639</ele><time>2026-04-04T15:09:51Z</time><extensions><speed>1.219837</speed><course>114.096367</course><hAcc>0.772836</hAcc><vAcc>0.740132</vAcc></extensions></trkpt>
      <trkpt lon="-77.040895" lat="38.899128"><ele>19.915535</ele><time>2026-04-04T15:09:52Z</time><extensions><speed>1.219038</speed><course>114.036131</course><hAcc>0.774995</hAcc><vAcc>0.740131</vAcc></extensions></trkpt>
      <trkpt lon="-77.040882" lat="38.899124"><ele>19.924152</ele><time>2026-04-04T15:09:53Z</time><extensions><speed>1.217973</speed><course>113.975299</course><hAcc>0.777213</hAcc><vAcc>0.740131</vAcc></extensions></trkpt>
      <trkpt lon="-77.040869" lat="38.899120"><ele>19.929724</ele><time>2026-04-04T15:09:54Z</time><extensions><speed>1.216806</speed><course>113.911844</course><hAcc>0.779491</hAcc><vAcc>0.740130</vAcc></extensions></trkpt>
      <trkpt lon="-77.040856" lat="38.899115"><ele>19.932579</ele><time>2026-04-04T15:09:55Z</time><extensions><speed>1.215558</speed><course>113.846145</course><hAcc>0.781831</hAcc><vAcc>0.740129</vAcc></extensions></trkpt>
      <trkpt lon="-77.040844" lat="38.899111"><ele>19.932888</ele><time>2026-04-04T15:09:56Z</time><extensions><speed>1.214430</speed><course>113.779084</course><hAcc>0.784231</hAcc><vAcc>0.740128</vAcc></extensions></trkpt>
      <trkpt lon="-77.040831" lat="38.899106"><ele>19.930654</ele><time>2026-04-04T15:09:57Z</time><extensions><speed>1.213531</speed><course>113.711618</course><hAcc>0.786691</hAcc><vAcc>0.740127</vAcc></extensions></trkpt>
      <trkpt lon="-77.040818" lat="38.899102"><ele>19.926004</ele><time>2026-04-04T15:09:58Z</time><extensions><speed>1.212894</speed><course>113.644248</course><hAcc>0.789204</hAcc><vAcc>0.740125</vAcc></extensions></trkpt>
      <trkpt lon="-77.040805" lat="38.899098"><ele>19.919145</ele><time>2026-04-04T15:09:59Z</time><extensions><speed>1.212392</speed><course>113.577262</course><hAcc>0.791763</hAcc><vAcc>0.740123</vAcc></extensions></trkpt>
      <trkpt lon="-77.040792" lat="38.899093"><ele>19.910292</ele><time>2026-04-04T15:10:00Z</time><extensions><speed>1.211948</speed><course>113.511347</course><hAcc>0.794356</hAcc><vAcc>0.740120</vAcc></extensions></trkpt>
      <trkpt lon="-77.040780" lat="38.899089"><ele>19.899900</ele><time>2026-04-04T15:10:01Z</time><extensions><speed>1.211569</speed><course>113.447934</course><hAcc>0.796968</hAcc><vAcc>0.740117</vAcc></extensions></trkpt>
      <trkpt lon="-77.040767" lat="38.899084"><ele>19.888537</ele><time>2026-04-04T15:10:02Z</time><extensions><speed>1.211357</speed><course>113.387742</course><hAcc>0.799579</hAcc><vAcc>0.740113</vAcc></extensions></trkpt>
      <trkpt lon="-77.040754" lat="38.899080"><ele>19.876704</ele><time>2026-04-04T15:10:03Z</time><extensions><speed>1.211131</speed><course>113.331688</course><hAcc>0.802165</hAcc><vAcc>0.740108</vAcc></extensions></trkpt>
      <trkpt lon="-77.040741" lat="38.899076"><ele>19.864829</ele><time>2026-04-04T15:10:04Z</time><extensions><speed>1.211100</speed><course>113.280662</course><hAcc>0.804697</hAcc><vAcc>0.740100</vAcc></extensions></trkpt>
      <trkpt lon="-77.040728" lat="38.899072"><ele>19.853178</ele><time>2026-04-04T15:10:05Z</time><extensions><speed>1.211349</speed><course>113.235692</course><hAcc>0.807142</hAcc><vAcc>0.740096</vAcc></extensions></trkpt>
      <trkpt lon="-77.040715" lat="38.899067"><ele>19.841984</ele><time>2026-04-04T15:10:06Z</time><extensions><speed>1.212084</speed><course>113.197526</course><hAcc>0.809467</hAcc><vAcc>0.740096</vAcc></extensions></trkpt>
      <trkpt lon="-77.040703" lat="38.899063"><ele>19.831432</ele><time>2026-04-04T15:10:07Z</time><extensions><speed>1.213176</speed><course>113.167138</course><hAcc>0.811630</hAcc><vAcc>0.740093</vAcc></extensions></trkpt>
      <trkpt lon="-77.040690" lat="38.899059"><ele>19.821672</ele><time>2026-04-04T15:10:08Z</time><extensions><speed>1.214517</speed><course>113.145411</course><hAcc>0.813594</hAcc><vAcc>0.740085</vAcc></extensions></trkpt>
      <trkpt lon="-77.040677" lat="38.899054"><ele>19.812551</ele><time>2026-04-04T15:10:09Z</time><extensions><speed>1.215929</speed><course>113.133316</course><hAcc>0.815328</hAcc><vAcc>0.740072</vAcc></extensions></trkpt>
      <trkpt lon="-77.040664" lat="38.899050"><ele>19.803391</ele><time>2026-04-04T15:10:10Z</time><extensions><speed>1.217443</speed><course>113.131935</course><hAcc>0.816805</hAcc><vAcc>0.740053</vAcc></extensions></trkpt>
      <trkpt lon="-77.040651" lat="38.899046"><ele>19.793194</ele><time>2026-04-04T15:10:11Z</time><extensions><speed>1.218909</speed><course>113.142199</course><hAcc>0.818009</hAcc><vAcc>0.740025</vAcc></extensions></trkpt>
      <trkpt lon="-77.040638" lat="38.899041"><ele>19.780851</ele><time>2026-04-04T15:10:12Z</time><extensions><speed>1.220386</speed><course>113.177068</course><hAcc>0.818983</hAcc><vAcc>0.739986</vAcc></extensions></trkpt>
      <trkpt lon="-77.040625" lat="38.899037"><ele>19.765383</ele><time>2026-04-04T15:10:13Z</time><extensions><speed>1.222043</speed><course>113.209906</course><hAcc>0.819686</hAcc><vAcc>0.739934</vAcc></extensions></trkpt>
      <trkpt lon="-77.040612" lat="38.899033"><ele>19.746142</ele><time>2026-04-04T15:10:14Z</time><extensions><speed>1.223935</speed><course>113.255442</course><hAcc>0.820208</hAcc><vAcc>0.739864</vAcc></extensions></trkpt>
      <trkpt lon="-77.040599" lat="38.899028"><ele>19.722844</ele><time>2026-04-04T15:10:15Z</time><extensions><speed>1.225869</speed><course>113.322565</course><hAcc>0.820655</hAcc><vAcc>0.739774</vAcc></extensions></trkpt>
      <trkpt lon="-77.040586" lat="38.899024"><ele>19.695561</ele><time>2026-04-04T15:10:16Z</time><extensions><speed>1.227720</speed><course>113.401780</course><hAcc>0.821190</hAcc><vAcc>0.739661</vAcc></extensions></trkpt>
      <trkpt lon="-77.040573" lat="38.899020"><ele>19.664610</ele><time>2026-04-04T15:10:17Z</time><extensions><speed>1.229376</speed><course>113.485564</course><hAcc>0.822040</hAcc><vAcc>0.739521</vAcc></extensions></trkpt>
      <trkpt lon="-77.040560" lat="38.899015"><ele>19.630720</ele><time>2026-04-04T15:10:18Z</time><extensions><speed>1.230738</speed><course>113.570995</course><hAcc>0.823514</hAcc><vAcc>0.739352</vAcc></extensions></trkpt>
      <trkpt lon="-77.040547" lat="38.899011"><ele>19.594987</ele><time>2026-04-04T15:10:19Z</time><extensions><speed>1.231727</speed><course>113.655302</course><hAcc>0.826019</hAcc><vAcc>0.739153</vAcc></extensions></trkpt>
      <trkpt lon="-77.040534" lat="38.899006"><ele>19.558638</ele><time>2026-04-04T15:10:20Z</time><extensions><speed>1.232575</speed><course>113.736579</course><hAcc>0.830066</hAcc><vAcc>0.738924</vAcc></extensions></trkpt>
      <trkpt lon="-77.040521" lat="38.899002"><ele>19.522941</ele><time>2026-04-04T15:10:21Z</time><extensions><speed>1.233625</speed><course>113.812129</course><hAcc>0.836289</hAcc><vAcc>0.738666</vAcc></extensions></trkpt>
      <trkpt lon="-77.040508" lat="38.898997"><ele>19.489125</ele><time>2026-04-04T15:10:22Z</time><extensions><speed>1.234716</speed><course>113.879790</course><hAcc>0.845438</hAcc><vAcc>0.738380</vAcc></extensions></trkpt>
      <trkpt lon="-77.040495" lat="38.898993"><ele>19.458368</ele><time>2026-04-04T15:10:23Z</time><extensions><speed>1.235799</speed><course>113.938191</course><hAcc>0.858380</hAcc><vAcc>0.738067</vAcc></extensions></trkpt>
      <trkpt lon="-77.040482" lat="38.898988"><ele>19.431616</ele><time>2026-04-04T15:10:24Z</time><extensions><speed>1.237102</speed><course>113.987106</course><hAcc>0.876075</hAcc><vAcc>0.737720</vAcc></extensions></trkpt>
      <trkpt lon="-77.040469" lat="38.898984"><ele>19.409451</ele><time>2026-04-04T15:10:25Z</time><extensions><speed>1.238281</speed><course>114.028467</course><hAcc>0.899521</hAcc><vAcc>0.737327</vAcc></extensions></trkpt>
      <trkpt lon="-77.040456" lat="38.898979"><ele>19.392072</ele><time>2026-04-04T15:10:26Z</time><extensions><speed>1.238861</speed><course>114.061055</course><hAcc>0.929827</hAcc><vAcc>0.736855</vAcc></extensions></trkpt>
      <trkpt lon="-77.040443" lat="38.898974"><ele>19.379381</ele><time>2026-04-04T15:10:27Z</time><extensions><speed>1.239278</speed><course>114.086419</course><hAcc>0.967965</hAcc><vAcc>0.736241</vAcc></extensions></trkpt>
      <trkpt lon="-77.040430" lat="38.898970"><ele>19.371128</ele><time>2026-04-04T15:10:28Z</time><extensions><speed>1.239503</speed><course>114.105157</course><hAcc>1.014834</hAcc><vAcc>0.735370</vAcc></extensions></trkpt>
      <trkpt lon="-77.040417" lat="38.898965"><ele>19.366836</ele><time>2026-04-04T15:10:29Z</time><extensions><speed>1.239471</speed><course>114.117563</course><hAcc>1.071194</hAcc><vAcc>0.734057</vAcc></extensions></trkpt>
      <trkpt lon="-77.040404" lat="38.898961"><ele>19.365785</ele><time>2026-04-04T15:10:30Z</time><extensions><speed>1.239269</speed><course>114.124067</course><hAcc>1.137618</hAcc><vAcc>0.732005</vAcc></extensions></trkpt>
      <trkpt lon="-77.040393" lat="38.898957"><ele>19.366608</ele><time>2026-04-04T15:10:30Z</time><extensions><speed>1.194088</speed><course>113.307323</course><hAcc>1.139493</hAcc><vAcc>0.730850</vAcc></extensions></trkpt>
      <trkpt lon="-77.040391" lat="38.898956"><ele>19.366677</ele><time>2026-04-04T15:10:31Z</time><extensions><speed>1.193789</speed><course>113.294386</course><hAcc>1.128472</hAcc><vAcc>0.731073</vAcc></extensions></trkpt>
      <trkpt lon="-77.040379" lat="38.898952"><ele>19.368388</ele><time>2026-04-04T15:10:32Z</time><extensions><speed>1.194123</speed><course>113.272193</course><hAcc>1.068509</hAcc><vAcc>0.733442</vAcc></extensions></trkpt>
      <trkpt lon="-77.040366" lat="38.898948"><ele>19.369878</ele><time>2026-04-04T15:10:33Z</time><extensions><speed>1.194333</speed><course>113.246243</course><hAcc>1.018891</hAcc><vAcc>0.734928</vAcc></extensions></trkpt>
      <trkpt lon="-77.040353" lat="38.898944"><ele>19.370032</ele><time>2026-04-04T15:10:34Z</time><extensions><speed>1.194091</speed><course>113.216773</course><hAcc>0.978875</hAcc><vAcc>0.735888</vAcc></extensions></trkpt>
      <trkpt lon="-77.040341" lat="38.898939"><ele>19.367783</ele><time>2026-04-04T15:10:35Z</time><extensions><speed>1.192884</speed><course>113.184490</course><hAcc>0.947520</hAcc><vAcc>0.736547</vAcc></extensions></trkpt>
      <trkpt lon="-77.040328" lat="38.898935"><ele>19.362173</ele><time>2026-04-04T15:10:36Z</time><extensions><speed>1.191795</speed><course>113.148527</course><hAcc>0.923748</hAcc><vAcc>0.737043</vAcc></extensions></trkpt>
      <trkpt lon="-77.040316" lat="38.898931"><ele>19.352692</ele><time>2026-04-04T15:10:37Z</time><extensions><speed>1.191174</speed><course>113.106156</course><hAcc>0.906435</hAcc><vAcc>0.737450</vAcc></extensions></trkpt>
      <trkpt lon="-77.040303" lat="38.898927"><ele>19.339754</ele><time>2026-04-04T15:10:38Z</time><extensions><speed>1.190650</speed><course>113.055967</course><hAcc>0.894456</hAcc><vAcc>0.737809</vAcc></extensions></trkpt>
      <trkpt lon="-77.040290" lat="38.898923"><ele>19.323891</ele><time>2026-04-04T15:10:39Z</time><extensions><speed>1.190121</speed><course>112.986241</course><hAcc>0.886735</hAcc><vAcc>0.738133</vAcc></extensions></trkpt>
      <trkpt lon="-77.040278" lat="38.898918"><ele>19.305655</ele><time>2026-04-04T15:10:40Z</time><extensions><speed>1.189255</speed><course>112.906386</course><hAcc>0.882293</hAcc><vAcc>0.738426</vAcc></extensions></trkpt>
      <trkpt lon="-77.040265" lat="38.898914"><ele>19.285552</ele><time>2026-04-04T15:10:41Z</time><extensions><speed>1.188034</speed><course>112.817932</course><hAcc>0.880280</hAcc><vAcc>0.738687</vAcc></extensions></trkpt>
      <trkpt lon="-77.040252" lat="38.898910"><ele>19.264255</ele><time>2026-04-04T15:10:42Z</time><extensions><speed>1.186719</speed><course>112.724343</course><hAcc>0.879991</hAcc><vAcc>0.738911</vAcc></extensions></trkpt>
      <trkpt lon="-77.040240" lat="38.898906"><ele>19.242598</ele><time>2026-04-04T15:10:43Z</time><extensions><speed>1.185105</speed><course>112.626306</course><hAcc>0.880873</hAcc><vAcc>0.739094</vAcc></extensions></trkpt>
      <trkpt lon="-77.040227" lat="38.898902"><ele>19.221429</ele><time>2026-04-04T15:10:44Z</time><extensions><speed>1.183574</speed><course>112.524240</course><hAcc>0.882528</hAcc><vAcc>0.739235</vAcc></extensions></trkpt>
      <trkpt lon="-77.040215" lat="38.898898"><ele>19.201595</ele><time>2026-04-04T15:10:45Z</time><extensions><speed>1.182083</speed><course>112.418830</course><hAcc>0.884707</hAcc><vAcc>0.739334</vAcc></extensions></trkpt>
      <trkpt lon="-77.040202" lat="38.898894"><ele>19.183982</ele><time>2026-04-04T15:10:46Z</time><extensions><speed>1.180632</speed><course>112.310708</course><hAcc>0.887300</hAcc><vAcc>0.739394</vAcc></extensions></trkpt>
      <trkpt lon="-77.040189" lat="38.898890"><ele>19.169393</ele><time>2026-04-04T15:10:47Z</time><extensions><speed>1.179146</speed><course>112.209445</course><hAcc>0.890341</hAcc><vAcc>0.739417</vAcc></extensions></trkpt>
      <trkpt lon="-77.040177" lat="38.898886"><ele>19.158465</ele><time>2026-04-04T15:10:48Z</time><extensions><speed>1.177089</speed><course>112.110477</course><hAcc>0.894007</hAcc><vAcc>0.739412</vAcc></extensions></trkpt>
      <trkpt lon="-77.040164" lat="38.898882"><ele>19.151638</ele><time>2026-04-04T15:10:49Z</time><extensions><speed>1.175272</speed><course>112.004925</course><hAcc>0.898586</hAcc><vAcc>0.739385</vAcc></extensions></trkpt>
      <trkpt lon="-77.040152" lat="38.898878"><ele>19.149539</ele><time>2026-04-04T15:10:50Z</time><extensions><speed>1.174471</speed><course>111.896045</course><hAcc>0.904566</hAcc><vAcc>0.739346</vAcc></extensions></trkpt>
      <trkpt lon="-77.040139" lat="38.898874"><ele>19.152787</ele><time>2026-04-04T15:10:51Z</time><extensions><speed>1.173931</speed><course>111.775144</course><hAcc>0.912531</hAcc><vAcc>0.739305</vAcc></extensions></trkpt>
      <trkpt lon="-77.040126" lat="38.898870"><ele>19.162042</ele><time>2026-04-04T15:10:52Z</time><extensions><speed>1.173863</speed><course>111.652726</course><hAcc>0.923203</hAcc><vAcc>0.739270</vAcc></extensions></trkpt>
      <trkpt lon="-77.040114" lat="38.898866"><ele>19.177841</ele><time>2026-04-04T15:10:53Z</time><extensions><speed>1.173662</speed><course>111.534248</course><hAcc>0.937437</hAcc><vAcc>0.739248</vAcc></extensions></trkpt>
      <trkpt lon="-77.040101" lat="38.898863"><ele>19.200512</ele><time>2026-04-04T15:10:54Z</time><extensions><speed>1.173327</speed><course>111.435090</course><hAcc>0.956184</hAcc><vAcc>0.739236</vAcc></extensions></trkpt>
      <trkpt lon="-77.040089" lat="38.898859"><ele>19.230129</ele><time>2026-04-04T15:10:55Z</time><extensions><speed>1.172674</speed><course>111.352081</course><hAcc>0.980457</hAcc><vAcc>0.739218</vAcc></extensions></trkpt>
      <trkpt lon="-77.040076" lat="38.898855"><ele>19.266455</ele><time>2026-04-04T15:10:56Z</time><extensions><speed>1.172069</speed><course>111.277886</course><hAcc>1.011289</hAcc><vAcc>0.739154</vAcc></extensions></trkpt>
      <trkpt lon="-77.040064" lat="38.898851"><ele>19.308981</ele><time>2026-04-04T15:10:57Z</time><extensions><speed>1.171511</speed><course>111.202747</course><hAcc>1.049678</hAcc><vAcc>0.738970</vAcc></extensions></trkpt>
      <trkpt lon="-77.040051" lat="38.898847"><ele>19.356911</ele><time>2026-04-04T15:10:58Z</time><extensions><speed>1.171369</speed><course>111.144707</course><hAcc>1.096538</hAcc><vAcc>0.738539</vAcc></extensions></trkpt>
      <trkpt lon="-77.040038" lat="38.898844"><ele>19.409224</ele><time>2026-04-04T15:10:59Z</time><extensions><speed>1.171541</speed><course>111.105814</course><hAcc>1.152651</hAcc><vAcc>0.737666</vAcc></extensions></trkpt>
      <trkpt lon="-77.040026" lat="38.898840"><ele>19.464776</ele><time>2026-04-04T15:11:00Z</time><extensions><speed>1.171604</speed><course>111.086017</course><hAcc>1.218639</hAcc><vAcc>0.736063</vAcc></extensions></trkpt>
      <trkpt lon="-77.040015" lat="38.898837"><ele>19.514420</ele><time>2026-04-04T15:11:00Z</time><extensions><speed>1.093277</speed><course>109.988061</course><hAcc>1.219306</hAcc><vAcc>0.735038</vAcc></extensions></trkpt>
      <trkpt lon="-77.040014" lat="38.898836"><ele>19.522404</ele><time>2026-04-04T15:11:01Z</time><extensions><speed>1.093144</speed><course>109.991114</course><hAcc>1.209547</hAcc><vAcc>0.735178</vAcc></extensions></trkpt>
      <trkpt lon="-77.040002" lat="38.898833"><ele>19.580601</ele><time>2026-04-04T15:11:02Z</time><extensions><speed>1.092414</speed><course>110.014720</course><hAcc>1.146207</hAcc><vAcc>0.737007</vAcc></extensions></trkpt>
      <trkpt lon="-77.039990" lat="38.898830"><ele>19.638456</ele><time>2026-04-04T15:11:03Z</time><extensions><speed>1.091536</speed><course>110.055130</course><hAcc>1.093058</hAcc><vAcc>0.737980</vAcc></extensions></trkpt>
      <trkpt lon="-77.039978" lat="38.898826"><ele>19.694329</ele><time>2026-04-04T15:11:04Z</time><extensions><speed>1.090853</speed><course>110.113562</course><hAcc>1.049513</hAcc><vAcc>0.738459</vAcc></extensions></trkpt>
      <trkpt lon="-77.039966" lat="38.898823"><ele>19.746627</ele><time>2026-04-04T15:11:05Z</time><extensions><speed>1.090451</speed><course>110.189119</course><hAcc>1.014812</hAcc><vAcc>0.738681</vAcc></extensions></trkpt>
      <trkpt lon="-77.039955" lat="38.898819"><ele>19.794039</ele><time>2026-04-04T15:11:06Z</time><extensions><speed>1.090324</speed><course>110.276076</course><hAcc>0.988049</hAcc><vAcc>0.738796</vAcc></extensions></trkpt>
      <trkpt lon="-77.039943" lat="38.898816"><ele>19.835614</ele><time>2026-04-04T15:11:07Z</time><extensions><speed>1.090363</speed><course>110.379202</course><hAcc>0.968228</hAcc><vAcc>0.738891</vAcc></extensions></trkpt>
      <trkpt lon="-77.039931" lat="38.898813"><ele>19.870548</ele><time>2026-04-04T15:11:08Z</time><extensions><speed>1.090126</speed><course>110.496142</course><hAcc>0.954313</hAcc><vAcc>0.739013</vAcc></extensions></trkpt>
      <trkpt lon="-77.039919" lat="38.898809"><ele>19.898297</ele><time>2026-04-04T15:11:09Z</time><extensions><speed>1.089954</speed><course>110.625568</course><hAcc>0.945282</hAcc><vAcc>0.739188</vAcc></extensions></trkpt>
      <trkpt lon="-77.039908" lat="38.898806"><ele>19.918513</ele><time>2026-04-04T15:11:10Z</time><extensions><speed>1.090036</speed><course>110.766316</course><hAcc>0.940168</hAcc><vAcc>0.739428</vAcc></extensions></trkpt>
      <trkpt lon="-77.039896" lat="38.898802"><ele>19.930924</ele><time>2026-04-04T15:11:11Z</time><extensions><speed>1.090482</speed><course>110.917296</course><hAcc>0.938103</hAcc><vAcc>0.739746</vAcc></extensions></trkpt>
      <trkpt lon="-77.039884" lat="38.898799"><ele>19.935795</ele><time>2026-04-04T15:11:12Z</time><extensions><speed>1.091090</speed><course>111.076447</course><hAcc>0.938305</hAcc><vAcc>0.740152</vAcc></extensions></trkpt>
      <trkpt lon="-77.039872" lat="38.898795"><ele>19.933204</ele><time>2026-04-04T15:11:13Z</time><extensions><speed>1.091354</speed><course>111.241132</course><hAcc>0.940131</hAcc><vAcc>0.740664</vAcc></extensions></trkpt>
      <trkpt lon="-77.039861" lat="38.898792"><ele>19.923443</ele><time>2026-04-04T15:11:14Z</time><extensions><speed>1.091168</speed><course>111.410514</course><hAcc>0.943045</hAcc><vAcc>0.741306</vAcc></extensions></trkpt>
      <trkpt lon="-77.039849" lat="38.898788"><ele>19.906943</ele><time>2026-04-04T15:11:15Z</time><extensions><speed>1.091072</speed><course>111.585470</course><hAcc>0.946621</hAcc><vAcc>0.742108</vAcc></extensions></trkpt>
      <trkpt lon="-77.039837" lat="38.898784"><ele>19.884269</ele><time>2026-04-04T15:11:16Z</time><extensions><speed>1.091232</speed><course>111.765118</course><hAcc>0.950528</hAcc><vAcc>0.743102</vAcc></extensions></trkpt>
      <trkpt lon="-77.039826" lat="38.898781"><ele>19.856056</ele><time>2026-04-04T15:11:17Z</time><extensions><speed>1.091785</speed><course>111.948744</course><hAcc>0.954512</hAcc><vAcc>0.744324</vAcc></extensions></trkpt>
      <trkpt lon="-77.039814" lat="38.898777"><ele>19.822964</ele><time>2026-04-04T15:11:18Z</time><extensions><speed>1.092667</speed><course>112.135582</course><hAcc>0.958383</hAcc><vAcc>0.745806</vAcc></extensions></trkpt>
      <trkpt lon="-77.039802" lat="38.898773"><ele>19.785647</ele><time>2026-04-04T15:11:19Z</time><extensions><speed>1.093619</speed><course>112.324903</course><hAcc>0.962005</hAcc><vAcc>0.747574</vAcc></extensions></trkpt>
      <trkpt lon="-77.039791" lat="38.898769"><ele>19.744790</ele><time>2026-04-04T15:11:20Z</time><extensions><speed>1.094455</speed><course>112.516044</course><hAcc>0.965285</hAcc><vAcc>0.749645</vAcc></extensions></trkpt>
      <trkpt lon="-77.039779" lat="38.898766"><ele>19.701027</ele><time>2026-04-04T15:11:21Z</time><extensions><speed>1.095289</speed><course>112.708035</course><hAcc>0.968160</hAcc><vAcc>0.752028</vAcc></extensions></trkpt>
      <trkpt lon="-77.039767" lat="38.898762"><ele>19.654752</ele><time>2026-04-04T15:11:22Z</time><extensions><speed>1.096390</speed><course>112.899680</course><hAcc>0.970597</hAcc><vAcc>0.754719</vAcc></extensions></trkpt>
      <trkpt lon="-77.039756" lat="38.898758"><ele>19.606140</ele><time>2026-04-04T15:11:23Z</time><extensions><speed>1.097884</speed><course>113.089669</course><hAcc>0.972581</hAcc><vAcc>0.757708</vAcc></extensions></trkpt>
      <trkpt lon="-77.039744" lat="38.898754"><ele>19.555224</ele><time>2026-04-04T15:11:24Z</time><extensions><speed>1.099735</speed><course>113.276899</course><hAcc>0.974115</hAcc><vAcc>0.760976</vAcc></extensions></trkpt>
      <trkpt lon="-77.039732" lat="38.898750"><ele>19.502064</ele><time>2026-04-04T15:11:25Z</time><extensions><speed>1.101561</speed><course>113.460909</course><hAcc>0.975215</hAcc><vAcc>0.764501</vAcc></extensions></trkpt>
      <trkpt lon="-77.039721" lat="38.898746"><ele>19.446942</ele><time>2026-04-04T15:11:26Z</time><extensions><speed>1.103246</speed><course>113.640647</course><hAcc>0.975911</hAcc><vAcc>0.768253</vAcc></extensions></trkpt>
      <trkpt lon="-77.039709" lat="38.898742"><ele>19.390444</ele><time>2026-04-04T15:11:27Z</time><extensions><speed>1.105016</speed><course>113.814374</course><hAcc>0.976244</hAcc><vAcc>0.772195</vAcc></extensions></trkpt>
      <trkpt lon="-77.039697" lat="38.898738"><ele>19.333254</ele><time>2026-04-04T15:11:28Z</time><extensions><speed>1.107094</speed><course>113.980099</course><hAcc>0.976267</hAcc><vAcc>0.776279</vAcc></extensions></trkpt>
      <trkpt lon="-77.039686" lat="38.898734"><ele>19.275956</ele><time>2026-04-04T15:11:29Z</time><extensions><speed>1.109704</speed><course>114.136789</course><hAcc>0.976048</hAcc><vAcc>0.780456</vAcc></extensions></trkpt>
      <trkpt lon="-77.039674" lat="38.898730"><ele>19.218948</ele><time>2026-04-04T15:11:30Z</time><extensions><speed>1.112529</speed><course>114.285495</course><hAcc>0.975674</hAcc><vAcc>0.784674</vAcc></extensions></trkpt>
      <trkpt lon="-77.039662" lat="38.898726"><ele>19.162382</ele><time>2026-04-04T15:11:31Z</time><extensions><speed>1.115147</speed><course>114.428220</course><hAcc>0.975255</hAcc><vAcc>0.788892</vAcc></extensions></trkpt>
      <trkpt lon="-77.039651" lat="38.898722"><ele>19.106205</ele><time>2026-04-04T15:11:32Z</time><extensions><speed>1.117698</speed><course>114.565827</course><hAcc>0.974925</hAcc><vAcc>0.793076</vAcc></extensions></trkpt>
      <trkpt lon="-77.039639" lat="38.898717"><ele>19.050320</ele><time>2026-04-04T15:11:33Z</time><extensions><speed>1.120125</speed><course>114.699609</course><hAcc>0.974857</hAcc><vAcc>0.797206</vAcc></extensions></trkpt>
      <trkpt lon="-77.039627" lat="38.898713"><ele>18.994819</ele><time>2026-04-04T15:11:34Z</time><extensions><speed>1.122553</speed><course>114.829759</course><hAcc>0.975262</hAcc><vAcc>0.801280</vAcc></extensions></trkpt>
      <trkpt lon="-77.039615" lat="38.898709"><ele>18.940099</ele><time>2026-04-04T15:11:35Z</time><extensions><speed>1.125181</speed><course>114.956185</course><hAcc>0.976401</hAcc><vAcc>0.805304</vAcc></extensions></trkpt>
      <trkpt lon="-77.039604" lat="38.898705"><ele>18.886906</ele><time>2026-04-04T15:11:36Z</time><extensions><speed>1.128013</speed><course>115.079260</course><hAcc>0.978591</hAcc><vAcc>0.809288</vAcc></extensions></trkpt>
      <trkpt lon="-77.039592" lat="38.898700"><ele>18.836461</ele><time>2026-04-04T15:11:37Z</time><extensions><speed>1.130924</speed><course>115.199326</course><hAcc>0.982210</hAcc><vAcc>0.813234</vAcc></extensions></trkpt>
      <trkpt lon="-77.039580" lat="38.898696"><ele>18.790433</ele><time>2026-04-04T15:11:38Z</time><extensions><speed>1.133131</speed><course>115.314543</course><hAcc>0.987706</hAcc><vAcc>0.817143</vAcc></extensions></trkpt>
      <trkpt lon="-77.039568" lat="38.898692"><ele>18.750813</ele><time>2026-04-04T15:11:39Z</time><extensions><speed>1.134991</speed><course>115.428136</course><hAcc>0.995597</hAcc><vAcc>0.821013</vAcc></extensions></trkpt>
      <trkpt lon="-77.039556" lat="38.898687"><ele>18.719658</ele><time>2026-04-04T15:11:40Z</time><extensions><speed>1.137165</speed><course>115.534927</course><hAcc>1.006487</hAcc><vAcc>0.824845</vAcc></extensions></trkpt>
      <trkpt lon="-77.039545" lat="38.898683"><ele>18.698820</ele><time>2026-04-04T15:11:41Z</time><extensions><speed>1.139269</speed><course>115.625075</course><hAcc>1.021048</hAcc><vAcc>0.828648</vAcc></extensions></trkpt>
      <trkpt lon="-77.039533" lat="38.898678"><ele>18.689739</ele><time>2026-04-04T15:11:42Z</time><extensions><speed>1.141161</speed><course>115.699187</course><hAcc>1.039997</hAcc><vAcc>0.832437</vAcc></extensions></trkpt>
      <trkpt lon="-77.039521" lat="38.898674"><ele>18.693300</ele><time>2026-04-04T15:11:43Z</time><extensions><speed>1.142734</speed><course>115.758537</course><hAcc>1.064081</hAcc><vAcc>0.836233</vAcc></extensions></trkpt>
      <trkpt lon="-77.039509" lat="38.898669"><ele>18.709916</ele><time>2026-04-04T15:11:44Z</time><extensions><speed>1.144285</speed><course>115.806080</course><hAcc>1.094052</hAcc><vAcc>0.840057</vAcc></extensions></trkpt>
      <trkpt lon="-77.039497" lat="38.898665"><ele>18.739673</ele><time>2026-04-04T15:11:45Z</time><extensions><speed>1.145735</speed><course>115.841715</course><hAcc>1.130639</hAcc><vAcc>0.843928</vAcc></extensions></trkpt>
      <trkpt lon="-77.039485" lat="38.898660"><ele>18.782468</ele><time>2026-04-04T15:11:46Z</time><extensions><speed>1.147015</speed><course>115.864971</course><hAcc>1.174514</hAcc><vAcc>0.847853</vAcc></extensions></trkpt>
      <trkpt lon="-77.039473" lat="38.898656"><ele>18.837976</ele><time>2026-04-04T15:11:47Z</time><extensions><speed>1.148024</speed><course>115.876323</course><hAcc>1.226276</hAcc><vAcc>0.851829</vAcc></extensions></trkpt>
      <trkpt lon="-77.039461" lat="38.898651"><ele>18.905590</ele><time>2026-04-04T15:11:48Z</time><extensions><speed>1.148784</speed><course>115.877959</course><hAcc>1.286422</hAcc><vAcc>0.855845</vAcc></extensions></trkpt>
      <trkpt lon="-77.039450" lat="38.898647"><ele>18.984416</ele><time>2026-04-04T15:11:49Z</time><extensions><speed>1.149258</speed><course>115.871184</course><hAcc>1.355333</hAcc><vAcc>0.859885</vAcc></extensions></trkpt>
      <trkpt lon="-77.039438" lat="38.898642"><ele>19.073373</ele><time>2026-04-04T15:11:50Z</time><extensions><speed>1.149446</speed><course>115.866840</course><hAcc>1.433274</hAcc><vAcc>0.863924</vAcc></extensions></trkpt>
      <trkpt lon="-77.039425" lat="38.898638"><ele>19.171271</ele><time>2026-04-04T15:11:51Z</time><extensions><speed>1.214445</speed><course>114.061951</course><hAcc>1.438434</hAcc><vAcc>0.867938</vAcc></extensions></trkpt>
      <trkpt lon="-77.039412" lat="38.898633"><ele>19.276933</ele><time>2026-04-04T15:11:52Z</time><extensions><speed>1.228452</speed><course>113.226026</course><hAcc>1.487292</hAcc><vAcc>0.871898</vAcc></extensions></trkpt>
      <trkpt lon="-77.039399" lat="38.898629"><ele>19.389155</ele><time>2026-04-04T15:11:53Z</time><extensions><speed>1.217566</speed><course>112.457144</course><hAcc>1.556695</hAcc><vAcc>0.875773</vAcc></extensions></trkpt>
      <trkpt lon="-77.039387" lat="38.898625"><ele>19.506713</ele><time>2026-04-04T15:11:54Z</time><extensions><speed>1.159635</speed><course>110.915419</course><hAcc>1.611122</hAcc><vAcc>0.879534</vAcc></extensions></trkpt>
      <trkpt lon="-77.039374" lat="38.898622"><ele>19.628437</ele><time>2026-04-04T15:11:55Z</time><extensions><speed>1.154105</speed><course>106.962638</course><hAcc>1.644743</hAcc><vAcc>0.883148</vAcc></extensions></trkpt>
      <trkpt lon="-77.039362" lat="38.898620"><ele>19.753290</ele><time>2026-04-04T15:11:56Z</time><extensions><speed>0.974409</speed><course>93.280895</course><hAcc>1.665159</hAcc><vAcc>0.886567</vAcc></extensions></trkpt>
      <trkpt lon="-77.039352" lat="38.898620"><ele>19.880349</ele><time>2026-04-04T15:11:57Z</time><extensions><speed>0.845811</speed><course>82.628537</course><hAcc>1.677650</hAcc><vAcc>0.889720</vAcc></extensions></trkpt>
      <trkpt lon="-77.039343" lat="38.898622"><ele>20.008766</ele><time>2026-04-04T15:11:58Z</time><extensions><speed>0.643278</speed><course>69.220426</course><hAcc>1.685824</hAcc><vAcc>0.892488</vAcc></extensions></trkpt>
      <trkpt lon="-77.039337" lat="38.898624"><ele>20.137731</ele><time>2026-04-04T15:11:59Z</time><extensions><speed>0.657522</speed><course>57.175153</course><hAcc>1.687157</hAcc><vAcc>0.894684</vAcc></extensions></trkpt>
      <trkpt lon="-77.039331" lat="38.898628"><ele>20.266396</ele><time>2026-04-04T15:12:00Z</time><extensions><speed>0.684095</speed><course>45.959540</course><hAcc>1.699946</hAcc><vAcc>0.896028</vAcc></extensions></trkpt>
      <trkpt lon="-77.039326" lat="38.898632"><ele>20.373333</ele><time>2026-04-04T15:12:00Z</time><extensions><speed>0.690843</speed><course>33.514029</course><hAcc>1.710181</hAcc><vAcc>0.897552</vAcc></extensions></trkpt>
      <trkpt lon="-77.039326" lat="38.898633"><ele>20.394082</ele><time>2026-04-04T15:12:01Z</time><extensions><speed>0.688880</speed><course>32.776806</course><hAcc>1.711246</hAcc><vAcc>0.898250</vAcc></extensions></trkpt>
      <trkpt lon="-77.039323" lat="38.898640"><ele>20.520530</ele><time>2026-04-04T15:12:02Z</time><extensions><speed>0.940361</speed><course>4.237651</course><hAcc>1.697986</hAcc><vAcc>0.903349</vAcc></extensions></trkpt>
      <trkpt lon="-77.039323" lat="38.898650"><ele>20.645002</ele><time>2026-04-04T15:12:03Z</time><extensions><speed>1.293821</speed><course>358.782938</course><hAcc>1.680224</hAcc><vAcc>0.907449</vAcc></extensions></trkpt>
      <trkpt lon="-77.039323" lat="38.898662"><ele>20.766617</ele><time>2026-04-04T15:12:04Z</time><extensions><speed>1.488411</speed><course>358.646104</course><hAcc>1.708501</hAcc><vAcc>0.910899</vAcc></extensions></trkpt>
      <trkpt lon="-77.039324" lat="38.898675"><ele>20.884512</ele><time>2026-04-04T15:12:05Z</time><extensions><speed>1.409948</speed><course>358.793799</course><hAcc>1.724353</hAcc><vAcc>0.913941</vAcc></extensions></trkpt>
      <trkpt lon="-77.039324" lat="38.898688"><ele>20.997860</ele><time>2026-04-04T15:12:06Z</time><extensions><speed>1.292803</speed><course>359.024312</course><hAcc>1.723498</hAcc><vAcc>0.916736</vAcc></extensions></trkpt>
      <trkpt lon="-77.039324" lat="38.898699"><ele>21.105898</ele><time>2026-04-04T15:12:07Z</time><extensions><speed>1.235031</speed><course>359.373831</course><hAcc>1.716902</hAcc><vAcc>0.919379</vAcc></extensions></trkpt>
      <trkpt lon="-77.039324" lat="38.898710"><ele>21.207941</ele><time>2026-04-04T15:12:08Z</time><extensions><speed>1.242183</speed><course>359.744166</course><hAcc>1.710391</hAcc><vAcc>0.921920</vAcc></extensions></trkpt>
      <trkpt lon="-77.039324" lat="38.898722"><ele>21.303373</ele><time>2026-04-04T15:12:09Z</time><extensions><speed>1.322414</speed><course>359.971471</course><hAcc>1.706126</hAcc><vAcc>0.924371</vAcc></extensions></trkpt>
      <trkpt lon="-77.039324" lat="38.898734"><ele>21.391632</ele><time>2026-04-04T15:12:10Z</time><extensions><speed>1.379900</speed><course>0.219289</course><hAcc>1.709631</hAcc><vAcc>0.926721</vAcc></extensions></trkpt>
      <trkpt lon="-77.039324" lat="38.898746"><ele>21.472206</ele><time>2026-04-04T15:12:11Z</time><extensions><speed>1.322546</speed><course>0.444024</course><hAcc>1.721048</hAcc><vAcc>0.928951</vAcc></extensions></trkpt>
      <trkpt lon="-77.039324" lat="38.898757"><ele>21.544805</ele><time>2026-04-04T15:12:12Z</time><extensions><speed>1.130951</speed><course>0.409108</course><hAcc>1.704770</hAcc><vAcc>0.931047</vAcc></extensions></trkpt>
      <trkpt lon="-77.039324" lat="38.898767"><ele>21.609262</ele><time>2026-04-04T15:12:13Z</time><extensions><speed>1.081600</speed><course>0.493206</course><hAcc>1.696564</hAcc><vAcc>0.933010</vAcc></extensions></trkpt>
      <trkpt lon="-77.039324" lat="38.898777"><ele>21.665644</ele><time>2026-04-04T15:12:14Z</time><extensions><speed>1.220959</speed><course>0.655606</course><hAcc>1.694707</hAcc><vAcc>0.934865</vAcc></extensions></trkpt>
      <trkpt lon="-77.039324" lat="38.898789"><ele>21.714210</ele><time>2026-04-04T15:12:15Z</time><extensions><speed>1.394986</speed><course>0.801389</course><hAcc>1.693625</hAcc><vAcc>0.936653</vAcc></extensions></trkpt>
      <trkpt lon="-77.039323" lat="38.898802"><ele>21.755361</ele><time>2026-04-04T15:12:16Z</time><extensions><speed>1.513155</speed><course>0.956823</course><hAcc>1.699777</hAcc><vAcc>0.938415</vAcc></extensions></trkpt>
      <trkpt lon="-77.039323" lat="38.898816"><ele>21.789564</ele><time>2026-04-04T15:12:17Z</time><extensions><speed>1.442036</speed><course>1.238186</course><hAcc>1.713715</hAcc><vAcc>0.940184</vAcc></extensions></trkpt>
      <trkpt lon="-77.039323" lat="38.898829"><ele>21.817282</ele><time>2026-04-04T15:12:18Z</time><extensions><speed>1.440566</speed><course>1.314648</course><hAcc>1.691871</hAcc><vAcc>0.941967</vAcc></extensions></trkpt>
      <trkpt lon="-77.039322" lat="38.898841"><ele>21.838975</ele><time>2026-04-04T15:12:19Z</time><extensions><speed>1.326265</speed><course>1.345176</course><hAcc>1.671273</hAcc><vAcc>0.943761</vAcc></extensions></trkpt>
      <trkpt lon="-77.039322" lat="38.898853"><ele>21.855089</ele><time>2026-04-04T15:12:20Z</time><extensions><speed>1.270429</speed><course>1.353614</course><hAcc>1.652298</hAcc><vAcc>0.945551</vAcc></extensions></trkpt>
      <trkpt lon="-77.039322" lat="38.898864"><ele>21.866037</ele><time>2026-04-04T15:12:21Z</time><extensions><speed>1.278305</speed><course>1.322956</course><hAcc>1.633533</hAcc><vAcc>0.947315</vAcc></extensions></trkpt>
      <trkpt lon="-77.039321" lat="38.898876"><ele>21.872183</ele><time>2026-04-04T15:12:22Z</time><extensions><speed>1.313348</speed><course>1.198629</course><hAcc>1.629204</hAcc><vAcc>0.949029</vAcc></extensions></trkpt>
      <trkpt lon="-77.039321" lat="38.898888"><ele>21.873837</ele><time>2026-04-04T15:12:23Z</time><extensions><speed>1.348079</speed><course>0.827173</course><hAcc>1.603339</hAcc><vAcc>0.950677</vAcc></extensions></trkpt>
      <trkpt lon="-77.039321" lat="38.898900"><ele>21.866436</ele><time>2026-04-04T15:12:24Z</time><extensions><speed>1.347959</speed><course>0.806075</course><hAcc>1.472528</hAcc><vAcc>0.939868</vAcc></extensions></trkpt>
      <trkpt lon="-77.039321" lat="38.898912"><ele>21.857297</ele><time>2026-04-04T15:12:25Z</time><extensions><speed>1.344941</speed><course>0.787256</course><hAcc>1.391640</hAcc><vAcc>0.939836</vAcc></extensions></trkpt>
      <trkpt lon="-77.039320" lat="38.898924"><ele>21.843752</ele><time>2026-04-04T15:12:26Z</time><extensions><speed>1.339722</speed><course>0.761037</course><hAcc>1.337535</hAcc><vAcc>0.939451</vAcc></extensions></trkpt>
      <trkpt lon="-77.039320" lat="38.898936"><ele>21.825969</ele><time>2026-04-04T15:12:27Z</time><extensions><speed>1.330530</speed><course>0.724390</course><hAcc>1.302989</hAcc><vAcc>0.938657</vAcc></extensions></trkpt>
      <trkpt lon="-77.039320" lat="38.898948"><ele>21.804089</ele><time>2026-04-04T15:12:28Z</time><extensions><speed>1.320787</speed><course>0.677371</course><hAcc>1.281775</hAcc><vAcc>0.937415</vAcc></extensions></trkpt>
      <trkpt lon="-77.039320" lat="38.898960"><ele>21.778308</ele><time>2026-04-04T15:12:29Z</time><extensions><speed>1.310659</speed><course>0.642468</course><hAcc>1.269378</hAcc><vAcc>0.935711</vAcc></extensions></trkpt>
      <trkpt lon="-77.039320" lat="38.898972"><ele>21.748958</ele><time>2026-04-04T15:12:30Z</time><extensions><speed>1.300935</speed><course>0.612935</course><hAcc>1.262528</hAcc><vAcc>0.933549</vAcc></extensions></trkpt>
      <trkpt lon="-77.039320" lat="38.898984"><ele>21.716332</ele><time>2026-04-04T15:12:31Z</time><extensions><speed>1.292903</speed><course>0.588814</course><hAcc>1.258883</hAcc><vAcc>0.930952</vAcc></extensions></trkpt>
      <trkpt lon="-77.039319" lat="38.898995"><ele>21.680724</ele><time>2026-04-04T15:12:32Z</time><extensions><speed>1.285654</speed><course>0.569360</course><hAcc>1.257061</hAcc><vAcc>0.927964</vAcc></extensions></trkpt>
      <trkpt lon="-77.039319" lat="38.899007"><ele>21.642529</ele><time>2026-04-04T15:12:33Z</time><extensions><speed>1.280420</speed><course>0.554387</course><hAcc>1.256279</hAcc><vAcc>0.924655</vAcc></extensions></trkpt>
      <trkpt lon="-77.039319" lat="38.899018"><ele>21.602095</ele><time>2026-04-04T15:12:34Z</time><extensions><speed>1.278392</speed><course>0.543373</course><hAcc>1.256166</hAcc><vAcc>0.921135</vAcc></extensions></trkpt>
      <trkpt lon="-77.039319" lat="38.899030"><ele>21.559922</ele><time>2026-04-04T15:12:35Z</time><extensions><speed>1.278853</speed><course>0.536006</course><hAcc>1.256611</hAcc><vAcc>0.917556</vAcc></extensions></trkpt>
      <trkpt lon="-77.039319" lat="38.899041"><ele>21.516575</ele><time>2026-04-04T15:12:36Z</time><extensions><speed>1.280228</speed><course>0.531934</course><hAcc>1.257677</hAcc><vAcc>0.914127</vAcc></extensions></trkpt>
      <trkpt lon="-77.039319" lat="38.899053"><ele>21.472611</ele><time>2026-04-04T15:12:37Z</time><extensions><speed>1.281924</speed><course>0.530769</course><hAcc>1.259568</hAcc><vAcc>0.911127</vAcc></extensions></trkpt>
      <trkpt lon="-77.039319" lat="38.899065"><ele>21.428500</ele><time>2026-04-04T15:12:38Z</time><extensions><speed>1.283802</speed><course>0.532166</course><hAcc>1.262609</hAcc><vAcc>0.908925</vAcc></extensions></trkpt>
      <trkpt lon="-77.039318" lat="38.899076"><ele>21.384497</ele><time>2026-04-04T15:12:39Z</time><extensions><speed>1.281410</speed><course>0.534871</course><hAcc>1.267229</hAcc><vAcc>0.908011</vAcc></extensions></trkpt>
      <trkpt lon="-77.039318" lat="38.899088"><ele>21.340863</ele><time>2026-04-04T15:12:40Z</time><extensions><speed>1.277012</speed><course>0.538550</course><hAcc>1.274134</hAcc><vAcc>0.909028</vAcc></extensions></trkpt>
      <trkpt lon="-77.039318" lat="38.899099"><ele>21.297688</ele><time>2026-04-04T15:12:41Z</time><extensions><speed>1.271191</speed><course>0.543485</course><hAcc>1.284711</hAcc><vAcc>0.912819</vAcc></extensions></trkpt>
      <trkpt lon="-77.039318" lat="38.899110"><ele>21.254951</ele><time>2026-04-04T15:12:42Z</time><extensions><speed>1.267714</speed><course>0.549578</course><hAcc>1.300666</hAcc><vAcc>0.920456</vAcc></extensions></trkpt>
      <trkpt lon="-77.039318" lat="38.899122"><ele>21.212633</ele><time>2026-04-04T15:12:43Z</time><extensions><speed>1.266891</speed><course>0.556796</course><hAcc>1.323978</hAcc><vAcc>0.933256</vAcc></extensions></trkpt>
      <trkpt lon="-77.039318" lat="38.899145"><ele>21.130977</ele><time>2026-04-04T15:12:45Z</time><extensions><speed>1.269998</speed><course>0.585246</course><hAcc>1.351572</hAcc><vAcc>0.943564</vAcc></extensions></trkpt>
      <trkpt lon="-77.039317" lat="38.899156"><ele>21.091887</ele><time>2026-04-04T15:12:46Z</time><extensions><speed>1.270662</speed><course>0.594135</course><hAcc>1.358362</hAcc><vAcc>0.942994</vAcc></extensions></trkpt>
      <trkpt lon="-77.039317" lat="38.899168"><ele>21.053616</ele><time>2026-04-04T15:12:47Z</time><extensions><speed>1.269309</speed><course>0.603577</course><hAcc>1.375717</hAcc><vAcc>0.950476</vAcc></extensions></trkpt>
      <trkpt lon="-77.039317" lat="38.899179"><ele>21.016064</ele><time>2026-04-04T15:12:48Z</time><extensions><speed>1.261879</speed><course>0.613686</course><hAcc>1.402268</hAcc><vAcc>0.965490</vAcc></extensions></trkpt>
      <trkpt lon="-77.039317" lat="38.899190"><ele>20.979095</ele><time>2026-04-04T15:12:49Z</time><extensions><speed>1.251739</speed><course>0.623832</course><hAcc>1.436905</hAcc><vAcc>0.987531</vAcc></extensions></trkpt>
      <trkpt lon="-77.039317" lat="38.899202"><ele>20.942620</ele><time>2026-04-04T15:12:50Z</time><extensions><speed>1.240675</speed><course>0.634148</course><hAcc>1.478890</hAcc><vAcc>1.015999</vAcc></extensions></trkpt>
      <trkpt lon="-77.039317" lat="38.899213"><ele>20.906554</ele><time>2026-04-04T15:12:51Z</time><extensions><speed>1.230939</speed><course>0.644219</course><hAcc>1.527104</hAcc><vAcc>1.050091</vAcc></extensions></trkpt>
      <trkpt lon="-77.039316" lat="38.899224"><ele>20.870968</ele><time>2026-04-04T15:12:52Z</time><extensions><speed>1.224757</speed><course>0.653522</course><hAcc>1.580115</hAcc><vAcc>1.088707</vAcc></extensions></trkpt>
      <trkpt lon="-77.039316" lat="38.899235"><ele>20.836147</ele><time>2026-04-04T15:12:53Z</time><extensions><speed>1.221879</speed><course>0.661803</course><hAcc>1.636509</hAcc><vAcc>1.130373</vAcc></extensions></trkpt>
      <trkpt lon="-77.039316" lat="38.899246"><ele>20.802244</ele><time>2026-04-04T15:12:54Z</time><extensions><speed>1.218550</speed><course>0.669245</course><hAcc>1.694736</hAcc><vAcc>1.173425</vAcc></extensions></trkpt>
      <trkpt lon="-77.039316" lat="38.899257"><ele>20.770053</ele><time>2026-04-04T15:12:55Z</time><extensions><speed>1.217672</speed><course>0.677560</course><hAcc>1.753150</hAcc><vAcc>1.216392</vAcc></extensions></trkpt>
      <trkpt lon="-77.039316" lat="38.899268"><ele>20.740252</ele><time>2026-04-04T15:12:56Z</time><extensions><speed>1.219914</speed><course>0.686256</course><hAcc>1.810486</hAcc><vAcc>1.258175</vAcc></extensions></trkpt>
      <trkpt lon="-77.039316" lat="38.899279"><ele>20.713237</ele><time>2026-04-04T15:12:57Z</time><extensions><speed>1.224901</speed><course>0.696070</course><hAcc>1.865699</hAcc><vAcc>1.297995</vAcc></extensions></trkpt>
      <trkpt lon="-77.039315" lat="38.899290"><ele>20.689289</ele><time>2026-04-04T15:12:58Z</time><extensions><speed>1.231865</speed><course>0.707718</course><hAcc>1.918056</hAcc><vAcc>1.335335</vAcc></extensions></trkpt>
      <trkpt lon="-77.039315" lat="38.899301"><ele>20.668585</ele><time>2026-04-04T15:12:59Z</time><extensions><speed>1.239253</speed><course>0.720055</course><hAcc>1.967205</hAcc><vAcc>1.369879</vAcc></extensions></trkpt>
      <trkpt lon="-77.039315" lat="38.899312"><ele>20.651325</ele><time>2026-04-04T15:13:00Z</time><extensions><speed>1.245718</speed><course>0.733965</course><hAcc>2.012868</hAcc><vAcc>1.401465</vAcc></extensions></trkpt>
      <trkpt lon="-77.039315" lat="38.899324"><ele>20.637769</ele><time>2026-04-04T15:13:01Z</time><extensions><speed>1.252155</speed><course>0.748779</course><hAcc>2.054946</hAcc><vAcc>1.430051</vAcc></extensions></trkpt>
      <trkpt lon="-77.039315" lat="38.899335"><ele>20.628173</ele><time>2026-04-04T15:13:02Z</time><extensions><speed>1.260979</speed><course>0.763919</course><hAcc>2.093318</hAcc><vAcc>1.455674</vAcc></extensions></trkpt>
      <trkpt lon="-77.039314" lat="38.899346"><ele>20.622844</ele><time>2026-04-04T15:13:03Z</time><extensions><speed>1.268547</speed><course>0.780785</course><hAcc>2.127907</hAcc><vAcc>1.478435</vAcc></extensions></trkpt>
      <trkpt lon="-77.039314" lat="38.899358"><ele>20.620833</ele><time>2026-04-04T15:13:04Z</time><extensions><speed>1.275241</speed><course>0.799914</course><hAcc>2.158791</hAcc><vAcc>1.498484</vAcc></extensions></trkpt>
      <trkpt lon="-77.039314" lat="38.899369"><ele>20.622132</ele><time>2026-04-04T15:13:05Z</time><extensions><speed>1.281110</speed><course>0.820140</course><hAcc>2.186218</hAcc><vAcc>1.516012</vAcc></extensions></trkpt>
      <trkpt lon="-77.039314" lat="38.899381"><ele>20.626762</ele><time>2026-04-04T15:13:06Z</time><extensions><speed>1.285478</speed><course>0.841398</course><hAcc>2.210421</hAcc><vAcc>1.531222</vAcc></extensions></trkpt>
      <trkpt lon="-77.039314" lat="38.899392"><ele>20.634448</ele><time>2026-04-04T15:13:07Z</time><extensions><speed>1.288777</speed><course>0.857657</course><hAcc>2.231639</hAcc><vAcc>1.544323</vAcc></extensions></trkpt>
      <trkpt lon="-77.039313" lat="38.899404"><ele>20.645092</ele><time>2026-04-04T15:13:08Z</time><extensions><speed>1.292479</speed><course>0.874840</course><hAcc>2.250312</hAcc><vAcc>1.555516</vAcc></extensions></trkpt>
      <trkpt lon="-77.039313" lat="38.899416"><ele>20.657620</ele><time>2026-04-04T15:13:09Z</time><extensions><speed>1.298400</speed><course>0.887013</course><hAcc>2.266708</hAcc><vAcc>1.564824</vAcc></extensions></trkpt>
      <trkpt lon="-77.039313" lat="38.899427"><ele>20.673282</ele><time>2026-04-04T15:13:10Z</time><extensions><speed>1.305110</speed><course>0.901936</course><hAcc>2.280952</hAcc><vAcc>1.572693</vAcc></extensions></trkpt>
      <trkpt lon="-77.039313" lat="38.899439"><ele>20.691274</ele><time>2026-04-04T15:13:11Z</time><extensions><speed>1.313980</speed><course>0.918494</course><hAcc>2.293134</hAcc><vAcc>1.579182</vAcc></extensions></trkpt>
      <trkpt lon="-77.039313" lat="38.899451"><ele>20.711217</ele><time>2026-04-04T15:13:12Z</time><extensions><speed>1.321970</speed><course>0.929742</course><hAcc>2.303503</hAcc><vAcc>1.584395</vAcc></extensions></trkpt>
      <trkpt lon="-77.039312" lat="38.899463"><ele>20.732642</ele><time>2026-04-04T15:13:13Z</time><extensions><speed>1.326827</speed><course>0.949106</course><hAcc>2.312219</hAcc><vAcc>1.588433</vAcc></extensions></trkpt>
      <trkpt lon="-77.039312" lat="38.899475"><ele>20.755225</ele><time>2026-04-04T15:13:14Z</time><extensions><speed>1.329669</speed><course>0.962649</course><hAcc>2.319353</hAcc><vAcc>1.591358</vAcc></extensions></trkpt>
      <trkpt lon="-77.039312" lat="38.899487"><ele>20.778917</ele><time>2026-04-04T15:13:15Z</time><extensions><speed>1.331847</speed><course>0.984918</course><hAcc>2.325320</hAcc><vAcc>1.593231</vAcc></extensions></trkpt>
      <trkpt lon="-77.039312" lat="38.899499"><ele>20.803410</ele><time>2026-04-04T15:13:16Z</time><extensions><speed>1.338111</speed><course>1.010333</course><hAcc>2.330314</hAcc><vAcc>1.594102</vAcc></extensions></trkpt>
      <trkpt lon="-77.039311" lat="38.899511"><ele>20.828573</ele><time>2026-04-04T15:13:17Z</time><extensions><speed>1.346431</speed><course>1.034668</course><hAcc>2.334452</hAcc><vAcc>1.594025</vAcc></extensions></trkpt>
      <trkpt lon="-77.039311" lat="38.899523"><ele>20.854217</ele><time>2026-04-04T15:13:18Z</time><extensions><speed>1.351913</speed><course>1.058248</course><hAcc>2.337722</hAcc><vAcc>1.593040</vAcc></extensions></trkpt>
      <trkpt lon="-77.039311" lat="38.899536"><ele>20.880286</ele><time>2026-04-04T15:13:19Z</time><extensions><speed>1.356345</speed><course>1.085761</course><hAcc>2.340072</hAcc><vAcc>1.591195</vAcc></extensions></trkpt>
      <trkpt lon="-77.039310" lat="38.899548"><ele>20.906457</ele><time>2026-04-04T15:13:20Z</time><extensions><speed>1.360460</speed><course>1.111758</course><hAcc>2.341716</hAcc><vAcc>1.588565</vAcc></extensions></trkpt>
      <trkpt lon="-77.039310" lat="38.899560"><ele>20.932663</ele><time>2026-04-04T15:13:21Z</time><extensions><speed>1.367021</speed><course>1.132597</course><hAcc>2.342864</hAcc><vAcc>1.585207</vAcc></extensions></trkpt>
      <trkpt lon="-77.039310" lat="38.899573"><ele>20.958592</ele><time>2026-04-04T15:13:22Z</time><extensions><speed>1.377212</speed><course>1.149215</course><hAcc>2.343713</hAcc><vAcc>1.581216</vAcc></extensions></trkpt>
      <trkpt lon="-77.039310" lat="38.899585"><ele>20.984228</ele><time>2026-04-04T15:13:23Z</time><extensions><speed>1.389801</speed><course>1.154437</course><hAcc>2.344403</hAcc><vAcc>1.576682</vAcc></extensions></trkpt>
      <trkpt lon="-77.039309" lat="38.899598"><ele>21.009451</ele><time>2026-04-04T15:13:24Z</time><extensions><speed>1.402699</speed><course>1.157358</course><hAcc>2.344997</hAcc><vAcc>1.571685</vAcc></extensions></trkpt>
      <trkpt lon="-77.039309" lat="38.899611"><ele>21.034145</ele><time>2026-04-04T15:13:25Z</time><extensions><speed>1.415035</speed><course>1.159763</course><hAcc>2.345509</hAcc><vAcc>1.566319</vAcc></extensions></trkpt>
      <trkpt lon="-77.039309" lat="38.899624"><ele>21.058256</ele><time>2026-04-04T15:13:26Z</time><extensions><speed>1.425756</speed><course>1.160780</course><hAcc>2.345881</hAcc><vAcc>1.560639</vAcc></extensions></trkpt>
      <trkpt lon="-77.039308" lat="38.899637"><ele>21.081834</ele><time>2026-04-04T15:13:27Z</time><extensions><speed>1.433481</speed><course>1.160354</course><hAcc>2.345996</hAcc><vAcc>1.554724</vAcc></extensions></trkpt>
      <trkpt lon="-77.039308" lat="38.899650"><ele>21.104925</ele><time>2026-04-04T15:13:28Z</time><extensions><speed>1.439940</speed><course>1.155800</course><hAcc>2.345712</hAcc><vAcc>1.548639</vAcc></extensions></trkpt>
      <trkpt lon="-77.039308" lat="38.899663"><ele>21.127324</ele><time>2026-04-04T15:13:29Z</time><extensions><speed>1.446137</speed><course>1.146606</course><hAcc>2.345000</hAcc><vAcc>1.542454</vAcc></extensions></trkpt>
      <trkpt lon="-77.039307" lat="38.899676"><ele>21.148799</ele><time>2026-04-04T15:13:30Z</time><extensions><speed>1.449675</speed><course>1.132571</course><hAcc>2.343811</hAcc><vAcc>1.536252</vAcc></extensions></trkpt>
      <trkpt lon="-77.039307" lat="38.899689"><ele>21.169572</ele><time>2026-04-04T15:13:31Z</time><extensions><speed>1.453333</speed><course>1.086874</course><hAcc>2.342053</hAcc><vAcc>1.530095</vAcc></extensions></trkpt>
      <trkpt lon="-77.039307" lat="38.899702"><ele>21.189946</ele><time>2026-04-04T15:13:32Z</time><extensions><speed>1.454681</speed><course>1.041807</course><hAcc>2.339705</hAcc><vAcc>1.524039</vAcc></extensions></trkpt>
      <trkpt lon="-77.039306" lat="38.899716"><ele>21.210128</ele><time>2026-04-04T15:13:33Z</time><extensions><speed>1.455393</speed><course>0.994672</course><hAcc>2.336677</hAcc><vAcc>1.518110</vAcc></extensions></trkpt>
      <trkpt lon="-77.039306" lat="38.899729"><ele>21.230172</ele><time>2026-04-04T15:13:34Z</time><extensions><speed>1.455228</speed><course>0.946275</course><hAcc>2.332767</hAcc><vAcc>1.512305</vAcc></extensions></trkpt>
      <trkpt lon="-77.039306" lat="38.899742"><ele>21.250137</ele><time>2026-04-04T15:13:35Z</time><extensions><speed>1.454431</speed><course>0.901512</course><hAcc>2.327769</hAcc><vAcc>1.506596</vAcc></extensions></trkpt>
      <trkpt lon="-77.039306" lat="38.899755"><ele>21.269890</ele><time>2026-04-04T15:13:36Z</time><extensions><speed>1.453364</speed><course>0.859243</course><hAcc>2.321741</hAcc><vAcc>1.500936</vAcc></extensions></trkpt>
      <trkpt lon="-77.039305" lat="38.899768"><ele>21.289917</ele><time>2026-04-04T15:13:37Z</time><extensions><speed>1.452251</speed><course>0.819588</course><hAcc>2.314759</hAcc><vAcc>1.495281</vAcc></extensions></trkpt>
      <trkpt lon="-77.039305" lat="38.899781"><ele>21.310210</ele><time>2026-04-04T15:13:38Z</time><extensions><speed>1.451257</speed><course>0.779229</course><hAcc>2.306838</hAcc><vAcc>1.489583</vAcc></extensions></trkpt>
      <trkpt lon="-77.039305" lat="38.899794"><ele>21.330737</ele><time>2026-04-04T15:13:39Z</time><extensions><speed>1.447901</speed><course>0.741871</course><hAcc>2.297861</hAcc><vAcc>1.483776</vAcc></extensions></trkpt>
      <trkpt lon="-77.039305" lat="38.899807"><ele>21.351066</ele><time>2026-04-04T15:13:40Z</time><extensions><speed>1.443152</speed><course>0.708194</course><hAcc>2.287617</hAcc><vAcc>1.477766</vAcc></extensions></trkpt>
      <trkpt lon="-77.039304" lat="38.899820"><ele>21.371306</ele><time>2026-04-04T15:13:41Z</time><extensions><speed>1.436891</speed><course>0.680095</course><hAcc>2.275930</hAcc><vAcc>1.471433</vAcc></extensions></trkpt>
      <trkpt lon="-77.039304" lat="38.899833"><ele>21.391318</ele><time>2026-04-04T15:13:42Z</time><extensions><speed>1.427055</speed><course>0.658955</course><hAcc>2.262578</hAcc><vAcc>1.464623</vAcc></extensions></trkpt>
      <trkpt lon="-77.039304" lat="38.899846"><ele>21.410940</ele><time>2026-04-04T15:13:43Z</time><extensions><speed>1.414317</speed><course>0.646420</course><hAcc>2.247219</hAcc><vAcc>1.457143</vAcc></extensions></trkpt>
      <trkpt lon="-77.039304" lat="38.899859"><ele>21.429999</ele><time>2026-04-04T15:13:44Z</time><extensions><speed>1.399596</speed><course>0.644282</course><hAcc>2.229511</hAcc><vAcc>1.448767</vAcc></extensions></trkpt>
      <trkpt lon="-77.039304" lat="38.899871"><ele>21.448303</ele><time>2026-04-04T15:13:45Z</time><extensions><speed>1.382189</speed><course>0.655954</course><hAcc>2.209157</hAcc><vAcc>1.439256</vAcc></extensions></trkpt>
      <trkpt lon="-77.039304" lat="38.899884"><ele>21.465682</ele><time>2026-04-04T15:13:46Z</time><extensions><speed>1.363999</speed><course>0.684681</course><hAcc>2.185799</hAcc><vAcc>1.428374</vAcc></extensions></trkpt>
      <trkpt lon="-77.039303" lat="38.899896"><ele>21.482013</ele><time>2026-04-04T15:13:47Z</time><extensions><speed>1.348552</speed><course>0.731535</course><hAcc>2.159257</hAcc><vAcc>1.415905</vAcc></extensions></trkpt>
      <trkpt lon="-77.039303" lat="38.899908"><ele>21.497229</ele><time>2026-04-04T15:13:48Z</time><extensions><speed>1.334890</speed><course>0.799987</course><hAcc>2.129359</hAcc><vAcc>1.401649</vAcc></extensions></trkpt>
      <trkpt lon="-77.039303" lat="38.899920"><ele>21.511291</ele><time>2026-04-04T15:13:49Z</time><extensions><speed>1.323773</speed><course>0.896207</course><hAcc>2.095739</hAcc><vAcc>1.385436</vAcc></extensions></trkpt>
      <trkpt lon="-77.039303" lat="38.899932"><ele>21.524205</ele><time>2026-04-04T15:13:50Z</time><extensions><speed>1.311232</speed><course>1.022517</course><hAcc>2.058256</hAcc><vAcc>1.367149</vAcc></extensions></trkpt>
      <trkpt lon="-77.039302" lat="38.899944"><ele>21.536004</ele><time>2026-04-04T15:13:51Z</time><extensions><speed>1.299348</speed><course>1.184605</course><hAcc>2.016867</hAcc><vAcc>1.346748</vAcc></extensions></trkpt>
      <trkpt lon="-77.039302" lat="38.899955"><ele>21.546743</ele><time>2026-04-04T15:13:52Z</time><extensions><speed>1.286085</speed><course>1.386618</course><hAcc>1.971657</hAcc><vAcc>1.324294</vAcc></extensions></trkpt>
      <trkpt lon="-77.039302" lat="38.899967"><ele>21.556498</ele><time>2026-04-04T15:13:53Z</time><extensions><speed>1.271931</speed><course>1.634330</course><hAcc>1.922836</hAcc><vAcc>1.299975</vAcc></extensions></trkpt>
      <trkpt lon="-77.039301" lat="38.899978"><ele>21.565321</ele><time>2026-04-04T15:13:54Z</time><extensions><speed>1.258027</speed><course>1.932351</course><hAcc>1.870704</hAcc><vAcc>1.274131</vAcc></extensions></trkpt>
      <trkpt lon="-77.039301" lat="38.899989"><ele>21.573214</ele><time>2026-04-04T15:13:55Z</time><extensions><speed>1.239554</speed><course>2.293927</course><hAcc>1.815706</hAcc><vAcc>1.247284</vAcc></extensions></trkpt>
      <trkpt lon="-77.039300" lat="38.900000"><ele>21.580134</ele><time>2026-04-04T15:13:56Z</time><extensions><speed>1.214487</speed><course>2.731620</course><hAcc>1.758397</hAcc><vAcc>1.220176</vAcc></extensions></trkpt>
      <trkpt lon="-77.039299" lat="38.900011"><ele>21.586005</ele><time>2026-04-04T15:13:57Z</time><extensions><speed>1.185146</speed><course>3.265416</course><hAcc>1.699657</hAcc><vAcc>1.193804</vAcc></extensions></trkpt>
      <trkpt lon="-77.039299" lat="38.900022"><ele>21.590737</ele><time>2026-04-04T15:13:58Z</time><extensions><speed>1.155867</speed><course>3.817565</course><hAcc>1.640861</hAcc><vAcc>1.169434</vAcc></extensions></trkpt>
      <trkpt lon="-77.039298" lat="38.900032"><ele>21.594269</ele><time>2026-04-04T15:13:59Z</time><extensions><speed>1.126290</speed><course>4.399534</course><hAcc>1.583816</hAcc><vAcc>1.148578</vAcc></extensions></trkpt>
      <trkpt lon="-77.039297" lat="38.900042"><ele>21.596579</ele><time>2026-04-04T15:14:00Z</time><extensions><speed>1.095697</speed><course>5.007849</course><hAcc>1.530398</hAcc><vAcc>1.132640</vAcc></extensions></trkpt>
      <trkpt lon="-77.039295" lat="38.900052"><ele>21.597734</ele><time>2026-04-04T15:14:01Z</time><extensions><speed>1.064887</speed><course>5.638543</course><hAcc>1.481965</hAcc><vAcc>1.122306</vAcc></extensions></trkpt>
      <trkpt lon="-77.039294" lat="38.900061"><ele>21.597880</ele><time>2026-04-04T15:14:02Z</time><extensions><speed>1.030380</speed><course>6.283334</course><hAcc>1.439122</hAcc><vAcc>1.117380</vAcc></extensions></trkpt>
      <trkpt lon="-77.039293" lat="38.900070"><ele>21.597197</ele><time>2026-04-04T15:14:03Z</time><extensions><speed>0.985566</speed><course>6.941928</course><hAcc>1.401706</hAcc><vAcc>1.116985</vAcc></extensions></trkpt>
      <trkpt lon="-77.039291" lat="38.900079"><ele>21.595872</ele><time>2026-04-04T15:14:04Z</time><extensions><speed>0.928550</speed><course>7.652918</course><hAcc>1.369097</hAcc><vAcc>1.119851</vAcc></extensions></trkpt>
      <trkpt lon="-77.039290" lat="38.900087"><ele>21.594090</ele><time>2026-04-04T15:14:05Z</time><extensions><speed>0.859361</speed><course>8.442563</course><hAcc>1.340419</hAcc><vAcc>1.124688</vAcc></extensions></trkpt>
      <trkpt lon="-77.039289" lat="38.900094"><ele>21.592047</ele><time>2026-04-04T15:14:06Z</time><extensions><speed>0.786676</speed><course>9.361232</course><hAcc>1.315076</hAcc><vAcc>1.130425</vAcc></extensions></trkpt>
      <trkpt lon="-77.039287" lat="38.900100"><ele>21.589949</ele><time>2026-04-04T15:14:07Z</time><extensions><speed>0.712932</speed><course>10.497687</course><hAcc>1.292601</hAcc><vAcc>1.136272</vAcc></extensions></trkpt>
      <trkpt lon="-77.039286" lat="38.900106"><ele>21.588017</ele><time>2026-04-04T15:14:08Z</time><extensions><speed>0.639177</speed><course>11.913102</course><hAcc>1.272502</hAcc><vAcc>1.141672</vAcc></extensions></trkpt>
      <trkpt lon="-77.039284" lat="38.900112"><ele>21.586478</ele><time>2026-04-04T15:14:09Z</time><extensions><speed>0.562896</speed><course>13.743140</course><hAcc>1.254289</hAcc><vAcc>1.146211</vAcc></extensions></trkpt>
      <trkpt lon="-77.039282" lat="38.900116"><ele>21.585555</ele><time>2026-04-04T15:14:10Z</time><extensions><speed>0.485945</speed><course>16.170133</course><hAcc>1.237478</hAcc><vAcc>1.149514</vAcc></extensions></trkpt>
      <trkpt lon="-77.039281" lat="38.900120"><ele>21.585439</ele><time>2026-04-04T15:14:11Z</time><extensions><speed>0.410486</speed><course>19.441610</course><hAcc>1.221715</hAcc><vAcc>1.151214</vAcc></extensions></trkpt>
      <trkpt lon="-77.039279" lat="38.900123"><ele>21.586277</ele><time>2026-04-04T15:14:12Z</time><extensions><speed>0.337110</speed><course>24.022178</course><hAcc>1.206816</hAcc><vAcc>1.150995</vAcc></extensions></trkpt>
      <trkpt lon="-77.039278" lat="38.900126"><ele>21.588148</ele><time>2026-04-04T15:14:13Z</time><extensions><speed>0.268365</speed><course>30.780290</course><hAcc>1.192703</hAcc><vAcc>1.148632</vAcc></extensions></trkpt>
      <trkpt lon="-77.039276" lat="38.900127"><ele>21.591071</ele><time>2026-04-04T15:14:14Z</time><extensions><speed>0.205441</speed><course>41.668820</course><hAcc>1.179507</hAcc><vAcc>1.144012</vAcc></extensions></trkpt>
      <trkpt lon="-77.039275" lat="38.900128"><ele>21.595002</ele><time>2026-04-04T15:14:15Z</time><extensions><speed>0.153741</speed><course>61.215990</course><hAcc>1.167474</hAcc><vAcc>1.137120</vAcc></extensions></trkpt>
      <trkpt lon="-77.039273" lat="38.900129"><ele>21.599847</ele><time>2026-04-04T15:14:16Z</time><extensions><speed>0.132275</speed><course>92.160245</course><hAcc>1.156979</hAcc><vAcc>1.128009</vAcc></extensions></trkpt>
      <trkpt lon="-77.039271" lat="38.900128"><ele>21.605461</ele><time>2026-04-04T15:14:17Z</time><extensions><speed>0.151202</speed><course>121.609056</course><hAcc>1.148594</hAcc><vAcc>1.116793</vAcc></extensions></trkpt>
      <trkpt lon="-77.039270" lat="38.900127"><ele>21.611673</ele><time>2026-04-04T15:14:18Z</time><extensions><speed>0.190557</speed><course>139.421886</course><hAcc>1.142918</hAcc><vAcc>1.103495</vAcc></extensions></trkpt>
      <trkpt lon="-77.039269" lat="38.900126"><ele>21.618250</ele><time>2026-04-04T15:14:19Z</time><extensions><speed>0.232171</speed><course>149.633763</course><hAcc>1.140445</hAcc><vAcc>1.088133</vAcc></extensions></trkpt>
      <trkpt lon="-77.039267" lat="38.900124"><ele>21.624930</ele><time>2026-04-04T15:14:20Z</time><extensions><speed>0.267139</speed><course>156.019700</course><hAcc>1.141589</hAcc><vAcc>1.070712</vAcc></extensions></trkpt>
      <trkpt lon="-77.039266" lat="38.900122"><ele>21.631333</ele><time>2026-04-04T15:14:21Z</time><extensions><speed>0.289778</speed><course>160.434494</course><hAcc>1.146738</hAcc><vAcc>1.051262</vAcc></extensions></trkpt>
      <trkpt lon="-77.039265" lat="38.900119"><ele>21.637162</ele><time>2026-04-04T15:14:22Z</time><extensions><speed>0.298964</speed><course>164.067412</course><hAcc>1.156230</hAcc><vAcc>1.029869</vAcc></extensions></trkpt>
      <trkpt lon="-77.039264" lat="38.900116"><ele>21.642196</ele><time>2026-04-04T15:14:23Z</time><extensions><speed>0.297713</speed><course>167.307169</course><hAcc>1.170270</hAcc><vAcc>1.006706</vAcc></extensions></trkpt>
      <trkpt lon="-77.039264" lat="38.900114"><ele>21.646281</ele><time>2026-04-04T15:14:24Z</time><extensions><speed>0.288572</speed><course>170.471292</course><hAcc>1.188875</hAcc><vAcc>0.982052</vAcc></extensions></trkpt>
      <trkpt lon="-77.039263" lat="38.900111"><ele>21.649262</ele><time>2026-04-04T15:14:25Z</time><extensions><speed>0.273793</speed><course>173.810338</course><hAcc>1.211798</hAcc><vAcc>0.956322</vAcc></extensions></trkpt>
      <trkpt lon="-77.039263" lat="38.900109"><ele>21.651219</ele><time>2026-04-04T15:14:26Z</time><extensions><speed>0.255533</speed><course>177.397297</course><hAcc>1.238432</hAcc><vAcc>0.930112</vAcc></extensions></trkpt>
      <trkpt lon="-77.039263" lat="38.900107"><ele>21.652227</ele><time>2026-04-04T15:14:27Z</time><extensions><speed>0.235677</speed><course>181.458417</course><hAcc>1.267755</hAcc><vAcc>0.904206</vAcc></extensions></trkpt>
      <trkpt lon="-77.039263" lat="38.900105"><ele>21.652467</ele><time>2026-04-04T15:14:28Z</time><extensions><speed>0.215932</speed><course>186.143779</course><hAcc>1.298243</hAcc><vAcc>0.879511</vAcc></extensions></trkpt>
      <trkpt lon="-77.039263" lat="38.900103"><ele>21.652209</ele><time>2026-04-04T15:14:29Z</time><extensions><speed>0.197830</speed><course>190.923842</course><hAcc>1.328027</hAcc><vAcc>0.856895</vAcc></extensions></trkpt>
      <trkpt lon="-77.039264" lat="38.900101"><ele>21.651724</ele><time>2026-04-04T15:14:30Z</time><extensions><speed>0.179524</speed><course>194.620828</course><hAcc>1.355442</hAcc><vAcc>0.837012</vAcc></extensions></trkpt>
      <trkpt lon="-77.039264" lat="38.900100"><ele>21.651230</ele><time>2026-04-04T15:14:31Z</time><extensions><speed>0.162071</speed><course>198.218751</course><hAcc>1.379423</hAcc><vAcc>0.820223</vAcc></extensions></trkpt>
      <trkpt lon="-77.039265" lat="38.900098"><ele>21.650923</ele><time>2026-04-04T15:14:32Z</time><extensions><speed>0.145787</speed><course>202.522941</course><hAcc>1.399359</hAcc><vAcc>0.806611</vAcc></extensions></trkpt>
      <trkpt lon="-77.039266" lat="38.900097"><ele>21.650964</ele><time>2026-04-04T15:14:33Z</time><extensions><speed>0.131113</speed><course>207.776687</course><hAcc>1.414851</hAcc><vAcc>0.796047</vAcc></extensions></trkpt>
      <trkpt lon="-77.039266" lat="38.900096"><ele>21.651447</ele><time>2026-04-04T15:14:34Z</time><extensions><speed>0.118268</speed><course>214.123890</course><hAcc>1.425658</hAcc><vAcc>0.788258</vAcc></extensions></trkpt>
      <trkpt lon="-77.039267" lat="38.900095"><ele>21.652409</ele><time>2026-04-04T15:14:35Z</time><extensions><speed>0.108045</speed><course>221.849948</course><hAcc>1.431629</hAcc><vAcc>0.782897</vAcc></extensions></trkpt>
      <trkpt lon="-77.039268" lat="38.900095"><ele>21.653854</ele><time>2026-04-04T15:14:36Z</time><extensions><speed>0.101122</speed><course>230.936173</course><hAcc>1.432696</hAcc><vAcc>0.779592</vAcc></extensions></trkpt>
      <trkpt lon="-77.039269" lat="38.900094"><ele>21.655783</ele><time>2026-04-04T15:14:37Z</time><extensions><speed>0.097973</speed><course>240.959359</course><hAcc>1.428846</hAcc><vAcc>0.777992</vAcc></extensions></trkpt>
      <trkpt lon="-77.039270" lat="38.900094"><ele>21.658227</ele><time>2026-04-04T15:14:38Z</time><extensions><speed>0.098507</speed><course>251.065120</course><hAcc>1.420074</hAcc><vAcc>0.777804</vAcc></extensions></trkpt>
      <trkpt lon="-77.039271" lat="38.900094"><ele>21.661268</ele><time>2026-04-04T15:14:39Z</time><extensions><speed>0.102899</speed><course>260.557844</course><hAcc>1.406422</hAcc><vAcc>0.778838</vAcc></extensions></trkpt>
      <trkpt lon="-77.039272" lat="38.900094"><ele>21.665003</ele><time>2026-04-04T15:14:40Z</time><extensions><speed>0.110459</speed><course>268.848687</course><hAcc>1.388005</hAcc><vAcc>0.781019</vAcc></extensions></trkpt>
      <trkpt lon="-77.039274" lat="38.900094"><ele>21.669510</ele><time>2026-04-04T15:14:41Z</time><extensions><speed>0.120938</speed><course>275.734632</course><hAcc>1.365026</hAcc><vAcc>0.784389</vAcc></extensions></trkpt>
      <trkpt lon="-77.039275" lat="38.900094"><ele>21.674886</ele><time>2026-04-04T15:14:42Z</time><extensions><speed>0.133521</speed><course>281.276636</course><hAcc>1.337875</hAcc><vAcc>0.789101</vAcc></extensions></trkpt>
      <trkpt lon="-77.039277" lat="38.900094"><ele>21.681190</ele><time>2026-04-04T15:14:43Z</time><extensions><speed>0.147876</speed><course>285.669986</course><hAcc>1.307196</hAcc><vAcc>0.795402</vAcc></extensions></trkpt>
      <trkpt lon="-77.039278" lat="38.900095"><ele>21.688422</ele><time>2026-04-04T15:14:44Z</time><extensions><speed>0.163631</speed><course>289.140761</course><hAcc>1.274000</hAcc><vAcc>0.803608</vAcc></extensions></trkpt>
      <trkpt lon="-77.039280" lat="38.900095"><ele>21.696546</ele><time>2026-04-04T15:14:45Z</time><extensions><speed>0.180379</speed><course>291.907865</course><hAcc>1.239783</hAcc><vAcc>0.814071</vAcc></extensions></trkpt>
      <trkpt lon="-77.039282" lat="38.900096"><ele>21.705467</ele><time>2026-04-04T15:14:46Z</time><extensions><speed>0.197739</speed><course>294.152573</course><hAcc>1.206621</hAcc><vAcc>0.827133</vAcc></extensions></trkpt>
      <trkpt lon="-77.039284" lat="38.900097"><ele>21.715039</ele><time>2026-04-04T15:14:47Z</time><extensions><speed>0.214767</speed><course>296.063450</course><hAcc>1.176974</hAcc><vAcc>0.843056</vAcc></extensions></trkpt>
      <trkpt lon="-77.039287" lat="38.900097"><ele>21.725108</ele><time>2026-04-04T15:14:48Z</time><extensions><speed>0.229827</speed><course>297.863596</course><hAcc>1.153157</hAcc><vAcc>0.861900</vAcc></extensions></trkpt>
      <trkpt lon="-77.039289" lat="38.900098"><ele>21.735584</ele><time>2026-04-04T15:14:49Z</time><extensions><speed>0.241720</speed><course>299.671547</course><hAcc>1.136920</hAcc><vAcc>0.883366</vAcc></extensions></trkpt>
      <trkpt lon="-77.039291" lat="38.900100"><ele>21.746532</ele><time>2026-04-04T15:14:50Z</time><extensions><speed>0.251142</speed><course>302.232274</course><hAcc>1.129193</hAcc><vAcc>0.906694</vAcc></extensions></trkpt>
      <trkpt lon="-77.039294" lat="38.900101"><ele>21.758163</ele><time>2026-04-04T15:14:51Z</time><extensions><speed>0.262501</speed><course>306.939375</course><hAcc>1.129825</hAcc><vAcc>0.930764</vAcc></extensions></trkpt>
      <trkpt lon="-77.039296" lat="38.900102"><ele>21.770764</ele><time>2026-04-04T15:14:52Z</time><extensions><speed>0.278028</speed><course>313.698125</course><hAcc>1.137509</hAcc><vAcc>0.954391</vAcc></extensions></trkpt>
      <trkpt lon="-77.039298" lat="38.900104"><ele>21.784604</ele><time>2026-04-04T15:14:53Z</time><extensions><speed>0.299353</speed><course>322.369517</course><hAcc>1.150001</hAcc><vAcc>0.976586</vAcc></extensions></trkpt>
      <trkpt lon="-77.039300" lat="38.900107"><ele>21.799889</ele><time>2026-04-04T15:14:54Z</time><extensions><speed>0.332282</speed><course>331.854598</course><hAcc>1.165095</hAcc><vAcc>0.996639</vAcc></extensions></trkpt>
      <trkpt lon="-77.039302" lat="38.900110"><ele>21.816822</ele><time>2026-04-04T15:14:55Z</time><extensions><speed>0.380098</speed><course>340.706569</course><hAcc>1.181387</hAcc><vAcc>1.014080</vAcc></extensions></trkpt>
      <trkpt lon="-77.039303" lat="38.900113"><ele>21.835533</ele><time>2026-04-04T15:14:56Z</time><extensions><speed>0.440177</speed><course>347.831066</course><hAcc>1.197860</hAcc><vAcc>1.028617</vAcc></extensions></trkpt>
      <trkpt lon="-77.039304" lat="38.900118"><ele>21.856076</ele><time>2026-04-04T15:14:57Z</time><extensions><speed>0.509955</speed><course>353.343971</course><hAcc>1.213145</hAcc><vAcc>1.040085</vAcc></extensions></trkpt>
      <trkpt lon="-77.039305" lat="38.900122"><ele>21.878415</ele><time>2026-04-04T15:14:58Z</time><extensions><speed>0.587480</speed><course>357.472269</course><hAcc>1.225793</hAcc><vAcc>1.048418</vAcc></extensions></trkpt>
      <trkpt lon="-77.039305" lat="38.900128"><ele>21.902467</ele><time>2026-04-04T15:14:59Z</time><extensions><speed>0.670231</speed><course>0.569422</course><hAcc>1.234664</hAcc><vAcc>1.053636</vAcc></extensions></trkpt>
      <trkpt lon="-77.039305" lat="38.900135"><ele>21.928037</ele><time>2026-04-04T15:15:00Z</time><extensions><speed>0.756102</speed><course>2.984386</course><hAcc>1.238964</hAcc><vAcc>1.055841</vAcc></extensions></trkpt>
      <trkpt lon="-77.039304" lat="38.900142"><ele>21.954829</ele><time>2026-04-04T15:15:01Z</time><extensions><speed>0.843059</speed><course>4.936712</course><hAcc>1.238284</hAcc><vAcc>1.055215</vAcc></extensions></trkpt>
      <trkpt lon="-77.039303" lat="38.900150"><ele>21.982428</ele><time>2026-04-04T15:15:02Z</time><extensions><speed>0.929573</speed><course>6.458388</course><hAcc>1.232621</hAcc><vAcc>1.052012</vAcc></extensions></trkpt>
      <trkpt lon="-77.039301" lat="38.900158"><ele>22.010337</ele><time>2026-04-04T15:15:03Z</time><extensions><speed>1.013278</speed><course>7.708006</course><hAcc>1.222405</hAcc><vAcc>1.046563</vAcc></extensions></trkpt>
      <trkpt lon="-77.039300" lat="38.900168"><ele>22.037861</ele><time>2026-04-04T15:15:04Z</time><extensions><speed>1.091919</speed><course>8.724621</course><hAcc>1.208464</hAcc><vAcc>1.039286</vAcc></extensions></trkpt>
      <trkpt lon="-77.039298" lat="38.900178"><ele>22.064179</ele><time>2026-04-04T15:15:05Z</time><extensions><speed>1.163993</speed><course>9.677971</course><hAcc>1.192031</hAcc><vAcc>1.030676</vAcc></extensions></trkpt>
      <trkpt lon="-77.039295" lat="38.900188"><ele>22.088494</ele><time>2026-04-04T15:15:06Z</time><extensions><speed>1.222032</speed><course>10.594468</course><hAcc>1.174485</hAcc><vAcc>1.021276</vAcc></extensions></trkpt>
      <trkpt lon="-77.039292" lat="38.900199"><ele>22.109552</ele><time>2026-04-04T15:15:07Z</time><extensions><speed>1.260503</speed><course>11.618314</course><hAcc>1.157015</hAcc><vAcc>1.011639</vAcc></extensions></trkpt>
      <trkpt lon="-77.039289" lat="38.900210"><ele>22.126541</ele><time>2026-04-04T15:15:08Z</time><extensions><speed>1.281102</speed><course>12.836971</course><hAcc>1.140453</hAcc><vAcc>1.002293</vAcc></extensions></trkpt>
      <trkpt lon="-77.039286" lat="38.900222"><ele>22.138555</ele><time>2026-04-04T15:15:09Z</time><extensions><speed>1.287362</speed><course>14.322265</course><hAcc>1.125280</hAcc><vAcc>0.993696</vAcc></extensions></trkpt>
      <trkpt lon="-77.039282" lat="38.900233"><ele>22.144792</ele><time>2026-04-04T15:15:10Z</time><extensions><speed>1.281591</speed><course>16.155158</course><hAcc>1.111662</hAcc><vAcc>0.986211</vAcc></extensions></trkpt>
      <trkpt lon="-77.039278" lat="38.900244"><ele>22.144684</ele><time>2026-04-04T15:15:11Z</time><extensions><speed>1.264412</speed><course>18.445063</course><hAcc>1.099547</hAcc><vAcc>0.980098</vAcc></extensions></trkpt>
      <trkpt lon="-77.039273" lat="38.900254"><ele>22.138008</ele><time>2026-04-04T15:15:12Z</time><extensions><speed>1.235901</speed><course>21.326658</course><hAcc>1.088802</hAcc><vAcc>0.975511</vAcc></extensions></trkpt>
      <trkpt lon="-77.039267" lat="38.900265"><ele>22.124923</ele><time>2026-04-04T15:15:13Z</time><extensions><speed>1.201187</speed><course>24.883883</course><hAcc>1.079259</hAcc><vAcc>0.972495</vAcc></extensions></trkpt>
      <trkpt lon="-77.039261" lat="38.900274"><ele>22.105948</ele><time>2026-04-04T15:15:14Z</time><extensions><speed>1.166344</speed><course>29.181502</course><hAcc>1.070708</hAcc><vAcc>0.970981</vAcc></extensions></trkpt>
      <trkpt lon="-77.039254" lat="38.900283"><ele>22.081933</ele><time>2026-04-04T15:15:15Z</time><extensions><speed>1.133623</speed><course>34.321043</course><hAcc>1.062922</hAcc><vAcc>0.970763</vAcc></extensions></trkpt>
      <trkpt lon="-77.039246" lat="38.900291"><ele>22.054067</ele><time>2026-04-04T15:15:16Z</time><extensions><speed>1.106727</speed><course>40.366916</course><hAcc>1.055659</hAcc><vAcc>0.971475</vAcc></extensions></trkpt>
      <trkpt lon="-77.039237" lat="38.900298"><ele>22.023595</ele><time>2026-04-04T15:15:17Z</time><extensions><speed>1.089681</speed><course>47.525574</course><hAcc>1.048662</hAcc><vAcc>0.972581</vAcc></extensions></trkpt>
      <trkpt lon="-77.039228" lat="38.900304"><ele>21.991734</ele><time>2026-04-04T15:15:18Z</time><extensions><speed>1.088731</speed><course>55.322084</course><hAcc>1.041678</hAcc><vAcc>0.973399</vAcc></extensions></trkpt>
      <trkpt lon="-77.039217" lat="38.900309"><ele>21.959613</ele><time>2026-04-04T15:15:19Z</time><extensions><speed>1.107787</speed><course>63.319992</course><hAcc>1.034142</hAcc><vAcc>0.973179</vAcc></extensions></trkpt>
      <trkpt lon="-77.039205" lat="38.900313"><ele>21.928215</ele><time>2026-04-04T15:15:20Z</time><extensions><speed>1.133577</speed><course>70.234755</course><hAcc>1.025261</hAcc><vAcc>0.971207</vAcc></extensions></trkpt>
      <trkpt lon="-77.039192" lat="38.900316"><ele>21.898344</ele><time>2026-04-04T15:15:21Z</time><extensions><speed>1.164405</speed><course>75.735869</course><hAcc>1.015631</hAcc><vAcc>0.966906</vAcc></extensions></trkpt>
      <trkpt lon="-77.039179" lat="38.900318"><ele>21.870694</ele><time>2026-04-04T15:15:22Z</time><extensions><speed>1.198592</speed><course>80.147783</course><hAcc>1.006196</hAcc><vAcc>0.959906</vAcc></extensions></trkpt>
      <trkpt lon="-77.039165" lat="38.900320"><ele>21.845762</ele><time>2026-04-04T15:15:23Z</time><extensions><speed>1.231225</speed><course>83.621965</course><hAcc>0.997540</hAcc><vAcc>0.950060</vAcc></extensions></trkpt>
      <trkpt lon="-77.039151" lat="38.900321"><ele>21.823902</ele><time>2026-04-04T15:15:24Z</time><extensions><speed>1.259896</speed><course>86.325070</course><hAcc>0.989927</hAcc><vAcc>0.937443</vAcc></extensions></trkpt>
      <trkpt lon="-77.039136" lat="38.900321"><ele>21.805273</ele><time>2026-04-04T15:15:25Z</time><extensions><speed>1.286001</speed><course>88.409726</course><hAcc>0.983418</hAcc><vAcc>0.922333</vAcc></extensions></trkpt>
      <trkpt lon="-77.039121" lat="38.900321"><ele>21.789929</ele><time>2026-04-04T15:15:26Z</time><extensions><speed>1.308881</speed><course>89.987654</course><hAcc>0.977956</hAcc><vAcc>0.905179</vAcc></extensions></trkpt>
      <trkpt lon="-77.039106" lat="38.900321"><ele>21.777814</ele><time>2026-04-04T15:15:27Z</time><extensions><speed>1.328753</speed><course>91.154088</course><hAcc>0.973434</hAcc><vAcc>0.886571</vAcc></extensions></trkpt>
      <trkpt lon="-77.039091" lat="38.900321"><ele>21.768768</ele><time>2026-04-04T15:15:28Z</time><extensions><speed>1.344283</speed><course>91.989010</course><hAcc>0.969744</hAcc><vAcc>0.867200</vAcc></extensions></trkpt>
      <trkpt lon="-77.039075" lat="38.900321"><ele>21.762565</ele><time>2026-04-04T15:15:29Z</time><extensions><speed>1.356311</speed><course>92.558740</course><hAcc>0.966789</hAcc><vAcc>0.847807</vAcc></extensions></trkpt>
      <trkpt lon="-77.039059" lat="38.900320"><ele>21.758924</ele><time>2026-04-04T15:15:30Z</time><extensions><speed>1.363059</speed><course>92.921208</course><hAcc>0.964491</hAcc><vAcc>0.829133</vAcc></extensions></trkpt>
      <trkpt lon="-77.039044" lat="38.900319"><ele>21.757473</ele><time>2026-04-04T15:15:31Z</time><extensions><speed>1.365751</speed><course>93.123372</course><hAcc>0.962803</hAcc><vAcc>0.811842</vAcc></extensions></trkpt>
      <trkpt lon="-77.039028" lat="38.900319"><ele>21.757924</ele><time>2026-04-04T15:15:32Z</time><extensions><speed>1.364288</speed><course>93.200668</course><hAcc>0.961764</hAcc><vAcc>0.796439</vAcc></extensions></trkpt>
      <trkpt lon="-77.039012" lat="38.900318"><ele>21.760108</ele><time>2026-04-04T15:15:33Z</time><extensions><speed>1.360765</speed><course>93.181546</course><hAcc>0.961441</hAcc><vAcc>0.783218</vAcc></extensions></trkpt>
      <trkpt lon="-77.038997" lat="38.900317"><ele>21.763849</ele><time>2026-04-04T15:15:34Z</time><extensions><speed>1.354091</speed><course>93.093208</course><hAcc>0.961923</hAcc><vAcc>0.772257</vAcc></extensions></trkpt>
      <trkpt lon="-77.038981" lat="38.900317"><ele>21.769014</ele><time>2026-04-04T15:15:35Z</time><extensions><speed>1.349812</speed><course>92.946542</course><hAcc>0.963282</hAcc><vAcc>0.763461</vAcc></extensions></trkpt>
      <trkpt lon="-77.038966" lat="38.900316"><ele>21.775459</ele><time>2026-04-04T15:15:36Z</time><extensions><speed>1.346395</speed><course>92.761934</course><hAcc>0.965519</hAcc><vAcc>0.756624</vAcc></extensions></trkpt>
      <trkpt lon="-77.038950" lat="38.900315"><ele>21.783011</ele><time>2026-04-04T15:15:37Z</time><extensions><speed>1.345182</speed><course>92.552456</course><hAcc>0.968504</hAcc><vAcc>0.751470</vAcc></extensions></trkpt>
      <trkpt lon="-77.038935" lat="38.900315"><ele>21.791601</ele><time>2026-04-04T15:15:38Z</time><extensions><speed>1.346502</speed><course>92.333371</course><hAcc>0.971938</hAcc><vAcc>0.747705</vAcc></extensions></trkpt>
      <trkpt lon="-77.038919" lat="38.900314"><ele>21.801198</ele><time>2026-04-04T15:15:39Z</time><extensions><speed>1.351938</speed><course>92.112037</course><hAcc>0.975382</hAcc><vAcc>0.745041</vAcc></extensions></trkpt>
      <trkpt lon="-77.038903" lat="38.900314"><ele>21.811831</ele><time>2026-04-04T15:15:40Z</time><extensions><speed>1.359916</speed><course>91.899902</course><hAcc>0.978186</hAcc><vAcc>0.743219</vAcc></extensions></trkpt>
      <trkpt lon="-77.038888" lat="38.900314"><ele>21.823583</ele><time>2026-04-04T15:15:41Z</time><extensions><speed>1.367953</speed><course>91.705418</course><hAcc>0.979516</hAcc><vAcc>0.742019</vAcc></extensions></trkpt>
      <trkpt lon="-77.038872" lat="38.900313"><ele>21.836555</ele><time>2026-04-04T15:15:42Z</time><extensions><speed>1.375255</speed><course>91.530958</course><hAcc>0.978649</hAcc><vAcc>0.741262</vAcc></extensions></trkpt>
      <trkpt lon="-77.038856" lat="38.900313"><ele>21.850687</ele><time>2026-04-04T15:15:43Z</time><extensions><speed>1.380543</speed><course>91.377204</course><hAcc>0.975513</hAcc><vAcc>0.740807</vAcc></extensions></trkpt>
      <trkpt lon="-77.038840" lat="38.900313"><ele>21.865877</ele><time>2026-04-04T15:15:44Z</time><extensions><speed>1.382905</speed><course>91.243549</course><hAcc>0.970732</hAcc><vAcc>0.740550</vAcc></extensions></trkpt>
      <trkpt lon="-77.038824" lat="38.900312"><ele>21.881961</ele><time>2026-04-04T15:15:45Z</time><extensions><speed>1.381391</speed><course>91.129064</course><hAcc>0.965100</hAcc><vAcc>0.740416</vAcc></extensions></trkpt>
      <trkpt lon="-77.038808" lat="38.900312"><ele>21.898638</ele><time>2026-04-04T15:15:46Z</time><extensions><speed>1.376437</speed><course>91.032701</course><hAcc>0.959221</hAcc><vAcc>0.740353</vAcc></extensions></trkpt>
      <trkpt lon="-77.038792" lat="38.900312"><ele>21.915664</ele><time>2026-04-04T15:15:47Z</time><extensions><speed>1.369801</speed><course>90.952886</course><hAcc>0.953527</hAcc><vAcc>0.740328</vAcc></extensions></trkpt>
      <trkpt lon="-77.038777" lat="38.900312"><ele>21.932745</ele><time>2026-04-04T15:15:48Z</time><extensions><speed>1.363395</speed><course>90.887910</course><hAcc>0.948307</hAcc><vAcc>0.740318</vAcc></extensions></trkpt>
      <trkpt lon="-77.038761" lat="38.900312"><ele>21.949572</ele><time>2026-04-04T15:15:49Z</time><extensions><speed>1.357637</speed><course>90.836875</course><hAcc>0.943693</hAcc><vAcc>0.740313</vAcc></extensions></trkpt>
      <trkpt lon="-77.038745" lat="38.900311"><ele>21.965853</ele><time>2026-04-04T15:15:50Z</time><extensions><speed>1.352317</speed><course>90.798663</course><hAcc>0.939730</hAcc><vAcc>0.740306</vAcc></extensions></trkpt>
      <trkpt lon="-77.038730" lat="38.900311"><ele>21.981317</ele><time>2026-04-04T15:15:51Z</time><extensions><speed>1.347650</speed><course>90.771908</course><hAcc>0.936443</hAcc><vAcc>0.740295</vAcc></extensions></trkpt>
      <trkpt lon="-77.038714" lat="38.900311"><ele>21.995759</ele><time>2026-04-04T15:15:52Z</time><extensions><speed>1.343404</speed><course>90.755229</course><hAcc>0.933842</hAcc><vAcc>0.740281</vAcc></extensions></trkpt>
      <trkpt lon="-77.038699" lat="38.900311"><ele>22.009031</ele><time>2026-04-04T15:15:53Z</time><extensions><speed>1.341171</speed><course>90.745866</course><hAcc>0.931910</hAcc><vAcc>0.740263</vAcc></extensions></trkpt>
      <trkpt lon="-77.038683" lat="38.900311"><ele>22.020985</ele><time>2026-04-04T15:15:54Z</time><extensions><speed>1.339183</speed><course>90.742302</course><hAcc>0.930618</hAcc><vAcc>0.740245</vAcc></extensions></trkpt>
      <trkpt lon="-77.038668" lat="38.900311"><ele>22.031479</ele><time>2026-04-04T15:15:55Z</time><extensions><speed>1.337098</speed><course>90.743212</course><hAcc>0.929886</hAcc><vAcc>0.740226</vAcc></extensions></trkpt>
      <trkpt lon="-77.038653" lat="38.900310"><ele>22.040350</ele><time>2026-04-04T15:15:56Z</time><extensions><speed>1.334337</speed><course>90.747508</course><hAcc>0.929542</hAcc><vAcc>0.740209</vAcc></extensions></trkpt>
      <trkpt lon="-77.038637" lat="38.900310"><ele>22.047526</ele><time>2026-04-04T15:15:57Z</time><extensions><speed>1.328755</speed><course>90.754137</course><hAcc>0.929210</hAcc><vAcc>0.740193</vAcc></extensions></trkpt>
      <trkpt lon="-77.038622" lat="38.900310"><ele>22.053168</ele><time>2026-04-04T15:15:58Z</time><extensions><speed>1.319842</speed><course>90.760717</course><hAcc>0.928417</hAcc><vAcc>0.740179</vAcc></extensions></trkpt>
      <trkpt lon="-77.038607" lat="38.900310"><ele>22.057564</ele><time>2026-04-04T15:15:59Z</time><extensions><speed>1.308261</speed><course>90.768385</course><hAcc>0.927166</hAcc><vAcc>0.740167</vAcc></extensions></trkpt>
      <trkpt lon="-77.038592" lat="38.900310"><ele>22.061003</ele><time>2026-04-04T15:16:00Z</time><extensions><speed>1.293422</speed><course>90.775008</course><hAcc>0.925432</hAcc><vAcc>0.740157</vAcc></extensions></trkpt>
      <trkpt lon="-77.038577" lat="38.900310"><ele>22.063751</ele><time>2026-04-04T15:16:01Z</time><extensions><speed>1.279022</speed><course>90.782078</course><hAcc>0.923763</hAcc><vAcc>0.740150</vAcc></extensions></trkpt>
      <trkpt lon="-77.038562" lat="38.900310"><ele>22.066157</ele><time>2026-04-04T15:16:02Z</time><extensions><speed>1.269116</speed><course>90.789449</course><hAcc>0.922604</hAcc><vAcc>0.740144</vAcc></extensions></trkpt>
      <trkpt lon="-77.038548" lat="38.900309"><ele>22.068634</ele><time>2026-04-04T15:16:03Z</time><extensions><speed>1.263832</speed><course>90.796815</course><hAcc>0.922138</hAcc><vAcc>0.740140</vAcc></extensions></trkpt>
      <trkpt lon="-77.038533" lat="38.900309"><ele>22.071617</ele><time>2026-04-04T15:16:04Z</time><extensions><speed>1.261630</speed><course>90.803878</course><hAcc>0.922374</hAcc><vAcc>0.740137</vAcc></extensions></trkpt>
      <trkpt lon="-77.038519" lat="38.900309"><ele>22.075631</ele><time>2026-04-04T15:16:05Z</time><extensions><speed>1.261274</speed><course>90.810435</course><hAcc>0.923204</hAcc><vAcc>0.740136</vAcc></extensions></trkpt>
      <trkpt lon="-77.038504" lat="38.900309"><ele>22.081136</ele><time>2026-04-04T15:16:06Z</time><extensions><speed>1.263411</speed><course>90.816401</course><hAcc>0.924430</hAcc><vAcc>0.740135</vAcc></extensions></trkpt>
      <trkpt lon="-77.038490" lat="38.900309"><ele>22.088615</ele><time>2026-04-04T15:16:07Z</time><extensions><speed>1.266411</speed><course>90.821709</course><hAcc>0.925759</hAcc><vAcc>0.740134</vAcc></extensions></trkpt>
      <trkpt lon="-77.038475" lat="38.900309"><ele>22.098018</ele><time>2026-04-04T15:16:08Z</time><extensions><speed>1.265400</speed><course>90.826310</course><hAcc>0.926734</hAcc><vAcc>0.740134</vAcc></extensions></trkpt>
      <trkpt lon="-77.038460" lat="38.900308"><ele>22.109567</ele><time>2026-04-04T15:16:09Z</time><extensions><speed>1.259314</speed><course>90.830034</course><hAcc>0.926893</hAcc><vAcc>0.740135</vAcc></extensions></trkpt>
      <trkpt lon="-77.038446" lat="38.900308"><ele>22.123111</ele><time>2026-04-04T15:16:10Z</time><extensions><speed>1.252679</speed><course>90.833208</course><hAcc>0.926430</hAcc><vAcc>0.740135</vAcc></extensions></trkpt>
      <trkpt lon="-77.038431" lat="38.900308"><ele>22.138351</ele><time>2026-04-04T15:16:11Z</time><extensions><speed>1.247491</speed><course>90.835871</course><hAcc>0.925731</hAcc><vAcc>0.740136</vAcc></extensions></trkpt>
      <trkpt lon="-77.038417" lat="38.900308"><ele>22.155064</ele><time>2026-04-04T15:16:12Z</time><extensions><speed>1.244981</speed><course>90.838074</course><hAcc>0.925523</hAcc><vAcc>0.740136</vAcc></extensions></trkpt>
      <trkpt lon="-77.038403" lat="38.900308"><ele>22.172905</ele><time>2026-04-04T15:16:13Z</time><extensions><speed>1.248612</speed><course>90.839859</course><hAcc>0.927165</hAcc><vAcc>0.740136</vAcc></extensions></trkpt>
      <trkpt lon="-77.038388" lat="38.900308"><ele>22.191543</ele><time>2026-04-04T15:16:14Z</time><extensions><speed>1.257199</speed><course>90.841261</course><hAcc>0.932943</hAcc><vAcc>0.740136</vAcc></extensions></trkpt>
      <trkpt lon="-77.038374" lat="38.900307"><ele>22.210713</ele><time>2026-04-04T15:16:15Z</time><extensions><speed>1.266452</speed><course>90.842328</course><hAcc>0.946462</hAcc><vAcc>0.740135</vAcc></extensions></trkpt>
      <trkpt lon="-77.038359" lat="38.900307"><ele>22.230154</ele><time>2026-04-04T15:16:16Z</time><extensions><speed>1.277022</speed><course>90.843109</course><hAcc>0.972959</hAcc><vAcc>0.740134</vAcc></extensions></trkpt>
      <trkpt lon="-77.038344" lat="38.900307"><ele>22.249734</ele><time>2026-04-04T15:16:17Z</time><extensions><speed>1.287627</speed><course>90.843647</course><hAcc>1.019235</hAcc><vAcc>0.740133</vAcc></extensions></trkpt>
      <trkpt lon="-77.038329" lat="38.900307"><ele>22.269247</ele><time>2026-04-04T15:16:18Z</time><extensions><speed>1.296686</speed><course>90.843985</course><hAcc>1.092990</hAcc><vAcc>0.740131</vAcc></extensions></trkpt>
      <trkpt lon="-77.038314" lat="38.900307"><ele>22.288537</ele><time>2026-04-04T15:16:19Z</time><extensions><speed>1.300819</speed><course>90.844159</course><hAcc>1.201636</hAcc><vAcc>0.740131</vAcc></extensions></trkpt>
      <trkpt lon="-77.038301" lat="38.900307"><ele>22.307494</ele><time>2026-04-04T15:16:20Z</time><extensions><speed>1.118632</speed><course>90.856387</course><hAcc>1.224645</hAcc><vAcc>0.740133</vAcc></extensions></trkpt>
      <trkpt lon="-77.038289" lat="38.900306"><ele>22.325971</ele><time>2026-04-04T15:16:21Z</time><extensions><speed>0.925060</speed><course>90.867428</course><hAcc>1.264165</hAcc><vAcc>0.740139</vAcc></extensions></trkpt>
      <trkpt lon="-77.038277" lat="38.900306"><ele>22.343926</ele><time>2026-04-04T15:16:22Z</time><extensions><speed>1.033451</speed><course>90.871388</course><hAcc>1.331948</hAcc><vAcc>0.740153</vAcc></extensions></trkpt>
      <trkpt lon="-77.038264" lat="38.900306"><ele>22.361344</ele><time>2026-04-04T15:16:23Z</time><extensions><speed>1.268516</speed><course>90.871985</course><hAcc>1.411784</hAcc><vAcc>0.740186</vAcc></extensions></trkpt>
      <trkpt lon="-77.038249" lat="38.900306"><ele>22.378272</ele><time>2026-04-04T15:16:24Z</time><extensions><speed>1.370364</speed><course>90.875115</course><hAcc>1.492957</hAcc><vAcc>0.740246</vAcc></extensions></trkpt>
      <trkpt lon="-77.038232" lat="38.900306"><ele>22.394735</ele><time>2026-04-04T15:16:25Z</time><extensions><speed>1.495654</speed><course>90.874834</course><hAcc>1.559203</hAcc><vAcc>0.740335</vAcc></extensions></trkpt>
      <trkpt lon="-77.038215" lat="38.900306"><ele>22.410730</ele><time>2026-04-04T15:16:26Z</time><extensions><speed>1.467367</speed><course>90.872518</course><hAcc>1.597284</hAcc><vAcc>0.740466</vAcc></extensions></trkpt>
      <trkpt lon="-77.038199" lat="38.900305"><ele>22.426233</ele><time>2026-04-04T15:16:27Z</time><extensions><speed>1.352891</speed><course>90.898280</course><hAcc>1.555133</hAcc><vAcc>0.740652</vAcc></extensions></trkpt>
      <trkpt lon="-77.038183" lat="38.900305"><ele>22.441260</ele><time>2026-04-04T15:16:28Z</time><extensions><speed>1.367136</speed><course>90.918736</course><hAcc>1.487856</hAcc><vAcc>0.740910</vAcc></extensions></trkpt>
      <trkpt lon="-77.038168" lat="38.900305"><ele>22.455842</ele><time>2026-04-04T15:16:29Z</time><extensions><speed>1.388642</speed><course>90.946467</course><hAcc>1.421407</hAcc><vAcc>0.741260</vAcc></extensions></trkpt>
      <trkpt lon="-77.038152" lat="38.900305"><ele>22.469973</ele><time>2026-04-04T15:16:30Z</time><extensions><speed>1.378849</speed><course>90.993673</course><hAcc>1.375972</hAcc><vAcc>0.741721</vAcc></extensions></trkpt>
      <trkpt lon="-77.038136" lat="38.900305"><ele>22.483592</ele><time>2026-04-04T15:16:31Z</time><extensions><speed>1.396056</speed><course>91.152172</course><hAcc>1.316213</hAcc><vAcc>0.742310</vAcc></extensions></trkpt>
      <trkpt lon="-77.038119" lat="38.900304"><ele>22.496527</ele><time>2026-04-04T15:16:32Z</time><extensions><speed>1.548106</speed><course>91.347422</course><hAcc>1.286855</hAcc><vAcc>0.743043</vAcc></extensions></trkpt>
      <trkpt lon="-77.038101" lat="38.900304"><ele>22.508498</ele><time>2026-04-04T15:16:33Z</time><extensions><speed>1.572707</speed><course>91.361954</course><hAcc>1.299155</hAcc><vAcc>0.743926</vAcc></extensions></trkpt>
      <trkpt lon="-77.038083" lat="38.900304"><ele>22.519188</ele><time>2026-04-04T15:16:34Z</time><extensions><speed>1.568266</speed><course>91.367083</course><hAcc>1.303482</hAcc><vAcc>0.744955</vAcc></extensions></trkpt>
      <trkpt lon="-77.038065" lat="38.900303"><ele>22.528335</ele><time>2026-04-04T15:16:35Z</time><extensions><speed>1.514164</speed><course>91.395188</course><hAcc>1.303731</hAcc><vAcc>0.746112</vAcc></extensions></trkpt>
      <trkpt lon="-77.038048" lat="38.900303"><ele>22.535832</ele><time>2026-04-04T15:16:36Z</time><extensions><speed>1.420260</speed><course>91.551271</course><hAcc>1.284974</hAcc><vAcc>0.747360</vAcc></extensions></trkpt>
      <trkpt lon="-77.038032" lat="38.900303"><ele>22.541764</ele><time>2026-04-04T15:16:37Z</time><extensions><speed>1.362116</speed><course>91.682480</course><hAcc>1.298965</hAcc><vAcc>0.748656</vAcc></extensions></trkpt>
      <trkpt lon="-77.038017" lat="38.900302"><ele>22.546314</ele><time>2026-04-04T15:16:38Z</time><extensions><speed>1.306620</speed><course>91.810634</course><hAcc>1.332776</hAcc><vAcc>0.749943</vAcc></extensions></trkpt>
      <trkpt lon="-77.038001" lat="38.900302"><ele>22.549698</ele><time>2026-04-04T15:16:39Z</time><extensions><speed>1.460145</speed><course>91.799216</course><hAcc>1.341492</hAcc><vAcc>0.751161</vAcc></extensions></trkpt>
      <trkpt lon="-77.037984" lat="38.900301"><ele>22.552171</ele><time>2026-04-04T15:16:40Z</time><extensions><speed>1.465196</speed><course>91.758735</course><hAcc>1.350732</hAcc><vAcc>0.752251</vAcc></extensions></trkpt>
      <trkpt lon="-77.037967" lat="38.900301"><ele>22.554035</ele><time>2026-04-04T15:16:41Z</time><extensions><speed>1.391049</speed><course>91.709883</course><hAcc>1.362394</hAcc><vAcc>0.753166</vAcc></extensions></trkpt>
      <trkpt lon="-77.037951" lat="38.900301"><ele>22.555598</ele><time>2026-04-04T15:16:42Z</time><extensions><speed>1.411007</speed><course>91.651797</course><hAcc>1.372041</hAcc><vAcc>0.753884</vAcc></extensions></trkpt>
      <trkpt lon="-77.037935" lat="38.900300"><ele>22.557080</ele><time>2026-04-04T15:16:43Z</time><extensions><speed>1.431948</speed><course>91.591606</course><hAcc>1.380489</hAcc><vAcc>0.754409</vAcc></extensions></trkpt>
      <trkpt lon="-77.037918" lat="38.900300"><ele>22.558524</ele><time>2026-04-04T15:16:44Z</time><extensions><speed>1.408280</speed><course>91.519843</course><hAcc>1.387443</hAcc><vAcc>0.754769</vAcc></extensions></trkpt>
      <trkpt lon="-77.037902" lat="38.900300"><ele>22.559771</ele><time>2026-04-04T15:16:45Z</time><extensions><speed>1.395225</speed><course>91.422815</course><hAcc>1.391899</hAcc><vAcc>0.755012</vAcc></extensions></trkpt>
      <trkpt lon="-77.037886" lat="38.900299"><ele>22.560488</ele><time>2026-04-04T15:16:46Z</time><extensions><speed>1.374964</speed><course>91.280389</course><hAcc>1.396750</hAcc><vAcc>0.755191</vAcc></extensions></trkpt>
      <trkpt lon="-77.037870" lat="38.900299"><ele>22.560224</ele><time>2026-04-04T15:16:47Z</time><extensions><speed>1.417666</speed><course>91.073825</course><hAcc>1.401777</hAcc><vAcc>0.755364</vAcc></extensions></trkpt>
      <trkpt lon="-77.037854" lat="38.900299"><ele>22.558484</ele><time>2026-04-04T15:16:48Z</time><extensions><speed>1.465024</speed><course>90.722665</course><hAcc>1.407464</hAcc><vAcc>0.755574</vAcc></extensions></trkpt>
      <trkpt lon="-77.037837" lat="38.900299"><ele>22.554778</ele><time>2026-04-04T15:16:49Z</time><extensions><speed>1.453063</speed><course>89.956370</course><hAcc>1.410405</hAcc><vAcc>0.755854</vAcc></extensions></trkpt>
      <trkpt lon="-77.037820" lat="38.900299"><ele>22.548652</ele><time>2026-04-04T15:16:50Z</time><extensions><speed>1.386546</speed><course>89.714227</course><hAcc>1.411232</hAcc><vAcc>0.756208</vAcc></extensions></trkpt>
      <trkpt lon="-77.037805" lat="38.900299"><ele>22.539731</ele><time>2026-04-04T15:16:51Z</time><extensions><speed>1.338489</speed><course>89.659110</course><hAcc>1.413232</hAcc><vAcc>0.756623</vAcc></extensions></trkpt>
      <trkpt lon="-77.037789" lat="38.900299"><ele>22.527743</ele><time>2026-04-04T15:16:52Z</time><extensions><speed>1.348713</speed><course>89.674637</course><hAcc>1.413929</hAcc><vAcc>0.757061</vAcc></extensions></trkpt>
      <trkpt lon="-77.037773" lat="38.900299"><ele>22.512481</ele><time>2026-04-04T15:16:53Z</time><extensions><speed>1.375326</speed><course>89.705363</course><hAcc>1.412146</hAcc><vAcc>0.757474</vAcc></extensions></trkpt>
      <trkpt lon="-77.037757" lat="38.900299"><ele>22.493776</ele><time>2026-04-04T15:16:54Z</time><extensions><speed>1.414200</speed><course>89.736076</course><hAcc>1.412789</hAcc><vAcc>0.757819</vAcc></extensions></trkpt>
      <trkpt lon="-77.037741" lat="38.900299"><ele>22.471483</ele><time>2026-04-04T15:16:55Z</time><extensions><speed>1.402866</speed><course>89.760043</course><hAcc>1.415745</hAcc><vAcc>0.758079</vAcc></extensions></trkpt>
      <trkpt lon="-77.037725" lat="38.900299"><ele>22.445472</ele><time>2026-04-04T15:16:56Z</time><extensions><speed>1.375064</speed><course>89.771131</course><hAcc>1.404076</hAcc><vAcc>0.758306</vAcc></extensions></trkpt>
      <trkpt lon="-77.037708" lat="38.900299"><ele>22.415597</ele><time>2026-04-04T15:16:57Z</time><extensions><speed>1.525260</speed><course>89.784406</course><hAcc>1.401723</hAcc><vAcc>0.758667</vAcc></extensions></trkpt>
      <trkpt lon="-77.037691" lat="38.900299"><ele>22.381814</ele><time>2026-04-04T15:16:58Z</time><extensions><speed>1.509283</speed><course>89.792847</course><hAcc>1.413500</hAcc><vAcc>0.759523</vAcc></extensions></trkpt>
      <trkpt lon="-77.037673" lat="38.900299"><ele>22.344304</ele><time>2026-04-04T15:16:59Z</time><extensions><speed>1.570246</speed><course>89.797751</course><hAcc>1.411969</hAcc><vAcc>0.761519</vAcc></extensions></trkpt>
      <trkpt lon="-77.037656" lat="38.900299"><ele>22.295915</ele><time>2026-04-04T15:17:00Z</time><extensions><speed>1.454798</speed><course>89.801735</course><hAcc>1.429501</hAcc><vAcc>0.760614</vAcc></extensions></trkpt>
      <trkpt lon="-77.037639" lat="38.900299"><ele>22.242026</ele><time>2026-04-04T15:17:01Z</time><extensions><speed>1.410029</speed><course>89.802536</course><hAcc>1.422387</hAcc><vAcc>0.759802</vAcc></extensions></trkpt>
      <trkpt lon="-77.037623" lat="38.900299"><ele>22.184780</ele><time>2026-04-04T15:17:02Z</time><extensions><speed>1.386172</speed><course>89.803932</course><hAcc>1.430196</hAcc><vAcc>0.759101</vAcc></extensions></trkpt>
      <trkpt lon="-77.037608" lat="38.900299"><ele>22.124441</ele><time>2026-04-04T15:17:03Z</time><extensions><speed>1.292891</speed><course>89.805056</course><hAcc>1.448363</hAcc><vAcc>0.758517</vAcc></extensions></trkpt>
      <trkpt lon="-77.037593" lat="38.900300"><ele>22.063004</ele><time>2026-04-04T15:17:04Z</time><extensions><speed>1.298141</speed><course>89.806295</course><hAcc>1.469836</hAcc><vAcc>0.758045</vAcc></extensions></trkpt>
      <trkpt lon="-77.037578" lat="38.900300"><ele>22.000813</ele><time>2026-04-04T15:17:05Z</time><extensions><speed>1.222925</speed><course>89.807085</course><hAcc>1.495782</hAcc><vAcc>0.757675</vAcc></extensions></trkpt>
      <trkpt lon="-77.037565" lat="38.900300"><ele>21.938628</ele><time>2026-04-04T15:17:06Z</time><extensions><speed>1.107361</speed><course>89.807613</course><hAcc>1.531247</hAcc><vAcc>0.757393</vAcc></extensions></trkpt>
      <trkpt lon="-77.037551" lat="38.900300"><ele>21.878017</ele><time>2026-04-04T15:17:07Z</time><extensions><speed>1.192588</speed><course>89.808260</course><hAcc>1.587010</hAcc><vAcc>0.757184</vAcc></extensions></trkpt>
      <trkpt lon="-77.037536" lat="38.900300"><ele>21.828882</ele><time>2026-04-04T15:17:08Z</time><extensions><speed>1.425912</speed><course>89.808754</course><hAcc>1.671649</hAcc><vAcc>0.757034</vAcc></extensions></trkpt>
      <trkpt lon="-77.037519" lat="38.900300"><ele>21.771614</ele><time>2026-04-04T15:17:09Z</time><extensions><speed>1.567290</speed><course>89.808995</course><hAcc>1.780569</hAcc><vAcc>0.756929</vAcc></extensions></trkpt>
      <trkpt lon="-77.037501" lat="38.900300"><ele>21.719947</ele><time>2026-04-04T15:17:10Z</time><extensions><speed>1.479956</speed><course>89.809100</course><hAcc>1.884344</hAcc><vAcc>0.756859</vAcc></extensions></trkpt>
      <trkpt lon="-77.037484" lat="38.900300"><ele>21.669713</ele><time>2026-04-04T15:17:11Z</time><extensions><speed>1.370007</speed><course>89.809129</course><hAcc>1.949789</hAcc><vAcc>0.756814</vAcc></extensions></trkpt>
      <trkpt lon="-77.037468" lat="38.900300"><ele>21.621056</ele><time>2026-04-04T15:17:12Z</time><extensions><speed>1.400103</speed><course>89.809178</course><hAcc>2.013474</hAcc><vAcc>0.756786</vAcc></extensions></trkpt>
      <trkpt lon="-77.037451" lat="38.900300"><ele>21.573535</ele><time>2026-04-04T15:17:13Z</time><extensions><speed>1.412744</speed><course>89.809217</course><hAcc>2.075532</hAcc><vAcc>0.756769</vAcc></extensions></trkpt>
      <trkpt lon="-77.037435" lat="38.900300"><ele>21.528535</ele><time>2026-04-04T15:17:14Z</time><extensions><speed>1.367639</speed><course>89.809247</course><hAcc>2.134311</hAcc><vAcc>0.756760</vAcc></extensions></trkpt>
      <trkpt lon="-77.037420" lat="38.900300"><ele>21.485736</ele><time>2026-04-04T15:17:15Z</time><extensions><speed>1.320160</speed><course>89.809265</course><hAcc>2.184264</hAcc><vAcc>0.756756</vAcc></extensions></trkpt>
      <trkpt lon="-77.037405" lat="38.900300"><ele>21.446421</ele><time>2026-04-04T15:17:16Z</time><extensions><speed>1.189682</speed><course>89.809272</course><hAcc>2.233205</hAcc><vAcc>0.756754</vAcc></extensions></trkpt>
      <trkpt lon="-77.037391" lat="38.900300"><ele>21.410366</ele><time>2026-04-04T15:17:17Z</time><extensions><speed>1.132490</speed><course>89.809283</course><hAcc>2.280578</hAcc><vAcc>0.756753</vAcc></extensions></trkpt>
      <trkpt lon="-77.037378" lat="38.900300"><ele>21.376322</ele><time>2026-04-04T15:17:18Z</time><extensions><speed>1.098386</speed><course>89.809294</course><hAcc>2.328073</hAcc><vAcc>0.756753</vAcc></extensions></trkpt>
      <trkpt lon="-77.037365" lat="38.900300"><ele>21.343024</ele><time>2026-04-04T15:17:19Z</time><extensions><speed>1.156481</speed><course>89.809311</course><hAcc>2.374342</hAcc><vAcc>0.756753</vAcc></extensions></trkpt>
      <trkpt lon="-77.037351" lat="38.900300"><ele>21.310849</ele><time>2026-04-04T15:17:20Z</time><extensions><speed>1.162752</speed><course>89.809322</course><hAcc>2.422335</hAcc><vAcc>0.756752</vAcc></extensions></trkpt>
      <trkpt lon="-77.037340" lat="38.900302"><ele>21.279500</ele><time>2026-04-04T15:17:21Z</time><extensions><speed>1.030839</speed><course>87.948697</course><hAcc>2.468728</hAcc><vAcc>0.760214</vAcc></extensions></trkpt>
      <trkpt lon="-77.037327" lat="38.900302"><ele>21.251897</ele><time>2026-04-04T15:17:22Z</time><extensions><speed>1.170471</speed><course>88.057205</course><hAcc>2.506898</hAcc><vAcc>0.759953</vAcc></extensions></trkpt>
      <trkpt lon="-77.037312" lat="38.900303"><ele>21.227168</ele><time>2026-04-04T15:17:23Z</time><extensions><speed>1.405635</speed><course>88.259309</course><hAcc>2.541674</hAcc><vAcc>0.759655</vAcc></extensions></trkpt>
      <trkpt lon="-77.037294" lat="38.900303"><ele>21.204062</ele><time>2026-04-04T15:17:24Z</time><extensions><speed>1.551626</speed><course>88.307101</course><hAcc>2.572597</hAcc><vAcc>0.759329</vAcc></extensions></trkpt>
      <trkpt lon="-77.037276" lat="38.900303"><ele>21.181479</ele><time>2026-04-04T15:17:25Z</time><extensions><speed>1.503984</speed><course>88.128320</course><hAcc>2.596726</hAcc><vAcc>0.758973</vAcc></extensions></trkpt>
      <trkpt lon="-77.037258" lat="38.900303"><ele>21.161745</ele><time>2026-04-04T15:17:26Z</time><extensions><speed>1.426817</speed><course>88.118389</course><hAcc>2.602830</hAcc><vAcc>0.758561</vAcc></extensions></trkpt>
      <trkpt lon="-77.037241" lat="38.900304"><ele>21.143184</ele><time>2026-04-04T15:17:27Z</time><extensions><speed>1.423748</speed><course>88.173811</course><hAcc>2.602177</hAcc><vAcc>0.758035</vAcc></extensions></trkpt>
      <trkpt lon="-77.037225" lat="38.900304"><ele>21.126536</ele><time>2026-04-04T15:17:28Z</time><extensions><speed>1.307753</speed><course>88.019681</course><hAcc>2.597260</hAcc><vAcc>0.757284</vAcc></extensions></trkpt>
      <trkpt lon="-77.037211" lat="38.900304"><ele>21.113036</ele><time>2026-04-04T15:17:29Z</time><extensions><speed>1.180433</speed><course>88.080206</course><hAcc>2.596422</hAcc><vAcc>0.756122</vAcc></extensions></trkpt>
      <trkpt lon="-77.037197" lat="38.900304"><ele>21.103664</ele><time>2026-04-04T15:17:30Z</time><extensions><speed>1.150933</speed><course>89.019012</course><hAcc>2.600611</hAcc><vAcc>0.754257</vAcc></extensions></trkpt>
      <trkpt lon="-77.037185" lat="38.900304"><ele>21.099617</ele><time>2026-04-04T15:17:30Z</time><extensions><speed>1.176151</speed><course>90.879845</course><hAcc>2.589224</hAcc><vAcc>0.752144</vAcc></extensions></trkpt>
      <trkpt lon="-77.037183" lat="38.900304"><ele>21.102395</ele><time>2026-04-04T15:17:31Z</time><extensions><speed>1.182666</speed><course>90.916470</course><hAcc>2.565225</hAcc><vAcc>0.748195</vAcc></extensions></trkpt>
      <trkpt lon="-77.037168" lat="38.900304"><ele>21.103641</ele><time>2026-04-04T15:17:32Z</time><extensions><speed>1.279176</speed><course>91.248954</course><hAcc>2.545630</hAcc><vAcc>0.750554</vAcc></extensions></trkpt>
      <trkpt lon="-77.037153" lat="38.900304"><ele>21.109054</ele><time>2026-04-04T15:17:33Z</time><extensions><speed>1.312340</speed><course>91.269921</course><hAcc>2.531682</hAcc><vAcc>0.752111</vAcc></extensions></trkpt>
      <trkpt lon="-77.037136" lat="38.900303"><ele>21.115676</ele><time>2026-04-04T15:17:34Z</time><extensions><speed>1.399008</speed><course>91.105434</course><hAcc>2.525326</hAcc><vAcc>0.753240</vAcc></extensions></trkpt>
      <trkpt lon="-77.037119" lat="38.900303"><ele>21.121553</ele><time>2026-04-04T15:17:35Z</time><extensions><speed>1.529787</speed><course>90.904703</course><hAcc>2.518255</hAcc><vAcc>0.754179</vAcc></extensions></trkpt>
      <trkpt lon="-77.037101" lat="38.900303"><ele>21.131292</ele><time>2026-04-04T15:17:36Z</time><extensions><speed>1.632926</speed><course>90.766207</course><hAcc>2.510386</hAcc><vAcc>0.755065</vAcc></extensions></trkpt>
      <trkpt lon="-77.037083" lat="38.900302"><ele>21.140929</ele><time>2026-04-04T15:17:37Z</time><extensions><speed>1.539276</speed><course>90.834280</course><hAcc>2.500823</hAcc><vAcc>0.756003</vAcc></extensions></trkpt>
      <trkpt lon="-77.037066" lat="38.900302"><ele>21.151847</ele><time>2026-04-04T15:17:38Z</time><extensions><speed>1.382437</speed><course>90.670048</course><hAcc>2.492498</hAcc><vAcc>0.757019</vAcc></extensions></trkpt>
      <trkpt lon="-77.037050" lat="38.900302"><ele>21.165924</ele><time>2026-04-04T15:17:39Z</time><extensions><speed>1.312042</speed><course>90.556574</course><hAcc>2.484157</hAcc><vAcc>0.758113</vAcc></extensions></trkpt>
      <trkpt lon="-77.037034" lat="38.900302"><ele>21.181983</ele><time>2026-04-04T15:17:40Z</time><extensions><speed>1.371981</speed><course>90.386577</course><hAcc>2.485159</hAcc><vAcc>0.759273</vAcc></extensions></trkpt>
      <trkpt lon="-77.037018" lat="38.900302"><ele>21.193075</ele><time>2026-04-04T15:17:41Z</time><extensions><speed>1.348774</speed><course>90.216572</course><hAcc>2.493445</hAcc><vAcc>0.760503</vAcc></extensions></trkpt>
      <trkpt lon="-77.037004" lat="38.900302"><ele>21.202342</ele><time>2026-04-04T15:17:42Z</time><extensions><speed>1.121881</speed><course>90.314470</course><hAcc>2.474056</hAcc><vAcc>0.761802</vAcc></extensions></trkpt>
      <trkpt lon="-77.036992" lat="38.900302"><ele>21.209578</ele><time>2026-04-04T15:17:43Z</time><extensions><speed>0.977747</speed><course>90.333048</course><hAcc>2.461864</hAcc><vAcc>0.763147</vAcc></extensions></trkpt>
      <trkpt lon="-77.036980" lat="38.900302"><ele>21.215361</ele><time>2026-04-04T15:17:44Z</time><extensions><speed>1.042621</speed><course>90.270226</course><hAcc>2.448824</hAcc><vAcc>0.764531</vAcc></extensions></trkpt>
      <trkpt lon="-77.036966" lat="38.900302"><ele>21.219437</ele><time>2026-04-04T15:17:45Z</time><extensions><speed>1.315977</speed><course>90.145908</course><hAcc>2.400486</hAcc><vAcc>0.765949</vAcc></extensions></trkpt>
      <trkpt lon="-77.036950" lat="38.900302"><ele>21.222679</ele><time>2026-04-04T15:17:46Z</time><extensions><speed>1.444174</speed><course>90.068693</course><hAcc>2.398730</hAcc><vAcc>0.767407</vAcc></extensions></trkpt>
      <trkpt lon="-77.036934" lat="38.900302"><ele>21.226256</ele><time>2026-04-04T15:17:47Z</time><extensions><speed>1.316846</speed><course>90.012687</course><hAcc>2.401162</hAcc><vAcc>0.768965</vAcc></extensions></trkpt>
      <trkpt lon="-77.036920" lat="38.900302"><ele>21.229470</ele><time>2026-04-04T15:17:48Z</time><extensions><speed>0.975368</speed><course>90.104219</course><hAcc>2.367609</hAcc><vAcc>0.770684</vAcc></extensions></trkpt>
      <trkpt lon="-77.036909" lat="38.900302"><ele>21.229710</ele><time>2026-04-04T15:17:49Z</time><extensions><speed>0.968637</speed><course>90.093316</course><hAcc>2.333959</hAcc><vAcc>0.772669</vAcc></extensions></trkpt>
      <trkpt lon="-77.036895" lat="38.900302"><ele>21.227008</ele><time>2026-04-04T15:17:50Z</time><extensions><speed>1.314025</speed><course>89.999144</course><hAcc>2.302705</hAcc><vAcc>0.774990</vAcc></extensions></trkpt>
      <trkpt lon="-77.036879" lat="38.900302"><ele>21.223379</ele><time>2026-04-04T15:17:51Z</time><extensions><speed>1.427172</speed><course>89.962855</course><hAcc>2.252138</hAcc><vAcc>0.777746</vAcc></extensions></trkpt>
      <trkpt lon="-77.036862" lat="38.900302"><ele>21.220250</ele><time>2026-04-04T15:17:52Z</time><extensions><speed>1.477631</speed><course>89.931510</course><hAcc>2.205895</hAcc><vAcc>0.781039</vAcc></extensions></trkpt>
      <trkpt lon="-77.036845" lat="38.900302"><ele>21.218608</ele><time>2026-04-04T15:17:53Z</time><extensions><speed>1.471155</speed><course>89.912252</course><hAcc>2.155497</hAcc><vAcc>0.784890</vAcc></extensions></trkpt>
      <trkpt lon="-77.036828" lat="38.900302"><ele>21.218964</ele><time>2026-04-04T15:17:54Z</time><extensions><speed>1.390998</speed><course>89.902269</course><hAcc>2.099053</hAcc><vAcc>0.789287</vAcc></extensions></trkpt>
      <trkpt lon="-77.036812" lat="38.900302"><ele>21.219570</ele><time>2026-04-04T15:17:55Z</time><extensions><speed>1.219179</speed><course>89.909069</course><hAcc>2.039490</hAcc><vAcc>0.794240</vAcc></extensions></trkpt>
      <trkpt lon="-77.036798" lat="38.900302"><ele>21.220599</ele><time>2026-04-04T15:17:56Z</time><extensions><speed>1.237225</speed><course>89.886152</course><hAcc>2.008573</hAcc><vAcc>0.799745</vAcc></extensions></trkpt>
      <trkpt lon="-77.036784" lat="38.900302"><ele>21.222270</ele><time>2026-04-04T15:17:57Z</time><extensions><speed>1.180708</speed><course>89.866265</course><hAcc>1.994787</hAcc><vAcc>0.805748</vAcc></extensions></trkpt>
      <trkpt lon="-77.036770" lat="38.900302"><ele>21.223592</ele><time>2026-04-04T15:17:58Z</time><extensions><speed>1.102927</speed><course>89.856348</course><hAcc>1.961362</hAcc><vAcc>0.812191</vAcc></extensions></trkpt>
      <trkpt lon="-77.036757" lat="38.900302"><ele>21.225798</ele><time>2026-04-04T15:17:59Z</time><extensions><speed>1.089775</speed><course>89.840296</course><hAcc>1.915531</hAcc><vAcc>0.818991</vAcc></extensions></trkpt>
      <trkpt lon="-77.036744" lat="38.900302"><ele>21.229670</ele><time>2026-04-04T15:18:00Z</time><extensions><speed>1.237432</speed><course>89.820277</course><hAcc>1.856977</hAcc><vAcc>0.826110</vAcc></extensions></trkpt>
      <trkpt lon="-77.036729" lat="38.900302"><ele>21.233916</ele><time>2026-04-04T15:18:01Z</time><extensions><speed>1.347939</speed><course>89.799125</course><hAcc>1.794369</hAcc><vAcc>0.833421</vAcc></extensions></trkpt>
      <trkpt lon="-77.036713" lat="38.900302"><ele>21.236930</ele><time>2026-04-04T15:18:02Z</time><extensions><speed>1.403027</speed><course>89.773475</course><hAcc>1.741592</hAcc><vAcc>0.840847</vAcc></extensions></trkpt>
      <trkpt lon="-77.036697" lat="38.900302"><ele>21.239413</ele><time>2026-04-04T15:18:03Z</time><extensions><speed>1.407897</speed><course>89.924033</course><hAcc>1.701856</hAcc><vAcc>0.848302</vAcc></extensions></trkpt>
      <trkpt lon="-77.036681" lat="38.900302"><ele>21.240620</ele><time>2026-04-04T15:18:04Z</time><extensions><speed>1.272657</speed><course>90.036392</course><hAcc>1.681899</hAcc><vAcc>0.855759</vAcc></extensions></trkpt>
      <trkpt lon="-77.036667" lat="38.900302"><ele>21.239813</ele><time>2026-04-04T15:18:05Z</time><extensions><speed>1.166434</speed><course>90.184035</course><hAcc>1.666436</hAcc><vAcc>0.863197</vAcc></extensions></trkpt>
      <trkpt lon="-77.036654" lat="38.900301"><ele>21.238726</ele><time>2026-04-04T15:18:06Z</time><extensions><speed>1.173903</speed><course>90.167889</course><hAcc>1.663406</hAcc><vAcc>0.870587</vAcc></extensions></trkpt>
      <trkpt lon="-77.036640" lat="38.900301"><ele>21.236468</ele><time>2026-04-04T15:18:07Z</time><extensions><speed>1.256449</speed><course>90.419969</course><hAcc>1.656551</hAcc><vAcc>0.877802</vAcc></extensions></trkpt>
      <trkpt lon="-77.036624" lat="38.900301"><ele>21.234273</ele><time>2026-04-04T15:18:08Z</time><extensions><speed>1.350962</speed><course>90.669828</course><hAcc>1.654733</hAcc><vAcc>0.884744</vAcc></extensions></trkpt>
      <trkpt lon="-77.036608" lat="38.900301"><ele>21.234254</ele><time>2026-04-04T15:18:09Z</time><extensions><speed>1.402348</speed><course>90.890213</course><hAcc>1.655153</hAcc><vAcc>0.891373</vAcc></extensions></trkpt>
      <trkpt lon="-77.036592" lat="38.900301"><ele>21.237640</ele><time>2026-04-04T15:18:10Z</time><extensions><speed>1.368142</speed><course>90.910985</course><hAcc>1.654654</hAcc><vAcc>0.897649</vAcc></extensions></trkpt>
      <trkpt lon="-77.036577" lat="38.900301"><ele>21.241955</ele><time>2026-04-04T15:18:11Z</time><extensions><speed>1.302523</speed><course>89.996353</course><hAcc>1.648110</hAcc><vAcc>0.903691</vAcc></extensions></trkpt>
      <trkpt lon="-77.036561" lat="38.900301"><ele>21.248148</ele><time>2026-04-04T15:18:12Z</time><extensions><speed>1.346114</speed><course>85.863509</course><hAcc>1.644560</hAcc><vAcc>0.909389</vAcc></extensions></trkpt>
      <trkpt lon="-77.036546" lat="38.900303"><ele>21.252279</ele><time>2026-04-04T15:18:13Z</time><extensions><speed>1.358414</speed><course>72.941941</course><hAcc>1.646961</hAcc><vAcc>0.914766</vAcc></extensions></trkpt>
      <trkpt lon="-77.036530" lat="38.900305"><ele>21.259218</ele><time>2026-04-04T15:18:14Z</time><extensions><speed>1.438099</speed><course>85.922459</course><hAcc>1.644163</hAcc><vAcc>0.919756</vAcc></extensions></trkpt>
      <trkpt lon="-77.036514" lat="38.900306"><ele>21.268045</ele><time>2026-04-04T15:18:15Z</time><extensions><speed>1.450645</speed><course>90.409434</course><hAcc>1.655745</hAcc><vAcc>0.924360</vAcc></extensions></trkpt>
      <trkpt lon="-77.036497" lat="38.900306"><ele>21.282490</ele><time>2026-04-04T15:18:16Z</time><extensions><speed>1.412627</speed><course>91.399025</course><hAcc>1.662553</hAcc><vAcc>0.928638</vAcc></extensions></trkpt>
      <trkpt lon="-77.036482" lat="38.900305"><ele>21.299909</ele><time>2026-04-04T15:18:17Z</time><extensions><speed>1.266095</speed><course>91.869902</course><hAcc>1.648919</hAcc><vAcc>0.932632</vAcc></extensions></trkpt>
      <trkpt lon="-77.036467" lat="38.900305"><ele>21.318593</ele><time>2026-04-04T15:18:18Z</time><extensions><speed>1.251627</speed><course>91.532478</course><hAcc>1.645623</hAcc><vAcc>0.936449</vAcc></extensions></trkpt>
      <trkpt lon="-77.036452" lat="38.900305"><ele>21.341588</ele><time>2026-04-04T15:18:19Z</time><extensions><speed>1.325062</speed><course>90.615190</course><hAcc>1.652691</hAcc><vAcc>0.940023</vAcc></extensions></trkpt>
      <trkpt lon="-77.036436" lat="38.900305"><ele>21.367815</ele><time>2026-04-04T15:18:20Z</time><extensions><speed>1.435685</speed><course>90.034928</course><hAcc>1.667142</hAcc><vAcc>0.943306</vAcc></extensions></trkpt>
      <trkpt lon="-77.036419" lat="38.900305"><ele>21.395452</ele><time>2026-04-04T15:18:21Z</time><extensions><speed>1.412035</speed><course>89.684744</course><hAcc>1.686532</hAcc><vAcc>0.946256</vAcc></extensions></trkpt>
      <trkpt lon="-77.036404" lat="38.900305"><ele>21.425206</ele><time>2026-04-04T15:18:22Z</time><extensions><speed>1.276159</speed><course>89.904697</course><hAcc>1.675625</hAcc><vAcc>0.948865</vAcc></extensions></trkpt>
      <trkpt lon="-77.036389" lat="38.900305"><ele>21.452442</ele><time>2026-04-04T15:18:23Z</time><extensions><speed>1.281649</speed><course>90.239763</course><hAcc>1.670743</hAcc><vAcc>0.951301</vAcc></extensions></trkpt>
      <trkpt lon="-77.036374" lat="38.900305"><ele>21.479722</ele><time>2026-04-04T15:18:24Z</time><extensions><speed>1.373468</speed><course>90.231368</course><hAcc>1.671549</hAcc><vAcc>0.953615</vAcc></extensions></trkpt>
      <trkpt lon="-77.036358" lat="38.900305"><ele>21.507158</ele><time>2026-04-04T15:18:25Z</time><extensions><speed>1.365908</speed><course>90.170455</course><hAcc>1.673147</hAcc><vAcc>0.955962</vAcc></extensions></trkpt>
      <trkpt lon="-77.036343" lat="38.900305"><ele>21.533758</ele><time>2026-04-04T15:18:26Z</time><extensions><speed>1.232733</speed><course>90.116668</course><hAcc>1.678445</hAcc><vAcc>0.958293</vAcc></extensions></trkpt>
      <trkpt lon="-77.036330" lat="38.900305"><ele>21.559991</ele><time>2026-04-04T15:18:27Z</time><extensions><speed>1.063442</speed><course>90.059317</course><hAcc>1.690327</hAcc><vAcc>0.960465</vAcc></extensions></trkpt>
      <trkpt lon="-77.036318" lat="38.900305"><ele>21.589185</ele><time>2026-04-04T15:18:28Z</time><extensions><speed>1.002279</speed><course>89.979608</course><hAcc>1.700236</hAcc><vAcc>0.962439</vAcc></extensions></trkpt>
      <trkpt lon="-77.036306" lat="38.900305"><ele>21.615415</ele><time>2026-04-04T15:18:29Z</time><extensions><speed>1.145680</speed><course>89.943901</course><hAcc>1.684887</hAcc><vAcc>0.964198</vAcc></extensions></trkpt>
      <trkpt lon="-77.036292" lat="38.900305"><ele>21.641782</ele><time>2026-04-04T15:18:30Z</time><extensions><speed>1.215627</speed><course>89.906058</course><hAcc>1.681142</hAcc><vAcc>0.965904</vAcc></extensions></trkpt>
      <trkpt lon="-77.036277" lat="38.900305"><ele>21.663441</ele><time>2026-04-04T15:18:31Z</time><extensions><speed>1.273283</speed><course>89.870538</course><hAcc>1.685948</hAcc><vAcc>0.967467</vAcc></extensions></trkpt>
      <trkpt lon="-77.036262" lat="38.900305"><ele>21.681223</ele><time>2026-04-04T15:18:32Z</time><extensions><speed>1.330196</speed><course>89.838874</course><hAcc>1.697043</hAcc><vAcc>0.968924</vAcc></extensions></trkpt>
      <trkpt lon="-77.036246" lat="38.900305"><ele>21.695117</ele><time>2026-04-04T15:18:33Z</time><extensions><speed>1.365659</speed><course>89.809177</course><hAcc>1.712682</hAcc><vAcc>0.970204</vAcc></extensions></trkpt>
      <trkpt lon="-77.036230" lat="38.900305"><ele>21.704173</ele><time>2026-04-04T15:18:34Z</time><extensions><speed>1.478542</speed><course>89.801637</course><hAcc>1.702449</hAcc><vAcc>0.971349</vAcc></extensions></trkpt>
      <trkpt lon="-77.036213" lat="38.900305"><ele>21.713932</ele><time>2026-04-04T15:18:35Z</time><extensions><speed>1.465841</speed><course>89.802995</course><hAcc>1.703316</hAcc><vAcc>0.972247</vAcc></extensions></trkpt>
      <trkpt lon="-77.036196" lat="38.900305"><ele>21.726403</ele><time>2026-04-04T15:18:36Z</time><extensions><speed>1.405289</speed><course>89.780818</course><hAcc>1.725660</hAcc><vAcc>0.972895</vAcc></extensions></trkpt>
      <trkpt lon="-77.036181" lat="38.900305"><ele>21.737792</ele><time>2026-04-04T15:18:37Z</time><extensions><speed>1.270311</speed><course>89.781283</course><hAcc>1.715405</hAcc><vAcc>0.973363</vAcc></extensions></trkpt>
      <trkpt lon="-77.036167" lat="38.900305"><ele>21.741975</ele><time>2026-04-04T15:18:38Z</time><extensions><speed>1.172518</speed><course>89.780975</course><hAcc>1.714062</hAcc><vAcc>0.973714</vAcc></extensions></trkpt>
      <trkpt lon="-77.036153" lat="38.900305"><ele>21.742401</ele><time>2026-04-04T15:18:39Z</time><extensions><speed>1.132905</speed><course>89.780636</course><hAcc>1.726163</hAcc><vAcc>0.973912</vAcc></extensions></trkpt>
      <trkpt lon="-77.036141" lat="38.900305"><ele>21.724883</ele><time>2026-04-04T15:18:40Z</time><extensions><speed>1.065013</speed><course>89.784549</course><hAcc>1.744523</hAcc><vAcc>0.973828</vAcc></extensions></trkpt>
      <trkpt lon="-77.036128" lat="38.900305"><ele>21.705268</ele><time>2026-04-04T15:18:41Z</time><extensions><speed>1.023997</speed><course>89.813983</course><hAcc>1.741353</hAcc><vAcc>0.973660</vAcc></extensions></trkpt>
      <trkpt lon="-77.036116" lat="38.900305"><ele>21.686107</ele><time>2026-04-04T15:18:42Z</time><extensions><speed>1.075649</speed><course>89.874024</course><hAcc>1.744625</hAcc><vAcc>0.973552</vAcc></extensions></trkpt>
      <trkpt lon="-77.036103" lat="38.900305"><ele>21.667453</ele><time>2026-04-04T15:18:43Z</time><extensions><speed>1.190324</speed><course>89.892083</course><hAcc>1.751537</hAcc><vAcc>0.973406</vAcc></extensions></trkpt>
      <trkpt lon="-77.036089" lat="38.900305"><ele>21.654149</ele><time>2026-04-04T15:18:44Z</time><extensions><speed>1.159460</speed><course>89.896672</course><hAcc>1.758842</hAcc><vAcc>0.973276</vAcc></extensions></trkpt>
      <trkpt lon="-77.036076" lat="38.900305"><ele>21.638739</ele><time>2026-04-04T15:18:45Z</time><extensions><speed>1.026047</speed><course>89.898175</course><hAcc>1.761488</hAcc><vAcc>0.973147</vAcc></extensions></trkpt>
      <trkpt lon="-77.036064" lat="38.900305"><ele>21.619942</ele><time>2026-04-04T15:18:46Z</time><extensions><speed>0.953328</speed><course>89.897760</course><hAcc>1.762418</hAcc><vAcc>0.973005</vAcc></extensions></trkpt>
      <trkpt lon="-77.036053" lat="38.900305"><ele>21.605395</ele><time>2026-04-04T15:18:47Z</time><extensions><speed>1.045632</speed><course>89.895628</course><hAcc>1.762519</hAcc><vAcc>0.973043</vAcc></extensions></trkpt>
      <trkpt lon="-77.036040" lat="38.900305"><ele>21.592761</ele><time>2026-04-04T15:18:48Z</time><extensions><speed>1.123859</speed><course>89.893925</course><hAcc>1.765630</hAcc><vAcc>0.973231</vAcc></extensions></trkpt>
      <trkpt lon="-77.036026" lat="38.900305"><ele>21.580959</ele><time>2026-04-04T15:18:49Z</time><extensions><speed>1.248290</speed><course>89.892505</course><hAcc>1.763619</hAcc><vAcc>0.973604</vAcc></extensions></trkpt>
      <trkpt lon="-77.036012" lat="38.900305"><ele>21.572547</ele><time>2026-04-04T15:18:50Z</time><extensions><speed>1.306766</speed><course>89.891675</course><hAcc>1.760806</hAcc><vAcc>0.974098</vAcc></extensions></trkpt>
      <trkpt lon="-77.035997" lat="38.900305"><ele>21.565782</ele><time>2026-04-04T15:18:51Z</time><extensions><speed>1.236698</speed><course>89.891115</course><hAcc>1.767398</hAcc><vAcc>0.974632</vAcc></extensions></trkpt>
      <trkpt lon="-77.035984" lat="38.900305"><ele>21.558745</ele><time>2026-04-04T15:18:52Z</time><extensions><speed>1.035621</speed><course>89.890755</course><hAcc>1.778179</hAcc><vAcc>0.975255</vAcc></extensions></trkpt>
      <trkpt lon="-77.035972" lat="38.900305"><ele>21.559145</ele><time>2026-04-04T15:18:53Z</time><extensions><speed>1.001136</speed><course>89.890606</course><hAcc>1.769018</hAcc><vAcc>0.975966</vAcc></extensions></trkpt>
      <trkpt lon="-77.035960" lat="38.900305"><ele>21.559584</ele><time>2026-04-04T15:18:54Z</time><extensions><speed>1.080325</speed><course>89.890293</course><hAcc>1.764730</hAcc><vAcc>0.976793</vAcc></extensions></trkpt>
      <trkpt lon="-77.035946" lat="38.900305"><ele>21.542630</ele><time>2026-04-04T15:18:55Z</time><extensions><speed>1.289493</speed><course>89.889898</course><hAcc>1.772505</hAcc><vAcc>0.977621</vAcc></extensions></trkpt>
      <trkpt lon="-77.035930" lat="38.900305"><ele>21.532599</ele><time>2026-04-04T15:18:56Z</time><extensions><speed>1.441362</speed><course>89.889640</course><hAcc>1.791528</hAcc><vAcc>0.978458</vAcc></extensions></trkpt>
      <trkpt lon="-77.035913" lat="38.900305"><ele>21.516066</ele><time>2026-04-04T15:18:57Z</time><extensions><speed>1.466137</speed><course>89.889454</course><hAcc>1.817413</hAcc><vAcc>0.979450</vAcc></extensions></trkpt>
      <trkpt lon="-77.035896" lat="38.900305"><ele>21.502075</ele><time>2026-04-04T15:18:58Z</time><extensions><speed>1.529641</speed><course>89.889407</course><hAcc>1.818409</hAcc><vAcc>0.980387</vAcc></extensions></trkpt>
      <trkpt lon="-77.035878" lat="38.900305"><ele>21.491489</ele><time>2026-04-04T15:18:59Z</time><extensions><speed>1.459244</speed><course>89.889361</course><hAcc>1.820351</hAcc><vAcc>0.981359</vAcc></extensions></trkpt>
      <trkpt lon="-77.035862" lat="38.900305"><ele>21.483221</ele><time>2026-04-04T15:19:00Z</time><extensions><speed>1.318918</speed><course>89.889341</course><hAcc>1.802688</hAcc><vAcc>0.982228</vAcc></extensions></trkpt>
      <trkpt lon="-77.035848" lat="38.900305"><ele>21.476128</ele><time>2026-04-04T15:19:01Z</time><extensions><speed>1.099894</speed><course>89.889337</course><hAcc>1.789394</hAcc><vAcc>0.982903</vAcc></extensions></trkpt>
      <trkpt lon="-77.035835" lat="38.900305"><ele>21.467282</ele><time>2026-04-04T15:19:02Z</time><extensions><speed>1.119339</speed><course>89.889279</course><hAcc>1.782287</hAcc><vAcc>0.983408</vAcc></extensions></trkpt>
      <trkpt lon="-77.035821" lat="38.900305"><ele>21.459375</ele><time>2026-04-04T15:19:03Z</time><extensions><speed>1.222666</speed><course>89.889223</course><hAcc>1.774262</hAcc><vAcc>0.983856</vAcc></extensions></trkpt>
      <trkpt lon="-77.035807" lat="38.900305"><ele>21.457306</ele><time>2026-04-04T15:19:04Z</time><extensions><speed>1.315650</speed><course>89.889180</course><hAcc>1.767007</hAcc><vAcc>0.984234</vAcc></extensions></trkpt>
      <trkpt lon="-77.035791" lat="38.900306"><ele>21.454792</ele><time>2026-04-04T15:19:05Z</time><extensions><speed>1.387286</speed><course>89.889150</course><hAcc>1.760257</hAcc><vAcc>0.984522</vAcc></extensions></trkpt>
      <trkpt lon="-77.035774" lat="38.900306"><ele>21.451054</ele><time>2026-04-04T15:19:06Z</time><extensions><speed>1.615324</speed><course>89.889120</course><hAcc>1.761384</hAcc><vAcc>0.984941</vAcc></extensions></trkpt>
      <trkpt lon="-77.035756" lat="38.900306"><ele>21.444127</ele><time>2026-04-04T15:19:07Z</time><extensions><speed>1.468402</speed><course>89.889105</course><hAcc>1.771793</hAcc><vAcc>0.985410</vAcc></extensions></trkpt>
      <trkpt lon="-77.035740" lat="38.900306"><ele>21.436342</ele><time>2026-04-04T15:19:08Z</time><extensions><speed>1.348943</speed><course>89.889103</course><hAcc>1.760559</hAcc><vAcc>0.985886</vAcc></extensions></trkpt>
      <trkpt lon="-77.035725" lat="38.900306"><ele>21.426603</ele><time>2026-04-04T15:19:09Z</time><extensions><speed>1.244150</speed><course>89.889092</course><hAcc>1.769686</hAcc><vAcc>0.986360</vAcc></extensions></trkpt>
      <trkpt lon="-77.035711" lat="38.900306"><ele>21.413869</ele><time>2026-04-04T15:19:10Z</time><extensions><speed>1.140484</speed><course>89.889091</course><hAcc>1.757371</hAcc><vAcc>0.986803</vAcc></extensions></trkpt>
      <trkpt lon="-77.035698" lat="38.900306"><ele>21.399854</ele><time>2026-04-04T15:19:11Z</time><extensions><speed>1.112044</speed><course>89.889086</course><hAcc>1.753956</hAcc><vAcc>0.987233</vAcc></extensions></trkpt>
      <trkpt lon="-77.035685" lat="38.900306"><ele>21.380331</ele><time>2026-04-04T15:19:12Z</time><extensions><speed>1.190424</speed><course>89.889079</course><hAcc>1.758945</hAcc><vAcc>0.987699</vAcc></extensions></trkpt>
      <trkpt lon="-77.035671" lat="38.900306"><ele>21.356309</ele><time>2026-04-04T15:19:13Z</time><extensions><speed>1.290435</speed><course>89.889075</course><hAcc>1.762821</hAcc><vAcc>0.988085</vAcc></extensions></trkpt>
      <trkpt lon="-77.035655" lat="38.900306"><ele>21.341962</ele><time>2026-04-04T15:19:14Z</time><extensions><speed>1.331072</speed><course>89.889072</course><hAcc>1.763671</hAcc><vAcc>0.988306</vAcc></extensions></trkpt>
      <trkpt lon="-77.035639" lat="38.900306"><ele>21.329116</ele><time>2026-04-04T15:19:15Z</time><extensions><speed>1.420941</speed><course>89.889071</course><hAcc>1.763416</hAcc><vAcc>0.988490</vAcc></extensions></trkpt>
      <trkpt lon="-77.035623" lat="38.900306"><ele>21.311446</ele><time>2026-04-04T15:19:16Z</time><extensions><speed>1.414289</speed><course>89.889069</course><hAcc>1.766100</hAcc><vAcc>0.988373</vAcc></extensions></trkpt>
      <trkpt lon="-77.035607" lat="38.900306"><ele>21.291772</ele><time>2026-04-04T15:19:17Z</time><extensions><speed>1.307086</speed><course>89.889068</course><hAcc>1.785441</hAcc><vAcc>0.987739</vAcc></extensions></trkpt>
      <trkpt lon="-77.035592" lat="38.900306"><ele>21.269223</ele><time>2026-04-04T15:19:18Z</time><extensions><speed>1.216954</speed><course>89.889065</course><hAcc>1.773111</hAcc><vAcc>0.986537</vAcc></extensions></trkpt>
      <trkpt lon="-77.035578" lat="38.900306"><ele>21.239984</ele><time>2026-04-04T15:19:19Z</time><extensions><speed>1.247879</speed><course>89.889062</course><hAcc>1.771043</hAcc><vAcc>0.984693</vAcc></extensions></trkpt>
      <trkpt lon="-77.035564" lat="38.900306"><ele>21.196519</ele><time>2026-04-04T15:19:20Z</time><extensions><speed>1.247221</speed><course>89.889061</course><hAcc>1.766793</hAcc><vAcc>0.982245</vAcc></extensions></trkpt>
      <trkpt lon="-77.035549" lat="38.900306"><ele>21.150877</ele><time>2026-04-04T15:19:21Z</time><extensions><speed>1.223682</speed><course>89.907016</course><hAcc>1.770911</hAcc><vAcc>0.979305</vAcc></extensions></trkpt>
      <trkpt lon="-77.035534" lat="38.900306"><ele>21.105450</ele><time>2026-04-04T15:19:22Z</time><extensions><speed>1.264691</speed><course>89.898938</course><hAcc>1.777642</hAcc><vAcc>0.976205</vAcc></extensions></trkpt>
      <trkpt lon="-77.035518" lat="38.900306"><ele>21.063114</ele><time>2026-04-04T15:19:23Z</time><extensions><speed>1.436279</speed><course>89.881244</course><hAcc>1.778472</hAcc><vAcc>0.972994</vAcc></extensions></trkpt>
      <trkpt lon="-77.035501" lat="38.900306"><ele>21.020486</ele><time>2026-04-04T15:19:24Z</time><extensions><speed>1.491848</speed><course>89.863627</course><hAcc>1.790409</hAcc><vAcc>0.969722</vAcc></extensions></trkpt>
      <trkpt lon="-77.035484" lat="38.900306"><ele>20.989418</ele><time>2026-04-04T15:19:25Z</time><extensions><speed>1.423160</speed><course>89.840991</course><hAcc>1.811965</hAcc><vAcc>0.966616</vAcc></extensions></trkpt>
      <trkpt lon="-77.035468" lat="38.900306"><ele>20.958054</ele><time>2026-04-04T15:19:26Z</time><extensions><speed>1.304909</speed><course>89.784939</course><hAcc>1.800453</hAcc><vAcc>0.963717</vAcc></extensions></trkpt>
      <trkpt lon="-77.035454" lat="38.900306"><ele>20.929728</ele><time>2026-04-04T15:19:27Z</time><extensions><speed>1.154919</speed><course>89.684501</course><hAcc>1.797197</hAcc><vAcc>0.961315</vAcc></extensions></trkpt>
      <trkpt lon="-77.035441" lat="38.900306"><ele>20.899601</ele><time>2026-04-04T15:19:28Z</time><extensions><speed>1.057679</speed><course>89.482400</course><hAcc>1.802859</hAcc><vAcc>0.959329</vAcc></extensions></trkpt>
      <trkpt lon="-77.035429" lat="38.900306"><ele>20.867227</ele><time>2026-04-04T15:19:29Z</time><extensions><speed>1.025948</speed><course>89.062509</course><hAcc>1.808633</hAcc><vAcc>0.957830</vAcc></extensions></trkpt>
      <trkpt lon="-77.035416" lat="38.900307"><ele>20.834947</ele><time>2026-04-04T15:19:30Z</time><extensions><speed>1.056453</speed><course>88.166306</course><hAcc>1.812460</hAcc><vAcc>0.956868</vAcc></extensions></trkpt>
      <trkpt lon="-77.035404" lat="38.900307"><ele>20.801652</ele><time>2026-04-04T15:19:31Z</time><extensions><speed>1.074900</speed><course>85.923330</course><hAcc>1.812209</hAcc><vAcc>0.956497</vAcc></extensions></trkpt>
      <trkpt lon="-77.035391" lat="38.900308"><ele>20.770755</ele><time>2026-04-04T15:19:32Z</time><extensions><speed>1.060110</speed><course>85.020156</course><hAcc>1.808687</hAcc><vAcc>0.956631</vAcc></extensions></trkpt>
      <trkpt lon="-77.035379" lat="38.900309"><ele>20.736176</ele><time>2026-04-04T15:19:33Z</time><extensions><speed>1.078576</speed><course>84.590780</course><hAcc>1.801058</hAcc><vAcc>0.956992</vAcc></extensions></trkpt>
      <trkpt lon="-77.035366" lat="38.900310"><ele>20.700090</ele><time>2026-04-04T15:19:34Z</time><extensions><speed>1.223424</speed><course>84.332783</course><hAcc>1.790099</hAcc><vAcc>0.957455</vAcc></extensions></trkpt>
      <trkpt lon="-77.035351" lat="38.900311"><ele>20.663157</ele><time>2026-04-04T15:19:35Z</time><extensions><speed>1.318713</speed><course>84.196591</course><hAcc>1.782055</hAcc><vAcc>0.957705</vAcc></extensions></trkpt>
      <trkpt lon="-77.035335" lat="38.900312"><ele>20.631003</ele><time>2026-04-04T15:19:36Z</time><extensions><speed>1.437850</speed><course>84.105836</course><hAcc>1.780611</hAcc><vAcc>0.957537</vAcc></extensions></trkpt>
      <trkpt lon="-77.035319" lat="38.900313"><ele>20.599450</ele><time>2026-04-04T15:19:37Z</time><extensions><speed>1.309490</speed><course>84.050682</course><hAcc>1.789174</hAcc><vAcc>0.956734</vAcc></extensions></trkpt>
      <trkpt lon="-77.035306" lat="38.900314"><ele>20.557194</ele><time>2026-04-04T15:19:38Z</time><extensions><speed>0.992083</speed><course>84.172100</course><hAcc>1.772947</hAcc><vAcc>0.955177</vAcc></extensions></trkpt>
      <trkpt lon="-77.035295" lat="38.900315"><ele>20.518860</ele><time>2026-04-04T15:19:39Z</time><extensions><speed>0.868894</speed><course>84.325848</course><hAcc>1.763583</hAcc><vAcc>0.952926</vAcc></extensions></trkpt>
      <trkpt lon="-77.035285" lat="38.900316"><ele>20.489275</ele><time>2026-04-04T15:19:40Z</time><extensions><speed>0.805528</speed><course>84.516044</course><hAcc>1.759978</hAcc><vAcc>0.949687</vAcc></extensions></trkpt>
      <trkpt lon="-77.035276" lat="38.900317"><ele>20.468824</ele><time>2026-04-04T15:19:41Z</time><extensions><speed>0.806880</speed><course>84.694595</course><hAcc>1.765269</hAcc><vAcc>0.945676</vAcc></extensions></trkpt>
      <trkpt lon="-77.035266" lat="38.900317"><ele>20.460858</ele><time>2026-04-04T15:19:42Z</time><extensions><speed>0.839069</speed><course>84.866536</course><hAcc>1.778846</hAcc><vAcc>0.940663</vAcc></extensions></trkpt>
      <trkpt lon="-77.035257" lat="38.900318"><ele>20.466909</ele><time>2026-04-04T15:19:43Z</time><extensions><speed>0.820750</speed><course>85.241561</course><hAcc>1.787341</hAcc><vAcc>0.934650</vAcc></extensions></trkpt>
      <trkpt lon="-77.035248" lat="38.900318"><ele>20.481062</ele><time>2026-04-04T15:19:44Z</time><extensions><speed>0.730768</speed><course>86.567831</course><hAcc>1.762114</hAcc><vAcc>0.927751</vAcc></extensions></trkpt>
      <trkpt lon="-77.035238" lat="38.900319"><ele>20.503771</ele><time>2026-04-04T15:19:45Z</time><extensions><speed>0.839162</speed><course>87.715866</course><hAcc>1.727049</hAcc><vAcc>0.920280</vAcc></extensions></trkpt>
      <trkpt lon="-77.035227" lat="38.900319"><ele>20.537331</ele><time>2026-04-04T15:19:46Z</time><extensions><speed>0.967755</speed><course>87.989206</course><hAcc>1.726953</hAcc><vAcc>0.912321</vAcc></extensions></trkpt>
      <trkpt lon="-77.035216" lat="38.900319"><ele>20.583122</ele><time>2026-04-04T15:19:47Z</time><extensions><speed>1.040805</speed><course>88.428859</course><hAcc>1.739619</hAcc><vAcc>0.904229</vAcc></extensions></trkpt>
      <trkpt lon="-77.035203" lat="38.900319"><ele>20.645502</ele><time>2026-04-04T15:19:48Z</time><extensions><speed>1.103262</speed><course>90.481111</course><hAcc>1.736922</hAcc><vAcc>0.895727</vAcc></extensions></trkpt>
      <trkpt lon="-77.035190" lat="38.900319"><ele>20.713594</ele><time>2026-04-04T15:19:49Z</time><extensions><speed>1.072282</speed><course>90.810427</course><hAcc>1.730386</hAcc><vAcc>0.886827</vAcc></extensions></trkpt>
      <trkpt lon="-77.035175" lat="38.900319"><ele>20.795146</ele><time>2026-04-04T15:19:50Z</time><extensions><speed>1.391324</speed><course>90.630383</course><hAcc>1.704809</hAcc><vAcc>0.877846</vAcc></extensions></trkpt>
      <trkpt lon="-77.035159" lat="38.900319"><ele>20.888613</ele><time>2026-04-04T15:19:51Z</time><extensions><speed>1.485380</speed><course>90.403374</course><hAcc>1.694492</hAcc><vAcc>0.868929</vAcc></extensions></trkpt>
      <trkpt lon="-77.035142" lat="38.900319"><ele>20.994803</ele><time>2026-04-04T15:19:52Z</time><extensions><speed>1.479886</speed><course>90.332192</course><hAcc>1.678007</hAcc><vAcc>0.860234</vAcc></extensions></trkpt>
      <trkpt lon="-77.035125" lat="38.900319"><ele>21.113346</ele><time>2026-04-04T15:19:53Z</time><extensions><speed>1.379429</speed><course>90.257717</course><hAcc>1.668711</hAcc><vAcc>0.852016</vAcc></extensions></trkpt>
      <trkpt lon="-77.035110" lat="38.900319"><ele>21.240392</ele><time>2026-04-04T15:19:54Z</time><extensions><speed>1.154990</speed><course>90.233885</course><hAcc>1.664307</hAcc><vAcc>0.844001</vAcc></extensions></trkpt>
      <trkpt lon="-77.035096" lat="38.900319"><ele>21.370562</ele><time>2026-04-04T15:19:55Z</time><extensions><speed>1.230796</speed><course>90.098161</course><hAcc>1.661857</hAcc><vAcc>0.836278</vAcc></extensions></trkpt>
      <trkpt lon="-77.035081" lat="38.900319"><ele>21.506001</ele><time>2026-04-04T15:19:56Z</time><extensions><speed>1.386589</speed><course>90.019892</course><hAcc>1.665032</hAcc><vAcc>0.828929</vAcc></extensions></trkpt>
      <trkpt lon="-77.035065" lat="38.900319"><ele>21.647017</ele><time>2026-04-04T15:19:57Z</time><extensions><speed>1.387496</speed><course>90.115101</course><hAcc>1.675496</hAcc><vAcc>0.821887</vAcc></extensions></trkpt>
      <trkpt lon="-77.035049" lat="38.900319"><ele>21.796781</ele><time>2026-04-04T15:19:58Z</time><extensions><speed>1.305378</speed><course>90.119786</course><hAcc>1.661377</hAcc><vAcc>0.815182</vAcc></extensions></trkpt>
      <trkpt lon="-77.035034" lat="38.900319"><ele>21.951973</ele><time>2026-04-04T15:19:59Z</time><extensions><speed>1.259965</speed><course>90.113636</course><hAcc>1.654907</hAcc><vAcc>0.808884</vAcc></extensions></trkpt>
      <trkpt lon="-77.035019" lat="38.900319"><ele>22.110781</ele><time>2026-04-04T15:20:00Z</time><extensions><speed>1.351722</speed><course>90.098394</course><hAcc>1.655763</hAcc><vAcc>0.803006</vAcc></extensions></trkpt>
      <trkpt lon="-77.035003" lat="38.900319"><ele>22.269341</ele><time>2026-04-04T15:20:01Z</time><extensions><speed>1.407692</speed><course>90.089742</course><hAcc>1.656667</hAcc><vAcc>0.797659</vAcc></extensions></trkpt>
      <trkpt lon="-77.034986" lat="38.900319"><ele>22.424520</ele><time>2026-04-04T15:20:02Z</time><extensions><speed>1.453891</speed><course>90.088116</course><hAcc>1.656199</hAcc><vAcc>0.792644</vAcc></extensions></trkpt>
      <trkpt lon="-77.034970" lat="38.900319"><ele>22.575646</ele><time>2026-04-04T15:20:03Z</time><extensions><speed>1.369495</speed><course>90.119741</course><hAcc>1.651386</hAcc><vAcc>0.787938</vAcc></extensions></trkpt>
      <trkpt lon="-77.034955" lat="38.900319"><ele>22.717753</ele><time>2026-04-04T15:20:04Z</time><extensions><speed>1.186681</speed><course>90.148429</course><hAcc>1.651247</hAcc><vAcc>0.783521</vAcc></extensions></trkpt>
      <trkpt lon="-77.034942" lat="38.900319"><ele>22.852663</ele><time>2026-04-04T15:20:05Z</time><extensions><speed>1.121272</speed><course>90.270868</course><hAcc>1.651720</hAcc><vAcc>0.779400</vAcc></extensions></trkpt>
      <trkpt lon="-77.034929" lat="38.900318"><ele>22.977736</ele><time>2026-04-04T15:20:06Z</time><extensions><speed>1.082831</speed><course>90.586690</course><hAcc>1.650406</hAcc><vAcc>0.775613</vAcc></extensions></trkpt>
      <trkpt lon="-77.034917" lat="38.900318"><ele>23.089890</ele><time>2026-04-04T15:20:07Z</time><extensions><speed>0.934486</speed><course>91.621683</course><hAcc>1.647197</hAcc><vAcc>0.772209</vAcc></extensions></trkpt>
      <trkpt lon="-77.034905" lat="38.900318"><ele>23.188903</ele><time>2026-04-04T15:20:08Z</time><extensions><speed>1.067048</speed><course>93.562959</course><hAcc>1.646559</hAcc><vAcc>0.769227</vAcc></extensions></trkpt>
      <trkpt lon="-77.034892" lat="38.900317"><ele>23.274556</ele><time>2026-04-04T15:20:09Z</time><extensions><speed>1.143343</speed><course>94.167108</course><hAcc>1.648639</hAcc><vAcc>0.766684</vAcc></extensions></trkpt>
      <trkpt lon="-77.034879" lat="38.900316"><ele>23.344801</ele><time>2026-04-04T15:20:10Z</time><extensions><speed>1.120283</speed><course>94.307649</course><hAcc>1.659091</hAcc><vAcc>0.764563</vAcc></extensions></trkpt>
      <trkpt lon="-77.034865" lat="38.900316"><ele>23.399044</ele><time>2026-04-04T15:20:11Z</time><extensions><speed>1.135489</speed><course>94.198527</course><hAcc>1.673097</hAcc><vAcc>0.762821</vAcc></extensions></trkpt>
      <trkpt lon="-77.034853" lat="38.900315"><ele>23.435275</ele><time>2026-04-04T15:20:12Z</time><extensions><speed>0.994959</speed><course>94.022999</course><hAcc>1.674034</hAcc><vAcc>0.761403</vAcc></extensions></trkpt>
      <trkpt lon="-77.034842" lat="38.900314"><ele>23.458199</ele><time>2026-04-04T15:20:13Z</time><extensions><speed>0.910740</speed><course>93.412898</course><hAcc>1.676056</hAcc><vAcc>0.760262</vAcc></extensions></trkpt>
      <trkpt lon="-77.034830" lat="38.900314"><ele>23.472318</ele><time>2026-04-04T15:20:14Z</time><extensions><speed>1.115377</speed><course>92.534605</course><hAcc>1.676858</hAcc><vAcc>0.759360</vAcc></extensions></trkpt>
      <trkpt lon="-77.034816" lat="38.900314"><ele>23.476358</ele><time>2026-04-04T15:20:15Z</time><extensions><speed>1.194093</speed><course>91.049729</course><hAcc>1.703261</hAcc><vAcc>0.758661</vAcc></extensions></trkpt>
      <trkpt lon="-77.034804" lat="38.900313"><ele>23.470945</ele><time>2026-04-04T15:20:16Z</time><extensions><speed>0.932590</speed><course>90.698226</course><hAcc>1.701688</hAcc><vAcc>0.758128</vAcc></extensions></trkpt>
      <trkpt lon="-77.034793" lat="38.900313"><ele>23.457289</ele><time>2026-04-04T15:20:17Z</time><extensions><speed>0.943883</speed><course>90.465017</course><hAcc>1.686857</hAcc><vAcc>0.757731</vAcc></extensions></trkpt>
      <trkpt lon="-77.034781" lat="38.900313"><ele>23.430044</ele><time>2026-04-04T15:20:18Z</time><extensions><speed>1.047160</speed><course>90.303248</course><hAcc>1.701191</hAcc><vAcc>0.757440</vAcc></extensions></trkpt>
      <trkpt lon="-77.034768" lat="38.900313"><ele>23.390129</ele><time>2026-04-04T15:20:19Z</time><extensions><speed>1.119022</speed><course>90.235013</course><hAcc>1.713185</hAcc><vAcc>0.757230</vAcc></extensions></trkpt>
      <trkpt lon="-77.034755" lat="38.900313"><ele>23.343784</ele><time>2026-04-04T15:20:20Z</time><extensions><speed>1.168611</speed><course>90.209861</course><hAcc>1.707423</hAcc><vAcc>0.757082</vAcc></extensions></trkpt>
      <trkpt lon="-77.034741" lat="38.900313"><ele>23.292588</ele><time>2026-04-04T15:20:21Z</time><extensions><speed>1.290203</speed><course>90.197817</course><hAcc>1.696708</hAcc><vAcc>0.756980</vAcc></extensions></trkpt>
      <trkpt lon="-77.034725" lat="38.900313"><ele>23.234785</ele><time>2026-04-04T15:20:22Z</time><extensions><speed>1.372375</speed><course>90.191814</course><hAcc>1.690954</hAcc><vAcc>0.756910</vAcc></extensions></trkpt>
      <trkpt lon="-77.034710" lat="38.900313"><ele>23.171484</ele><time>2026-04-04T15:20:23Z</time><extensions><speed>1.286811</speed><course>90.189124</course><hAcc>1.690105</hAcc><vAcc>0.756862</vAcc></extensions></trkpt>
      <trkpt lon="-77.034695" lat="38.900313"><ele>23.105223</ele><time>2026-04-04T15:20:24Z</time><extensions><speed>1.233899</speed><course>90.187222</course><hAcc>1.688579</hAcc><vAcc>0.756830</vAcc></extensions></trkpt>
      <trkpt lon="-77.034680" lat="38.900313"><ele>23.035131</ele><time>2026-04-04T15:20:25Z</time><extensions><speed>1.206254</speed><course>90.185623</course><hAcc>1.688467</hAcc><vAcc>0.756808</vAcc></extensions></trkpt>
      <trkpt lon="-77.034666" lat="38.900313"><ele>22.959479</ele><time>2026-04-04T15:20:26Z</time><extensions><speed>1.191823</speed><course>90.184306</course><hAcc>1.689736</hAcc><vAcc>0.756793</vAcc></extensions></trkpt>
      <trkpt lon="-77.034652" lat="38.900313"><ele>22.878913</ele><time>2026-04-04T15:20:27Z</time><extensions><speed>1.178378</speed><course>90.183250</course><hAcc>1.691421</hAcc><vAcc>0.756782</vAcc></extensions></trkpt>
      <trkpt lon="-77.034638" lat="38.900313"><ele>22.792764</ele><time>2026-04-04T15:20:28Z</time><extensions><speed>1.347165</speed><course>90.182065</course><hAcc>1.691428</hAcc><vAcc>0.756773</vAcc></extensions></trkpt>
      <trkpt lon="-77.034622" lat="38.900313"><ele>22.706962</ele><time>2026-04-04T15:20:29Z</time><extensions><speed>1.460908</speed><course>90.181338</course><hAcc>1.692212</hAcc><vAcc>0.756766</vAcc></extensions></trkpt>
      <trkpt lon="-77.034604" lat="38.900313"><ele>22.622459</ele><time>2026-04-04T15:20:30Z</time><extensions><speed>1.497883</speed><course>90.180895</course><hAcc>1.694303</hAcc><vAcc>0.756759</vAcc></extensions></trkpt>
      <trkpt lon="-77.034586" lat="38.900313"><ele>22.537261</ele><time>2026-04-04T15:20:31Z</time><extensions><speed>1.595174</speed><course>90.180592</course><hAcc>1.697095</hAcc><vAcc>0.756753</vAcc></extensions></trkpt>
      <trkpt lon="-77.034569" lat="38.900313"><ele>22.452960</ele><time>2026-04-04T15:20:32Z</time><extensions><speed>1.451863</speed><course>90.180694</course><hAcc>1.701983</hAcc><vAcc>0.756747</vAcc></extensions></trkpt>
      <trkpt lon="-77.034552" lat="38.900313"><ele>22.367605</ele><time>2026-04-04T15:20:33Z</time><extensions><speed>1.313288</speed><course>90.180332</course><hAcc>1.698020</hAcc><vAcc>0.756741</vAcc></extensions></trkpt>
      <trkpt lon="-77.034538" lat="38.900313"><ele>22.283460</ele><time>2026-04-04T15:20:34Z</time><extensions><speed>1.124645</speed><course>90.180174</course><hAcc>1.694811</hAcc><vAcc>0.756734</vAcc></extensions></trkpt>
      <trkpt lon="-77.034525" lat="38.900313"><ele>22.199827</ele><time>2026-04-04T15:20:35Z</time><extensions><speed>1.159314</speed><course>90.179978</course><hAcc>1.693333</hAcc><vAcc>0.756729</vAcc></extensions></trkpt>
      <trkpt lon="-77.034511" lat="38.900313"><ele>22.119493</ele><time>2026-04-04T15:20:36Z</time><extensions><speed>1.274625</speed><course>90.232465</course><hAcc>1.691726</hAcc><vAcc>0.756732</vAcc></extensions></trkpt>
      <trkpt lon="-77.034496" lat="38.900312"><ele>22.042072</ele><time>2026-04-04T15:20:37Z</time><extensions><speed>1.365769</speed><course>90.296611</course><hAcc>1.682191</hAcc><vAcc>0.756734</vAcc></extensions></trkpt>
      <trkpt lon="-77.034479" lat="38.900312"><ele>21.967344</ele><time>2026-04-04T15:20:38Z</time><extensions><speed>1.491535</speed><course>90.331144</course><hAcc>1.683025</hAcc><vAcc>0.756735</vAcc></extensions></trkpt>
      <trkpt lon="-77.034461" lat="38.900312"><ele>21.892949</ele><time>2026-04-04T15:20:39Z</time><extensions><speed>1.504352</speed><course>90.360321</course><hAcc>1.677397</hAcc><vAcc>0.756736</vAcc></extensions></trkpt>
      <trkpt lon="-77.034445" lat="38.900312"><ele>21.820690</ele><time>2026-04-04T15:20:40Z</time><extensions><speed>1.275279</speed><course>90.193610</course><hAcc>1.645278</hAcc><vAcc>0.756737</vAcc></extensions></trkpt>
      <trkpt lon="-77.034430" lat="38.900311"><ele>21.727070</ele><time>2026-04-04T15:20:41Z</time><extensions><speed>1.305966</speed><course>90.938897</course><hAcc>1.488042</hAcc><vAcc>0.740172</vAcc></extensions></trkpt>
      <trkpt lon="-77.034415" lat="38.900311"><ele>21.661082</ele><time>2026-04-04T15:20:42Z</time><extensions><speed>1.297162</speed><course>90.922226</course><hAcc>1.412162</hAcc><vAcc>0.740179</vAcc></extensions></trkpt>
      <trkpt lon="-77.034400" lat="38.900311"><ele>21.597662</ele><time>2026-04-04T15:20:43Z</time><extensions><speed>1.293138</speed><course>90.890079</course><hAcc>1.363978</hAcc><vAcc>0.740189</vAcc></extensions></trkpt>
      <trkpt lon="-77.034385" lat="38.900311"><ele>21.536912</ele><time>2026-04-04T15:20:44Z</time><extensions><speed>1.295765</speed><course>90.837179</course><hAcc>1.336380</hAcc><vAcc>0.740207</vAcc></extensions></trkpt>
      <trkpt lon="-77.034370" lat="38.900311"><ele>21.478962</ele><time>2026-04-04T15:20:45Z</time><extensions><speed>1.299575</speed><course>90.761592</course><hAcc>1.323052</hAcc><vAcc>0.740238</vAcc></extensions></trkpt>
      <trkpt lon="-77.034355" lat="38.900310"><ele>21.423928</ele><time>2026-04-04T15:20:46Z</time><extensions><speed>1.300581</speed><course>90.660045</course><hAcc>1.318843</hAcc><vAcc>0.740293</vAcc></extensions></trkpt>
      <trkpt lon="-77.034340" lat="38.900310"><ele>21.371919</ele><time>2026-04-04T15:20:47Z</time><extensions><speed>1.299119</speed><course>90.562095</course><hAcc>1.319917</hAcc><vAcc>0.740384</vAcc></extensions></trkpt>
      <trkpt lon="-77.034325" lat="38.900310"><ele>21.323052</ele><time>2026-04-04T15:20:48Z</time><extensions><speed>1.298880</speed><course>90.446173</course><hAcc>1.323815</hAcc><vAcc>0.740532</vAcc></extensions></trkpt>
      <trkpt lon="-77.034310" lat="38.900310"><ele>21.277497</ele><time>2026-04-04T15:20:49Z</time><extensions><speed>1.298767</speed><course>90.309463</course><hAcc>1.329029</hAcc><vAcc>0.740763</vAcc></extensions></trkpt>
      <trkpt lon="-77.034295" lat="38.900310"><ele>21.235456</ele><time>2026-04-04T15:20:50Z</time><extensions><speed>1.301077</speed><course>90.145380</course><hAcc>1.334659</hAcc><vAcc>0.741111</vAcc></extensions></trkpt>
      <trkpt lon="-77.034280" lat="38.900310"><ele>21.197117</ele><time>2026-04-04T15:20:51Z</time><extensions><speed>1.308104</speed><course>89.948382</course><hAcc>1.340190</hAcc><vAcc>0.741619</vAcc></extensions></trkpt>
      <trkpt lon="-77.034265" lat="38.900310"><ele>21.162608</ele><time>2026-04-04T15:20:52Z</time><extensions><speed>1.318810</speed><course>89.721963</course><hAcc>1.345360</hAcc><vAcc>0.742340</vAcc></extensions></trkpt>
      <trkpt lon="-77.034250" lat="38.900310"><ele>21.131999</ele><time>2026-04-04T15:20:53Z</time><extensions><speed>1.330345</speed><course>89.487622</course><hAcc>1.350073</hAcc><vAcc>0.743335</vAcc></extensions></trkpt>
      <trkpt lon="-77.034235" lat="38.900310"><ele>21.105321</ele><time>2026-04-04T15:20:54Z</time><extensions><speed>1.340638</speed><course>89.244720</course><hAcc>1.354343</hAcc><vAcc>0.744672</vAcc></extensions></trkpt>
      <trkpt lon="-77.034219" lat="38.900310"><ele>21.082566</ele><time>2026-04-04T15:20:55Z</time><extensions><speed>1.350724</speed><course>89.000268</course><hAcc>1.358229</hAcc><vAcc>0.746423</vAcc></extensions></trkpt>
      <trkpt lon="-77.034203" lat="38.900311"><ele>21.063743</ele><time>2026-04-04T15:20:56Z</time><extensions><speed>1.359539</speed><course>88.757716</course><hAcc>1.361838</hAcc><vAcc>0.748653</vAcc></extensions></trkpt>
      <trkpt lon="-77.034188" lat="38.900311"><ele>21.048925</ele><time>2026-04-04T15:20:57Z</time><extensions><speed>1.370045</speed><course>88.518857</course><hAcc>1.365304</hAcc><vAcc>0.751419</vAcc></extensions></trkpt>
      <trkpt lon="-77.034172" lat="38.900311"><ele>21.038242</ele><time>2026-04-04T15:20:58Z</time><extensions><speed>1.385266</speed><course>88.288073</course><hAcc>1.368761</hAcc><vAcc>0.754754</vAcc></extensions></trkpt>
      <trkpt lon="-77.034156" lat="38.900312"><ele>21.031853</ele><time>2026-04-04T15:20:59Z</time><extensions><speed>1.406203</speed><course>88.069766</course><hAcc>1.372328</hAcc><vAcc>0.758655</vAcc></extensions></trkpt>
      <trkpt lon="-77.034139" lat="38.900312"><ele>21.029899</ele><time>2026-04-04T15:21:00Z</time><extensions><speed>1.428779</speed><course>87.867749</course><hAcc>1.376109</hAcc><vAcc>0.763079</vAcc></extensions></trkpt>
      <trkpt lon="-77.034123" lat="38.900313"><ele>21.032464</ele><time>2026-04-04T15:21:01Z</time><extensions><speed>1.449314</speed><course>87.684999</course><hAcc>1.380174</hAcc><vAcc>0.767947</vAcc></extensions></trkpt>
      <trkpt lon="-77.034106" lat="38.900313"><ele>21.039532</ele><time>2026-04-04T15:21:02Z</time><extensions><speed>1.468865</speed><course>87.522986</course><hAcc>1.384535</hAcc><vAcc>0.773165</vAcc></extensions></trkpt>
      <trkpt lon="-77.034089" lat="38.900314"><ele>21.051009</ele><time>2026-04-04T15:21:03Z</time><extensions><speed>1.484754</speed><course>87.381913</course><hAcc>1.389129</hAcc><vAcc>0.778643</vAcc></extensions></trkpt>
      <trkpt lon="-77.034072" lat="38.900314"><ele>21.066744</ele><time>2026-04-04T15:21:04Z</time><extensions><speed>1.496883</speed><course>87.261735</course><hAcc>1.393812</hAcc><vAcc>0.784312</vAcc></extensions></trkpt>
      <trkpt lon="-77.034055" lat="38.900315"><ele>21.086495</ele><time>2026-04-04T15:21:05Z</time><extensions><speed>1.502861</speed><course>87.166045</course><hAcc>1.398351</hAcc><vAcc>0.790130</vAcc></extensions></trkpt>
      <trkpt lon="-77.034037" lat="38.900316"><ele>21.109871</ele><time>2026-04-04T15:21:06Z</time><extensions><speed>1.506705</speed><course>87.092658</course><hAcc>1.402468</hAcc><vAcc>0.796087</vAcc></extensions></trkpt>
      <trkpt lon="-77.034020" lat="38.900316"><ele>21.136309</ele><time>2026-04-04T15:21:07Z</time><extensions><speed>1.503438</speed><course>87.047618</course><hAcc>1.406137</hAcc><vAcc>0.802189</vAcc></extensions></trkpt>
      <trkpt lon="-77.034003" lat="38.900317"><ele>21.165174</ele><time>2026-04-04T15:21:08Z</time><extensions><speed>1.497602</speed><course>87.029812</course><hAcc>1.409356</hAcc><vAcc>0.808459</vAcc></extensions></trkpt>
      <trkpt lon="-77.033985" lat="38.900318"><ele>21.195919</ele><time>2026-04-04T15:21:09Z</time><extensions><speed>1.489966</speed><course>87.047688</course><hAcc>1.412375</hAcc><vAcc>0.814943</vAcc></extensions></trkpt>
      <trkpt lon="-77.033968" lat="38.900319"><ele>21.228174</ele><time>2026-04-04T15:21:10Z</time><extensions><speed>1.477748</speed><course>87.095901</course><hAcc>1.415409</hAcc><vAcc>0.821727</vAcc></extensions></trkpt>
      <trkpt lon="-77.033951" lat="38.900319"><ele>21.261730</ele><time>2026-04-04T15:21:11Z</time><extensions><speed>1.459317</speed><course>87.164507</course><hAcc>1.418476</hAcc><vAcc>0.828934</vAcc></extensions></trkpt>
      <trkpt lon="-77.033935" lat="38.900320"><ele>21.296514</ele><time>2026-04-04T15:21:12Z</time><extensions><speed>1.437505</speed><course>87.241492</course><hAcc>1.421502</hAcc><vAcc>0.836703</vAcc></extensions></trkpt>
      <trkpt lon="-77.033918" lat="38.900320"><ele>21.332663</ele><time>2026-04-04T15:21:13Z</time><extensions><speed>1.420785</speed><course>87.329676</course><hAcc>1.424649</hAcc><vAcc>0.845167</vAcc></extensions></trkpt>
      <trkpt lon="-77.033902" lat="38.900321"><ele>21.370557</ele><time>2026-04-04T15:21:14Z</time><extensions><speed>1.406485</speed><course>87.421519</course><hAcc>1.428064</hAcc><vAcc>0.854422</vAcc></extensions></trkpt>
      <trkpt lon="-77.033886" lat="38.900322"><ele>21.410472</ele><time>2026-04-04T15:21:15Z</time><extensions><speed>1.391207</speed><course>87.505023</course><hAcc>1.431758</hAcc><vAcc>0.864492</vAcc></extensions></trkpt>
      <trkpt lon="-77.033870" lat="38.900322"><ele>21.452637</ele><time>2026-04-04T15:21:16Z</time><extensions><speed>1.373980</speed><course>87.577571</course><hAcc>1.435602</hAcc><vAcc>0.875304</vAcc></extensions></trkpt>
      <trkpt lon="-77.033854" lat="38.900323"><ele>21.497091</ele><time>2026-04-04T15:21:17Z</time><extensions><speed>1.351931</speed><course>87.628365</course><hAcc>1.439336</hAcc><vAcc>0.886698</vAcc></extensions></trkpt>
      <trkpt lon="-77.033839" lat="38.900323"><ele>21.543698</ele><time>2026-04-04T15:21:18Z</time><extensions><speed>1.327504</speed><course>87.647600</course><hAcc>1.442702</hAcc><vAcc>0.898463</vAcc></extensions></trkpt>
      <trkpt lon="-77.033824" lat="38.900324"><ele>21.592182</ele><time>2026-04-04T15:21:19Z</time><extensions><speed>1.303632</speed><course>87.631922</course><hAcc>1.445761</hAcc><vAcc>0.910370</vAcc></extensions></trkpt>
      <trkpt lon="-77.033809" lat="38.900324"><ele>21.642145</ele><time>2026-04-04T15:21:20Z</time><extensions><speed>1.278457</speed><course>87.569059</course><hAcc>1.448544</hAcc><vAcc>0.922207</vAcc></extensions></trkpt>
      <trkpt lon="-77.033794" lat="38.900325"><ele>21.693072</ele><time>2026-04-04T15:21:21Z</time><extensions><speed>1.254492</speed><course>87.450165</course><hAcc>1.450989</hAcc><vAcc>0.933787</vAcc></extensions></trkpt>
      <trkpt lon="-77.033780" lat="38.900325"><ele>21.744307</ele><time>2026-04-04T15:21:22Z</time><extensions><speed>1.233214</speed><course>87.265522</course><hAcc>1.453005</hAcc><vAcc>0.944965</vAcc></extensions></trkpt>
      <trkpt lon="-77.033766" lat="38.900326"><ele>21.795149</ele><time>2026-04-04T15:21:23Z</time><extensions><speed>1.210417</speed><course>87.000029</course><hAcc>1.454560</hAcc><vAcc>0.955640</vAcc></extensions></trkpt>
      <trkpt lon="-77.033752" lat="38.900326"><ele>21.844916</ele><time>2026-04-04T15:21:24Z</time><extensions><speed>1.186889</speed><course>86.642229</course><hAcc>1.455694</hAcc><vAcc>0.965761</vAcc></extensions></trkpt>
      <trkpt lon="-77.033739" lat="38.900327"><ele>21.893079</ele><time>2026-04-04T15:21:25Z</time><extensions><speed>1.166595</speed><course>86.178661</course><hAcc>1.456560</hAcc><vAcc>0.975307</vAcc></extensions></trkpt>
      <trkpt lon="-77.033725" lat="38.900328"><ele>21.939174</ele><time>2026-04-04T15:21:26Z</time><extensions><speed>1.151287</speed><course>85.611556</course><hAcc>1.457564</hAcc><vAcc>0.984278</vAcc></extensions></trkpt>
      <trkpt lon="-77.033712" lat="38.900329"><ele>21.982831</ele><time>2026-04-04T15:21:27Z</time><extensions><speed>1.141519</speed><course>84.923372</course><hAcc>1.459073</hAcc><vAcc>0.992672</vAcc></extensions></trkpt>
      <trkpt lon="-77.033699" lat="38.900330"><ele>22.023784</ele><time>2026-04-04T15:21:28Z</time><extensions><speed>1.133357</speed><course>84.119431</course><hAcc>1.461293</hAcc><vAcc>1.000482</vAcc></extensions></trkpt>
      <trkpt lon="-77.033686" lat="38.900331"><ele>22.061792</ele><time>2026-04-04T15:21:29Z</time><extensions><speed>1.122760</speed><course>83.175195</course><hAcc>1.464214</hAcc><vAcc>1.007693</vAcc></extensions></trkpt>
      <trkpt lon="-77.033673" lat="38.900332"><ele>22.096752</ele><time>2026-04-04T15:21:30Z</time><extensions><speed>1.109604</speed><course>82.073336</course><hAcc>1.467592</hAcc><vAcc>1.014291</vAcc></extensions></trkpt>
      <trkpt lon="-77.033661" lat="38.900334"><ele>22.128516</ele><time>2026-04-04T15:21:31Z</time><extensions><speed>1.095232</speed><course>80.748174</course><hAcc>1.471021</hAcc><vAcc>1.020268</vAcc></extensions></trkpt>
      <trkpt lon="-77.033649" lat="38.900335"><ele>22.156932</ele><time>2026-04-04T15:21:32Z</time><extensions><speed>1.077593</speed><course>79.154565</course><hAcc>1.474235</hAcc><vAcc>1.025626</vAcc></extensions></trkpt>
      <trkpt lon="-77.033637" lat="38.900337"><ele>22.181857</ele><time>2026-04-04T15:21:33Z</time><extensions><speed>1.056607</speed><course>77.258607</course><hAcc>1.477130</hAcc><vAcc>1.030373</vAcc></extensions></trkpt>
      <trkpt lon="-77.033625" lat="38.900340"><ele>22.203172</ele><time>2026-04-04T15:21:34Z</time><extensions><speed>1.030387</speed><course>74.992169</course><hAcc>1.479680</hAcc><vAcc>1.034518</vAcc></extensions></trkpt>
      <trkpt lon="-77.033614" lat="38.900342"><ele>22.220773</ele><time>2026-04-04T15:21:35Z</time><extensions><speed>1.000678</speed><course>72.310417</course><hAcc>1.481872</hAcc><vAcc>1.038060</vAcc></extensions></trkpt>
      <trkpt lon="-77.033603" lat="38.900345"><ele>22.234571</ele><time>2026-04-04T15:21:36Z</time><extensions><speed>0.972962</speed><course>69.189873</course><hAcc>1.483698</hAcc><vAcc>1.040986</vAcc></extensions></trkpt>
      <trkpt lon="-77.033593" lat="38.900348"><ele>22.244498</ele><time>2026-04-04T15:21:37Z</time><extensions><speed>0.948868</speed><course>65.684179</course><hAcc>1.485255</hAcc><vAcc>1.043279</vAcc></extensions></trkpt>
      <trkpt lon="-77.033583" lat="38.900352"><ele>22.250533</ele><time>2026-04-04T15:21:38Z</time><extensions><speed>0.926025</speed><course>61.700801</course><hAcc>1.486641</hAcc><vAcc>1.044922</vAcc></extensions></trkpt>
      <trkpt lon="-77.033574" lat="38.900356"><ele>22.252717</ele><time>2026-04-04T15:21:39Z</time><extensions><speed>0.907108</speed><course>57.317075</course><hAcc>1.487915</hAcc><vAcc>1.045901</vAcc></extensions></trkpt>
      <trkpt lon="-77.033565" lat="38.900361"><ele>22.251163</ele><time>2026-04-04T15:21:40Z</time><extensions><speed>0.892667</speed><course>52.496003</course><hAcc>1.489079</hAcc><vAcc>1.046202</vAcc></extensions></trkpt>
      <trkpt lon="-77.033558" lat="38.900366"><ele>22.246024</ele><time>2026-04-04T15:21:41Z</time><extensions><speed>0.882288</speed><course>47.257219</course><hAcc>1.490103</hAcc><vAcc>1.045817</vAcc></extensions></trkpt>
      <trkpt lon="-77.033551" lat="38.900372"><ele>22.237468</ele><time>2026-04-04T15:21:42Z</time><extensions><speed>0.878526</speed><course>41.640523</course><hAcc>1.490924</hAcc><vAcc>1.044750</vAcc></extensions></trkpt>
      <trkpt lon="-77.033544" lat="38.900378"><ele>22.225657</ele><time>2026-04-04T15:21:43Z</time><extensions><speed>0.878866</speed><course>35.661813</course><hAcc>1.491546</hAcc><vAcc>1.043020</vAcc></extensions></trkpt>
      <trkpt lon="-77.033539" lat="38.900385"><ele>22.210738</ele><time>2026-04-04T15:21:44Z</time><extensions><speed>0.881461</speed><course>30.450458</course><hAcc>1.491958</hAcc><vAcc>1.040673</vAcc></extensions></trkpt>
      <trkpt lon="-77.033534" lat="38.900392"><ele>22.192859</ele><time>2026-04-04T15:21:45Z</time><extensions><speed>0.886320</speed><course>25.921058</course><hAcc>1.492229</hAcc><vAcc>1.037787</vAcc></extensions></trkpt>
      <trkpt lon="-77.033530" lat="38.900399"><ele>22.172192</ele><time>2026-04-04T15:21:46Z</time><extensions><speed>0.883181</speed><course>22.170330</course><hAcc>1.492534</hAcc><vAcc>1.034478</vAcc></extensions></trkpt>
      <trkpt lon="-77.033526" lat="38.900406"><ele>22.148925</ele><time>2026-04-04T15:21:47Z</time><extensions><speed>0.870738</speed><course>19.057186</course><hAcc>1.492992</hAcc><vAcc>1.030896</vAcc></extensions></trkpt>
      <trkpt lon="-77.033523" lat="38.900414"><ele>22.123242</ele><time>2026-04-04T15:21:48Z</time><extensions><speed>0.849359</speed><course>16.451240</course><hAcc>1.493655</hAcc><vAcc>1.027213</vAcc></extensions></trkpt>
      <trkpt lon="-77.033521" lat="38.900421"><ele>22.095315</ele><time>2026-04-04T15:21:49Z</time><extensions><speed>0.817284</speed><course>14.301512</course><hAcc>1.494512</hAcc><vAcc>1.023604</vAcc></extensions></trkpt>
      <trkpt lon="-77.033519" lat="38.900428"><ele>22.065294</ele><time>2026-04-04T15:21:50Z</time><extensions><speed>0.773056</speed><course>12.576061</course><hAcc>1.495500</hAcc><vAcc>1.020226</vAcc></extensions></trkpt>
      <trkpt lon="-77.033517" lat="38.900434"><ele>22.033286</ele><time>2026-04-04T15:21:51Z</time><extensions><speed>0.715931</speed><course>11.253226</course><hAcc>1.496505</hAcc><vAcc>1.017191</vAcc></extensions></trkpt>
      <trkpt lon="-77.033515" lat="38.900440"><ele>21.999384</ele><time>2026-04-04T15:21:52Z</time><extensions><speed>0.645877</speed><course>10.347476</course><hAcc>1.497375</hAcc><vAcc>1.014547</vAcc></extensions></trkpt>
      <trkpt lon="-77.033514" lat="38.900446"><ele>21.963639</ele><time>2026-04-04T15:21:53Z</time><extensions><speed>0.564018</speed><course>9.924430</course><hAcc>1.497954</hAcc><vAcc>1.012273</vAcc></extensions></trkpt>
      <trkpt lon="-77.033513" lat="38.900450"><ele>21.926086</ele><time>2026-04-04T15:21:54Z</time><extensions><speed>0.473006</speed><course>10.126864</course><hAcc>1.498138</hAcc><vAcc>1.010299</vAcc></extensions></trkpt>
      <trkpt lon="-77.033512" lat="38.900454"><ele>21.886754</ele><time>2026-04-04T15:21:55Z</time><extensions><speed>0.378128</speed><course>11.251509</course><hAcc>1.497879</hAcc><vAcc>1.008523</vAcc></extensions></trkpt>
      <trkpt lon="-77.033511" lat="38.900457"><ele>21.845654</ele><time>2026-04-04T15:21:56Z</time><extensions><speed>0.279348</speed><course>14.282622</course><hAcc>1.497218</hAcc><vAcc>1.006825</vAcc></extensions></trkpt>
      <trkpt lon="-77.033511" lat="38.900459"><ele>21.802779</ele><time>2026-04-04T15:21:57Z</time><extensions><speed>0.177679</speed><course>22.679882</course><hAcc>1.496312</hAcc><vAcc>1.005081</vAcc></extensions></trkpt>
      <trkpt lon="-77.033510" lat="38.900460"><ele>21.758167</ele><time>2026-04-04T15:21:58Z</time><extensions><speed>0.090038</speed><course>53.643975</course><hAcc>1.495457</hAcc><vAcc>1.003179</vAcc></extensions></trkpt>
      <trkpt lon="-77.033509" lat="38.900460"><ele>21.711882</ele><time>2026-04-04T15:21:59Z</time><extensions><speed>0.097107</speed><course>123.975413</course><hAcc>1.495055</hAcc><vAcc>1.001022</vAcc></extensions></trkpt>
      <trkpt lon="-77.033508" lat="38.900459"><ele>21.664009</ele><time>2026-04-04T15:22:00Z</time><extensions><speed>0.183017</speed><course>149.640165</course><hAcc>1.495389</hAcc><vAcc>0.998568</vAcc></extensions></trkpt>
      <trkpt lon="-77.033507" lat="38.900457"><ele>21.614664</ele><time>2026-04-04T15:22:01Z</time><extensions><speed>0.278818</speed><course>157.132677</course><hAcc>1.496600</hAcc><vAcc>0.995877</vAcc></extensions></trkpt>
      <trkpt lon="-77.033505" lat="38.900454"><ele>21.564002</ele><time>2026-04-04T15:22:02Z</time><extensions><speed>0.372427</speed><course>159.890150</course><hAcc>1.498681</hAcc><vAcc>0.993098</vAcc></extensions></trkpt>
      <trkpt lon="-77.033504" lat="38.900451"><ele>21.512297</ele><time>2026-04-04T15:22:03Z</time><extensions><speed>0.461545</speed><course>160.839214</course><hAcc>1.501423</hAcc><vAcc>0.990410</vAcc></extensions></trkpt>
      <trkpt lon="-77.033502" lat="38.900447"><ele>21.460043</ele><time>2026-04-04T15:22:04Z</time><extensions><speed>0.545111</speed><course>160.884374</course><hAcc>1.504330</hAcc><vAcc>0.987985</vAcc></extensions></trkpt>
      <trkpt lon="-77.033500" lat="38.900442"><ele>21.407931</ele><time>2026-04-04T15:22:05Z</time><extensions><speed>0.620847</speed><course>160.328350</course><hAcc>1.506508</hAcc><vAcc>0.985969</vAcc></extensions></trkpt>
      <trkpt lon="-77.033497" lat="38.900436"><ele>21.356676</ele><time>2026-04-04T15:22:06Z</time><extensions><speed>0.700282</speed><course>159.122361</course><hAcc>1.506989</hAcc><vAcc>0.984460</vAcc></extensions></trkpt>
      <trkpt lon="-77.033494" lat="38.900430"><ele>21.306913</ele><time>2026-04-04T15:22:07Z</time><extensions><speed>0.773806</speed><course>157.547952</course><hAcc>1.506061</hAcc><vAcc>0.983513</vAcc></extensions></trkpt>
      <trkpt lon="-77.033490" lat="38.900423"><ele>21.259155</ele><time>2026-04-04T15:22:08Z</time><extensions><speed>0.838722</speed><course>155.614294</course><hAcc>1.504331</hAcc><vAcc>0.983136</vAcc></extensions></trkpt>
      <trkpt lon="-77.033486" lat="38.900416"><ele>21.213699</ele><time>2026-04-04T15:22:09Z</time><extensions><speed>0.893511</speed><course>153.301911</course><hAcc>1.502321</hAcc><vAcc>0.983294</vAcc></extensions></trkpt>
      <trkpt lon="-77.033481" lat="38.900409"><ele>21.170700</ele><time>2026-04-04T15:22:10Z</time><extensions><speed>0.938919</speed><course>150.617193</course><hAcc>1.500415</hAcc><vAcc>0.983920</vAcc></extensions></trkpt>
      <trkpt lon="-77.033475" lat="38.900401"><ele>21.130133</ele><time>2026-04-04T15:22:11Z</time><extensions><speed>0.976120</speed><course>147.544291</course><hAcc>1.498851</hAcc><vAcc>0.984917</vAcc></extensions></trkpt>
      <trkpt lon="-77.033469" lat="38.900394"><ele>21.091902</ele><time>2026-04-04T15:22:12Z</time><extensions><speed>1.005956</speed><course>144.040754</course><hAcc>1.497742</hAcc><vAcc>0.986163</vAcc></extensions></trkpt>
      <trkpt lon="-77.033462" lat="38.900387"><ele>21.055755</ele><time>2026-04-04T15:22:13Z</time><extensions><speed>1.032933</speed><course>140.205215</course><hAcc>1.497098</hAcc><vAcc>0.987520</vAcc></extensions></trkpt>
      <trkpt lon="-77.033453" lat="38.900380"><ele>21.021413</ele><time>2026-04-04T15:22:14Z</time><extensions><speed>1.059668</speed><course>136.099550</course><hAcc>1.496845</hAcc><vAcc>0.988836</vAcc></extensions></trkpt>
      <trkpt lon="-77.033445" lat="38.900373"><ele>20.988546</ele><time>2026-04-04T15:22:15Z</time><extensions><speed>1.088996</speed><course>131.733288</course><hAcc>1.496883</hAcc><vAcc>0.989960</vAcc></extensions></trkpt>
      <trkpt lon="-77.033435" lat="38.900367"><ele>20.956957</ele><time>2026-04-04T15:22:16Z</time><extensions><speed>1.121788</speed><course>127.298939</course><hAcc>1.497186</hAcc><vAcc>0.990753</vAcc></extensions></trkpt>
      <trkpt lon="-77.033424" lat="38.900361"><ele>20.926525</ele><time>2026-04-04T15:22:17Z</time><extensions><speed>1.157728</speed><course>122.838582</course><hAcc>1.497720</hAcc><vAcc>0.991098</vAcc></extensions></trkpt>
      <trkpt lon="-77.033412" lat="38.900355"><ele>20.897280</ele><time>2026-04-04T15:22:18Z</time><extensions><speed>1.192349</speed><course>118.881306</course><hAcc>1.498427</hAcc><vAcc>0.990903</vAcc></extensions></trkpt>
      <trkpt lon="-77.033400" lat="38.900351"><ele>20.869307</ele><time>2026-04-04T15:22:19Z</time><extensions><speed>1.223991</speed><course>115.421470</course><hAcc>1.499261</hAcc><vAcc>0.990101</vAcc></extensions></trkpt>
      <trkpt lon="-77.033387" lat="38.900346"><ele>20.842652</ele><time>2026-04-04T15:22:20Z</time><extensions><speed>1.251677</speed><course>112.361895</course><hAcc>1.500229</hAcc><vAcc>0.988642</vAcc></extensions></trkpt>
      <trkpt lon="-77.033373" lat="38.900342"><ele>20.817309</ele><time>2026-04-04T15:22:21Z</time><extensions><speed>1.277484</speed><course>109.612943</course><hAcc>1.501300</hAcc><vAcc>0.986489</vAcc></extensions></trkpt>
      <trkpt lon="-77.033359" lat="38.900338"><ele>20.793288</ele><time>2026-04-04T15:22:22Z</time><extensions><speed>1.299569</speed><course>107.190979</course><hAcc>1.502398</hAcc><vAcc>0.983607</vAcc></extensions></trkpt>
      <trkpt lon="-77.033345" lat="38.900335"><ele>20.770544</ele><time>2026-04-04T15:22:23Z</time><extensions><speed>1.318494</speed><course>105.068067</course><hAcc>1.503479</hAcc><vAcc>0.979984</vAcc></extensions></trkpt>
      <trkpt lon="-77.033330" lat="38.900332"><ele>20.749027</ele><time>2026-04-04T15:22:24Z</time><extensions><speed>1.330687</speed><course>103.213636</course><hAcc>1.504586</hAcc><vAcc>0.975635</vAcc></extensions></trkpt>
      <trkpt lon="-77.033315" lat="38.900330"><ele>20.728689</ele><time>2026-04-04T15:22:25Z</time><extensions><speed>1.336537</speed><course>101.588165</course><hAcc>1.505753</hAcc><vAcc>0.970605</vAcc></extensions></trkpt>
      <trkpt lon="-77.033300" lat="38.900327"><ele>20.709463</ele><time>2026-04-04T15:22:26Z</time><extensions><speed>1.338878</speed><course>100.141673</course><hAcc>1.506992</hAcc><vAcc>0.964950</vAcc></extensions></trkpt>
      <trkpt lon="-77.033285" lat="38.900325"><ele>20.691215</ele><time>2026-04-04T15:22:27Z</time><extensions><speed>1.341190</speed><course>98.834055</course><hAcc>1.508294</hAcc><vAcc>0.958735</vAcc></extensions></trkpt>
      <trkpt lon="-77.033269" lat="38.900324"><ele>20.673795</ele><time>2026-04-04T15:22:28Z</time><extensions><speed>1.344012</speed><course>97.657579</course><hAcc>1.509607</hAcc><vAcc>0.952029</vAcc></extensions></trkpt>
      <trkpt lon="-77.033254" lat="38.900322"><ele>20.657014</ele><time>2026-04-04T15:22:29Z</time><extensions><speed>1.346735</speed><course>96.609734</course><hAcc>1.510841</hAcc><vAcc>0.944907</vAcc></extensions></trkpt>
      <trkpt lon="-77.033238" lat="38.900321"><ele>20.640769</ele><time>2026-04-04T15:22:30Z</time><extensions><speed>1.352000</speed><course>95.682444</course><hAcc>1.511896</hAcc><vAcc>0.937457</vAcc></extensions></trkpt>
      <trkpt lon="-77.033223" lat="38.900320"><ele>20.624974</ele><time>2026-04-04T15:22:31Z</time><extensions><speed>1.357924</speed><course>94.876944</course><hAcc>1.512764</hAcc><vAcc>0.929782</vAcc></extensions></trkpt>
      <trkpt lon="-77.033207" lat="38.900319"><ele>20.609505</ele><time>2026-04-04T15:22:32Z</time><extensions><speed>1.359866</speed><course>94.184307</course><hAcc>1.513545</hAcc><vAcc>0.922017</vAcc></extensions></trkpt>
      <trkpt lon="-77.033192" lat="38.900318"><ele>20.594312</ele><time>2026-04-04T15:22:33Z</time><extensions><speed>1.359634</speed><course>93.586231</course><hAcc>1.514319</hAcc><vAcc>0.914322</vAcc></extensions></trkpt>
      <trkpt lon="-77.033176" lat="38.900317"><ele>20.579421</ele><time>2026-04-04T15:22:34Z</time><extensions><speed>1.356198</speed><course>93.074133</course><hAcc>1.515125</hAcc><vAcc>0.906873</vAcc></extensions></trkpt>
      <trkpt lon="-77.033160" lat="38.900316"><ele>20.564824</ele><time>2026-04-04T15:22:35Z</time><extensions><speed>1.352355</speed><course>92.635722</course><hAcc>1.515964</hAcc><vAcc>0.899841</vAcc></extensions></trkpt>
      <trkpt lon="-77.033145" lat="38.900316"><ele>20.550499</ele><time>2026-04-04T15:22:36Z</time><extensions><speed>1.349294</speed><course>92.261254</course><hAcc>1.516838</hAcc><vAcc>0.893366</vAcc></extensions></trkpt>
      <trkpt lon="-77.033129" lat="38.900315"><ele>20.536477</ele><time>2026-04-04T15:22:37Z</time><extensions><speed>1.348158</speed><course>91.943952</course><hAcc>1.517719</hAcc><vAcc>0.887541</vAcc></extensions></trkpt>
      <trkpt lon="-77.033114" lat="38.900315"><ele>20.522792</ele><time>2026-04-04T15:22:38Z</time><extensions><speed>1.348809</speed><course>91.679472</course><hAcc>1.518568</hAcc><vAcc>0.882392</vAcc></extensions></trkpt>
      <trkpt lon="-77.033098" lat="38.900315"><ele>20.509397</ele><time>2026-04-04T15:22:39Z</time><extensions><speed>1.349722</speed><course>91.462693</course><hAcc>1.519325</hAcc><vAcc>0.877879</vAcc></extensions></trkpt>
      <trkpt lon="-77.033083" lat="38.900314"><ele>20.496161</ele><time>2026-04-04T15:22:40Z</time><extensions><speed>1.348441</speed><course>91.287431</course><hAcc>1.519886</hAcc><vAcc>0.873907</vAcc></extensions></trkpt>
      <trkpt lon="-77.033067" lat="38.900314"><ele>20.482861</ele><time>2026-04-04T15:22:41Z</time><extensions><speed>1.343602</speed><course>91.146893</course><hAcc>1.520097</hAcc><vAcc>0.870355</vAcc></extensions></trkpt>
      <trkpt lon="-77.033052" lat="38.900314"><ele>20.469257</ele><time>2026-04-04T15:22:42Z</time><extensions><speed>1.334192</speed><course>91.033924</course><hAcc>1.519693</hAcc><vAcc>0.867053</vAcc></extensions></trkpt>
      <trkpt lon="-77.033037" lat="38.900314"><ele>20.455131</ele><time>2026-04-04T15:22:43Z</time><extensions><speed>1.321657</speed><course>90.939222</course><hAcc>1.518451</hAcc><vAcc>0.863801</vAcc></extensions></trkpt>
      <trkpt lon="-77.033021" lat="38.900314"><ele>20.440351</ele><time>2026-04-04T15:22:44Z</time><extensions><speed>1.308695</speed><course>90.863213</course><hAcc>1.516487</hAcc><vAcc>0.860399</vAcc></extensions></trkpt>
      <trkpt lon="-77.033006" lat="38.900313"><ele>20.424863</ele><time>2026-04-04T15:22:45Z</time><extensions><speed>1.299765</speed><course>90.804340</course><hAcc>1.514000</hAcc><vAcc>0.856652</vAcc></extensions></trkpt>
      <trkpt lon="-77.032991" lat="38.900313"><ele>20.408668</ele><time>2026-04-04T15:22:46Z</time><extensions><speed>1.294718</speed><course>90.758956</course><hAcc>1.511138</hAcc><vAcc>0.852391</vAcc></extensions></trkpt>
      <trkpt lon="-77.032977" lat="38.900313"><ele>20.391807</ele><time>2026-04-04T15:22:47Z</time><extensions><speed>1.290272</speed><course>90.723080</course><hAcc>1.508032</hAcc><vAcc>0.847488</vAcc></extensions></trkpt>
      <trkpt lon="-77.032962" lat="38.900313"><ele>20.374256</ele><time>2026-04-04T15:22:48Z</time><extensions><speed>1.284045</speed><course>90.712337</course><hAcc>1.504826</hAcc><vAcc>0.841887</vAcc></extensions></trkpt>
      <trkpt lon="-77.032947" lat="38.900313"><ele>20.356039</ele><time>2026-04-04T15:22:49Z</time><extensions><speed>1.276379</speed><course>90.702405</course><hAcc>1.501716</hAcc><vAcc>0.835619</vAcc></extensions></trkpt>
      <trkpt lon="-77.032932" lat="38.900312"><ele>20.337094</ele><time>2026-04-04T15:22:50Z</time><extensions><speed>1.265835</speed><course>90.688258</course><hAcc>1.499015</hAcc><vAcc>0.828823</vAcc></extensions></trkpt>
      <trkpt lon="-77.032918" lat="38.900312"><ele>20.317287</ele><time>2026-04-04T15:22:51Z</time><extensions><speed>1.251857</speed><course>90.666982</course><hAcc>1.497018</hAcc><vAcc>0.821732</vAcc></extensions></trkpt>
      <trkpt lon="-77.032904" lat="38.900312"><ele>20.296632</ele><time>2026-04-04T15:22:52Z</time><extensions><speed>1.233954</speed><course>90.635284</course><hAcc>1.495856</hAcc><vAcc>0.814634</vAcc></extensions></trkpt>
      <trkpt lon="-77.032890" lat="38.900312"><ele>20.275088</ele><time>2026-04-04T15:22:53Z</time><extensions><speed>1.218976</speed><course>90.590232</course><hAcc>1.495600</hAcc><vAcc>0.807834</vAcc></extensions></trkpt>
      <trkpt lon="-77.032876" lat="38.900312"><ele>20.252986</ele><time>2026-04-04T15:22:54Z</time><extensions><speed>1.209806</speed><course>90.531620</course><hAcc>1.496424</hAcc><vAcc>0.801607</vAcc></extensions></trkpt>
      <trkpt lon="-77.032862" lat="38.900312"><ele>20.230908</ele><time>2026-04-04T15:22:55Z</time><extensions><speed>1.203551</speed><course>90.453908</course><hAcc>1.498125</hAcc><vAcc>0.796174</vAcc></extensions></trkpt>
      <trkpt lon="-77.032848" lat="38.900312"><ele>20.209421</ele><time>2026-04-04T15:22:56Z</time><extensions><speed>1.197783</speed><course>90.353374</course><hAcc>1.500263</hAcc><vAcc>0.791695</vAcc></extensions></trkpt>
      <trkpt lon="-77.032834" lat="38.900311"><ele>20.188896</ele><time>2026-04-04T15:22:57Z</time><extensions><speed>1.192993</speed><course>90.255301</course><hAcc>1.501920</hAcc><vAcc>0.788276</vAcc></extensions></trkpt>
      <trkpt lon="-77.032821" lat="38.900311"><ele>20.169702</ele><time>2026-04-04T15:22:58Z</time><extensions><speed>1.187144</speed><course>90.159032</course><hAcc>1.501430</hAcc><vAcc>0.785959</vAcc></extensions></trkpt>
      <trkpt lon="-77.032807" lat="38.900311"><ele>20.151927</ele><time>2026-04-04T15:22:59Z</time><extensions><speed>1.177374</speed><course>90.063780</course><hAcc>1.495999</hAcc><vAcc>0.784705</vAcc></extensions></trkpt>
      <trkpt lon="-77.032794" lat="38.900311"><ele>20.135523</ele><time>2026-04-04T15:23:00Z</time><extensions><speed>1.165156</speed><course>89.961837</course><hAcc>1.481163</hAcc><vAcc>0.784394</vAcc></extensions></trkpt>
      <trkpt lon="-77.032780" lat="38.900311"><ele>20.120323</ele><time>2026-04-04T15:23:01Z</time><extensions><speed>1.153053</speed><course>89.843738</course><hAcc>1.449924</hAcc><vAcc>0.784835</vAcc></extensions></trkpt>
      <trkpt lon="-77.032767" lat="38.900311"><ele>20.106126</ele><time>2026-04-04T15:23:02Z</time><extensions><speed>1.152440</speed><course>89.821537</course><hAcc>1.410454</hAcc><vAcc>0.785800</vAcc></extensions></trkpt>
      <trkpt lon="-77.032754" lat="38.900311"><ele>20.092632</ele><time>2026-04-04T15:23:03Z</time><extensions><speed>1.152330</speed><course>89.798959</course><hAcc>1.377018</hAcc><vAcc>0.787080</vAcc></extensions></trkpt>
      <trkpt lon="-77.032741" lat="38.900312"><ele>20.079469</ele><time>2026-04-04T15:23:04Z</time><extensions><speed>1.152760</speed><course>89.776781</course><hAcc>1.349090</hAcc><vAcc>0.788519</vAcc></extensions></trkpt>
      <trkpt lon="-77.032727" lat="38.900312"><ele>20.066361</ele><time>2026-04-04T15:23:05Z</time><extensions><speed>1.152932</speed><course>89.749634</course><hAcc>1.326122</hAcc><vAcc>0.790028</vAcc></extensions></trkpt>
      <trkpt lon="-77.032714" lat="38.900312"><ele>20.053126</ele><time>2026-04-04T15:23:06Z</time><extensions><speed>1.153322</speed><course>89.716920</course><hAcc>1.307566</hAcc><vAcc>0.791580</vAcc></extensions></trkpt>
      <trkpt lon="-77.032701" lat="38.900312"><ele>20.039750</ele><time>2026-04-04T15:23:07Z</time><extensions><speed>1.154003</speed><course>89.680804</course><hAcc>1.292894</hAcc><vAcc>0.793187</vAcc></extensions></trkpt>
      <trkpt lon="-77.032688" lat="38.900312"><ele>20.026351</ele><time>2026-04-04T15:23:08Z</time><extensions><speed>1.154939</speed><course>89.640048</course><hAcc>1.281585</hAcc><vAcc>0.794879</vAcc></extensions></trkpt>
      <trkpt lon="-77.032674" lat="38.900312"><ele>20.013138</ele><time>2026-04-04T15:23:09Z</time><extensions><speed>1.156326</speed><course>89.594698</course><hAcc>1.273141</hAcc><vAcc>0.796685</vAcc></extensions></trkpt>
      <trkpt lon="-77.032661" lat="38.900312"><ele>20.000273</ele><time>2026-04-04T15:23:10Z</time><extensions><speed>1.157921</speed><course>89.545078</course><hAcc>1.267093</hAcc><vAcc>0.798631</vAcc></extensions></trkpt>
      <trkpt lon="-77.032648" lat="38.900312"><ele>19.987854</ele><time>2026-04-04T15:23:11Z</time><extensions><speed>1.159480</speed><course>89.489875</course><hAcc>1.263009</hAcc><vAcc>0.800727</vAcc></extensions></trkpt>
      <trkpt lon="-77.032634" lat="38.900312"><ele>19.975998</ele><time>2026-04-04T15:23:12Z</time><extensions><speed>1.161413</speed><course>89.429791</course><hAcc>1.260500</hAcc><vAcc>0.802955</vAcc></extensions></trkpt>
      <trkpt lon="-77.032621" lat="38.900312"><ele>19.964769</ele><time>2026-04-04T15:23:13Z</time><extensions><speed>1.163884</speed><course>89.364676</course><hAcc>1.259223</hAcc><vAcc>0.805262</vAcc></extensions></trkpt>
      <trkpt lon="-77.032607" lat="38.900312"><ele>19.954166</ele><time>2026-04-04T15:23:14Z</time><extensions><speed>1.166762</speed><course>89.296195</course><hAcc>1.258885</hAcc><vAcc>0.807563</vAcc></extensions></trkpt>
      <trkpt lon="-77.032594" lat="38.900312"><ele>19.944144</ele><time>2026-04-04T15:23:15Z</time><extensions><speed>1.169835</speed><course>89.225217</course><hAcc>1.259235</hAcc><vAcc>0.809760</vAcc></extensions></trkpt>
      <trkpt lon="-77.032580" lat="38.900313"><ele>19.934566</ele><time>2026-04-04T15:23:16Z</time><extensions><speed>1.172808</speed><course>89.152207</course><hAcc>1.260065</hAcc><vAcc>0.811758</vAcc></extensions></trkpt>
      <trkpt lon="-77.032567" lat="38.900313"><ele>19.925249</ele><time>2026-04-04T15:23:17Z</time><extensions><speed>1.175538</speed><course>89.076460</course><hAcc>1.261201</hAcc><vAcc>0.813477</vAcc></extensions></trkpt>
      <trkpt lon="-77.032553" lat="38.900313"><ele>19.916027</ele><time>2026-04-04T15:23:18Z</time><extensions><speed>1.178150</speed><course>88.995875</course><hAcc>1.262505</hAcc><vAcc>0.814862</vAcc></extensions></trkpt>
      <trkpt lon="-77.032540" lat="38.900313"><ele>19.906828</ele><time>2026-04-04T15:23:19Z</time><extensions><speed>1.181000</speed><course>88.913894</course><hAcc>1.263870</hAcc><vAcc>0.815872</vAcc></extensions></trkpt>
      <trkpt lon="-77.032526" lat="38.900313"><ele>19.897700</ele><time>2026-04-04T15:23:20Z</time><extensions><speed>1.183927</speed><course>88.835639</course><hAcc>1.265219</hAcc><vAcc>0.816479</vAcc></extensions></trkpt>
      <trkpt lon="-77.032513" lat="38.900314"><ele>19.888788</ele><time>2026-04-04T15:23:21Z</time><extensions><speed>1.187068</speed><course>88.757724</course><hAcc>1.266501</hAcc><vAcc>0.816662</vAcc></extensions></trkpt>
      <trkpt lon="-77.032499" lat="38.900314"><ele>19.880330</ele><time>2026-04-04T15:23:22Z</time><extensions><speed>1.190251</speed><course>88.680820</course><hAcc>1.267691</hAcc><vAcc>0.816392</vAcc></extensions></trkpt>
      <trkpt lon="-77.032485" lat="38.900314"><ele>19.872685</ele><time>2026-04-04T15:23:23Z</time><extensions><speed>1.193521</speed><course>88.610998</course><hAcc>1.268779</hAcc><vAcc>0.815631</vAcc></extensions></trkpt>
      <trkpt lon="-77.032471" lat="38.900314"><ele>19.866258</ele><time>2026-04-04T15:23:24Z</time><extensions><speed>1.196746</speed><course>88.539975</course><hAcc>1.269798</hAcc><vAcc>0.814327</vAcc></extensions></trkpt>
      <trkpt lon="-77.032458" lat="38.900315"><ele>19.861408</ele><time>2026-04-04T15:23:25Z</time><extensions><speed>1.199745</speed><course>88.472443</course><hAcc>1.270785</hAcc><vAcc>0.812448</vAcc></extensions></trkpt>
      <trkpt lon="-77.032444" lat="38.900315"><ele>19.858405</ele><time>2026-04-04T15:23:26Z</time><extensions><speed>1.202577</speed><course>88.405061</course><hAcc>1.271823</hAcc><vAcc>0.810006</vAcc></extensions></trkpt>
      <trkpt lon="-77.032430" lat="38.900315"><ele>19.857441</ele><time>2026-04-04T15:23:27Z</time><extensions><speed>1.205228</speed><course>88.340176</course><hAcc>1.273013</hAcc><vAcc>0.807063</vAcc></extensions></trkpt>
      <trkpt lon="-77.032416" lat="38.900316"><ele>19.858607</ele><time>2026-04-04T15:23:28Z</time><extensions><speed>1.208152</speed><course>88.278320</course><hAcc>1.274488</hAcc><vAcc>0.803723</vAcc></extensions></trkpt>
      <trkpt lon="-77.032402" lat="38.900316"><ele>19.861911</ele><time>2026-04-04T15:23:29Z</time><extensions><speed>1.211472</speed><course>88.220050</course><hAcc>1.276414</hAcc><vAcc>0.800127</vAcc></extensions></trkpt>
      <trkpt lon="-77.032388" lat="38.900316"><ele>19.867309</ele><time>2026-04-04T15:23:30Z</time><extensions><speed>1.214965</speed><course>88.166623</course><hAcc>1.278985</hAcc><vAcc>0.796469</vAcc></extensions></trkpt>
      <trkpt lon="-77.032374" lat="38.900317"><ele>19.874759</ele><time>2026-04-04T15:23:31Z</time><extensions><speed>1.218206</speed><course>88.116567</course><hAcc>1.282445</hAcc><vAcc>0.793018</vAcc></extensions></trkpt>
      <trkpt lon="-77.032360" lat="38.900317"><ele>19.884235</ele><time>2026-04-04T15:23:32Z</time><extensions><speed>1.221159</speed><course>88.071743</course><hAcc>1.287062</hAcc><vAcc>0.790114</vAcc></extensions></trkpt>
      <trkpt lon="-77.032346" lat="38.900317"><ele>19.895710</ele><time>2026-04-04T15:23:33Z</time><extensions><speed>1.223985</speed><course>88.031285</course><hAcc>1.293160</hAcc><vAcc>0.788153</vAcc></extensions></trkpt>
      <trkpt lon="-77.032332" lat="38.900318"><ele>19.909090</ele><time>2026-04-04T15:23:34Z</time><extensions><speed>1.226752</speed><course>87.996511</course><hAcc>1.301105</hAcc><vAcc>0.787561</vAcc></extensions></trkpt>
      <trkpt lon="-77.032318" lat="38.900318"><ele>19.924199</ele><time>2026-04-04T15:23:35Z</time><extensions><speed>1.229537</speed><course>87.967884</course><hAcc>1.311308</hAcc><vAcc>0.788737</vAcc></extensions></trkpt>
      <trkpt lon="-77.032303" lat="38.900318"><ele>19.940810</ele><time>2026-04-04T15:23:36Z</time><extensions><speed>1.232409</speed><course>87.945903</course><hAcc>1.324217</hAcc><vAcc>0.791998</vAcc></extensions></trkpt>
      <trkpt lon="-77.032289" lat="38.900319"><ele>19.958608</ele><time>2026-04-04T15:23:37Z</time><extensions><speed>1.235558</speed><course>87.931134</course><hAcc>1.340317</hAcc><vAcc>0.797540</vAcc></extensions></trkpt>
      <trkpt lon="-77.032275" lat="38.900319"><ele>19.977202</ele><time>2026-04-04T15:23:38Z</time><extensions><speed>1.238911</speed><course>87.924086</course><hAcc>1.360120</hAcc><vAcc>0.805441</vAcc></extensions></trkpt>
      <trkpt lon="-77.032261" lat="38.900320"><ele>19.996115</ele><time>2026-04-04T15:23:39Z</time><extensions><speed>1.242156</speed><course>87.924509</course><hAcc>1.384157</hAcc><vAcc>0.815691</vAcc></extensions></trkpt>
      <trkpt lon="-77.032246" lat="38.900320"><ele>20.014745</ele><time>2026-04-04T15:23:40Z</time><extensions><speed>1.245016</speed><course>87.931497</course><hAcc>1.412964</hAcc><vAcc>0.828211</vAcc></extensions></trkpt>
      <trkpt lon="-77.032232" lat="38.900320"><ele>20.032442</ele><time>2026-04-04T15:23:41Z</time><extensions><speed>1.247736</speed><course>87.944506</course><hAcc>1.447072</hAcc><vAcc>0.842851</vAcc></extensions></trkpt>
      <trkpt lon="-77.032218" lat="38.900321"><ele>20.048682</ele><time>2026-04-04T15:23:42Z</time><extensions><speed>1.250186</speed><course>87.962996</course><hAcc>1.486981</hAcc><vAcc>0.859391</vAcc></extensions></trkpt>
      <trkpt lon="-77.032203" lat="38.900321"><ele>20.063250</ele><time>2026-04-04T15:23:43Z</time><extensions><speed>1.270951</speed><course>88.212485</course><hAcc>1.518660</hAcc><vAcc>0.877534</vAcc></extensions></trkpt>
      <trkpt lon="-77.032188" lat="38.900322"><ele>20.076324</ele><time>2026-04-04T15:23:44Z</time><extensions><speed>1.288323</speed><course>88.499233</course><hAcc>1.534101</hAcc><vAcc>0.896904</vAcc></extensions></trkpt>
      <trkpt lon="-77.032173" lat="38.900322"><ele>20.088405</ele><time>2026-04-04T15:23:45Z</time><extensions><speed>1.303579</speed><course>88.822474</course><hAcc>1.540361</hAcc><vAcc>0.917047</vAcc></extensions></trkpt>
      <trkpt lon="-77.032158" lat="38.900322"><ele>20.100179</ele><time>2026-04-04T15:23:46Z</time><extensions><speed>1.319619</speed><course>89.177726</course><hAcc>1.541981</hAcc><vAcc>0.937474</vAcc></extensions></trkpt>
      <trkpt lon="-77.032143" lat="38.900322"><ele>20.112409</ele><time>2026-04-04T15:23:47Z</time><extensions><speed>1.335548</speed><course>89.561360</course><hAcc>1.541846</hAcc><vAcc>0.957720</vAcc></extensions></trkpt>
      <trkpt lon="-77.032127" lat="38.900322"><ele>20.125861</ele><time>2026-04-04T15:23:48Z</time><extensions><speed>1.350885</speed><course>89.971338</course><hAcc>1.541713</hAcc><vAcc>0.977383</vAcc></extensions></trkpt>
      <trkpt lon="-77.032112" lat="38.900322"><ele>20.141093</ele><time>2026-04-04T15:23:49Z</time><extensions><speed>1.363999</speed><course>90.407351</course><hAcc>1.542586</hAcc><vAcc>0.996146</vAcc></extensions></trkpt>
      <trkpt lon="-77.032096" lat="38.900322"><ele>20.158423</ele><time>2026-04-04T15:23:50Z</time><extensions><speed>1.374476</speed><course>90.868113</course><hAcc>1.544937</hAcc><vAcc>1.013778</vAcc></extensions></trkpt>
      <trkpt lon="-77.032080" lat="38.900322"><ele>20.177898</ele><time>2026-04-04T15:23:51Z</time><extensions><speed>1.381583</speed><course>91.354230</course><hAcc>1.548828</hAcc><vAcc>1.030115</vAcc></extensions></trkpt>
      <trkpt lon="-77.032064" lat="38.900321"><ele>20.199353</ele><time>2026-04-04T15:23:52Z</time><extensions><speed>1.387805</speed><course>91.872210</course><hAcc>1.554038</hAcc><vAcc>1.045054</vAcc></extensions></trkpt>
      <trkpt lon="-77.032048" lat="38.900321"><ele>20.222419</ele><time>2026-04-04T15:23:53Z</time><extensions><speed>1.392879</speed><course>92.336043</course><hAcc>1.560256</hAcc><vAcc>1.058541</vAcc></extensions></trkpt>
      <trkpt lon="-77.032032" lat="38.900320"><ele>20.246579</ele><time>2026-04-04T15:23:54Z</time><extensions><speed>1.399385</speed><course>92.750827</course><hAcc>1.567178</hAcc><vAcc>1.070567</vAcc></extensions></trkpt>
      <trkpt lon="-77.032016" lat="38.900320"><ele>20.271234</ele><time>2026-04-04T15:23:55Z</time><extensions><speed>1.409422</speed><course>93.125638</course><hAcc>1.574502</hAcc><vAcc>1.081157</vAcc></extensions></trkpt>
      <trkpt lon="-77.032000" lat="38.900319"><ele>20.295753</ele><time>2026-04-04T15:23:56Z</time><extensions><speed>1.414937</speed><course>93.451319</course><hAcc>1.581772</hAcc><vAcc>1.090358</vAcc></extensions></trkpt>
      <trkpt lon="-77.031983" lat="38.900318"><ele>20.319508</ele><time>2026-04-04T15:23:57Z</time><extensions><speed>1.418076</speed><course>93.721768</course><hAcc>1.588399</hAcc><vAcc>1.098228</vAcc></extensions></trkpt>
      <trkpt lon="-77.031967" lat="38.900317"><ele>20.341890</ele><time>2026-04-04T15:23:58Z</time><extensions><speed>1.419275</speed><course>93.941612</course><hAcc>1.593990</hAcc><vAcc>1.104837</vAcc></extensions></trkpt>
      <trkpt lon="-77.031951" lat="38.900317"><ele>20.362327</ele><time>2026-04-04T15:23:59Z</time><extensions><speed>1.416954</speed><course>94.114460</course><hAcc>1.598338</hAcc><vAcc>1.110257</vAcc></extensions></trkpt>
      <trkpt lon="-77.031934" lat="38.900316"><ele>20.380308</ele><time>2026-04-04T15:24:00Z</time><extensions><speed>1.415384</speed><course>94.241251</course><hAcc>1.601376</hAcc><vAcc>1.114559</vAcc></extensions></trkpt>
      <trkpt lon="-77.031918" lat="38.900315"><ele>20.395478</ele><time>2026-04-04T15:24:01Z</time><extensions><speed>1.417929</speed><course>94.325356</course><hAcc>1.603374</hAcc><vAcc>1.117806</vAcc></extensions></trkpt>
      <trkpt lon="-77.031902" lat="38.900314"><ele>20.407726</ele><time>2026-04-04T15:24:02Z</time><extensions><speed>1.417340</speed><course>94.370967</course><hAcc>1.604905</hAcc><vAcc>1.120045</vAcc></extensions></trkpt>
      <trkpt lon="-77.031886" lat="38.900313"><ele>20.417121</ele><time>2026-04-04T15:24:03Z</time><extensions><speed>1.412524</speed><course>94.381495</course><hAcc>1.606388</hAcc><vAcc>1.121298</vAcc></extensions></trkpt>
      <trkpt lon="-77.031869" lat="38.900312"><ele>20.423853</ele><time>2026-04-04T15:24:04Z</time><extensions><speed>1.406969</speed><course>94.347773</course><hAcc>1.608037</hAcc><vAcc>1.121559</vAcc></extensions></trkpt>
      <trkpt lon="-77.031853" lat="38.900311"><ele>20.428088</ele><time>2026-04-04T15:24:05Z</time><extensions><speed>1.402396</speed><course>94.271770</course><hAcc>1.609970</hAcc><vAcc>1.120800</vAcc></extensions></trkpt>
      <trkpt lon="-77.031837" lat="38.900310"><ele>20.429960</ele><time>2026-04-04T15:24:06Z</time><extensions><speed>1.400742</speed><course>94.156016</course><hAcc>1.612241</hAcc><vAcc>1.118963</vAcc></extensions></trkpt>
      <trkpt lon="-77.031821" lat="38.900309"><ele>20.429558</ele><time>2026-04-04T15:24:07Z</time><extensions><speed>1.403441</speed><course>94.002446</course><hAcc>1.614857</hAcc><vAcc>1.115966</vAcc></extensions></trkpt>
      <trkpt lon="-77.031805" lat="38.900308"><ele>20.426906</ele><time>2026-04-04T15:24:08Z</time><extensions><speed>1.407474</speed><course>93.808421</course><hAcc>1.617799</hAcc><vAcc>1.111704</vAcc></extensions></trkpt>
      <trkpt lon="-77.031789" lat="38.900307"><ele>20.421978</ele><time>2026-04-04T15:24:09Z</time><extensions><speed>1.410540</speed><course>93.531882</course><hAcc>1.621035</hAcc><vAcc>1.106062</vAcc></extensions></trkpt>
      <trkpt lon="-77.031772" lat="38.900307"><ele>20.414697</ele><time>2026-04-04T15:24:10Z</time><extensions><speed>1.411842</speed><course>93.169283</course><hAcc>1.624532</hAcc><vAcc>1.098922</vAcc></extensions></trkpt>
      <trkpt lon="-77.031756" lat="38.900306"><ele>20.404961</ele><time>2026-04-04T15:24:11Z</time><extensions><speed>1.409437</speed><course>92.808244</course><hAcc>1.628248</hAcc><vAcc>1.090178</vAcc></extensions></trkpt>
      <trkpt lon="-77.031740" lat="38.900305"><ele>20.392705</ele><time>2026-04-04T15:24:12Z</time><extensions><speed>1.404060</speed><course>92.449991</course><hAcc>1.632061</hAcc><vAcc>1.079762</vAcc></extensions></trkpt>
      <trkpt lon="-77.031724" lat="38.900305"><ele>20.377881</ele><time>2026-04-04T15:24:13Z</time><extensions><speed>1.396733</speed><course>92.095109</course><hAcc>1.635726</hAcc><vAcc>1.067656</vAcc></extensions></trkpt>
      <trkpt lon="-77.031708" lat="38.900304"><ele>20.360470</ele><time>2026-04-04T15:24:14Z</time><extensions><speed>1.391013</speed><course>91.778054</course><hAcc>1.638968</hAcc><vAcc>1.053917</vAcc></extensions></trkpt>
      <trkpt lon="-77.031692" lat="38.900304"><ele>20.340515</ele><time>2026-04-04T15:24:15Z</time><extensions><speed>1.385899</speed><course>91.485110</course><hAcc>1.641748</hAcc><vAcc>1.038683</vAcc></extensions></trkpt>
      <trkpt lon="-77.031676" lat="38.900304"><ele>20.318134</ele><time>2026-04-04T15:24:16Z</time><extensions><speed>1.380407</speed><course>91.232087</course><hAcc>1.644079</hAcc><vAcc>1.022172</vAcc></extensions></trkpt>
      <trkpt lon="-77.031660" lat="38.900303"><ele>20.293532</ele><time>2026-04-04T15:24:17Z</time><extensions><speed>1.377121</speed><course>90.999680</course><hAcc>1.646265</hAcc><vAcc>1.004672</vAcc></extensions></trkpt>
      <trkpt lon="-77.031644" lat="38.900303"><ele>20.266941</ele><time>2026-04-04T15:24:18Z</time><extensions><speed>1.374950</speed><course>90.788044</course><hAcc>1.648543</hAcc><vAcc>0.986522</vAcc></extensions></trkpt>
      <trkpt lon="-77.031628" lat="38.900303"><ele>20.238596</ele><time>2026-04-04T15:24:19Z</time><extensions><speed>1.371771</speed><course>90.597803</course><hAcc>1.650961</hAcc><vAcc>0.968069</vAcc></extensions></trkpt>
      <trkpt lon="-77.031613" lat="38.900303"><ele>20.208696</ele><time>2026-04-04T15:24:20Z</time><extensions><speed>1.367153</speed><course>90.427503</course><hAcc>1.653354</hAcc><vAcc>0.949624</vAcc></extensions></trkpt>
      <trkpt lon="-77.031597" lat="38.900303"><ele>20.177412</ele><time>2026-04-04T15:24:21Z</time><extensions><speed>1.361202</speed><course>90.283146</course><hAcc>1.655446</hAcc><vAcc>0.931457</vAcc></extensions></trkpt>
      <trkpt lon="-77.031581" lat="38.900303"><ele>20.144952</ele><time>2026-04-04T15:24:22Z</time><extensions><speed>1.352546</speed><course>90.156611</course><hAcc>1.657204</hAcc><vAcc>0.913818</vAcc></extensions></trkpt>
      <trkpt lon="-77.031566" lat="38.900303"><ele>20.111576</ele><time>2026-04-04T15:24:23Z</time><extensions><speed>1.342965</speed><course>90.050658</course><hAcc>1.658602</hAcc><vAcc>0.896949</vAcc></extensions></trkpt>
      <trkpt lon="-77.031550" lat="38.900303"><ele>20.077529</ele><time>2026-04-04T15:24:24Z</time><extensions><speed>1.332496</speed><course>89.959085</course><hAcc>1.659897</hAcc><vAcc>0.881086</vAcc></extensions></trkpt>
      <trkpt lon="-77.031535" lat="38.900303"><ele>20.043119</ele><time>2026-04-04T15:24:25Z</time><extensions><speed>1.322295</speed><course>89.880698</course><hAcc>1.661307</hAcc><vAcc>0.866445</vAcc></extensions></trkpt>
      <trkpt lon="-77.031520" lat="38.900303"><ele>20.008708</ele><time>2026-04-04T15:24:26Z</time><extensions><speed>1.314753</speed><course>89.863416</course><hAcc>1.662949</hAcc><vAcc>0.853219</vAcc></extensions></trkpt>
      <trkpt lon="-77.031505" lat="38.900303"><ele>19.974648</ele><time>2026-04-04T15:24:27Z</time><extensions><speed>1.310126</speed><course>89.857459</course><hAcc>1.664823</hAcc><vAcc>0.841560</vAcc></extensions></trkpt>
      <trkpt lon="-77.031490" lat="38.900303"><ele>19.941197</ele><time>2026-04-04T15:24:28Z</time><extensions><speed>1.307343</speed><course>89.863632</course><hAcc>1.666833</hAcc><vAcc>0.831550</vAcc></extensions></trkpt>
      <trkpt lon="-77.031475" lat="38.900303"><ele>19.908477</ele><time>2026-04-04T15:24:29Z</time><extensions><speed>1.305903</speed><course>89.869590</course><hAcc>1.668848</hAcc><vAcc>0.823181</vAcc></extensions></trkpt>
      <trkpt lon="-77.031459" lat="38.900303"><ele>19.876518</ele><time>2026-04-04T15:24:30Z</time><extensions><speed>1.305458</speed><course>89.884747</course><hAcc>1.670794</hAcc><vAcc>0.816378</vAcc></extensions></trkpt>
      <trkpt lon="-77.031444" lat="38.900303"><ele>19.845297</ele><time>2026-04-04T15:24:31Z</time><extensions><speed>1.302294</speed><course>89.899152</course><hAcc>1.672727</hAcc><vAcc>0.811009</vAcc></extensions></trkpt>
      <trkpt lon="-77.031429" lat="38.900303"><ele>19.814789</ele><time>2026-04-04T15:24:32Z</time><extensions><speed>1.295217</speed><course>89.919936</course><hAcc>1.674710</hAcc><vAcc>0.806900</vAcc></extensions></trkpt>
      <trkpt lon="-77.031415" lat="38.900303"><ele>19.785061</ele><time>2026-04-04T15:24:33Z</time><extensions><speed>1.285351</speed><course>89.945505</course><hAcc>1.676800</hAcc><vAcc>0.803856</vAcc></extensions></trkpt>
      <trkpt lon="-77.031400" lat="38.900303"><ele>19.756208</ele><time>2026-04-04T15:24:34Z</time><extensions><speed>1.274621</speed><course>89.977632</course><hAcc>1.678973</hAcc><vAcc>0.801678</vAcc></extensions></trkpt>
      <trkpt lon="-77.031385" lat="38.900303"><ele>19.728260</ele><time>2026-04-04T15:24:35Z</time><extensions><speed>1.266677</speed><course>89.975088</course><hAcc>1.680891</hAcc><vAcc>0.800176</vAcc></extensions></trkpt>
      <trkpt lon="-77.031371" lat="38.900303"><ele>19.701116</ele><time>2026-04-04T15:24:36Z</time><extensions><speed>1.266604</speed><course>89.981794</course><hAcc>1.682284</hAcc><vAcc>0.799201</vAcc></extensions></trkpt>
      <trkpt lon="-77.031356" lat="38.900303"><ele>19.674518</ele><time>2026-04-04T15:24:37Z</time><extensions><speed>1.268811</speed><course>89.989726</course><hAcc>1.683319</hAcc><vAcc>0.798661</vAcc></extensions></trkpt>
      <trkpt lon="-77.031342" lat="38.900303"><ele>19.648012</ele><time>2026-04-04T15:24:38Z</time><extensions><speed>1.270571</speed><course>89.996905</course><hAcc>1.684259</hAcc><vAcc>0.798531</vAcc></extensions></trkpt>
      <trkpt lon="-77.031327" lat="38.900303"><ele>19.620983</ele><time>2026-04-04T15:24:39Z</time><extensions><speed>1.270567</speed><course>90.005022</course><hAcc>1.685383</hAcc><vAcc>0.798859</vAcc></extensions></trkpt>
      <trkpt lon="-77.031312" lat="38.900303"><ele>19.592709</ele><time>2026-04-04T15:24:40Z</time><extensions><speed>1.269055</speed><course>90.011877</course><hAcc>1.686938</hAcc><vAcc>0.799763</vAcc></extensions></trkpt>
      <trkpt lon="-77.031298" lat="38.900303"><ele>19.562477</ele><time>2026-04-04T15:24:41Z</time><extensions><speed>1.266737</speed><course>90.017290</course><hAcc>1.688944</hAcc><vAcc>0.801415</vAcc></extensions></trkpt>
      <trkpt lon="-77.031283" lat="38.900303"><ele>19.529727</ele><time>2026-04-04T15:24:42Z</time><extensions><speed>1.264223</speed><course>90.021115</course><hAcc>1.691399</hAcc><vAcc>0.804033</vAcc></extensions></trkpt>
      <trkpt lon="-77.031269" lat="38.900303"><ele>19.494169</ele><time>2026-04-04T15:24:43Z</time><extensions><speed>1.262669</speed><course>90.023003</course><hAcc>1.694129</hAcc><vAcc>0.807854</vAcc></extensions></trkpt>
      <trkpt lon="-77.031254" lat="38.900303"><ele>19.455837</ele><time>2026-04-04T15:24:44Z</time><extensions><speed>1.262635</speed><course>90.021678</course><hAcc>1.696999</hAcc><vAcc>0.813106</vAcc></extensions></trkpt>
      <trkpt lon="-77.031240" lat="38.900303"><ele>19.415003</ele><time>2026-04-04T15:24:45Z</time><extensions><speed>1.264466</speed><course>90.015626</course><hAcc>1.699913</hAcc><vAcc>0.819978</vAcc></extensions></trkpt>
      <trkpt lon="-77.031225" lat="38.900303"><ele>19.372036</ele><time>2026-04-04T15:24:46Z</time><extensions><speed>1.267356</speed><course>90.003285</course><hAcc>1.702806</hAcc><vAcc>0.828589</vAcc></extensions></trkpt>
      <trkpt lon="-77.031211" lat="38.900303"><ele>19.327424</ele><time>2026-04-04T15:24:47Z</time><extensions><speed>1.271108</speed><course>89.984484</course><hAcc>1.705627</hAcc><vAcc>0.838942</vAcc></extensions></trkpt>
      <trkpt lon="-77.031196" lat="38.900303"><ele>19.281343</ele><time>2026-04-04T15:24:48Z</time><extensions><speed>1.273638</speed><course>89.957281</course><hAcc>1.708307</hAcc><vAcc>0.850895</vAcc></extensions></trkpt>
      <trkpt lon="-77.031181" lat="38.900303"><ele>19.234151</ele><time>2026-04-04T15:24:49Z</time><extensions><speed>1.274687</speed><course>89.919133</course><hAcc>1.710709</hAcc><vAcc>0.864092</vAcc></extensions></trkpt>
      <trkpt lon="-77.031167" lat="38.900304"><ele>19.186039</ele><time>2026-04-04T15:24:50Z</time><extensions><speed>1.273036</speed><course>89.871288</course><hAcc>1.712702</hAcc><vAcc>0.878083</vAcc></extensions></trkpt>
      <trkpt lon="-77.031152" lat="38.900304"><ele>19.137168</ele><time>2026-04-04T15:24:51Z</time><extensions><speed>1.272990</speed><course>89.809261</course><hAcc>1.714170</hAcc><vAcc>0.892404</vAcc></extensions></trkpt>
      <trkpt lon="-77.031137" lat="38.900304"><ele>19.087698</ele><time>2026-04-04T15:24:52Z</time><extensions><speed>1.272611</speed><course>89.729446</course><hAcc>1.715177</hAcc><vAcc>0.906642</vAcc></extensions></trkpt>
      <trkpt lon="-77.031123" lat="38.900304"><ele>19.037844</ele><time>2026-04-04T15:24:53Z</time><extensions><speed>1.272510</speed><course>89.633584</course><hAcc>1.715819</hAcc><vAcc>0.920452</vAcc></extensions></trkpt>
      <trkpt lon="-77.031108" lat="38.900304"><ele>18.987850</ele><time>2026-04-04T15:24:54Z</time><extensions><speed>1.274274</speed><course>89.517621</course><hAcc>1.716221</hAcc><vAcc>0.933573</vAcc></extensions></trkpt>
      <trkpt lon="-77.031093" lat="38.900304"><ele>18.937911</ele><time>2026-04-04T15:24:55Z</time><extensions><speed>1.278629</speed><course>89.381309</course><hAcc>1.716492</hAcc><vAcc>0.945814</vAcc></extensions></trkpt>
      <trkpt lon="-77.031078" lat="38.900304"><ele>18.888355</ele><time>2026-04-04T15:24:56Z</time><extensions><speed>1.283778</speed><course>89.222317</course><hAcc>1.716740</hAcc><vAcc>0.957035</vAcc></extensions></trkpt>
      <trkpt lon="-77.031064" lat="38.900304"><ele>18.839481</ele><time>2026-04-04T15:24:57Z</time><extensions><speed>1.286610</speed><course>89.041837</course><hAcc>1.717133</hAcc><vAcc>0.967152</vAcc></extensions></trkpt>
      <trkpt lon="-77.031049" lat="38.900304"><ele>18.791913</ele><time>2026-04-04T15:24:58Z</time><extensions><speed>1.286365</speed><course>88.826626</course><hAcc>1.717909</hAcc><vAcc>0.976130</vAcc></extensions></trkpt>
      <trkpt lon="-77.031034" lat="38.900305"><ele>18.746205</ele><time>2026-04-04T15:24:59Z</time><extensions><speed>1.283493</speed><course>88.583403</course><hAcc>1.719315</hAcc><vAcc>0.983982</vAcc></extensions></trkpt>
      <trkpt lon="-77.031019" lat="38.900305"><ele>18.703052</ele><time>2026-04-04T15:25:00Z</time><extensions><speed>1.278102</speed><course>88.309559</course><hAcc>1.721288</hAcc><vAcc>0.990753</vAcc></extensions></trkpt>
      <trkpt lon="-77.031005" lat="38.900305"><ele>18.662981</ele><time>2026-04-04T15:25:01Z</time><extensions><speed>1.270906</speed><course>87.991970</course><hAcc>1.723478</hAcc><vAcc>0.996509</vAcc></extensions></trkpt>
      <trkpt lon="-77.030990" lat="38.900306"><ele>18.626519</ele><time>2026-04-04T15:25:02Z</time><extensions><speed>1.263867</speed><course>87.629199</course><hAcc>1.725608</hAcc><vAcc>1.001329</vAcc></extensions></trkpt>
      <trkpt lon="-77.030975" lat="38.900306"><ele>18.594083</ele><time>2026-04-04T15:25:03Z</time><extensions><speed>1.259722</speed><course>87.223932</course><hAcc>1.727520</hAcc><vAcc>1.005303</vAcc></extensions></trkpt>
      <trkpt lon="-77.030961" lat="38.900307"><ele>18.565839</ele><time>2026-04-04T15:25:04Z</time><extensions><speed>1.258242</speed><course>86.775171</course><hAcc>1.729122</hAcc><vAcc>1.008528</vAcc></extensions></trkpt>
      <trkpt lon="-77.030946" lat="38.900308"><ele>18.541820</ele><time>2026-04-04T15:25:05Z</time><extensions><speed>1.258278</speed><course>86.279438</course><hAcc>1.730373</hAcc><vAcc>1.011104</vAcc></extensions></trkpt>
      <trkpt lon="-77.030932" lat="38.900308"><ele>18.521926</ele><time>2026-04-04T15:25:06Z</time><extensions><speed>1.256045</speed><course>85.723440</course><hAcc>1.731271</hAcc><vAcc>1.013144</vAcc></extensions></trkpt>
      <trkpt lon="-77.030918" lat="38.900309"><ele>18.505980</ele><time>2026-04-04T15:25:07Z</time><extensions><speed>1.250409</speed><course>85.064898</course><hAcc>1.731979</hAcc><vAcc>1.014782</vAcc></extensions></trkpt>
      <trkpt lon="-77.030903" lat="38.900310"><ele>18.493658</ele><time>2026-04-04T15:25:08Z</time><extensions><speed>1.241554</speed><course>84.357509</course><hAcc>1.733085</hAcc><vAcc>1.016171</vAcc></extensions></trkpt>
      <trkpt lon="-77.030889" lat="38.900311"><ele>18.484523</ele><time>2026-04-04T15:25:09Z</time><extensions><speed>1.229322</speed><course>83.598086</course><hAcc>1.734969</hAcc><vAcc>1.017481</vAcc></extensions></trkpt>
      <trkpt lon="-77.030875" lat="38.900313"><ele>18.478117</ele><time>2026-04-04T15:25:10Z</time><extensions><speed>1.213628</speed><course>82.776882</course><hAcc>1.737642</hAcc><vAcc>1.018884</vAcc></extensions></trkpt>
      <trkpt lon="-77.030861" lat="38.900314"><ele>18.473988</ele><time>2026-04-04T15:25:11Z</time><extensions><speed>1.195291</speed><course>81.854807</course><hAcc>1.740860</hAcc><vAcc>1.020550</vAcc></extensions></trkpt>
      <trkpt lon="-77.030848" lat="38.900316"><ele>18.471814</ele><time>2026-04-04T15:25:12Z</time><extensions><speed>1.175437</speed><course>80.830006</course><hAcc>1.744426</hAcc><vAcc>1.022636</vAcc></extensions></trkpt>
      <trkpt lon="-77.030834" lat="38.900318"><ele>18.471250</ele><time>2026-04-04T15:25:13Z</time><extensions><speed>1.157384</speed><course>79.723884</course><hAcc>1.748223</hAcc><vAcc>1.025272</vAcc></extensions></trkpt>
      <trkpt lon="-77.030821" lat="38.900320"><ele>18.472095</ele><time>2026-04-04T15:25:14Z</time><extensions><speed>1.141044</speed><course>78.544691</course><hAcc>1.752190</hAcc><vAcc>1.028554</vAcc></extensions></trkpt>
      <trkpt lon="-77.030809" lat="38.900322"><ele>18.474204</ele><time>2026-04-04T15:25:15Z</time><extensions><speed>1.124934</speed><course>77.283111</course><hAcc>1.756264</hAcc><vAcc>1.032524</vAcc></extensions></trkpt>
      <trkpt lon="-77.030796" lat="38.900324"><ele>18.477467</ele><time>2026-04-04T15:25:16Z</time><extensions><speed>1.108797</speed><course>75.941545</course><hAcc>1.760350</hAcc><vAcc>1.037147</vAcc></extensions></trkpt>
      <trkpt lon="-77.030784" lat="38.900326"><ele>18.481790</ele><time>2026-04-04T15:25:17Z</time><extensions><speed>1.098261</speed><course>75.378023</course><hAcc>1.764288</hAcc><vAcc>1.042300</vAcc></extensions></trkpt>
      <trkpt lon="-77.030771" lat="38.900329"><ele>18.486989</ele><time>2026-04-04T15:25:18Z</time><extensions><speed>1.091631</speed><course>75.639982</course><hAcc>1.767811</hAcc><vAcc>1.047780</vAcc></extensions></trkpt>
      <trkpt lon="-77.030759" lat="38.900331"><ele>18.492850</ele><time>2026-04-04T15:25:19Z</time><extensions><speed>1.095838</speed><course>77.068005</course><hAcc>1.770623</hAcc><vAcc>1.053333</vAcc></extensions></trkpt>
      <trkpt lon="-77.030747" lat="38.900333"><ele>18.499171</ele><time>2026-04-04T15:25:20Z</time><extensions><speed>1.106143</speed><course>79.039148</course><hAcc>1.772693</hAcc><vAcc>1.058707</vAcc></extensions></trkpt>
      <trkpt lon="-77.030734" lat="38.900335"><ele>18.505776</ele><time>2026-04-04T15:25:21Z</time><extensions><speed>1.129931</speed><course>81.860362</course><hAcc>1.774022</hAcc><vAcc>1.063695</vAcc></extensions></trkpt>
      <trkpt lon="-77.030721" lat="38.900336"><ele>18.512400</ele><time>2026-04-04T15:25:22Z</time><extensions><speed>1.162552</speed><course>84.721393</course><hAcc>1.774885</hAcc><vAcc>1.068151</vAcc></extensions></trkpt>
      <trkpt lon="-77.030707" lat="38.900337"><ele>18.518751</ele><time>2026-04-04T15:25:23Z</time><extensions><speed>1.203206</speed><course>87.492069</course><hAcc>1.775561</hAcc><vAcc>1.072006</vAcc></extensions></trkpt>
      <trkpt lon="-77.030693" lat="38.900337"><ele>18.524537</ele><time>2026-04-04T15:25:24Z</time><extensions><speed>1.250146</speed><course>90.028788</course><hAcc>1.776282</hAcc><vAcc>1.075254</vAcc></extensions></trkpt>
      <trkpt lon="-77.030678" lat="38.900337"><ele>18.529487</ele><time>2026-04-04T15:25:25Z</time><extensions><speed>1.301561</speed><course>92.394787</course><hAcc>1.777268</hAcc><vAcc>1.077947</vAcc></extensions></trkpt>
      <trkpt lon="-77.030663" lat="38.900336"><ele>18.533459</ele><time>2026-04-04T15:25:26Z</time><extensions><speed>1.346307</speed><course>94.193304</course><hAcc>1.778791</hAcc><vAcc>1.080178</vAcc></extensions></trkpt>
      <trkpt lon="-77.030648" lat="38.900335"><ele>18.536272</ele><time>2026-04-04T15:25:27Z</time><extensions><speed>1.381515</speed><course>95.550827</course><hAcc>1.781174</hAcc><vAcc>1.082079</vAcc></extensions></trkpt>
      <trkpt lon="-77.030632" lat="38.900334"><ele>18.537778</ele><time>2026-04-04T15:25:28Z</time><extensions><speed>1.405168</speed><course>96.572353</course><hAcc>1.784558</hAcc><vAcc>1.083806</vAcc></extensions></trkpt>
      <trkpt lon="-77.030615" lat="38.900332"><ele>18.537920</ele><time>2026-04-04T15:25:29Z</time><extensions><speed>1.419136</speed><course>97.342923</course><hAcc>1.788848</hAcc><vAcc>1.085537</vAcc></extensions></trkpt>
      <trkpt lon="-77.030599" lat="38.900331"><ele>18.536744</ele><time>2026-04-04T15:25:30Z</time><extensions><speed>1.424192</speed><course>97.902457</course><hAcc>1.793835</hAcc><vAcc>1.087461</vAcc></extensions></trkpt>
      <trkpt lon="-77.030583" lat="38.900329"><ele>18.534347</ele><time>2026-04-04T15:25:31Z</time><extensions><speed>1.421329</speed><course>98.292160</course><hAcc>1.799127</hAcc><vAcc>1.089768</vAcc></extensions></trkpt>
      <trkpt lon="-77.030567" lat="38.900327"><ele>18.530874</ele><time>2026-04-04T15:25:32Z</time><extensions><speed>1.413720</speed><course>98.573530</course><hAcc>1.804205</hAcc><vAcc>1.092623</vAcc></extensions></trkpt>
      <trkpt lon="-77.030551" lat="38.900325"><ele>18.526334</ele><time>2026-04-04T15:25:33Z</time><extensions><speed>1.405740</speed><course>98.744745</course><hAcc>1.808712</hAcc><vAcc>1.096150</vAcc></extensions></trkpt>
      <trkpt lon="-77.030535" lat="38.900323"><ele>18.521155</ele><time>2026-04-04T15:25:34Z</time><extensions><speed>1.400128</speed><course>98.812655</course><hAcc>1.812472</hAcc><vAcc>1.100413</vAcc></extensions></trkpt>
      <trkpt lon="-77.030519" lat="38.900321"><ele>18.515536</ele><time>2026-04-04T15:25:35Z</time><extensions><speed>1.395606</speed><course>98.808040</course><hAcc>1.815505</hAcc><vAcc>1.105415</vAcc></extensions></trkpt>
      <trkpt lon="-77.030503" lat="38.900319"><ele>18.509795</ele><time>2026-04-04T15:25:36Z</time><extensions><speed>1.389594</speed><course>98.738731</course><hAcc>1.818023</hAcc><vAcc>1.111113</vAcc></extensions></trkpt>
      <trkpt lon="-77.030487" lat="38.900317"><ele>18.504150</ele><time>2026-04-04T15:25:37Z</time><extensions><speed>1.378039</speed><course>98.608322</course><hAcc>1.820255</hAcc><vAcc>1.117431</vAcc></extensions></trkpt>
      <trkpt lon="-77.030471" lat="38.900315"><ele>18.498733</ele><time>2026-04-04T15:25:38Z</time><extensions><speed>1.362449</speed><course>98.441293</course><hAcc>1.822276</hAcc><vAcc>1.124274</vAcc></extensions></trkpt>
      <trkpt lon="-77.030456" lat="38.900314"><ele>18.493595</ele><time>2026-04-04T15:25:39Z</time><extensions><speed>1.343776</speed><course>98.220347</course><hAcc>1.824107</hAcc><vAcc>1.131545</vAcc></extensions></trkpt>
      <trkpt lon="-77.030441" lat="38.900312"><ele>18.488671</ele><time>2026-04-04T15:25:40Z</time><extensions><speed>1.324868</speed><course>97.980263</course><hAcc>1.825697</hAcc><vAcc>1.139120</vAcc></extensions></trkpt>
      <trkpt lon="-77.030426" lat="38.900310"><ele>18.483927</ele><time>2026-04-04T15:25:41Z</time><extensions><speed>1.305480</speed><course>97.691399</course><hAcc>1.827085</hAcc><vAcc>1.146843</vAcc></extensions></trkpt>
      <trkpt lon="-77.030411" lat="38.900309"><ele>18.479358</ele><time>2026-04-04T15:25:42Z</time><extensions><speed>1.285716</speed><course>97.355282</course><hAcc>1.828253</hAcc><vAcc>1.154585</vAcc></extensions></trkpt>
      <trkpt lon="-77.030396" lat="38.900307"><ele>18.474996</ele><time>2026-04-04T15:25:43Z</time><extensions><speed>1.268936</speed><course>96.966928</course><hAcc>1.829116</hAcc><vAcc>1.162265</vAcc></extensions></trkpt>
      <trkpt lon="-77.030382" lat="38.900306"><ele>18.470909</ele><time>2026-04-04T15:25:44Z</time><extensions><speed>1.253828</speed><course>96.568978</course><hAcc>1.829632</hAcc><vAcc>1.169826</vAcc></extensions></trkpt>
      <trkpt lon="-77.030368" lat="38.900305"><ele>18.467130</ele><time>2026-04-04T15:25:45Z</time><extensions><speed>1.238228</speed><course>96.146035</course><hAcc>1.829932</hAcc><vAcc>1.177226</vAcc></extensions></trkpt>
      <trkpt lon="-77.030354" lat="38.900304"><ele>18.463460</ele><time>2026-04-04T15:25:46Z</time><extensions><speed>1.220362</speed><course>95.706998</course><hAcc>1.830059</hAcc><vAcc>1.184418</vAcc></extensions></trkpt>
      <trkpt lon="-77.030340" lat="38.900303"><ele>18.460031</ele><time>2026-04-04T15:25:47Z</time><extensions><speed>1.199928</speed><course>95.256142</course><hAcc>1.829841</hAcc><vAcc>1.191346</vAcc></extensions></trkpt>
      <trkpt lon="-77.030326" lat="38.900302"><ele>18.456748</ele><time>2026-04-04T15:25:48Z</time><extensions><speed>1.176144</speed><course>94.882986</course><hAcc>1.829049</hAcc><vAcc>1.197947</vAcc></extensions></trkpt>
      <trkpt lon="-77.030313" lat="38.900301"><ele>18.453457</ele><time>2026-04-04T15:25:49Z</time><extensions><speed>1.152133</speed><course>94.504083</course><hAcc>1.828042</hAcc><vAcc>1.204180</vAcc></extensions></trkpt>
      <trkpt lon="-77.030300" lat="38.900300"><ele>18.450331</ele><time>2026-04-04T15:25:50Z</time><extensions><speed>1.128102</speed><course>94.119931</course><hAcc>1.827221</hAcc><vAcc>1.210000</vAcc></extensions></trkpt>
      <trkpt lon="-77.030287" lat="38.900299"><ele>18.447433</ele><time>2026-04-04T15:25:51Z</time><extensions><speed>1.106746</speed><course>93.728979</course><hAcc>1.826837</hAcc><vAcc>1.215369</vAcc></extensions></trkpt>
      <trkpt lon="-77.030274" lat="38.900299"><ele>18.445012</ele><time>2026-04-04T15:25:52Z</time><extensions><speed>1.088375</speed><course>93.335259</course><hAcc>1.827062</hAcc><vAcc>1.220253</vAcc></extensions></trkpt>
      <trkpt lon="-77.030262" lat="38.900298"><ele>18.443148</ele><time>2026-04-04T15:25:53Z</time><extensions><speed>1.073760</speed><course>92.943429</course><hAcc>1.828015</hAcc><vAcc>1.224621</vAcc></extensions></trkpt>
      <trkpt lon="-77.030249" lat="38.900298"><ele>18.442187</ele><time>2026-04-04T15:25:54Z</time><extensions><speed>1.062276</speed><course>92.558155</course><hAcc>1.829783</hAcc><vAcc>1.228452</vAcc></extensions></trkpt>
      <trkpt lon="-77.030237" lat="38.900297"><ele>18.442351</ele><time>2026-04-04T15:25:55Z</time><extensions><speed>1.052372</speed><course>92.185995</course><hAcc>1.832382</hAcc><vAcc>1.231733</vAcc></extensions></trkpt>
      <trkpt lon="-77.030225" lat="38.900297"><ele>18.443745</ele><time>2026-04-04T15:25:56Z</time><extensions><speed>1.043972</speed><course>91.826078</course><hAcc>1.835680</hAcc><vAcc>1.234473</vAcc></extensions></trkpt>
      <trkpt lon="-77.030213" lat="38.900297"><ele>18.446466</ele><time>2026-04-04T15:25:57Z</time><extensions><speed>1.037601</speed><course>91.480955</course><hAcc>1.839302</hAcc><vAcc>1.236676</vAcc></extensions></trkpt>
      <trkpt lon="-77.030201" lat="38.900297"><ele>18.450567</ele><time>2026-04-04T15:25:58Z</time><extensions><speed>1.029731</speed><course>91.167538</course><hAcc>1.842696</hAcc><vAcc>1.238378</vAcc></extensions></trkpt>
      <trkpt lon="-77.030189" lat="38.900296"><ele>18.455890</ele><time>2026-04-04T15:25:59Z</time><extensions><speed>1.018877</speed><course>90.879429</course><hAcc>1.845459</hAcc><vAcc>1.239616</vAcc></extensions></trkpt>
      <trkpt lon="-77.030178" lat="38.900296"><ele>18.462476</ele><time>2026-04-04T15:26:00Z</time><extensions><speed>1.004496</speed><course>90.623342</course><hAcc>1.847317</hAcc><vAcc>1.240425</vAcc></extensions></trkpt>
      <trkpt lon="-77.030166" lat="38.900296"><ele>18.470006</ele><time>2026-04-04T15:26:01Z</time><extensions><speed>0.989734</speed><course>90.384091</course><hAcc>1.848362</hAcc><vAcc>1.240845</vAcc></extensions></trkpt>
      <trkpt lon="-77.030155" lat="38.900296"><ele>18.478177</ele><time>2026-04-04T15:26:02Z</time><extensions><speed>0.976010</speed><course>90.158421</course><hAcc>1.848783</hAcc><vAcc>1.240923</vAcc></extensions></trkpt>
      <trkpt lon="-77.030144" lat="38.900296"><ele>18.486597</ele><time>2026-04-04T15:26:03Z</time><extensions><speed>0.963297</speed><course>89.945169</course><hAcc>1.848719</hAcc><vAcc>1.240714</vAcc></extensions></trkpt>
      <trkpt lon="-77.030133" lat="38.900296"><ele>18.495076</ele><time>2026-04-04T15:26:04Z</time><extensions><speed>0.952756</speed><course>89.745469</course><hAcc>1.848271</hAcc><vAcc>1.240267</vAcc></extensions></trkpt>
      <trkpt lon="-77.030122" lat="38.900296"><ele>18.503434</ele><time>2026-04-04T15:26:05Z</time><extensions><speed>0.948305</speed><course>89.559038</course><hAcc>1.847531</hAcc><vAcc>1.239631</vAcc></extensions></trkpt>
      <trkpt lon="-77.030111" lat="38.900296"><ele>18.511369</ele><time>2026-04-04T15:26:06Z</time><extensions><speed>0.947456</speed><course>89.385962</course><hAcc>1.846634</hAcc><vAcc>1.238847</vAcc></extensions></trkpt>
      <trkpt lon="-77.030100" lat="38.900296"><ele>18.518522</ele><time>2026-04-04T15:26:07Z</time><extensions><speed>0.945963</speed><course>89.226829</course><hAcc>1.845810</hAcc><vAcc>1.237959</vAcc></extensions></trkpt>
      <trkpt lon="-77.030089" lat="38.900297"><ele>18.524366</ele><time>2026-04-04T15:26:08Z</time><extensions><speed>0.943339</speed><course>89.079193</course><hAcc>1.845456</hAcc><vAcc>1.237001</vAcc></extensions></trkpt>
      <trkpt lon="-77.030078" lat="38.900297"><ele>18.528751</ele><time>2026-04-04T15:26:09Z</time><extensions><speed>0.939828</speed><course>88.941577</course><hAcc>1.846214</hAcc><vAcc>1.236004</vAcc></extensions></trkpt>
      <trkpt lon="-77.030067" lat="38.900297"><ele>18.531209</ele><time>2026-04-04T15:26:10Z</time><extensions><speed>0.940124</speed><course>88.817094</course><hAcc>1.849061</hAcc><vAcc>1.234989</vAcc></extensions></trkpt>
      <trkpt lon="-77.030056" lat="38.900297"><ele>18.531604</ele><time>2026-04-04T15:26:11Z</time><extensions><speed>0.943835</speed><course>88.705917</course><hAcc>1.855432</hAcc><vAcc>1.233969</vAcc></extensions></trkpt>
      <trkpt lon="-77.030046" lat="38.900297"><ele>18.529847</ele><time>2026-04-04T15:26:12Z</time><extensions><speed>0.949718</speed><course>88.606753</course><hAcc>1.867366</hAcc><vAcc>1.232952</vAcc></extensions></trkpt>
      <trkpt lon="-77.030035" lat="38.900297"><ele>18.525853</ele><time>2026-04-04T15:26:13Z</time><extensions><speed>0.958098</speed><course>88.520209</course><hAcc>1.887649</hAcc><vAcc>1.231947</vAcc></extensions></trkpt>
      <trkpt lon="-77.030023" lat="38.900298"><ele>18.519661</ele><time>2026-04-04T15:26:14Z</time><extensions><speed>0.964797</speed><course>88.441064</course><hAcc>1.919946</hAcc><vAcc>1.230976</vAcc></extensions></trkpt>
      <trkpt lon="-77.030012" lat="38.900298"><ele>18.511397</ele><time>2026-04-04T15:26:15Z</time><extensions><speed>0.968498</speed><course>88.367099</course><hAcc>1.968852</hAcc><vAcc>1.230063</vAcc></extensions></trkpt>
      <trkpt lon="-77.030001" lat="38.900298"><ele>18.501108</ele><time>2026-04-04T15:26:16Z</time><extensions><speed>0.970488</speed><course>88.309258</course><hAcc>2.039525</hAcc><vAcc>1.229236</vAcc></extensions></trkpt>
      <trkpt lon="-77.029990" lat="38.900298"><ele>18.488989</ele><time>2026-04-04T15:26:17Z</time><extensions><speed>0.970609</speed><course>88.264692</course><hAcc>2.137066</hAcc><vAcc>1.228529</vAcc></extensions></trkpt>
      <trkpt lon="-77.029979" lat="38.900299"><ele>18.475009</ele><time>2026-04-04T15:26:18Z</time><extensions><speed>0.970218</speed><course>88.239402</course><hAcc>2.266324</hAcc><vAcc>1.227995</vAcc></extensions></trkpt>
      <trkpt lon="-77.029968" lat="38.900299"><ele>18.459995</ele><time>2026-04-04T15:26:19Z</time><extensions><speed>0.819940</speed><course>86.745753</course><hAcc>2.312916</hAcc><vAcc>1.227731</vAcc></extensions></trkpt>
      <trkpt lon="-77.029959" lat="38.900299"><ele>18.444048</ele><time>2026-04-04T15:26:20Z</time><extensions><speed>0.858177</speed><course>86.326619</course><hAcc>2.321238</hAcc><vAcc>1.227845</vAcc></extensions></trkpt>
      <trkpt lon="-77.029948" lat="38.900300"><ele>18.427629</ele><time>2026-04-04T15:26:21Z</time><extensions><speed>1.036031</speed><course>86.817736</course><hAcc>2.341157</hAcc><vAcc>1.228489</vAcc></extensions></trkpt>
      <trkpt lon="-77.029935" lat="38.900300"><ele>18.411219</ele><time>2026-04-04T15:26:22Z</time><extensions><speed>1.227723</speed><course>87.470972</course><hAcc>2.365852</hAcc><vAcc>1.229841</vAcc></extensions></trkpt>
      <trkpt lon="-77.029921" lat="38.900301"><ele>18.395272</ele><time>2026-04-04T15:26:23Z</time><extensions><speed>1.218445</speed><course>87.743799</course><hAcc>2.387807</hAcc><vAcc>1.232100</vAcc></extensions></trkpt>
      <trkpt lon="-77.029907" lat="38.900301"><ele>18.380188</ele><time>2026-04-04T15:26:24Z</time><extensions><speed>1.170426</speed><course>87.843544</course><hAcc>2.397682</hAcc><vAcc>1.235483</vAcc></extensions></trkpt>
      <trkpt lon="-77.029893" lat="38.900302"><ele>18.366331</ele><time>2026-04-04T15:26:25Z</time><extensions><speed>1.319199</speed><course>87.619349</course><hAcc>2.385446</hAcc><vAcc>1.240210</vAcc></extensions></trkpt>
      <trkpt lon="-77.029877" lat="38.900302"><ele>18.354035</ele><time>2026-04-04T15:26:26Z</time><extensions><speed>1.348761</speed><course>87.112578</course><hAcc>2.398174</hAcc><vAcc>1.246484</vAcc></extensions></trkpt>
      <trkpt lon="-77.029862" lat="38.900303"><ele>18.343604</ele><time>2026-04-04T15:26:27Z</time><extensions><speed>1.249024</speed><course>84.761802</course><hAcc>2.422332</hAcc><vAcc>1.254475</vAcc></extensions></trkpt>
      <trkpt lon="-77.029849" lat="38.900305"><ele>18.335304</ele><time>2026-04-04T15:26:28Z</time><extensions><speed>1.076090</speed><course>78.004544</course><hAcc>2.461279</hAcc><vAcc>1.264294</vAcc></extensions></trkpt>
      <trkpt lon="-77.029838" lat="38.900308"><ele>18.329346</ele><time>2026-04-04T15:26:29Z</time><extensions><speed>1.044529</speed><course>55.650498</course><hAcc>2.482252</hAcc><vAcc>1.275986</vAcc></extensions></trkpt>
      <trkpt lon="-77.029829" lat="38.900315"><ele>18.325868</ele><time>2026-04-04T15:26:30Z</time><extensions><speed>1.080702</speed><course>41.533337</course><hAcc>2.495800</hAcc><vAcc>1.289503</vAcc></extensions></trkpt>
      <trkpt lon="-77.029823" lat="38.900323"><ele>18.324929</ele><time>2026-04-04T15:26:31Z</time><extensions><speed>1.014274</speed><course>20.636436</course><hAcc>2.513656</hAcc><vAcc>1.304688</vAcc></extensions></trkpt>
      <trkpt lon="-77.029820" lat="38.900331"><ele>18.326519</ele><time>2026-04-04T15:26:32Z</time><extensions><speed>0.946541</speed><course>10.632694</course><hAcc>2.539181</hAcc><vAcc>1.321268</vAcc></extensions></trkpt>
      <trkpt lon="-77.029818" lat="38.900339"><ele>18.330582</ele><time>2026-04-04T15:26:33Z</time><extensions><speed>0.843768</speed><course>9.027741</course><hAcc>2.573465</hAcc><vAcc>1.338845</vAcc></extensions></trkpt>
      <trkpt lon="-77.029817" lat="38.900346"><ele>18.337043</ele><time>2026-04-04T15:26:34Z</time><extensions><speed>0.679736</speed><course>10.024561</course><hAcc>2.611627</hAcc><vAcc>1.356903</vAcc></extensions></trkpt>
      <trkpt lon="-77.029815" lat="38.900351"><ele>18.345816</ele><time>2026-04-04T15:26:35Z</time><extensions><speed>0.448657</speed><course>15.317537</course><hAcc>2.650027</hAcc><vAcc>1.374807</vAcc></extensions></trkpt>
      <trkpt lon="-77.029814" lat="38.900354"><ele>18.356803</ele><time>2026-04-04T15:26:36Z</time><extensions><speed>0.251568</speed><course>35.851944</course><hAcc>2.679877</hAcc><vAcc>1.391838</vAcc></extensions></trkpt>
      <trkpt lon="-77.029812" lat="38.900355"><ele>18.369909</ele><time>2026-04-04T15:26:37Z</time><extensions><speed>0.193270</speed><course>57.099261</course><hAcc>2.729192</hAcc><vAcc>1.407292</vAcc></extensions></trkpt>
      <trkpt lon="-77.029810" lat="38.900356"><ele>18.385061</ele><time>2026-04-04T15:26:38Z</time><extensions><speed>0.171861</speed><course>77.666159</course><hAcc>2.793036</hAcc><vAcc>1.420585</vAcc></extensions></trkpt>
      <trkpt lon="-77.029808" lat="38.900356"><ele>18.402207</ele><time>2026-04-04T15:26:39Z</time><extensions><speed>0.172299</speed><course>96.028016</course><hAcc>2.857198</hAcc><vAcc>1.431246</vAcc></extensions></trkpt>
      <trkpt lon="-77.029806" lat="38.900355"><ele>18.421289</ele><time>2026-04-04T15:26:40Z</time><extensions><speed>0.184714</speed><course>110.323617</course><hAcc>2.913280</hAcc><vAcc>1.438882</vAcc></extensions></trkpt>
      <trkpt lon="-77.029804" lat="38.900355"><ele>18.442254</ele><time>2026-04-04T15:26:41Z</time><extensions><speed>0.210360</speed><course>123.183151</course><hAcc>2.952515</hAcc><vAcc>1.443205</vAcc></extensions></trkpt>
      <trkpt lon="-77.029802" lat="38.900353"><ele>18.465057</ele><time>2026-04-04T15:26:42Z</time><extensions><speed>0.240929</speed><course>131.086292</course><hAcc>2.967264</hAcc><vAcc>1.444071</vAcc></extensions></trkpt>
      <trkpt lon="-77.029800" lat="38.900352"><ele>18.489652</ele><time>2026-04-04T15:26:43Z</time><extensions><speed>0.261381</speed><course>132.408871</course><hAcc>2.951693</hAcc><vAcc>1.441483</vAcc></extensions></trkpt>
      <trkpt lon="-77.029798" lat="38.900350"><ele>18.516002</ele><time>2026-04-04T15:26:44Z</time><extensions><speed>0.282559</speed><course>132.299694</course><hAcc>2.906195</hAcc><vAcc>1.435593</vAcc></extensions></trkpt>
      <trkpt lon="-77.029795" lat="38.900349"><ele>18.544081</ele><time>2026-04-04T15:26:45Z</time><extensions><speed>0.285989</speed><course>126.015728</course><hAcc>2.836605</hAcc><vAcc>1.426708</vAcc></extensions></trkpt>
      <trkpt lon="-77.029792" lat="38.900347"><ele>18.573876</ele><time>2026-04-04T15:26:46Z</time><extensions><speed>0.277859</speed><course>112.437358</course><hAcc>2.757775</hAcc><vAcc>1.415294</vAcc></extensions></trkpt>
      <trkpt lon="-77.029789" lat="38.900347"><ele>18.605392</ele><time>2026-04-04T15:26:47Z</time><extensions><speed>0.290837</speed><course>78.040735</course><hAcc>2.688312</hAcc><vAcc>1.401973</vAcc></extensions></trkpt>
      <trkpt lon="-77.029786" lat="38.900348"><ele>18.638640</ele><time>2026-04-04T15:26:48Z</time><extensions><speed>0.353306</speed><course>62.515955</course><hAcc>2.638735</hAcc><vAcc>1.387500</vAcc></extensions></trkpt>
      <trkpt lon="-77.029781" lat="38.900350"><ele>18.673622</ele><time>2026-04-04T15:26:49Z</time><extensions><speed>0.586958</speed><course>58.655485</course><hAcc>2.576584</hAcc><vAcc>1.372675</vAcc></extensions></trkpt>
      <trkpt lon="-77.029773" lat="38.900354"><ele>18.710309</ele><time>2026-04-04T15:26:50Z</time><extensions><speed>0.979991</speed><course>58.693875</course><hAcc>2.529600</hAcc><vAcc>1.358283</vAcc></extensions></trkpt>
      <trkpt lon="-77.029763" lat="38.900359"><ele>18.748631</ele><time>2026-04-04T15:26:51Z</time><extensions><speed>1.158998</speed><course>57.965015</course><hAcc>2.488082</hAcc><vAcc>1.345062</vAcc></extensions></trkpt>
      <trkpt lon="-77.029751" lat="38.900365"><ele>18.788425</ele><time>2026-04-04T15:26:52Z</time><extensions><speed>1.236581</speed><course>58.265237</course><hAcc>2.451664</hAcc><vAcc>1.333721</vAcc></extensions></trkpt>
      <trkpt lon="-77.029739" lat="38.900370"><ele>18.829553</ele><time>2026-04-04T15:26:53Z</time><extensions><speed>1.230380</speed><course>62.397297</course><hAcc>2.421656</hAcc><vAcc>1.324898</vAcc></extensions></trkpt>
      <trkpt lon="-77.029725" lat="38.900374"><ele>18.871736</ele><time>2026-04-04T15:26:54Z</time><extensions><speed>1.285692</speed><course>73.516343</course><hAcc>2.399636</hAcc><vAcc>1.319245</vAcc></extensions></trkpt>
      <trkpt lon="-77.029711" lat="38.900377"><ele>18.914713</ele><time>2026-04-04T15:26:55Z</time><extensions><speed>1.259042</speed><course>76.310854</course><hAcc>2.390078</hAcc><vAcc>1.317434</vAcc></extensions></trkpt>
      <trkpt lon="-77.029698" lat="38.900380"><ele>18.958242</ele><time>2026-04-04T15:26:56Z</time><extensions><speed>1.124785</speed><course>76.184334</course><hAcc>2.398094</hAcc><vAcc>1.320204</vAcc></extensions></trkpt>
      <trkpt lon="-77.029685" lat="38.900382"><ele>19.002108</ele><time>2026-04-04T15:26:57Z</time><extensions><speed>1.090676</speed><course>74.677565</course><hAcc>2.406134</hAcc><vAcc>1.328410</vAcc></extensions></trkpt>
      <trkpt lon="-77.029673" lat="38.900385"><ele>19.046105</ele><time>2026-04-04T15:26:58Z</time><extensions><speed>1.200277</speed><course>74.533587</course><hAcc>2.396477</hAcc><vAcc>1.343063</vAcc></extensions></trkpt>
      <trkpt lon="-77.029659" lat="38.900388"><ele>19.093034</ele><time>2026-04-04T15:26:59Z</time><extensions><speed>1.248540</speed><course>73.733005</course><hAcc>2.385023</hAcc><vAcc>1.338503</vAcc></extensions></trkpt>
      <trkpt lon="-77.029644" lat="38.900391"><ele>19.144073</ele><time>2026-04-04T15:27:00Z</time><extensions><speed>1.343882</speed><course>72.132797</course><hAcc>2.390171</hAcc><vAcc>1.335430</vAcc></extensions></trkpt>
      <trkpt lon="-77.029629" lat="38.900395"><ele>19.196487</ele><time>2026-04-04T15:27:01Z</time><extensions><speed>1.368177</speed><course>71.432850</course><hAcc>2.389974</hAcc><vAcc>1.333547</vAcc></extensions></trkpt>
      <trkpt lon="-77.029614" lat="38.900399"><ele>19.237210</ele><time>2026-04-04T15:27:02Z</time><extensions><speed>1.324208</speed><course>71.315958</course><hAcc>2.384578</hAcc><vAcc>1.331654</vAcc></extensions></trkpt>
      <trkpt lon="-77.029600" lat="38.900403"><ele>19.276099</ele><time>2026-04-04T15:27:03Z</time><extensions><speed>1.266463</speed><course>71.080957</course><hAcc>2.384747</hAcc><vAcc>1.330460</vAcc></extensions></trkpt>
      <trkpt lon="-77.029586" lat="38.900406"><ele>19.304393</ele><time>2026-04-04T15:27:04Z</time><extensions><speed>1.261674</speed><course>70.653617</course><hAcc>2.389127</hAcc><vAcc>1.329327</vAcc></extensions></trkpt>
      <trkpt lon="-77.029572" lat="38.900410"><ele>19.323717</ele><time>2026-04-04T15:27:05Z</time><extensions><speed>1.260452</speed><course>70.228188</course><hAcc>2.394658</hAcc><vAcc>1.327447</vAcc></extensions></trkpt>
      <trkpt lon="-77.029559" lat="38.900414"><ele>19.334651</ele><time>2026-04-04T15:27:06Z</time><extensions><speed>1.180343</speed><course>69.997377</course><hAcc>2.400711</hAcc><vAcc>1.324775</vAcc></extensions></trkpt>
      <trkpt lon="-77.029547" lat="38.900417"><ele>19.339635</ele><time>2026-04-04T15:27:07Z</time><extensions><speed>1.117033</speed><course>69.754812</course><hAcc>2.408224</hAcc><vAcc>1.321475</vAcc></extensions></trkpt>
      <trkpt lon="-77.029534" lat="38.900421"><ele>19.338213</ele><time>2026-04-04T15:27:08Z</time><extensions><speed>1.130031</speed><course>69.378256</course><hAcc>2.416690</hAcc><vAcc>1.317591</vAcc></extensions></trkpt>
      <trkpt lon="-77.029522" lat="38.900424"><ele>19.331276</ele><time>2026-04-04T15:27:09Z</time><extensions><speed>1.047642</speed><course>69.229511</course><hAcc>2.426269</hAcc><vAcc>1.313372</vAcc></extensions></trkpt>
      <trkpt lon="-77.029512" lat="38.900428"><ele>19.326516</ele><time>2026-04-04T15:27:10Z</time><extensions><speed>0.915673</speed><course>69.197711</course><hAcc>2.437950</hAcc><vAcc>1.309124</vAcc></extensions></trkpt>
      <trkpt lon="-77.029502" lat="38.900430"><ele>19.324401</ele><time>2026-04-04T15:27:11Z</time><extensions><speed>0.788697</speed><course>69.547467</course><hAcc>2.449834</hAcc><vAcc>1.305563</vAcc></extensions></trkpt>
      <trkpt lon="-77.029493" lat="38.900433"><ele>19.322882</ele><time>2026-04-04T15:27:12Z</time><extensions><speed>0.885382</speed><course>69.613348</course><hAcc>2.453799</hAcc><vAcc>1.302384</vAcc></extensions></trkpt>
      <trkpt lon="-77.029481" lat="38.900436"><ele>19.322619</ele><time>2026-04-04T15:27:13Z</time><extensions><speed>1.240578</speed><course>69.347617</course><hAcc>2.452630</hAcc><vAcc>1.298993</vAcc></extensions></trkpt>
      <trkpt lon="-77.029464" lat="38.900440"><ele>19.318095</ele><time>2026-04-04T15:27:14Z</time><extensions><speed>1.657573</speed><course>69.512139</course><hAcc>2.450828</hAcc><vAcc>1.296018</vAcc></extensions></trkpt>
      <trkpt lon="-77.029446" lat="38.900446"><ele>19.310514</ele><time>2026-04-04T15:27:15Z</time><extensions><speed>1.635213</speed><course>69.162066</course><hAcc>2.477900</hAcc><vAcc>1.293407</vAcc></extensions></trkpt>
      <trkpt lon="-77.029428" lat="38.900451"><ele>19.299988</ele><time>2026-04-04T15:27:16Z</time><extensions><speed>1.461130</speed><course>69.482182</course><hAcc>2.483893</hAcc><vAcc>1.291025</vAcc></extensions></trkpt>
      <trkpt lon="-77.029413" lat="38.900455"><ele>19.288227</ele><time>2026-04-04T15:27:17Z</time><extensions><speed>1.255518</speed><course>70.470096</course><hAcc>2.472849</hAcc><vAcc>1.288738</vAcc></extensions></trkpt>
      <trkpt lon="-77.029400" lat="38.900458"><ele>19.276098</ele><time>2026-04-04T15:27:18Z</time><extensions><speed>0.999232</speed><course>71.096771</course><hAcc>2.485694</hAcc><vAcc>1.286467</vAcc></extensions></trkpt>
      <trkpt lon="-77.029389" lat="38.900461"><ele>19.254688</ele><time>2026-04-04T15:27:19Z</time><extensions><speed>0.921947</speed><course>71.615085</course><hAcc>2.486775</hAcc><vAcc>1.284505</vAcc></extensions></trkpt>
      <trkpt lon="-77.029377" lat="38.900464"><ele>19.232148</ele><time>2026-04-04T15:27:20Z</time><extensions><speed>1.156100</speed><course>70.900735</course><hAcc>2.478349</hAcc><vAcc>1.282703</vAcc></extensions></trkpt>
      <trkpt lon="-77.029365" lat="38.900468"><ele>19.212685</ele><time>2026-04-04T15:27:21Z</time><extensions><speed>1.202360</speed><course>70.072252</course><hAcc>2.475442</hAcc><vAcc>1.280341</vAcc></extensions></trkpt>
      <trkpt lon="-77.029352" lat="38.900471"><ele>19.194851</ele><time>2026-04-04T15:27:22Z</time><extensions><speed>1.139307</speed><course>69.751682</course><hAcc>2.468312</hAcc><vAcc>1.277635</vAcc></extensions></trkpt>
      <trkpt lon="-77.029340" lat="38.900475"><ele>19.181189</ele><time>2026-04-04T15:27:23Z</time><extensions><speed>1.110507</speed><course>69.362267</course><hAcc>2.460422</hAcc><vAcc>1.275503</vAcc></extensions></trkpt>
      <trkpt lon="-77.029328" lat="38.900478"><ele>19.172601</ele><time>2026-04-04T15:27:24Z</time><extensions><speed>1.065501</speed><course>68.939340</course><hAcc>2.454827</hAcc><vAcc>1.272959</vAcc></extensions></trkpt>
      <trkpt lon="-77.029316" lat="38.900482"><ele>19.164576</ele><time>2026-04-04T15:27:25Z</time><extensions><speed>1.088030</speed><course>68.644480</course><hAcc>2.442182</hAcc><vAcc>1.269497</vAcc></extensions></trkpt>
      <trkpt lon="-77.029304" lat="38.900485"><ele>19.157086</ele><time>2026-04-04T15:27:26Z</time><extensions><speed>1.110279</speed><course>68.316968</course><hAcc>2.432597</hAcc><vAcc>1.265293</vAcc></extensions></trkpt>
      <trkpt lon="-77.029292" lat="38.900489"><ele>19.149038</ele><time>2026-04-04T15:27:27Z</time><extensions><speed>1.182111</speed><course>67.918037</course><hAcc>2.427931</hAcc><vAcc>1.260380</vAcc></extensions></trkpt>
      <trkpt lon="-77.029279" lat="38.900493"><ele>19.146787</ele><time>2026-04-04T15:27:28Z</time><extensions><speed>1.240449</speed><course>67.570344</course><hAcc>2.431189</hAcc><vAcc>1.254746</vAcc></extensions></trkpt>
      <trkpt lon="-77.029265" lat="38.900498"><ele>19.143225</ele><time>2026-04-04T15:27:29Z</time><extensions><speed>1.339354</speed><course>67.099222</course><hAcc>2.440642</hAcc><vAcc>1.248559</vAcc></extensions></trkpt>
      <trkpt lon="-77.029251" lat="38.900502"><ele>19.137786</ele><time>2026-04-04T15:27:30Z</time><extensions><speed>1.403714</speed><course>67.094583</course><hAcc>2.420853</hAcc><vAcc>1.243382</vAcc></extensions></trkpt>
      <trkpt lon="-77.029236" lat="38.900507"><ele>19.131977</ele><time>2026-04-04T15:27:31Z</time><extensions><speed>1.411756</speed><course>67.037931</course><hAcc>2.410578</hAcc><vAcc>1.237528</vAcc></extensions></trkpt>
      <trkpt lon="-77.029221" lat="38.900512"><ele>19.125409</ele><time>2026-04-04T15:27:32Z</time><extensions><speed>1.462961</speed><course>66.892272</course><hAcc>2.419743</hAcc><vAcc>1.232030</vAcc></extensions></trkpt>
      <trkpt lon="-77.029206" lat="38.900517"><ele>19.115943</ele><time>2026-04-04T15:27:33Z</time><extensions><speed>1.353870</speed><course>66.731806</course><hAcc>2.437620</hAcc><vAcc>1.226840</vAcc></extensions></trkpt>
      <trkpt lon="-77.029193" lat="38.900522"><ele>19.108619</ele><time>2026-04-04T15:27:34Z</time><extensions><speed>1.166297</speed><course>66.832985</course><hAcc>2.425386</hAcc><vAcc>1.221697</vAcc></extensions></trkpt>
      <trkpt lon="-77.029181" lat="38.900526"><ele>19.107059</ele><time>2026-04-04T15:27:35Z</time><extensions><speed>1.102906</speed><course>66.838086</course><hAcc>2.418470</hAcc><vAcc>1.216911</vAcc></extensions></trkpt>
      <trkpt lon="-77.029169" lat="38.900530"><ele>19.109905</ele><time>2026-04-04T15:27:36Z</time><extensions><speed>1.163221</speed><course>66.752898</course><hAcc>2.420311</hAcc><vAcc>1.212270</vAcc></extensions></trkpt>
      <trkpt lon="-77.029156" lat="38.900534"><ele>19.118702</ele><time>2026-04-04T15:27:37Z</time><extensions><speed>1.232698</speed><course>66.666679</course><hAcc>2.423982</hAcc><vAcc>1.207935</vAcc></extensions></trkpt>
      <trkpt lon="-77.029142" lat="38.900539"><ele>19.132888</ele><time>2026-04-04T15:27:38Z</time><extensions><speed>1.333335</speed><course>66.584188</course><hAcc>2.426723</hAcc><vAcc>1.203985</vAcc></extensions></trkpt>
      <trkpt lon="-77.029128" lat="38.900543"><ele>19.151618</ele><time>2026-04-04T15:27:39Z</time><extensions><speed>1.356112</speed><course>66.528443</course><hAcc>2.430329</hAcc><vAcc>1.200621</vAcc></extensions></trkpt>
      <trkpt lon="-77.029113" lat="38.900548"><ele>19.167309</ele><time>2026-04-04T15:27:40Z</time><extensions><speed>1.324008</speed><course>66.471277</course><hAcc>2.434251</hAcc><vAcc>1.197935</vAcc></extensions></trkpt>
      <trkpt lon="-77.029100" lat="38.900553"><ele>19.192543</ele><time>2026-04-04T15:27:41Z</time><extensions><speed>1.277789</speed><course>66.462409</course><hAcc>2.423883</hAcc><vAcc>1.195465</vAcc></extensions></trkpt>
      <trkpt lon="-77.029087" lat="38.900557"><ele>19.226390</ele><time>2026-04-04T15:27:42Z</time><extensions><speed>1.239788</speed><course>66.426272</course><hAcc>2.423660</hAcc><vAcc>1.193098</vAcc></extensions></trkpt>
      <trkpt lon="-77.029074" lat="38.900562"><ele>19.262221</ele><time>2026-04-04T15:27:43Z</time><extensions><speed>1.090166</speed><course>66.357930</course><hAcc>2.384477</hAcc><vAcc>1.190763</vAcc></extensions></trkpt>
      <trkpt lon="-77.029059" lat="38.900567"><ele>19.371116</ele><time>2026-04-04T15:27:44Z</time><extensions><speed>1.175880</speed><course>66.315914</course><hAcc>2.139032</hAcc><vAcc>1.122584</vAcc></extensions></trkpt>
      <trkpt lon="-77.029046" lat="38.900571"><ele>19.402031</ele><time>2026-04-04T15:27:45Z</time><extensions><speed>1.171815</speed><course>66.307890</course><hAcc>2.049853</hAcc><vAcc>1.121295</vAcc></extensions></trkpt>
      <trkpt lon="-77.029034" lat="38.900576"><ele>19.434187</ele><time>2026-04-04T15:27:46Z</time><extensions><speed>1.168958</speed><course>66.298220</course><hAcc>1.985450</hAcc><vAcc>1.120181</vAcc></extensions></trkpt>
      <trkpt lon="-77.029021" lat="38.900580"><ele>19.467016</ele><time>2026-04-04T15:27:47Z</time><extensions><speed>1.168850</speed><course>66.289321</course><hAcc>1.940540</hAcc><vAcc>1.119209</vAcc></extensions></trkpt>
      <trkpt lon="-77.029009" lat="38.900584"><ele>19.500088</ele><time>2026-04-04T15:27:48Z</time><extensions><speed>1.170995</speed><course>66.280340</course><hAcc>1.910414</hAcc><vAcc>1.118357</vAcc></extensions></trkpt>
      <trkpt lon="-77.028997" lat="38.900588"><ele>19.532879</ele><time>2026-04-04T15:27:49Z</time><extensions><speed>1.173439</speed><course>66.270369</course><hAcc>1.891135</hAcc><vAcc>1.117605</vAcc></extensions></trkpt>
      <trkpt lon="-77.028984" lat="38.900593"><ele>19.564914</ele><time>2026-04-04T15:27:50Z</time><extensions><speed>1.176448</speed><course>66.259967</course><hAcc>1.879549</hAcc><vAcc>1.116946</vAcc></extensions></trkpt>
      <trkpt lon="-77.028972" lat="38.900597"><ele>19.595491</ele><time>2026-04-04T15:27:51Z</time><extensions><speed>1.180022</speed><course>66.247743</course><hAcc>1.873206</hAcc><vAcc>1.116376</vAcc></extensions></trkpt>
      <trkpt lon="-77.028960" lat="38.900601"><ele>19.624092</ele><time>2026-04-04T15:27:52Z</time><extensions><speed>1.180393</speed><course>66.280465</course><hAcc>1.870299</hAcc><vAcc>1.115903</vAcc></extensions></trkpt>
      <trkpt lon="-77.028947" lat="38.900605"><ele>19.650082</ele><time>2026-04-04T15:27:53Z</time><extensions><speed>1.177624</speed><course>66.311335</course><hAcc>1.869515</hAcc><vAcc>1.115538</vAcc></extensions></trkpt>
      <trkpt lon="-77.028935" lat="38.900609"><ele>19.673061</ele><time>2026-04-04T15:27:54Z</time><extensions><speed>1.180845</speed><course>66.337154</course><hAcc>1.869956</hAcc><vAcc>1.115288</vAcc></extensions></trkpt>
      <trkpt lon="-77.028922" lat="38.900614"><ele>19.692594</ele><time>2026-04-04T15:27:55Z</time><extensions><speed>1.186940</speed><course>66.367078</course><hAcc>1.871025</hAcc><vAcc>1.115150</vAcc></extensions></trkpt>
      <trkpt lon="-77.028910" lat="38.900618"><ele>19.708338</ele><time>2026-04-04T15:27:56Z</time><extensions><speed>1.193581</speed><course>66.393130</course><hAcc>1.872348</hAcc><vAcc>1.115109</vAcc></extensions></trkpt>
      <trkpt lon="-77.028897" lat="38.900622"><ele>19.720094</ele><time>2026-04-04T15:27:57Z</time><extensions><speed>1.203041</speed><course>66.424721</course><hAcc>1.873694</hAcc><vAcc>1.115145</vAcc></extensions></trkpt>
      <trkpt lon="-77.028884" lat="38.900627"><ele>19.727707</ele><time>2026-04-04T15:27:58Z</time><extensions><speed>1.215096</speed><course>66.447654</course><hAcc>1.874913</hAcc><vAcc>1.115230</vAcc></extensions></trkpt>
      <trkpt lon="-77.028871" lat="38.900631"><ele>19.731161</ele><time>2026-04-04T15:27:59Z</time><extensions><speed>1.226256</speed><course>66.464963</course><hAcc>1.875896</hAcc><vAcc>1.115329</vAcc></extensions></trkpt>
      <trkpt lon="-77.028858" lat="38.900635"><ele>19.730409</ele><time>2026-04-04T15:28:00Z</time><extensions><speed>1.232238</speed><course>66.476620</course><hAcc>1.876591</hAcc><vAcc>1.115407</vAcc></extensions></trkpt>
      <trkpt lon="-77.028845" lat="38.900640"><ele>19.725597</ele><time>2026-04-04T15:28:01Z</time><extensions><speed>1.231087</speed><course>66.487033</course><hAcc>1.876889</hAcc><vAcc>1.115428</vAcc></extensions></trkpt>
      <trkpt lon="-77.028832" lat="38.900644"><ele>19.716888</ele><time>2026-04-04T15:28:02Z</time><extensions><speed>1.224972</speed><course>66.500165</course><hAcc>1.876669</hAcc><vAcc>1.115357</vAcc></extensions></trkpt>
      <trkpt lon="-77.028819" lat="38.900649"><ele>19.704578</ele><time>2026-04-04T15:28:03Z</time><extensions><speed>1.223563</speed><course>66.516764</course><hAcc>1.876120</hAcc><vAcc>1.115171</vAcc></extensions></trkpt>
      <trkpt lon="-77.028806" lat="38.900653"><ele>19.688970</ele><time>2026-04-04T15:28:04Z</time><extensions><speed>1.228509</speed><course>66.530666</course><hAcc>1.875435</hAcc><vAcc>1.114859</vAcc></extensions></trkpt>
      <trkpt lon="-77.028793" lat="38.900658"><ele>19.670454</ele><time>2026-04-04T15:28:05Z</time><extensions><speed>1.237796</speed><course>66.536229</course><hAcc>1.874710</hAcc><vAcc>1.114420</vAcc></extensions></trkpt>
      <trkpt lon="-77.028780" lat="38.900662"><ele>19.649459</ele><time>2026-04-04T15:28:06Z</time><extensions><speed>1.249098</speed><course>66.532226</course><hAcc>1.874009</hAcc><vAcc>1.113868</vAcc></extensions></trkpt>
      <trkpt lon="-77.028767" lat="38.900667"><ele>19.626309</ele><time>2026-04-04T15:28:07Z</time><extensions><speed>1.259667</speed><course>66.537611</course><hAcc>1.873292</hAcc><vAcc>1.113231</vAcc></extensions></trkpt>
      <trkpt lon="-77.028753" lat="38.900671"><ele>19.601598</ele><time>2026-04-04T15:28:08Z</time><extensions><speed>1.271872</speed><course>66.520045</course><hAcc>1.872477</hAcc><vAcc>1.112544</vAcc></extensions></trkpt>
      <trkpt lon="-77.028740" lat="38.900676"><ele>19.575524</ele><time>2026-04-04T15:28:09Z</time><extensions><speed>1.283554</speed><course>66.504139</course><hAcc>1.871777</hAcc><vAcc>1.111843</vAcc></extensions></trkpt>
      <trkpt lon="-77.028726" lat="38.900680"><ele>19.548383</ele><time>2026-04-04T15:28:10Z</time><extensions><speed>1.294556</speed><course>66.547594</course><hAcc>1.871368</hAcc><vAcc>1.111158</vAcc></extensions></trkpt>
      <trkpt lon="-77.028712" lat="38.900685"><ele>19.520408</ele><time>2026-04-04T15:28:11Z</time><extensions><speed>1.306505</speed><course>66.566247</course><hAcc>1.871330</hAcc><vAcc>1.110501</vAcc></extensions></trkpt>
      <trkpt lon="-77.028698" lat="38.900690"><ele>19.491840</ele><time>2026-04-04T15:28:12Z</time><extensions><speed>1.321515</speed><course>66.577346</course><hAcc>1.871627</hAcc><vAcc>1.109867</vAcc></extensions></trkpt>
      <trkpt lon="-77.028684" lat="38.900694"><ele>19.462943</ele><time>2026-04-04T15:28:13Z</time><extensions><speed>1.338093</speed><course>66.589570</course><hAcc>1.872120</hAcc><vAcc>1.109244</vAcc></extensions></trkpt>
      <trkpt lon="-77.028670" lat="38.900699"><ele>19.433898</ele><time>2026-04-04T15:28:14Z</time><extensions><speed>1.352714</speed><course>66.598370</course><hAcc>1.872565</hAcc><vAcc>1.108617</vAcc></extensions></trkpt>
      <trkpt lon="-77.028656" lat="38.900704"><ele>19.404843</ele><time>2026-04-04T15:28:15Z</time><extensions><speed>1.365073</speed><course>66.606917</course><hAcc>1.872720</hAcc><vAcc>1.107978</vAcc></extensions></trkpt>
      <trkpt lon="-77.028641" lat="38.900709"><ele>19.375939</ele><time>2026-04-04T15:28:16Z</time><extensions><speed>1.377150</speed><course>66.616856</course><hAcc>1.872694</hAcc><vAcc>1.107322</vAcc></extensions></trkpt>
      <trkpt lon="-77.028627" lat="38.900714"><ele>19.347426</ele><time>2026-04-04T15:28:17Z</time><extensions><speed>1.390210</speed><course>66.618315</course><hAcc>1.872676</hAcc><vAcc>1.106656</vAcc></extensions></trkpt>
      <trkpt lon="-77.028612" lat="38.900719"><ele>19.319592</ele><time>2026-04-04T15:28:18Z</time><extensions><speed>1.401699</speed><course>66.619750</course><hAcc>1.872772</hAcc><vAcc>1.105989</vAcc></extensions></trkpt>
      <trkpt lon="-77.028597" lat="38.900724"><ele>19.292798</ele><time>2026-04-04T15:28:19Z</time><extensions><speed>1.409692</speed><course>66.617464</course><hAcc>1.873015</hAcc><vAcc>1.105336</vAcc></extensions></trkpt>
      <trkpt lon="-77.028582" lat="38.900729"><ele>19.267321</ele><time>2026-04-04T15:28:20Z</time><extensions><speed>1.415057</speed><course>66.603038</course><hAcc>1.873387</hAcc><vAcc>1.104713</vAcc></extensions></trkpt>
      <trkpt lon="-77.028567" lat="38.900734"><ele>19.243506</ele><time>2026-04-04T15:28:21Z</time><extensions><speed>1.418441</speed><course>66.572810</course><hAcc>1.873878</hAcc><vAcc>1.104153</vAcc></extensions></trkpt>
      <trkpt lon="-77.028552" lat="38.900739"><ele>19.221764</ele><time>2026-04-04T15:28:22Z</time><extensions><speed>1.420523</speed><course>66.529093</course><hAcc>1.874472</hAcc><vAcc>1.103705</vAcc></extensions></trkpt>
      <trkpt lon="-77.028537" lat="38.900744"><ele>19.202567</ele><time>2026-04-04T15:28:23Z</time><extensions><speed>1.423148</speed><course>66.464816</course><hAcc>1.875166</hAcc><vAcc>1.103425</vAcc></extensions></trkpt>
      <trkpt lon="-77.028522" lat="38.900749"><ele>19.186410</ele><time>2026-04-04T15:28:24Z</time><extensions><speed>1.428657</speed><course>66.363298</course><hAcc>1.875972</hAcc><vAcc>1.103371</vAcc></extensions></trkpt>
      <trkpt lon="-77.028507" lat="38.900754"><ele>19.173715</ele><time>2026-04-04T15:28:25Z</time><extensions><speed>1.436362</speed><course>66.238734</course><hAcc>1.876889</hAcc><vAcc>1.103590</vAcc></extensions></trkpt>
      <trkpt lon="-77.028491" lat="38.900760"><ele>19.164835</ele><time>2026-04-04T15:28:26Z</time><extensions><speed>1.442709</speed><course>66.090617</course><hAcc>1.877890</hAcc><vAcc>1.104113</vAcc></extensions></trkpt>
      <trkpt lon="-77.028476" lat="38.900765"><ele>19.160115</ele><time>2026-04-04T15:28:27Z</time><extensions><speed>1.447204</speed><course>65.912627</course><hAcc>1.878925</hAcc><vAcc>1.104960</vAcc></extensions></trkpt>
      <trkpt lon="-77.028461" lat="38.900770"><ele>19.159776</ele><time>2026-04-04T15:28:28Z</time><extensions><speed>1.448590</speed><course>65.696183</course><hAcc>1.879938</hAcc><vAcc>1.106145</vAcc></extensions></trkpt>
      <trkpt lon="-77.028446" lat="38.900776"><ele>19.163863</ele><time>2026-04-04T15:28:29Z</time><extensions><speed>1.444748</speed><course>65.432424</course><hAcc>1.880840</hAcc><vAcc>1.107677</vAcc></extensions></trkpt>
      <trkpt lon="-77.028431" lat="38.900781"><ele>19.172480</ele><time>2026-04-04T15:28:30Z</time><extensions><speed>1.435918</speed><course>65.042704</course><hAcc>1.881561</hAcc><vAcc>1.109563</vAcc></extensions></trkpt>
      <trkpt lon="-77.028416" lat="38.900787"><ele>19.185753</ele><time>2026-04-04T15:28:31Z</time><extensions><speed>1.425767</speed><course>64.555554</course><hAcc>1.882174</hAcc><vAcc>1.111803</vAcc></extensions></trkpt>
      <trkpt lon="-77.028401" lat="38.900792"><ele>19.203594</ele><time>2026-04-04T15:28:32Z</time><extensions><speed>1.414480</speed><course>63.952495</course><hAcc>1.882760</hAcc><vAcc>1.114396</vAcc></extensions></trkpt>
      <trkpt lon="-77.028387" lat="38.900798"><ele>19.226023</ele><time>2026-04-04T15:28:33Z</time><extensions><speed>1.401247</speed><course>63.220750</course><hAcc>1.883356</hAcc><vAcc>1.117345</vAcc></extensions></trkpt>
      <trkpt lon="-77.028372" lat="38.900803"><ele>19.252830</ele><time>2026-04-04T15:28:34Z</time><extensions><speed>1.388553</speed><course>62.368277</course><hAcc>1.883937</hAcc><vAcc>1.120661</vAcc></extensions></trkpt>
      <trkpt lon="-77.028358" lat="38.900809"><ele>19.283747</ele><time>2026-04-04T15:28:35Z</time><extensions><speed>1.374339</speed><course>61.374308</course><hAcc>1.884419</hAcc><vAcc>1.124361</vAcc></extensions></trkpt>
      <trkpt lon="-77.028344" lat="38.900815"><ele>19.318295</ele><time>2026-04-04T15:28:36Z</time><extensions><speed>1.352679</speed><course>60.187435</course><hAcc>1.884705</hAcc><vAcc>1.128469</vAcc></extensions></trkpt>
      <trkpt lon="-77.028331" lat="38.900821"><ele>19.355978</ele><time>2026-04-04T15:28:37Z</time><extensions><speed>1.325245</speed><course>58.695540</course><hAcc>1.884704</hAcc><vAcc>1.133014</vAcc></extensions></trkpt>
      <trkpt lon="-77.028318" lat="38.900828"><ele>19.396119</ele><time>2026-04-04T15:28:38Z</time><extensions><speed>1.292272</speed><course>56.946609</course><hAcc>1.884655</hAcc><vAcc>1.138026</vAcc></extensions></trkpt>
      <trkpt lon="-77.028306" lat="38.900834"><ele>19.438097</ele><time>2026-04-04T15:28:39Z</time><extensions><speed>1.258214</speed><course>54.913932</course><hAcc>1.884816</hAcc><vAcc>1.143525</vAcc></extensions></trkpt>
      <trkpt lon="-77.028295" lat="38.900841"><ele>19.481174</ele><time>2026-04-04T15:28:40Z</time><extensions><speed>1.218425</speed><course>52.524808</course><hAcc>1.885379</hAcc><vAcc>1.149520</vAcc></extensions></trkpt>
      <trkpt lon="-77.028284" lat="38.900847"><ele>19.524676</ele><time>2026-04-04T15:28:41Z</time><extensions><speed>1.171918</speed><course>49.655727</course><hAcc>1.886462</hAcc><vAcc>1.155986</vAcc></extensions></trkpt>
      <trkpt lon="-77.028274" lat="38.900854"><ele>19.567787</ele><time>2026-04-04T15:28:42Z</time><extensions><speed>1.124523</speed><course>46.325516</course><hAcc>1.888060</hAcc><vAcc>1.162850</vAcc></extensions></trkpt>
      <trkpt lon="-77.028265" lat="38.900861"><ele>19.609733</ele><time>2026-04-04T15:28:43Z</time><extensions><speed>1.079109</speed><course>43.089479</course><hAcc>1.890024</hAcc><vAcc>1.169956</vAcc></extensions></trkpt>
      <trkpt lon="-77.028257" lat="38.900869"><ele>19.649720</ele><time>2026-04-04T15:28:44Z</time><extensions><speed>1.036380</speed><course>39.930435</course><hAcc>1.892118</hAcc><vAcc>1.177143</vAcc></extensions></trkpt>
      <trkpt lon="-77.028250" lat="38.900876"><ele>19.686910</ele><time>2026-04-04T15:28:45Z</time><extensions><speed>0.998642</speed><course>36.816515</course><hAcc>1.894073</hAcc><vAcc>1.184273</vAcc></extensions></trkpt>
      <trkpt lon="-77.028243" lat="38.900883"><ele>19.720627</ele><time>2026-04-04T15:28:46Z</time><extensions><speed>0.965132</speed><course>33.903536</course><hAcc>1.895701</hAcc><vAcc>1.191226</vAcc></extensions></trkpt>
      <trkpt lon="-77.028237" lat="38.900890"><ele>19.750314</ele><time>2026-04-04T15:28:47Z</time><extensions><speed>0.933574</speed><course>31.130182</course><hAcc>1.896962</hAcc><vAcc>1.197904</vAcc></extensions></trkpt>
      <trkpt lon="-77.028232" lat="38.900897"><ele>19.775830</ele><time>2026-04-04T15:28:48Z</time><extensions><speed>0.901084</speed><course>28.607311</course><hAcc>1.897833</hAcc><vAcc>1.204236</vAcc></extensions></trkpt>
      <trkpt lon="-77.028227" lat="38.900904"><ele>19.796443</ele><time>2026-04-04T15:28:49Z</time><extensions><speed>0.870449</speed><course>26.179629</course><hAcc>1.898284</hAcc><vAcc>1.210170</vAcc></extensions></trkpt>
      <trkpt lon="-77.028223" lat="38.900911"><ele>19.812190</ele><time>2026-04-04T15:28:50Z</time><extensions><speed>0.844571</speed><course>23.796744</course><hAcc>1.898273</hAcc><vAcc>1.215675</vAcc></extensions></trkpt>
      <trkpt lon="-77.028220" lat="38.900918"><ele>19.822321</ele><time>2026-04-04T15:28:51Z</time><extensions><speed>0.825756</speed><course>21.422047</course><hAcc>1.897798</hAcc><vAcc>1.220731</vAcc></extensions></trkpt>
      <trkpt lon="-77.028216" lat="38.900925"><ele>19.828059</ele><time>2026-04-04T15:28:52Z</time><extensions><speed>0.814368</speed><course>19.059294</course><hAcc>1.896876</hAcc><vAcc>1.225333</vAcc></extensions></trkpt>
      <trkpt lon="-77.028214" lat="38.900932"><ele>19.828590</ele><time>2026-04-04T15:28:53Z</time><extensions><speed>0.810159</speed><course>16.786132</course><hAcc>1.895549</hAcc><vAcc>1.229494</vAcc></extensions></trkpt>
      <trkpt lon="-77.028211" lat="38.900939"><ele>19.824417</ele><time>2026-04-04T15:28:54Z</time><extensions><speed>0.812612</speed><course>14.659128</course><hAcc>1.893954</hAcc><vAcc>1.233226</vAcc></extensions></trkpt>
      <trkpt lon="-77.028209" lat="38.900946"><ele>19.815119</ele><time>2026-04-04T15:28:55Z</time><extensions><speed>0.820210</speed><course>12.709097</course><hAcc>1.892401</hAcc><vAcc>1.236551</vAcc></extensions></trkpt>
      <trkpt lon="-77.028207" lat="38.900953"><ele>19.803349</ele><time>2026-04-04T15:28:56Z</time><extensions><speed>0.832746</speed><course>10.906892</course><hAcc>1.891308</hAcc><vAcc>1.239501</vAcc></extensions></trkpt>
      <trkpt lon="-77.028206" lat="38.900961"><ele>19.788361</ele><time>2026-04-04T15:28:57Z</time><extensions><speed>0.853308</speed><course>9.259237</course><hAcc>1.890987</hAcc><vAcc>1.242029</vAcc></extensions></trkpt>
      <trkpt lon="-77.028204" lat="38.900969"><ele>19.771177</ele><time>2026-04-04T15:28:58Z</time><extensions><speed>0.876436</speed><course>7.803935</course><hAcc>1.891536</hAcc><vAcc>1.244270</vAcc></extensions></trkpt>
      <trkpt lon="-77.028203" lat="38.900977"><ele>19.752243</ele><time>2026-04-04T15:28:59Z</time><extensions><speed>0.914030</speed><course>6.472712</course><hAcc>1.892815</hAcc><vAcc>1.246207</vAcc></extensions></trkpt>
      <trkpt lon="-77.028202" lat="38.900985"><ele>19.732705</ele><time>2026-04-04T15:29:00Z</time><extensions><speed>0.963530</speed><course>5.292947</course><hAcc>1.894493</hAcc><vAcc>1.247824</vAcc></extensions></trkpt>
      <trkpt lon="-77.028201" lat="38.900994"><ele>19.712941</ele><time>2026-04-04T15:29:01Z</time><extensions><speed>1.005006</speed><course>4.431560</course><hAcc>1.896091</hAcc><vAcc>1.249181</vAcc></extensions></trkpt>
      <trkpt lon="-77.028200" lat="38.901003"><ele>19.693617</ele><time>2026-04-04T15:29:02Z</time><extensions><speed>1.044442</speed><course>3.772713</course><hAcc>1.897547</hAcc><vAcc>1.250326</vAcc></extensions></trkpt>
      <trkpt lon="-77.028199" lat="38.901013"><ele>19.675119</ele><time>2026-04-04T15:29:03Z</time><extensions><speed>1.083519</speed><course>3.278383</course><hAcc>1.898923</hAcc><vAcc>1.251312</vAcc></extensions></trkpt>
      <trkpt lon="-77.028199" lat="38.901023"><ele>19.657889</ele><time>2026-04-04T15:29:04Z</time><extensions><speed>1.120381</speed><course>2.936089</course><hAcc>1.900293</hAcc><vAcc>1.252197</vAcc></extensions></trkpt>
      <trkpt lon="-77.028198" lat="38.901033"><ele>19.642127</ele><time>2026-04-04T15:29:05Z</time><extensions><speed>1.155653</speed><course>2.711970</course><hAcc>1.901722</hAcc><vAcc>1.253030</vAcc></extensions></trkpt>
      <trkpt lon="-77.028197" lat="38.901043"><ele>19.628043</ele><time>2026-04-04T15:29:06Z</time><extensions><speed>1.190494</speed><course>2.590143</course><hAcc>1.903243</hAcc><vAcc>1.253851</vAcc></extensions></trkpt>
      <trkpt lon="-77.028197" lat="38.901054"><ele>19.615440</ele><time>2026-04-04T15:29:07Z</time><extensions><speed>1.222521</speed><course>2.557712</course><hAcc>1.904872</hAcc><vAcc>1.254698</vAcc></extensions></trkpt>
      <trkpt lon="-77.028196" lat="38.901065"><ele>19.604251</ele><time>2026-04-04T15:29:08Z</time><extensions><speed>1.252239</speed><course>2.598273</course><hAcc>1.906575</hAcc><vAcc>1.255603</vAcc></extensions></trkpt>
      <trkpt lon="-77.028195" lat="38.901077"><ele>19.594699</ele><time>2026-04-04T15:29:09Z</time><extensions><speed>1.276241</speed><course>2.704538</course><hAcc>1.908234</hAcc><vAcc>1.256586</vAcc></extensions></trkpt>
      <trkpt lon="-77.028195" lat="38.901088"><ele>19.586602</ele><time>2026-04-04T15:29:10Z</time><extensions><speed>1.292635</speed><course>2.870710</course><hAcc>1.909610</hAcc><vAcc>1.257675</vAcc></extensions></trkpt>
      <trkpt lon="-77.028194" lat="38.901100"><ele>19.579718</ele><time>2026-04-04T15:29:11Z</time><extensions><speed>1.304627</speed><course>3.103944</course><hAcc>1.910443</hAcc><vAcc>1.258899</vAcc></extensions></trkpt>
      <trkpt lon="-77.028193" lat="38.901112"><ele>19.573796</ele><time>2026-04-04T15:29:12Z</time><extensions><speed>1.311728</speed><course>3.380451</course><hAcc>1.910740</hAcc><vAcc>1.260304</vAcc></extensions></trkpt>
      <trkpt lon="-77.028192" lat="38.901123"><ele>19.568495</ele><time>2026-04-04T15:29:13Z</time><extensions><speed>1.313026</speed><course>3.699453</course><hAcc>1.910460</hAcc><vAcc>1.261943</vAcc></extensions></trkpt>
      <trkpt lon="-77.028191" lat="38.901135"><ele>19.564039</ele><time>2026-04-04T15:29:14Z</time><extensions><speed>1.310317</speed><course>4.077623</course><hAcc>1.909539</hAcc><vAcc>1.263893</vAcc></extensions></trkpt>
      <trkpt lon="-77.028190" lat="38.901147"><ele>19.560478</ele><time>2026-04-04T15:29:15Z</time><extensions><speed>1.310970</speed><course>4.465767</course><hAcc>1.908216</hAcc><vAcc>1.266243</vAcc></extensions></trkpt>
      <trkpt lon="-77.028189" lat="38.901159"><ele>19.557812</ele><time>2026-04-04T15:29:16Z</time><extensions><speed>1.313890</speed><course>4.855506</course><hAcc>1.906786</hAcc><vAcc>1.269099</vAcc></extensions></trkpt>
      <trkpt lon="-77.028187" lat="38.901171"><ele>19.556015</ele><time>2026-04-04T15:29:17Z</time><extensions><speed>1.316691</speed><course>5.244626</course><hAcc>1.905527</hAcc><vAcc>1.272578</vAcc></extensions></trkpt>
      <trkpt lon="-77.028186" lat="38.901182"><ele>19.554750</ele><time>2026-04-04T15:29:18Z</time><extensions><speed>1.317930</speed><course>5.631401</course><hAcc>1.904751</hAcc><vAcc>1.276806</vAcc></extensions></trkpt>
      <trkpt lon="-77.028184" lat="38.901194"><ele>19.553557</ele><time>2026-04-04T15:29:19Z</time><extensions><speed>1.317637</speed><course>6.006277</course><hAcc>1.904889</hAcc><vAcc>1.281910</vAcc></extensions></trkpt>
      <trkpt lon="-77.028183" lat="38.901206"><ele>19.552220</ele><time>2026-04-04T15:29:20Z</time><extensions><speed>1.317838</speed><course>6.349858</course><hAcc>1.906553</hAcc><vAcc>1.288001</vAcc></extensions></trkpt>
      <trkpt lon="-77.028181" lat="38.901218"><ele>19.550430</ele><time>2026-04-04T15:29:21Z</time><extensions><speed>1.316142</speed><course>6.634428</course><hAcc>1.910540</hAcc><vAcc>1.295169</vAcc></extensions></trkpt>
      <trkpt lon="-77.028179" lat="38.901230"><ele>19.548325</ele><time>2026-04-04T15:29:22Z</time><extensions><speed>1.310824</speed><course>6.881201</course><hAcc>1.917730</hAcc><vAcc>1.303465</vAcc></extensions></trkpt>
      <trkpt lon="-77.028177" lat="38.901241"><ele>19.546082</ele><time>2026-04-04T15:29:23Z</time><extensions><speed>1.304421</speed><course>7.059250</course><hAcc>1.929354</hAcc><vAcc>1.312876</vAcc></extensions></trkpt>
      <trkpt lon="-77.028176" lat="38.901253"><ele>19.543978</ele><time>2026-04-04T15:29:24Z</time><extensions><speed>1.299354</speed><course>7.138494</course><hAcc>1.947112</hAcc><vAcc>1.323305</vAcc></extensions></trkpt>
      <trkpt lon="-77.028174" lat="38.901265"><ele>19.542335</ele><time>2026-04-04T15:29:25Z</time><extensions><speed>1.297359</speed><course>7.091950</course><hAcc>1.973266</hAcc><vAcc>1.334548</vAcc></extensions></trkpt>
      <trkpt lon="-77.028172" lat="38.901276"><ele>19.541290</ele><time>2026-04-04T15:29:26Z</time><extensions><speed>1.292119</speed><course>6.952685</course><hAcc>2.010744</hAcc><vAcc>1.346281</vAcc></extensions></trkpt>
      <trkpt lon="-77.028170" lat="38.901288"><ele>19.540937</ele><time>2026-04-04T15:29:27Z</time><extensions><speed>1.280561</speed><course>6.654086</course><hAcc>2.062921</hAcc><vAcc>1.358053</vAcc></extensions></trkpt>
      <trkpt lon="-77.028168" lat="38.901299"><ele>19.541344</ele><time>2026-04-04T15:29:28Z</time><extensions><speed>1.261056</speed><course>6.200010</course><hAcc>2.133338</hAcc><vAcc>1.369264</vAcc></extensions></trkpt>
      <trkpt lon="-77.028167" lat="38.901310"><ele>19.542708</ele><time>2026-04-04T15:29:29Z</time><extensions><speed>1.231685</speed><course>5.555761</course><hAcc>2.226030</hAcc><vAcc>1.379159</vAcc></extensions></trkpt>
      <trkpt lon="-77.028166" lat="38.901321"><ele>19.545041</ele><time>2026-04-04T15:29:30Z</time><extensions><speed>1.216729</speed><course>5.649204</course><hAcc>2.345733</hAcc><vAcc>1.386815</vAcc></extensions></trkpt>
      <trkpt lon="-77.028161" lat="38.901328"><ele>19.547641</ele><time>2026-04-04T15:29:30Z</time><extensions><speed>1.140278</speed><course>51.543893</course><hAcc>2.361523</hAcc><vAcc>1.391982</vAcc></extensions></trkpt>
      <trkpt lon="-77.028159" lat="38.901329"><ele>19.548168</ele><time>2026-04-04T15:29:31Z</time><extensions><speed>1.140104</speed><course>51.577233</course><hAcc>2.345031</hAcc><vAcc>1.393288</vAcc></extensions></trkpt>
      <trkpt lon="-77.028148" lat="38.901336"><ele>19.552149</ele><time>2026-04-04T15:29:32Z</time><extensions><speed>1.171718</speed><course>53.487982</course><hAcc>2.268047</hAcc><vAcc>1.399800</vAcc></extensions></trkpt>
      <trkpt lon="-77.028137" lat="38.901342"><ele>19.557076</ele><time>2026-04-04T15:29:33Z</time><extensions><speed>1.214899</speed><course>55.626408</course><hAcc>2.214451</hAcc><vAcc>1.402003</vAcc></extensions></trkpt>
      <trkpt lon="-77.028125" lat="38.901348"><ele>19.563013</ele><time>2026-04-04T15:29:34Z</time><extensions><speed>1.270525</speed><course>57.939582</course><hAcc>2.178921</hAcc><vAcc>1.399679</vAcc></extensions></trkpt>
      <trkpt lon="-77.028112" lat="38.901354"><ele>19.569765</ele><time>2026-04-04T15:29:35Z</time><extensions><speed>1.335057</speed><course>60.246708</course><hAcc>2.156591</hAcc><vAcc>1.392662</vAcc></extensions></trkpt>
      <trkpt lon="-77.028098" lat="38.901360"><ele>19.577239</ele><time>2026-04-04T15:29:36Z</time><extensions><speed>1.406323</speed><course>62.471167</course><hAcc>2.143131</hAcc><vAcc>1.380848</vAcc></extensions></trkpt>
      <trkpt lon="-77.028084" lat="38.901366"><ele>19.585278</ele><time>2026-04-04T15:29:37Z</time><extensions><speed>1.479150</speed><course>64.515947</course><hAcc>2.134760</hAcc><vAcc>1.364205</vAcc></extensions></trkpt>
      <trkpt lon="-77.028068" lat="38.901371"><ele>19.593780</ele><time>2026-04-04T15:29:38Z</time><extensions><speed>1.539231</speed><course>66.800442</course><hAcc>2.128278</hAcc><vAcc>1.342793</vAcc></extensions></trkpt>
      <trkpt lon="-77.028051" lat="38.901377"><ele>19.602777</ele><time>2026-04-04T15:29:39Z</time><extensions><speed>1.633221</speed><course>69.093293</course><hAcc>2.121191</hAcc><vAcc>1.316791</vAcc></extensions></trkpt>
      <trkpt lon="-77.028033" lat="38.901382"><ele>19.612074</ele><time>2026-04-04T15:29:40Z</time><extensions><speed>1.713250</speed><course>70.822167</course><hAcc>2.112029</hAcc><vAcc>1.286547</vAcc></extensions></trkpt>
      <trkpt lon="-77.028014" lat="38.901387"><ele>19.621436</ele><time>2026-04-04T15:29:41Z</time><extensions><speed>1.777632</speed><course>72.189716</course><hAcc>2.100315</hAcc><vAcc>1.252603</vAcc></extensions></trkpt>
      <trkpt lon="-77.027994" lat="38.901392"><ele>19.630599</ele><time>2026-04-04T15:29:42Z</time><extensions><speed>1.828488</speed><course>73.306272</course><hAcc>2.086207</hAcc><vAcc>1.215727</vAcc></extensions></trkpt>
      <trkpt lon="-77.027973" lat="38.901396"><ele>19.639877</ele><time>2026-04-04T15:29:43Z</time><extensions><speed>1.868056</speed><course>74.165747</course><hAcc>2.070642</hAcc><vAcc>1.176947</vAcc></extensions></trkpt>
      <trkpt lon="-77.027952" lat="38.901401"><ele>19.649125</ele><time>2026-04-04T15:29:44Z</time><extensions><speed>1.895880</speed><course>74.866011</course><hAcc>2.055494</hAcc><vAcc>1.137577</vAcc></extensions></trkpt>
      <trkpt lon="-77.027931" lat="38.901405"><ele>19.658454</ele><time>2026-04-04T15:29:45Z</time><extensions><speed>1.916490</speed><course>75.456380</course><hAcc>2.043534</hAcc><vAcc>1.099214</vAcc></extensions></trkpt>
      <trkpt lon="-77.027910" lat="38.901410"><ele>19.667910</ele><time>2026-04-04T15:29:46Z</time><extensions><speed>1.935927</speed><course>75.980266</course><hAcc>2.038545</hAcc><vAcc>1.063685</vAcc></extensions></trkpt>
      <trkpt lon="-77.027888" lat="38.901414"><ele>19.677639</ele><time>2026-04-04T15:29:47Z</time><extensions><speed>1.953863</speed><course>76.412009</course><hAcc>2.045454</hAcc><vAcc>1.032738</vAcc></extensions></trkpt>
      <trkpt lon="-77.027866" lat="38.901418"><ele>19.687775</ele><time>2026-04-04T15:29:48Z</time><extensions><speed>1.967431</speed><course>76.777536</course><hAcc>2.070227</hAcc><vAcc>1.007492</vAcc></extensions></trkpt>
      <trkpt lon="-77.027844" lat="38.901422"><ele>19.698438</ele><time>2026-04-04T15:29:49Z</time><extensions><speed>1.978204</speed><course>77.081709</course><hAcc>2.119311</hAcc><vAcc>0.988358</vAcc></extensions></trkpt>
      <trkpt lon="-77.027821" lat="38.901426"><ele>19.709721</ele><time>2026-04-04T15:29:50Z</time><extensions><speed>1.982650</speed><course>77.308459</course><hAcc>2.199075</hAcc><vAcc>0.975264</vAcc></extensions></trkpt>
      <trkpt lon="-77.027799" lat="38.901430"><ele>19.721683</ele><time>2026-04-04T15:29:51Z</time><extensions><speed>1.982931</speed><course>77.453771</course><hAcc>2.315224</hAcc><vAcc>0.967607</vAcc></extensions></trkpt>
      <trkpt lon="-77.027778" lat="38.901432"><ele>19.734351</ele><time>2026-04-04T15:29:52Z</time><extensions><speed>1.773234</speed><course>84.714661</course><hAcc>2.349423</hAcc><vAcc>0.964422</vAcc></extensions></trkpt>
      <trkpt lon="-77.027760" lat="38.901433"><ele>19.747747</ele><time>2026-04-04T15:29:53Z</time><extensions><speed>1.375366</speed><course>87.322865</course><hAcc>2.343345</hAcc><vAcc>0.964699</vAcc></extensions></trkpt>
      <trkpt lon="-77.027744" lat="38.901434"><ele>19.761868</ele><time>2026-04-04T15:29:54Z</time><extensions><speed>1.337193</speed><course>88.997632</course><hAcc>2.344407</hAcc><vAcc>0.967459</vAcc></extensions></trkpt>
      <trkpt lon="-77.027727" lat="38.901434"><ele>19.776642</ele><time>2026-04-04T15:29:55Z</time><extensions><speed>1.594020</speed><course>89.689130</course><hAcc>2.329567</hAcc><vAcc>0.971719</vAcc></extensions></trkpt>
      <trkpt lon="-77.027708" lat="38.901434"><ele>19.791840</ele><time>2026-04-04T15:29:56Z</time><extensions><speed>1.763156</speed><course>89.925619</course><hAcc>2.302785</hAcc><vAcc>0.976476</vAcc></extensions></trkpt>
      <trkpt lon="-77.027687" lat="38.901434"><ele>19.807031</ele><time>2026-04-04T15:29:57Z</time><extensions><speed>1.887885</speed><course>89.975204</course><hAcc>2.269623</hAcc><vAcc>0.980709</vAcc></extensions></trkpt>
      <trkpt lon="-77.027666" lat="38.901434"><ele>19.821625</ele><time>2026-04-04T15:29:58Z</time><extensions><speed>1.759503</speed><course>90.160415</course><hAcc>2.282287</hAcc><vAcc>0.983471</vAcc></extensions></trkpt>
      <trkpt lon="-77.027645" lat="38.901434"><ele>19.834950</ele><time>2026-04-04T15:29:59Z</time><extensions><speed>1.758627</speed><course>90.308807</course><hAcc>2.296172</hAcc><vAcc>0.983969</vAcc></extensions></trkpt>
      <trkpt lon="-77.027627" lat="38.901434"><ele>19.846264</ele><time>2026-04-04T15:30:00Z</time><extensions><speed>1.529315</speed><course>90.407246</course><hAcc>2.306792</hAcc><vAcc>0.981586</vAcc></extensions></trkpt>
      <trkpt lon="-77.027610" lat="38.901434"><ele>19.854797</ele><time>2026-04-04T15:30:01Z</time><extensions><speed>1.326539</speed><course>90.374661</course><hAcc>2.286549</hAcc><vAcc>0.975953</vAcc></extensions></trkpt>
      <trkpt lon="-77.027595" lat="38.901434"><ele>19.859832</ele><time>2026-04-04T15:30:02Z</time><extensions><speed>1.259866</speed><course>90.376684</course><hAcc>2.265690</hAcc><vAcc>0.967050</vAcc></extensions></trkpt>
      <trkpt lon="-77.027580" lat="38.901434"><ele>19.860806</ele><time>2026-04-04T15:30:03Z</time><extensions><speed>1.397966</speed><course>90.431956</course><hAcc>2.252346</hAcc><vAcc>0.955201</vAcc></extensions></trkpt>
      <trkpt lon="-77.027563" lat="38.901433"><ele>19.857381</ele><time>2026-04-04T15:30:04Z</time><extensions><speed>1.542271</speed><course>90.487018</course><hAcc>2.245973</hAcc><vAcc>0.941005</vAcc></extensions></trkpt>
      <trkpt lon="-77.027545" lat="38.901433"><ele>19.849464</ele><time>2026-04-04T15:30:05Z</time><extensions><speed>1.517613</speed><course>90.509263</course><hAcc>2.239591</hAcc><vAcc>0.925254</vAcc></extensions></trkpt>
      <trkpt lon="-77.027528" lat="38.901433"><ele>19.837165</ele><time>2026-04-04T15:30:06Z</time><extensions><speed>1.411144</speed><course>90.520566</course><hAcc>2.233179</hAcc><vAcc>0.908855</vAcc></extensions></trkpt>
      <trkpt lon="-77.027513" lat="38.901433"><ele>19.820721</ele><time>2026-04-04T15:30:07Z</time><extensions><speed>1.214333</speed><course>90.521845</course><hAcc>2.228166</hAcc><vAcc>0.892707</vAcc></extensions></trkpt>
      <trkpt lon="-77.027500" lat="38.901433"><ele>19.800376</ele><time>2026-04-04T15:30:08Z</time><extensions><speed>1.084590</speed><course>90.529041</course><hAcc>2.222717</hAcc><vAcc>0.877586</vAcc></extensions></trkpt>
      <trkpt lon="-77.027488" lat="38.901433"><ele>19.776260</ele><time>2026-04-04T15:30:09Z</time><extensions><speed>0.998494</speed><course>90.541970</course><hAcc>2.218785</hAcc><vAcc>0.864076</vAcc></extensions></trkpt>
      <trkpt lon="-77.027477" lat="38.901433"><ele>19.748309</ele><time>2026-04-04T15:30:10Z</time><extensions><speed>0.930787</speed><course>90.560503</course><hAcc>2.218267</hAcc><vAcc>0.852586</vAcc></extensions></trkpt>
      <trkpt lon="-77.027466" lat="38.901433"><ele>19.716268</ele><time>2026-04-04T15:30:11Z</time><extensions><speed>0.933985</speed><course>90.580800</course><hAcc>2.215689</hAcc><vAcc>0.843356</vAcc></extensions></trkpt>
      <trkpt lon="-77.027455" lat="38.901433"><ele>19.679770</ele><time>2026-04-04T15:30:12Z</time><extensions><speed>1.034484</speed><course>90.609741</course><hAcc>2.214864</hAcc><vAcc>0.836453</vAcc></extensions></trkpt>
      <trkpt lon="-77.027442" lat="38.901433"><ele>19.638448</ele><time>2026-04-04T15:30:13Z</time><extensions><speed>1.211880</speed><course>90.630607</course><hAcc>2.209543</hAcc><vAcc>0.831786</vAcc></extensions></trkpt>
      <trkpt lon="-77.027427" lat="38.901432"><ele>19.592042</ele><time>2026-04-04T15:30:14Z</time><extensions><speed>1.350047</speed><course>90.645258</course><hAcc>2.208740</hAcc><vAcc>0.829108</vAcc></extensions></trkpt>
      <trkpt lon="-77.027412" lat="38.901432"><ele>19.540459</ele><time>2026-04-04T15:30:15Z</time><extensions><speed>1.328468</speed><course>90.652771</course><hAcc>2.216509</hAcc><vAcc>0.828027</vAcc></extensions></trkpt>
      <trkpt lon="-77.027397" lat="38.901432"><ele>19.483776</ele><time>2026-04-04T15:30:16Z</time><extensions><speed>1.195683</speed><course>90.657491</course><hAcc>2.237470</hAcc><vAcc>0.828007</vAcc></extensions></trkpt>
      <trkpt lon="-77.027384" lat="38.901432"><ele>19.422253</ele><time>2026-04-04T15:30:17Z</time><extensions><speed>1.147467</speed><course>90.668929</course><hAcc>2.269085</hAcc><vAcc>0.828368</vAcc></extensions></trkpt>
      <trkpt lon="-77.027372" lat="38.901432"><ele>19.356410</ele><time>2026-04-04T15:30:18Z</time><extensions><speed>0.943726</speed><course>90.662943</course><hAcc>2.276175</hAcc><vAcc>0.828335</vAcc></extensions></trkpt>
      <trkpt lon="-77.027361" lat="38.901432"><ele>19.287085</ele><time>2026-04-04T15:30:19Z</time><extensions><speed>0.795617</speed><course>90.659911</course><hAcc>2.297331</hAcc><vAcc>0.827167</vAcc></extensions></trkpt>
      <trkpt lon="-77.027353" lat="38.901432"><ele>19.215317</ele><time>2026-04-04T15:30:20Z</time><extensions><speed>0.598735</speed><course>90.652628</course><hAcc>2.333045</hAcc><vAcc>0.824360</vAcc></extensions></trkpt>
      <trkpt lon="-77.027347" lat="38.901432"><ele>19.142133</ele><time>2026-04-04T15:30:21Z</time><extensions><speed>0.483187</speed><course>90.645932</course><hAcc>2.373136</hAcc><vAcc>0.819818</vAcc></extensions></trkpt>
      <trkpt lon="-77.027342" lat="38.901432"><ele>19.068433</ele><time>2026-04-04T15:30:22Z</time><extensions><speed>0.421425</speed><course>90.638799</course><hAcc>2.410467</hAcc><vAcc>0.813917</vAcc></extensions></trkpt>
      <trkpt lon="-77.027337" lat="38.901432"><ele>18.994936</ele><time>2026-04-04T15:30:23Z</time><extensions><speed>0.404629</speed><course>90.634600</course><hAcc>2.451262</hAcc><vAcc>0.807491</vAcc></extensions></trkpt>
      <trkpt lon="-77.027333" lat="38.901432"><ele>18.922161</ele><time>2026-04-04T15:30:24Z</time><extensions><speed>0.383886</speed><course>90.634826</course><hAcc>2.513381</hAcc><vAcc>0.801770</vAcc></extensions></trkpt>
      <trkpt lon="-77.027328" lat="38.901432"><ele>18.850437</ele><time>2026-04-04T15:30:25Z</time><extensions><speed>0.356481</speed><course>90.638354</course><hAcc>2.587587</hAcc><vAcc>0.798313</vAcc></extensions></trkpt>
      <trkpt lon="-77.027325" lat="38.901432"><ele>18.779949</ele><time>2026-04-04T15:30:26Z</time><extensions><speed>0.321356</speed><course>90.640893</course><hAcc>2.654136</hAcc><vAcc>0.799058</vAcc></extensions></trkpt>
      <trkpt lon="-77.027321" lat="38.901431"><ele>18.710777</ele><time>2026-04-04T15:30:27Z</time><extensions><speed>0.284916</speed><course>90.645898</course><hAcc>2.713867</hAcc><vAcc>0.806459</vAcc></extensions></trkpt>
      <trkpt lon="-77.027318" lat="38.901431"><ele>18.642879</ele><time>2026-04-04T15:30:28Z</time><extensions><speed>0.216793</speed><course>90.644972</course><hAcc>2.760682</hAcc><vAcc>0.823566</vAcc></extensions></trkpt>
      <trkpt lon="-77.027316" lat="38.901431"><ele>18.576045</ele><time>2026-04-04T15:30:29Z</time><extensions><speed>0.109945</speed><course>90.620099</course><hAcc>2.801921</hAcc><vAcc>0.853966</vAcc></extensions></trkpt>
      <trkpt lon="-77.027315" lat="38.901431"><ele>18.509915</ele><time>2026-04-04T15:30:30Z</time><extensions><speed>0.043593</speed><course>90.559590</course><hAcc>2.868816</hAcc><vAcc>0.901520</vAcc></extensions></trkpt>
      <trkpt lon="-77.027315" lat="38.901431"><ele>18.444174</ele><time>2026-04-04T15:30:31Z</time><extensions><speed>0.034517</speed><course>90.580790</course><hAcc>3.001885</hAcc><vAcc>0.969919</vAcc></extensions></trkpt>
      <trkpt lon="-77.027314" lat="38.901431"><ele>18.378762</ele><time>2026-04-04T15:30:32Z</time><extensions><speed>0.096547</speed><course>90.670861</course><hAcc>3.238930</hAcc><vAcc>1.062204</vAcc></extensions></trkpt>
      <trkpt lon="-77.027313" lat="38.901431"><ele>18.313782</ele><time>2026-04-04T15:30:33Z</time><extensions><speed>0.145918</speed><course>90.684906</course><hAcc>3.630423</hAcc><vAcc>1.180410</vAcc></extensions></trkpt>
      <trkpt lon="-77.027311" lat="38.901431"><ele>18.244518</ele><time>2026-04-04T15:30:34Z</time><extensions><speed>0.190472</speed><course>90.689298</course><hAcc>4.386694</hAcc><vAcc>1.337091</vAcc></extensions></trkpt>
      <trkpt lon="-77.027206" lat="38.901156"><ele>17.975926</ele><time>2026-04-04T15:32:09Z</time><extensions><speed>0.468440</speed><course>26.027095</course><hAcc>6.946853</hAcc><vAcc>1.549509</vAcc></extensions></trkpt>
      <trkpt lon="-77.027233" lat="38.901279"><ele>17.943793</ele><time>2026-04-04T15:32:10Z</time><extensions><speed>0.924977</speed><course>6.693416</course><hAcc>5.436597</hAcc><vAcc>1.281191</vAcc></extensions></trkpt>
      <trkpt lon="-77.027232" lat="38.901287"><ele>17.959719</ele><time>2026-04-04T15:32:11Z</time><extensions><speed>0.935053</speed><course>6.140738</course><hAcc>4.859763</hAcc><vAcc>1.157926</vAcc></extensions></trkpt>
      <trkpt lon="-77.027231" lat="38.901295"><ele>17.977196</ele><time>2026-04-04T15:32:12Z</time><extensions><speed>0.947150</speed><course>5.594719</course><hAcc>4.367578</hAcc><vAcc>1.060394</vAcc></extensions></trkpt>
      <trkpt lon="-77.027230" lat="38.901304"><ele>17.996907</ele><time>2026-04-04T15:32:13Z</time><extensions><speed>0.959081</speed><course>5.101942</course><hAcc>3.988993</hAcc><vAcc>0.986561</vAcc></extensions></trkpt>
      <trkpt lon="-77.027229" lat="38.901313"><ele>18.019453</ele><time>2026-04-04T15:32:14Z</time><extensions><speed>0.968101</speed><course>4.753509</course><hAcc>3.758689</hAcc><vAcc>0.933055</vAcc></extensions></trkpt>
      <trkpt lon="-77.027229" lat="38.901323"><ele>18.044956</ele><time>2026-04-04T15:32:15Z</time><extensions><speed>1.386305</speed><course>356.547208</course><hAcc>3.561652</hAcc><vAcc>0.895493</vAcc></extensions></trkpt>
      <trkpt lon="-77.027230" lat="38.901335"><ele>18.073251</ele><time>2026-04-04T15:32:16Z</time><extensions><speed>1.367047</speed><course>1.044951</course><hAcc>3.352825</hAcc><vAcc>0.869055</vAcc></extensions></trkpt>
      <trkpt lon="-77.027228" lat="38.901347"><ele>18.103819</ele><time>2026-04-04T15:32:17Z</time><extensions><speed>1.137848</speed><course>8.001710</course><hAcc>3.143584</hAcc><vAcc>0.848966</vAcc></extensions></trkpt>
      <trkpt lon="-77.027226" lat="38.901358"><ele>18.138916</ele><time>2026-04-04T15:32:18Z</time><extensions><speed>1.138247</speed><course>7.659696</course><hAcc>2.965842</hAcc><vAcc>0.827989</vAcc></extensions></trkpt>
      <trkpt lon="-77.027225" lat="38.901368"><ele>18.170573</ele><time>2026-04-04T15:32:19Z</time><extensions><speed>1.118210</speed><course>4.245201</course><hAcc>2.847105</hAcc><vAcc>0.806968</vAcc></extensions></trkpt>
      <trkpt lon="-77.027223" lat="38.901377"><ele>18.200670</ele><time>2026-04-04T15:32:20Z</time><extensions><speed>1.000376</speed><course>18.913122</course><hAcc>2.704969</hAcc><vAcc>0.784109</vAcc></extensions></trkpt>
      <trkpt lon="-77.027215" lat="38.901384"><ele>18.227872</ele><time>2026-04-04T15:32:21Z</time><extensions><speed>1.190428</speed><course>61.227677</course><hAcc>2.601588</hAcc><vAcc>0.759743</vAcc></extensions></trkpt>
      <trkpt lon="-77.027201" lat="38.901390"><ele>18.251094</ele><time>2026-04-04T15:32:22Z</time><extensions><speed>1.515957</speed><course>58.647864</course><hAcc>2.463803</hAcc><vAcc>0.735140</vAcc></extensions></trkpt>
      <trkpt lon="-77.027189" lat="38.901395"><ele>18.268355</ele><time>2026-04-04T15:32:23Z</time><extensions><speed>1.289420</speed><course>67.500641</course><hAcc>2.358835</hAcc><vAcc>0.714889</vAcc></extensions></trkpt>
      <trkpt lon="-77.027176" lat="38.901399"><ele>18.283711</ele><time>2026-04-04T15:32:24Z</time><extensions><speed>1.122683</speed><course>70.578847</course><hAcc>2.265460</hAcc><vAcc>0.695452</vAcc></extensions></trkpt>
      <trkpt lon="-77.027166" lat="38.901402"><ele>18.295247</ele><time>2026-04-04T15:32:25Z</time><extensions><speed>0.673707</speed><course>69.119080</course><hAcc>2.205113</hAcc><vAcc>0.678796</vAcc></extensions></trkpt>
      <trkpt lon="-77.027159" lat="38.901404"><ele>18.303612</ele><time>2026-04-04T15:32:26Z</time><extensions><speed>0.537552</speed><course>67.000044</course><hAcc>2.150658</hAcc><vAcc>0.665193</vAcc></extensions></trkpt>
      <trkpt lon="-77.027156" lat="38.901406"><ele>18.309493</ele><time>2026-04-04T15:32:27Z</time><extensions><speed>0.243773</speed><course>24.153995</course><hAcc>2.095185</hAcc><vAcc>0.654594</vAcc></extensions></trkpt>
      <trkpt lon="-77.027155" lat="38.901408"><ele>18.313603</ele><time>2026-04-04T15:32:28Z</time><extensions><speed>0.204108</speed><course>8.227604</course><hAcc>2.049225</hAcc><vAcc>0.646731</vAcc></extensions></trkpt>
      <trkpt lon="-77.027155" lat="38.901410"><ele>18.316627</ele><time>2026-04-04T15:32:29Z</time><extensions><speed>0.284295</speed><course>6.610389</course><hAcc>1.986304</hAcc><vAcc>0.641220</vAcc></extensions></trkpt>
      <trkpt lon="-77.027154" lat="38.901413"><ele>18.319168</ele><time>2026-04-04T15:32:30Z</time><extensions><speed>0.258010</speed><course>7.297228</course><hAcc>1.943797</hAcc><vAcc>0.637648</vAcc></extensions></trkpt>
      <trkpt lon="-77.027154" lat="38.901415"><ele>18.321782</ele><time>2026-04-04T15:32:31Z</time><extensions><speed>0.220409</speed><course>9.100782</course><hAcc>1.918488</hAcc><vAcc>0.635631</vAcc></extensions></trkpt>
      <trkpt lon="-77.027154" lat="38.901417"><ele>18.325016</ele><time>2026-04-04T15:32:32Z</time><extensions><speed>0.196154</speed><course>16.759610</course><hAcc>1.901711</hAcc><vAcc>0.634854</vAcc></extensions></trkpt>
      <trkpt lon="-77.027152" lat="38.901418"><ele>18.329402</ele><time>2026-04-04T15:32:33Z</time><extensions><speed>0.228093</speed><course>47.870693</course><hAcc>1.890858</hAcc><vAcc>0.635085</vAcc></extensions></trkpt>
      <trkpt lon="-77.027151" lat="38.901420"><ele>18.335462</ele><time>2026-04-04T15:32:34Z</time><extensions><speed>0.212979</speed><course>10.564963</course><hAcc>1.858769</hAcc><vAcc>0.636186</vAcc></extensions></trkpt>
      <trkpt lon="-77.027151" lat="38.901422"><ele>18.343673</ele><time>2026-04-04T15:32:35Z</time><extensions><speed>0.230567</speed><course>354.591728</course><hAcc>1.837523</hAcc><vAcc>0.638111</vAcc></extensions></trkpt>
      <trkpt lon="-77.027152" lat="38.901424"><ele>18.354423</ele><time>2026-04-04T15:32:36Z</time><extensions><speed>0.294422</speed><course>342.636153</course><hAcc>1.823879</hAcc><vAcc>0.640920</vAcc></extensions></trkpt>
      <trkpt lon="-77.027153" lat="38.901427"><ele>18.367983</ele><time>2026-04-04T15:32:37Z</time><extensions><speed>0.317943</speed><course>330.258641</course><hAcc>1.841350</hAcc><vAcc>0.644764</vAcc></extensions></trkpt>
      <trkpt lon="-77.027155" lat="38.901429"><ele>18.384487</ele><time>2026-04-04T15:32:38Z</time><extensions><speed>0.403728</speed><course>317.594572</course><hAcc>1.850555</hAcc><vAcc>0.649857</vAcc></extensions></trkpt>
      <trkpt lon="-77.027160" lat="38.901432"><ele>18.403914</ele><time>2026-04-04T15:32:39Z</time><extensions><speed>0.614528</speed><course>308.307650</course><hAcc>1.826256</hAcc><vAcc>0.656428</vAcc></extensions></trkpt>
      <trkpt lon="-77.027166" lat="38.901436"><ele>18.426084</ele><time>2026-04-04T15:32:40Z</time><extensions><speed>0.724963</speed><course>301.532799</course><hAcc>1.808162</hAcc><vAcc>0.664670</vAcc></extensions></trkpt>
      <trkpt lon="-77.027174" lat="38.901439"><ele>18.450681</ele><time>2026-04-04T15:32:41Z</time><extensions><speed>0.808298</speed><course>296.273650</course><hAcc>1.775014</hAcc><vAcc>0.674671</vAcc></extensions></trkpt>
      <trkpt lon="-77.027182" lat="38.901442"><ele>18.477235</ele><time>2026-04-04T15:32:42Z</time><extensions><speed>0.785573</speed><course>292.430976</course><hAcc>1.736113</hAcc><vAcc>0.686341</vAcc></extensions></trkpt>
      <trkpt lon="-77.027190" lat="38.901444"><ele>18.505084</ele><time>2026-04-04T15:32:43Z</time><extensions><speed>0.648973</speed><course>289.706017</course><hAcc>1.726220</hAcc><vAcc>0.699345</vAcc></extensions></trkpt>
      <trkpt lon="-77.027194" lat="38.901445"><ele>18.533319</ele><time>2026-04-04T15:32:44Z</time><extensions><speed>0.133432</speed><course>285.157190</course><hAcc>1.770706</hAcc><vAcc>0.713057</vAcc></extensions></trkpt>
      <trkpt lon="-77.027197" lat="38.901446"><ele>18.560959</ele><time>2026-04-04T15:32:45Z</time><extensions><speed>0.334045</speed><course>275.816178</course><hAcc>1.675618</hAcc><vAcc>0.726688</vAcc></extensions></trkpt>
      <trkpt lon="-77.027201" lat="38.901446"><ele>18.587338</ele><time>2026-04-04T15:32:46Z</time><extensions><speed>0.317042</speed><course>266.426057</course><hAcc>1.626633</hAcc><vAcc>0.739577</vAcc></extensions></trkpt>
      <trkpt lon="-77.027203" lat="38.901445"><ele>18.612269</ele><time>2026-04-04T15:32:47Z</time><extensions><speed>0.164824</speed><course>249.300840</course><hAcc>1.664493</hAcc><vAcc>0.751312</vAcc></extensions></trkpt>
      <trkpt lon="-77.027205" lat="38.901445"><ele>18.636009</ele><time>2026-04-04T15:32:48Z</time><extensions><speed>0.202480</speed><course>228.925817</course><hAcc>1.639338</hAcc><vAcc>0.761694</vAcc></extensions></trkpt>
      <trkpt lon="-77.027207" lat="38.901443"><ele>18.659174</ele><time>2026-04-04T15:32:49Z</time><extensions><speed>0.174126</speed><course>214.283684</course><hAcc>1.662287</hAcc><vAcc>0.770672</vAcc></extensions></trkpt>
      <trkpt lon="-77.027207" lat="38.901442"><ele>18.682546</ele><time>2026-04-04T15:32:50Z</time><extensions><speed>0.116236</speed><course>195.051344</course><hAcc>1.709808</hAcc><vAcc>0.778296</vAcc></extensions></trkpt>
      <trkpt lon="-77.027207" lat="38.901441"><ele>18.706916</ele><time>2026-04-04T15:32:51Z</time><extensions><speed>0.117656</speed><course>178.138173</course><hAcc>1.707280</hAcc><vAcc>0.784671</vAcc></extensions></trkpt>
      <trkpt lon="-77.027207" lat="38.901440"><ele>18.732967</ele><time>2026-04-04T15:32:52Z</time><extensions><speed>0.143920</speed><course>168.380104</course><hAcc>1.723537</hAcc><vAcc>0.789934</vAcc></extensions></trkpt>
      <trkpt lon="-77.027207" lat="38.901439"><ele>18.761154</ele><time>2026-04-04T15:32:53Z</time><extensions><speed>0.156402</speed><course>168.533592</course><hAcc>1.753607</hAcc><vAcc>0.794258</vAcc></extensions></trkpt>
      <trkpt lon="-77.027207" lat="38.901437"><ele>18.791671</ele><time>2026-04-04T15:32:54Z</time><extensions><speed>0.137445</speed><course>174.508786</course><hAcc>1.779904</hAcc><vAcc>0.797857</vAcc></extensions></trkpt>
      <trkpt lon="-77.027207" lat="38.901436"><ele>18.824455</ele><time>2026-04-04T15:32:55Z</time><extensions><speed>0.072906</speed><course>205.353485</course><hAcc>1.791814</hAcc><vAcc>0.801012</vAcc></extensions></trkpt>
      <trkpt lon="-77.027207" lat="38.901436"><ele>18.859196</ele><time>2026-04-04T15:32:56Z</time><extensions><speed>0.081860</speed><course>289.280384</course><hAcc>1.788377</hAcc><vAcc>0.804112</vAcc></extensions></trkpt>
      <trkpt lon="-77.027208" lat="38.901437"><ele>18.895372</ele><time>2026-04-04T15:32:57Z</time><extensions><speed>0.104299</speed><course>309.373965</course><hAcc>1.786987</hAcc><vAcc>0.807720</vAcc></extensions></trkpt>
      <trkpt lon="-77.027209" lat="38.901437"><ele>18.932342</ele><time>2026-04-04T15:32:58Z</time><extensions><speed>0.085888</speed><course>325.369918</course><hAcc>1.798082</hAcc><vAcc>0.812664</vAcc></extensions></trkpt>
      <trkpt lon="-77.027209" lat="38.901438"><ele>18.972226</ele><time>2026-04-04T15:32:59Z</time><extensions><speed>0.076356</speed><course>0.461720</course><hAcc>1.800302</hAcc><vAcc>0.813149</vAcc></extensions></trkpt>
      <trkpt lon="-77.027209" lat="38.901439"><ele>19.010709</ele><time>2026-04-04T15:33:00Z</time><extensions><speed>0.098587</speed><course>31.253057</course><hAcc>1.796782</hAcc><vAcc>0.813485</vAcc></extensions></trkpt>
      <trkpt lon="-77.027208" lat="38.901439"><ele>19.040774</ele><time>2026-04-04T15:33:01Z</time><extensions><speed>0.129544</speed><course>33.435676</course><hAcc>1.794153</hAcc><vAcc>0.813712</vAcc></extensions></trkpt>
      <trkpt lon="-77.027207" lat="38.901441"><ele>19.063898</ele><time>2026-04-04T15:33:02Z</time><extensions><speed>0.149743</speed><course>28.214783</course><hAcc>1.796069</hAcc><vAcc>0.813843</vAcc></extensions></trkpt>
      <trkpt lon="-77.027207" lat="38.901442"><ele>19.097625</ele><time>2026-04-04T15:33:03Z</time><extensions><speed>0.169370</speed><course>18.445426</course><hAcc>1.799407</hAcc><vAcc>0.813941</vAcc></extensions></trkpt>
      <trkpt lon="-77.027206" lat="38.901443"><ele>19.144038</ele><time>2026-04-04T15:33:04Z</time><extensions><speed>0.174704</speed><course>15.109813</course><hAcc>1.799377</hAcc><vAcc>0.814053</vAcc></extensions></trkpt>
      <trkpt lon="-77.027205" lat="38.901445"><ele>19.197818</ele><time>2026-04-04T15:33:05Z</time><extensions><speed>0.193313</speed><course>24.498383</course><hAcc>1.792536</hAcc><vAcc>0.814187</vAcc></extensions></trkpt>
      <trkpt lon="-77.027204" lat="38.901446"><ele>19.259941</ele><time>2026-04-04T15:33:06Z</time><extensions><speed>0.235510</speed><course>43.467249</course><hAcc>1.793132</hAcc><vAcc>0.814357</vAcc></extensions></trkpt>
      <trkpt lon="-77.027201" lat="38.901448"><ele>19.328802</ele><time>2026-04-04T15:33:07Z</time><extensions><speed>0.303856</speed><course>67.540006</course><hAcc>1.799826</hAcc><vAcc>0.814570</vAcc></extensions></trkpt>
      <trkpt lon="-77.027198" lat="38.901449"><ele>19.393066</ele><time>2026-04-04T15:33:08Z</time><extensions><speed>0.386924</speed><course>70.281986</course><hAcc>1.789037</hAcc><vAcc>0.814829</vAcc></extensions></trkpt>
      <trkpt lon="-77.027193" lat="38.901450"><ele>19.463158</ele><time>2026-04-04T15:33:09Z</time><extensions><speed>0.440608</speed><course>70.245590</course><hAcc>1.771222</hAcc><vAcc>0.815142</vAcc></extensions></trkpt>
      <trkpt lon="-77.027188" lat="38.901451"><ele>19.540469</ele><time>2026-04-04T15:33:10Z</time><extensions><speed>0.414671</speed><course>74.987849</course><hAcc>1.775356</hAcc><vAcc>0.815510</vAcc></extensions></trkpt>
      <trkpt lon="-77.027183" lat="38.901452"><ele>19.618764</ele><time>2026-04-04T15:33:11Z</time><extensions><speed>0.490194</speed><course>71.373496</course><hAcc>1.768474</hAcc><vAcc>0.815916</vAcc></extensions></trkpt>
      <trkpt lon="-77.027177" lat="38.901454"><ele>19.687450</ele><time>2026-04-04T15:33:12Z</time><extensions><speed>0.684279</speed><course>73.988840</course><hAcc>1.759931</hAcc><vAcc>0.816365</vAcc></extensions></trkpt>
      <trkpt lon="-77.027167" lat="38.901455"><ele>19.760120</ele><time>2026-04-04T15:33:13Z</time><extensions><speed>1.068198</speed><course>90.216142</course><hAcc>1.761360</hAcc><vAcc>0.816848</vAcc></extensions></trkpt>
      <trkpt lon="-77.027153" lat="38.901454"><ele>19.829297</ele><time>2026-04-04T15:33:14Z</time><extensions><speed>1.433144</speed><course>97.019147</course><hAcc>1.749156</hAcc><vAcc>0.817353</vAcc></extensions></trkpt>
      <trkpt lon="-77.027136" lat="38.901452"><ele>19.904934</ele><time>2026-04-04T15:33:15Z</time><extensions><speed>1.499837</speed><course>99.105241</course><hAcc>1.743020</hAcc><vAcc>0.817857</vAcc></extensions></trkpt>
      <trkpt lon="-77.027119" lat="38.901450"><ele>19.984696</ele><time>2026-04-04T15:33:16Z</time><extensions><speed>1.366670</speed><course>99.194242</course><hAcc>1.745049</hAcc><vAcc>0.818338</vAcc></extensions></trkpt>
      <trkpt lon="-77.027104" lat="38.901448"><ele>20.060910</ele><time>2026-04-04T15:33:17Z</time><extensions><speed>1.264683</speed><course>99.849590</course><hAcc>1.748907</hAcc><vAcc>0.818780</vAcc></extensions></trkpt>
      <trkpt lon="-77.027090" lat="38.901446"><ele>20.135889</ele><time>2026-04-04T15:33:18Z</time><extensions><speed>1.266636</speed><course>100.427545</course><hAcc>1.749600</hAcc><vAcc>0.819166</vAcc></extensions></trkpt>
      <trkpt lon="-77.027075" lat="38.901444"><ele>20.206580</ele><time>2026-04-04T15:33:19Z</time><extensions><speed>1.333381</speed><course>100.486248</course><hAcc>1.749919</hAcc><vAcc>0.819480</vAcc></extensions></trkpt>
      <trkpt lon="-77.027059" lat="38.901442"><ele>20.270864</ele><time>2026-04-04T15:33:20Z</time><extensions><speed>1.412114</speed><course>100.308927</course><hAcc>1.751074</hAcc><vAcc>0.819725</vAcc></extensions></trkpt>
      <trkpt lon="-77.027043" lat="38.901439"><ele>20.310726</ele><time>2026-04-04T15:33:21Z</time><extensions><speed>1.409701</speed><course>100.318815</course><hAcc>1.750640</hAcc><vAcc>0.819887</vAcc></extensions></trkpt>
      <trkpt lon="-77.027028" lat="38.901437"><ele>20.344215</ele><time>2026-04-04T15:33:22Z</time><extensions><speed>1.353457</speed><course>100.111022</course><hAcc>1.750504</hAcc><vAcc>0.819965</vAcc></extensions></trkpt>
      <trkpt lon="-77.027013" lat="38.901435"><ele>20.378265</ele><time>2026-04-04T15:33:23Z</time><extensions><speed>1.296424</speed><course>99.292967</course><hAcc>1.751101</hAcc><vAcc>0.819962</vAcc></extensions></trkpt>
      <trkpt lon="-77.026998" lat="38.901433"><ele>20.390338</ele><time>2026-04-04T15:33:24Z</time><extensions><speed>1.307933</speed><course>97.660772</course><hAcc>1.753323</hAcc><vAcc>0.819876</vAcc></extensions></trkpt>
      <trkpt lon="-77.026982" lat="38.901432"><ele>20.394530</ele><time>2026-04-04T15:33:25Z</time><extensions><speed>1.366804</speed><course>96.094188</course><hAcc>1.755439</hAcc><vAcc>0.819703</vAcc></extensions></trkpt>
      <trkpt lon="-77.026966" lat="38.901431"><ele>20.390136</ele><time>2026-04-04T15:33:26Z</time><extensions><speed>1.482172</speed><course>95.372253</course><hAcc>1.756419</hAcc><vAcc>0.819438</vAcc></extensions></trkpt>
      <trkpt lon="-77.026948" lat="38.901429"><ele>20.372370</ele><time>2026-04-04T15:33:27Z</time><extensions><speed>1.576377</speed><course>96.616877</course><hAcc>1.756584</hAcc><vAcc>0.819068</vAcc></extensions></trkpt>
      <trkpt lon="-77.026930" lat="38.901428"><ele>20.347594</ele><time>2026-04-04T15:33:28Z</time><extensions><speed>1.614519</speed><course>94.983997</course><hAcc>1.757624</hAcc><vAcc>0.818616</vAcc></extensions></trkpt>
      <trkpt lon="-77.026912" lat="38.901427"><ele>20.306094</ele><time>2026-04-04T15:33:29Z</time><extensions><speed>1.547852</speed><course>94.222771</course><hAcc>1.760818</hAcc><vAcc>0.818045</vAcc></extensions></trkpt>
      <trkpt lon="-77.026894" lat="38.901426"><ele>20.251888</ele><time>2026-04-04T15:33:30Z</time><extensions><speed>1.571995</speed><course>93.565460</course><hAcc>1.765046</hAcc><vAcc>0.817354</vAcc></extensions></trkpt>
      <trkpt lon="-77.026875" lat="38.901425"><ele>20.182755</ele><time>2026-04-04T15:33:31Z</time><extensions><speed>1.650350</speed><course>93.657708</course><hAcc>1.764194</hAcc><vAcc>0.816587</vAcc></extensions></trkpt>
      <trkpt lon="-77.026856" lat="38.901424"><ele>20.097068</ele><time>2026-04-04T15:33:32Z</time><extensions><speed>1.745717</speed><course>92.814629</course><hAcc>1.762109</hAcc><vAcc>0.815707</vAcc></extensions></trkpt>
      <trkpt lon="-77.026835" lat="38.901423"><ele>20.006292</ele><time>2026-04-04T15:33:33Z</time><extensions><speed>1.721780</speed><course>92.482930</course><hAcc>1.759867</hAcc><vAcc>0.814721</vAcc></extensions></trkpt>
      <trkpt lon="-77.026816" lat="38.901422"><ele>19.916545</ele><time>2026-04-04T15:33:34Z</time><extensions><speed>1.681145</speed><course>92.129902</course><hAcc>1.754900</hAcc><vAcc>0.813640</vAcc></extensions></trkpt>
      <trkpt lon="-77.026796" lat="38.901422"><ele>19.819863</ele><time>2026-04-04T15:33:35Z</time><extensions><speed>1.772021</speed><course>91.306462</course><hAcc>1.746628</hAcc><vAcc>0.812436</vAcc></extensions></trkpt>
      <trkpt lon="-77.026775" lat="38.901422"><ele>19.721128</ele><time>2026-04-04T15:33:36Z</time><extensions><speed>1.856833</speed><course>90.395338</course><hAcc>1.741403</hAcc><vAcc>0.811156</vAcc></extensions></trkpt>
      <trkpt lon="-77.026753" lat="38.901422"><ele>19.617646</ele><time>2026-04-04T15:33:37Z</time><extensions><speed>1.898385</speed><course>90.061272</course><hAcc>1.752275</hAcc><vAcc>0.809764</vAcc></extensions></trkpt>
      <trkpt lon="-77.026732" lat="38.901422"><ele>19.513361</ele><time>2026-04-04T15:33:38Z</time><extensions><speed>1.764207</speed><course>89.987091</course><hAcc>1.775109</hAcc><vAcc>0.808312</vAcc></extensions></trkpt>
      <trkpt lon="-77.026712" lat="38.901422"><ele>19.423715</ele><time>2026-04-04T15:33:39Z</time><extensions><speed>1.773633</speed><course>89.802846</course><hAcc>1.753377</hAcc><vAcc>0.806816</vAcc></extensions></trkpt>
      <trkpt lon="-77.026691" lat="38.901422"><ele>19.327175</ele><time>2026-04-04T15:33:40Z</time><extensions><speed>1.745083</speed><course>89.182732</course><hAcc>1.742580</hAcc><vAcc>0.805235</vAcc></extensions></trkpt>
      <trkpt lon="-77.026671" lat="38.901422"><ele>19.237735</ele><time>2026-04-04T15:33:41Z</time><extensions><speed>1.726884</speed><course>88.061250</course><hAcc>1.745545</hAcc><vAcc>0.803572</vAcc></extensions></trkpt>
      <trkpt lon="-77.026651" lat="38.901423"><ele>19.150475</ele><time>2026-04-04T15:33:42Z</time><extensions><speed>1.739987</speed><course>86.400783</course><hAcc>1.745723</hAcc><vAcc>0.801825</vAcc></extensions></trkpt>
      <trkpt lon="-77.026631" lat="38.901424"><ele>19.068310</ele><time>2026-04-04T15:33:43Z</time><extensions><speed>1.731655</speed><course>84.350761</course><hAcc>1.738945</hAcc><vAcc>0.800041</vAcc></extensions></trkpt>
      <trkpt lon="-77.026611" lat="38.901426"><ele>18.988120</ele><time>2026-04-04T15:33:44Z</time><extensions><speed>1.744104</speed><course>81.889453</course><hAcc>1.733118</hAcc><vAcc>0.798201</vAcc></extensions></trkpt>
      <trkpt lon="-77.026591" lat="38.901429"><ele>18.915166</ele><time>2026-04-04T15:33:45Z</time><extensions><speed>1.767279</speed><course>78.812353</course><hAcc>1.748645</hAcc><vAcc>0.796251</vAcc></extensions></trkpt>
      <trkpt lon="-77.026573" lat="38.901432"><ele>18.853055</ele><time>2026-04-04T15:33:46Z</time><extensions><speed>1.557026</speed><course>77.013750</course><hAcc>1.784813</hAcc><vAcc>0.794128</vAcc></extensions></trkpt>
      <trkpt lon="-77.026556" lat="38.901436"><ele>18.800449</ele><time>2026-04-04T15:33:47Z</time><extensions><speed>1.514305</speed><course>72.316570</course><hAcc>1.753085</hAcc><vAcc>0.791733</vAcc></extensions></trkpt>
      <trkpt lon="-77.026539" lat="38.901440"><ele>18.744833</ele><time>2026-04-04T15:33:48Z</time><extensions><speed>1.451292</speed><course>71.124030</course><hAcc>1.737086</hAcc><vAcc>0.789069</vAcc></extensions></trkpt>
      <trkpt lon="-77.026524" lat="38.901444"><ele>18.690079</ele><time>2026-04-04T15:33:49Z</time><extensions><speed>1.416730</speed><course>71.907869</course><hAcc>1.742043</hAcc><vAcc>0.786068</vAcc></extensions></trkpt>
      <trkpt lon="-77.026508" lat="38.901448"><ele>18.638983</ele><time>2026-04-04T15:33:50Z</time><extensions><speed>1.441235</speed><course>73.603970</course><hAcc>1.755385</hAcc><vAcc>0.782632</vAcc></extensions></trkpt>
      <trkpt lon="-77.026492" lat="38.901451"><ele>18.597264</ele><time>2026-04-04T15:33:51Z</time><extensions><speed>1.416626</speed><course>77.313489</course><hAcc>1.783881</hAcc><vAcc>0.778684</vAcc></extensions></trkpt>
      <trkpt lon="-77.026477" lat="38.901453"><ele>18.552402</ele><time>2026-04-04T15:33:52Z</time><extensions><speed>1.285358</speed><course>87.271877</course><hAcc>1.822365</hAcc><vAcc>0.774820</vAcc></extensions></trkpt>
      <trkpt lon="-77.026462" lat="38.901453"><ele>18.507177</ele><time>2026-04-04T15:33:53Z</time><extensions><speed>1.162612</speed><course>90.898146</course><hAcc>1.814446</hAcc><vAcc>0.770745</vAcc></extensions></trkpt>
      <trkpt lon="-77.026449" lat="38.901453"><ele>18.471567</ele><time>2026-04-04T15:33:54Z</time><extensions><speed>1.092325</speed><course>90.709389</course><hAcc>1.814560</hAcc><vAcc>0.766596</vAcc></extensions></trkpt>
      <trkpt lon="-77.026437" lat="38.901453"><ele>18.434016</ele><time>2026-04-04T15:33:55Z</time><extensions><speed>1.060233</speed><course>89.379725</course><hAcc>1.824304</hAcc><vAcc>0.762515</vAcc></extensions></trkpt>
      <trkpt lon="-77.026425" lat="38.901453"><ele>18.397660</ele><time>2026-04-04T15:33:56Z</time><extensions><speed>1.109945</speed><course>85.038024</course><hAcc>1.836877</hAcc><vAcc>0.758655</vAcc></extensions></trkpt>
      <trkpt lon="-77.026411" lat="38.901455"><ele>18.366055</ele><time>2026-04-04T15:33:57Z</time><extensions><speed>1.218830</speed><course>77.792219</course><hAcc>1.849360</hAcc><vAcc>0.755249</vAcc></extensions></trkpt>
      <trkpt lon="-77.026397" lat="38.901458"><ele>18.335951</ele><time>2026-04-04T15:33:58Z</time><extensions><speed>1.349010</speed><course>70.626371</course><hAcc>1.860454</hAcc><vAcc>0.752506</vAcc></extensions></trkpt>
      <trkpt lon="-77.026382" lat="38.901463"><ele>18.310388</ele><time>2026-04-04T15:33:59Z</time><extensions><speed>1.435846</speed><course>63.545296</course><hAcc>1.862911</hAcc><vAcc>0.750566</vAcc></extensions></trkpt>
      <trkpt lon="-77.026367" lat="38.901470"><ele>18.289934</ele><time>2026-04-04T15:34:00Z</time><extensions><speed>1.514510</speed><course>55.118516</course><hAcc>1.853741</hAcc><vAcc>0.749584</vAcc></extensions></trkpt>
      <trkpt lon="-77.026353" lat="38.901478"><ele>18.275710</ele><time>2026-04-04T15:34:01Z</time><extensions><speed>1.529811</speed><course>50.215357</course><hAcc>1.842917</hAcc><vAcc>0.749610</vAcc></extensions></trkpt>
      <trkpt lon="-77.026340" lat="38.901487"><ele>18.261033</ele><time>2026-04-04T15:34:02Z</time><extensions><speed>1.541818</speed><course>48.686957</course><hAcc>1.824489</hAcc><vAcc>0.750591</vAcc></extensions></trkpt>
      <trkpt lon="-77.026326" lat="38.901496"><ele>18.247134</ele><time>2026-04-04T15:34:03Z</time><extensions><speed>1.563242</speed><course>50.664200</course><hAcc>1.807892</hAcc><vAcc>0.752349</vAcc></extensions></trkpt>
      <trkpt lon="-77.026311" lat="38.901505"><ele>18.236005</ele><time>2026-04-04T15:34:04Z</time><extensions><speed>1.569549</speed><course>54.410546</course><hAcc>1.793378</hAcc><vAcc>0.754660</vAcc></extensions></trkpt>
      <trkpt lon="-77.026296" lat="38.901513"><ele>18.233359</ele><time>2026-04-04T15:34:05Z</time><extensions><speed>1.547765</speed><course>58.256680</course><hAcc>1.774119</hAcc><vAcc>0.757280</vAcc></extensions></trkpt>
      <trkpt lon="-77.026280" lat="38.901520"><ele>18.225636</ele><time>2026-04-04T15:34:06Z</time><extensions><speed>1.578471</speed><course>61.607095</course><hAcc>1.748352</hAcc><vAcc>0.759988</vAcc></extensions></trkpt>
      <trkpt lon="-77.026263" lat="38.901527"><ele>18.217827</ele><time>2026-04-04T15:34:07Z</time><extensions><speed>1.710061</speed><course>63.897270</course><hAcc>1.720887</hAcc><vAcc>0.762571</vAcc></extensions></trkpt>
      <trkpt lon="-77.026244" lat="38.901533"><ele>18.222533</ele><time>2026-04-04T15:34:08Z</time><extensions><speed>1.851086</speed><course>65.353306</course><hAcc>1.700188</hAcc><vAcc>0.764980</vAcc></extensions></trkpt>
      <trkpt lon="-77.026225" lat="38.901540"><ele>18.232896</ele><time>2026-04-04T15:34:09Z</time><extensions><speed>1.867152</speed><course>66.134687</course><hAcc>1.711241</hAcc><vAcc>0.767142</vAcc></extensions></trkpt>
      <trkpt lon="-77.026207" lat="38.901547"><ele>18.237922</ele><time>2026-04-04T15:34:10Z</time><extensions><speed>1.528653</speed><course>66.599926</course><hAcc>1.751545</hAcc><vAcc>0.769021</vAcc></extensions></trkpt>
      <trkpt lon="-77.026191" lat="38.901552"><ele>18.253808</ele><time>2026-04-04T15:34:11Z</time><extensions><speed>1.559215</speed><course>67.140259</course><hAcc>1.711206</hAcc><vAcc>0.770612</vAcc></extensions></trkpt>
      <trkpt lon="-77.026175" lat="38.901558"><ele>18.281415</ele><time>2026-04-04T15:34:12Z</time><extensions><speed>1.490267</speed><course>64.133344</course><hAcc>1.699033</hAcc><vAcc>0.771998</vAcc></extensions></trkpt>
      <trkpt lon="-77.026160" lat="38.901564"><ele>18.306114</ele><time>2026-04-04T15:34:13Z</time><extensions><speed>1.436776</speed><course>62.815968</course><hAcc>1.714402</hAcc><vAcc>0.773222</vAcc></extensions></trkpt>
      <trkpt lon="-77.026145" lat="38.901569"><ele>18.339562</ele><time>2026-04-04T15:34:14Z</time><extensions><speed>1.308380</speed><course>62.514255</course><hAcc>1.728926</hAcc><vAcc>0.774301</vAcc></extensions></trkpt>
      <trkpt lon="-77.026133" lat="38.901574"><ele>18.383612</ele><time>2026-04-04T15:34:15Z</time><extensions><speed>1.094163</speed><course>63.116103</course><hAcc>1.737444</hAcc><vAcc>0.775266</vAcc></extensions></trkpt>
      <trkpt lon="-77.026123" lat="38.901579"><ele>18.427269</ele><time>2026-04-04T15:34:16Z</time><extensions><speed>0.961654</speed><course>56.795549</course><hAcc>1.757813</hAcc><vAcc>0.776133</vAcc></extensions></trkpt>
      <trkpt lon="-77.026115" lat="38.901584"><ele>18.470411</ele><time>2026-04-04T15:34:17Z</time><extensions><speed>0.798086</speed><course>48.162776</course><hAcc>1.772097</hAcc><vAcc>0.777020</vAcc></extensions></trkpt>
      <trkpt lon="-77.026109" lat="38.901588"><ele>18.515146</ele><time>2026-04-04T15:34:18Z</time><extensions><speed>0.641239</speed><course>36.152908</course><hAcc>1.772619</hAcc><vAcc>0.777995</vAcc></extensions></trkpt>
      <trkpt lon="-77.026105" lat="38.901592"><ele>18.566617</ele><time>2026-04-04T15:34:19Z</time><extensions><speed>0.550741</speed><course>36.780972</course><hAcc>1.774547</hAcc><vAcc>0.779057</vAcc></extensions></trkpt>
      <trkpt lon="-77.026101" lat="38.901596"><ele>18.617006</ele><time>2026-04-04T15:34:20Z</time><extensions><speed>0.520255</speed><course>37.627967</course><hAcc>1.784604</hAcc><vAcc>0.780207</vAcc></extensions></trkpt>
      <trkpt lon="-77.026097" lat="38.901600"><ele>18.676592</ele><time>2026-04-04T15:34:21Z</time><extensions><speed>0.548426</speed><course>34.757243</course><hAcc>1.796708</hAcc><vAcc>0.781399</vAcc></extensions></trkpt>
      <trkpt lon="-77.026094" lat="38.901603"><ele>18.741928</ele><time>2026-04-04T15:34:22Z</time><extensions><speed>0.463485</speed><course>49.882777</course><hAcc>1.799261</hAcc><vAcc>0.782702</vAcc></extensions></trkpt>
      <trkpt lon="-77.026089" lat="38.901606"><ele>18.807478</ele><time>2026-04-04T15:34:23Z</time><extensions><speed>0.474930</speed><course>70.958191</course><hAcc>1.804210</hAcc><vAcc>0.784073</vAcc></extensions></trkpt>
      <trkpt lon="-77.026083" lat="38.901607"><ele>18.870321</ele><time>2026-04-04T15:34:24Z</time><extensions><speed>0.631093</speed><course>78.543948</course><hAcc>1.815241</hAcc><vAcc>0.785494</vAcc></extensions></trkpt>
      <trkpt lon="-77.026075" lat="38.901607"><ele>18.933616</ele><time>2026-04-04T15:34:25Z</time><extensions><speed>0.670764</speed><course>88.307655</course><hAcc>1.833406</hAcc><vAcc>0.786952</vAcc></extensions></trkpt>
      <trkpt lon="-77.026067" lat="38.901607"><ele>18.993959</ele><time>2026-04-04T15:34:26Z</time><extensions><speed>0.844019</speed><course>101.929359</course><hAcc>1.838314</hAcc><vAcc>0.788457</vAcc></extensions></trkpt>
      <trkpt lon="-77.026056" lat="38.901605"><ele>19.048790</ele><time>2026-04-04T15:34:27Z</time><extensions><speed>0.988739</speed><course>105.835355</course><hAcc>1.850593</hAcc><vAcc>0.789939</vAcc></extensions></trkpt>
      <trkpt lon="-77.026045" lat="38.901602"><ele>19.110158</ele><time>2026-04-04T15:34:28Z</time><extensions><speed>1.062152</speed><course>104.054908</course><hAcc>1.859598</hAcc><vAcc>0.791411</vAcc></extensions></trkpt>
      <trkpt lon="-77.026034" lat="38.901601"><ele>19.165602</ele><time>2026-04-04T15:34:29Z</time><extensions><speed>0.960736</speed><course>98.529642</course><hAcc>1.869778</hAcc><vAcc>0.792897</vAcc></extensions></trkpt>
      <trkpt lon="-77.026024" lat="38.901600"><ele>19.210157</ele><time>2026-04-04T15:34:30Z</time><extensions><speed>0.756910</speed><course>87.532710</course><hAcc>1.875327</hAcc><vAcc>0.794368</vAcc></extensions></trkpt>
      <trkpt lon="-77.026017" lat="38.901601"><ele>19.242554</ele><time>2026-04-04T15:34:31Z</time><extensions><speed>0.538980</speed><course>67.108654</course><hAcc>1.874700</hAcc><vAcc>0.795818</vAcc></extensions></trkpt>
      <trkpt lon="-77.026012" lat="38.901604"><ele>19.272306</ele><time>2026-04-04T15:34:32Z</time><extensions><speed>0.457649</speed><course>35.998042</course><hAcc>1.869135</hAcc><vAcc>0.797207</vAcc></extensions></trkpt>
      <trkpt lon="-77.026010" lat="38.901607"><ele>19.292413</ele><time>2026-04-04T15:34:33Z</time><extensions><speed>0.469696</speed><course>14.299728</course><hAcc>1.860493</hAcc><vAcc>0.798513</vAcc></extensions></trkpt>
      <trkpt lon="-77.026009" lat="38.901612"><ele>19.307628</ele><time>2026-04-04T15:34:34Z</time><extensions><speed>0.480207</speed><course>8.966202</course><hAcc>1.852667</hAcc><vAcc>0.799745</vAcc></extensions></trkpt>
      <trkpt lon="-77.026007" lat="38.901616"><ele>19.292309</ele><time>2026-04-04T15:34:35Z</time><extensions><speed>0.468883</speed><course>19.652187</course><hAcc>1.841406</hAcc><vAcc>0.800887</vAcc></extensions></trkpt>
      <trkpt lon="-77.026005" lat="38.901619"><ele>19.296743</ele><time>2026-04-04T15:34:36Z</time><extensions><speed>0.422749</speed><course>43.224545</course><hAcc>1.833950</hAcc><vAcc>0.801921</vAcc></extensions></trkpt>
      <trkpt lon="-77.026000" lat="38.901622"><ele>19.302672</ele><time>2026-04-04T15:34:37Z</time><extensions><speed>0.634686</speed><course>59.546603</course><hAcc>1.802795</hAcc><vAcc>0.802835</vAcc></extensions></trkpt>
      <trkpt lon="-77.025992" lat="38.901625"><ele>19.291672</ele><time>2026-04-04T15:34:38Z</time><extensions><speed>0.868829</speed><course>65.665712</course><hAcc>1.794071</hAcc><vAcc>0.803605</vAcc></extensions></trkpt>
      <trkpt lon="-77.025982" lat="38.901629"><ele>19.289441</ele><time>2026-04-04T15:34:39Z</time><extensions><speed>1.054278</speed><course>64.554162</course><hAcc>1.803356</hAcc><vAcc>0.804272</vAcc></extensions></trkpt>
      <trkpt lon="-77.025971" lat="38.901633"><ele>19.283711</ele><time>2026-04-04T15:34:40Z</time><extensions><speed>1.016647</speed><course>65.640014</course><hAcc>1.795294</hAcc><vAcc>0.804827</vAcc></extensions></trkpt>
      <trkpt lon="-77.025961" lat="38.901636"><ele>19.275029</ele><time>2026-04-04T15:34:41Z</time><extensions><speed>0.867688</speed><course>70.234238</course><hAcc>1.779728</hAcc><vAcc>0.805283</vAcc></extensions></trkpt>
      <trkpt lon="-77.025952" lat="38.901638"><ele>19.256810</ele><time>2026-04-04T15:34:42Z</time><extensions><speed>0.846204</speed><course>71.842729</course><hAcc>1.777040</hAcc><vAcc>0.805616</vAcc></extensions></trkpt>
      <trkpt lon="-77.025942" lat="38.901641"><ele>19.251799</ele><time>2026-04-04T15:34:43Z</time><extensions><speed>0.924153</speed><course>68.470519</course><hAcc>1.780014</hAcc><vAcc>0.805890</vAcc></extensions></trkpt>
      <trkpt lon="-77.025933" lat="38.901644"><ele>19.244532</ele><time>2026-04-04T15:34:44Z</time><extensions><speed>0.734168</speed><course>65.580637</course><hAcc>1.788121</hAcc><vAcc>0.806085</vAcc></extensions></trkpt>
      <trkpt lon="-77.025927" lat="38.901647"><ele>19.241105</ele><time>2026-04-04T15:34:45Z</time><extensions><speed>0.471963</speed><course>52.517702</course><hAcc>1.799633</hAcc><vAcc>0.806269</vAcc></extensions></trkpt>
      <trkpt lon="-77.025924" lat="38.901649"><ele>19.244374</ele><time>2026-04-04T15:34:46Z</time><extensions><speed>0.343215</speed><course>42.231617</course><hAcc>1.797167</hAcc><vAcc>0.806449</vAcc></extensions></trkpt>
      <trkpt lon="-77.025921" lat="38.901651"><ele>19.256766</ele><time>2026-04-04T15:34:47Z</time><extensions><speed>0.367116</speed><course>51.452062</course><hAcc>1.790417</hAcc><vAcc>0.806632</vAcc></extensions></trkpt>
      <trkpt lon="-77.025916" lat="38.901653"><ele>19.268432</ele><time>2026-04-04T15:34:48Z</time><extensions><speed>0.432565</speed><course>76.211308</course><hAcc>1.802150</hAcc><vAcc>0.806819</vAcc></extensions></trkpt>
      <trkpt lon="-77.025910" lat="38.901653"><ele>19.266894</ele><time>2026-04-04T15:34:49Z</time><extensions><speed>0.625820</speed><course>86.737589</course><hAcc>1.801104</hAcc><vAcc>0.806992</vAcc></extensions></trkpt>
      <trkpt lon="-77.025902" lat="38.901654"><ele>19.255210</ele><time>2026-04-04T15:34:50Z</time><extensions><speed>0.881164</speed><course>87.628779</course><hAcc>1.780474</hAcc><vAcc>0.807179</vAcc></extensions></trkpt>
      <trkpt lon="-77.025890" lat="38.901654"><ele>19.248892</ele><time>2026-04-04T15:34:51Z</time><extensions><speed>1.099942</speed><course>86.193989</course><hAcc>1.765388</hAcc><vAcc>0.807363</vAcc></extensions></trkpt>
      <trkpt lon="-77.025877" lat="38.901655"><ele>19.250885</ele><time>2026-04-04T15:34:52Z</time><extensions><speed>1.214890</speed><course>80.856521</course><hAcc>1.777135</hAcc><vAcc>0.807542</vAcc></extensions></trkpt>
      <trkpt lon="-77.025864" lat="38.901657"><ele>19.279299</ele><time>2026-04-04T15:34:53Z</time><extensions><speed>1.260962</speed><course>79.275473</course><hAcc>1.784089</hAcc><vAcc>0.806810</vAcc></extensions></trkpt>
      <trkpt lon="-77.025850" lat="38.901659"><ele>19.328866</ele><time>2026-04-04T15:34:54Z</time><extensions><speed>1.352089</speed><course>82.369055</course><hAcc>1.762101</hAcc><vAcc>0.805803</vAcc></extensions></trkpt>
      <trkpt lon="-77.025836" lat="38.901660"><ele>19.362752</ele><time>2026-04-04T15:34:55Z</time><extensions><speed>1.189122</speed><course>86.966707</course><hAcc>1.736308</hAcc><vAcc>0.804465</vAcc></extensions></trkpt>
      <trkpt lon="-77.025824" lat="38.901661"><ele>19.400475</ele><time>2026-04-04T15:34:56Z</time><extensions><speed>0.896345</speed><course>86.859904</course><hAcc>1.705709</hAcc><vAcc>0.802740</vAcc></extensions></trkpt>
      <trkpt lon="-77.025816" lat="38.901662"><ele>19.443903</ele><time>2026-04-04T15:34:57Z</time><extensions><speed>0.591503</speed><course>76.755728</course><hAcc>1.664623</hAcc><vAcc>0.800578</vAcc></extensions></trkpt>
      <trkpt lon="-77.025812" lat="38.901664"><ele>19.495028</ele><time>2026-04-04T15:34:58Z</time><extensions><speed>0.410663</speed><course>45.481308</course><hAcc>1.615220</hAcc><vAcc>0.797945</vAcc></extensions></trkpt>
      <trkpt lon="-77.025810" lat="38.901667"><ele>19.552963</ele><time>2026-04-04T15:34:59Z</time><extensions><speed>0.440219</speed><course>19.093219</course><hAcc>1.577016</hAcc><vAcc>0.794835</vAcc></extensions></trkpt>
      <trkpt lon="-77.025809" lat="38.901671"><ele>19.615631</ele><time>2026-04-04T15:35:00Z</time><extensions><speed>0.443997</speed><course>28.191693</course><hAcc>1.516410</hAcc><vAcc>0.791275</vAcc></extensions></trkpt>
      <trkpt lon="-77.025813" lat="38.901673"><ele>19.726210</ele><time>2026-04-04T15:35:01Z</time><extensions><speed>0.577018</speed><course>42.577325</course><hAcc>1.309081</hAcc><vAcc>0.769251</vAcc></extensions></trkpt>
      <trkpt lon="-77.025808" lat="38.901677"><ele>19.789588</ele><time>2026-04-04T15:35:02Z</time><extensions><speed>0.593122</speed><course>44.393475</course><hAcc>1.199044</hAcc><vAcc>0.765389</vAcc></extensions></trkpt>
      <trkpt lon="-77.025803" lat="38.901681"><ele>19.853912</ele><time>2026-04-04T15:35:03Z</time><extensions><speed>0.622332</speed><course>47.079220</course><hAcc>1.118906</hAcc><vAcc>0.761434</vAcc></extensions></trkpt>
      <trkpt lon="-77.025798" lat="38.901685"><ele>19.917081</ele><time>2026-04-04T15:35:04Z</time><extensions><speed>0.664284</speed><course>50.061002</course><hAcc>1.062405</hAcc><vAcc>0.757608</vAcc></extensions></trkpt>
      <trkpt lon="-77.025792" lat="38.901688"><ele>19.977137</ele><time>2026-04-04T15:35:05Z</time><extensions><speed>0.711649</speed><course>52.776095</course><hAcc>1.023241</hAcc><vAcc>0.754093</vAcc></extensions></trkpt>
      <trkpt lon="-77.025785" lat="38.901692"><ele>20.032676</ele><time>2026-04-04T15:35:06Z</time><extensions><speed>0.765251</speed><course>55.286344</course><hAcc>0.996538</hAcc><vAcc>0.750999</vAcc></extensions></trkpt>
      <trkpt lon="-77.025777" lat="38.901696"><ele>20.082559</ele><time>2026-04-04T15:35:07Z</time><extensions><speed>0.821365</speed><course>57.472935</course><hAcc>0.978587</hAcc><vAcc>0.748376</vAcc></extensions></trkpt>
      <trkpt lon="-77.025769" lat="38.901700"><ele>20.125754</ele><time>2026-04-04T15:35:08Z</time><extensions><speed>0.882153</speed><course>59.354214</course><hAcc>0.966531</hAcc><vAcc>0.746228</vAcc></extensions></trkpt>
      <trkpt lon="-77.025760" lat="38.901704"><ele>20.161191</ele><time>2026-04-04T15:35:09Z</time><extensions><speed>0.943168</speed><course>60.916295</course><hAcc>0.958354</hAcc><vAcc>0.744523</vAcc></extensions></trkpt>
      <trkpt lon="-77.025750" lat="38.901709"><ele>20.188180</ele><time>2026-04-04T15:35:10Z</time><extensions><speed>1.005086</speed><course>62.206413</course><hAcc>0.952699</hAcc><vAcc>0.743210</vAcc></extensions></trkpt>
      <trkpt lon="-77.025739" lat="38.901713"><ele>20.206321</ele><time>2026-04-04T15:35:11Z</time><extensions><speed>1.067373</speed><course>63.257885</course><hAcc>0.948653</hAcc><vAcc>0.742228</vAcc></extensions></trkpt>
      <trkpt lon="-77.025728" lat="38.901717"><ele>20.215528</ele><time>2026-04-04T15:35:12Z</time><extensions><speed>1.124450</speed><course>64.093926</course><hAcc>0.945577</hAcc><vAcc>0.741517</vAcc></extensions></trkpt>
      <trkpt lon="-77.025716" lat="38.901722"><ele>20.216254</ele><time>2026-04-04T15:35:13Z</time><extensions><speed>1.171303</speed><course>64.747756</course><hAcc>0.942928</hAcc><vAcc>0.741018</vAcc></extensions></trkpt>
      <trkpt lon="-77.025703" lat="38.901726"><ele>20.209122</ele><time>2026-04-04T15:35:14Z</time><extensions><speed>1.205675</speed><course>65.234029</course><hAcc>0.940295</hAcc><vAcc>0.740680</vAcc></extensions></trkpt>
      <trkpt lon="-77.025691" lat="38.901731"><ele>20.195546</ele><time>2026-04-04T15:35:15Z</time><extensions><speed>1.229889</speed><course>65.607246</course><hAcc>0.937863</hAcc><vAcc>0.740459</vAcc></extensions></trkpt>
      <trkpt lon="-77.025678" lat="38.901735"><ele>20.176846</ele><time>2026-04-04T15:35:16Z</time><extensions><speed>1.250279</speed><course>65.893694</course><hAcc>0.935897</hAcc><vAcc>0.740321</vAcc></extensions></trkpt>
      <trkpt lon="-77.025664" lat="38.901740"><ele>20.154426</ele><time>2026-04-04T15:35:17Z</time><extensions><speed>1.270631</speed><course>66.107130</course><hAcc>0.934526</hAcc><vAcc>0.740240</vAcc></extensions></trkpt>
      <trkpt lon="-77.025651" lat="38.901745"><ele>20.129718</ele><time>2026-04-04T15:35:18Z</time><extensions><speed>1.290388</speed><course>66.256806</course><hAcc>0.933796</hAcc><vAcc>0.740196</vAcc></extensions></trkpt>
      <trkpt lon="-77.025637" lat="38.901749"><ele>20.103897</ele><time>2026-04-04T15:35:19Z</time><extensions><speed>1.306556</speed><course>66.351578</course><hAcc>0.933708</hAcc><vAcc>0.740174</vAcc></extensions></trkpt>
      <trkpt lon="-77.025623" lat="38.901754"><ele>20.078180</ele><time>2026-04-04T15:35:20Z</time><extensions><speed>1.317050</speed><course>66.399919</course><hAcc>0.934190</hAcc><vAcc>0.740165</vAcc></extensions></trkpt>
      <trkpt lon="-77.025609" lat="38.901759"><ele>20.053375</ele><time>2026-04-04T15:35:21Z</time><extensions><speed>1.321269</speed><course>66.409766</course><hAcc>0.935111</hAcc><vAcc>0.740162</vAcc></extensions></trkpt>
      <trkpt lon="-77.025595" lat="38.901764"><ele>20.030144</ele><time>2026-04-04T15:35:22Z</time><extensions><speed>1.322493</speed><course>66.388494</course><hAcc>0.936273</hAcc><vAcc>0.740161</vAcc></extensions></trkpt>
      <trkpt lon="-77.025581" lat="38.901768"><ele>20.008977</ele><time>2026-04-04T15:35:23Z</time><extensions><speed>1.324452</speed><course>66.342155</course><hAcc>0.937512</hAcc><vAcc>0.740161</vAcc></extensions></trkpt>
      <trkpt lon="-77.025567" lat="38.901773"><ele>19.990218</ele><time>2026-04-04T15:35:24Z</time><extensions><speed>1.326651</speed><course>66.283983</course><hAcc>0.938903</hAcc><vAcc>0.740161</vAcc></extensions></trkpt>
      <trkpt lon="-77.025553" lat="38.901778"><ele>19.974150</ele><time>2026-04-04T15:35:25Z</time><extensions><speed>1.329121</speed><course>66.219097</course><hAcc>0.940489</hAcc><vAcc>0.740159</vAcc></extensions></trkpt>
      <trkpt lon="-77.025539" lat="38.901783"><ele>19.960994</ele><time>2026-04-04T15:35:26Z</time><extensions><speed>1.329511</speed><course>66.152413</course><hAcc>0.942256</hAcc><vAcc>0.740157</vAcc></extensions></trkpt>
      <trkpt lon="-77.025525" lat="38.901788"><ele>19.950829</ele><time>2026-04-04T15:35:27Z</time><extensions><speed>1.326343</speed><course>66.087091</course><hAcc>0.944162</hAcc><vAcc>0.740154</vAcc></extensions></trkpt>
      <trkpt lon="-77.025511" lat="38.901793"><ele>19.943579</ele><time>2026-04-04T15:35:28Z</time><extensions><speed>1.320544</speed><course>66.024406</course><hAcc>0.946154</hAcc><vAcc>0.740150</vAcc></extensions></trkpt>
      <trkpt lon="-77.025498" lat="38.901797"><ele>19.938966</ele><time>2026-04-04T15:35:29Z</time><extensions><speed>1.312339</speed><course>65.965533</course><hAcc>0.948163</hAcc><vAcc>0.740147</vAcc></extensions></trkpt>
      <trkpt lon="-77.025484" lat="38.901802"><ele>19.936609</ele><time>2026-04-04T15:35:30Z</time><extensions><speed>1.306154</speed><course>65.910567</course><hAcc>0.950114</hAcc><vAcc>0.740144</vAcc></extensions></trkpt>
      <trkpt lon="-77.025470" lat="38.901807"><ele>19.935809</ele><time>2026-04-04T15:35:31Z</time><extensions><speed>1.302983</speed><course>65.860015</course><hAcc>0.951982</hAcc><vAcc>0.740141</vAcc></extensions></trkpt>
      <trkpt lon="-77.025456" lat="38.901812"><ele>19.935904</ele><time>2026-04-04T15:35:32Z</time><extensions><speed>1.302063</speed><course>65.814707</course><hAcc>0.953765</hAcc><vAcc>0.740138</vAcc></extensions></trkpt>
      <trkpt lon="-77.025443" lat="38.901817"><ele>19.936398</ele><time>2026-04-04T15:35:33Z</time><extensions><speed>1.305869</speed><course>65.774695</course><hAcc>0.955511</hAcc><vAcc>0.740136</vAcc></extensions></trkpt>
      <trkpt lon="-77.025429" lat="38.901821"><ele>19.936774</ele><time>2026-04-04T15:35:34Z</time><extensions><speed>1.312531</speed><course>65.740067</course><hAcc>0.957322</hAcc><vAcc>0.740134</vAcc></extensions></trkpt>
      <trkpt lon="-77.025415" lat="38.901826"><ele>19.936657</ele><time>2026-04-04T15:35:35Z</time><extensions><speed>1.319821</speed><course>65.710839</course><hAcc>0.959226</hAcc><vAcc>0.740133</vAcc></extensions></trkpt>
      <trkpt lon="-77.025401" lat="38.901831"><ele>19.935675</ele><time>2026-04-04T15:35:36Z</time><extensions><speed>1.323843</speed><course>65.686932</course><hAcc>0.961163</hAcc><vAcc>0.740131</vAcc></extensions></trkpt>
      <trkpt lon="-77.025387" lat="38.901836"><ele>19.933811</ele><time>2026-04-04T15:35:37Z</time><extensions><speed>1.326471</speed><course>65.667667</course><hAcc>0.963100</hAcc><vAcc>0.740131</vAcc></extensions></trkpt>
      <trkpt lon="-77.025373" lat="38.901841"><ele>19.931418</ele><time>2026-04-04T15:35:38Z</time><extensions><speed>1.332905</speed><course>65.652488</course><hAcc>0.965030</hAcc><vAcc>0.740130</vAcc></extensions></trkpt>
      <trkpt lon="-77.025359" lat="38.901846"><ele>19.929296</ele><time>2026-04-04T15:35:39Z</time><extensions><speed>1.342591</speed><course>65.641056</course><hAcc>0.966947</hAcc><vAcc>0.740130</vAcc></extensions></trkpt>
      <trkpt lon="-77.025345" lat="38.901851"><ele>19.928219</ele><time>2026-04-04T15:35:40Z</time><extensions><speed>1.352754</speed><course>65.632986</course><hAcc>0.968840</hAcc><vAcc>0.740129</vAcc></extensions></trkpt>
      <trkpt lon="-77.025331" lat="38.901856"><ele>19.929013</ele><time>2026-04-04T15:35:41Z</time><extensions><speed>1.358831</speed><course>65.627851</course><hAcc>0.970761</hAcc><vAcc>0.740129</vAcc></extensions></trkpt>
      <trkpt lon="-77.025317" lat="38.901861"><ele>19.932476</ele><time>2026-04-04T15:35:42Z</time><extensions><speed>1.359520</speed><course>65.625250</course><hAcc>0.972725</hAcc><vAcc>0.740129</vAcc></extensions></trkpt>
      <trkpt lon="-77.025302" lat="38.901866"><ele>19.938956</ele><time>2026-04-04T15:35:43Z</time><extensions><speed>1.356009</speed><course>65.624881</course><hAcc>0.974704</hAcc><vAcc>0.740129</vAcc></extensions></trkpt>
      <trkpt lon="-77.025288" lat="38.901871"><ele>19.948612</ele><time>2026-04-04T15:35:44Z</time><extensions><speed>1.352527</speed><course>65.626591</course><hAcc>0.976685</hAcc><vAcc>0.740129</vAcc></extensions></trkpt>
      <trkpt lon="-77.025274" lat="38.901876"><ele>19.961422</ele><time>2026-04-04T15:35:45Z</time><extensions><speed>1.352272</speed><course>65.630239</course><hAcc>0.978680</hAcc><vAcc>0.740129</vAcc></extensions></trkpt>
      <trkpt lon="-77.025260" lat="38.901881"><ele>19.977264</ele><time>2026-04-04T15:35:46Z</time><extensions><speed>1.354708</speed><course>65.635670</course><hAcc>0.980717</hAcc><vAcc>0.740129</vAcc></extensions></trkpt>
      <trkpt lon="-77.025245" lat="38.901886"><ele>19.995906</ele><time>2026-04-04T15:35:47Z</time><extensions><speed>1.355216</speed><course>65.642754</course><hAcc>0.982830</hAcc><vAcc>0.740129</vAcc></extensions></trkpt>
      <trkpt lon="-77.025231" lat="38.901891"><ele>20.016901</ele><time>2026-04-04T15:35:48Z</time><extensions><speed>1.354572</speed><course>65.651424</course><hAcc>0.985054</hAcc><vAcc>0.740129</vAcc></extensions></trkpt>
      <trkpt lon="-77.025217" lat="38.901896"><ele>20.039560</ele><time>2026-04-04T15:35:49Z</time><extensions><speed>1.353448</speed><course>65.661615</course><hAcc>0.987410</hAcc><vAcc>0.740129</vAcc></extensions></trkpt>
      <trkpt lon="-77.025203" lat="38.901901"><ele>20.062851</ele><time>2026-04-04T15:35:50Z</time><extensions><speed>1.350908</speed><course>65.673321</course><hAcc>0.989871</hAcc><vAcc>0.740130</vAcc></extensions></trkpt>
      <trkpt lon="-77.025189" lat="38.901906"><ele>20.085464</ele><time>2026-04-04T15:35:51Z</time><extensions><speed>1.346420</speed><course>65.686520</course><hAcc>0.992409</hAcc><vAcc>0.740130</vAcc></extensions></trkpt>
      <trkpt lon="-77.025175" lat="38.901911"><ele>20.105890</ele><time>2026-04-04T15:35:52Z</time><extensions><speed>1.342892</speed><course>65.701056</course><hAcc>0.994971</hAcc><vAcc>0.740131</vAcc></extensions></trkpt>
      <trkpt lon="-77.025160" lat="38.901916"><ele>20.122905</ele><time>2026-04-04T15:35:53Z</time><extensions><speed>1.339992</speed><course>65.717103</course><hAcc>0.997557</hAcc><vAcc>0.740131</vAcc></extensions></trkpt>
      <trkpt lon="-77.025146" lat="38.901921"><ele>20.135662</ele><time>2026-04-04T15:35:54Z</time><extensions><speed>1.340675</speed><course>65.734003</course><hAcc>1.000490</hAcc><vAcc>0.740132</vAcc></extensions></trkpt>
      <trkpt lon="-77.025132" lat="38.901926"><ele>20.143441</ele><time>2026-04-04T15:35:55Z</time><extensions><speed>1.340746</speed><course>65.751562</course><hAcc>1.004235</hAcc><vAcc>0.740133</vAcc></extensions></trkpt>
      <trkpt lon="-77.025118" lat="38.901931"><ele>20.145734</ele><time>2026-04-04T15:35:56Z</time><extensions><speed>1.337216</speed><course>65.767379</course><hAcc>1.009284</hAcc><vAcc>0.740135</vAcc></extensions></trkpt>
      <trkpt lon="-77.025104" lat="38.901936"><ele>20.142102</ele><time>2026-04-04T15:35:57Z</time><extensions><speed>1.328940</speed><course>65.781051</course><hAcc>1.016148</hAcc><vAcc>0.740137</vAcc></extensions></trkpt>
      <trkpt lon="-77.025090" lat="38.901941"><ele>20.132339</ele><time>2026-04-04T15:35:58Z</time><extensions><speed>1.318066</speed><course>65.792982</course><hAcc>1.025349</hAcc><vAcc>0.740139</vAcc></extensions></trkpt>
      <trkpt lon="-77.025076" lat="38.901946"><ele>20.116388</ele><time>2026-04-04T15:35:59Z</time><extensions><speed>1.309793</speed><course>65.803454</course><hAcc>1.037412</hAcc><vAcc>0.740142</vAcc></extensions></trkpt>
      <trkpt lon="-77.025063" lat="38.901951"><ele>20.094483</ele><time>2026-04-04T15:36:00Z</time><extensions><speed>1.301953</speed><course>65.812386</course><hAcc>1.052842</hAcc><vAcc>0.740144</vAcc></extensions></trkpt>
      <trkpt lon="-77.025049" lat="38.901955"><ele>20.067041</ele><time>2026-04-04T15:36:01Z</time><extensions><speed>1.296136</speed><course>65.819884</course><hAcc>1.072090</hAcc><vAcc>0.740147</vAcc></extensions></trkpt>
      <trkpt lon="-77.025035" lat="38.901960"><ele>20.034523</ele><time>2026-04-04T15:36:02Z</time><extensions><speed>1.290413</speed><course>65.825981</course><hAcc>1.095491</hAcc><vAcc>0.740150</vAcc></extensions></trkpt>
      <trkpt lon="-77.025022" lat="38.901965"><ele>19.997433</ele><time>2026-04-04T15:36:03Z</time><extensions><speed>1.285695</speed><course>65.830789</course><hAcc>1.123155</hAcc><vAcc>0.740152</vAcc></extensions></trkpt>
      <trkpt lon="-77.025008" lat="38.901970"><ele>19.956539</ele><time>2026-04-04T15:36:04Z</time><extensions><speed>1.282239</speed><course>65.834407</course><hAcc>1.154925</hAcc><vAcc>0.740154</vAcc></extensions></trkpt>
      <trkpt lon="-77.024995" lat="38.901974"><ele>19.912918</ele><time>2026-04-04T15:36:05Z</time><extensions><speed>1.277670</speed><course>65.837075</course><hAcc>1.190318</hAcc><vAcc>0.740157</vAcc></extensions></trkpt>
      <trkpt lon="-77.024982" lat="38.901979"><ele>19.867897</ele><time>2026-04-04T15:36:06Z</time><extensions><speed>1.268681</speed><course>65.838974</course><hAcc>1.228302</hAcc><vAcc>0.740159</vAcc></extensions></trkpt>
      <trkpt lon="-77.024968" lat="38.901984"><ele>19.822669</ele><time>2026-04-04T15:36:07Z</time><extensions><speed>1.260385</speed><course>65.840347</course><hAcc>1.267509</hAcc><vAcc>0.740163</vAcc></extensions></trkpt>
      <trkpt lon="-77.024955" lat="38.901988"><ele>19.778478</ele><time>2026-04-04T15:36:08Z</time><extensions><speed>1.256850</speed><course>65.841281</course><hAcc>1.306737</hAcc><vAcc>0.740170</vAcc></extensions></trkpt>
      <trkpt lon="-77.024942" lat="38.901993"><ele>19.736477</ele><time>2026-04-04T15:36:09Z</time><extensions><speed>1.256697</speed><course>65.841813</course><hAcc>1.345168</hAcc><vAcc>0.740182</vAcc></extensions></trkpt>
      <trkpt lon="-77.024929" lat="38.901998"><ele>19.697785</ele><time>2026-04-04T15:36:10Z</time><extensions><speed>1.257045</speed><course>65.842096</course><hAcc>1.382295</hAcc><vAcc>0.740204</vAcc></extensions></trkpt>
      <trkpt lon="-77.024915" lat="38.902002"><ele>19.663384</ele><time>2026-04-04T15:36:11Z</time><extensions><speed>1.257288</speed><course>65.842253</course><hAcc>1.417823</hAcc><vAcc>0.740242</vAcc></extensions></trkpt>
      <trkpt lon="-77.024902" lat="38.902007"><ele>19.634059</ele><time>2026-04-04T15:36:12Z</time><extensions><speed>1.256319</speed><course>65.842370</course><hAcc>1.451609</hAcc><vAcc>0.740306</vAcc></extensions></trkpt>
      <trkpt lon="-77.024889" lat="38.902012"><ele>19.610348</ele><time>2026-04-04T15:36:13Z</time><extensions><speed>1.253148</speed><course>65.842527</course><hAcc>1.483612</hAcc><vAcc>0.740409</vAcc></extensions></trkpt>
      <trkpt lon="-77.024876" lat="38.902016"><ele>19.592580</ele><time>2026-04-04T15:36:14Z</time><extensions><speed>1.249899</speed><course>65.842897</course><hAcc>1.513839</hAcc><vAcc>0.740567</vAcc></extensions></trkpt>
      <trkpt lon="-77.024863" lat="38.902021"><ele>19.580902</ele><time>2026-04-04T15:36:15Z</time><extensions><speed>1.246443</speed><course>65.843534</course><hAcc>1.542334</hAcc><vAcc>0.740803</vAcc></extensions></trkpt>
      <trkpt lon="-77.024850" lat="38.902025"><ele>19.575348</ele><time>2026-04-04T15:36:16Z</time><extensions><speed>1.243672</speed><course>65.844522</course><hAcc>1.569172</hAcc><vAcc>0.741144</vAcc></extensions></trkpt>
      <trkpt lon="-77.024837" lat="38.902030"><ele>19.575937</ele><time>2026-04-04T15:36:17Z</time><extensions><speed>1.243794</speed><course>65.845961</course><hAcc>1.594408</hAcc><vAcc>0.741623</vAcc></extensions></trkpt>
      <trkpt lon="-77.024823" lat="38.902035"><ele>19.582627</ele><time>2026-04-04T15:36:18Z</time><extensions><speed>1.246775</speed><course>65.847932</course><hAcc>1.618035</hAcc><vAcc>0.742278</vAcc></extensions></trkpt>
      <trkpt lon="-77.024810" lat="38.902039"><ele>19.595231</ele><time>2026-04-04T15:36:19Z</time><extensions><speed>1.249520</speed><course>65.850469</course><hAcc>1.639974</hAcc><vAcc>0.743149</vAcc></extensions></trkpt>
      <trkpt lon="-77.024797" lat="38.902044"><ele>19.613386</ele><time>2026-04-04T15:36:20Z</time><extensions><speed>1.248662</speed><course>65.854072</course><hAcc>1.660056</hAcc><vAcc>0.744276</vAcc></extensions></trkpt>
      <trkpt lon="-77.024784" lat="38.902048"><ele>19.636629</ele><time>2026-04-04T15:36:21Z</time><extensions><speed>1.244566</speed><course>65.865227</course><hAcc>1.678025</hAcc><vAcc>0.745686</vAcc></extensions></trkpt>
      <trkpt lon="-77.024771" lat="38.902053"><ele>19.664361</ele><time>2026-04-04T15:36:22Z</time><extensions><speed>1.244099</speed><course>65.878388</course><hAcc>1.693737</hAcc><vAcc>0.747419</vAcc></extensions></trkpt>
      <trkpt lon="-77.024758" lat="38.902058"><ele>19.696537</ele><time>2026-04-04T15:36:23Z</time><extensions><speed>1.245570</speed><course>65.892279</course><hAcc>1.707355</hAcc><vAcc>0.749487</vAcc></extensions></trkpt>
      <trkpt lon="-77.024745" lat="38.902062"><ele>19.732988</ele><time>2026-04-04T15:36:24Z</time><extensions><speed>1.249600</speed><course>65.915157</course><hAcc>1.718928</hAcc><vAcc>0.751873</vAcc></extensions></trkpt>
      <trkpt lon="-77.024732" lat="38.902067"><ele>19.773568</ele><time>2026-04-04T15:36:25Z</time><extensions><speed>1.260908</speed><course>65.943700</course><hAcc>1.728439</hAcc><vAcc>0.754540</vAcc></extensions></trkpt>
      <trkpt lon="-77.024718" lat="38.902071"><ele>19.818201</ele><time>2026-04-04T15:36:26Z</time><extensions><speed>1.269439</speed><course>65.962598</course><hAcc>1.735948</hAcc><vAcc>0.757428</vAcc></extensions></trkpt>
      <trkpt lon="-77.024705" lat="38.902076"><ele>19.866036</ele><time>2026-04-04T15:36:27Z</time><extensions><speed>1.277115</speed><course>65.985155</course><hAcc>1.741488</hAcc><vAcc>0.760481</vAcc></extensions></trkpt>
      <trkpt lon="-77.024691" lat="38.902081"><ele>19.916706</ele><time>2026-04-04T15:36:28Z</time><extensions><speed>1.279726</speed><course>66.024345</course><hAcc>1.745077</hAcc><vAcc>0.763649</vAcc></extensions></trkpt>
      <trkpt lon="-77.024678" lat="38.902085"><ele>19.969241</ele><time>2026-04-04T15:36:29Z</time><extensions><speed>1.275188</speed><course>66.084525</course><hAcc>1.746993</hAcc><vAcc>0.766884</vAcc></extensions></trkpt>
      <trkpt lon="-77.024665" lat="38.902090"><ele>20.022768</ele><time>2026-04-04T15:36:30Z</time><extensions><speed>1.266246</speed><course>66.151231</course><hAcc>1.747534</hAcc><vAcc>0.770174</vAcc></extensions></trkpt>
      <trkpt lon="-77.024651" lat="38.902095"><ele>20.076762</ele><time>2026-04-04T15:36:31Z</time><extensions><speed>1.261801</speed><course>66.220424</course><hAcc>1.747240</hAcc><vAcc>0.773543</vAcc></extensions></trkpt>
      <trkpt lon="-77.024638" lat="38.902099"><ele>20.130960</ele><time>2026-04-04T15:36:32Z</time><extensions><speed>1.258574</speed><course>66.283048</course><hAcc>1.746622</hAcc><vAcc>0.777062</vAcc></extensions></trkpt>
      <trkpt lon="-77.024625" lat="38.902104"><ele>20.185155</ele><time>2026-04-04T15:36:33Z</time><extensions><speed>1.252037</speed><course>66.350739</course><hAcc>1.746100</hAcc><vAcc>0.780866</vAcc></extensions></trkpt>
      <trkpt lon="-77.024611" lat="38.902108"><ele>20.239221</ele><time>2026-04-04T15:36:34Z</time><extensions><speed>1.248401</speed><course>66.422237</course><hAcc>1.746118</hAcc><vAcc>0.785175</vAcc></extensions></trkpt>
      <trkpt lon="-77.024598" lat="38.902113"><ele>20.292631</ele><time>2026-04-04T15:36:35Z</time><extensions><speed>1.245731</speed><course>66.498811</course><hAcc>1.747204</hAcc><vAcc>0.790296</vAcc></extensions></trkpt>
      <trkpt lon="-77.024585" lat="38.902117"><ele>20.345611</ele><time>2026-04-04T15:36:36Z</time><extensions><speed>1.245100</speed><course>66.579356</course><hAcc>1.749995</hAcc><vAcc>0.796634</vAcc></extensions></trkpt>
      <trkpt lon="-77.024572" lat="38.902122"><ele>20.398022</ele><time>2026-04-04T15:36:37Z</time><extensions><speed>1.245920</speed><course>66.664380</course><hAcc>1.755239</hAcc><vAcc>0.804687</vAcc></extensions></trkpt>
      <trkpt lon="-77.024559" lat="38.902126"><ele>20.449657</ele><time>2026-04-04T15:36:38Z</time><extensions><speed>1.244537</speed><course>66.755520</course><hAcc>1.763836</hAcc><vAcc>0.815039</vAcc></extensions></trkpt>
      <trkpt lon="-77.024546" lat="38.902130"><ele>20.500144</ele><time>2026-04-04T15:36:39Z</time><extensions><speed>1.242237</speed><course>66.851737</course><hAcc>1.776835</hAcc><vAcc>0.828345</vAcc></extensions></trkpt>
      <trkpt lon="-77.024532" lat="38.902135"><ele>20.549067</ele><time>2026-04-04T15:36:40Z</time><extensions><speed>1.240922</speed><course>66.950940</course><hAcc>1.795444</hAcc><vAcc>0.845292</vAcc></extensions></trkpt>
      <trkpt lon="-77.024519" lat="38.902139"><ele>20.595973</ele><time>2026-04-04T15:36:41Z</time><extensions><speed>1.242001</speed><course>67.052924</course><hAcc>1.821130</hAcc><vAcc>0.866539</vAcc></extensions></trkpt>
      <trkpt lon="-77.024506" lat="38.902144"><ele>20.640457</ele><time>2026-04-04T15:36:42Z</time><extensions><speed>1.250951</speed><course>67.161901</course><hAcc>1.855704</hAcc><vAcc>0.892636</vAcc></extensions></trkpt>
      <trkpt lon="-77.024492" lat="38.902148"><ele>20.682040</ele><time>2026-04-04T15:36:43Z</time><extensions><speed>1.259525</speed><course>67.259883</course><hAcc>1.901281</hAcc><vAcc>0.923929</vAcc></extensions></trkpt>
      <trkpt lon="-77.024479" lat="38.902153"><ele>20.720297</ele><time>2026-04-04T15:36:44Z</time><extensions><speed>1.267401</speed><course>67.351385</course><hAcc>1.960222</hAcc><vAcc>0.960459</vAcc></extensions></trkpt>
      <trkpt lon="-77.024465" lat="38.902157"><ele>20.754808</ele><time>2026-04-04T15:36:45Z</time><extensions><speed>1.270557</speed><course>67.442308</course><hAcc>2.035163</hAcc><vAcc>1.001872</vAcc></extensions></trkpt>
      <trkpt lon="-77.024451" lat="38.902161"><ele>20.785454</ele><time>2026-04-04T15:36:46Z</time><extensions><speed>1.269705</speed><course>67.551014</course><hAcc>2.129432</hAcc><vAcc>1.047357</vAcc></extensions></trkpt>
      <trkpt lon="-77.024438" lat="38.902166"><ele>20.812430</ele><time>2026-04-04T15:36:47Z</time><extensions><speed>1.265971</speed><course>67.654050</course><hAcc>2.247156</hAcc><vAcc>1.095602</vAcc></extensions></trkpt>
      <trkpt lon="-77.024424" lat="38.902170"><ele>20.836377</ele><time>2026-04-04T15:36:48Z</time><extensions><speed>1.262454</speed><course>67.717760</course><hAcc>2.392490</hAcc><vAcc>1.145001</vAcc></extensions></trkpt>
      <trkpt lon="-77.024411" lat="38.902174"><ele>20.857627</ele><time>2026-04-04T15:36:49Z</time><extensions><speed>1.172970</speed><course>70.144108</course><hAcc>2.466467</hAcc><vAcc>1.194102</vAcc></extensions></trkpt>
      <trkpt lon="-77.024398" lat="38.902177"><ele>20.876866</ele><time>2026-04-04T15:36:50Z</time><extensions><speed>1.207909</speed><course>71.060239</course><hAcc>2.510038</hAcc><vAcc>1.241708</vAcc></extensions></trkpt>
      <trkpt lon="-77.024386" lat="38.902181"><ele>20.894554</ele><time>2026-04-04T15:36:51Z</time><extensions><speed>1.113685</speed><course>71.706542</course><hAcc>2.560667</hAcc><vAcc>1.286924</vAcc></extensions></trkpt>
      <trkpt lon="-77.024374" lat="38.902184"><ele>20.911104</ele><time>2026-04-04T15:36:52Z</time><extensions><speed>0.995014</speed><course>72.130574</course><hAcc>2.616960</hAcc><vAcc>1.329092</vAcc></extensions></trkpt>
      <trkpt lon="-77.024363" lat="38.902187"><ele>20.926878</ele><time>2026-04-04T15:36:53Z</time><extensions><speed>1.026159</speed><course>71.586891</course><hAcc>2.668498</hAcc><vAcc>1.367737</vAcc></extensions></trkpt>
      <trkpt lon="-77.024350" lat="38.902190"><ele>20.942180</ele><time>2026-04-04T15:36:54Z</time><extensions><speed>1.348494</speed><course>71.444254</course><hAcc>2.685076</hAcc><vAcc>1.402528</vAcc></extensions></trkpt>
      <trkpt lon="-77.024335" lat="38.902194"><ele>20.957280</ele><time>2026-04-04T15:36:55Z</time><extensions><speed>1.377436</speed><course>71.701977</course><hAcc>2.701741</hAcc><vAcc>1.433243</vAcc></extensions></trkpt>
      <trkpt lon="-77.024321" lat="38.902198"><ele>20.972440</ele><time>2026-04-04T15:36:56Z</time><extensions><speed>1.230828</speed><course>72.240790</course><hAcc>2.724461</hAcc><vAcc>1.459740</vAcc></extensions></trkpt>
      <trkpt lon="-77.024308" lat="38.902201"><ele>20.987919</ele><time>2026-04-04T15:36:57Z</time><extensions><speed>1.046911</speed><course>72.614000</course><hAcc>2.745127</hAcc><vAcc>1.481931</vAcc></extensions></trkpt>
      <trkpt lon="-77.024296" lat="38.902204"><ele>21.003947</ele><time>2026-04-04T15:36:58Z</time><extensions><speed>1.190527</speed><course>73.717468</course><hAcc>2.730898</hAcc><vAcc>1.499773</vAcc></extensions></trkpt>
      <trkpt lon="-77.024282" lat="38.902207"><ele>21.020708</ele><time>2026-04-04T15:36:59Z</time><extensions><speed>1.324739</speed><course>73.168157</course><hAcc>2.738646</hAcc><vAcc>1.513269</vAcc></extensions></trkpt>
      <trkpt lon="-77.024267" lat="38.902210"><ele>21.038360</ele><time>2026-04-04T15:37:00Z</time><extensions><speed>1.433934</speed><course>72.994645</course><hAcc>2.739228</hAcc><vAcc>1.522478</vAcc></extensions></trkpt>
      <trkpt lon="-77.024251" lat="38.902214"><ele>21.057069</ele><time>2026-04-04T15:37:01Z</time><extensions><speed>1.387963</speed><course>72.861201</course><hAcc>2.731436</hAcc><vAcc>1.527520</vAcc></extensions></trkpt>
      <trkpt lon="-77.024236" lat="38.902218"><ele>21.077033</ele><time>2026-04-04T15:37:02Z</time><extensions><speed>1.420958</speed><course>71.552329</course><hAcc>2.716378</hAcc><vAcc>1.528577</vAcc></extensions></trkpt>
      <trkpt lon="-77.024221" lat="38.902222"><ele>21.098478</ele><time>2026-04-04T15:37:03Z</time><extensions><speed>1.445190</speed><course>67.544676</course><hAcc>2.694412</hAcc><vAcc>1.525904</vAcc></extensions></trkpt>
      <trkpt lon="-77.024205" lat="38.902228"><ele>21.121649</ele><time>2026-04-04T15:37:04Z</time><extensions><speed>1.408210</speed><course>66.556888</course><hAcc>2.665037</hAcc><vAcc>1.519835</vAcc></extensions></trkpt>
      <trkpt lon="-77.024191" lat="38.902232"><ele>21.146790</ele><time>2026-04-04T15:37:05Z</time><extensions><speed>1.252980</speed><course>67.299293</course><hAcc>2.624825</hAcc><vAcc>1.510802</vAcc></extensions></trkpt>
      <trkpt lon="-77.024178" lat="38.902236"><ele>21.174106</ele><time>2026-04-04T15:37:06Z</time><extensions><speed>1.184079</speed><course>68.206257</course><hAcc>2.568565</hAcc><vAcc>1.499338</vAcc></extensions></trkpt>
      <trkpt lon="-77.024166" lat="38.902240"><ele>21.203738</ele><time>2026-04-04T15:37:07Z</time><extensions><speed>1.118003</speed><course>68.764359</course><hAcc>2.497280</hAcc><vAcc>1.486095</vAcc></extensions></trkpt>
      <trkpt lon="-77.024154" lat="38.902244"><ele>21.235781</ele><time>2026-04-04T15:37:08Z</time><extensions><speed>1.117124</speed><course>67.256761</course><hAcc>2.409806</hAcc><vAcc>1.471852</vAcc></extensions></trkpt>
      <trkpt lon="-77.024142" lat="38.902248"><ele>21.270296</ele><time>2026-04-04T15:37:09Z</time><extensions><speed>1.204721</speed><course>61.508006</course><hAcc>2.303386</hAcc><vAcc>1.457530</vAcc></extensions></trkpt>
      <trkpt lon="-77.024131" lat="38.902255"><ele>21.307322</ele><time>2026-04-04T15:37:10Z</time><extensions><speed>1.235033</speed><course>46.119862</course><hAcc>2.182482</hAcc><vAcc>1.444190</vAcc></extensions></trkpt>
      <trkpt lon="-77.024121" lat="38.902263"><ele>21.346885</ele><time>2026-04-04T15:37:11Z</time><extensions><speed>1.234434</speed><course>42.623291</course><hAcc>2.070670</hAcc><vAcc>1.433009</vAcc></extensions></trkpt>
      <trkpt lon="-77.024111" lat="38.902271"><ele>21.388923</ele><time>2026-04-04T15:37:12Z</time><extensions><speed>1.240551</speed><course>43.307807</course><hAcc>2.008792</hAcc><vAcc>1.425000</vAcc></extensions></trkpt>
      <trkpt lon="-77.024102" lat="38.902278"><ele>21.433188</ele><time>2026-04-04T15:37:13Z</time><extensions><speed>1.001815</speed><course>51.202041</course><hAcc>2.005329</hAcc><vAcc>1.420565</vAcc></extensions></trkpt>
      <trkpt lon="-77.024091" lat="38.902280"><ele>21.479324</ele><time>2026-04-04T15:37:14Z</time><extensions><speed>1.015057</speed><course>101.919412</course><hAcc>1.994665</hAcc><vAcc>1.419476</vAcc></extensions></trkpt>
      <trkpt lon="-77.024082" lat="38.902277"><ele>21.527013</ele><time>2026-04-04T15:37:15Z</time><extensions><speed>0.802337</speed><course>123.274868</course><hAcc>2.004989</hAcc><vAcc>1.421151</vAcc></extensions></trkpt>
      <trkpt lon="-77.024081" lat="38.902273"><ele>21.576035</ele><time>2026-04-04T15:37:16Z</time><extensions><speed>0.632690</speed><course>237.359192</course><hAcc>2.034266</hAcc><vAcc>1.424775</vAcc></extensions></trkpt>
      <trkpt lon="-77.024089" lat="38.902270"><ele>21.626215</ele><time>2026-04-04T15:37:17Z</time><extensions><speed>0.885685</speed><course>245.168812</course><hAcc>2.060540</hAcc><vAcc>1.429352</vAcc></extensions></trkpt>
      <trkpt lon="-77.024096" lat="38.902264"><ele>21.677345</ele><time>2026-04-04T15:37:18Z</time><extensions><speed>0.981279</speed><course>203.229835</course><hAcc>2.045839</hAcc><vAcc>1.433824</vAcc></extensions></trkpt>
      <trkpt lon="-77.024095" lat="38.902255"><ele>21.729201</ele><time>2026-04-04T15:37:19Z</time><extensions><speed>1.289833</speed><course>159.378485</course><hAcc>2.040890</hAcc><vAcc>1.437198</vAcc></extensions></trkpt>
      <trkpt lon="-77.024087" lat="38.902244"><ele>21.781551</ele><time>2026-04-04T15:37:20Z</time><extensions><speed>1.431135</speed><course>141.788532</course><hAcc>2.070500</hAcc><vAcc>1.438661</vAcc></extensions></trkpt>
      <trkpt lon="-77.024076" lat="38.902236"><ele>21.834135</ele><time>2026-04-04T15:37:21Z</time><extensions><speed>1.434648</speed><course>125.586586</course><hAcc>2.135136</hAcc><vAcc>1.437649</vAcc></extensions></trkpt>
      <trkpt lon="-77.024061" lat="38.902229"><ele>21.886643</ele><time>2026-04-04T15:37:22Z</time><extensions><speed>1.543407</speed><course>113.719563</course><hAcc>2.219502</hAcc><vAcc>1.433855</vAcc></extensions></trkpt>
      <trkpt lon="-77.024044" lat="38.902223"><ele>21.938701</ele><time>2026-04-04T15:37:23Z</time><extensions><speed>1.633842</speed><course>112.153311</course><hAcc>2.310704</hAcc><vAcc>1.427248</vAcc></extensions></trkpt>
      <trkpt lon="-77.024026" lat="38.902217"><ele>21.989865</ele><time>2026-04-04T15:37:24Z</time><extensions><speed>1.678148</speed><course>115.513262</course><hAcc>2.393209</hAcc><vAcc>1.418084</vAcc></extensions></trkpt>
      <trkpt lon="-77.024010" lat="38.902210"><ele>22.039644</ele><time>2026-04-04T15:37:25Z</time><extensions><speed>1.504340</speed><course>123.045634</course><hAcc>2.456300</hAcc><vAcc>1.406939</vAcc></extensions></trkpt>
      <trkpt lon="-77.023994" lat="38.902204"><ele>22.087557</ele><time>2026-04-04T15:37:26Z</time><extensions><speed>1.638288</speed><course>112.608689</course><hAcc>2.463880</hAcc><vAcc>1.394718</vAcc></extensions></trkpt>
      <trkpt lon="-77.023976" lat="38.902198"><ele>22.133233</ele><time>2026-04-04T15:37:27Z</time><extensions><speed>1.859584</speed><course>108.195026</course><hAcc>2.443908</hAcc><vAcc>1.382634</vAcc></extensions></trkpt>
      <trkpt lon="-77.023955" lat="38.902194"><ele>22.176447</ele><time>2026-04-04T15:37:28Z</time><extensions><speed>1.954562</speed><course>105.486015</course><hAcc>2.403504</hAcc><vAcc>1.372212</vAcc></extensions></trkpt>
      <trkpt lon="-77.023931" lat="38.902189"><ele>22.214268</ele><time>2026-04-04T15:37:29Z</time><extensions><speed>2.022107</speed><course>104.641615</course><hAcc>2.325922</hAcc><vAcc>1.338919</vAcc></extensions></trkpt>
      <trkpt lon="-77.023907" lat="38.902184"><ele>22.249656</ele><time>2026-04-04T15:37:30Z</time><extensions><speed>2.093950</speed><course>101.924878</course><hAcc>2.209770</hAcc><vAcc>1.305582</vAcc></extensions></trkpt>
      <trkpt lon="-77.023882" lat="38.902181"><ele>22.275779</ele><time>2026-04-04T15:37:31Z</time><extensions><speed>2.216485</speed><course>98.314035</course><hAcc>2.054082</hAcc><vAcc>1.272238</vAcc></extensions></trkpt>
      <trkpt lon="-77.023855" lat="38.902178"><ele>22.298347</ele><time>2026-04-04T15:37:32Z</time><extensions><speed>2.453451</speed><course>94.738523</course><hAcc>1.880980</hAcc><vAcc>1.239919</vAcc></extensions></trkpt>
      <trkpt lon="-77.023827" lat="38.902176"><ele>22.312092</ele><time>2026-04-04T15:37:33Z</time><extensions><speed>2.402273</speed><course>96.251842</course><hAcc>1.727944</hAcc><vAcc>1.208608</vAcc></extensions></trkpt>
      <trkpt lon="-77.023800" lat="38.902173"><ele>22.324054</ele><time>2026-04-04T15:37:34Z</time><extensions><speed>2.327579</speed><course>99.790320</course><hAcc>1.617251</hAcc><vAcc>1.178595</vAcc></extensions></trkpt>
      <trkpt lon="-77.023774" lat="38.902169"><ele>22.334110</ele><time>2026-04-04T15:37:35Z</time><extensions><speed>2.220120</speed><course>101.570864</course><hAcc>1.548305</hAcc><vAcc>1.150038</vAcc></extensions></trkpt>
      <trkpt lon="-77.023750" lat="38.902166"><ele>22.344358</ele><time>2026-04-04T15:37:36Z</time><extensions><speed>1.953906</speed><course>97.099792</course><hAcc>1.517150</hAcc><vAcc>1.123287</vAcc></extensions></trkpt>
      <trkpt lon="-77.023727" lat="38.902164"><ele>22.354235</ele><time>2026-04-04T15:37:37Z</time><extensions><speed>1.993659</speed><course>96.247456</course><hAcc>1.480155</hAcc><vAcc>1.098602</vAcc></extensions></trkpt>
      <trkpt lon="-77.023706" lat="38.902162"><ele>22.365292</ele><time>2026-04-04T15:37:38Z</time><extensions><speed>1.675580</speed><course>94.696648</course><hAcc>1.475344</hAcc><vAcc>1.075467</vAcc></extensions></trkpt>
      <trkpt lon="-77.023689" lat="38.902161"><ele>22.376292</ele><time>2026-04-04T15:37:39Z</time><extensions><speed>1.372741</speed><course>95.127579</course><hAcc>1.452523</hAcc><vAcc>1.053735</vAcc></extensions></trkpt>
      <trkpt lon="-77.023674" lat="38.902160"><ele>22.382587</ele><time>2026-04-04T15:37:40Z</time><extensions><speed>1.100455</speed><course>95.285553</course><hAcc>1.436807</hAcc><vAcc>1.033477</vAcc></extensions></trkpt>
      <trkpt lon="-77.023661" lat="38.902159"><ele>22.384861</ele><time>2026-04-04T15:37:41Z</time><extensions><speed>1.233969</speed><course>93.790368</course><hAcc>1.424948</hAcc><vAcc>1.014890</vAcc></extensions></trkpt>
      <trkpt lon="-77.023646" lat="38.902159"><ele>22.386245</ele><time>2026-04-04T15:37:42Z</time><extensions><speed>1.373355</speed><course>92.257493</course><hAcc>1.428556</hAcc><vAcc>0.997739</vAcc></extensions></trkpt>
      <trkpt lon="-77.023630" lat="38.902158"><ele>22.385799</ele><time>2026-04-04T15:37:43Z</time><extensions><speed>1.403979</speed><course>91.399991</course><hAcc>1.429529</hAcc><vAcc>0.982165</vAcc></extensions></trkpt>
      <trkpt lon="-77.023613" lat="38.902158"><ele>22.386796</ele><time>2026-04-04T15:37:44Z</time><extensions><speed>1.475788</speed><course>90.868983</course><hAcc>1.421488</hAcc><vAcc>0.968011</vAcc></extensions></trkpt>
      <trkpt lon="-77.023596" lat="38.902158"><ele>22.388185</ele><time>2026-04-04T15:37:45Z</time><extensions><speed>1.445373</speed><course>90.574486</course><hAcc>1.414493</hAcc><vAcc>0.955238</vAcc></extensions></trkpt>
      <trkpt lon="-77.023580" lat="38.902158"><ele>22.390375</ele><time>2026-04-04T15:37:46Z</time><extensions><speed>1.361146</speed><course>90.365007</course><hAcc>1.415449</hAcc><vAcc>0.943810</vAcc></extensions></trkpt>
      <trkpt lon="-77.023565" lat="38.902158"><ele>22.392808</ele><time>2026-04-04T15:37:47Z</time><extensions><speed>1.245969</speed><course>90.210707</course><hAcc>1.425327</hAcc><vAcc>0.933537</vAcc></extensions></trkpt>
      <trkpt lon="-77.023551" lat="38.902158"><ele>22.403024</ele><time>2026-04-04T15:37:48Z</time><extensions><speed>1.052986</speed><course>90.116424</course><hAcc>1.448201</hAcc><vAcc>0.924221</vAcc></extensions></trkpt>
      <trkpt lon="-77.023539" lat="38.902158"><ele>22.432157</ele><time>2026-04-04T15:37:49Z</time><extensions><speed>1.011283</speed><course>89.992420</course><hAcc>1.493380</hAcc><vAcc>0.916280</vAcc></extensions></trkpt>
      <trkpt lon="-77.023527" lat="38.902158"><ele>22.444929</ele><time>2026-04-04T15:37:50Z</time><extensions><speed>1.188552</speed><course>89.871143</course><hAcc>1.569256</hAcc><vAcc>0.916515</vAcc></extensions></trkpt>
      <trkpt lon="-77.023512" lat="38.902158"><ele>22.455666</ele><time>2026-04-04T15:37:51Z</time><extensions><speed>1.340324</speed><course>89.808953</course><hAcc>1.675854</hAcc><vAcc>0.922048</vAcc></extensions></trkpt>
      <trkpt lon="-77.023496" lat="38.902158"><ele>22.466646</ele><time>2026-04-04T15:37:52Z</time><extensions><speed>1.387481</speed><course>89.782211</course><hAcc>1.786563</hAcc><vAcc>0.933935</vAcc></extensions></trkpt>
      <trkpt lon="-77.023480" lat="38.902158"><ele>22.471696</ele><time>2026-04-04T15:37:53Z</time><extensions><speed>1.378240</speed><course>89.775422</course><hAcc>1.885347</hAcc><vAcc>0.953175</vAcc></extensions></trkpt>
      <trkpt lon="-77.023464" lat="38.902158"><ele>22.476631</ele><time>2026-04-04T15:37:54Z</time><extensions><speed>1.348508</speed><course>89.792537</course><hAcc>1.977257</hAcc><vAcc>0.980841</vAcc></extensions></trkpt>
      <trkpt lon="-77.023449" lat="38.902158"><ele>22.482951</ele><time>2026-04-04T15:37:55Z</time><extensions><speed>1.219026</speed><course>89.880332</course><hAcc>2.064621</hAcc><vAcc>1.016970</vAcc></extensions></trkpt>
      <trkpt lon="-77.023436" lat="38.902158"><ele>22.487547</ele><time>2026-04-04T15:37:56Z</time><extensions><speed>1.059448</speed><course>89.856609</course><hAcc>2.155153</hAcc><vAcc>1.061809</vAcc></extensions></trkpt>
      <trkpt lon="-77.023424" lat="38.902158"><ele>22.485522</ele><time>2026-04-04T15:37:57Z</time><extensions><speed>1.035611</speed><course>89.940281</course><hAcc>2.251346</hAcc><vAcc>1.113787</vAcc></extensions></trkpt>
      <trkpt lon="-77.023411" lat="38.902158"><ele>22.483698</ele><time>2026-04-04T15:37:58Z</time><extensions><speed>1.147226</speed><course>89.980141</course><hAcc>2.355894</hAcc><vAcc>1.172109</vAcc></extensions></trkpt>
      <trkpt lon="-77.023397" lat="38.902158"><ele>22.481383</ele><time>2026-04-04T15:37:59Z</time><extensions><speed>1.276788</speed><course>90.018392</course><hAcc>2.462093</hAcc><vAcc>1.235342</vAcc></extensions></trkpt>
      <trkpt lon="-77.023381" lat="38.902158"><ele>22.476780</ele><time>2026-04-04T15:38:00Z</time><extensions><speed>1.331380</speed><course>90.113129</course><hAcc>2.542760</hAcc><vAcc>1.302901</vAcc></extensions></trkpt>
      <trkpt lon="-77.023365" lat="38.902158"><ele>22.473789</ele><time>2026-04-04T15:38:01Z</time><extensions><speed>1.321522</speed><course>90.036875</course><hAcc>2.601422</hAcc><vAcc>1.368765</vAcc></extensions></trkpt>
      <trkpt lon="-77.023350" lat="38.902158"><ele>22.468301</ele><time>2026-04-04T15:38:02Z</time><extensions><speed>1.300066</speed><course>90.028736</course><hAcc>2.673556</hAcc><vAcc>1.434283</vAcc></extensions></trkpt>
      <trkpt lon="-77.023334" lat="38.902158"><ele>22.459221</ele><time>2026-04-04T15:38:03Z</time><extensions><speed>1.219092</speed><course>90.086294</course><hAcc>2.693589</hAcc><vAcc>1.496421</vAcc></extensions></trkpt>
      <trkpt lon="-77.023316" lat="38.902165"><ele>22.301746</ele><time>2026-04-04T15:38:04Z</time><extensions><speed>1.289703</speed><course>81.572118</course><hAcc>2.407879</hAcc><vAcc>1.357216</vAcc></extensions></trkpt>
      <trkpt lon="-77.023301" lat="38.902167"><ele>22.275026</ele><time>2026-04-04T15:38:05Z</time><extensions><speed>1.294016</speed><course>81.436701</course><hAcc>2.349476</hAcc><vAcc>1.401484</vAcc></extensions></trkpt>
      <trkpt lon="-77.023286" lat="38.902169"><ele>22.246812</ele><time>2026-04-04T15:38:06Z</time><extensions><speed>1.300287</speed><course>81.262652</course><hAcc>2.313860</hAcc><vAcc>1.443079</vAcc></extensions></trkpt>
      <trkpt lon="-77.023271" lat="38.902171"><ele>22.217230</ele><time>2026-04-04T15:38:07Z</time><extensions><speed>1.306090</speed><course>81.038012</course><hAcc>2.295293</hAcc><vAcc>1.481797</vAcc></extensions></trkpt>
      <trkpt lon="-77.023257" lat="38.902173"><ele>22.186433</ele><time>2026-04-04T15:38:08Z</time><extensions><speed>1.308916</speed><course>80.746282</course><hAcc>2.288860</hAcc><vAcc>1.517564</vAcc></extensions></trkpt>
      <trkpt lon="-77.023242" lat="38.902175"><ele>22.154485</ele><time>2026-04-04T15:38:09Z</time><extensions><speed>1.307287</speed><course>80.373734</course><hAcc>2.290521</hAcc><vAcc>1.550399</vAcc></extensions></trkpt>
      <trkpt lon="-77.023227" lat="38.902177"><ele>22.121577</ele><time>2026-04-04T15:38:10Z</time><extensions><speed>1.302230</speed><course>79.913899</course><hAcc>2.297075</hAcc><vAcc>1.580389</vAcc></extensions></trkpt>
      <trkpt lon="-77.023212" lat="38.902179"><ele>22.087669</ele><time>2026-04-04T15:38:11Z</time><extensions><speed>1.295918</speed><course>79.313595</course><hAcc>2.306220</hAcc><vAcc>1.607676</vAcc></extensions></trkpt>
      <trkpt lon="-77.023197" lat="38.902181"><ele>22.052919</ele><time>2026-04-04T15:38:12Z</time><extensions><speed>1.290970</speed><course>78.677296</course><hAcc>2.316631</hAcc><vAcc>1.632438</vAcc></extensions></trkpt>
      <trkpt lon="-77.023183" lat="38.902183"><ele>22.017570</ele><time>2026-04-04T15:38:13Z</time><extensions><speed>1.288092</speed><course>78.018031</course><hAcc>2.327481</hAcc><vAcc>1.654877</vAcc></extensions></trkpt>
      <trkpt lon="-77.023168" lat="38.902186"><ele>21.981657</ele><time>2026-04-04T15:38:14Z</time><extensions><speed>1.290169</speed><course>77.371370</course><hAcc>2.338294</hAcc><vAcc>1.675203</vAcc></extensions></trkpt>
      <trkpt lon="-77.023154" lat="38.902188"><ele>21.945363</ele><time>2026-04-04T15:38:15Z</time><extensions><speed>1.290836</speed><course>76.688504</course><hAcc>2.348882</hAcc><vAcc>1.693624</vAcc></extensions></trkpt>
      <trkpt lon="-77.023139" lat="38.902191"><ele>21.908784</ele><time>2026-04-04T15:38:16Z</time><extensions><speed>1.290254</speed><course>75.976847</course><hAcc>2.359293</hAcc><vAcc>1.710336</vAcc></extensions></trkpt>
      <trkpt lon="-77.023125" lat="38.902194"><ele>21.872137</ele><time>2026-04-04T15:38:17Z</time><extensions><speed>1.289623</speed><course>75.206904</course><hAcc>2.369844</hAcc><vAcc>1.725527</vAcc></extensions></trkpt>
      <trkpt lon="-77.023111" lat="38.902197"><ele>21.835376</ele><time>2026-04-04T15:38:18Z</time><extensions><speed>1.289998</speed><course>74.450898</course><hAcc>2.381231</hAcc><vAcc>1.739377</vAcc></extensions></trkpt>
      <trkpt lon="-77.023096" lat="38.902200"><ele>21.798723</ele><time>2026-04-04T15:38:19Z</time><extensions><speed>1.289207</speed><course>73.688807</course><hAcc>2.394417</hAcc><vAcc>1.752046</vAcc></extensions></trkpt>
      <trkpt lon="-77.023082" lat="38.902204"><ele>21.762165</ele><time>2026-04-04T15:38:20Z</time><extensions><speed>1.286477</speed><course>72.920771</course><hAcc>2.410666</hAcc><vAcc>1.763672</vAcc></extensions></trkpt>
      <trkpt lon="-77.023068" lat="38.902207"><ele>21.725923</ele><time>2026-04-04T15:38:21Z</time><extensions><speed>1.283705</speed><course>72.182750</course><hAcc>2.431594</hAcc><vAcc>1.774362</vAcc></extensions></trkpt>
      <trkpt lon="-77.023054" lat="38.902211"><ele>21.690056</ele><time>2026-04-04T15:38:22Z</time><extensions><speed>1.282444</speed><course>71.511070</course><hAcc>2.459246</hAcc><vAcc>1.784201</vAcc></extensions></trkpt>
      <trkpt lon="-77.023040" lat="38.902214"><ele>21.654696</ele><time>2026-04-04T15:38:23Z</time><extensions><speed>1.283331</speed><course>70.923761</course><hAcc>2.496184</hAcc><vAcc>1.793249</vAcc></extensions></trkpt>
      <trkpt lon="-77.023026" lat="38.902218"><ele>21.619977</ele><time>2026-04-04T15:38:24Z</time><extensions><speed>1.287403</speed><course>70.476648</course><hAcc>2.545551</hAcc><vAcc>1.801556</vAcc></extensions></trkpt>
      <trkpt lon="-77.023012" lat="38.902222"><ele>21.586159</ele><time>2026-04-04T15:38:25Z</time><extensions><speed>1.294126</speed><course>70.074632</course><hAcc>2.611287</hAcc><vAcc>1.809166</vAcc></extensions></trkpt>
      <trkpt lon="-77.022998" lat="38.902226"><ele>21.553263</ele><time>2026-04-04T15:38:26Z</time><extensions><speed>1.299444</speed><course>69.792419</course><hAcc>2.698208</hAcc><vAcc>1.816131</vAcc></extensions></trkpt>
      <trkpt lon="-77.022984" lat="38.902230"><ele>21.521429</ele><time>2026-04-04T15:38:27Z</time><extensions><speed>1.304664</speed><course>69.678939</course><hAcc>2.811502</hAcc><vAcc>1.822504</vAcc></extensions></trkpt>
      <trkpt lon="-77.022969" lat="38.902235"><ele>21.490658</ele><time>2026-04-04T15:38:28Z</time><extensions><speed>1.494287</speed><course>69.111624</course><hAcc>2.857849</hAcc><vAcc>1.828430</vAcc></extensions></trkpt>
      <trkpt lon="-77.022953" lat="38.902239"><ele>21.461224</ele><time>2026-04-04T15:38:29Z</time><extensions><speed>1.388074</speed><course>71.176549</course><hAcc>2.870167</hAcc><vAcc>1.833879</vAcc></extensions></trkpt>
      <trkpt lon="-77.022939" lat="38.902243"><ele>21.433215</ele><time>2026-04-04T15:38:30Z</time><extensions><speed>1.255183</speed><course>65.230728</course><hAcc>2.861518</hAcc><vAcc>1.838905</vAcc></extensions></trkpt>
      <trkpt lon="-77.022927" lat="38.902248"><ele>21.406698</ele><time>2026-04-04T15:38:31Z</time><extensions><speed>1.118804</speed><course>59.379937</course><hAcc>2.858641</hAcc><vAcc>1.843568</vAcc></extensions></trkpt>
      <trkpt lon="-77.022915" lat="38.902253"><ele>21.381711</ele><time>2026-04-04T15:38:32Z</time><extensions><speed>1.172973</speed><course>65.645059</course><hAcc>2.878501</hAcc><vAcc>1.847932</vAcc></extensions></trkpt>
      <trkpt lon="-77.022901" lat="38.902257"><ele>21.358270</ele><time>2026-04-04T15:38:33Z</time><extensions><speed>1.433963</speed><course>72.613380</course><hAcc>2.896048</hAcc><vAcc>1.852060</vAcc></extensions></trkpt>
      <trkpt lon="-77.022885" lat="38.902261"><ele>21.336272</ele><time>2026-04-04T15:38:34Z</time><extensions><speed>1.431733</speed><course>74.441993</course><hAcc>2.910146</hAcc><vAcc>1.856016</vAcc></extensions></trkpt>
      <trkpt lon="-77.022870" lat="38.902264"><ele>21.315651</ele><time>2026-04-04T15:38:35Z</time><extensions><speed>1.393961</speed><course>75.643667</course><hAcc>2.922631</hAcc><vAcc>1.859836</vAcc></extensions></trkpt>
      <trkpt lon="-77.022854" lat="38.902267"><ele>21.296297</ele><time>2026-04-04T15:38:36Z</time><extensions><speed>1.313535</speed><course>76.223665</course><hAcc>2.934548</hAcc><vAcc>1.863565</vAcc></extensions></trkpt>
      <trkpt lon="-77.022840" lat="38.902270"><ele>21.278093</ele><time>2026-04-04T15:38:37Z</time><extensions><speed>1.251820</speed><course>76.996040</course><hAcc>2.947362</hAcc><vAcc>1.867245</vAcc></extensions></trkpt>
      <trkpt lon="-77.022827" lat="38.902272"><ele>21.260926</ele><time>2026-04-04T15:38:38Z</time><extensions><speed>1.157737</speed><course>77.492771</course><hAcc>2.961943</hAcc><vAcc>1.870912</vAcc></extensions></trkpt>
      <trkpt lon="-77.022814" lat="38.902274"><ele>21.244682</ele><time>2026-04-04T15:38:39Z</time><extensions><speed>1.060535</speed><course>77.762522</course><hAcc>2.976894</hAcc><vAcc>1.874594</vAcc></extensions></trkpt>
      <trkpt lon="-77.022802" lat="38.902276"><ele>21.229252</ele><time>2026-04-04T15:38:40Z</time><extensions><speed>1.143620</speed><course>79.788647</course><hAcc>2.992328</hAcc><vAcc>1.878310</vAcc></extensions></trkpt>
      <trkpt lon="-77.022788" lat="38.902278"><ele>21.214551</ele><time>2026-04-04T15:38:41Z</time><extensions><speed>1.225523</speed><course>81.544180</course><hAcc>3.011893</hAcc><vAcc>1.882072</vAcc></extensions></trkpt>
      <trkpt lon="-77.022774" lat="38.902280"><ele>21.200531</ele><time>2026-04-04T15:38:42Z</time><extensions><speed>1.290218</speed><course>83.119003</course><hAcc>3.037815</hAcc><vAcc>1.885878</vAcc></extensions></trkpt>
      <trkpt lon="-77.022759" lat="38.902281"><ele>21.187183</ele><time>2026-04-04T15:38:43Z</time><extensions><speed>1.349216</speed><course>84.432693</course><hAcc>3.070365</hAcc><vAcc>1.889723</vAcc></extensions></trkpt>
      <trkpt lon="-77.022744" lat="38.902282"><ele>21.174515</ele><time>2026-04-04T15:38:44Z</time><extensions><speed>1.261217</speed><course>85.660220</course><hAcc>3.105894</hAcc><vAcc>1.893602</vAcc></extensions></trkpt>
      <trkpt lon="-77.022730" lat="38.902283"><ele>21.162532</ele><time>2026-04-04T15:38:45Z</time><extensions><speed>1.033689</speed><course>83.522010</course><hAcc>3.113026</hAcc><vAcc>1.897520</vAcc></extensions></trkpt>
      <trkpt lon="-77.022720" lat="38.902284"><ele>21.151239</ele><time>2026-04-04T15:38:46Z</time><extensions><speed>0.752756</speed><course>78.967310</course><hAcc>3.118193</hAcc><vAcc>1.901501</vAcc></extensions></trkpt>
      <trkpt lon="-77.022713" lat="38.902285"><ele>21.140641</ele><time>2026-04-04T15:38:47Z</time><extensions><speed>0.527587</speed><course>73.370355</course><hAcc>3.139477</hAcc><vAcc>1.905593</vAcc></extensions></trkpt>
      <trkpt lon="-77.022709" lat="38.902287"><ele>21.130739</ele><time>2026-04-04T15:38:48Z</time><extensions><speed>0.308825</speed><course>57.664535</course><hAcc>3.162991</hAcc><vAcc>1.909864</vAcc></extensions></trkpt>
      <trkpt lon="-77.022706" lat="38.902288"><ele>21.121529</ele><time>2026-04-04T15:38:49Z</time><extensions><speed>0.233796</speed><course>45.687899</course><hAcc>3.199435</hAcc><vAcc>1.914400</vAcc></extensions></trkpt>
      <trkpt lon="-77.022705" lat="38.902290"><ele>21.112996</ele><time>2026-04-04T15:38:50Z</time><extensions><speed>0.165840</speed><course>26.443785</course><hAcc>3.247278</hAcc><vAcc>1.919297</vAcc></extensions></trkpt>
      <trkpt lon="-77.022704" lat="38.902291"><ele>21.105121</ele><time>2026-04-04T15:38:51Z</time><extensions><speed>0.134737</speed><course>12.557447</course><hAcc>3.292417</hAcc><vAcc>1.924655</vAcc></extensions></trkpt>
      <trkpt lon="-77.022704" lat="38.902292"><ele>21.097884</ele><time>2026-04-04T15:38:52Z</time><extensions><speed>0.115054</speed><course>1.927965</course><hAcc>3.330594</hAcc><vAcc>1.930580</vAcc></extensions></trkpt>
      <trkpt lon="-77.022704" lat="38.902293"><ele>21.091250</ele><time>2026-04-04T15:38:53Z</time><extensions><speed>0.109728</speed><course>333.386560</course><hAcc>3.362612</hAcc><vAcc>1.937191</vAcc></extensions></trkpt>
      <trkpt lon="-77.022705" lat="38.902294"><ele>21.085165</ele><time>2026-04-04T15:38:54Z</time><extensions><speed>0.099565</speed><course>328.633296</course><hAcc>3.383757</hAcc><vAcc>1.944626</vAcc></extensions></trkpt>
      <trkpt lon="-77.022705" lat="38.902294"><ele>21.079554</ele><time>2026-04-04T15:38:55Z</time><extensions><speed>0.081304</speed><course>335.732415</course><hAcc>3.397036</hAcc><vAcc>1.953052</vAcc></extensions></trkpt>
      <trkpt lon="-77.022706" lat="38.902295"><ele>21.074334</ele><time>2026-04-04T15:38:56Z</time><extensions><speed>0.066910</speed><course>344.237788</course><hAcc>3.405404</hAcc><vAcc>1.962659</vAcc></extensions></trkpt>
      <trkpt lon="-77.022706" lat="38.902296"><ele>21.069417</ele><time>2026-04-04T15:38:57Z</time><extensions><speed>0.073578</speed><course>39.496826</course><hAcc>3.408763</hAcc><vAcc>1.973661</vAcc></extensions></trkpt>
      <trkpt lon="-77.022705" lat="38.902296"><ele>21.064716</ele><time>2026-04-04T15:38:58Z</time><extensions><speed>0.073816</speed><course>48.102724</course><hAcc>3.416050</hAcc><vAcc>1.986301</vAcc></extensions></trkpt>
      <trkpt lon="-77.022705" lat="38.902297"><ele>21.060141</ele><time>2026-04-04T15:38:59Z</time><extensions><speed>0.042319</speed><course>359.667841</course><hAcc>3.428279</hAcc><vAcc>2.000856</vAcc></extensions></trkpt>
      <trkpt lon="-77.022705" lat="38.902297"><ele>21.055606</ele><time>2026-04-04T15:39:00Z</time><extensions><speed>0.044426</speed><course>324.837116</course><hAcc>3.438758</hAcc><vAcc>2.017649</vAcc></extensions></trkpt>
      <trkpt lon="-77.022705" lat="38.902297"><ele>21.051034</ele><time>2026-04-04T15:39:01Z</time><extensions><speed>0.037088</speed><course>327.404296</course><hAcc>3.445176</hAcc><vAcc>2.037054</vAcc></extensions></trkpt>
      <trkpt lon="-77.022705" lat="38.902297"><ele>21.046359</ele><time>2026-04-04T15:39:02Z</time><extensions><speed>0.033030</speed><course>35.135628</course><hAcc>3.450033</hAcc><vAcc>2.059505</vAcc></extensions></trkpt>
      <trkpt lon="-77.022705" lat="38.902298"><ele>21.041534</ele><time>2026-04-04T15:39:03Z</time><extensions><speed>0.024250</speed><course>344.158891</course><hAcc>3.460595</hAcc><vAcc>2.085498</vAcc></extensions></trkpt>
      <trkpt lon="-77.022705" lat="38.902298"><ele>21.036535</ele><time>2026-04-04T15:39:04Z</time><extensions><speed>0.020094</speed><course>0.260965</course><hAcc>3.472177</hAcc><vAcc>2.115582</vAcc></extensions></trkpt>
      <trkpt lon="-77.022705" lat="38.902298"><ele>21.031357</ele><time>2026-04-04T15:39:05Z</time><extensions><speed>0.026761</speed><course>49.952638</course><hAcc>3.486183</hAcc><vAcc>2.150371</vAcc></extensions></trkpt>
      <trkpt lon="-77.022705" lat="38.902298"><ele>21.026007</ele><time>2026-04-04T15:39:06Z</time><extensions><speed>0.025415</speed><course>54.674020</course><hAcc>3.507020</hAcc><vAcc>2.190544</vAcc></extensions></trkpt>
      <trkpt lon="-77.022704" lat="38.902298"><ele>21.020499</ele><time>2026-04-04T15:39:07Z</time><extensions><speed>0.034950</speed><course>69.297992</course><hAcc>3.533636</hAcc><vAcc>2.236854</vAcc></extensions></trkpt>
      <trkpt lon="-77.022704" lat="38.902298"><ele>20.999729</ele><time>2026-04-04T15:39:08Z</time><extensions><speed>0.061213</speed><course>80.270172</course><hAcc>3.528085</hAcc><vAcc>2.236403</vAcc></extensions></trkpt>
      <trkpt lon="-77.022703" lat="38.902298"><ele>20.979162</ele><time>2026-04-04T15:39:09Z</time><extensions><speed>0.122661</speed><course>86.167295</course><hAcc>3.519803</hAcc><vAcc>2.235904</vAcc></extensions></trkpt>
      <trkpt lon="-77.022702" lat="38.902299"><ele>20.958953</ele><time>2026-04-04T15:39:10Z</time><extensions><speed>0.167294</speed><course>87.818702</course><hAcc>3.516622</hAcc><vAcc>2.235937</vAcc></extensions></trkpt>
      <trkpt lon="-77.022700" lat="38.902299"><ele>20.939025</ele><time>2026-04-04T15:39:11Z</time><extensions><speed>0.124302</speed><course>87.487217</course><hAcc>3.526979</hAcc><vAcc>2.236166</vAcc></extensions></trkpt>
      <trkpt lon="-77.022699" lat="38.902299"><ele>20.919506</ele><time>2026-04-04T15:39:12Z</time><extensions><speed>0.027215</speed><course>79.221967</course><hAcc>3.538496</hAcc><vAcc>2.237117</vAcc></extensions></trkpt>
      <trkpt lon="-77.022699" lat="38.902299"><ele>20.905347</ele><time>2026-04-04T15:39:13Z</time><extensions><speed>0.013542</speed><course>292.722810</course><hAcc>3.524899</hAcc><vAcc>2.238010</vAcc></extensions></trkpt>
      <trkpt lon="-77.022700" lat="38.902299"><ele>20.895977</ele><time>2026-04-04T15:39:14Z</time><extensions><speed>0.026337</speed><course>280.771279</course><hAcc>3.510582</hAcc><vAcc>2.237578</vAcc></extensions></trkpt>
      <trkpt lon="-77.022700" lat="38.902299"><ele>20.887136</ele><time>2026-04-04T15:39:15Z</time><extensions><speed>0.024579</speed><course>280.316969</course><hAcc>3.501517</hAcc><vAcc>2.236732</vAcc></extensions></trkpt>
      <trkpt lon="-77.022701" lat="38.902299"><ele>20.878382</ele><time>2026-04-04T15:39:16Z</time><extensions><speed>0.022627</speed><course>279.929064</course><hAcc>3.495987</hAcc><vAcc>2.235545</vAcc></extensions></trkpt>
      <trkpt lon="-77.022701" lat="38.902299"><ele>20.871332</ele><time>2026-04-04T15:39:17Z</time><extensions><speed>0.013262</speed><course>284.558047</course><hAcc>3.492694</hAcc><vAcc>2.234458</vAcc></extensions></trkpt>
      <trkpt lon="-77.022701" lat="38.902299"><ele>20.864432</ele><time>2026-04-04T15:39:18Z</time><extensions><speed>0.024222</speed><course>277.271171</course><hAcc>3.492539</hAcc><vAcc>2.234024</vAcc></extensions></trkpt>
      <trkpt lon="-77.022702" lat="38.902299"><ele>20.858104</ele><time>2026-04-04T15:39:19Z</time><extensions><speed>0.027641</speed><course>275.661418</course><hAcc>3.493851</hAcc><vAcc>2.234017</vAcc></extensions></trkpt>
      <trkpt lon="-77.022702" lat="38.902299"><ele>20.853113</ele><time>2026-04-04T15:39:20Z</time><extensions><speed>0.027336</speed><course>274.983477</course><hAcc>3.496183</hAcc><vAcc>2.233552</vAcc></extensions></trkpt>
      <trkpt lon="-77.022702" lat="38.902299"><ele>20.848662</ele><time>2026-04-04T15:39:21Z</time><extensions><speed>0.024460</speed><course>274.763890</course><hAcc>3.498124</hAcc><vAcc>2.234075</vAcc></extensions></trkpt>
      <trkpt lon="-77.022703" lat="38.902299"><ele>20.844816</ele><time>2026-04-04T15:39:22Z</time><extensions><speed>0.019429</speed><course>275.123730</course><hAcc>3.496760</hAcc><vAcc>2.234612</vAcc></extensions></trkpt>
      <trkpt lon="-77.022703" lat="38.902299"><ele>20.841521</ele><time>2026-04-04T15:39:23Z</time><extensions><speed>0.009524</speed><course>278.628918</course><hAcc>3.491647</hAcc><vAcc>2.235745</vAcc></extensions></trkpt>
      <trkpt lon="-77.022703" lat="38.902299"><ele>20.838768</ele><time>2026-04-04T15:39:24Z</time><extensions><speed>0.002613</speed><course>63.727930</course><hAcc>3.484846</hAcc><vAcc>2.236709</vAcc></extensions></trkpt>
      <trkpt lon="-77.022703" lat="38.902299"><ele>20.838131</ele><time>2026-04-04T15:39:25Z</time><extensions><speed>0.005567</speed><course>281.867227</course><hAcc>3.484037</hAcc><vAcc>2.237636</vAcc></extensions></trkpt>
      <trkpt lon="-77.022703" lat="38.902299"><ele>20.837874</ele><time>2026-04-04T15:39:26Z</time><extensions><speed>0.001969</speed><course>299.514193</course><hAcc>3.486704</hAcc><vAcc>2.239198</vAcc></extensions></trkpt>
      <trkpt lon="-77.022703" lat="38.902299"><ele>20.834394</ele><time>2026-04-04T15:39:27Z</time><extensions><speed>0.000832</speed><course>0.815615</course><hAcc>3.490510</hAcc><vAcc>2.241074</vAcc></extensions></trkpt>
      <trkpt lon="-77.022703" lat="38.902299"><ele>20.831254</ele><time>2026-04-04T15:39:28Z</time><extensions><speed>0.008290</speed><course>85.771364</course><hAcc>3.494257</hAcc><vAcc>2.243345</vAcc></extensions></trkpt>
      <trkpt lon="-77.022703" lat="38.902299"><ele>20.828424</ele><time>2026-04-04T15:39:29Z</time><extensions><speed>0.005466</speed><course>84.136593</course><hAcc>3.497968</hAcc><vAcc>2.245968</vAcc></extensions></trkpt>
      <trkpt lon="-77.022703" lat="38.902299"><ele>20.825864</ele><time>2026-04-04T15:39:30Z</time><extensions><speed>0.017283</speed><course>88.979180</course><hAcc>3.500192</hAcc><vAcc>2.248720</vAcc></extensions></trkpt>
      <trkpt lon="-77.022703" lat="38.902299"><ele>20.823538</ele><time>2026-04-04T15:39:31Z</time><extensions><speed>0.001358</speed><course>291.894675</course><hAcc>3.503313</hAcc><vAcc>2.251320</vAcc></extensions></trkpt>
      <trkpt lon="-77.022703" lat="38.902299"><ele>20.821418</ele><time>2026-04-04T15:39:32Z</time><extensions><speed>0.009239</speed><course>273.473859</course><hAcc>3.505767</hAcc><vAcc>2.254153</vAcc></extensions></trkpt>
      <trkpt lon="-77.022704" lat="38.902299"><ele>20.819478</ele><time>2026-04-04T15:39:33Z</time><extensions><speed>0.011356</speed><course>272.704474</course><hAcc>3.507228</hAcc><vAcc>2.257608</vAcc></extensions></trkpt>
      <trkpt lon="-77.022704" lat="38.902299"><ele>20.817701</ele><time>2026-04-04T15:39:34Z</time><extensions><speed>0.009090</speed><course>272.873710</course><hAcc>3.507356</hAcc><vAcc>2.263359</vAcc></extensions></trkpt>
      <trkpt lon="-77.022704" lat="38.902299"><ele>20.816052</ele><time>2026-04-04T15:39:35Z</time><extensions><speed>0.001302</speed><course>283.393949</course><hAcc>3.506404</hAcc><vAcc>2.268219</vAcc></extensions></trkpt>
      <trkpt lon="-77.022704" lat="38.902299"><ele>20.814519</ele><time>2026-04-04T15:39:36Z</time><extensions><speed>0.000479</speed><course>59.648643</course><hAcc>3.505306</hAcc><vAcc>2.273109</vAcc></extensions></trkpt>
      <trkpt lon="-77.022704" lat="38.902299"><ele>20.813093</ele><time>2026-04-04T15:39:37Z</time><extensions><speed>0.000455</speed><course>62.332358</course><hAcc>3.504343</hAcc><vAcc>2.278759</vAcc></extensions></trkpt>
      <trkpt lon="-77.022704" lat="38.902299"><ele>20.811767</ele><time>2026-04-04T15:39:38Z</time><extensions><speed>0.006959</speed><course>272.400910</course><hAcc>3.503689</hAcc><vAcc>2.284593</vAcc></extensions></trkpt>
      <trkpt lon="-77.022704" lat="38.902299"><ele>20.810535</ele><time>2026-04-04T15:39:39Z</time><extensions><speed>0.009630</speed><course>271.822676</course><hAcc>3.502061</hAcc><vAcc>2.289882</vAcc></extensions></trkpt>
      <trkpt lon="-77.022704" lat="38.902299"><ele>20.809393</ele><time>2026-04-04T15:39:40Z</time><extensions><speed>0.010120</speed><course>271.653601</course><hAcc>3.498719</hAcc><vAcc>2.294530</vAcc></extensions></trkpt>
      <trkpt lon="-77.022704" lat="38.902299"><ele>20.808339</ele><time>2026-04-04T15:39:41Z</time><extensions><speed>0.009681</speed><course>271.582155</course><hAcc>3.493627</hAcc><vAcc>2.299675</vAcc></extensions></trkpt>
      <trkpt lon="-77.022705" lat="38.902299"><ele>20.805508</ele><time>2026-04-04T15:39:42Z</time><extensions><speed>0.009397</speed><course>271.505108</course><hAcc>3.487420</hAcc><vAcc>2.302818</vAcc></extensions></trkpt>
      <trkpt lon="-77.022705" lat="38.902299"><ele>20.802839</ele><time>2026-04-04T15:39:43Z</time><extensions><speed>0.008989</speed><course>271.442039</course><hAcc>3.480374</hAcc><vAcc>2.304913</vAcc></extensions></trkpt>
      <trkpt lon="-77.022705" lat="38.902299"><ele>20.800237</ele><time>2026-04-04T15:39:44Z</time><extensions><speed>0.008683</speed><course>271.376892</course><hAcc>3.472424</hAcc><vAcc>2.307989</vAcc></extensions></trkpt>
      <trkpt lon="-77.022705" lat="38.902299"><ele>20.795682</ele><time>2026-04-04T15:39:45Z</time><extensions><speed>0.008512</speed><course>271.314641</course><hAcc>3.464540</hAcc><vAcc>2.309449</vAcc></extensions></trkpt>
      <trkpt lon="-77.022705" lat="38.902299"><ele>20.791253</ele><time>2026-04-04T15:39:46Z</time><extensions><speed>0.008134</speed><course>271.255551</course><hAcc>3.460682</hAcc><vAcc>2.311346</vAcc></extensions></trkpt>
      <trkpt lon="-77.022705" lat="38.902299"><ele>20.787200</ele><time>2026-04-04T15:39:47Z</time><extensions><speed>0.007706</speed><course>271.206032</course><hAcc>3.456768</hAcc><vAcc>2.313082</vAcc></extensions></trkpt>
      <trkpt lon="-77.022705" lat="38.902299"><ele>20.783220</ele><time>2026-04-04T15:39:48Z</time><extensions><speed>0.007569</speed><course>271.163455</course><hAcc>3.452323</hAcc><vAcc>2.314592</vAcc></extensions></trkpt>
      <trkpt lon="-77.022706" lat="38.902299"><ele>20.779346</ele><time>2026-04-04T15:39:49Z</time><extensions><speed>0.006932</speed><course>271.130358</course><hAcc>3.457132</hAcc><vAcc>2.316559</vAcc></extensions></trkpt>
      <trkpt lon="-77.022706" lat="38.902299"><ele>20.775560</ele><time>2026-04-04T15:39:50Z</time><extensions><speed>0.005696</speed><course>271.116969</course><hAcc>3.461362</hAcc><vAcc>2.318591</vAcc></extensions></trkpt>
      <trkpt lon="-77.022706" lat="38.902299"><ele>20.771879</ele><time>2026-04-04T15:39:51Z</time><extensions><speed>0.004765</speed><course>271.169674</course><hAcc>3.443572</hAcc><vAcc>2.321181</vAcc></extensions></trkpt>
      <trkpt lon="-77.022706" lat="38.902299"><ele>20.764790</ele><time>2026-04-04T15:39:52Z</time><extensions><speed>0.000184</speed><course>279.386412</course><hAcc>3.426826</hAcc><vAcc>2.322250</vAcc></extensions></trkpt>
      <trkpt lon="-77.022706" lat="38.902299"><ele>20.756692</ele><time>2026-04-04T15:39:53Z</time><extensions><speed>0.002975</speed><course>271.335608</course><hAcc>3.426215</hAcc><vAcc>2.324351</vAcc></extensions></trkpt>
      <trkpt lon="-77.022706" lat="38.902299"><ele>20.748752</ele><time>2026-04-04T15:39:54Z</time><extensions><speed>0.003006</speed><course>271.283625</course><hAcc>3.435080</hAcc><vAcc>2.326335</vAcc></extensions></trkpt>
      <trkpt lon="-77.022706" lat="38.902299"><ele>20.740898</ele><time>2026-04-04T15:39:55Z</time><extensions><speed>0.001452</speed><course>271.663797</course><hAcc>3.445385</hAcc><vAcc>2.327766</vAcc></extensions></trkpt>
      <trkpt lon="-77.022706" lat="38.902299"><ele>20.733164</ele><time>2026-04-04T15:39:56Z</time><extensions><speed>0.001422</speed><course>90.098124</course><hAcc>3.455633</hAcc><vAcc>2.328838</vAcc></extensions></trkpt>
      <trkpt lon="-77.022706" lat="38.902299"><ele>20.725597</ele><time>2026-04-04T15:39:57Z</time><extensions><speed>0.006027</speed><course>90.688033</course><hAcc>3.465172</hAcc><vAcc>2.329953</vAcc></extensions></trkpt>
      <trkpt lon="-77.022706" lat="38.902299"><ele>20.718215</ele><time>2026-04-04T15:39:58Z</time><extensions><speed>0.005781</speed><course>90.701735</course><hAcc>3.474046</hAcc><vAcc>2.331271</vAcc></extensions></trkpt>
      <trkpt lon="-77.022705" lat="38.902299"><ele>20.711008</ele><time>2026-04-04T15:39:59Z</time><extensions><speed>0.007985</speed><course>90.754173</course><hAcc>3.482123</hAcc><vAcc>2.332564</vAcc></extensions></trkpt>
      <trkpt lon="-77.022705" lat="38.902299"><ele>20.715663</ele><time>2026-04-04T15:40:00Z</time><extensions><speed>0.014659</speed><course>90.801216</course><hAcc>3.488934</hAcc><vAcc>2.332607</vAcc></extensions></trkpt>
      <trkpt lon="-77.022705" lat="38.902299"><ele>20.724876</ele><time>2026-04-04T15:40:01Z</time><extensions><speed>0.025876</speed><course>90.891937</course><hAcc>3.492896</hAcc><vAcc>2.328061</vAcc></extensions></trkpt>
      <trkpt lon="-77.022704" lat="38.902299"><ele>20.741384</ele><time>2026-04-04T15:40:02Z</time><extensions><speed>0.047333</speed><course>90.916553</course><hAcc>3.492172</hAcc><vAcc>2.324236</vAcc></extensions></trkpt>
      <trkpt lon="-77.022703" lat="38.902296"><ele>20.740570</ele><time>2026-04-04T15:40:03Z</time><extensions><speed>0.056710</speed><course>140.062105</course><hAcc>3.492650</hAcc><vAcc>2.319528</vAcc></extensions></trkpt>
      <trkpt lon="-77.022703" lat="38.902296"><ele>20.757901</ele><time>2026-04-04T15:40:04Z</time><extensions><speed>0.057557</speed><course>145.111571</course><hAcc>3.493601</hAcc><vAcc>2.314898</vAcc></extensions></trkpt>
      <trkpt lon="-77.022702" lat="38.902296"><ele>20.795681</ele><time>2026-04-04T15:40:05Z</time><extensions><speed>0.064928</speed><course>144.284165</course><hAcc>3.493174</hAcc><vAcc>2.307399</vAcc></extensions></trkpt>
      <trkpt lon="-77.022701" lat="38.902295"><ele>20.833751</ele><time>2026-04-04T15:40:06Z</time><extensions><speed>0.076931</speed><course>139.860516</course><hAcc>3.489768</hAcc><vAcc>2.298202</vAcc></extensions></trkpt>
      <trkpt lon="-77.022700" lat="38.902295"><ele>20.872165</ele><time>2026-04-04T15:40:07Z</time><extensions><speed>0.093298</speed><course>133.536357</course><hAcc>3.482386</hAcc><vAcc>2.286599</vAcc></extensions></trkpt>
      <trkpt lon="-77.022701" lat="38.902291"><ele>20.901523</ele><time>2026-04-04T15:40:08Z</time><extensions><speed>0.129336</speed><course>146.112141</course><hAcc>3.469715</hAcc><vAcc>2.274699</vAcc></extensions></trkpt>
      <trkpt lon="-77.022702" lat="38.902288"><ele>20.927452</ele><time>2026-04-04T15:40:09Z</time><extensions><speed>0.177229</speed><course>146.224667</course><hAcc>3.450368</hAcc><vAcc>2.262708</vAcc></extensions></trkpt>
      <trkpt lon="-77.022699" lat="38.902286"><ele>20.945826</ele><time>2026-04-04T15:40:10Z</time><extensions><speed>0.252568</speed><course>123.471671</course><hAcc>3.426606</hAcc><vAcc>2.252874</vAcc></extensions></trkpt>
      <trkpt lon="-77.022698" lat="38.902282"><ele>20.965067</ele><time>2026-04-04T15:40:11Z</time><extensions><speed>0.365609</speed><course>111.380164</course><hAcc>3.411274</hAcc><vAcc>2.241726</vAcc></extensions></trkpt>
      <trkpt lon="-77.022696" lat="38.902279"><ele>20.990295</ele><time>2026-04-04T15:40:12Z</time><extensions><speed>0.417096</speed><course>93.853865</course><hAcc>3.414696</hAcc><vAcc>2.229994</vAcc></extensions></trkpt>
      <trkpt lon="-77.022694" lat="38.902277"><ele>21.019629</ele><time>2026-04-04T15:40:13Z</time><extensions><speed>0.525672</speed><course>61.006479</course><hAcc>3.406499</hAcc><vAcc>2.218468</vAcc></extensions></trkpt>
      <trkpt lon="-77.022687" lat="38.902274"><ele>21.036967</ele><time>2026-04-04T15:40:14Z</time><extensions><speed>1.050057</speed><course>92.379363</course><hAcc>3.380364</hAcc><vAcc>2.208778</vAcc></extensions></trkpt>
      <trkpt lon="-77.022676" lat="38.902270"><ele>21.048118</ele><time>2026-04-04T15:40:15Z</time><extensions><speed>1.197408</speed><course>98.013019</course><hAcc>3.348818</hAcc><vAcc>2.197092</vAcc></extensions></trkpt>
      <trkpt lon="-77.022664" lat="38.902265"><ele>21.051774</ele><time>2026-04-04T15:40:16Z</time><extensions><speed>1.173570</speed><course>99.760259</course><hAcc>3.317712</hAcc><vAcc>2.187598</vAcc></extensions></trkpt>
      <trkpt lon="-77.022654" lat="38.902260"><ele>21.049332</ele><time>2026-04-04T15:40:17Z</time><extensions><speed>0.828447</speed><course>97.633246</course><hAcc>3.289658</hAcc><vAcc>2.177760</vAcc></extensions></trkpt>
      <trkpt lon="-77.022649" lat="38.902257"><ele>21.047373</ele><time>2026-04-04T15:40:18Z</time><extensions><speed>0.375718</speed><course>41.718138</course><hAcc>3.266136</hAcc><vAcc>2.169103</vAcc></extensions></trkpt>
      <trkpt lon="-77.022640" lat="38.902253"><ele>21.045511</ele><time>2026-04-04T15:40:19Z</time><extensions><speed>0.370501</speed><course>35.747916</course><hAcc>3.247066</hAcc><vAcc>2.160919</vAcc></extensions></trkpt>
      <trkpt lon="-77.022630" lat="38.902249"><ele>21.045524</ele><time>2026-04-04T15:40:20Z</time><extensions><speed>0.544450</speed><course>85.825118</course><hAcc>3.231325</hAcc><vAcc>2.152620</vAcc></extensions></trkpt>
      <trkpt lon="-77.022620" lat="38.902246"><ele>21.080975</ele><time>2026-04-04T15:40:21Z</time><extensions><speed>0.483377</speed><course>27.005316</course><hAcc>3.215405</hAcc><vAcc>2.146785</vAcc></extensions></trkpt>
      <trkpt lon="-77.022613" lat="38.902246"><ele>21.114107</ele><time>2026-04-04T15:40:22Z</time><extensions><speed>0.607529</speed><course>15.214589</course><hAcc>3.200647</hAcc><vAcc>2.140141</vAcc></extensions></trkpt>
      <trkpt lon="-77.022606" lat="38.902248"><ele>21.120843</ele><time>2026-04-04T15:40:23Z</time><extensions><speed>0.750102</speed><course>15.126239</course><hAcc>3.187968</hAcc><vAcc>2.126594</vAcc></extensions></trkpt>
      <trkpt lon="-77.022599" lat="38.902250"><ele>21.103952</ele><time>2026-04-04T15:40:24Z</time><extensions><speed>0.791028</speed><course>19.714747</course><hAcc>3.175375</hAcc><vAcc>2.112517</vAcc></extensions></trkpt>
      <trkpt lon="-77.022592" lat="38.902252"><ele>21.082299</ele><time>2026-04-04T15:40:25Z</time><extensions><speed>0.619316</speed><course>34.297029</course><hAcc>3.161207</hAcc><vAcc>2.104280</vAcc></extensions></trkpt>
      <trkpt lon="-77.022584" lat="38.902252"><ele>21.059576</ele><time>2026-04-04T15:40:26Z</time><extensions><speed>0.531750</speed><course>55.679594</course><hAcc>3.150697</hAcc><vAcc>2.096061</vAcc></extensions></trkpt>
      <trkpt lon="-77.022574" lat="38.902252"><ele>21.042827</ele><time>2026-04-04T15:40:27Z</time><extensions><speed>0.674056</speed><course>67.902213</course><hAcc>3.136938</hAcc><vAcc>2.088233</vAcc></extensions></trkpt>
      <trkpt lon="-77.022562" lat="38.902251"><ele>21.025457</ele><time>2026-04-04T15:40:28Z</time><extensions><speed>0.928100</speed><course>80.455895</course><hAcc>3.130489</hAcc><vAcc>2.081859</vAcc></extensions></trkpt>
      <trkpt lon="-77.022545" lat="38.902247"><ele>21.000832</ele><time>2026-04-04T15:40:29Z</time><extensions><speed>1.561267</speed><course>102.087698</course><hAcc>3.092154</hAcc><vAcc>2.080554</vAcc></extensions></trkpt>
      <trkpt lon="-77.022510" lat="38.902229"><ele>20.861084</ele><time>2026-04-04T15:40:30Z</time><extensions><speed>1.680841</speed><course>103.909639</course><hAcc>2.686841</hAcc><vAcc>1.812467</vAcc></extensions></trkpt>
      <trkpt lon="-77.022492" lat="38.902225"><ele>20.844154</ele><time>2026-04-04T15:40:31Z</time><extensions><speed>1.675494</speed><course>103.690298</course><hAcc>2.604064</hAcc><vAcc>1.809947</vAcc></extensions></trkpt>
      <trkpt lon="-77.022473" lat="38.902222"><ele>20.826185</ele><time>2026-04-04T15:40:32Z</time><extensions><speed>1.665536</speed><course>103.432721</course><hAcc>2.542362</hAcc><vAcc>1.807830</vAcc></extensions></trkpt>
      <trkpt lon="-77.022454" lat="38.902218"><ele>20.807480</ele><time>2026-04-04T15:40:33Z</time><extensions><speed>1.652337</speed><course>103.075915</course><hAcc>2.497015</hAcc><vAcc>1.806141</vAcc></extensions></trkpt>
      <trkpt lon="-77.022436" lat="38.902215"><ele>20.787999</ele><time>2026-04-04T15:40:34Z</time><extensions><speed>1.637067</speed><course>102.615814</course><hAcc>2.464314</hAcc><vAcc>1.804904</vAcc></extensions></trkpt>
      <trkpt lon="-77.022418" lat="38.902212"><ele>20.767963</ele><time>2026-04-04T15:40:35Z</time><extensions><speed>1.617326</speed><course>102.084883</course><hAcc>2.441191</hAcc><vAcc>1.804122</vAcc></extensions></trkpt>
      <trkpt lon="-77.022399" lat="38.902209"><ele>20.747689</ele><time>2026-04-04T15:40:36Z</time><extensions><speed>1.596049</speed><course>101.577730</course><hAcc>2.425021</hAcc><vAcc>1.803775</vAcc></extensions></trkpt>
      <trkpt lon="-77.022381" lat="38.902206"><ele>20.727398</ele><time>2026-04-04T15:40:37Z</time><extensions><speed>1.576088</speed><course>100.983539</course><hAcc>2.413991</hAcc><vAcc>1.803829</vAcc></extensions></trkpt>
      <trkpt lon="-77.022364" lat="38.902204"><ele>20.707074</ele><time>2026-04-04T15:40:38Z</time><extensions><speed>1.558530</speed><course>100.304174</course><hAcc>2.406795</hAcc><vAcc>1.804237</vAcc></extensions></trkpt>
      <trkpt lon="-77.022346" lat="38.902201"><ele>20.686798</ele><time>2026-04-04T15:40:39Z</time><extensions><speed>1.543477</speed><course>99.550590</course><hAcc>2.402392</hAcc><vAcc>1.804945</vAcc></extensions></trkpt>
      <trkpt lon="-77.022329" lat="38.902199"><ele>20.666756</ele><time>2026-04-04T15:40:40Z</time><extensions><speed>1.528219</speed><course>98.749392</course><hAcc>2.399936</hAcc><vAcc>1.805892</vAcc></extensions></trkpt>
      <trkpt lon="-77.022311" lat="38.902197"><ele>20.646921</ele><time>2026-04-04T15:40:41Z</time><extensions><speed>1.511988</speed><course>97.912222</course><hAcc>2.398739</hAcc><vAcc>1.807020</vAcc></extensions></trkpt>
      <trkpt lon="-77.022294" lat="38.902196"><ele>20.627545</ele><time>2026-04-04T15:40:42Z</time><extensions><speed>1.492314</speed><course>97.051140</course><hAcc>2.398203</hAcc><vAcc>1.808284</vAcc></extensions></trkpt>
      <trkpt lon="-77.022277" lat="38.902194"><ele>20.608608</ele><time>2026-04-04T15:40:43Z</time><extensions><speed>1.471363</speed><course>96.217848</course><hAcc>2.397849</hAcc><vAcc>1.809652</vAcc></extensions></trkpt>
      <trkpt lon="-77.022260" lat="38.902193"><ele>20.590137</ele><time>2026-04-04T15:40:44Z</time><extensions><speed>1.450850</speed><course>95.350358</course><hAcc>2.397556</hAcc><vAcc>1.811104</vAcc></extensions></trkpt>
      <trkpt lon="-77.022244" lat="38.902192"><ele>20.572451</ele><time>2026-04-04T15:40:45Z</time><extensions><speed>1.434256</speed><course>94.438468</course><hAcc>2.397280</hAcc><vAcc>1.812634</vAcc></extensions></trkpt>
      <trkpt lon="-77.022227" lat="38.902191"><ele>20.555479</ele><time>2026-04-04T15:40:46Z</time><extensions><speed>1.419403</speed><course>93.499166</course><hAcc>2.396945</hAcc><vAcc>1.814238</vAcc></extensions></trkpt>
      <trkpt lon="-77.022211" lat="38.902190"><ele>20.539162</ele><time>2026-04-04T15:40:47Z</time><extensions><speed>1.405275</speed><course>92.542212</course><hAcc>2.396450</hAcc><vAcc>1.815920</vAcc></extensions></trkpt>
      <trkpt lon="-77.022195" lat="38.902190"><ele>20.523495</ele><time>2026-04-04T15:40:48Z</time><extensions><speed>1.389271</speed><course>91.576087</course><hAcc>2.395674</hAcc><vAcc>1.817687</vAcc></extensions></trkpt>
      <trkpt lon="-77.022179" lat="38.902190"><ele>20.508549</ele><time>2026-04-04T15:40:49Z</time><extensions><speed>1.370395</speed><course>90.597538</course><hAcc>2.394474</hAcc><vAcc>1.819563</vAcc></extensions></trkpt>
      <trkpt lon="-77.022164" lat="38.902190"><ele>20.494520</ele><time>2026-04-04T15:40:50Z</time><extensions><speed>1.350019</speed><course>89.611587</course><hAcc>2.392733</hAcc><vAcc>1.821571</vAcc></extensions></trkpt>
      <trkpt lon="-77.022148" lat="38.902190"><ele>20.481382</ele><time>2026-04-04T15:40:51Z</time><extensions><speed>1.333936</speed><course>88.614975</course><hAcc>2.390620</hAcc><vAcc>1.823744</vAcc></extensions></trkpt>
      <trkpt lon="-77.022133" lat="38.902190"><ele>20.469190</ele><time>2026-04-04T15:40:52Z</time><extensions><speed>1.321357</speed><course>87.618353</course><hAcc>2.388390</hAcc><vAcc>1.826119</vAcc></extensions></trkpt>
      <trkpt lon="-77.022118" lat="38.902191"><ele>20.458025</ele><time>2026-04-04T15:40:53Z</time><extensions><speed>1.311815</speed><course>86.630450</course><hAcc>2.386325</hAcc><vAcc>1.828730</vAcc></extensions></trkpt>
      <trkpt lon="-77.022103" lat="38.902192"><ele>20.447993</ele><time>2026-04-04T15:40:54Z</time><extensions><speed>1.305900</speed><course>85.666927</course><hAcc>2.384792</hAcc><vAcc>1.831604</vAcc></extensions></trkpt>
      <trkpt lon="-77.022088" lat="38.902193"><ele>20.439080</ele><time>2026-04-04T15:40:55Z</time><extensions><speed>1.305064</speed><course>84.745376</course><hAcc>2.384271</hAcc><vAcc>1.834759</vAcc></extensions></trkpt>
      <trkpt lon="-77.022073" lat="38.902194"><ele>20.431486</ele><time>2026-04-04T15:40:56Z</time><extensions><speed>1.307905</speed><course>83.876516</course><hAcc>2.385418</hAcc><vAcc>1.838218</vAcc></extensions></trkpt>
      <trkpt lon="-77.022058" lat="38.902195"><ele>20.425280</ele><time>2026-04-04T15:40:57Z</time><extensions><speed>1.310546</speed><course>83.050729</course><hAcc>2.389133</hAcc><vAcc>1.842001</vAcc></extensions></trkpt>
      <trkpt lon="-77.022043" lat="38.902197"><ele>20.420474</ele><time>2026-04-04T15:40:58Z</time><extensions><speed>1.311687</speed><course>82.275075</course><hAcc>2.396651</hAcc><vAcc>1.846131</vAcc></extensions></trkpt>
      <trkpt lon="-77.022028" lat="38.902198"><ele>20.417044</ele><time>2026-04-04T15:40:59Z</time><extensions><speed>1.313807</speed><course>81.564742</course><hAcc>2.409584</hAcc><vAcc>1.850618</vAcc></extensions></trkpt>
      <trkpt lon="-77.022013" lat="38.902200"><ele>20.415076</ele><time>2026-04-04T15:41:00Z</time><extensions><speed>1.320672</speed><course>80.961359</course><hAcc>2.430029</hAcc><vAcc>1.855455</vAcc></extensions></trkpt>
      <trkpt lon="-77.021998" lat="38.902202"><ele>20.414633</ele><time>2026-04-04T15:41:01Z</time><extensions><speed>1.332449</speed><course>80.482607</course><hAcc>2.460607</hAcc><vAcc>1.860616</vAcc></extensions></trkpt>
      <trkpt lon="-77.021982" lat="38.902204"><ele>20.415647</ele><time>2026-04-04T15:41:02Z</time><extensions><speed>1.344694</speed><course>80.113656</course><hAcc>2.504521</hAcc><vAcc>1.866065</vAcc></extensions></trkpt>
      <trkpt lon="-77.021967" lat="38.902206"><ele>20.418067</ele><time>2026-04-04T15:41:03Z</time><extensions><speed>1.348349</speed><course>79.856934</course><hAcc>2.565450</hAcc><vAcc>1.871752</vAcc></extensions></trkpt>
      <trkpt lon="-77.021952" lat="38.902208"><ele>20.421830</ele><time>2026-04-04T15:41:04Z</time><extensions><speed>1.352176</speed><course>79.658463</course><hAcc>2.647855</hAcc><vAcc>1.877627</vAcc></extensions></trkpt>
      <trkpt lon="-77.021936" lat="38.902211"><ele>20.427016</ele><time>2026-04-04T15:41:05Z</time><extensions><speed>1.353989</speed><course>79.598349</course><hAcc>2.757218</hAcc><vAcc>1.883633</vAcc></extensions></trkpt>
      <trkpt lon="-77.021921" lat="38.902213"><ele>20.433246</ele><time>2026-04-04T15:41:06Z</time><extensions><speed>1.425190</speed><course>80.012703</course><hAcc>2.800553</hAcc><vAcc>1.889826</vAcc></extensions></trkpt>
      <trkpt lon="-77.021905" lat="38.902215"><ele>20.440572</ele><time>2026-04-04T15:41:07Z</time><extensions><speed>1.388642</speed><course>82.139795</course><hAcc>2.810436</hAcc><vAcc>1.896046</vAcc></extensions></trkpt>
      <trkpt lon="-77.021888" lat="38.902217"><ele>20.448882</ele><time>2026-04-04T15:41:08Z</time><extensions><speed>1.513813</speed><course>81.271874</course><hAcc>2.810472</hAcc><vAcc>1.902233</vAcc></extensions></trkpt>
      <trkpt lon="-77.021871" lat="38.902219"><ele>20.458077</ele><time>2026-04-04T15:41:09Z</time><extensions><speed>1.434717</speed><course>81.717658</course><hAcc>2.821160</hAcc><vAcc>1.908335</vAcc></extensions></trkpt>
      <trkpt lon="-77.021854" lat="38.902221"><ele>20.468063</ele><time>2026-04-04T15:41:10Z</time><extensions><speed>1.569618</speed><course>79.124616</course><hAcc>2.821230</hAcc><vAcc>1.914317</vAcc></extensions></trkpt>
      <trkpt lon="-77.021838" lat="38.902223"><ele>20.478758</ele><time>2026-04-04T15:41:11Z</time><extensions><speed>1.354242</speed><course>81.123685</course><hAcc>2.841407</hAcc><vAcc>1.920157</vAcc></extensions></trkpt>
      <trkpt lon="-77.021823" lat="38.902225"><ele>20.490079</ele><time>2026-04-04T15:41:12Z</time><extensions><speed>1.197600</speed><course>76.502359</course><hAcc>2.841555</hAcc><vAcc>1.925846</vAcc></extensions></trkpt>
      <trkpt lon="-77.021811" lat="38.902228"><ele>20.501951</ele><time>2026-04-04T15:41:13Z</time><extensions><speed>1.023233</speed><course>70.084446</course><hAcc>2.843819</hAcc><vAcc>1.931382</vAcc></extensions></trkpt>
      <trkpt lon="-77.021801" lat="38.902232"><ele>20.514293</ele><time>2026-04-04T15:41:14Z</time><extensions><speed>0.878509</speed><course>58.054764</course><hAcc>2.847521</hAcc><vAcc>1.936769</vAcc></extensions></trkpt>
      <trkpt lon="-77.021795" lat="38.902238"><ele>20.527015</ele><time>2026-04-04T15:41:15Z</time><extensions><speed>0.832012</speed><course>18.238186</course><hAcc>2.846423</hAcc><vAcc>1.942002</vAcc></extensions></trkpt>
      <trkpt lon="-77.021793" lat="38.902245"><ele>20.540029</ele><time>2026-04-04T15:41:16Z</time><extensions><speed>0.950832</speed><course>4.170674</course><hAcc>2.858306</hAcc><vAcc>1.947073</vAcc></extensions></trkpt>
      <trkpt lon="-77.021793" lat="38.902255"><ele>20.553260</ele><time>2026-04-04T15:41:17Z</time><extensions><speed>1.181888</speed><course>0.153366</course><hAcc>2.880978</hAcc><vAcc>1.951968</vAcc></extensions></trkpt>
      <trkpt lon="-77.021793" lat="38.902266"><ele>20.566653</ele><time>2026-04-04T15:41:18Z</time><extensions><speed>1.324406</speed><course>359.400359</course><hAcc>2.896062</hAcc><vAcc>1.956663</vAcc></extensions></trkpt>
      <trkpt lon="-77.021793" lat="38.902279"><ele>20.580174</ele><time>2026-04-04T15:41:19Z</time><extensions><speed>1.430285</speed><course>359.198518</course><hAcc>2.893471</hAcc><vAcc>1.961138</vAcc></extensions></trkpt>
      <trkpt lon="-77.021793" lat="38.902291"><ele>20.593802</ele><time>2026-04-04T15:41:20Z</time><extensions><speed>1.399100</speed><course>359.118632</course><hAcc>2.889829</hAcc><vAcc>1.965384</vAcc></extensions></trkpt>
      <trkpt lon="-77.021794" lat="38.902304"><ele>20.607526</ele><time>2026-04-04T15:41:21Z</time><extensions><speed>1.383458</speed><course>359.224993</course><hAcc>2.891691</hAcc><vAcc>1.969393</vAcc></extensions></trkpt>
      <trkpt lon="-77.021794" lat="38.902316"><ele>20.621345</ele><time>2026-04-04T15:41:22Z</time><extensions><speed>1.380410</speed><course>359.373900</course><hAcc>2.894919</hAcc><vAcc>1.973168</vAcc></extensions></trkpt>
      <trkpt lon="-77.021794" lat="38.902329"><ele>20.635262</ele><time>2026-04-04T15:41:23Z</time><extensions><speed>1.353266</speed><course>359.474687</course><hAcc>2.896873</hAcc><vAcc>1.976724</vAcc></extensions></trkpt>
      <trkpt lon="-77.021794" lat="38.902341"><ele>20.649287</ele><time>2026-04-04T15:41:24Z</time><extensions><speed>1.420404</speed><course>359.660195</course><hAcc>2.898412</hAcc><vAcc>1.980102</vAcc></extensions></trkpt>
      <trkpt lon="-77.021794" lat="38.902354"><ele>20.663423</ele><time>2026-04-04T15:41:25Z</time><extensions><speed>1.466670</speed><course>359.794294</course><hAcc>2.898696</hAcc><vAcc>1.983369</vAcc></extensions></trkpt>
      <trkpt lon="-77.021794" lat="38.902367"><ele>20.677675</ele><time>2026-04-04T15:41:26Z</time><extensions><speed>1.469744</speed><course>359.869067</course><hAcc>2.897272</hAcc><vAcc>1.986620</vAcc></extensions></trkpt>
      <trkpt lon="-77.021794" lat="38.902381"><ele>20.692046</ele><time>2026-04-04T15:41:27Z</time><extensions><speed>1.452724</speed><course>359.929235</course><hAcc>2.895308</hAcc><vAcc>1.989976</vAcc></extensions></trkpt>
      <trkpt lon="-77.021794" lat="38.902393"><ele>20.706532</ele><time>2026-04-04T15:41:28Z</time><extensions><speed>1.371983</speed><course>359.936021</course><hAcc>2.892412</hAcc><vAcc>1.993578</vAcc></extensions></trkpt>
      <trkpt lon="-77.021794" lat="38.902406"><ele>20.721108</ele><time>2026-04-04T15:41:29Z</time><extensions><speed>1.392566</speed><course>0.024510</course><hAcc>2.890591</hAcc><vAcc>1.997582</vAcc></extensions></trkpt>
      <trkpt lon="-77.021794" lat="38.902418"><ele>20.735733</ele><time>2026-04-04T15:41:30Z</time><extensions><speed>1.414754</speed><course>0.108296</course><hAcc>2.889496</hAcc><vAcc>2.002157</vAcc></extensions></trkpt>
      <trkpt lon="-77.021794" lat="38.902431"><ele>20.750330</ele><time>2026-04-04T15:41:31Z</time><extensions><speed>1.451297</speed><course>0.206817</course><hAcc>2.891537</hAcc><vAcc>2.007476</vAcc></extensions></trkpt>
      <trkpt lon="-77.021794" lat="38.902445"><ele>20.764830</ele><time>2026-04-04T15:41:32Z</time><extensions><speed>1.519230</speed><course>0.320987</course><hAcc>2.900040</hAcc><vAcc>2.013730</vAcc></extensions></trkpt>
      <trkpt lon="-77.021794" lat="38.902458"><ele>20.779147</ele><time>2026-04-04T15:41:33Z</time><extensions><speed>1.466990</speed><course>0.443721</course><hAcc>2.913643</hAcc><vAcc>2.021097</vAcc></extensions></trkpt>
      <trkpt lon="-77.021794" lat="38.902471"><ele>20.793206</ele><time>2026-04-04T15:41:34Z</time><extensions><speed>1.472732</speed><course>0.393663</course><hAcc>2.902129</hAcc><vAcc>2.029766</vAcc></extensions></trkpt>
      <trkpt lon="-77.021794" lat="38.902485"><ele>20.806952</ele><time>2026-04-04T15:41:35Z</time><extensions><speed>1.563767</speed><course>0.384784</course><hAcc>2.895218</hAcc><vAcc>2.039938</vAcc></extensions></trkpt>
      <trkpt lon="-77.021794" lat="38.902499"><ele>20.820357</ele><time>2026-04-04T15:41:36Z</time><extensions><speed>1.598918</speed><course>0.332834</course><hAcc>2.905054</hAcc><vAcc>2.051830</vAcc></extensions></trkpt>
      <trkpt lon="-77.021794" lat="38.902513"><ele>20.833417</ele><time>2026-04-04T15:41:37Z</time><extensions><speed>1.539855</speed><course>0.104917</course><hAcc>2.925084</hAcc><vAcc>2.065678</vAcc></extensions></trkpt>
      <trkpt lon="-77.021794" lat="38.902528"><ele>20.846134</ele><time>2026-04-04T15:41:38Z</time><extensions><speed>1.591710</speed><course>0.018745</course><hAcc>2.925028</hAcc><vAcc>2.081754</vAcc></extensions></trkpt>
      <trkpt lon="-77.021794" lat="38.902542"><ele>20.858511</ele><time>2026-04-04T15:41:39Z</time><extensions><speed>1.639714</speed><course>0.020236</course><hAcc>2.937872</hAcc><vAcc>2.100385</vAcc></extensions></trkpt>
      <trkpt lon="-77.021794" lat="38.902556"><ele>20.870557</ele><time>2026-04-04T15:41:40Z</time><extensions><speed>1.513538</speed><course>0.042518</course><hAcc>2.960391</hAcc><vAcc>2.121975</vAcc></extensions></trkpt>
      <trkpt lon="-77.021794" lat="38.902570"><ele>20.882280</ele><time>2026-04-04T15:41:41Z</time><extensions><speed>1.477315</speed><course>0.019205</course><hAcc>2.966402</hAcc><vAcc>2.146996</vAcc></extensions></trkpt>
      <trkpt lon="-77.021794" lat="38.902583"><ele>20.893682</ele><time>2026-04-04T15:41:42Z</time><extensions><speed>1.511087</speed><course>0.030601</course><hAcc>2.984693</hAcc><vAcc>2.176002</vAcc></extensions></trkpt>
      <trkpt lon="-77.021794" lat="38.902597"><ele>20.904755</ele><time>2026-04-04T15:41:43Z</time><extensions><speed>1.564560</speed><course>0.059300</course><hAcc>3.019310</hAcc><vAcc>2.209623</vAcc></extensions></trkpt>
      <trkpt lon="-77.021794" lat="38.902611"><ele>20.915485</ele><time>2026-04-04T15:41:44Z</time><extensions><speed>1.443405</speed><course>0.084028</course><hAcc>3.059263</hAcc><vAcc>2.248556</vAcc></extensions></trkpt>
      <trkpt lon="-77.021793" lat="38.902624"><ele>20.925852</ele><time>2026-04-04T15:41:45Z</time><extensions><speed>1.420869</speed><course>0.069653</course><hAcc>3.083781</hAcc><vAcc>2.293576</vAcc></extensions></trkpt>
      <trkpt lon="-77.021793" lat="38.902637"><ele>20.945646</ele><time>2026-04-04T15:41:46Z</time><extensions><speed>1.419165</speed><course>0.071712</course><hAcc>3.081845</hAcc><vAcc>2.289800</vAcc></extensions></trkpt>
      <trkpt lon="-77.021793" lat="38.902650"><ele>20.954024</ele><time>2026-04-04T15:41:47Z</time><extensions><speed>1.384348</speed><course>0.080560</course><hAcc>3.086655</hAcc><vAcc>2.287705</vAcc></extensions></trkpt>
      <trkpt lon="-77.021793" lat="38.902663"><ele>20.967532</ele><time>2026-04-04T15:41:48Z</time><extensions><speed>1.338988</speed><course>0.096327</course><hAcc>3.091248</hAcc><vAcc>2.286566</vAcc></extensions></trkpt>
      <trkpt lon="-77.021793" lat="38.902675"><ele>20.975992</ele><time>2026-04-04T15:41:49Z</time><extensions><speed>1.311220</speed><course>0.120104</course><hAcc>3.097031</hAcc><vAcc>2.284249</vAcc></extensions></trkpt>
      <trkpt lon="-77.021793" lat="38.902687"><ele>20.984221</ele><time>2026-04-04T15:41:50Z</time><extensions><speed>1.360784</speed><course>0.142219</course><hAcc>3.103869</hAcc><vAcc>2.281295</vAcc></extensions></trkpt>
      <trkpt lon="-77.021791" lat="38.902700"><ele>21.001219</ele><time>2026-04-04T15:41:51Z</time><extensions><speed>1.364702</speed><course>0.793949</course><hAcc>3.108901</hAcc><vAcc>2.279915</vAcc></extensions></trkpt>
      <trkpt lon="-77.021789" lat="38.902712"><ele>21.016383</ele><time>2026-04-04T15:41:52Z</time><extensions><speed>1.377616</speed><course>1.428937</course><hAcc>3.112279</hAcc><vAcc>2.277024</vAcc></extensions></trkpt>
      <trkpt lon="-77.021787" lat="38.902725"><ele>21.039988</ele><time>2026-04-04T15:41:53Z</time><extensions><speed>1.410856</speed><course>2.014481</course><hAcc>3.114869</hAcc><vAcc>2.274805</vAcc></extensions></trkpt>
      <trkpt lon="-77.021785" lat="38.902737"><ele>21.076538</ele><time>2026-04-04T15:41:54Z</time><extensions><speed>1.380913</speed><course>2.701706</course><hAcc>3.116126</hAcc><vAcc>2.273737</vAcc></extensions></trkpt>
      <trkpt lon="-77.021783" lat="38.902750"><ele>21.115686</ele><time>2026-04-04T15:41:55Z</time><extensions><speed>1.366193</speed><course>3.392985</course><hAcc>3.118130</hAcc><vAcc>2.270450</vAcc></extensions></trkpt>
      <trkpt lon="-77.021781" lat="38.902762"><ele>21.131398</ele><time>2026-04-04T15:41:56Z</time><extensions><speed>1.356125</speed><course>3.983536</course><hAcc>3.123535</hAcc><vAcc>2.262587</vAcc></extensions></trkpt>
      <trkpt lon="-77.021779" lat="38.902774"><ele>21.145977</ele><time>2026-04-04T15:41:57Z</time><extensions><speed>1.286240</speed><course>4.697187</course><hAcc>3.130008</hAcc><vAcc>2.255448</vAcc></extensions></trkpt>
      <trkpt lon="-77.021777" lat="38.902785"><ele>21.163168</ele><time>2026-04-04T15:41:58Z</time><extensions><speed>1.208026</speed><course>5.905465</course><hAcc>3.132395</hAcc><vAcc>2.247163</vAcc></extensions></trkpt>
      <trkpt lon="-77.021775" lat="38.902795"><ele>21.168655</ele><time>2026-04-04T15:41:59Z</time><extensions><speed>1.194466</speed><course>7.300699</course><hAcc>3.134310</hAcc><vAcc>2.237625</vAcc></extensions></trkpt>
      <trkpt lon="-77.021772" lat="38.902805"><ele>21.172339</ele><time>2026-04-04T15:42:00Z</time><extensions><speed>1.046786</speed><course>10.072102</course><hAcc>3.139088</hAcc><vAcc>2.228047</vAcc></extensions></trkpt>
      <trkpt lon="-77.021769" lat="38.902813"><ele>21.172995</ele><time>2026-04-04T15:42:01Z</time><extensions><speed>0.886350</speed><course>15.122273</course><hAcc>3.150502</hAcc><vAcc>2.218770</vAcc></extensions></trkpt>
      <trkpt lon="-77.021766" lat="38.902821"><ele>21.172377</ele><time>2026-04-04T15:42:02Z</time><extensions><speed>0.824980</speed><course>14.981956</course><hAcc>3.183408</hAcc><vAcc>2.209280</vAcc></extensions></trkpt>
      <trkpt lon="-77.021763" lat="38.902827"><ele>21.178046</ele><time>2026-04-04T15:42:03Z</time><extensions><speed>0.723805</speed><course>15.868979</course><hAcc>3.205348</hAcc><vAcc>2.200097</vAcc></extensions></trkpt>
      <trkpt lon="-77.021761" lat="38.902832"><ele>21.175983</ele><time>2026-04-04T15:42:04Z</time><extensions><speed>0.535736</speed><course>21.076620</course><hAcc>3.212377</hAcc><vAcc>2.190916</vAcc></extensions></trkpt>
      <trkpt lon="-77.021758" lat="38.902836"><ele>21.168543</ele><time>2026-04-04T15:42:05Z</time><extensions><speed>0.408688</speed><course>29.817580</course><hAcc>3.217713</hAcc><vAcc>2.181521</vAcc></extensions></trkpt>
      <trkpt lon="-77.021756" lat="38.902839"><ele>21.155907</ele><time>2026-04-04T15:42:06Z</time><extensions><speed>0.316840</speed><course>37.519714</course><hAcc>3.244441</hAcc><vAcc>2.172056</vAcc></extensions></trkpt>
      <trkpt lon="-77.021753" lat="38.902840"><ele>21.149953</ele><time>2026-04-04T15:42:07Z</time><extensions><speed>0.230941</speed><course>48.148136</course><hAcc>3.283482</hAcc><vAcc>2.163491</vAcc></extensions></trkpt>
      <trkpt lon="-77.021751" lat="38.902841"><ele>21.132748</ele><time>2026-04-04T15:42:08Z</time><extensions><speed>0.192318</speed><course>51.909752</course><hAcc>3.320676</hAcc><vAcc>2.154862</vAcc></extensions></trkpt>
      <trkpt lon="-77.021749" lat="38.902842"><ele>21.128217</ele><time>2026-04-04T15:42:09Z</time><extensions><speed>0.158236</speed><course>58.454562</course><hAcc>3.349279</hAcc><vAcc>2.142308</vAcc></extensions></trkpt>
      <trkpt lon="-77.021748" lat="38.902843"><ele>21.122680</ele><time>2026-04-04T15:42:10Z</time><extensions><speed>0.128932</speed><course>65.909941</course><hAcc>3.376690</hAcc><vAcc>2.131668</vAcc></extensions></trkpt>
      <trkpt lon="-77.021746" lat="38.902843"><ele>21.104926</ele><time>2026-04-04T15:42:11Z</time><extensions><speed>0.116256</speed><course>63.907338</course><hAcc>3.396365</hAcc><vAcc>2.122658</vAcc></extensions></trkpt>
      <trkpt lon="-77.021745" lat="38.902843"><ele>21.083942</ele><time>2026-04-04T15:42:12Z</time><extensions><speed>0.110162</speed><course>57.384413</course><hAcc>3.411326</hAcc><vAcc>2.114333</vAcc></extensions></trkpt>
      <trkpt lon="-77.021744" lat="38.902844"><ele>21.065905</ele><time>2026-04-04T15:42:13Z</time><extensions><speed>0.095064</speed><course>51.652395</course><hAcc>3.428218</hAcc><vAcc>2.107428</vAcc></extensions></trkpt>
      <trkpt lon="-77.021743" lat="38.902844"><ele>21.048492</ele><time>2026-04-04T15:42:14Z</time><extensions><speed>0.070792</speed><course>62.984352</course><hAcc>3.437086</hAcc><vAcc>2.100414</vAcc></extensions></trkpt>
      <trkpt lon="-77.021742" lat="38.902844"><ele>21.028610</ele><time>2026-04-04T15:42:15Z</time><extensions><speed>0.073495</speed><course>49.529740</course><hAcc>3.438492</hAcc><vAcc>2.093549</vAcc></extensions></trkpt>
      <trkpt lon="-77.021741" lat="38.902845"><ele>21.007671</ele><time>2026-04-04T15:42:16Z</time><extensions><speed>0.081589</speed><course>34.783186</course><hAcc>3.444424</hAcc><vAcc>2.086801</vAcc></extensions></trkpt>
      <trkpt lon="-77.021741" lat="38.902845"><ele>20.988946</ele><time>2026-04-04T15:42:17Z</time><extensions><speed>0.104670</speed><course>22.089171</course><hAcc>3.446900</hAcc><vAcc>2.081131</vAcc></extensions></trkpt>
      <trkpt lon="-77.021740" lat="38.902846"><ele>20.972485</ele><time>2026-04-04T15:42:18Z</time><extensions><speed>0.146391</speed><course>13.218428</course><hAcc>3.445275</hAcc><vAcc>2.076246</vAcc></extensions></trkpt>
      <trkpt lon="-77.021740" lat="38.902848"><ele>20.947959</ele><time>2026-04-04T15:42:19Z</time><extensions><speed>0.168040</speed><course>9.894179</course><hAcc>3.444610</hAcc><vAcc>2.071974</vAcc></extensions></trkpt>
      <trkpt lon="-77.021739" lat="38.902849"><ele>20.925737</ele><time>2026-04-04T15:42:20Z</time><extensions><speed>0.134589</speed><course>10.937622</course><hAcc>3.448892</hAcc><vAcc>2.069126</vAcc></extensions></trkpt>
      <trkpt lon="-77.021739" lat="38.902850"><ele>20.909876</ele><time>2026-04-04T15:42:21Z</time><extensions><speed>0.099091</speed><course>13.242795</course><hAcc>3.454038</hAcc><vAcc>2.067367</vAcc></extensions></trkpt>
      <trkpt lon="-77.021739" lat="38.902851"><ele>20.900605</ele><time>2026-04-04T15:42:22Z</time><extensions><speed>0.049235</speed><course>25.128874</course><hAcc>3.455934</hAcc><vAcc>2.065944</vAcc></extensions></trkpt>
      <trkpt lon="-77.021739" lat="38.902851"><ele>20.887101</ele><time>2026-04-04T15:42:23Z</time><extensions><speed>0.039594</speed><course>29.236637</course><hAcc>3.451285</hAcc><vAcc>2.064084</vAcc></extensions></trkpt>
      <trkpt lon="-77.021738" lat="38.902851"><ele>20.874682</ele><time>2026-04-04T15:42:24Z</time><extensions><speed>0.039215</speed><course>26.024442</course><hAcc>3.449548</hAcc><vAcc>2.062192</vAcc></extensions></trkpt>
      <trkpt lon="-77.021738" lat="38.902852"><ele>20.862718</ele><time>2026-04-04T15:42:25Z</time><extensions><speed>0.033572</speed><course>26.508532</course><hAcc>3.452249</hAcc><vAcc>2.060398</vAcc></extensions></trkpt>
      <trkpt lon="-77.021738" lat="38.902852"><ele>20.849616</ele><time>2026-04-04T15:42:26Z</time><extensions><speed>0.029985</speed><course>25.751683</course><hAcc>3.452925</hAcc><vAcc>2.058650</vAcc></extensions></trkpt>
      <trkpt lon="-77.021738" lat="38.902852"><ele>20.838482</ele><time>2026-04-04T15:42:27Z</time><extensions><speed>0.032727</speed><course>20.565709</course><hAcc>3.449903</hAcc><vAcc>2.056939</vAcc></extensions></trkpt>
      <trkpt lon="-77.021738" lat="38.902852"><ele>20.832255</ele><time>2026-04-04T15:42:28Z</time><extensions><speed>0.032308</speed><course>17.847877</course><hAcc>3.451257</hAcc><vAcc>2.055681</vAcc></extensions></trkpt>
      <trkpt lon="-77.021737" lat="38.902853"><ele>20.825249</ele><time>2026-04-04T15:42:29Z</time><extensions><speed>0.025178</speed><course>19.366353</course><hAcc>3.456027</hAcc><vAcc>2.055300</vAcc></extensions></trkpt>
      <trkpt lon="-77.021737" lat="38.902853"><ele>20.805128</ele><time>2026-04-04T15:42:30Z</time><extensions><speed>0.035513</speed><course>11.115426</course><hAcc>3.455236</hAcc><vAcc>2.055649</vAcc></extensions></trkpt>
      <trkpt lon="-77.021737" lat="38.902853"><ele>20.789687</ele><time>2026-04-04T15:42:31Z</time><extensions><speed>0.050113</speed><course>6.113002</course><hAcc>3.452713</hAcc><vAcc>2.060968</vAcc></extensions></trkpt>
      <trkpt lon="-77.021737" lat="38.902854"><ele>20.769978</ele><time>2026-04-04T15:42:32Z</time><extensions><speed>0.086185</speed><course>2.275688</course><hAcc>3.448538</hAcc><vAcc>2.067782</vAcc></extensions></trkpt>
      <trkpt lon="-77.021737" lat="38.902854"><ele>20.752714</ele><time>2026-04-04T15:42:33Z</time><extensions><speed>0.059141</speed><course>3.467600</course><hAcc>3.445836</hAcc><vAcc>2.072719</vAcc></extensions></trkpt>
      <trkpt lon="-77.021737" lat="38.902855"><ele>20.736822</ele><time>2026-04-04T15:42:34Z</time><extensions><speed>0.041065</speed><course>4.878066</course><hAcc>3.443288</hAcc><vAcc>2.077474</vAcc></extensions></trkpt>
      <trkpt lon="-77.021737" lat="38.902855"><ele>20.719225</ele><time>2026-04-04T15:42:35Z</time><extensions><speed>0.048188</speed><course>3.424473</course><hAcc>3.438342</hAcc><vAcc>2.082958</vAcc></extensions></trkpt>
      <trkpt lon="-77.021737" lat="38.902855"><ele>20.707523</ele><time>2026-04-04T15:42:36Z</time><extensions><speed>0.050784</speed><course>2.479492</course><hAcc>3.441105</hAcc><vAcc>2.090127</vAcc></extensions></trkpt>
      <trkpt lon="-77.021737" lat="38.902856"><ele>20.707299</ele><time>2026-04-04T15:42:37Z</time><extensions><speed>0.076938</speed><course>0.618314</course><hAcc>3.443814</hAcc><vAcc>2.096550</vAcc></extensions></trkpt>
      <trkpt lon="-77.021737" lat="38.902857"><ele>20.710203</ele><time>2026-04-04T15:42:38Z</time><extensions><speed>0.114203</speed><course>359.628025</course><hAcc>3.442061</hAcc><vAcc>2.103254</vAcc></extensions></trkpt>
      <trkpt lon="-77.021737" lat="38.902859"><ele>20.707745</ele><time>2026-04-04T15:42:39Z</time><extensions><speed>0.131127</speed><course>359.299866</course><hAcc>3.438982</hAcc><vAcc>2.109681</vAcc></extensions></trkpt>
      <trkpt lon="-77.021737" lat="38.902860"><ele>20.705897</ele><time>2026-04-04T15:42:40Z</time><extensions><speed>0.084241</speed><course>359.706441</course><hAcc>3.436765</hAcc><vAcc>2.114784</vAcc></extensions></trkpt>
      <trkpt lon="-77.021737" lat="38.902861"><ele>20.717625</ele><time>2026-04-04T15:42:41Z</time><extensions><speed>0.067259</speed><course>359.865511</course><hAcc>3.430990</hAcc><vAcc>2.119587</vAcc></extensions></trkpt>
      <trkpt lon="-77.021737" lat="38.902862"><ele>20.740789</ele><time>2026-04-04T15:42:42Z</time><extensions><speed>0.082682</speed><course>359.412098</course><hAcc>3.420121</hAcc><vAcc>2.130954</vAcc></extensions></trkpt>
      <trkpt lon="-77.021737" lat="38.902863"><ele>20.771179</ele><time>2026-04-04T15:42:43Z</time><extensions><speed>0.117837</speed><course>358.938231</course><hAcc>3.406996</hAcc><vAcc>2.141178</vAcc></extensions></trkpt>
      <trkpt lon="-77.021737" lat="38.902865"><ele>20.791337</ele><time>2026-04-04T15:42:44Z</time><extensions><speed>0.194883</speed><course>358.590125</course><hAcc>3.389691</hAcc><vAcc>2.152549</vAcc></extensions></trkpt>
      <trkpt lon="-77.021737" lat="38.902867"><ele>20.800548</ele><time>2026-04-04T15:42:44Z</time><extensions><speed>0.315175</speed><course>358.389095</course><hAcc>3.376179</hAcc><vAcc>2.162844</vAcc></extensions></trkpt>
      <trkpt lon="-77.021737" lat="38.902872"><ele>20.815528</ele><time>2026-04-04T15:42:45Z</time><extensions><speed>0.576234</speed><course>358.283759</course><hAcc>3.365577</hAcc><vAcc>2.170728</vAcc></extensions></trkpt>
      <trkpt lon="-77.021738" lat="38.902879"><ele>20.835913</ele><time>2026-04-04T15:42:46Z</time><extensions><speed>0.890862</speed><course>358.228292</course><hAcc>3.364686</hAcc><vAcc>2.183037</vAcc></extensions></trkpt>
      <trkpt lon="-77.021738" lat="38.902888"><ele>20.858679</ele><time>2026-04-04T15:42:47Z</time><extensions><speed>1.250743</speed><course>358.206326</course><hAcc>3.347311</hAcc><vAcc>2.189014</vAcc></extensions></trkpt>
      <trkpt lon="-77.021739" lat="38.902901"><ele>20.875607</ele><time>2026-04-04T15:42:48Z</time><extensions><speed>1.467419</speed><course>358.201987</course><hAcc>3.316632</hAcc><vAcc>2.197488</vAcc></extensions></trkpt>
      <trkpt lon="-77.021739" lat="38.902914"><ele>20.894527</ele><time>2026-04-04T15:42:50Z</time><extensions><speed>1.417088</speed><course>358.206182</course><hAcc>3.284809</hAcc><vAcc>2.205085</vAcc></extensions></trkpt>
      <trkpt lon="-77.021740" lat="38.902927"><ele>20.912377</ele><time>2026-04-04T15:42:51Z</time><extensions><speed>1.400016</speed><course>358.210529</course><hAcc>3.256727</hAcc><vAcc>2.207800</vAcc></extensions></trkpt>
      <trkpt lon="-77.021740" lat="38.902940"><ele>20.931084</ele><time>2026-04-04T15:42:52Z</time><extensions><speed>1.586606</speed><course>358.189229</course><hAcc>3.233808</hAcc><vAcc>2.206507</vAcc></extensions></trkpt>
      <trkpt lon="-77.021741" lat="38.902955"><ele>20.950603</ele><time>2026-04-04T15:42:53Z</time><extensions><speed>1.614334</speed><course>358.187243</course><hAcc>3.215660</hAcc><vAcc>2.216100</vAcc></extensions></trkpt>
      <trkpt lon="-77.021741" lat="38.902969"><ele>20.971304</ele><time>2026-04-04T15:42:54Z</time><extensions><speed>1.485909</speed><course>358.211591</course><hAcc>3.204443</hAcc><vAcc>2.223152</vAcc></extensions></trkpt>
      <trkpt lon="-77.021742" lat="38.902982"><ele>20.989597</ele><time>2026-04-04T15:42:55Z</time><extensions><speed>1.442886</speed><course>358.376114</course><hAcc>3.178989</hAcc><vAcc>2.231061</vAcc></extensions></trkpt>
      <trkpt lon="-77.021742" lat="38.902995"><ele>21.011567</ele><time>2026-04-04T15:42:56Z</time><extensions><speed>1.545808</speed><course>358.848854</course><hAcc>3.159746</hAcc><vAcc>2.237881</vAcc></extensions></trkpt>
      <trkpt lon="-77.021742" lat="38.903008"><ele>21.056030</ele><time>2026-04-04T15:42:57Z</time><extensions><speed>1.421121</speed><course>359.054174</course><hAcc>3.151931</hAcc><vAcc>2.241140</vAcc></extensions></trkpt>
      <trkpt lon="-77.021742" lat="38.903020"><ele>21.094111</ele><time>2026-04-04T15:42:58Z</time><extensions><speed>1.355659</speed><course>359.250255</course><hAcc>3.131206</hAcc><vAcc>2.240019</vAcc></extensions></trkpt>
      <trkpt lon="-77.021742" lat="38.903032"><ele>21.125390</ele><time>2026-04-04T15:42:59Z</time><extensions><speed>1.432388</speed><course>359.425854</course><hAcc>3.119174</hAcc><vAcc>2.244506</vAcc></extensions></trkpt>
      <trkpt lon="-77.021742" lat="38.903045"><ele>21.157353</ele><time>2026-04-04T15:43:00Z</time><extensions><speed>1.400755</speed><course>359.782168</course><hAcc>3.113209</hAcc><vAcc>2.244052</vAcc></extensions></trkpt>
      <trkpt lon="-77.021741" lat="38.903056"><ele>21.200244</ele><time>2026-04-04T15:43:01Z</time><extensions><speed>1.324565</speed><course>0.590762</course><hAcc>3.110885</hAcc><vAcc>2.240973</vAcc></extensions></trkpt>
      <trkpt lon="-77.021739" lat="38.903066"><ele>21.240220</ele><time>2026-04-04T15:43:02Z</time><extensions><speed>1.256073</speed><course>3.313295</course><hAcc>3.111995</hAcc><vAcc>2.235501</vAcc></extensions></trkpt>
      <trkpt lon="-77.021734" lat="38.903076"><ele>21.281414</ele><time>2026-04-04T15:43:03Z</time><extensions><speed>1.229920</speed><course>5.647130</course><hAcc>3.114745</hAcc><vAcc>2.229195</vAcc></extensions></trkpt>
      <trkpt lon="-77.021729" lat="38.903085"><ele>21.333396</ele><time>2026-04-04T15:43:04Z</time><extensions><speed>1.089625</speed><course>8.056246</course><hAcc>3.117681</hAcc><vAcc>2.227533</vAcc></extensions></trkpt>
      <trkpt lon="-77.021724" lat="38.903093"><ele>21.388955</ele><time>2026-04-04T15:43:05Z</time><extensions><speed>0.961386</speed><course>9.907906</course><hAcc>3.124135</hAcc><vAcc>2.220245</vAcc></extensions></trkpt>
      <trkpt lon="-77.021719" lat="38.903101"><ele>21.445956</ele><time>2026-04-04T15:43:06Z</time><extensions><speed>0.941956</speed><course>11.876563</course><hAcc>3.119520</hAcc><vAcc>2.211371</vAcc></extensions></trkpt>
      <trkpt lon="-77.021713" lat="38.903110"><ele>21.504357</ele><time>2026-04-04T15:43:07Z</time><extensions><speed>1.167388</speed><course>13.264103</course><hAcc>3.106617</hAcc><vAcc>2.206007</vAcc></extensions></trkpt>
      <trkpt lon="-77.021707" lat="38.903120"><ele>21.575618</ele><time>2026-04-04T15:43:08Z</time><extensions><speed>1.232393</speed><course>15.952621</course><hAcc>3.104031</hAcc><vAcc>2.200466</vAcc></extensions></trkpt>
      <trkpt lon="-77.021700" lat="38.903129"><ele>21.636802</ele><time>2026-04-04T15:43:09Z</time><extensions><speed>1.040468</speed><course>23.541199</course><hAcc>3.109853</hAcc><vAcc>2.198287</vAcc></extensions></trkpt>
      <trkpt lon="-77.021692" lat="38.903132"><ele>21.689792</ele><time>2026-04-04T15:43:10Z</time><extensions><speed>0.479347</speed><course>107.661063</course><hAcc>3.110761</hAcc><vAcc>2.196743</vAcc></extensions></trkpt>
      <trkpt lon="-77.021683" lat="38.903133"><ele>21.742840</ele><time>2026-04-04T15:43:11Z</time><extensions><speed>0.791741</speed><course>63.963591</course><hAcc>3.113187</hAcc><vAcc>2.193432</vAcc></extensions></trkpt>
      <trkpt lon="-77.021669" lat="38.903134"><ele>21.796389</ele><time>2026-04-04T15:43:12Z</time><extensions><speed>1.297873</speed><course>92.666996</course><hAcc>3.116081</hAcc><vAcc>2.188869</vAcc></extensions></trkpt>
      <trkpt lon="-77.021651" lat="38.903134"><ele>21.851359</ele><time>2026-04-04T15:43:13Z</time><extensions><speed>1.443482</speed><course>81.849140</course><hAcc>3.121948</hAcc><vAcc>2.186063</vAcc></extensions></trkpt>
      <trkpt lon="-77.021634" lat="38.903136"><ele>21.898164</ele><time>2026-04-04T15:43:14Z</time><extensions><speed>1.304842</speed><course>79.112721</course><hAcc>3.124496</hAcc><vAcc>2.184847</vAcc></extensions></trkpt>
      <trkpt lon="-77.021617" lat="38.903138"><ele>21.944110</ele><time>2026-04-04T15:43:15Z</time><extensions><speed>1.264631</speed><course>79.766358</course><hAcc>3.115093</hAcc><vAcc>2.180862</vAcc></extensions></trkpt>
      <trkpt lon="-77.021601" lat="38.903140"><ele>21.996375</ele><time>2026-04-04T15:43:16Z</time><extensions><speed>1.264602</speed><course>77.370189</course><hAcc>3.125321</hAcc><vAcc>2.175750</vAcc></extensions></trkpt>
      <trkpt lon="-77.021585" lat="38.903143"><ele>22.037183</ele><time>2026-04-04T15:43:17Z</time><extensions><speed>1.381016</speed><course>74.931765</course><hAcc>3.133003</hAcc><vAcc>2.163452</vAcc></extensions></trkpt>
      <trkpt lon="-77.021566" lat="38.903146"><ele>22.069327</ele><time>2026-04-04T15:43:18Z</time><extensions><speed>1.600443</speed><course>73.008731</course><hAcc>3.132903</hAcc><vAcc>2.156993</vAcc></extensions></trkpt>
      <trkpt lon="-77.021547" lat="38.903151"><ele>22.118946</ele><time>2026-04-04T15:43:19Z</time><extensions><speed>1.705433</speed><course>72.823721</course><hAcc>3.126902</hAcc><vAcc>2.144366</vAcc></extensions></trkpt>
      <trkpt lon="-77.021527" lat="38.903155"><ele>22.166299</ele><time>2026-04-04T15:43:20Z</time><extensions><speed>1.679754</speed><course>72.161546</course><hAcc>3.123951</hAcc><vAcc>2.125912</vAcc></extensions></trkpt>
      <trkpt lon="-77.021507" lat="38.903160"><ele>22.191932</ele><time>2026-04-04T15:43:21Z</time><extensions><speed>1.668279</speed><course>70.852361</course><hAcc>3.119609</hAcc><vAcc>2.116080</vAcc></extensions></trkpt>
      <trkpt lon="-77.021488" lat="38.903165"><ele>22.216835</ele><time>2026-04-04T15:43:22Z</time><extensions><speed>1.682237</speed><course>70.426405</course><hAcc>3.110725</hAcc><vAcc>2.105093</vAcc></extensions></trkpt>
      <trkpt lon="-77.021469" lat="38.903170"><ele>22.235930</ele><time>2026-04-04T15:43:23Z</time><extensions><speed>1.674152</speed><course>70.006839</course><hAcc>3.106385</hAcc><vAcc>2.090414</vAcc></extensions></trkpt>
      <trkpt lon="-77.021450" lat="38.903175"><ele>22.223610</ele><time>2026-04-04T15:43:24Z</time><extensions><speed>1.625878</speed><course>70.474139</course><hAcc>3.096822</hAcc><vAcc>2.074256</vAcc></extensions></trkpt>
      <trkpt lon="-77.021431" lat="38.903180"><ele>22.212420</ele><time>2026-04-04T15:43:25Z</time><extensions><speed>1.617441</speed><course>70.413438</course><hAcc>3.091237</hAcc><vAcc>2.060895</vAcc></extensions></trkpt>
      <trkpt lon="-77.021413" lat="38.903185"><ele>22.207358</ele><time>2026-04-04T15:43:26Z</time><extensions><speed>1.585944</speed><course>70.025702</course><hAcc>3.092351</hAcc><vAcc>2.046071</vAcc></extensions></trkpt>
      <trkpt lon="-77.021395" lat="38.903190"><ele>22.233087</ele><time>2026-04-04T15:43:27Z</time><extensions><speed>1.548520</speed><course>69.416368</course><hAcc>3.096737</hAcc><vAcc>2.029505</vAcc></extensions></trkpt>
      <trkpt lon="-77.021377" lat="38.903195"><ele>22.254732</ele><time>2026-04-04T15:43:28Z</time><extensions><speed>1.522110</speed><course>68.392070</course><hAcc>3.108370</hAcc><vAcc>2.011754</vAcc></extensions></trkpt>
      <trkpt lon="-77.021360" lat="38.903200"><ele>22.273728</ele><time>2026-04-04T15:43:29Z</time><extensions><speed>1.516518</speed><course>68.509312</course><hAcc>3.100174</hAcc><vAcc>1.993518</vAcc></extensions></trkpt>
      <trkpt lon="-77.021343" lat="38.903205"><ele>22.287237</ele><time>2026-04-04T15:43:30Z</time><extensions><speed>1.552030</speed><course>68.487398</course><hAcc>3.100688</hAcc><vAcc>1.975539</vAcc></extensions></trkpt>
      <trkpt lon="-77.021326" lat="38.903210"><ele>22.300931</ele><time>2026-04-04T15:43:31Z</time><extensions><speed>1.462209</speed><course>68.664675</course><hAcc>3.106135</hAcc><vAcc>1.959521</vAcc></extensions></trkpt>
      <trkpt lon="-77.021311" lat="38.903215"><ele>22.311361</ele><time>2026-04-04T15:43:32Z</time><extensions><speed>1.257141</speed><course>69.145466</course><hAcc>3.103564</hAcc><vAcc>1.944241</vAcc></extensions></trkpt>
      <trkpt lon="-77.021297" lat="38.903219"><ele>22.316773</ele><time>2026-04-04T15:43:33Z</time><extensions><speed>1.175933</speed><course>68.755733</course><hAcc>3.126479</hAcc><vAcc>1.929456</vAcc></extensions></trkpt>
      <trkpt lon="-77.021284" lat="38.903223"><ele>22.338830</ele><time>2026-04-04T15:43:34Z</time><extensions><speed>1.154222</speed><course>68.372476</course><hAcc>3.147534</hAcc><vAcc>1.913832</vAcc></extensions></trkpt>
      <trkpt lon="-77.021270" lat="38.903227"><ele>22.373727</ele><time>2026-04-04T15:43:35Z</time><extensions><speed>1.187292</speed><course>68.001877</course><hAcc>3.160260</hAcc><vAcc>1.899010</vAcc></extensions></trkpt>
      <trkpt lon="-77.021255" lat="38.903231"><ele>22.412892</ele><time>2026-04-04T15:43:36Z</time><extensions><speed>1.485724</speed><course>67.520683</course><hAcc>3.165412</hAcc><vAcc>1.882978</vAcc></extensions></trkpt>
      <trkpt lon="-77.021239" lat="38.903237"><ele>22.485616</ele><time>2026-04-04T15:43:37Z</time><extensions><speed>1.516662</speed><course>67.370832</course><hAcc>3.171297</hAcc><vAcc>1.867201</vAcc></extensions></trkpt>
      <trkpt lon="-77.021222" lat="38.903242"><ele>22.546034</ele><time>2026-04-04T15:43:38Z</time><extensions><speed>1.458894</speed><course>67.312631</course><hAcc>3.177337</hAcc><vAcc>1.847741</vAcc></extensions></trkpt>
      <trkpt lon="-77.021206" lat="38.903247"><ele>22.587232</ele><time>2026-04-04T15:43:39Z</time><extensions><speed>1.384802</speed><course>67.278157</course><hAcc>3.183379</hAcc><vAcc>1.827509</vAcc></extensions></trkpt>
      <trkpt lon="-77.021191" lat="38.903252"><ele>22.615851</ele><time>2026-04-04T15:43:40Z</time><extensions><speed>1.353839</speed><course>67.214250</course><hAcc>3.188703</hAcc><vAcc>1.806855</vAcc></extensions></trkpt>
      <trkpt lon="-77.021176" lat="38.903257"><ele>22.635931</ele><time>2026-04-04T15:43:41Z</time><extensions><speed>1.229567</speed><course>67.250892</course><hAcc>3.188261</hAcc><vAcc>1.786599</vAcc></extensions></trkpt>
      <trkpt lon="-77.021163" lat="38.903261"><ele>22.628082</ele><time>2026-04-04T15:43:42Z</time><extensions><speed>1.102646</speed><course>67.460098</course><hAcc>3.180442</hAcc><vAcc>1.765462</vAcc></extensions></trkpt>
      <trkpt lon="-77.021150" lat="38.903265"><ele>22.568304</ele><time>2026-04-04T15:43:43Z</time><extensions><speed>1.059413</speed><course>67.381182</course><hAcc>3.192543</hAcc><vAcc>1.742651</vAcc></extensions></trkpt>
      <trkpt lon="-77.021138" lat="38.903269"><ele>22.506532</ele><time>2026-04-04T15:43:44Z</time><extensions><speed>1.168304</speed><course>67.017824</course><hAcc>3.214859</hAcc><vAcc>1.719033</vAcc></extensions></trkpt>
      <trkpt lon="-77.021123" lat="38.903274"><ele>22.443060</ele><time>2026-04-04T15:43:45Z</time><extensions><speed>1.391815</speed><course>66.721955</course><hAcc>3.223388</hAcc><vAcc>1.695044</vAcc></extensions></trkpt>
      <trkpt lon="-77.021106" lat="38.903280"><ele>22.387275</ele><time>2026-04-04T15:43:46Z</time><extensions><speed>1.488555</speed><course>66.507104</course><hAcc>3.222389</hAcc><vAcc>1.670697</vAcc></extensions></trkpt>
      <trkpt lon="-77.021089" lat="38.903286"><ele>22.332791</ele><time>2026-04-04T15:43:47Z</time><extensions><speed>1.527367</speed><course>66.395863</course><hAcc>3.218666</hAcc><vAcc>1.645537</vAcc></extensions></trkpt>
      <trkpt lon="-77.021072" lat="38.903292"><ele>22.304284</ele><time>2026-04-04T15:43:48Z</time><extensions><speed>1.464017</speed><course>66.369398</course><hAcc>3.210385</hAcc><vAcc>1.622512</vAcc></extensions></trkpt>
      <trkpt lon="-77.021056" lat="38.903297"><ele>22.283260</ele><time>2026-04-04T15:43:49Z</time><extensions><speed>1.355141</speed><course>66.360314</course><hAcc>3.203121</hAcc><vAcc>1.597984</vAcc></extensions></trkpt>
      <trkpt lon="-77.021041" lat="38.903302"><ele>22.259257</ele><time>2026-04-04T15:43:50Z</time><extensions><speed>1.258919</speed><course>66.352602</course><hAcc>3.195453</hAcc><vAcc>1.580295</vAcc></extensions></trkpt>
      <trkpt lon="-77.021027" lat="38.903307"><ele>22.230840</ele><time>2026-04-04T15:43:51Z</time><extensions><speed>1.225986</speed><course>66.321371</course><hAcc>3.189610</hAcc><vAcc>1.562329</vAcc></extensions></trkpt>
      <trkpt lon="-77.021013" lat="38.903312"><ele>22.193490</ele><time>2026-04-04T15:43:52Z</time><extensions><speed>1.209223</speed><course>66.277430</course><hAcc>3.186878</hAcc><vAcc>1.544307</vAcc></extensions></trkpt>
      <trkpt lon="-77.021000" lat="38.903316"><ele>22.140053</ele><time>2026-04-04T15:43:53Z</time><extensions><speed>1.063216</speed><course>66.250747</course><hAcc>3.184412</hAcc><vAcc>1.528583</vAcc></extensions></trkpt>
      <trkpt lon="-77.020988" lat="38.903320"><ele>22.101314</ele><time>2026-04-04T15:43:54Z</time><extensions><speed>0.995854</speed><course>66.260808</course><hAcc>3.170943</hAcc><vAcc>1.513610</vAcc></extensions></trkpt>
      <trkpt lon="-77.020976" lat="38.903324"><ele>22.043436</ele><time>2026-04-04T15:43:55Z</time><extensions><speed>1.227014</speed><course>66.150200</course><hAcc>3.167596</hAcc><vAcc>1.498013</vAcc></extensions></trkpt>
      <trkpt lon="-77.020960" lat="38.903330"><ele>21.979336</ele><time>2026-04-04T15:43:56Z</time><extensions><speed>1.475587</speed><course>66.043399</course><hAcc>3.123154</hAcc><vAcc>1.483771</vAcc></extensions></trkpt>
      <trkpt lon="-77.020938" lat="38.903338"><ele>21.815952</ele><time>2026-04-04T15:43:57Z</time><extensions><speed>1.494675</speed><course>66.080225</course><hAcc>2.738734</hAcc><vAcc>1.357116</vAcc></extensions></trkpt>
      <trkpt lon="-77.020922" lat="38.903343"><ele>21.765614</ele><time>2026-04-04T15:43:58Z</time><extensions><speed>1.494424</speed><course>66.077924</course><hAcc>2.648746</hAcc><vAcc>1.347405</vAcc></extensions></trkpt>
      <trkpt lon="-77.020906" lat="38.903348"><ele>21.714796</ele><time>2026-04-04T15:43:59Z</time><extensions><speed>1.492634</speed><course>66.076583</course><hAcc>2.580996</hAcc><vAcc>1.338650</vAcc></extensions></trkpt>
      <trkpt lon="-77.020891" lat="38.903354"><ele>21.663437</ele><time>2026-04-04T15:44:00Z</time><extensions><speed>1.485638</speed><course>66.076097</course><hAcc>2.530872</hAcc><vAcc>1.330802</vAcc></extensions></trkpt>
      <trkpt lon="-77.020875" lat="38.903359"><ele>21.611659</ele><time>2026-04-04T15:44:01Z</time><extensions><speed>1.476309</speed><course>66.075784</course><hAcc>2.494473</hAcc><vAcc>1.323787</vAcc></extensions></trkpt>
      <trkpt lon="-77.020859" lat="38.903365"><ele>21.559676</ele><time>2026-04-04T15:44:02Z</time><extensions><speed>1.464323</speed><course>66.076154</course><hAcc>2.468627</hAcc><vAcc>1.317531</vAcc></extensions></trkpt>
      <trkpt lon="-77.020844" lat="38.903370"><ele>21.507838</ele><time>2026-04-04T15:44:03Z</time><extensions><speed>1.449946</speed><course>66.076786</course><hAcc>2.450872</hAcc><vAcc>1.311967</vAcc></extensions></trkpt>
      <trkpt lon="-77.020829" lat="38.903375"><ele>21.456157</ele><time>2026-04-04T15:44:04Z</time><extensions><speed>1.434522</speed><course>66.078142</course><hAcc>2.439106</hAcc><vAcc>1.307043</vAcc></extensions></trkpt>
      <trkpt lon="-77.020814" lat="38.903381"><ele>21.404932</ele><time>2026-04-04T15:44:05Z</time><extensions><speed>1.419364</speed><course>66.079860</course><hAcc>2.431688</hAcc><vAcc>1.302716</vAcc></extensions></trkpt>
      <trkpt lon="-77.020799" lat="38.903386"><ele>21.354444</ele><time>2026-04-04T15:44:06Z</time><extensions><speed>1.405007</speed><course>66.082110</course><hAcc>2.427278</hAcc><vAcc>1.298957</vAcc></extensions></trkpt>
      <trkpt lon="-77.020784" lat="38.903391"><ele>21.304659</ele><time>2026-04-04T15:44:07Z</time><extensions><speed>1.394615</speed><course>66.085282</course><hAcc>2.424849</hAcc><vAcc>1.295731</vAcc></extensions></trkpt>
      <trkpt lon="-77.020770" lat="38.903396"><ele>21.256180</ele><time>2026-04-04T15:44:08Z</time><extensions><speed>1.385880</speed><course>66.089158</course><hAcc>2.423761</hAcc><vAcc>1.292992</vAcc></extensions></trkpt>
      <trkpt lon="-77.020755" lat="38.903401"><ele>21.209217</ele><time>2026-04-04T15:44:09Z</time><extensions><speed>1.378741</speed><course>66.093622</course><hAcc>2.423586</hAcc><vAcc>1.290666</vAcc></extensions></trkpt>
      <trkpt lon="-77.020740" lat="38.903406"><ele>21.163945</ele><time>2026-04-04T15:44:10Z</time><extensions><speed>1.373501</speed><course>66.098917</course><hAcc>2.423960</hAcc><vAcc>1.288651</vAcc></extensions></trkpt>
      <trkpt lon="-77.020726" lat="38.903411"><ele>21.119977</ele><time>2026-04-04T15:44:11Z</time><extensions><speed>1.367962</speed><course>66.105808</course><hAcc>2.424594</hAcc><vAcc>1.286835</vAcc></extensions></trkpt>
      <trkpt lon="-77.020712" lat="38.903416"><ele>21.077417</ele><time>2026-04-04T15:44:12Z</time><extensions><speed>1.362528</speed><course>66.113971</course><hAcc>2.425353</hAcc><vAcc>1.285110</vAcc></extensions></trkpt>
      <trkpt lon="-77.020697" lat="38.903421"><ele>21.036222</ele><time>2026-04-04T15:44:13Z</time><extensions><speed>1.358652</speed><course>66.123016</course><hAcc>2.426143</hAcc><vAcc>1.283376</vAcc></extensions></trkpt>
      <trkpt lon="-77.020683" lat="38.903426"><ele>20.996432</ele><time>2026-04-04T15:44:14Z</time><extensions><speed>1.359175</speed><course>66.132924</course><hAcc>2.426801</hAcc><vAcc>1.281547</vAcc></extensions></trkpt>
      <trkpt lon="-77.020668" lat="38.903431"><ele>20.958033</ele><time>2026-04-04T15:44:15Z</time><extensions><speed>1.360057</speed><course>66.143973</course><hAcc>2.427247</hAcc><vAcc>1.279558</vAcc></extensions></trkpt>
      <trkpt lon="-77.020654" lat="38.903436"><ele>20.920958</ele><time>2026-04-04T15:44:16Z</time><extensions><speed>1.360880</speed><course>66.157875</course><hAcc>2.427365</hAcc><vAcc>1.277382</vAcc></extensions></trkpt>
      <trkpt lon="-77.020639" lat="38.903441"><ele>20.885422</ele><time>2026-04-04T15:44:17Z</time><extensions><speed>1.361178</speed><course>66.173545</course><hAcc>2.427308</hAcc><vAcc>1.275026</vAcc></extensions></trkpt>
      <trkpt lon="-77.020625" lat="38.903446"><ele>20.851302</ele><time>2026-04-04T15:44:18Z</time><extensions><speed>1.361190</speed><course>66.190738</course><hAcc>2.427304</hAcc><vAcc>1.272526</vAcc></extensions></trkpt>
      <trkpt lon="-77.020611" lat="38.903451"><ele>20.818559</ele><time>2026-04-04T15:44:19Z</time><extensions><speed>1.362882</speed><course>66.205991</course><hAcc>2.427538</hAcc><vAcc>1.269925</vAcc></extensions></trkpt>
      <trkpt lon="-77.020596" lat="38.903456"><ele>20.787262</ele><time>2026-04-04T15:44:20Z</time><extensions><speed>1.367373</speed><course>66.219764</course><hAcc>2.428078</hAcc><vAcc>1.267248</vAcc></extensions></trkpt>
      <trkpt lon="-77.020582" lat="38.903461"><ele>20.757456</ele><time>2026-04-04T15:44:21Z</time><extensions><speed>1.374520</speed><course>66.231636</course><hAcc>2.428811</hAcc><vAcc>1.264480</vAcc></extensions></trkpt>
      <trkpt lon="-77.020567" lat="38.903466"><ele>20.729249</ele><time>2026-04-04T15:44:22Z</time><extensions><speed>1.382300</speed><course>66.241547</course><hAcc>2.429570</hAcc><vAcc>1.261576</vAcc></extensions></trkpt>
      <trkpt lon="-77.020552" lat="38.903471"><ele>20.702832</ele><time>2026-04-04T15:44:23Z</time><extensions><speed>1.389074</speed><course>66.249451</course><hAcc>2.430139</hAcc><vAcc>1.258475</vAcc></extensions></trkpt>
      <trkpt lon="-77.020537" lat="38.903476"><ele>20.678484</ele><time>2026-04-04T15:44:24Z</time><extensions><speed>1.391464</speed><course>66.255373</course><hAcc>2.430278</hAcc><vAcc>1.255110</vAcc></extensions></trkpt>
      <trkpt lon="-77.020523" lat="38.903481"><ele>20.656611</ele><time>2026-04-04T15:44:25Z</time><extensions><speed>1.392303</speed><course>66.258742</course><hAcc>2.429754</hAcc><vAcc>1.251425</vAcc></extensions></trkpt>
      <trkpt lon="-77.020508" lat="38.903486"><ele>20.637124</ele><time>2026-04-04T15:44:26Z</time><extensions><speed>1.393795</speed><course>66.260569</course><hAcc>2.428699</hAcc><vAcc>1.247402</vAcc></extensions></trkpt>
      <trkpt lon="-77.020493" lat="38.903491"><ele>20.619838</ele><time>2026-04-04T15:44:27Z</time><extensions><speed>1.396320</speed><course>66.261103</course><hAcc>2.427301</hAcc><vAcc>1.243075</vAcc></extensions></trkpt>
      <trkpt lon="-77.020478" lat="38.903496"><ele>20.605011</ele><time>2026-04-04T15:44:28Z</time><extensions><speed>1.399861</speed><course>66.260096</course><hAcc>2.425677</hAcc><vAcc>1.238519</vAcc></extensions></trkpt>
      <trkpt lon="-77.020464" lat="38.903501"><ele>20.592500</ele><time>2026-04-04T15:44:29Z</time><extensions><speed>1.402449</speed><course>66.257746</course><hAcc>2.423917</hAcc><vAcc>1.233825</vAcc></extensions></trkpt>
      <trkpt lon="-77.020449" lat="38.903506"><ele>20.582453</ele><time>2026-04-04T15:44:30Z</time><extensions><speed>1.401315</speed><course>66.253803</course><hAcc>2.422041</hAcc><vAcc>1.229102</vAcc></extensions></trkpt>
      <trkpt lon="-77.020434" lat="38.903512"><ele>20.574847</ele><time>2026-04-04T15:44:31Z</time><extensions><speed>1.396341</speed><course>66.248348</course><hAcc>2.420062</hAcc><vAcc>1.224478</vAcc></extensions></trkpt>
      <trkpt lon="-77.020419" lat="38.903517"><ele>20.569812</ele><time>2026-04-04T15:44:32Z</time><extensions><speed>1.389027</speed><course>66.241386</course><hAcc>2.417957</hAcc><vAcc>1.220100</vAcc></extensions></trkpt>
      <trkpt lon="-77.020405" lat="38.903522"><ele>20.567005</ele><time>2026-04-04T15:44:33Z</time><extensions><speed>1.378404</speed><course>66.233171</course><hAcc>2.415692</hAcc><vAcc>1.216113</vAcc></extensions></trkpt>
      <trkpt lon="-77.020390" lat="38.903527"><ele>20.566697</ele><time>2026-04-04T15:44:34Z</time><extensions><speed>1.364804</speed><course>66.229731</course><hAcc>2.413235</hAcc><vAcc>1.212676</vAcc></extensions></trkpt>
      <trkpt lon="-77.020376" lat="38.903532"><ele>20.568808</ele><time>2026-04-04T15:44:35Z</time><extensions><speed>1.350081</speed><course>66.230798</course><hAcc>2.410840</hAcc><vAcc>1.209991</vAcc></extensions></trkpt>
      <trkpt lon="-77.020362" lat="38.903536"><ele>20.573134</ele><time>2026-04-04T15:44:36Z</time><extensions><speed>1.337291</speed><course>66.234494</course><hAcc>2.408807</hAcc><vAcc>1.208327</vAcc></extensions></trkpt>
      <trkpt lon="-77.020348" lat="38.903541"><ele>20.579989</ele><time>2026-04-04T15:44:37Z</time><extensions><speed>1.325633</speed><course>66.241937</course><hAcc>2.407506</hAcc><vAcc>1.208001</vAcc></extensions></trkpt>
      <trkpt lon="-77.020334" lat="38.903546"><ele>20.589393</ele><time>2026-04-04T15:44:38Z</time><extensions><speed>1.317038</speed><course>66.249798</course><hAcc>2.407334</hAcc><vAcc>1.209348</vAcc></extensions></trkpt>
      <trkpt lon="-77.020320" lat="38.903551"><ele>20.601181</ele><time>2026-04-04T15:44:39Z</time><extensions><speed>1.311825</speed><course>66.257431</course><hAcc>2.408563</hAcc><vAcc>1.212660</vAcc></extensions></trkpt>
      <trkpt lon="-77.020306" lat="38.903556"><ele>20.615013</ele><time>2026-04-04T15:44:40Z</time><extensions><speed>1.307812</speed><course>66.265408</course><hAcc>2.411254</hAcc><vAcc>1.218141</vAcc></extensions></trkpt>
      <trkpt lon="-77.020292" lat="38.903560"><ele>20.630910</ele><time>2026-04-04T15:44:41Z</time><extensions><speed>1.303906</speed><course>66.273926</course><hAcc>2.415253</hAcc><vAcc>1.225876</vAcc></extensions></trkpt>
      <trkpt lon="-77.020279" lat="38.903565"><ele>20.649039</ele><time>2026-04-04T15:44:42Z</time><extensions><speed>1.301256</speed><course>66.282908</course><hAcc>2.420177</hAcc><vAcc>1.235810</vAcc></extensions></trkpt>
      <trkpt lon="-77.020265" lat="38.903570"><ele>20.669054</ele><time>2026-04-04T15:44:43Z</time><extensions><speed>1.296856</speed><course>66.294767</course><hAcc>2.425495</hAcc><vAcc>1.247761</vAcc></extensions></trkpt>
      <trkpt lon="-77.020251" lat="38.903574"><ele>20.690560</ele><time>2026-04-04T15:44:44Z</time><extensions><speed>1.288233</speed><course>66.310680</course><hAcc>2.430663</hAcc><vAcc>1.261463</vAcc></extensions></trkpt>
      <trkpt lon="-77.020238" lat="38.903579"><ele>20.713052</ele><time>2026-04-04T15:44:45Z</time><extensions><speed>1.273956</speed><course>66.310052</course><hAcc>2.435255</hAcc><vAcc>1.276603</vAcc></extensions></trkpt>
      <trkpt lon="-77.020224" lat="38.903584"><ele>20.736783</ele><time>2026-04-04T15:44:46Z</time><extensions><speed>1.253515</speed><course>66.297817</course><hAcc>2.439162</hAcc><vAcc>1.292845</vAcc></extensions></trkpt>
      <trkpt lon="-77.020211" lat="38.903588"><ele>20.761624</ele><time>2026-04-04T15:44:47Z</time><extensions><speed>1.228362</speed><course>66.267579</course><hAcc>2.442384</hAcc><vAcc>1.309867</vAcc></extensions></trkpt>
      <trkpt lon="-77.020198" lat="38.903592"><ele>20.787486</ele><time>2026-04-04T15:44:48Z</time><extensions><speed>1.202623</speed><course>66.227173</course><hAcc>2.445220</hAcc><vAcc>1.327369</vAcc></extensions></trkpt>
      <trkpt lon="-77.020186" lat="38.903597"><ele>20.814455</ele><time>2026-04-04T15:44:49Z</time><extensions><speed>1.177165</speed><course>66.176263</course><hAcc>2.447977</hAcc><vAcc>1.345083</vAcc></extensions></trkpt>
      <trkpt lon="-77.020174" lat="38.903601"><ele>20.842566</ele><time>2026-04-04T15:44:50Z</time><extensions><speed>1.152600</speed><course>66.124342</course><hAcc>2.450863</hAcc><vAcc>1.362744</vAcc></extensions></trkpt>
      <trkpt lon="-77.020162" lat="38.903605"><ele>20.871471</ele><time>2026-04-04T15:44:51Z</time><extensions><speed>1.129560</speed><course>66.072523</course><hAcc>2.453837</hAcc><vAcc>1.380162</vAcc></extensions></trkpt>
      <trkpt lon="-77.020150" lat="38.903609"><ele>20.901059</ele><time>2026-04-04T15:44:52Z</time><extensions><speed>1.105900</speed><course>66.021364</course><hAcc>2.456737</hAcc><vAcc>1.397077</vAcc></extensions></trkpt>
      <trkpt lon="-77.020138" lat="38.903613"><ele>20.931518</ele><time>2026-04-04T15:44:53Z</time><extensions><speed>1.081778</speed><course>65.971457</course><hAcc>2.459397</hAcc><vAcc>1.413292</vAcc></extensions></trkpt>
      <trkpt lon="-77.020127" lat="38.903617"><ele>20.962742</ele><time>2026-04-04T15:44:54Z</time><extensions><speed>1.051852</speed><course>65.922249</course><hAcc>2.461731</hAcc><vAcc>1.428650</vAcc></extensions></trkpt>
      <trkpt lon="-77.020116" lat="38.903621"><ele>20.995162</ele><time>2026-04-04T15:44:55Z</time><extensions><speed>1.015650</speed><course>65.873458</course><hAcc>2.463651</hAcc><vAcc>1.443033</vAcc></extensions></trkpt>
      <trkpt lon="-77.020106" lat="38.903625"><ele>21.028227</ele><time>2026-04-04T15:44:56Z</time><extensions><speed>0.976083</speed><course>65.822741</course><hAcc>2.465193</hAcc><vAcc>1.456366</vAcc></extensions></trkpt>
      <trkpt lon="-77.020096" lat="38.903628"><ele>21.061785</ele><time>2026-04-04T15:44:57Z</time><extensions><speed>0.932669</speed><course>65.768830</course><hAcc>2.466403</hAcc><vAcc>1.468601</vAcc></extensions></trkpt>
      <trkpt lon="-77.020086" lat="38.903632"><ele>21.095795</ele><time>2026-04-04T15:44:58Z</time><extensions><speed>0.886407</speed><course>65.710062</course><hAcc>2.467320</hAcc><vAcc>1.479712</vAcc></extensions></trkpt>
      <trkpt lon="-77.020077" lat="38.903635"><ele>21.130213</ele><time>2026-04-04T15:44:59Z</time><extensions><speed>0.836481</speed><course>65.644401</course><hAcc>2.468030</hAcc><vAcc>1.489695</vAcc></extensions></trkpt>
      <trkpt lon="-77.020068" lat="38.903638"><ele>21.164850</ele><time>2026-04-04T15:45:00Z</time><extensions><speed>0.787726</speed><course>65.570487</course><hAcc>2.468637</hAcc><vAcc>1.498575</vAcc></extensions></trkpt>
      <trkpt lon="-77.020060" lat="38.903641"><ele>21.199620</ele><time>2026-04-04T15:45:01Z</time><extensions><speed>0.739669</speed><course>65.486613</course><hAcc>2.469092</hAcc><vAcc>1.506403</vAcc></extensions></trkpt>
      <trkpt lon="-77.020053" lat="38.903643"><ele>21.234284</ele><time>2026-04-04T15:45:02Z</time><extensions><speed>0.688956</speed><course>65.387847</course><hAcc>2.469218</hAcc><vAcc>1.513259</vAcc></extensions></trkpt>
      <trkpt lon="-77.020046" lat="38.903646"><ele>21.268375</ele><time>2026-04-04T15:45:03Z</time><extensions><speed>0.635095</speed><course>65.268375</course><hAcc>2.468931</hAcc><vAcc>1.519245</vAcc></extensions></trkpt>
      <trkpt lon="-77.020040" lat="38.903648"><ele>21.302020</ele><time>2026-04-04T15:45:04Z</time><extensions><speed>0.581858</speed><course>65.125776</course><hAcc>2.468267</hAcc><vAcc>1.524477</vAcc></extensions></trkpt>
      <trkpt lon="-77.020034" lat="38.903650"><ele>21.334416</ele><time>2026-04-04T15:45:05Z</time><extensions><speed>0.532702</speed><course>64.956734</course><hAcc>2.467246</hAcc><vAcc>1.529097</vAcc></extensions></trkpt>
      <trkpt lon="-77.020028" lat="38.903652"><ele>21.365719</ele><time>2026-04-04T15:45:06Z</time><extensions><speed>0.487926</speed><course>64.760902</course><hAcc>2.465958</hAcc><vAcc>1.533242</vAcc></extensions></trkpt>
      <trkpt lon="-77.020023" lat="38.903654"><ele>21.395832</ele><time>2026-04-04T15:45:07Z</time><extensions><speed>0.447358</speed><course>64.535526</course><hAcc>2.464446</hAcc><vAcc>1.537039</vAcc></extensions></trkpt>
      <trkpt lon="-77.020019" lat="38.903656"><ele>21.424598</ele><time>2026-04-04T15:45:08Z</time><extensions><speed>0.411488</speed><course>64.279873</course><hAcc>2.462703</hAcc><vAcc>1.540601</vAcc></extensions></trkpt>
      <trkpt lon="-77.020015" lat="38.903657"><ele>21.451491</ele><time>2026-04-04T15:45:09Z</time><extensions><speed>0.380162</speed><course>63.995060</course><hAcc>2.460728</hAcc><vAcc>1.544021</vAcc></extensions></trkpt>
      <trkpt lon="-77.020011" lat="38.903659"><ele>21.476449</ele><time>2026-04-04T15:45:10Z</time><extensions><speed>0.352905</speed><course>63.682407</course><hAcc>2.458540</hAcc><vAcc>1.547383</vAcc></extensions></trkpt>
      <trkpt lon="-77.020007" lat="38.903660"><ele>21.499576</ele><time>2026-04-04T15:45:11Z</time><extensions><speed>0.330762</speed><course>63.351809</course><hAcc>2.456215</hAcc><vAcc>1.550750</vAcc></extensions></trkpt>
      <trkpt lon="-77.020004" lat="38.903661"><ele>21.521638</ele><time>2026-04-04T15:45:12Z</time><extensions><speed>0.313604</speed><course>63.014921</course><hAcc>2.453985</hAcc><vAcc>1.554177</vAcc></extensions></trkpt>
      <trkpt lon="-77.020001" lat="38.903663"><ele>21.542369</ele><time>2026-04-04T15:45:13Z</time><extensions><speed>0.300513</speed><course>62.682168</course><hAcc>2.452301</hAcc><vAcc>1.557701</vAcc></extensions></trkpt>
      <trkpt lon="-77.019998" lat="38.903664"><ele>21.561832</ele><time>2026-04-04T15:45:14Z</time><extensions><speed>0.292171</speed><course>62.372301</course><hAcc>2.451848</hAcc><vAcc>1.561354</vAcc></extensions></trkpt>
      <trkpt lon="-77.019995" lat="38.903665"><ele>21.580387</ele><time>2026-04-04T15:45:15Z</time><extensions><speed>0.287632</speed><course>62.096014</course><hAcc>2.453658</hAcc><vAcc>1.565144</vAcc></extensions></trkpt>
      <trkpt lon="-77.019992" lat="38.903666"><ele>21.598214</ele><time>2026-04-04T15:45:16Z</time><extensions><speed>0.286385</speed><course>61.862859</course><hAcc>2.459140</hAcc><vAcc>1.569074</vAcc></extensions></trkpt>
      <trkpt lon="-77.019989" lat="38.903668"><ele>21.615298</ele><time>2026-04-04T15:45:17Z</time><extensions><speed>0.288042</speed><course>61.680856</course><hAcc>2.470081</hAcc><vAcc>1.573128</vAcc></extensions></trkpt>
      <trkpt lon="-77.019986" lat="38.903669"><ele>21.631898</ele><time>2026-04-04T15:45:18Z</time><extensions><speed>0.290655</speed><course>61.530795</course><hAcc>2.488656</hAcc><vAcc>1.577268</vAcc></extensions></trkpt>
      <trkpt lon="-77.019983" lat="38.903670"><ele>21.648400</ele><time>2026-04-04T15:45:19Z</time><extensions><speed>0.296520</speed><course>61.445422</course><hAcc>2.517456</hAcc><vAcc>1.581425</vAcc></extensions></trkpt>
      <trkpt lon="-77.019980" lat="38.903671"><ele>21.664470</ele><time>2026-04-04T15:45:20Z</time><extensions><speed>0.304541</speed><course>61.414183</course><hAcc>2.559532</hAcc><vAcc>1.585539</vAcc></extensions></trkpt>
      <trkpt lon="-77.019977" lat="38.903673"><ele>21.679884</ele><time>2026-04-04T15:45:21Z</time><extensions><speed>0.315199</speed><course>61.442330</course><hAcc>2.618337</hAcc><vAcc>1.589566</vAcc></extensions></trkpt>
      <trkpt lon="-77.019974" lat="38.903674"><ele>21.694562</ele><time>2026-04-04T15:45:22Z</time><extensions><speed>0.327787</speed><course>61.520438</course><hAcc>2.697622</hAcc><vAcc>1.593486</vAcc></extensions></trkpt>
      <trkpt lon="-77.019970" lat="38.903676"><ele>21.708479</ele><time>2026-04-04T15:45:23Z</time><extensions><speed>0.342713</speed><course>61.649278</course><hAcc>2.801271</hAcc><vAcc>1.597304</vAcc></extensions></trkpt>
      <trkpt lon="-77.019967" lat="38.903677"><ele>21.721526</ele><time>2026-04-04T15:45:24Z</time><extensions><speed>0.356558</speed><course>61.781380</course><hAcc>2.933266</hAcc><vAcc>1.601051</vAcc></extensions></trkpt>
      <trkpt lon="-77.019959" lat="38.903680"><ele>21.733560</ele><time>2026-04-04T15:45:25Z</time><extensions><speed>1.020640</speed><course>63.886163</course><hAcc>2.980327</hAcc><vAcc>1.604833</vAcc></extensions></trkpt>
      <trkpt lon="-77.019947" lat="38.903685"><ele>21.743984</ele><time>2026-04-04T15:45:26Z</time><extensions><speed>1.323951</speed><course>64.203340</course><hAcc>2.970953</hAcc><vAcc>1.608669</vAcc></extensions></trkpt>
      <trkpt lon="-77.019933" lat="38.903690"><ele>21.752462</ele><time>2026-04-04T15:45:27Z</time><extensions><speed>1.353980</speed><course>64.430393</course><hAcc>2.964497</hAcc><vAcc>1.612627</vAcc></extensions></trkpt>
      <trkpt lon="-77.019919" lat="38.903695"><ele>21.758683</ele><time>2026-04-04T15:45:28Z</time><extensions><speed>1.338015</speed><course>64.539133</course><hAcc>2.958280</hAcc><vAcc>1.616770</vAcc></extensions></trkpt>
      <trkpt lon="-77.019905" lat="38.903700"><ele>21.762366</ele><time>2026-04-04T15:45:29Z</time><extensions><speed>1.398823</speed><course>64.730615</course><hAcc>2.953832</hAcc><vAcc>1.621163</vAcc></extensions></trkpt>
      <trkpt lon="-77.019890" lat="38.903706"><ele>21.763272</ele><time>2026-04-04T15:45:30Z</time><extensions><speed>1.495597</speed><course>64.950121</course><hAcc>2.951820</hAcc><vAcc>1.625860</vAcc></extensions></trkpt>
      <trkpt lon="-77.019875" lat="38.903711"><ele>21.761216</ele><time>2026-04-04T15:45:31Z</time><extensions><speed>1.454522</speed><course>65.010665</course><hAcc>2.947772</hAcc><vAcc>1.630899</vAcc></extensions></trkpt>
      <trkpt lon="-77.019859" lat="38.903717"><ele>21.756100</ele><time>2026-04-04T15:45:32Z</time><extensions><speed>1.448315</speed><course>65.064258</course><hAcc>2.941615</hAcc><vAcc>1.636299</vAcc></extensions></trkpt>
      <trkpt lon="-77.019844" lat="38.903722"><ele>21.747917</ele><time>2026-04-04T15:45:33Z</time><extensions><speed>1.441786</speed><course>65.137494</course><hAcc>2.939363</hAcc><vAcc>1.642061</vAcc></extensions></trkpt>
      <trkpt lon="-77.019830" lat="38.903728"><ele>21.736701</ele><time>2026-04-04T15:45:34Z</time><extensions><speed>1.369595</speed><course>65.215851</course><hAcc>2.946534</hAcc><vAcc>1.648170</vAcc></extensions></trkpt>
      <trkpt lon="-77.019817" lat="38.903732"><ele>21.722489</ele><time>2026-04-04T15:45:35Z</time><extensions><speed>1.044799</speed><course>65.200260</course><hAcc>2.959964</hAcc><vAcc>1.654587</vAcc></extensions></trkpt>
      <trkpt lon="-77.019806" lat="38.903736"><ele>21.705302</ele><time>2026-04-04T15:45:36Z</time><extensions><speed>1.009120</speed><course>65.205431</course><hAcc>2.958733</hAcc><vAcc>1.661254</vAcc></extensions></trkpt>
      <trkpt lon="-77.019796" lat="38.903740"><ele>21.685162</ele><time>2026-04-04T15:45:37Z</time><extensions><speed>0.936799</speed><course>65.274488</course><hAcc>2.958055</hAcc><vAcc>1.668102</vAcc></extensions></trkpt>
      <trkpt lon="-77.019787" lat="38.903743"><ele>21.662093</ele><time>2026-04-04T15:45:38Z</time><extensions><speed>0.867520</speed><course>65.032944</course><hAcc>2.933651</hAcc><vAcc>1.675053</vAcc></extensions></trkpt>
      <trkpt lon="-77.019778" lat="38.903747"><ele>21.636123</ele><time>2026-04-04T15:45:39Z</time><extensions><speed>0.874993</speed><course>65.050546</course><hAcc>2.919698</hAcc><vAcc>1.682039</vAcc></extensions></trkpt>
      <trkpt lon="-77.019768" lat="38.903750"><ele>21.607298</ele><time>2026-04-04T15:45:40Z</time><extensions><speed>0.963971</speed><course>65.236007</course><hAcc>2.923603</hAcc><vAcc>1.689000</vAcc></extensions></trkpt>
      <trkpt lon="-77.019757" lat="38.903754"><ele>21.575679</ele><time>2026-04-04T15:45:41Z</time><extensions><speed>1.086934</speed><course>65.522915</course><hAcc>2.943632</hAcc><vAcc>1.695891</vAcc></extensions></trkpt>
      <trkpt lon="-77.019744" lat="38.903758"><ele>21.541351</ele><time>2026-04-04T15:45:42Z</time><extensions><speed>1.334730</speed><course>65.724162</course><hAcc>2.954890</hAcc><vAcc>1.702678</vAcc></extensions></trkpt>
      <trkpt lon="-77.019730" lat="38.903764"><ele>21.504438</ele><time>2026-04-04T15:45:43Z</time><extensions><speed>1.475570</speed><course>65.809915</course><hAcc>2.957423</hAcc><vAcc>1.709353</vAcc></extensions></trkpt>
      <trkpt lon="-77.019714" lat="38.903769"><ele>21.465126</ele><time>2026-04-04T15:45:44Z</time><extensions><speed>1.487434</speed><course>65.828379</course><hAcc>2.953661</hAcc><vAcc>1.715936</vAcc></extensions></trkpt>
      <trkpt lon="-77.019699" lat="38.903774"><ele>21.423673</ele><time>2026-04-04T15:45:45Z</time><extensions><speed>1.411831</speed><course>65.797359</course><hAcc>2.947402</hAcc><vAcc>1.722480</vAcc></extensions></trkpt>
      <trkpt lon="-77.019684" lat="38.903780"><ele>21.380398</ele><time>2026-04-04T15:45:46Z</time><extensions><speed>1.470678</speed><course>65.772018</course><hAcc>2.946352</hAcc><vAcc>1.729079</vAcc></extensions></trkpt>
      <trkpt lon="-77.019668" lat="38.903785"><ele>21.335653</ele><time>2026-04-04T15:45:47Z</time><extensions><speed>1.555654</speed><course>65.657742</course><hAcc>2.948414</hAcc><vAcc>1.735861</vAcc></extensions></trkpt>
      <trkpt lon="-77.019651" lat="38.903791"><ele>21.289809</ele><time>2026-04-04T15:45:48Z</time><extensions><speed>1.571569</speed><course>65.626710</course><hAcc>2.948278</hAcc><vAcc>1.743005</vAcc></extensions></trkpt>
      <trkpt lon="-77.019635" lat="38.903797"><ele>21.243246</ele><time>2026-04-04T15:45:49Z</time><extensions><speed>1.587651</speed><course>65.624024</course><hAcc>2.946795</hAcc><vAcc>1.750736</vAcc></extensions></trkpt>
      <trkpt lon="-77.019618" lat="38.903803"><ele>21.196355</ele><time>2026-04-04T15:45:50Z</time><extensions><speed>1.523831</speed><course>65.629601</course><hAcc>2.946990</hAcc><vAcc>1.759317</vAcc></extensions></trkpt>
      <trkpt lon="-77.019603" lat="38.903808"><ele>21.149528</ele><time>2026-04-04T15:45:51Z</time><extensions><speed>1.439049</speed><course>65.645117</course><hAcc>2.948622</hAcc><vAcc>1.769029</vAcc></extensions></trkpt>
      <trkpt lon="-77.019588" lat="38.903814"><ele>21.103153</ele><time>2026-04-04T15:45:52Z</time><extensions><speed>1.420236</speed><course>65.690869</course><hAcc>2.954062</hAcc><vAcc>1.780144</vAcc></extensions></trkpt>
      <trkpt lon="-77.019572" lat="38.903819"><ele>21.057609</ele><time>2026-04-04T15:45:53Z</time><extensions><speed>1.512476</speed><course>65.793147</course><hAcc>2.962445</hAcc><vAcc>1.792912</vAcc></extensions></trkpt>
      <trkpt lon="-77.019556" lat="38.903825"><ele>21.013249</ele><time>2026-04-04T15:45:54Z</time><extensions><speed>1.518966</speed><course>66.035503</course><hAcc>2.963111</hAcc><vAcc>1.807562</vAcc></extensions></trkpt>
      <trkpt lon="-77.019541" lat="38.903830"><ele>20.970394</ele><time>2026-04-04T15:45:55Z</time><extensions><speed>1.446464</speed><course>66.129134</course><hAcc>2.967101</hAcc><vAcc>1.824306</vAcc></extensions></trkpt>
      <trkpt lon="-77.019526" lat="38.903835"><ele>20.929314</ele><time>2026-04-04T15:45:56Z</time><extensions><speed>1.365864</speed><course>66.173738</course><hAcc>2.974862</hAcc><vAcc>1.843357</vAcc></extensions></trkpt>
      <trkpt lon="-77.019511" lat="38.903840"><ele>20.890231</ele><time>2026-04-04T15:45:57Z</time><extensions><speed>1.419301</speed><course>66.212179</course><hAcc>2.983595</hAcc><vAcc>1.864946</vAcc></extensions></trkpt>
      <trkpt lon="-77.019496" lat="38.903846"><ele>20.853307</ele><time>2026-04-04T15:45:58Z</time><extensions><speed>1.504146</speed><course>66.245142</course><hAcc>2.993361</hAcc><vAcc>1.889344</vAcc></extensions></trkpt>
      <trkpt lon="-77.019479" lat="38.903851"><ele>20.818619</ele><time>2026-04-04T15:45:59Z</time><extensions><speed>1.662991</speed><course>66.287731</course><hAcc>3.006770</hAcc><vAcc>1.916879</vAcc></extensions></trkpt>
      <trkpt lon="-77.019462" lat="38.903857"><ele>20.786161</ele><time>2026-04-04T15:46:00Z</time><extensions><speed>1.637161</speed><course>66.361473</course><hAcc>3.025668</hAcc><vAcc>1.947939</vAcc></extensions></trkpt>
      <trkpt lon="-77.019444" lat="38.903863"><ele>20.755861</ele><time>2026-04-04T15:46:01Z</time><extensions><speed>1.679939</speed><course>66.405827</course><hAcc>3.042428</hAcc><vAcc>1.982982</vAcc></extensions></trkpt>
      <trkpt lon="-77.019427" lat="38.903869"><ele>20.727619</ele><time>2026-04-04T15:46:02Z</time><extensions><speed>1.630593</speed><course>66.419033</course><hAcc>3.066807</hAcc><vAcc>2.022551</vAcc></extensions></trkpt>
      <trkpt lon="-77.019409" lat="38.903875"><ele>20.701330</ele><time>2026-04-04T15:46:03Z</time><extensions><speed>1.674078</speed><course>66.436624</course><hAcc>3.092680</hAcc><vAcc>2.067280</vAcc></extensions></trkpt>
      <trkpt lon="-77.019392" lat="38.903881"><ele>20.676871</ele><time>2026-04-04T15:46:04Z</time><extensions><speed>1.577272</speed><course>66.440209</course><hAcc>3.128637</hAcc><vAcc>2.117889</vAcc></extensions></trkpt>
      <trkpt lon="-77.019375" lat="38.903887"><ele>20.658427</ele><time>2026-04-04T15:46:05Z</time><extensions><speed>1.506724</speed><course>66.449023</course><hAcc>3.123365</hAcc><vAcc>2.125446</vAcc></extensions></trkpt>
      <trkpt lon="-77.019359" lat="38.903892"><ele>20.644627</ele><time>2026-04-04T15:46:06Z</time><extensions><speed>1.404883</speed><course>66.451580</course><hAcc>3.119623</hAcc><vAcc>2.136274</vAcc></extensions></trkpt>
      <trkpt lon="-77.019344" lat="38.903897"><ele>20.631436</ele><time>2026-04-04T15:46:07Z</time><extensions><speed>1.454314</speed><course>66.457865</course><hAcc>3.119690</hAcc><vAcc>2.150758</vAcc></extensions></trkpt>
      <trkpt lon="-77.019328" lat="38.903903"><ele>20.618220</ele><time>2026-04-04T15:46:08Z</time><extensions><speed>1.480852</speed><course>66.461706</course><hAcc>3.122593</hAcc><vAcc>2.168036</vAcc></extensions></trkpt>
      <trkpt lon="-77.019312" lat="38.903908"><ele>20.630055</ele><time>2026-04-04T15:46:09Z</time><extensions><speed>1.390789</speed><course>66.469599</course><hAcc>3.120740</hAcc><vAcc>2.184068</vAcc></extensions></trkpt>
      <trkpt lon="-77.019298" lat="38.903913"><ele>20.654435</ele><time>2026-04-04T15:46:10Z</time><extensions><speed>1.303651</speed><course>66.477625</course><hAcc>3.116342</hAcc><vAcc>2.197815</vAcc></extensions></trkpt>
      <trkpt lon="-77.019284" lat="38.903918"><ele>20.666832</ele><time>2026-04-04T15:46:11Z</time><extensions><speed>1.275708</speed><course>66.497795</course><hAcc>3.111990</hAcc><vAcc>2.202828</vAcc></extensions></trkpt>
      <trkpt lon="-77.019270" lat="38.903923"><ele>20.677607</ele><time>2026-04-04T15:46:12Z</time><extensions><speed>1.227130</speed><course>66.553224</course><hAcc>3.111146</hAcc><vAcc>2.196033</vAcc></extensions></trkpt>
      <trkpt lon="-77.019257" lat="38.903927"><ele>20.666828</ele><time>2026-04-04T15:46:13Z</time><extensions><speed>1.293639</speed><course>66.580058</course><hAcc>3.111952</hAcc><vAcc>2.188954</vAcc></extensions></trkpt>
      <trkpt lon="-77.019242" lat="38.903932"><ele>20.658484</ele><time>2026-04-04T15:46:14Z</time><extensions><speed>1.407621</speed><course>66.593398</course><hAcc>3.113226</hAcc><vAcc>2.184661</vAcc></extensions></trkpt>
      <trkpt lon="-77.019226" lat="38.903937"><ele>20.648805</ele><time>2026-04-04T15:46:15Z</time><extensions><speed>1.472294</speed><course>66.600128</course><hAcc>3.116428</hAcc><vAcc>2.186045</vAcc></extensions></trkpt>
      <trkpt lon="-77.019210" lat="38.903943"><ele>20.662068</ele><time>2026-04-04T15:46:16Z</time><extensions><speed>1.534959</speed><course>66.605366</course><hAcc>3.121209</hAcc><vAcc>2.187905</vAcc></extensions></trkpt>
      <trkpt lon="-77.019193" lat="38.903948"><ele>20.679181</ele><time>2026-04-04T15:46:17Z</time><extensions><speed>1.552501</speed><course>66.605368</course><hAcc>3.120252</hAcc><vAcc>2.185218</vAcc></extensions></trkpt>
      <trkpt lon="-77.019177" lat="38.903954"><ele>20.712137</ele><time>2026-04-04T15:46:18Z</time><extensions><speed>1.537314</speed><course>66.606989</course><hAcc>3.118744</hAcc><vAcc>2.177508</vAcc></extensions></trkpt>
      <trkpt lon="-77.019161" lat="38.903960"><ele>20.751750</ele><time>2026-04-04T15:46:19Z</time><extensions><speed>1.503923</speed><course>66.610256</course><hAcc>3.119299</hAcc><vAcc>2.165328</vAcc></extensions></trkpt>
      <trkpt lon="-77.019146" lat="38.903965"><ele>20.797643</ele><time>2026-04-04T15:46:20Z</time><extensions><speed>1.408268</speed><course>66.611157</course><hAcc>3.111708</hAcc><vAcc>2.152505</vAcc></extensions></trkpt>
      <trkpt lon="-77.019129" lat="38.903972"><ele>20.846309</ele><time>2026-04-04T15:46:21Z</time><extensions><speed>1.320236</speed><course>65.748643</course><hAcc>3.092792</hAcc><vAcc>2.136354</vAcc></extensions></trkpt>
      <trkpt lon="-77.019115" lat="38.903979"><ele>20.882848</ele><time>2026-04-04T15:46:22Z</time><extensions><speed>1.154159</speed><course>64.174301</course><hAcc>3.083250</hAcc><vAcc>2.121167</vAcc></extensions></trkpt>
      <trkpt lon="-77.019102" lat="38.903986"><ele>20.910587</ele><time>2026-04-04T15:46:23Z</time><extensions><speed>1.114437</speed><course>63.379390</course><hAcc>3.103440</hAcc><vAcc>2.107147</vAcc></extensions></trkpt>
      <trkpt lon="-77.019089" lat="38.903993"><ele>20.934770</ele><time>2026-04-04T15:46:24Z</time><extensions><speed>1.055556</speed><course>62.456291</course><hAcc>3.118832</hAcc><vAcc>2.094169</vAcc></extensions></trkpt>
      <trkpt lon="-77.019077" lat="38.903999"><ele>20.959479</ele><time>2026-04-04T15:46:25Z</time><extensions><speed>1.036687</speed><course>61.800842</course><hAcc>3.129106</hAcc><vAcc>2.080530</vAcc></extensions></trkpt>
      <trkpt lon="-77.019065" lat="38.904005"><ele>20.989791</ele><time>2026-04-04T15:46:26Z</time><extensions><speed>1.144255</speed><course>61.758514</course><hAcc>3.130043</hAcc><vAcc>2.068604</vAcc></extensions></trkpt>
      <trkpt lon="-77.019051" lat="38.904012"><ele>21.027667</ele><time>2026-04-04T15:46:27Z</time><extensions><speed>1.322246</speed><course>60.228091</course><hAcc>3.113338</hAcc><vAcc>2.067270</vAcc></extensions></trkpt>
      <trkpt lon="-77.019037" lat="38.904020"><ele>21.063057</ele><time>2026-04-04T15:46:28Z</time><extensions><speed>1.466374</speed><course>58.522404</course><hAcc>3.105568</hAcc><vAcc>2.065080</vAcc></extensions></trkpt>
      <trkpt lon="-77.019022" lat="38.904028"><ele>21.089261</ele><time>2026-04-04T15:46:29Z</time><extensions><speed>1.466450</speed><course>54.633420</course><hAcc>3.107062</hAcc><vAcc>2.062775</vAcc></extensions></trkpt>
      <trkpt lon="-77.019008" lat="38.904038"><ele>21.112230</ele><time>2026-04-04T15:46:30Z</time><extensions><speed>1.456926</speed><course>45.664156</course><hAcc>3.112003</hAcc><vAcc>2.059856</vAcc></extensions></trkpt>
      <trkpt lon="-77.018999" lat="38.904050"><ele>21.128511</ele><time>2026-04-04T15:46:31Z</time><extensions><speed>1.479110</speed><course>19.475189</course><hAcc>3.115886</hAcc><vAcc>2.059295</vAcc></extensions></trkpt>
      <trkpt lon="-77.018993" lat="38.904065"><ele>21.136354</ele><time>2026-04-04T15:46:32Z</time><extensions><speed>1.707916</speed><course>9.857048</course><hAcc>3.118800</hAcc><vAcc>2.052997</vAcc></extensions></trkpt>
      <trkpt lon="-77.018990" lat="38.904080"><ele>21.147620</ele><time>2026-04-04T15:46:33Z</time><extensions><speed>1.612870</speed><course>7.299553</course><hAcc>3.122030</hAcc><vAcc>2.055017</vAcc></extensions></trkpt>
      <trkpt lon="-77.018987" lat="38.904096"><ele>21.155634</ele><time>2026-04-04T15:46:34Z</time><extensions><speed>1.677166</speed><course>5.749062</course><hAcc>3.122902</hAcc><vAcc>2.060471</vAcc></extensions></trkpt>
      <trkpt lon="-77.018985" lat="38.904112"><ele>21.137289</ele><time>2026-04-04T15:46:35Z</time><extensions><speed>1.693033</speed><course>4.737591</course><hAcc>3.126166</hAcc><vAcc>2.063599</vAcc></extensions></trkpt>
      <trkpt lon="-77.018983" lat="38.904127"><ele>21.111522</ele><time>2026-04-04T15:46:36Z</time><extensions><speed>1.521892</speed><course>4.359596</course><hAcc>3.135320</hAcc><vAcc>2.068499</vAcc></extensions></trkpt>
      <trkpt lon="-77.018981" lat="38.904141"><ele>21.088674</ele><time>2026-04-04T15:46:37Z</time><extensions><speed>1.316101</speed><course>3.609009</course><hAcc>3.143634</hAcc><vAcc>2.077002</vAcc></extensions></trkpt>
      <trkpt lon="-77.018980" lat="38.904153"><ele>21.072916</ele><time>2026-04-04T15:46:38Z</time><extensions><speed>1.296711</speed><course>4.097434</course><hAcc>3.125633</hAcc><vAcc>2.083934</vAcc></extensions></trkpt>
      <trkpt lon="-77.018978" lat="38.904165"><ele>21.068461</ele><time>2026-04-04T15:46:39Z</time><extensions><speed>1.370477</speed><course>4.056193</course><hAcc>3.115340</hAcc><vAcc>2.088804</vAcc></extensions></trkpt>
      <trkpt lon="-77.018977" lat="38.904177"><ele>21.060550</ele><time>2026-04-04T15:46:40Z</time><extensions><speed>1.370341</speed><course>3.908329</course><hAcc>3.114070</hAcc><vAcc>2.074079</vAcc></extensions></trkpt>
      <trkpt lon="-77.018976" lat="38.904188"><ele>21.043337</ele><time>2026-04-04T15:46:41Z</time><extensions><speed>1.248521</speed><course>3.933239</course><hAcc>3.117686</hAcc><vAcc>2.013640</vAcc></extensions></trkpt>
      <trkpt lon="-77.018974" lat="38.904198"><ele>21.025903</ele><time>2026-04-04T15:46:42Z</time><extensions><speed>1.114703</speed><course>3.977989</course><hAcc>3.127169</hAcc><vAcc>1.974223</vAcc></extensions></trkpt>
      <trkpt lon="-77.018973" lat="38.904207"><ele>21.003057</ele><time>2026-04-04T15:46:43Z</time><extensions><speed>0.992738</speed><course>3.397665</course><hAcc>3.147062</hAcc><vAcc>1.934542</vAcc></extensions></trkpt>
      <trkpt lon="-77.018973" lat="38.904214"><ele>20.974426</ele><time>2026-04-04T15:46:44Z</time><extensions><speed>0.932240</speed><course>3.003083</course><hAcc>3.153941</hAcc><vAcc>1.906926</vAcc></extensions></trkpt>
      <trkpt lon="-77.018972" lat="38.904222"><ele>20.931768</ele><time>2026-04-04T15:46:45Z</time><extensions><speed>1.020856</speed><course>2.995565</course><hAcc>3.146236</hAcc><vAcc>1.887038</vAcc></extensions></trkpt>
      <trkpt lon="-77.018971" lat="38.904231"><ele>20.890928</ele><time>2026-04-04T15:46:46Z</time><extensions><speed>0.897985</speed><course>3.369608</course><hAcc>3.146051</hAcc><vAcc>1.870233</vAcc></extensions></trkpt>
      <trkpt lon="-77.018973" lat="38.904235"><ele>20.872309</ele><time>2026-04-04T15:46:47Z</time><extensions><speed>0.597598</speed><course>2.807420</course><hAcc>3.147148</hAcc><vAcc>1.857520</vAcc></extensions></trkpt>
      <trkpt lon="-77.018974" lat="38.904239"><ele>20.845538</ele><time>2026-04-04T15:46:48Z</time><extensions><speed>0.501267</speed><course>0.298738</course><hAcc>3.163968</hAcc><vAcc>1.848224</vAcc></extensions></trkpt>
      <trkpt lon="-77.018976" lat="38.904243"><ele>20.831785</ele><time>2026-04-04T15:46:49Z</time><extensions><speed>0.754553</speed><course>358.454890</course><hAcc>3.212649</hAcc><vAcc>1.842263</vAcc></extensions></trkpt>
      <trkpt lon="-77.018977" lat="38.904249"><ele>20.832678</ele><time>2026-04-04T15:46:50Z</time><extensions><speed>0.880416</speed><course>357.075114</course><hAcc>3.253779</hAcc><vAcc>1.839020</vAcc></extensions></trkpt>
      <trkpt lon="-77.018979" lat="38.904255"><ele>20.843646</ele><time>2026-04-04T15:46:51Z</time><extensions><speed>0.706661</speed><course>353.396461</course><hAcc>3.281296</hAcc><vAcc>1.835306</vAcc></extensions></trkpt>
      <trkpt lon="-77.018980" lat="38.904258"><ele>20.852128</ele><time>2026-04-04T15:46:52Z</time><extensions><speed>0.162603</speed><course>309.275060</course><hAcc>3.304722</hAcc><vAcc>1.836098</vAcc></extensions></trkpt>
      <trkpt lon="-77.018983" lat="38.904256"><ele>20.860913</ele><time>2026-04-04T15:46:53Z</time><extensions><speed>0.261467</speed><course>229.482151</course><hAcc>3.315522</hAcc><vAcc>1.840759</vAcc></extensions></trkpt>
      <trkpt lon="-77.018986" lat="38.904254"><ele>20.872490</ele><time>2026-04-04T15:46:54Z</time><extensions><speed>0.391648</speed><course>221.758562</course><hAcc>3.341897</hAcc><vAcc>1.845473</vAcc></extensions></trkpt>
      <trkpt lon="-77.018990" lat="38.904250"><ele>20.892102</ele><time>2026-04-04T15:46:55Z</time><extensions><speed>0.490023</speed><course>220.111393</course><hAcc>3.380433</hAcc><vAcc>1.836924</vAcc></extensions></trkpt>
      <trkpt lon="-77.018994" lat="38.904246"><ele>20.910698</ele><time>2026-04-04T15:46:56Z</time><extensions><speed>0.554244</speed><course>222.718738</course><hAcc>3.416411</hAcc><vAcc>1.833560</vAcc></extensions></trkpt>
      <trkpt lon="-77.018999" lat="38.904241"><ele>20.930322</ele><time>2026-04-04T15:46:57Z</time><extensions><speed>0.622028</speed><course>226.627983</course><hAcc>3.444145</hAcc><vAcc>1.830602</vAcc></extensions></trkpt>
      <trkpt lon="-77.019004" lat="38.904237"><ele>20.916857</ele><time>2026-04-04T15:46:58Z</time><extensions><speed>0.622483</speed><course>229.617775</course><hAcc>3.464320</hAcc><vAcc>1.831216</vAcc></extensions></trkpt>
      <trkpt lon="-77.019009" lat="38.904233"><ele>20.902430</ele><time>2026-04-04T15:46:59Z</time><extensions><speed>0.561972</speed><course>229.819662</course><hAcc>3.479210</hAcc><vAcc>1.828586</vAcc></extensions></trkpt>
      <trkpt lon="-77.019014" lat="38.904230"><ele>20.876001</ele><time>2026-04-04T15:47:00Z</time><extensions><speed>0.529639</speed><course>233.724425</course><hAcc>3.490733</hAcc><vAcc>1.812100</vAcc></extensions></trkpt>
      <trkpt lon="-77.019018" lat="38.904227"><ele>20.850352</ele><time>2026-04-04T15:47:01Z</time><extensions><speed>0.496911</speed><course>236.412334</course><hAcc>3.498204</hAcc><vAcc>1.804563</vAcc></extensions></trkpt>
      <trkpt lon="-77.019021" lat="38.904224"><ele>20.806252</ele><time>2026-04-04T15:47:02Z</time><extensions><speed>0.373067</speed><course>233.091609</course><hAcc>3.505330</hAcc><vAcc>1.786723</vAcc></extensions></trkpt>
      <trkpt lon="-77.019022" lat="38.904222"><ele>20.755430</ele><time>2026-04-04T15:47:03Z</time><extensions><speed>0.242514</speed><course>211.651523</course><hAcc>3.497937</hAcc><vAcc>1.743403</vAcc></extensions></trkpt>
      <trkpt lon="-77.019020" lat="38.904220"><ele>20.728063</ele><time>2026-04-04T15:47:04Z</time><extensions><speed>0.184881</speed><course>182.669336</course><hAcc>3.494227</hAcc><vAcc>1.716123</vAcc></extensions></trkpt>
      <trkpt lon="-77.019018" lat="38.904218"><ele>20.678182</ele><time>2026-04-04T15:47:05Z</time><extensions><speed>0.176208</speed><course>156.700282</course><hAcc>3.497890</hAcc><vAcc>1.700065</vAcc></extensions></trkpt>
      <trkpt lon="-77.019015" lat="38.904217"><ele>20.638968</ele><time>2026-04-04T15:47:06Z</time><extensions><speed>0.194499</speed><course>135.123776</course><hAcc>3.507926</hAcc><vAcc>1.693594</vAcc></extensions></trkpt>
      <trkpt lon="-77.019010" lat="38.904216"><ele>20.614977</ele><time>2026-04-04T15:47:07Z</time><extensions><speed>0.227608</speed><course>120.776566</course><hAcc>3.517821</hAcc><vAcc>1.690458</vAcc></extensions></trkpt>
      <trkpt lon="-77.019006" lat="38.904214"><ele>20.601514</ele><time>2026-04-04T15:47:08Z</time><extensions><speed>0.264855</speed><course>111.969518</course><hAcc>3.518073</hAcc><vAcc>1.690044</vAcc></extensions></trkpt>
      <trkpt lon="-77.019000" lat="38.904214"><ele>20.586269</ele><time>2026-04-04T15:47:09Z</time><extensions><speed>0.342877</speed><course>106.237679</course><hAcc>3.499473</hAcc><vAcc>1.693113</vAcc></extensions></trkpt>
      <trkpt lon="-77.018994" lat="38.904213"><ele>20.568847</ele><time>2026-04-04T15:47:10Z</time><extensions><speed>0.414407</speed><course>102.346391</course><hAcc>3.482156</hAcc><vAcc>1.700362</vAcc></extensions></trkpt>
      <trkpt lon="-77.018988" lat="38.904212"><ele>20.541354</ele><time>2026-04-04T15:47:11Z</time><extensions><speed>0.467843</speed><course>99.537801</course><hAcc>3.468609</hAcc><vAcc>1.711439</vAcc></extensions></trkpt>
      <trkpt lon="-77.018983" lat="38.904211"><ele>20.520020</ele><time>2026-04-04T15:47:12Z</time><extensions><speed>0.511776</speed><course>97.610323</course><hAcc>3.450109</hAcc><vAcc>1.721535</vAcc></extensions></trkpt>
      <trkpt lon="-77.018977" lat="38.904210"><ele>20.500394</ele><time>2026-04-04T15:47:13Z</time><extensions><speed>0.560431</speed><course>95.810072</course><hAcc>3.433340</hAcc><vAcc>1.733598</vAcc></extensions></trkpt>
      <trkpt lon="-77.018971" lat="38.904210"><ele>20.483906</ele><time>2026-04-04T15:47:14Z</time><extensions><speed>0.617398</speed><course>93.894107</course><hAcc>3.431505</hAcc><vAcc>1.749142</vAcc></extensions></trkpt>
      <trkpt lon="-77.018964" lat="38.904209"><ele>20.467449</ele><time>2026-04-04T15:47:15Z</time><extensions><speed>1.041216</speed><course>90.966564</course><hAcc>3.439140</hAcc><vAcc>1.767055</vAcc></extensions></trkpt>
      <trkpt lon="-77.018954" lat="38.904209"><ele>20.453617</ele><time>2026-04-04T15:47:16Z</time><extensions><speed>1.174380</speed><course>90.277573</course><hAcc>3.420863</hAcc><vAcc>1.787366</vAcc></extensions></trkpt>
      <trkpt lon="-77.018942" lat="38.904209"><ele>20.444373</ele><time>2026-04-04T15:47:17Z</time><extensions><speed>1.437153</speed><course>90.016985</course><hAcc>3.379409</hAcc><vAcc>1.809721</vAcc></extensions></trkpt>
      <trkpt lon="-77.018928" lat="38.904216"><ele>20.446702</ele><time>2026-04-04T15:47:18Z</time><extensions><speed>1.541706</speed><course>87.258865</course><hAcc>3.342458</hAcc><vAcc>1.831486</vAcc></extensions></trkpt>
      <trkpt lon="-77.018911" lat="38.904217"><ele>20.459100</ele><time>2026-04-04T15:47:19Z</time><extensions><speed>1.515214</speed><course>86.954325</course><hAcc>3.343636</hAcc><vAcc>1.854089</vAcc></extensions></trkpt>
      <trkpt lon="-77.018898" lat="38.904225"><ele>20.479518</ele><time>2026-04-04T15:47:20Z</time><extensions><speed>1.413922</speed><course>83.532499</course><hAcc>3.314873</hAcc><vAcc>1.872742</vAcc></extensions></trkpt>
      <trkpt lon="-77.018890" lat="38.904235"><ele>20.501576</ele><time>2026-04-04T15:47:21Z</time><extensions><speed>1.254049</speed><course>79.432800</course><hAcc>3.271166</hAcc><vAcc>1.890533</vAcc></extensions></trkpt>
      <trkpt lon="-77.018878" lat="38.904236"><ele>20.523403</ele><time>2026-04-04T15:47:22Z</time><extensions><speed>1.026522</speed><course>75.063640</course><hAcc>3.277721</hAcc><vAcc>1.906049</vAcc></extensions></trkpt>
      <trkpt lon="-77.018868" lat="38.904238"><ele>20.547016</ele><time>2026-04-04T15:47:23Z</time><extensions><speed>0.929360</speed><course>71.998199</course><hAcc>3.302813</hAcc><vAcc>1.921539</vAcc></extensions></trkpt>
      <trkpt lon="-77.018861" lat="38.904248"><ele>20.570088</ele><time>2026-04-04T15:47:24Z</time><extensions><speed>0.985003</speed><course>67.287252</course><hAcc>3.294674</hAcc><vAcc>1.943444</vAcc></extensions></trkpt>
      <trkpt lon="-77.018854" lat="38.904259"><ele>20.604672</ele><time>2026-04-04T15:47:25Z</time><extensions><speed>1.066550</speed><course>62.112562</course><hAcc>3.285706</hAcc><vAcc>1.964090</vAcc></extensions></trkpt>
      <trkpt lon="-77.018847" lat="38.904270"><ele>20.654847</ele><time>2026-04-04T15:47:26Z</time><extensions><speed>1.049807</speed><course>52.471714</course><hAcc>3.277986</hAcc><vAcc>1.979931</vAcc></extensions></trkpt>
      <trkpt lon="-77.018841" lat="38.904283"><ele>20.719229</ele><time>2026-04-04T15:47:27Z</time><extensions><speed>1.039895</speed><course>35.375044</course><hAcc>3.270542</hAcc><vAcc>1.990804</vAcc></extensions></trkpt>
      <trkpt lon="-77.018839" lat="38.904298"><ele>20.789921</ele><time>2026-04-04T15:47:28Z</time><extensions><speed>1.312595</speed><course>8.650933</course><hAcc>3.262162</hAcc><vAcc>1.999250</vAcc></extensions></trkpt>
      <trkpt lon="-77.018837" lat="38.904313"><ele>20.869878</ele><time>2026-04-04T15:47:29Z</time><extensions><speed>1.179267</speed><course>22.333697</course><hAcc>3.257927</hAcc><vAcc>2.005280</vAcc></extensions></trkpt>
      <trkpt lon="-77.018836" lat="38.904329"><ele>20.986154</ele><time>2026-04-04T15:47:30Z</time><extensions><speed>1.392570</speed><course>7.336175</course><hAcc>3.251052</hAcc><vAcc>2.008741</vAcc></extensions></trkpt>
      <trkpt lon="-77.018835" lat="38.904342"><ele>21.107376</ele><time>2026-04-04T15:47:30Z</time><extensions><speed>1.238974</speed><course>19.265878</course><hAcc>3.235197</hAcc><vAcc>2.003338</vAcc></extensions></trkpt>
      <trkpt lon="-77.018836" lat="38.904347"><ele>21.166620</ele><time>2026-04-04T15:47:31Z</time><extensions><speed>1.249642</speed><course>19.710866</course><hAcc>3.193937</hAcc><vAcc>1.963061</vAcc></extensions></trkpt>
      <trkpt lon="-77.018832" lat="38.904361"><ele>21.260056</ele><time>2026-04-04T15:47:32Z</time><extensions><speed>1.318274</speed><course>24.814233</course><hAcc>3.182693</hAcc><vAcc>1.965543</vAcc></extensions></trkpt>
      <trkpt lon="-77.018831" lat="38.904377"><ele>21.359454</ele><time>2026-04-04T15:47:33Z</time><extensions><speed>1.610535</speed><course>357.689381</course><hAcc>3.178219</hAcc><vAcc>1.973383</vAcc></extensions></trkpt>
      <trkpt lon="-77.018834" lat="38.904394"><ele>21.480523</ele><time>2026-04-04T15:47:34Z</time><extensions><speed>1.694618</speed><course>352.354741</course><hAcc>3.159680</hAcc><vAcc>1.976511</vAcc></extensions></trkpt>
      <trkpt lon="-77.018838" lat="38.904412"><ele>21.613474</ele><time>2026-04-04T15:47:35Z</time><extensions><speed>1.721789</speed><course>352.833602</course><hAcc>3.147360</hAcc><vAcc>1.975565</vAcc></extensions></trkpt>
      <trkpt lon="-77.018842" lat="38.904429"><ele>21.739364</ele><time>2026-04-04T15:47:36Z</time><extensions><speed>1.802803</speed><course>354.389000</course><hAcc>3.140367</hAcc><vAcc>1.972986</vAcc></extensions></trkpt>
      <trkpt lon="-77.018845" lat="38.904448"><ele>21.856850</ele><time>2026-04-04T15:47:37Z</time><extensions><speed>1.889827</speed><course>354.778422</course><hAcc>3.140402</hAcc><vAcc>1.970215</vAcc></extensions></trkpt>
      <trkpt lon="-77.018848" lat="38.904466"><ele>21.970937</ele><time>2026-04-04T15:47:38Z</time><extensions><speed>1.853791</speed><course>354.784595</course><hAcc>3.144710</hAcc><vAcc>1.967346</vAcc></extensions></trkpt>
      <trkpt lon="-77.018851" lat="38.904484"><ele>22.064585</ele><time>2026-04-04T15:47:39Z</time><extensions><speed>1.772592</speed><course>354.554847</course><hAcc>3.150340</hAcc><vAcc>1.969454</vAcc></extensions></trkpt>
      <trkpt lon="-77.018854" lat="38.904502"><ele>22.161443</ele><time>2026-04-04T15:47:40Z</time><extensions><speed>1.805311</speed><course>354.188005</course><hAcc>3.151539</hAcc><vAcc>1.970799</vAcc></extensions></trkpt>
      <trkpt lon="-77.018857" lat="38.904520"><ele>22.256511</ele><time>2026-04-04T15:47:41Z</time><extensions><speed>1.836750</speed><course>354.194919</course><hAcc>3.151773</hAcc><vAcc>1.979893</vAcc></extensions></trkpt>
      <trkpt lon="-77.018860" lat="38.904538"><ele>22.367579</ele><time>2026-04-04T15:47:42Z</time><extensions><speed>1.971471</speed><course>354.719667</course><hAcc>3.155064</hAcc><vAcc>1.989500</vAcc></extensions></trkpt>
      <trkpt lon="-77.018862" lat="38.904557"><ele>22.482857</ele><time>2026-04-04T15:47:43Z</time><extensions><speed>1.798102</speed><course>354.596572</course><hAcc>3.161635</hAcc><vAcc>1.998909</vAcc></extensions></trkpt>
      <trkpt lon="-77.018865" lat="38.904574"><ele>22.578374</ele><time>2026-04-04T15:47:44Z</time><extensions><speed>1.777686</speed><course>355.303143</course><hAcc>3.156795</hAcc><vAcc>2.010786</vAcc></extensions></trkpt>
      <trkpt lon="-77.018867" lat="38.904591"><ele>22.656292</ele><time>2026-04-04T15:47:45Z</time><extensions><speed>1.701676</speed><course>355.548999</course><hAcc>3.148717</hAcc><vAcc>2.020770</vAcc></extensions></trkpt>
      <trkpt lon="-77.018868" lat="38.904606"><ele>22.716233</ele><time>2026-04-04T15:47:46Z</time><extensions><speed>1.611511</speed><course>355.681324</course><hAcc>3.139125</hAcc><vAcc>2.028011</vAcc></extensions></trkpt>
      <trkpt lon="-77.018870" lat="38.904622"><ele>22.789300</ele><time>2026-04-04T15:47:47Z</time><extensions><speed>1.532322</speed><course>355.938701</course><hAcc>3.127337</hAcc><vAcc>2.033499</vAcc></extensions></trkpt>
      <trkpt lon="-77.018871" lat="38.904637"><ele>22.874657</ele><time>2026-04-04T15:47:48Z</time><extensions><speed>1.508482</speed><course>356.428868</course><hAcc>3.111166</hAcc><vAcc>2.038852</vAcc></extensions></trkpt>
      <trkpt lon="-77.018873" lat="38.904652"><ele>22.965033</ele><time>2026-04-04T15:47:49Z</time><extensions><speed>1.667957</speed><course>357.191793</course><hAcc>3.089190</hAcc><vAcc>2.036938</vAcc></extensions></trkpt>
      <trkpt lon="-77.018874" lat="38.904669"><ele>23.075606</ele><time>2026-04-04T15:47:50Z</time><extensions><speed>1.749435</speed><course>357.632790</course><hAcc>3.064565</hAcc><vAcc>2.029249</vAcc></extensions></trkpt>
      <trkpt lon="-77.018875" lat="38.904686"><ele>23.205908</ele><time>2026-04-04T15:47:51Z</time><extensions><speed>1.654072</speed><course>357.874208</course><hAcc>3.040343</hAcc><vAcc>2.021117</vAcc></extensions></trkpt>
      <trkpt lon="-77.018875" lat="38.904702"><ele>23.354282</ele><time>2026-04-04T15:47:52Z</time><extensions><speed>1.619296</speed><course>358.425031</course><hAcc>3.005474</hAcc><vAcc>2.011397</vAcc></extensions></trkpt>
      <trkpt lon="-77.018876" lat="38.904718"><ele>23.544359</ele><time>2026-04-04T15:47:53Z</time><extensions><speed>1.647748</speed><course>358.841972</course><hAcc>2.960002</hAcc><vAcc>1.994649</vAcc></extensions></trkpt>
      <trkpt lon="-77.018876" lat="38.904733"><ele>23.748532</ele><time>2026-04-04T15:47:54Z</time><extensions><speed>1.466769</speed><course>359.228391</course><hAcc>2.916760</hAcc><vAcc>1.973256</vAcc></extensions></trkpt>
      <trkpt lon="-77.018876" lat="38.904746"><ele>23.906389</ele><time>2026-04-04T15:47:55Z</time><extensions><speed>1.024564</speed><course>359.304187</course><hAcc>2.873134</hAcc><vAcc>1.949158</vAcc></extensions></trkpt>
      <trkpt lon="-77.018876" lat="38.904756"><ele>24.025689</ele><time>2026-04-04T15:47:56Z</time><extensions><speed>0.931195</speed><course>359.638458</course><hAcc>2.823222</hAcc><vAcc>1.920644</vAcc></extensions></trkpt>
      <trkpt lon="-77.018875" lat="38.904766"><ele>24.114786</ele><time>2026-04-04T15:47:57Z</time><extensions><speed>1.188887</speed><course>359.979108</course><hAcc>2.765465</hAcc><vAcc>1.889869</vAcc></extensions></trkpt>
      <trkpt lon="-77.018875" lat="38.904780"><ele>24.177744</ele><time>2026-04-04T15:47:58Z</time><extensions><speed>1.465852</speed><course>0.142459</course><hAcc>2.713634</hAcc><vAcc>1.858719</vAcc></extensions></trkpt>
      <trkpt lon="-77.018875" lat="38.904795"><ele>24.221914</ele><time>2026-04-04T15:47:59Z</time><extensions><speed>1.566095</speed><course>0.117232</course><hAcc>2.654585</hAcc><vAcc>1.829794</vAcc></extensions></trkpt>
      <trkpt lon="-77.018875" lat="38.904810"><ele>24.329430</ele><time>2026-04-04T15:48:00Z</time><extensions><speed>1.573726</speed><course>359.677682</course><hAcc>2.600684</hAcc><vAcc>1.802673</vAcc></extensions></trkpt>
      <trkpt lon="-77.018876" lat="38.904825"><ele>24.425209</ele><time>2026-04-04T15:48:01Z</time><extensions><speed>1.579398</speed><course>358.149999</course><hAcc>2.560539</hAcc><vAcc>1.774130</vAcc></extensions></trkpt>
      <trkpt lon="-77.018876" lat="38.904840"><ele>24.502056</ele><time>2026-04-04T15:48:02Z</time><extensions><speed>1.443238</speed><course>358.818716</course><hAcc>2.527397</hAcc><vAcc>1.741021</vAcc></extensions></trkpt>
      <trkpt lon="-77.018876" lat="38.904853"><ele>24.562076</ele><time>2026-04-04T15:48:03Z</time><extensions><speed>1.477553</speed><course>0.331668</course><hAcc>2.473683</hAcc><vAcc>1.710875</vAcc></extensions></trkpt>
      <trkpt lon="-77.018877" lat="38.904867"><ele>24.591689</ele><time>2026-04-04T15:48:04Z</time><extensions><speed>1.532835</speed><course>358.942531</course><hAcc>2.419914</hAcc><vAcc>1.676464</vAcc></extensions></trkpt>
      <trkpt lon="-77.018877" lat="38.904882"><ele>24.640212</ele><time>2026-04-04T15:48:05Z</time><extensions><speed>1.513778</speed><course>359.809270</course><hAcc>2.368409</hAcc><vAcc>1.648695</vAcc></extensions></trkpt>
      <trkpt lon="-77.018877" lat="38.904895"><ele>24.689976</ele><time>2026-04-04T15:48:06Z</time><extensions><speed>1.438281</speed><course>0.290985</course><hAcc>2.320087</hAcc><vAcc>1.617953</vAcc></extensions></trkpt>
      <trkpt lon="-77.018877" lat="38.904909"><ele>24.736641</ele><time>2026-04-04T15:48:07Z</time><extensions><speed>1.474887</speed><course>359.812048</course><hAcc>2.275320</hAcc><vAcc>1.589141</vAcc></extensions></trkpt>
      <trkpt lon="-77.018877" lat="38.904923"><ele>24.784750</ele><time>2026-04-04T15:48:08Z</time><extensions><speed>1.594801</speed><course>359.207989</course><hAcc>2.234174</hAcc><vAcc>1.565554</vAcc></extensions></trkpt>
      <trkpt lon="-77.018877" lat="38.904938"><ele>24.830534</ele><time>2026-04-04T15:48:09Z</time><extensions><speed>1.688998</speed><course>358.718177</course><hAcc>2.195325</hAcc><vAcc>1.548191</vAcc></extensions></trkpt>
      <trkpt lon="-77.018878" lat="38.904953"><ele>24.866881</ele><time>2026-04-04T15:48:10Z</time><extensions><speed>1.621187</speed><course>356.352500</course><hAcc>2.157696</hAcc><vAcc>1.535502</vAcc></extensions></trkpt>
      <trkpt lon="-77.018879" lat="38.904967"><ele>24.888715</ele><time>2026-04-04T15:48:11Z</time><extensions><speed>1.475549</speed><course>356.966965</course><hAcc>2.112016</hAcc><vAcc>1.526746</vAcc></extensions></trkpt>
      <trkpt lon="-77.018880" lat="38.904980"><ele>24.903021</ele><time>2026-04-04T15:48:12Z</time><extensions><speed>1.359734</speed><course>357.699621</course><hAcc>2.068723</hAcc><vAcc>1.520964</vAcc></extensions></trkpt>
      <trkpt lon="-77.018880" lat="38.904993"><ele>24.901341</ele><time>2026-04-04T15:48:13Z</time><extensions><speed>1.355475</speed><course>0.529198</course><hAcc>2.050159</hAcc><vAcc>1.515731</vAcc></extensions></trkpt>
      <trkpt lon="-77.018880" lat="38.905006"><ele>24.893731</ele><time>2026-04-04T15:48:14Z</time><extensions><speed>1.439404</speed><course>357.865271</course><hAcc>2.022017</hAcc><vAcc>1.509130</vAcc></extensions></trkpt>
      <trkpt lon="-77.018879" lat="38.905020"><ele>24.919534</ele><time>2026-04-04T15:48:15Z</time><extensions><speed>1.479951</speed><course>359.699849</course><hAcc>1.844902</hAcc><vAcc>1.383381</vAcc></extensions></trkpt>
      <trkpt lon="-77.018879" lat="38.905033"><ele>24.938619</ele><time>2026-04-04T15:48:16Z</time><extensions><speed>1.477093</speed><course>359.910438</course><hAcc>1.780093</hAcc><vAcc>1.380848</vAcc></extensions></trkpt>
      <trkpt lon="-77.018879" lat="38.905047"><ele>24.957065</ele><time>2026-04-04T15:48:17Z</time><extensions><speed>1.473286</speed><course>0.181759</course><hAcc>1.742485</hAcc><vAcc>1.380249</vAcc></extensions></trkpt>
      <trkpt lon="-77.018879" lat="38.905060"><ele>24.975351</ele><time>2026-04-04T15:48:18Z</time><extensions><speed>1.471957</speed><course>0.430606</course><hAcc>1.725876</hAcc><vAcc>1.381399</vAcc></extensions></trkpt>
      <trkpt lon="-77.018879" lat="38.905073"><ele>24.993667</ele><time>2026-04-04T15:48:19Z</time><extensions><speed>1.470834</speed><course>0.660676</course><hAcc>1.724403</hAcc><vAcc>1.384033</vAcc></extensions></trkpt>
      <trkpt lon="-77.018879" lat="38.905086"><ele>25.012325</ele><time>2026-04-04T15:48:20Z</time><extensions><speed>1.469263</speed><course>0.877183</course><hAcc>1.732927</hAcc><vAcc>1.387847</vAcc></extensions></trkpt>
      <trkpt lon="-77.018878" lat="38.905100"><ele>25.031709</ele><time>2026-04-04T15:48:21Z</time><extensions><speed>1.466826</speed><course>1.081918</course><hAcc>1.747635</hAcc><vAcc>1.392553</vAcc></extensions></trkpt>
      <trkpt lon="-77.018878" lat="38.905113"><ele>25.052095</ele><time>2026-04-04T15:48:22Z</time><extensions><speed>1.464172</speed><course>1.280609</course><hAcc>1.765981</hAcc><vAcc>1.397912</vAcc></extensions></trkpt>
      <trkpt lon="-77.018878" lat="38.905126"><ele>25.073924</ele><time>2026-04-04T15:48:23Z</time><extensions><speed>1.461479</speed><course>1.477572</course><hAcc>1.786470</hAcc><vAcc>1.403749</vAcc></extensions></trkpt>
      <trkpt lon="-77.018877" lat="38.905139"><ele>25.097645</ele><time>2026-04-04T15:48:24Z</time><extensions><speed>1.462434</speed><course>1.659273</course><hAcc>1.808362</hAcc><vAcc>1.409964</vAcc></extensions></trkpt>
      <trkpt lon="-77.018877" lat="38.905152"><ele>25.123400</ele><time>2026-04-04T15:48:25Z</time><extensions><speed>1.463486</speed><course>1.820808</course><hAcc>1.831198</hAcc><vAcc>1.416499</vAcc></extensions></trkpt>
      <trkpt lon="-77.018876" lat="38.905166"><ele>25.151663</ele><time>2026-04-04T15:48:26Z</time><extensions><speed>1.464113</speed><course>1.963401</course><hAcc>1.854509</hAcc><vAcc>1.423289</vAcc></extensions></trkpt>
      <trkpt lon="-77.018876" lat="38.905179"><ele>25.182408</ele><time>2026-04-04T15:48:27Z</time><extensions><speed>1.464758</speed><course>2.092932</course><hAcc>1.877831</hAcc><vAcc>1.430272</vAcc></extensions></trkpt>
      <trkpt lon="-77.018875" lat="38.905192"><ele>25.215302</ele><time>2026-04-04T15:48:28Z</time><extensions><speed>1.463048</speed><course>2.206753</course><hAcc>1.900753</hAcc><vAcc>1.437382</vAcc></extensions></trkpt>
      <trkpt lon="-77.018874" lat="38.905205"><ele>25.250167</ele><time>2026-04-04T15:48:29Z</time><extensions><speed>1.459861</speed><course>2.325665</course><hAcc>1.922869</hAcc><vAcc>1.444531</vAcc></extensions></trkpt>
      <trkpt lon="-77.018874" lat="38.905218"><ele>25.286949</ele><time>2026-04-04T15:48:30Z</time><extensions><speed>1.455648</speed><course>2.425334</course><hAcc>1.944063</hAcc><vAcc>1.451638</vAcc></extensions></trkpt>
      <trkpt lon="-77.018873" lat="38.905231"><ele>25.325522</ele><time>2026-04-04T15:48:31Z</time><extensions><speed>1.449163</speed><course>2.528669</course><hAcc>1.964277</hAcc><vAcc>1.458642</vAcc></extensions></trkpt>
      <trkpt lon="-77.018872" lat="38.905244"><ele>25.364915</ele><time>2026-04-04T15:48:32Z</time><extensions><speed>1.442177</speed><course>2.652056</course><hAcc>1.983567</hAcc><vAcc>1.465524</vAcc></extensions></trkpt>
      <trkpt lon="-77.018871" lat="38.905257"><ele>25.404931</ele><time>2026-04-04T15:48:33Z</time><extensions><speed>1.435349</speed><course>2.768269</course><hAcc>2.002232</hAcc><vAcc>1.472290</vAcc></extensions></trkpt>
      <trkpt lon="-77.018870" lat="38.905270"><ele>25.445058</ele><time>2026-04-04T15:48:34Z</time><extensions><speed>1.430091</speed><course>2.870466</course><hAcc>2.020430</hAcc><vAcc>1.478958</vAcc></extensions></trkpt>
      <trkpt lon="-77.018870" lat="38.905283"><ele>25.485196</ele><time>2026-04-04T15:48:35Z</time><extensions><speed>1.425884</speed><course>2.959596</course><hAcc>2.038194</hAcc><vAcc>1.485546</vAcc></extensions></trkpt>
      <trkpt lon="-77.018869" lat="38.905296"><ele>25.524211</ele><time>2026-04-04T15:48:36Z</time><extensions><speed>1.422777</speed><course>3.043074</course><hAcc>2.055468</hAcc><vAcc>1.492069</vAcc></extensions></trkpt>
      <trkpt lon="-77.018868" lat="38.905309"><ele>25.561810</ele><time>2026-04-04T15:48:37Z</time><extensions><speed>1.417652</speed><course>3.124046</course><hAcc>2.072113</hAcc><vAcc>1.498544</vAcc></extensions></trkpt>
      <trkpt lon="-77.018867" lat="38.905321"><ele>25.597807</ele><time>2026-04-04T15:48:38Z</time><extensions><speed>1.409605</speed><course>3.226125</course><hAcc>2.088020</hAcc><vAcc>1.504991</vAcc></extensions></trkpt>
      <trkpt lon="-77.018866" lat="38.905334"><ele>25.631630</ele><time>2026-04-04T15:48:39Z</time><extensions><speed>1.398501</speed><course>3.333046</course><hAcc>2.103257</hAcc><vAcc>1.511448</vAcc></extensions></trkpt>
      <trkpt lon="-77.018865" lat="38.905346"><ele>25.662885</ele><time>2026-04-04T15:48:40Z</time><extensions><speed>1.389697</speed><course>3.425530</course><hAcc>2.118015</hAcc><vAcc>1.517971</vAcc></extensions></trkpt>
      <trkpt lon="-77.018864" lat="38.905359"><ele>25.691058</ele><time>2026-04-04T15:48:41Z</time><extensions><speed>1.384887</speed><course>3.467685</course><hAcc>2.132381</hAcc><vAcc>1.524624</vAcc></extensions></trkpt>
      <trkpt lon="-77.018863" lat="38.905371"><ele>25.716609</ele><time>2026-04-04T15:48:42Z</time><extensions><speed>1.386954</speed><course>3.502611</course><hAcc>2.146163</hAcc><vAcc>1.531469</vAcc></extensions></trkpt>
      <trkpt lon="-77.018862" lat="38.905384"><ele>25.739228</ele><time>2026-04-04T15:48:43Z</time><extensions><speed>1.383055</speed><course>3.564142</course><hAcc>2.159100</hAcc><vAcc>1.538557</vAcc></extensions></trkpt>
      <trkpt lon="-77.018861" lat="38.905396"><ele>25.759056</ele><time>2026-04-04T15:48:44Z</time><extensions><speed>1.374762</speed><course>3.647997</course><hAcc>2.170856</hAcc><vAcc>1.545933</vAcc></extensions></trkpt>
      <trkpt lon="-77.018860" lat="38.905408"><ele>25.776150</ele><time>2026-04-04T15:48:45Z</time><extensions><speed>1.361455</speed><course>3.762589</course><hAcc>2.181249</hAcc><vAcc>1.553632</vAcc></extensions></trkpt>
      <trkpt lon="-77.018859" lat="38.905421"><ele>25.790373</ele><time>2026-04-04T15:48:46Z</time><extensions><speed>1.346418</speed><course>3.922564</course><hAcc>2.190220</hAcc><vAcc>1.561675</vAcc></extensions></trkpt>
      <trkpt lon="-77.018858" lat="38.905433"><ele>25.801667</ele><time>2026-04-04T15:48:47Z</time><extensions><speed>1.334864</speed><course>4.098207</course><hAcc>2.198054</hAcc><vAcc>1.570057</vAcc></extensions></trkpt>
      <trkpt lon="-77.018857" lat="38.905445"><ele>25.810235</ele><time>2026-04-04T15:48:48Z</time><extensions><speed>1.324496</speed><course>4.290878</course><hAcc>2.205082</hAcc><vAcc>1.578746</vAcc></extensions></trkpt>
      <trkpt lon="-77.018855" lat="38.905456"><ele>25.816293</ele><time>2026-04-04T15:48:49Z</time><extensions><speed>1.312130</speed><course>4.527415</course><hAcc>2.211679</hAcc><vAcc>1.587680</vAcc></extensions></trkpt>
      <trkpt lon="-77.018854" lat="38.905468"><ele>25.820773</ele><time>2026-04-04T15:48:50Z</time><extensions><speed>1.300317</speed><course>4.770592</course><hAcc>2.218343</hAcc><vAcc>1.596760</vAcc></extensions></trkpt>
      <trkpt lon="-77.018853" lat="38.905480"><ele>25.823385</ele><time>2026-04-04T15:48:51Z</time><extensions><speed>1.291747</speed><course>5.007273</course><hAcc>2.225744</hAcc><vAcc>1.605849</vAcc></extensions></trkpt>
      <trkpt lon="-77.018852" lat="38.905491"><ele>25.824641</ele><time>2026-04-04T15:48:52Z</time><extensions><speed>1.284559</speed><course>5.247466</course><hAcc>2.234836</hAcc><vAcc>1.614787</vAcc></extensions></trkpt>
      <trkpt lon="-77.018850" lat="38.905503"><ele>25.824372</ele><time>2026-04-04T15:48:53Z</time><extensions><speed>1.278071</speed><course>5.507655</course><hAcc>2.246932</hAcc><vAcc>1.623401</vAcc></extensions></trkpt>
      <trkpt lon="-77.018849" lat="38.905514"><ele>25.822176</ele><time>2026-04-04T15:48:54Z</time><extensions><speed>1.271777</speed><course>5.790113</course><hAcc>2.263823</hAcc><vAcc>1.631540</vAcc></extensions></trkpt>
      <trkpt lon="-77.018847" lat="38.905526"><ele>25.818296</ele><time>2026-04-04T15:48:55Z</time><extensions><speed>1.265169</speed><course>6.085832</course><hAcc>2.287875</hAcc><vAcc>1.639072</vAcc></extensions></trkpt>
      <trkpt lon="-77.018846" lat="38.905537"><ele>25.812700</ele><time>2026-04-04T15:48:56Z</time><extensions><speed>1.257926</speed><course>6.393280</course><hAcc>2.322126</hAcc><vAcc>1.645909</vAcc></extensions></trkpt>
      <trkpt lon="-77.018844" lat="38.905548"><ele>25.805795</ele><time>2026-04-04T15:48:57Z</time><extensions><speed>1.246951</speed><course>6.740147</course><hAcc>2.370338</hAcc><vAcc>1.652012</vAcc></extensions></trkpt>
      <trkpt lon="-77.018842" lat="38.905559"><ele>25.798124</ele><time>2026-04-04T15:48:58Z</time><extensions><speed>1.235024</speed><course>7.105282</course><hAcc>2.437000</hAcc><vAcc>1.657407</vAcc></extensions></trkpt>
      <trkpt lon="-77.018840" lat="38.905570"><ele>25.789915</ele><time>2026-04-04T15:48:59Z</time><extensions><speed>1.223910</speed><course>7.466927</course><hAcc>2.527277</hAcc><vAcc>1.662185</vAcc></extensions></trkpt>
      <trkpt lon="-77.018839" lat="38.905581"><ele>25.781201</ele><time>2026-04-04T15:49:00Z</time><extensions><speed>1.215595</speed><course>7.820918</course><hAcc>2.646867</hAcc><vAcc>1.666512</vAcc></extensions></trkpt>
      <trkpt lon="-77.018826" lat="38.905590"><ele>25.766487</ele><time>2026-04-04T15:49:01Z</time><extensions><speed>1.341634</speed><course>85.087857</course><hAcc>2.656585</hAcc><vAcc>1.662923</vAcc></extensions></trkpt>
      <trkpt lon="-77.018818" lat="38.905591"><ele>25.762077</ele><time>2026-04-04T15:49:02Z</time><extensions><speed>1.343946</speed><course>85.170054</course><hAcc>2.598388</hAcc><vAcc>1.659257</vAcc></extensions></trkpt>
      <trkpt lon="-77.018802" lat="38.905591"><ele>25.752022</ele><time>2026-04-04T15:49:03Z</time><extensions><speed>1.365553</speed><course>85.902833</course><hAcc>2.506323</hAcc><vAcc>1.653979</vAcc></extensions></trkpt>
      <trkpt lon="-77.018787" lat="38.905592"><ele>25.742163</ele><time>2026-04-04T15:49:04Z</time><extensions><speed>1.387206</speed><course>86.615200</course><hAcc>2.439551</hAcc><vAcc>1.648045</vAcc></extensions></trkpt>
      <trkpt lon="-77.018770" lat="38.905593"><ele>25.732300</ele><time>2026-04-04T15:49:05Z</time><extensions><speed>1.406672</speed><course>87.279996</course><hAcc>2.392974</hAcc><vAcc>1.641434</vAcc></extensions></trkpt>
      <trkpt lon="-77.018754" lat="38.905593"><ele>25.722776</ele><time>2026-04-04T15:49:06Z</time><extensions><speed>1.424809</speed><course>87.890183</course><hAcc>2.362061</hAcc><vAcc>1.634145</vAcc></extensions></trkpt>
      <trkpt lon="-77.018738" lat="38.905594"><ele>25.713817</ele><time>2026-04-04T15:49:07Z</time><extensions><speed>1.442419</speed><course>88.449991</course><hAcc>2.342843</hAcc><vAcc>1.626212</vAcc></extensions></trkpt>
      <trkpt lon="-77.018721" lat="38.905594"><ele>25.705965</ele><time>2026-04-04T15:49:08Z</time><extensions><speed>1.459053</speed><course>88.969634</course><hAcc>2.332043</hAcc><vAcc>1.617699</vAcc></extensions></trkpt>
      <trkpt lon="-77.018704" lat="38.905594"><ele>25.699202</ele><time>2026-04-04T15:49:09Z</time><extensions><speed>1.475034</speed><course>89.375171</course><hAcc>2.327104</hAcc><vAcc>1.608696</vAcc></extensions></trkpt>
      <trkpt lon="-77.018687" lat="38.905594"><ele>25.693172</ele><time>2026-04-04T15:49:10Z</time><extensions><speed>1.488472</speed><course>89.712233</course><hAcc>2.326089</hAcc><vAcc>1.599315</vAcc></extensions></trkpt>
      <trkpt lon="-77.018669" lat="38.905595"><ele>25.688929</ele><time>2026-04-04T15:49:11Z</time><extensions><speed>1.499481</speed><course>89.989398</course><hAcc>2.327526</hAcc><vAcc>1.589709</vAcc></extensions></trkpt>
      <trkpt lon="-77.018652" lat="38.905594"><ele>25.686042</ele><time>2026-04-04T15:49:12Z</time><extensions><speed>1.506652</speed><course>90.215448</course><hAcc>2.330347</hAcc><vAcc>1.580071</vAcc></extensions></trkpt>
      <trkpt lon="-77.018635" lat="38.905594"><ele>25.684501</ele><time>2026-04-04T15:49:13Z</time><extensions><speed>1.511340</speed><course>90.399877</course><hAcc>2.333821</hAcc><vAcc>1.570632</vAcc></extensions></trkpt>
      <trkpt lon="-77.018617" lat="38.905594"><ele>25.684305</ele><time>2026-04-04T15:49:14Z</time><extensions><speed>1.515165</speed><course>90.550623</course><hAcc>2.337461</hAcc><vAcc>1.561654</vAcc></extensions></trkpt>
      <trkpt lon="-77.018600" lat="38.905594"><ele>25.685838</ele><time>2026-04-04T15:49:15Z</time><extensions><speed>1.518687</speed><course>90.671147</course><hAcc>2.340988</hAcc><vAcc>1.553396</vAcc></extensions></trkpt>
      <trkpt lon="-77.018582" lat="38.905594"><ele>25.689279</ele><time>2026-04-04T15:49:16Z</time><extensions><speed>1.521117</speed><course>90.766365</course><hAcc>2.344204</hAcc><vAcc>1.546098</vAcc></extensions></trkpt>
      <trkpt lon="-77.018565" lat="38.905594"><ele>25.694766</ele><time>2026-04-04T15:49:17Z</time><extensions><speed>1.522184</speed><course>90.840331</course><hAcc>2.347130</hAcc><vAcc>1.539983</vAcc></extensions></trkpt>
      <trkpt lon="-77.018547" lat="38.905594"><ele>25.702235</ele><time>2026-04-04T15:49:18Z</time><extensions><speed>1.520930</speed><course>90.895104</course><hAcc>2.349735</hAcc><vAcc>1.535245</vAcc></extensions></trkpt>
      <trkpt lon="-77.018530" lat="38.905593"><ele>25.711632</ele><time>2026-04-04T15:49:19Z</time><extensions><speed>1.518588</speed><course>90.932892</course><hAcc>2.352036</hAcc><vAcc>1.532007</vAcc></extensions></trkpt>
      <trkpt lon="-77.018512" lat="38.905593"><ele>25.722805</ele><time>2026-04-04T15:49:20Z</time><extensions><speed>1.515382</speed><course>90.955936</course><hAcc>2.354012</hAcc><vAcc>1.530333</vAcc></extensions></trkpt>
      <trkpt lon="-77.018495" lat="38.905593"><ele>25.736244</ele><time>2026-04-04T15:49:21Z</time><extensions><speed>1.509771</speed><course>90.968362</course><hAcc>2.355757</hAcc><vAcc>1.530221</vAcc></extensions></trkpt>
      <trkpt lon="-77.018478" lat="38.905593"><ele>25.751819</ele><time>2026-04-04T15:49:22Z</time><extensions><speed>1.503175</speed><course>90.969526</course><hAcc>2.357309</hAcc><vAcc>1.531623</vAcc></extensions></trkpt>
      <trkpt lon="-77.018460" lat="38.905592"><ele>25.769817</ele><time>2026-04-04T15:49:23Z</time><extensions><speed>1.496345</speed><course>90.961142</course><hAcc>2.358755</hAcc><vAcc>1.534428</vAcc></extensions></trkpt>
      <trkpt lon="-77.018443" lat="38.905592"><ele>25.789577</ele><time>2026-04-04T15:49:24Z</time><extensions><speed>1.489960</speed><course>90.941129</course><hAcc>2.360105</hAcc><vAcc>1.538469</vAcc></extensions></trkpt>
      <trkpt lon="-77.018426" lat="38.905592"><ele>25.811269</ele><time>2026-04-04T15:49:25Z</time><extensions><speed>1.483287</speed><course>90.913534</course><hAcc>2.361396</hAcc><vAcc>1.543540</vAcc></extensions></trkpt>
      <trkpt lon="-77.018409" lat="38.905592"><ele>25.834992</ele><time>2026-04-04T15:49:26Z</time><extensions><speed>1.475496</speed><course>90.880357</course><hAcc>2.362663</hAcc><vAcc>1.549425</vAcc></extensions></trkpt>
      <trkpt lon="-77.018392" lat="38.905592"><ele>25.860266</ele><time>2026-04-04T15:49:27Z</time><extensions><speed>1.467956</speed><course>90.842237</course><hAcc>2.363929</hAcc><vAcc>1.555913</vAcc></extensions></trkpt>
      <trkpt lon="-77.018375" lat="38.905591"><ele>25.886968</ele><time>2026-04-04T15:49:28Z</time><extensions><speed>1.459459</speed><course>90.801037</course><hAcc>2.365231</hAcc><vAcc>1.562804</vAcc></extensions></trkpt>
      <trkpt lon="-77.018358" lat="38.905591"><ele>25.915286</ele><time>2026-04-04T15:49:29Z</time><extensions><speed>1.454797</speed><course>90.754384</course><hAcc>2.366559</hAcc><vAcc>1.569919</vAcc></extensions></trkpt>
      <trkpt lon="-77.018341" lat="38.905591"><ele>25.944947</ele><time>2026-04-04T15:49:30Z</time><extensions><speed>1.454948</speed><course>90.702266</course><hAcc>2.367855</hAcc><vAcc>1.577101</vAcc></extensions></trkpt>
      <trkpt lon="-77.018325" lat="38.905591"><ele>25.975032</ele><time>2026-04-04T15:49:31Z</time><extensions><speed>1.457457</speed><course>90.647069</course><hAcc>2.369045</hAcc><vAcc>1.584212</vAcc></extensions></trkpt>
      <trkpt lon="-77.018308" lat="38.905591"><ele>26.005932</ele><time>2026-04-04T15:49:32Z</time><extensions><speed>1.455661</speed><course>90.594142</course><hAcc>2.369955</hAcc><vAcc>1.591143</vAcc></extensions></trkpt>
      <trkpt lon="-77.018291" lat="38.905591"><ele>26.037314</ele><time>2026-04-04T15:49:33Z</time><extensions><speed>1.453605</speed><course>90.547642</course><hAcc>2.370425</hAcc><vAcc>1.597824</vAcc></extensions></trkpt>
      <trkpt lon="-77.018274" lat="38.905591"><ele>26.069019</ele><time>2026-04-04T15:49:34Z</time><extensions><speed>1.450366</speed><course>90.501854</course><hAcc>2.370538</hAcc><vAcc>1.604225</vAcc></extensions></trkpt>
      <trkpt lon="-77.018257" lat="38.905590"><ele>26.100477</ele><time>2026-04-04T15:49:35Z</time><extensions><speed>1.445436</speed><course>90.452517</course><hAcc>2.370327</hAcc><vAcc>1.610341</vAcc></extensions></trkpt>
      <trkpt lon="-77.018241" lat="38.905590"><ele>26.131411</ele><time>2026-04-04T15:49:36Z</time><extensions><speed>1.436797</speed><course>90.399725</course><hAcc>2.369685</hAcc><vAcc>1.616178</vAcc></extensions></trkpt>
      <trkpt lon="-77.018224" lat="38.905590"><ele>26.161417</ele><time>2026-04-04T15:49:37Z</time><extensions><speed>1.427573</speed><course>90.344053</course><hAcc>2.368440</hAcc><vAcc>1.621760</vAcc></extensions></trkpt>
      <trkpt lon="-77.018208" lat="38.905590"><ele>26.190287</ele><time>2026-04-04T15:49:38Z</time><extensions><speed>1.418754</speed><course>90.285416</course><hAcc>2.366670</hAcc><vAcc>1.627136</vAcc></extensions></trkpt>
      <trkpt lon="-77.018192" lat="38.905590"><ele>26.217947</ele><time>2026-04-04T15:49:39Z</time><extensions><speed>1.410345</speed><course>90.224316</course><hAcc>2.364652</hAcc><vAcc>1.632369</vAcc></extensions></trkpt>
      <trkpt lon="-77.018175" lat="38.905590"><ele>26.244260</ele><time>2026-04-04T15:49:40Z</time><extensions><speed>1.406785</speed><course>90.161589</course><hAcc>2.362583</hAcc><vAcc>1.637534</vAcc></extensions></trkpt>
      <trkpt lon="-77.018159" lat="38.905590"><ele>26.269202</ele><time>2026-04-04T15:49:41Z</time><extensions><speed>1.405328</speed><course>90.097696</course><hAcc>2.360622</hAcc><vAcc>1.642696</vAcc></extensions></trkpt>
      <trkpt lon="-77.018143" lat="38.905590"><ele>26.293043</ele><time>2026-04-04T15:49:42Z</time><extensions><speed>1.403346</speed><course>90.032400</course><hAcc>2.358860</hAcc><vAcc>1.647913</vAcc></extensions></trkpt>
      <trkpt lon="-77.018127" lat="38.905590"><ele>26.315538</ele><time>2026-04-04T15:49:43Z</time><extensions><speed>1.399318</speed><course>89.965348</course><hAcc>2.357346</hAcc><vAcc>1.653223</vAcc></extensions></trkpt>
      <trkpt lon="-77.018111" lat="38.905590"><ele>26.336879</ele><time>2026-04-04T15:49:44Z</time><extensions><speed>1.395748</speed><course>89.897659</course><hAcc>2.356110</hAcc><vAcc>1.658644</vAcc></extensions></trkpt>
      <trkpt lon="-77.018094" lat="38.905590"><ele>26.357100</ele><time>2026-04-04T15:49:45Z</time><extensions><speed>1.395124</speed><course>89.829897</course><hAcc>2.355169</hAcc><vAcc>1.664168</vAcc></extensions></trkpt>
      <trkpt lon="-77.018078" lat="38.905590"><ele>26.376363</ele><time>2026-04-04T15:49:46Z</time><extensions><speed>1.396506</speed><course>89.762531</course><hAcc>2.354529</hAcc><vAcc>1.669769</vAcc></extensions></trkpt>
      <trkpt lon="-77.018062" lat="38.905590"><ele>26.394707</ele><time>2026-04-04T15:49:47Z</time><extensions><speed>1.397819</speed><course>89.696147</course><hAcc>2.354178</hAcc><vAcc>1.675415</vAcc></extensions></trkpt>
      <trkpt lon="-77.018046" lat="38.905590"><ele>26.412446</ele><time>2026-04-04T15:49:48Z</time><extensions><speed>1.401485</speed><course>89.632784</course><hAcc>2.354093</hAcc><vAcc>1.681079</vAcc></extensions></trkpt>
      <trkpt lon="-77.018030" lat="38.905590"><ele>26.429291</ele><time>2026-04-04T15:49:49Z</time><extensions><speed>1.406823</speed><course>89.572690</course><hAcc>2.354247</hAcc><vAcc>1.686731</vAcc></extensions></trkpt>
      <trkpt lon="-77.018014" lat="38.905591"><ele>26.445447</ele><time>2026-04-04T15:49:50Z</time><extensions><speed>1.410627</speed><course>89.515517</course><hAcc>2.354612</hAcc><vAcc>1.692337</vAcc></extensions></trkpt>
      <trkpt lon="-77.017997" lat="38.905591"><ele>26.461309</ele><time>2026-04-04T15:49:51Z</time><extensions><speed>1.412960</speed><course>89.461113</course><hAcc>2.355137</hAcc><vAcc>1.697867</vAcc></extensions></trkpt>
      <trkpt lon="-77.017981" lat="38.905591"><ele>26.476892</ele><time>2026-04-04T15:49:52Z</time><extensions><speed>1.414671</speed><course>89.411396</course><hAcc>2.355760</hAcc><vAcc>1.703277</vAcc></extensions></trkpt>
      <trkpt lon="-77.017965" lat="38.905591"><ele>26.492012</ele><time>2026-04-04T15:49:53Z</time><extensions><speed>1.413839</speed><course>89.365102</course><hAcc>2.356363</hAcc><vAcc>1.708513</vAcc></extensions></trkpt>
      <trkpt lon="-77.017949" lat="38.905591"><ele>26.507014</ele><time>2026-04-04T15:49:54Z</time><extensions><speed>1.411078</speed><course>89.325002</course><hAcc>2.356816</hAcc><vAcc>1.713515</vAcc></extensions></trkpt>
      <trkpt lon="-77.017932" lat="38.905591"><ele>26.522040</ele><time>2026-04-04T15:49:55Z</time><extensions><speed>1.405475</speed><course>89.289201</course><hAcc>2.356980</hAcc><vAcc>1.718230</vAcc></extensions></trkpt>
      <trkpt lon="-77.017916" lat="38.905591"><ele>26.536504</ele><time>2026-04-04T15:49:56Z</time><extensions><speed>1.398365</speed><course>89.252655</course><hAcc>2.356859</hAcc><vAcc>1.722608</vAcc></extensions></trkpt>
      <trkpt lon="-77.017900" lat="38.905592"><ele>26.550677</ele><time>2026-04-04T15:49:57Z</time><extensions><speed>1.391710</speed><course>89.223075</course><hAcc>2.356605</hAcc><vAcc>1.726609</vAcc></extensions></trkpt>
      <trkpt lon="-77.017884" lat="38.905592"><ele>26.564733</ele><time>2026-04-04T15:49:58Z</time><extensions><speed>1.386060</speed><course>89.201772</course><hAcc>2.356409</hAcc><vAcc>1.730206</vAcc></extensions></trkpt>
      <trkpt lon="-77.017868" lat="38.905592"><ele>26.578312</ele><time>2026-04-04T15:49:59Z</time><extensions><speed>1.383155</speed><course>89.190727</course><hAcc>2.356393</hAcc><vAcc>1.733379</vAcc></extensions></trkpt>
      <trkpt lon="-77.017852" lat="38.905592"><ele>26.591134</ele><time>2026-04-04T15:50:00Z</time><extensions><speed>1.386466</speed><course>89.189455</course><hAcc>2.356622</hAcc><vAcc>1.736121</vAcc></extensions></trkpt>
      <trkpt lon="-77.017836" lat="38.905592"><ele>26.603298</ele><time>2026-04-04T15:50:01Z</time><extensions><speed>1.390900</speed><course>89.195987</course><hAcc>2.357185</hAcc><vAcc>1.738437</vAcc></extensions></trkpt>
      <trkpt lon="-77.017820" lat="38.905592"><ele>26.615401</ele><time>2026-04-04T15:50:02Z</time><extensions><speed>1.397384</speed><course>89.211276</course><hAcc>2.358121</hAcc><vAcc>1.740341</vAcc></extensions></trkpt>
      <trkpt lon="-77.017804" lat="38.905593"><ele>26.627560</ele><time>2026-04-04T15:50:03Z</time><extensions><speed>1.404150</speed><course>89.229380</course><hAcc>2.359388</hAcc><vAcc>1.741854</vAcc></extensions></trkpt>
      <trkpt lon="-77.017788" lat="38.905593"><ele>26.639409</ele><time>2026-04-04T15:50:04Z</time><extensions><speed>1.408480</speed><course>89.243186</course><hAcc>2.360844</hAcc><vAcc>1.742987</vAcc></extensions></trkpt>
      <trkpt lon="-77.017771" lat="38.905593"><ele>26.650812</ele><time>2026-04-04T15:50:05Z</time><extensions><speed>1.410343</speed><course>89.253562</course><hAcc>2.362223</hAcc><vAcc>1.743747</vAcc></extensions></trkpt>
      <trkpt lon="-77.017755" lat="38.905593"><ele>26.661993</ele><time>2026-04-04T15:50:06Z</time><extensions><speed>1.410788</speed><course>89.259973</course><hAcc>2.363415</hAcc><vAcc>1.744130</vAcc></extensions></trkpt>
      <trkpt lon="-77.017739" lat="38.905593"><ele>26.672604</ele><time>2026-04-04T15:50:07Z</time><extensions><speed>1.410434</speed><course>89.253071</course><hAcc>2.364336</hAcc><vAcc>1.744144</vAcc></extensions></trkpt>
      <trkpt lon="-77.017723" lat="38.905593"><ele>26.682495</ele><time>2026-04-04T15:50:08Z</time><extensions><speed>1.408776</speed><course>89.240349</course><hAcc>2.365107</hAcc><vAcc>1.743795</vAcc></extensions></trkpt>
      <trkpt lon="-77.017706" lat="38.905594"><ele>26.691784</ele><time>2026-04-04T15:50:09Z</time><extensions><speed>1.405755</speed><course>89.221597</course><hAcc>2.365790</hAcc><vAcc>1.743073</vAcc></extensions></trkpt>
      <trkpt lon="-77.017690" lat="38.905594"><ele>26.700473</ele><time>2026-04-04T15:50:10Z</time><extensions><speed>1.399513</speed><course>89.194166</course><hAcc>2.366224</hAcc><vAcc>1.741942</vAcc></extensions></trkpt>
      <trkpt lon="-77.017674" lat="38.905594"><ele>26.708781</ele><time>2026-04-04T15:50:11Z</time><extensions><speed>1.392092</speed><course>89.151128</course><hAcc>2.366125</hAcc><vAcc>1.740351</vAcc></extensions></trkpt>
      <trkpt lon="-77.017658" lat="38.905594"><ele>26.716694</ele><time>2026-04-04T15:50:12Z</time><extensions><speed>1.384111</speed><course>89.096920</course><hAcc>2.365389</hAcc><vAcc>1.738255</vAcc></extensions></trkpt>
      <trkpt lon="-77.017642" lat="38.905594"><ele>26.723982</ele><time>2026-04-04T15:50:13Z</time><extensions><speed>1.375460</speed><course>89.029821</course><hAcc>2.364146</hAcc><vAcc>1.735624</vAcc></extensions></trkpt>
      <trkpt lon="-77.017626" lat="38.905595"><ele>26.730923</ele><time>2026-04-04T15:50:14Z</time><extensions><speed>1.368193</speed><course>88.962871</course><hAcc>2.362681</hAcc><vAcc>1.732457</vAcc></extensions></trkpt>
      <trkpt lon="-77.017611" lat="38.905595"><ele>26.737041</ele><time>2026-04-04T15:50:15Z</time><extensions><speed>1.364939</speed><course>88.897909</course><hAcc>2.361278</hAcc><vAcc>1.728779</vAcc></extensions></trkpt>
      <trkpt lon="-77.017595" lat="38.905595"><ele>26.742483</ele><time>2026-04-04T15:50:16Z</time><extensions><speed>1.363279</speed><course>88.833092</course><hAcc>2.360079</hAcc><vAcc>1.724665</vAcc></extensions></trkpt>
      <trkpt lon="-77.017579" lat="38.905595"><ele>26.746881</ele><time>2026-04-04T15:50:17Z</time><extensions><speed>1.361746</speed><course>88.768231</course><hAcc>2.359140</hAcc><vAcc>1.720243</vAcc></extensions></trkpt>
      <trkpt lon="-77.017564" lat="38.905596"><ele>26.750224</ele><time>2026-04-04T15:50:18Z</time><extensions><speed>1.359901</speed><course>88.701768</course><hAcc>2.358449</hAcc><vAcc>1.715677</vAcc></extensions></trkpt>
      <trkpt lon="-77.017548" lat="38.905596"><ele>26.752500</ele><time>2026-04-04T15:50:19Z</time><extensions><speed>1.356996</speed><course>88.638394</course><hAcc>2.358017</hAcc><vAcc>1.711171</vAcc></extensions></trkpt>
      <trkpt lon="-77.017532" lat="38.905596"><ele>26.753621</ele><time>2026-04-04T15:50:20Z</time><extensions><speed>1.348832</speed><course>88.577603</course><hAcc>2.357765</hAcc><vAcc>1.706952</vAcc></extensions></trkpt>
      <trkpt lon="-77.017517" lat="38.905596"><ele>26.753387</ele><time>2026-04-04T15:50:21Z</time><extensions><speed>1.337950</speed><course>88.525489</course><hAcc>2.357701</hAcc><vAcc>1.703225</vAcc></extensions></trkpt>
      <trkpt lon="-77.017502" lat="38.905597"><ele>26.751792</ele><time>2026-04-04T15:50:22Z</time><extensions><speed>1.327202</speed><course>88.484549</course><hAcc>2.357818</hAcc><vAcc>1.700187</vAcc></extensions></trkpt>
      <trkpt lon="-77.017486" lat="38.905597"><ele>26.748883</ele><time>2026-04-04T15:50:23Z</time><extensions><speed>1.315983</speed><course>88.457706</course><hAcc>2.358167</hAcc><vAcc>1.698011</vAcc></extensions></trkpt>
      <trkpt lon="-77.017471" lat="38.905597"><ele>26.745149</ele><time>2026-04-04T15:50:24Z</time><extensions><speed>1.306715</speed><course>88.452207</course><hAcc>2.358762</hAcc><vAcc>1.696822</vAcc></extensions></trkpt>
      <trkpt lon="-77.017456" lat="38.905598"><ele>26.740122</ele><time>2026-04-04T15:50:25Z</time><extensions><speed>1.301708</speed><course>88.474686</course><hAcc>2.359570</hAcc><vAcc>1.696677</vAcc></extensions></trkpt>
      <trkpt lon="-77.017441" lat="38.905598"><ele>26.734004</ele><time>2026-04-04T15:50:26Z</time><extensions><speed>1.296749</speed><course>88.521349</course><hAcc>2.360519</hAcc><vAcc>1.697575</vAcc></extensions></trkpt>
      <trkpt lon="-77.017426" lat="38.905598"><ele>26.726907</ele><time>2026-04-04T15:50:27Z</time><extensions><speed>1.291227</speed><course>88.592363</course><hAcc>2.361503</hAcc><vAcc>1.699471</vAcc></extensions></trkpt>
      <trkpt lon="-77.017411" lat="38.905599"><ele>26.718888</ele><time>2026-04-04T15:50:28Z</time><extensions><speed>1.286474</speed><course>88.687391</course><hAcc>2.362389</hAcc><vAcc>1.702292</vAcc></extensions></trkpt>
      <trkpt lon="-77.017396" lat="38.905599"><ele>26.709682</ele><time>2026-04-04T15:50:29Z</time><extensions><speed>1.283815</speed><course>88.798908</course><hAcc>2.363051</hAcc><vAcc>1.705944</vAcc></extensions></trkpt>
      <trkpt lon="-77.017382" lat="38.905599"><ele>26.699482</ele><time>2026-04-04T15:50:30Z</time><extensions><speed>1.281487</speed><course>88.925594</course><hAcc>2.363507</hAcc><vAcc>1.710328</vAcc></extensions></trkpt>
      <trkpt lon="-77.017367" lat="38.905599"><ele>26.688561</ele><time>2026-04-04T15:50:31Z</time><extensions><speed>1.280395</speed><course>89.065767</course><hAcc>2.363821</hAcc><vAcc>1.715339</vAcc></extensions></trkpt>
      <trkpt lon="-77.017352" lat="38.905599"><ele>26.677110</ele><time>2026-04-04T15:50:32Z</time><extensions><speed>1.279383</speed><course>89.216115</course><hAcc>2.364055</hAcc><vAcc>1.720869</vAcc></extensions></trkpt>
      <trkpt lon="-77.017337" lat="38.905600"><ele>26.665021</ele><time>2026-04-04T15:50:33Z</time><extensions><speed>1.277862</speed><course>89.374947</course><hAcc>2.364220</hAcc><vAcc>1.726799</vAcc></extensions></trkpt>
      <trkpt lon="-77.017323" lat="38.905600"><ele>26.652477</ele><time>2026-04-04T15:50:34Z</time><extensions><speed>1.274964</speed><course>89.537900</course><hAcc>2.364375</hAcc><vAcc>1.733003</vAcc></extensions></trkpt>
      <trkpt lon="-77.017308" lat="38.905600"><ele>26.639958</ele><time>2026-04-04T15:50:35Z</time><extensions><speed>1.274205</speed><course>89.705896</course><hAcc>2.364515</hAcc><vAcc>1.739349</vAcc></extensions></trkpt>
      <trkpt lon="-77.017293" lat="38.905600"><ele>26.627554</ele><time>2026-04-04T15:50:36Z</time><extensions><speed>1.276742</speed><course>89.876631</course><hAcc>2.364658</hAcc><vAcc>1.745704</vAcc></extensions></trkpt>
      <trkpt lon="-77.017279" lat="38.905600"><ele>26.615474</ele><time>2026-04-04T15:50:37Z</time><extensions><speed>1.282319</speed><course>90.045555</course><hAcc>2.364836</hAcc><vAcc>1.751945</vAcc></extensions></trkpt>
      <trkpt lon="-77.017264" lat="38.905600"><ele>26.603971</ele><time>2026-04-04T15:50:38Z</time><extensions><speed>1.285929</speed><course>90.207281</course><hAcc>2.365049</hAcc><vAcc>1.757966</vAcc></extensions></trkpt>
      <trkpt lon="-77.017249" lat="38.905600"><ele>26.592757</ele><time>2026-04-04T15:50:39Z</time><extensions><speed>1.288045</speed><course>90.361171</course><hAcc>2.365273</hAcc><vAcc>1.763664</vAcc></extensions></trkpt>
      <trkpt lon="-77.017234" lat="38.905600"><ele>26.582197</ele><time>2026-04-04T15:50:40Z</time><extensions><speed>1.289850</speed><course>90.504513</course><hAcc>2.365549</hAcc><vAcc>1.768942</vAcc></extensions></trkpt>
      <trkpt lon="-77.017219" lat="38.905599"><ele>26.572761</ele><time>2026-04-04T15:50:41Z</time><extensions><speed>1.292343</speed><course>90.636212</course><hAcc>2.365830</hAcc><vAcc>1.773727</vAcc></extensions></trkpt>
      <trkpt lon="-77.017204" lat="38.905599"><ele>26.564236</ele><time>2026-04-04T15:50:42Z</time><extensions><speed>1.294961</speed><course>90.759952</course><hAcc>2.366076</hAcc><vAcc>1.777957</vAcc></extensions></trkpt>
      <trkpt lon="-77.017189" lat="38.905599"><ele>26.556907</ele><time>2026-04-04T15:50:43Z</time><extensions><speed>1.296261</speed><course>90.872658</course><hAcc>2.366329</hAcc><vAcc>1.781590</vAcc></extensions></trkpt>
      <trkpt lon="-77.017174" lat="38.905599"><ele>26.550758</ele><time>2026-04-04T15:50:44Z</time><extensions><speed>1.296497</speed><course>90.976521</course><hAcc>2.366497</hAcc><vAcc>1.784602</vAcc></extensions></trkpt>
      <trkpt lon="-77.017159" lat="38.905599"><ele>26.545829</ele><time>2026-04-04T15:50:45Z</time><extensions><speed>1.297852</speed><course>91.071069</course><hAcc>2.366473</hAcc><vAcc>1.786987</vAcc></extensions></trkpt>
      <trkpt lon="-77.017144" lat="38.905599"><ele>26.542242</ele><time>2026-04-04T15:50:46Z</time><extensions><speed>1.300963</speed><course>91.162532</course><hAcc>2.366165</hAcc><vAcc>1.788738</vAcc></extensions></trkpt>
      <trkpt lon="-77.017129" lat="38.905598"><ele>26.540031</ele><time>2026-04-04T15:50:47Z</time><extensions><speed>1.303208</speed><course>91.245195</course><hAcc>2.365685</hAcc><vAcc>1.789857</vAcc></extensions></trkpt>
      <trkpt lon="-77.017114" lat="38.905598"><ele>26.539131</ele><time>2026-04-04T15:50:48Z</time><extensions><speed>1.304204</speed><course>91.318788</course><hAcc>2.365267</hAcc><vAcc>1.790341</vAcc></extensions></trkpt>
      <trkpt lon="-77.017099" lat="38.905598"><ele>26.539518</ele><time>2026-04-04T15:50:49Z</time><extensions><speed>1.304862</speed><course>91.382975</course><hAcc>2.364996</hAcc><vAcc>1.790199</vAcc></extensions></trkpt>
      <trkpt lon="-77.017084" lat="38.905597"><ele>26.540720</ele><time>2026-04-04T15:50:50Z</time><extensions><speed>1.307738</speed><course>91.435062</course><hAcc>2.364963</hAcc><vAcc>1.789443</vAcc></extensions></trkpt>
      <trkpt lon="-77.017069" lat="38.905597"><ele>26.542708</ele><time>2026-04-04T15:50:51Z</time><extensions><speed>1.312269</speed><course>91.476024</course><hAcc>2.365223</hAcc><vAcc>1.788098</vAcc></extensions></trkpt>
      <trkpt lon="-77.017054" lat="38.905597"><ele>26.545427</ele><time>2026-04-04T15:50:52Z</time><extensions><speed>1.315418</speed><course>91.505416</course><hAcc>2.365797</hAcc><vAcc>1.786196</vAcc></extensions></trkpt>
      <trkpt lon="-77.017039" lat="38.905597"><ele>26.548887</ele><time>2026-04-04T15:50:53Z</time><extensions><speed>1.320088</speed><course>91.520073</course><hAcc>2.366629</hAcc><vAcc>1.783779</vAcc></extensions></trkpt>
      <trkpt lon="-77.017023" lat="38.905596"><ele>26.552924</ele><time>2026-04-04T15:50:54Z</time><extensions><speed>1.326105</speed><course>91.519852</course><hAcc>2.367584</hAcc><vAcc>1.780889</vAcc></extensions></trkpt>
      <trkpt lon="-77.017008" lat="38.905596"><ele>26.556847</ele><time>2026-04-04T15:50:55Z</time><extensions><speed>1.330449</speed><course>91.504249</course><hAcc>2.368420</hAcc><vAcc>1.777558</vAcc></extensions></trkpt>
      <trkpt lon="-77.016993" lat="38.905596"><ele>26.561470</ele><time>2026-04-04T15:50:56Z</time><extensions><speed>1.331306</speed><course>91.492236</course><hAcc>2.368890</hAcc><vAcc>1.773815</vAcc></extensions></trkpt>
      <trkpt lon="-77.016977" lat="38.905595"><ele>26.566332</ele><time>2026-04-04T15:50:57Z</time><extensions><speed>1.329946</speed><course>91.475761</course><hAcc>2.369003</hAcc><vAcc>1.769703</vAcc></extensions></trkpt>
      <trkpt lon="-77.016962" lat="38.905595"><ele>26.571244</ele><time>2026-04-04T15:50:58Z</time><extensions><speed>1.329141</speed><course>91.447888</course><hAcc>2.368891</hAcc><vAcc>1.765254</vAcc></extensions></trkpt>
      <trkpt lon="-77.016947" lat="38.905594"><ele>26.575998</ele><time>2026-04-04T15:50:59Z</time><extensions><speed>1.331983</speed><course>91.520646</course><hAcc>2.368569</hAcc><vAcc>1.760524</vAcc></extensions></trkpt>
      <trkpt lon="-77.016931" lat="38.905594"><ele>26.580643</ele><time>2026-04-04T15:51:00Z</time><extensions><speed>1.336199</speed><course>91.570092</course><hAcc>2.368174</hAcc><vAcc>1.755562</vAcc></extensions></trkpt>
      <trkpt lon="-77.016916" lat="38.905593"><ele>26.585382</ele><time>2026-04-04T15:51:01Z</time><extensions><speed>1.339505</speed><course>91.610249</course><hAcc>2.367771</hAcc><vAcc>1.750432</vAcc></extensions></trkpt>
      <trkpt lon="-77.016900" lat="38.905593"><ele>26.589921</ele><time>2026-04-04T15:51:02Z</time><extensions><speed>1.341023</speed><course>91.624089</course><hAcc>2.367436</hAcc><vAcc>1.745198</vAcc></extensions></trkpt>
      <trkpt lon="-77.016885" lat="38.905593"><ele>26.593906</ele><time>2026-04-04T15:51:03Z</time><extensions><speed>1.342394</speed><course>91.571998</course><hAcc>2.367133</hAcc><vAcc>1.739930</vAcc></extensions></trkpt>
      <trkpt lon="-77.016869" lat="38.905592"><ele>26.597128</ele><time>2026-04-04T15:51:04Z</time><extensions><speed>1.342097</speed><course>91.498779</course><hAcc>2.366812</hAcc><vAcc>1.734705</vAcc></extensions></trkpt>
      <trkpt lon="-77.016854" lat="38.905592"><ele>26.600124</ele><time>2026-04-04T15:51:05Z</time><extensions><speed>1.340583</speed><course>91.484940</course><hAcc>2.366464</hAcc><vAcc>1.729599</vAcc></extensions></trkpt>
      <trkpt lon="-77.016838" lat="38.905592"><ele>26.602985</ele><time>2026-04-04T15:51:06Z</time><extensions><speed>1.340338</speed><course>91.448192</course><hAcc>2.366139</hAcc><vAcc>1.724683</vAcc></extensions></trkpt>
      <trkpt lon="-77.016823" lat="38.905591"><ele>26.605834</ele><time>2026-04-04T15:51:07Z</time><extensions><speed>1.341067</speed><course>91.385509</course><hAcc>2.365898</hAcc><vAcc>1.720018</vAcc></extensions></trkpt>
      <trkpt lon="-77.016807" lat="38.905591"><ele>26.608790</ele><time>2026-04-04T15:51:07Z</time><extensions><speed>1.343848</speed><course>91.308901</course><hAcc>2.365756</hAcc><vAcc>1.715688</vAcc></extensions></trkpt>
      <trkpt lon="-77.016792" lat="38.905591"><ele>26.612133</ele><time>2026-04-04T15:51:08Z</time><extensions><speed>1.348129</speed><course>91.209448</course><hAcc>2.365640</hAcc><vAcc>1.711704</vAcc></extensions></trkpt>
      <trkpt lon="-77.016776" lat="38.905590"><ele>26.615983</ele><time>2026-04-04T15:51:09Z</time><extensions><speed>1.348904</speed><course>91.096784</course><hAcc>2.365371</hAcc><vAcc>1.708087</vAcc></extensions></trkpt>
      <trkpt lon="-77.016760" lat="38.905590"><ele>26.620465</ele><time>2026-04-04T15:51:10Z</time><extensions><speed>1.347382</speed><course>90.971017</course><hAcc>2.364813</hAcc><vAcc>1.704865</vAcc></extensions></trkpt>
      <trkpt lon="-77.016745" lat="38.905590"><ele>26.625577</ele><time>2026-04-04T15:51:11Z</time><extensions><speed>1.342649</speed><course>90.828134</course><hAcc>2.364112</hAcc><vAcc>1.702080</vAcc></extensions></trkpt>
      <trkpt lon="-77.016729" lat="38.905590"><ele>26.631722</ele><time>2026-04-04T15:51:12Z</time><extensions><speed>1.337593</speed><course>90.671068</course><hAcc>2.363439</hAcc><vAcc>1.699785</vAcc></extensions></trkpt>
      <trkpt lon="-77.016714" lat="38.905590"><ele>26.639010</ele><time>2026-04-04T15:51:13Z</time><extensions><speed>1.331551</speed><course>90.498222</course><hAcc>2.362904</hAcc><vAcc>1.698022</vAcc></extensions></trkpt>
      <trkpt lon="-77.016699" lat="38.905589"><ele>26.647434</ele><time>2026-04-04T15:51:14Z</time><extensions><speed>1.323354</speed><course>90.313188</course><hAcc>2.362558</hAcc><vAcc>1.696823</vAcc></extensions></trkpt>
      <trkpt lon="-77.016683" lat="38.905589"><ele>26.656990</ele><time>2026-04-04T15:51:15Z</time><extensions><speed>1.313183</speed><course>90.093038</course><hAcc>2.362479</hAcc><vAcc>1.696206</vAcc></extensions></trkpt>
      <trkpt lon="-77.016668" lat="38.905589"><ele>26.667671</ele><time>2026-04-04T15:51:16Z</time><extensions><speed>1.303854</speed><course>89.849796</course><hAcc>2.362679</hAcc><vAcc>1.696188</vAcc></extensions></trkpt>
      <trkpt lon="-77.016653" lat="38.905589"><ele>26.679353</ele><time>2026-04-04T15:51:17Z</time><extensions><speed>1.295677</speed><course>89.587370</course><hAcc>2.363249</hAcc><vAcc>1.696771</vAcc></extensions></trkpt>
      <trkpt lon="-77.016638" lat="38.905589"><ele>26.691727</ele><time>2026-04-04T15:51:18Z</time><extensions><speed>1.288696</speed><course>89.314726</course><hAcc>2.364168</hAcc><vAcc>1.697942</vAcc></extensions></trkpt>
      <trkpt lon="-77.016624" lat="38.905590"><ele>26.705059</ele><time>2026-04-04T15:51:19Z</time><extensions><speed>1.283681</speed><course>89.005352</course><hAcc>2.365417</hAcc><vAcc>1.699665</vAcc></extensions></trkpt>
      <trkpt lon="-77.016609" lat="38.905590"><ele>26.719149</ele><time>2026-04-04T15:51:20Z</time><extensions><speed>1.278631</speed><course>88.669244</course><hAcc>2.366969</hAcc><vAcc>1.701877</vAcc></extensions></trkpt>
      <trkpt lon="-77.016594" lat="38.905590"><ele>26.733926</ele><time>2026-04-04T15:51:21Z</time><extensions><speed>1.274551</speed><course>88.304419</course><hAcc>2.368760</hAcc><vAcc>1.704497</vAcc></extensions></trkpt>
      <trkpt lon="-77.016579" lat="38.905591"><ele>26.749263</ele><time>2026-04-04T15:51:22Z</time><extensions><speed>1.270562</speed><course>87.908338</course><hAcc>2.370662</hAcc><vAcc>1.707441</vAcc></extensions></trkpt>
      <trkpt lon="-77.016565" lat="38.905591"><ele>26.765002</ele><time>2026-04-04T15:51:23Z</time><extensions><speed>1.265967</speed><course>87.478934</course><hAcc>2.372605</hAcc><vAcc>1.710624</vAcc></extensions></trkpt>
      <trkpt lon="-77.016550" lat="38.905592"><ele>26.780991</ele><time>2026-04-04T15:51:24Z</time><extensions><speed>1.258572</speed><course>86.998703</course><hAcc>2.374577</hAcc><vAcc>1.713979</vAcc></extensions></trkpt>
      <trkpt lon="-77.016536" lat="38.905592"><ele>26.797219</ele><time>2026-04-04T15:51:25Z</time><extensions><speed>1.249849</speed><course>86.461075</course><hAcc>2.376593</hAcc><vAcc>1.717447</vAcc></extensions></trkpt>
      <trkpt lon="-77.016521" lat="38.905593"><ele>26.813455</ele><time>2026-04-04T15:51:26Z</time><extensions><speed>1.239729</speed><course>85.863236</course><hAcc>2.378631</hAcc><vAcc>1.720988</vAcc></extensions></trkpt>
      <trkpt lon="-77.016507" lat="38.905594"><ele>26.829735</ele><time>2026-04-04T15:51:27Z</time><extensions><speed>1.225738</speed><course>85.202120</course><hAcc>2.380490</hAcc><vAcc>1.724578</vAcc></extensions></trkpt>
      <trkpt lon="-77.016493" lat="38.905595"><ele>26.845932</ele><time>2026-04-04T15:51:28Z</time><extensions><speed>1.206893</speed><course>84.450352</course><hAcc>2.381878</hAcc><vAcc>1.728206</vAcc></extensions></trkpt>
      <trkpt lon="-77.016480" lat="38.905596"><ele>26.862034</ele><time>2026-04-04T15:51:29Z</time><extensions><speed>1.184352</speed><course>83.555032</course><hAcc>2.382679</hAcc><vAcc>1.731878</vAcc></extensions></trkpt>
      <trkpt lon="-77.016466" lat="38.905597"><ele>26.878100</ele><time>2026-04-04T15:51:30Z</time><extensions><speed>1.164034</speed><course>82.564308</course><hAcc>2.382890</hAcc><vAcc>1.735619</vAcc></extensions></trkpt>
      <trkpt lon="-77.016453" lat="38.905599"><ele>26.894301</ele><time>2026-04-04T15:51:31Z</time><extensions><speed>1.147609</speed><course>81.459216</course><hAcc>2.382548</hAcc><vAcc>1.739462</vAcc></extensions></trkpt>
      <trkpt lon="-77.016440" lat="38.905600"><ele>26.910794</ele><time>2026-04-04T15:51:32Z</time><extensions><speed>1.130105</speed><course>80.161925</course><hAcc>2.381568</hAcc><vAcc>1.743453</vAcc></extensions></trkpt>
      <trkpt lon="-77.016427" lat="38.905602"><ele>26.927547</ele><time>2026-04-04T15:51:33Z</time><extensions><speed>1.110369</speed><course>78.707923</course><hAcc>2.380078</hAcc><vAcc>1.747650</vAcc></extensions></trkpt>
      <trkpt lon="-77.016415" lat="38.905604"><ele>26.944790</ele><time>2026-04-04T15:51:34Z</time><extensions><speed>1.090382</speed><course>77.071729</course><hAcc>2.378189</hAcc><vAcc>1.752113</vAcc></extensions></trkpt>
      <trkpt lon="-77.016403" lat="38.905607"><ele>26.962627</ele><time>2026-04-04T15:51:35Z</time><extensions><speed>1.068408</speed><course>75.208141</course><hAcc>2.375982</hAcc><vAcc>1.756890</vAcc></extensions></trkpt>
      <trkpt lon="-77.016391" lat="38.905609"><ele>26.981114</ele><time>2026-04-04T15:51:36Z</time><extensions><speed>1.043188</speed><course>73.069195</course><hAcc>2.373408</hAcc><vAcc>1.762018</vAcc></extensions></trkpt>
      <trkpt lon="-77.016380" lat="38.905612"><ele>27.000455</ele><time>2026-04-04T15:51:37Z</time><extensions><speed>1.013828</speed><course>70.426776</course><hAcc>2.370405</hAcc><vAcc>1.767498</vAcc></extensions></trkpt>
      <trkpt lon="-77.016369" lat="38.905616"><ele>27.020776</ele><time>2026-04-04T15:51:38Z</time><extensions><speed>0.984665</speed><course>67.403354</course><hAcc>2.367277</hAcc><vAcc>1.773301</vAcc></extensions></trkpt>
      <trkpt lon="-77.016359" lat="38.905619"><ele>27.042110</ele><time>2026-04-04T15:51:39Z</time><extensions><speed>0.958158</speed><course>64.001550</course><hAcc>2.364311</hAcc><vAcc>1.779375</vAcc></extensions></trkpt>
      <trkpt lon="-77.016349" lat="38.905623"><ele>27.064538</ele><time>2026-04-04T15:51:40Z</time><extensions><speed>0.937691</speed><course>60.246503</course><hAcc>2.361839</hAcc><vAcc>1.785652</vAcc></extensions></trkpt>
      <trkpt lon="-77.016340" lat="38.905628"><ele>27.088410</ele><time>2026-04-04T15:51:41Z</time><extensions><speed>0.927782</speed><course>56.385049</course><hAcc>2.360301</hAcc><vAcc>1.792057</vAcc></extensions></trkpt>
      <trkpt lon="-77.016331" lat="38.905632"><ele>27.113716</ele><time>2026-04-04T15:51:42Z</time><extensions><speed>0.927515</speed><course>52.640210</course><hAcc>2.360041</hAcc><vAcc>1.798518</vAcc></extensions></trkpt>
      <trkpt lon="-77.016323" lat="38.905638"><ele>27.140562</ele><time>2026-04-04T15:51:43Z</time><extensions><speed>0.935429</speed><course>49.059781</course><hAcc>2.361155</hAcc><vAcc>1.804971</vAcc></extensions></trkpt>
      <trkpt lon="-77.016315" lat="38.905643"><ele>27.169191</ele><time>2026-04-04T15:51:44Z</time><extensions><speed>0.952299</speed><course>45.766684</course><hAcc>2.363438</hAcc><vAcc>1.811336</vAcc></extensions></trkpt>
      <trkpt lon="-77.016307" lat="38.905650"><ele>27.199567</ele><time>2026-04-04T15:51:45Z</time><extensions><speed>0.975067</speed><course>42.535203</course><hAcc>2.366493</hAcc><vAcc>1.817522</vAcc></extensions></trkpt>
      <trkpt lon="-77.016300" lat="38.905657"><ele>27.231733</ele><time>2026-04-04T15:51:46Z</time><extensions><speed>0.999803</speed><course>38.930613</course><hAcc>2.369812</hAcc><vAcc>1.823428</vAcc></extensions></trkpt>
      <trkpt lon="-77.016293" lat="38.905664"><ele>27.265519</ele><time>2026-04-04T15:51:47Z</time><extensions><speed>1.024466</speed><course>34.775565</course><hAcc>2.372915</hAcc><vAcc>1.828939</vAcc></extensions></trkpt>
      <trkpt lon="-77.016286" lat="38.905672"><ele>27.301232</ele><time>2026-04-04T15:51:48Z</time><extensions><speed>1.055655</speed><course>30.302150</course><hAcc>2.375491</hAcc><vAcc>1.833950</vAcc></extensions></trkpt>
      <trkpt lon="-77.016281" lat="38.905680"><ele>27.338712</ele><time>2026-04-04T15:51:49Z</time><extensions><speed>1.083465</speed><course>26.458262</course><hAcc>2.377251</hAcc><vAcc>1.838372</vAcc></extensions></trkpt>
      <trkpt lon="-77.016275" lat="38.905689"><ele>27.378109</ele><time>2026-04-04T15:51:50Z</time><extensions><speed>1.107408</speed><course>23.069579</course><hAcc>2.377999</hAcc><vAcc>1.842142</vAcc></extensions></trkpt>
      <trkpt lon="-77.016271" lat="38.905699"><ele>27.418851</ele><time>2026-04-04T15:51:52Z</time><extensions><speed>1.128959</speed><course>20.012732</course><hAcc>2.377680</hAcc><vAcc>1.845231</vAcc></extensions></trkpt>
      <trkpt lon="-77.016266" lat="38.905708"><ele>27.461961</ele><time>2026-04-04T15:51:53Z</time><extensions><speed>1.149680</speed><course>17.369256</course><hAcc>2.376570</hAcc><vAcc>1.847644</vAcc></extensions></trkpt>
      <trkpt lon="-77.016263" lat="38.905718"><ele>27.506406</ele><time>2026-04-04T15:51:54Z</time><extensions><speed>1.178280</speed><course>14.803438</course><hAcc>2.375064</hAcc><vAcc>1.849412</vAcc></extensions></trkpt>
      <trkpt lon="-77.016259" lat="38.905729"><ele>27.552020</ele><time>2026-04-04T15:51:55Z</time><extensions><speed>1.217962</speed><course>12.089087</course><hAcc>2.373344</hAcc><vAcc>1.850585</vAcc></extensions></trkpt>
      <trkpt lon="-77.016257" lat="38.905740"><ele>27.598629</ele><time>2026-04-04T15:51:56Z</time><extensions><speed>1.256775</speed><course>9.944864</course><hAcc>2.371487</hAcc><vAcc>1.851225</vAcc></extensions></trkpt>
      <trkpt lon="-77.016254" lat="38.905751"><ele>27.645965</ele><time>2026-04-04T15:51:57Z</time><extensions><speed>1.295722</speed><course>8.221254</course><hAcc>2.369573</hAcc><vAcc>1.851413</vAcc></extensions></trkpt>
      <trkpt lon="-77.016252" lat="38.905763"><ele>27.693629</ele><time>2026-04-04T15:51:58Z</time><extensions><speed>1.334074</speed><course>6.817838</course><hAcc>2.367748</hAcc><vAcc>1.851240</vAcc></extensions></trkpt>
      <trkpt lon="-77.016251" lat="38.905775"><ele>27.741149</ele><time>2026-04-04T15:51:59Z</time><extensions><speed>1.370036</speed><course>5.643785</course><hAcc>2.366047</hAcc><vAcc>1.850803</vAcc></extensions></trkpt>
      <trkpt lon="-77.016249" lat="38.905788"><ele>27.788366</ele><time>2026-04-04T15:52:00Z</time><extensions><speed>1.404438</speed><course>4.658386</course><hAcc>2.364542</hAcc><vAcc>1.850188</vAcc></extensions></trkpt>
      <trkpt lon="-77.016248" lat="38.905801"><ele>27.834973</ele><time>2026-04-04T15:52:01Z</time><extensions><speed>1.436576</speed><course>3.771944</course><hAcc>2.363225</hAcc><vAcc>1.849474</vAcc></extensions></trkpt>
      <trkpt lon="-77.016247" lat="38.905814"><ele>27.880825</ele><time>2026-04-04T15:52:02Z</time><extensions><speed>1.465572</speed><course>3.026841</course><hAcc>2.362183</hAcc><vAcc>1.848720</vAcc></extensions></trkpt>
      <trkpt lon="-77.016246" lat="38.905827"><ele>27.925492</ele><time>2026-04-04T15:52:03Z</time><extensions><speed>1.492322</speed><course>2.419013</course><hAcc>2.361399</hAcc><vAcc>1.847966</vAcc></extensions></trkpt>
      <trkpt lon="-77.016245" lat="38.905841"><ele>27.968445</ele><time>2026-04-04T15:52:04Z</time><extensions><speed>1.516497</speed><course>1.955446</course><hAcc>2.360814</hAcc><vAcc>1.847231</vAcc></extensions></trkpt>
      <trkpt lon="-77.016244" lat="38.905855"><ele>28.009428</ele><time>2026-04-04T15:52:05Z</time><extensions><speed>1.535858</speed><course>1.551076</course><hAcc>2.360479</hAcc><vAcc>1.846504</vAcc></extensions></trkpt>
      <trkpt lon="-77.016244" lat="38.905869"><ele>28.048933</ele><time>2026-04-04T15:52:06Z</time><extensions><speed>1.551403</speed><course>1.233973</course><hAcc>2.360297</hAcc><vAcc>1.845764</vAcc></extensions></trkpt>
      <trkpt lon="-77.016243" lat="38.905883"><ele>28.087223</ele><time>2026-04-04T15:52:07Z</time><extensions><speed>1.564242</speed><course>0.964171</course><hAcc>2.360257</hAcc><vAcc>1.844988</vAcc></extensions></trkpt>
      <trkpt lon="-77.016243" lat="38.905897"><ele>28.123910</ele><time>2026-04-04T15:52:08Z</time><extensions><speed>1.576155</speed><course>0.720673</course><hAcc>2.360325</hAcc><vAcc>1.844156</vAcc></extensions></trkpt>
      <trkpt lon="-77.016243" lat="38.905911"><ele>28.158771</ele><time>2026-04-04T15:52:09Z</time><extensions><speed>1.584833</speed><course>0.516573</course><hAcc>2.360526</hAcc><vAcc>1.843253</vAcc></extensions></trkpt>
      <trkpt lon="-77.016242" lat="38.905926"><ele>28.191829</ele><time>2026-04-04T15:52:10Z</time><extensions><speed>1.587890</speed><course>0.358001</course><hAcc>2.360808</hAcc><vAcc>1.842267</vAcc></extensions></trkpt>
      <trkpt lon="-77.016242" lat="38.905940"><ele>28.223055</ele><time>2026-04-04T15:52:11Z</time><extensions><speed>1.589812</speed><course>0.224511</course><hAcc>2.361081</hAcc><vAcc>1.841187</vAcc></extensions></trkpt>
      <trkpt lon="-77.016242" lat="38.905954"><ele>28.252348</ele><time>2026-04-04T15:52:12Z</time><extensions><speed>1.590375</speed><course>0.106808</course><hAcc>2.361345</hAcc><vAcc>1.840022</vAcc></extensions></trkpt>
      <trkpt lon="-77.016242" lat="38.905969"><ele>28.279803</ele><time>2026-04-04T15:52:13Z</time><extensions><speed>1.588468</speed><course>359.994483</course><hAcc>2.361697</hAcc><vAcc>1.838792</vAcc></extensions></trkpt>
      <trkpt lon="-77.016242" lat="38.905983"><ele>28.305543</ele><time>2026-04-04T15:52:14Z</time><extensions><speed>1.585626</speed><course>359.889241</course><hAcc>2.362087</hAcc><vAcc>1.837520</vAcc></extensions></trkpt>
      <trkpt lon="-77.016242" lat="38.905997"><ele>28.329397</ele><time>2026-04-04T15:52:15Z</time><extensions><speed>1.578520</speed><course>359.786579</course><hAcc>2.362450</hAcc><vAcc>1.836249</vAcc></extensions></trkpt>
      <trkpt lon="-77.016242" lat="38.906011"><ele>28.351521</ele><time>2026-04-04T15:52:16Z</time><extensions><speed>1.569078</speed><course>359.677723</course><hAcc>2.362631</hAcc><vAcc>1.835016</vAcc></extensions></trkpt>
      <trkpt lon="-77.016243" lat="38.906025"><ele>28.372186</ele><time>2026-04-04T15:52:17Z</time><extensions><speed>1.559612</speed><course>359.562021</course><hAcc>2.362565</hAcc><vAcc>1.833857</vAcc></extensions></trkpt>
      <trkpt lon="-77.016243" lat="38.906039"><ele>28.391550</ele><time>2026-04-04T15:52:18Z</time><extensions><speed>1.550810</speed><course>359.436096</course><hAcc>2.362381</hAcc><vAcc>1.832810</vAcc></extensions></trkpt>
      <trkpt lon="-77.016243" lat="38.906053"><ele>28.409425</ele><time>2026-04-04T15:52:19Z</time><extensions><speed>1.539932</speed><course>359.319707</course><hAcc>2.362103</hAcc><vAcc>1.831882</vAcc></extensions></trkpt>
      <trkpt lon="-77.016243" lat="38.906067"><ele>28.425536</ele><time>2026-04-04T15:52:20Z</time><extensions><speed>1.529158</speed><course>359.196833</course><hAcc>2.361564</hAcc><vAcc>1.831058</vAcc></extensions></trkpt>
      <trkpt lon="-77.016243" lat="38.906081"><ele>28.440264</ele><time>2026-04-04T15:52:21Z</time><extensions><speed>1.517182</speed><course>359.055622</course><hAcc>2.360726</hAcc><vAcc>1.830313</vAcc></extensions></trkpt>
      <trkpt lon="-77.016244" lat="38.906095"><ele>28.453172</ele><time>2026-04-04T15:52:22Z</time><extensions><speed>1.504692</speed><course>358.896720</course><hAcc>2.359701</hAcc><vAcc>1.829611</vAcc></extensions></trkpt>
      <trkpt lon="-77.016244" lat="38.906108"><ele>28.464378</ele><time>2026-04-04T15:52:23Z</time><extensions><speed>1.493578</speed><course>358.705344</course><hAcc>2.358696</hAcc><vAcc>1.828924</vAcc></extensions></trkpt>
      <trkpt lon="-77.016245" lat="38.906121"><ele>28.473742</ele><time>2026-04-04T15:52:24Z</time><extensions><speed>1.483953</speed><course>358.469249</course><hAcc>2.357942</hAcc><vAcc>1.828218</vAcc></extensions></trkpt>
      <trkpt lon="-77.016245" lat="38.906135"><ele>28.481522</ele><time>2026-04-04T15:52:25Z</time><extensions><speed>1.472340</speed><course>358.204094</course><hAcc>2.357478</hAcc><vAcc>1.827468</vAcc></extensions></trkpt>
      <trkpt lon="-77.016246" lat="38.906148"><ele>28.488036</ele><time>2026-04-04T15:52:26Z</time><extensions><speed>1.460399</speed><course>357.904057</course><hAcc>2.357281</hAcc><vAcc>1.826660</vAcc></extensions></trkpt>
      <trkpt lon="-77.016246" lat="38.906161"><ele>28.492832</ele><time>2026-04-04T15:52:27Z</time><extensions><speed>1.448165</speed><course>357.559256</course><hAcc>2.357411</hAcc><vAcc>1.825780</vAcc></extensions></trkpt>
      <trkpt lon="-77.016247" lat="38.906174"><ele>28.496116</ele><time>2026-04-04T15:52:28Z</time><extensions><speed>1.433698</speed><course>357.153816</course><hAcc>2.357829</hAcc><vAcc>1.824819</vAcc></extensions></trkpt>
      <trkpt lon="-77.016248" lat="38.906187"><ele>28.497776</ele><time>2026-04-04T15:52:29Z</time><extensions><speed>1.417097</speed><course>356.670252</course><hAcc>2.358418</hAcc><vAcc>1.823758</vAcc></extensions></trkpt>
      <trkpt lon="-77.016249" lat="38.906200"><ele>28.497536</ele><time>2026-04-04T15:52:30Z</time><extensions><speed>1.399142</speed><course>356.112931</course><hAcc>2.359244</hAcc><vAcc>1.822582</vAcc></extensions></trkpt>
      <trkpt lon="-77.016250" lat="38.906212"><ele>28.494968</ele><time>2026-04-04T15:52:31Z</time><extensions><speed>1.377014</speed><course>355.469751</course><hAcc>2.360294</hAcc><vAcc>1.821262</vAcc></extensions></trkpt>
      <trkpt lon="-77.016252" lat="38.906224"><ele>28.490235</ele><time>2026-04-04T15:52:32Z</time><extensions><speed>1.351493</speed><course>354.707326</course><hAcc>2.361422</hAcc><vAcc>1.819775</vAcc></extensions></trkpt>
      <trkpt lon="-77.016253" lat="38.906236"><ele>28.482881</ele><time>2026-04-04T15:52:33Z</time><extensions><speed>1.325330</speed><course>353.848659</course><hAcc>2.362642</hAcc><vAcc>1.818080</vAcc></extensions></trkpt>
      <trkpt lon="-77.016255" lat="38.906248"><ele>28.473311</ele><time>2026-04-04T15:52:34Z</time><extensions><speed>1.296998</speed><course>352.874982</course><hAcc>2.363757</hAcc><vAcc>1.816135</vAcc></extensions></trkpt>
      <trkpt lon="-77.016257" lat="38.906259"><ele>28.461458</ele><time>2026-04-04T15:52:35Z</time><extensions><speed>1.267279</speed><course>351.724800</course><hAcc>2.364502</hAcc><vAcc>1.813889</vAcc></extensions></trkpt>
      <trkpt lon="-77.016259" lat="38.906271"><ele>28.447190</ele><time>2026-04-04T15:52:36Z</time><extensions><speed>1.236421</speed><course>350.313376</course><hAcc>2.364523</hAcc><vAcc>1.811282</vAcc></extensions></trkpt>
      <trkpt lon="-77.016262" lat="38.906281"><ele>28.430392</ele><time>2026-04-04T15:52:37Z</time><extensions><speed>1.204073</speed><course>348.605629</course><hAcc>2.363897</hAcc><vAcc>1.808252</vAcc></extensions></trkpt>
      <trkpt lon="-77.016265" lat="38.906292"><ele>28.411914</ele><time>2026-04-04T15:52:38Z</time><extensions><speed>1.172045</speed><course>346.636149</course><hAcc>2.362851</hAcc><vAcc>1.804751</vAcc></extensions></trkpt>
      <trkpt lon="-77.016268" lat="38.906302"><ele>28.391263</ele><time>2026-04-04T15:52:39Z</time><extensions><speed>1.141079</speed><course>344.376249</course><hAcc>2.361666</hAcc><vAcc>1.800739</vAcc></extensions></trkpt>
      <trkpt lon="-77.016272" lat="38.906312"><ele>28.368520</ele><time>2026-04-04T15:52:40Z</time><extensions><speed>1.110527</speed><course>341.813888</course><hAcc>2.360573</hAcc><vAcc>1.796183</vAcc></extensions></trkpt>
      <trkpt lon="-77.016276" lat="38.906321"><ele>28.343941</ele><time>2026-04-04T15:52:41Z</time><extensions><speed>1.079152</speed><course>338.850266</course><hAcc>2.359698</hAcc><vAcc>1.791055</vAcc></extensions></trkpt>
      <trkpt lon="-77.016281" lat="38.906330"><ele>28.317804</ele><time>2026-04-04T15:52:42Z</time><extensions><speed>1.049271</speed><course>335.449001</course><hAcc>2.359106</hAcc><vAcc>1.785330</vAcc></extensions></trkpt>
      <trkpt lon="-77.016286" lat="38.906338"><ele>28.290066</ele><time>2026-04-04T15:52:43Z</time><extensions><speed>1.022814</speed><course>331.566567</course><hAcc>2.358821</hAcc><vAcc>1.778973</vAcc></extensions></trkpt>
      <trkpt lon="-77.016292" lat="38.906346"><ele>28.261244</ele><time>2026-04-04T15:52:44Z</time><extensions><speed>1.000485</speed><course>327.140054</course><hAcc>2.358858</hAcc><vAcc>1.771932</vAcc></extensions></trkpt>
      <trkpt lon="-77.016299" lat="38.906353"><ele>28.232115</ele><time>2026-04-04T15:52:45Z</time><extensions><speed>0.984225</speed><course>322.169392</course><hAcc>2.359242</hAcc><vAcc>1.764174</vAcc></extensions></trkpt>
      <trkpt lon="-77.016306" lat="38.906360"><ele>28.202720</ele><time>2026-04-04T15:52:46Z</time><extensions><speed>0.977042</speed><course>316.736987</course><hAcc>2.360007</hAcc><vAcc>1.755663</vAcc></extensions></trkpt>
      <trkpt lon="-77.016315" lat="38.906366"><ele>28.172492</ele><time>2026-04-04T15:52:47Z</time><extensions><speed>0.980704</speed><course>310.959250</course><hAcc>2.361181</hAcc><vAcc>1.746384</vAcc></extensions></trkpt>
      <trkpt lon="-77.016324" lat="38.906371"><ele>28.143732</ele><time>2026-04-04T15:52:48Z</time><extensions><speed>0.998734</speed><course>305.064543</course><hAcc>2.362810</hAcc><vAcc>1.736347</vAcc></extensions></trkpt>
      <trkpt lon="-77.016333" lat="38.906376"><ele>28.115914</ele><time>2026-04-04T15:52:49Z</time><extensions><speed>1.030009</speed><course>299.401537</course><hAcc>2.364885</hAcc><vAcc>1.725597</vAcc></extensions></trkpt>
      <trkpt lon="-77.016344" lat="38.906381"><ele>28.089302</ele><time>2026-04-04T15:52:50Z</time><extensions><speed>1.075841</speed><course>293.848007</course><hAcc>2.367206</hAcc><vAcc>1.714223</vAcc></extensions></trkpt>
      <trkpt lon="-77.016356" lat="38.906384"><ele>28.063974</ele><time>2026-04-04T15:52:51Z</time><extensions><speed>1.126410</speed><course>289.057297</course><hAcc>2.369532</hAcc><vAcc>1.702365</vAcc></extensions></trkpt>
      <trkpt lon="-77.016369" lat="38.906387"><ele>28.040567</ele><time>2026-04-04T15:52:52Z</time><extensions><speed>1.183354</speed><course>285.105579</course><hAcc>2.371614</hAcc><vAcc>1.690202</vAcc></extensions></trkpt>
      <trkpt lon="-77.016383" lat="38.906390"><ele>28.019272</ele><time>2026-04-04T15:52:53Z</time><extensions><speed>1.240987</speed><course>281.878582</course><hAcc>2.373359</hAcc><vAcc>1.677955</vAcc></extensions></trkpt>
      <trkpt lon="-77.016397" lat="38.906392"><ele>28.000276</ele><time>2026-04-04T15:52:54Z</time><extensions><speed>1.294507</speed><course>279.269677</course><hAcc>2.374599</hAcc><vAcc>1.665873</vAcc></extensions></trkpt>
      <trkpt lon="-77.016412" lat="38.906394"><ele>27.983460</ele><time>2026-04-04T15:52:55Z</time><extensions><speed>1.342092</speed><course>277.320584</course><hAcc>2.375136</hAcc><vAcc>1.654232</vAcc></extensions></trkpt>
      <trkpt lon="-77.016428" lat="38.906395"><ele>27.969211</ele><time>2026-04-04T15:52:56Z</time><extensions><speed>1.381457</speed><course>275.813855</course><hAcc>2.375046</hAcc><vAcc>1.643331</vAcc></extensions></trkpt>
      <trkpt lon="-77.016444" lat="38.906396"><ele>27.957561</ele><time>2026-04-04T15:52:57Z</time><extensions><speed>1.412107</speed><course>274.584304</course><hAcc>2.374445</hAcc><vAcc>1.633491</vAcc></extensions></trkpt>
      <trkpt lon="-77.016460" lat="38.906397"><ele>27.949139</ele><time>2026-04-04T15:52:58Z</time><extensions><speed>1.436676</speed><course>273.567214</course><hAcc>2.373502</hAcc><vAcc>1.625025</vAcc></extensions></trkpt>
      <trkpt lon="-77.016477" lat="38.906398"><ele>27.944032</ele><time>2026-04-04T15:52:59Z</time><extensions><speed>1.459196</speed><course>272.719105</course><hAcc>2.372479</hAcc><vAcc>1.618206</vAcc></extensions></trkpt>
      <trkpt lon="-77.016494" lat="38.906398"><ele>27.942256</ele><time>2026-04-04T15:53:00Z</time><extensions><speed>1.479842</speed><course>272.012688</course><hAcc>2.371581</hAcc><vAcc>1.613234</vAcc></extensions></trkpt>
      <trkpt lon="-77.016511" lat="38.906399"><ele>27.943667</ele><time>2026-04-04T15:53:01Z</time><extensions><speed>1.495152</speed><course>271.428342</course><hAcc>2.370905</hAcc><vAcc>1.610195</vAcc></extensions></trkpt>
      <trkpt lon="-77.016528" lat="38.906399"><ele>27.947854</ele><time>2026-04-04T15:53:02Z</time><extensions><speed>1.504305</speed><course>270.943497</course><hAcc>2.370457</hAcc><vAcc>1.609062</vAcc></extensions></trkpt>
      <trkpt lon="-77.016545" lat="38.906399"><ele>27.956071</ele><time>2026-04-04T15:53:03Z</time><extensions><speed>1.509673</speed><course>270.536320</course><hAcc>2.370198</hAcc><vAcc>1.609673</vAcc></extensions></trkpt>
      <trkpt lon="-77.016563" lat="38.906399"><ele>27.966655</ele><time>2026-04-04T15:53:04Z</time><extensions><speed>1.511001</speed><course>270.191934</course><hAcc>2.370191</hAcc><vAcc>1.611762</vAcc></extensions></trkpt>
      <trkpt lon="-77.016580" lat="38.906399"><ele>27.979714</ele><time>2026-04-04T15:53:05Z</time><extensions><speed>1.508581</speed><course>269.893990</course><hAcc>2.370503</hAcc><vAcc>1.614965</vAcc></extensions></trkpt>
      <trkpt lon="-77.016598" lat="38.906399"><ele>27.994811</ele><time>2026-04-04T15:53:06Z</time><extensions><speed>1.503539</speed><course>269.631974</course><hAcc>2.371159</hAcc><vAcc>1.618845</vAcc></extensions></trkpt>
      <trkpt lon="-77.016615" lat="38.906399"><ele>28.012005</ele><time>2026-04-04T15:53:07Z</time><extensions><speed>1.498585</speed><course>269.400607</course><hAcc>2.372142</hAcc><vAcc>1.622950</vAcc></extensions></trkpt>
      <trkpt lon="-77.016632" lat="38.906399"><ele>28.030992</ele><time>2026-04-04T15:53:08Z</time><extensions><speed>1.495472</speed><course>269.197121</course><hAcc>2.373376</hAcc><vAcc>1.626864</vAcc></extensions></trkpt>
      <trkpt lon="-77.016649" lat="38.906399"><ele>28.051271</ele><time>2026-04-04T15:53:09Z</time><extensions><speed>1.496330</speed><course>269.019564</course><hAcc>2.374748</hAcc><vAcc>1.630242</vAcc></extensions></trkpt>
      <trkpt lon="-77.016667" lat="38.906398"><ele>28.072363</ele><time>2026-04-04T15:53:10Z</time><extensions><speed>1.495852</speed><course>268.864862</course><hAcc>2.376164</hAcc><vAcc>1.632831</vAcc></extensions></trkpt>
      <trkpt lon="-77.016684" lat="38.906398"><ele>28.094187</ele><time>2026-04-04T15:53:11Z</time><extensions><speed>1.491972</speed><course>268.738082</course><hAcc>2.377469</hAcc><vAcc>1.634481</vAcc></extensions></trkpt>
      <trkpt lon="-77.016701" lat="38.906398"><ele>28.116112</ele><time>2026-04-04T15:53:12Z</time><extensions><speed>1.485999</speed><course>268.633317</course><hAcc>2.378476</hAcc><vAcc>1.635137</vAcc></extensions></trkpt>
      <trkpt lon="-77.016718" lat="38.906397"><ele>28.138464</ele><time>2026-04-04T15:53:13Z</time><extensions><speed>1.475614</speed><course>268.552019</course><hAcc>2.379201</hAcc><vAcc>1.634840</vAcc></extensions></trkpt>
      <trkpt lon="-77.016735" lat="38.906397"><ele>28.160996</ele><time>2026-04-04T15:53:13Z</time><extensions><speed>1.463610</speed><course>268.496210</course><hAcc>2.379754</hAcc><vAcc>1.633740</vAcc></extensions></trkpt>
      <trkpt lon="-77.016752" lat="38.906397"><ele>28.182937</ele><time>2026-04-04T15:53:14Z</time><extensions><speed>1.454929</speed><course>268.467339</course><hAcc>2.380357</hAcc><vAcc>1.632027</vAcc></extensions></trkpt>
      <trkpt lon="-77.016769" lat="38.906396"><ele>28.204238</ele><time>2026-04-04T15:53:15Z</time><extensions><speed>1.448105</speed><course>268.466689</course><hAcc>2.381212</hAcc><vAcc>1.629925</vAcc></extensions></trkpt>
      <trkpt lon="-77.016785" lat="38.906396"><ele>28.224758</ele><time>2026-04-04T15:53:16Z</time><extensions><speed>1.440210</speed><course>268.493372</course><hAcc>2.382478</hAcc><vAcc>1.627681</vAcc></extensions></trkpt>
      <trkpt lon="-77.016802" lat="38.906396"><ele>28.244607</ele><time>2026-04-04T15:53:17Z</time><extensions><speed>1.431656</speed><course>268.546205</course><hAcc>2.384223</hAcc><vAcc>1.625517</vAcc></extensions></trkpt>
      <trkpt lon="-77.016818" lat="38.906395"><ele>28.264254</ele><time>2026-04-04T15:53:18Z</time><extensions><speed>1.424505</speed><course>268.623972</course><hAcc>2.386437</hAcc><vAcc>1.623615</vAcc></extensions></trkpt>
      <trkpt lon="-77.016835" lat="38.906395"><ele>28.283319</ele><time>2026-04-04T15:53:19Z</time><extensions><speed>1.418261</speed><course>268.725079</course><hAcc>2.389038</hAcc><vAcc>1.622118</vAcc></extensions></trkpt>
      <trkpt lon="-77.016851" lat="38.906395"><ele>28.302319</ele><time>2026-04-04T15:53:20Z</time><extensions><speed>1.413703</speed><course>268.847792</course><hAcc>2.391865</hAcc><vAcc>1.621114</vAcc></extensions></trkpt>
      <trkpt lon="-77.016868" lat="38.906395"><ele>28.320806</ele><time>2026-04-04T15:53:21Z</time><extensions><speed>1.409759</speed><course>268.986150</course><hAcc>2.394646</hAcc><vAcc>1.620641</vAcc></extensions></trkpt>
      <trkpt lon="-77.016884" lat="38.906394"><ele>28.338963</ele><time>2026-04-04T15:53:22Z</time><extensions><speed>1.411097</speed><course>269.132157</course><hAcc>2.397065</hAcc><vAcc>1.620676</vAcc></extensions></trkpt>
      <trkpt lon="-77.016900" lat="38.906394"><ele>28.356934</ele><time>2026-04-04T15:53:23Z</time><extensions><speed>1.412984</speed><course>269.281038</course><hAcc>2.399011</hAcc><vAcc>1.621162</vAcc></extensions></trkpt>
      <trkpt lon="-77.016916" lat="38.906394"><ele>28.374323</ele><time>2026-04-04T15:53:24Z</time><extensions><speed>1.411220</speed><course>269.428784</course><hAcc>2.400405</hAcc><vAcc>1.622005</vAcc></extensions></trkpt>
      <trkpt lon="-77.016933" lat="38.906394"><ele>28.391814</ele><time>2026-04-04T15:53:25Z</time><extensions><speed>1.407130</speed><course>269.567686</course><hAcc>2.401206</hAcc><vAcc>1.623070</vAcc></extensions></trkpt>
      <trkpt lon="-77.016949" lat="38.906394"><ele>28.408492</ele><time>2026-04-04T15:53:26Z</time><extensions><speed>1.404350</speed><course>269.696738</course><hAcc>2.401352</hAcc><vAcc>1.624198</vAcc></extensions></trkpt>
      <trkpt lon="-77.016965" lat="38.906394"><ele>28.425063</ele><time>2026-04-04T15:53:27Z</time><extensions><speed>1.403467</speed><course>269.809338</course><hAcc>2.401028</hAcc><vAcc>1.625230</vAcc></extensions></trkpt>
      <trkpt lon="-77.016981" lat="38.906394"><ele>28.440603</ele><time>2026-04-04T15:53:28Z</time><extensions><speed>1.404098</speed><course>269.906733</course><hAcc>2.400407</hAcc><vAcc>1.626031</vAcc></extensions></trkpt>
      <trkpt lon="-77.016998" lat="38.906394"><ele>28.455298</ele><time>2026-04-04T15:53:29Z</time><extensions><speed>1.408037</speed><course>269.992603</course><hAcc>2.399626</hAcc><vAcc>1.626496</vAcc></extensions></trkpt>
      <trkpt lon="-77.017014" lat="38.906394"><ele>28.468750</ele><time>2026-04-04T15:53:31Z</time><extensions><speed>1.410266</speed><course>270.072200</course><hAcc>2.398887</hAcc><vAcc>1.626557</vAcc></extensions></trkpt>
      <trkpt lon="-77.017030" lat="38.906394"><ele>28.480591</ele><time>2026-04-04T15:53:32Z</time><extensions><speed>1.409995</speed><course>270.109958</course><hAcc>2.398410</hAcc><vAcc>1.626184</vAcc></extensions></trkpt>
      <trkpt lon="-77.017047" lat="38.906394"><ele>28.491342</ele><time>2026-04-04T15:53:33Z</time><extensions><speed>1.407643</speed><course>270.145510</course><hAcc>2.398458</hAcc><vAcc>1.625377</vAcc></extensions></trkpt>
      <trkpt lon="-77.017063" lat="38.906394"><ele>28.500868</ele><time>2026-04-04T15:53:34Z</time><extensions><speed>1.404121</speed><course>270.179196</course><hAcc>2.399386</hAcc><vAcc>1.624173</vAcc></extensions></trkpt>
      <trkpt lon="-77.017079" lat="38.906394"><ele>28.508836</ele><time>2026-04-04T15:53:35Z</time><extensions><speed>1.400583</speed><course>270.211115</course><hAcc>2.401694</hAcc><vAcc>1.622641</vAcc></extensions></trkpt>
      <trkpt lon="-77.017095" lat="38.906394"><ele>28.515193</ele><time>2026-04-04T15:53:36Z</time><extensions><speed>1.397720</speed><course>270.241979</course><hAcc>2.406070</hAcc><vAcc>1.620877</vAcc></extensions></trkpt>
      <trkpt lon="-77.017111" lat="38.906394"><ele>28.519833</ele><time>2026-04-04T15:53:37Z</time><extensions><speed>1.396180</speed><course>270.273915</course><hAcc>2.413438</hAcc><vAcc>1.618996</vAcc></extensions></trkpt>
      <trkpt lon="-77.017127" lat="38.906394"><ele>28.522888</ele><time>2026-04-04T15:53:38Z</time><extensions><speed>1.392527</speed><course>270.309737</course><hAcc>2.425033</hAcc><vAcc>1.617133</vAcc></extensions></trkpt>
      <trkpt lon="-77.017143" lat="38.906394"><ele>28.524220</ele><time>2026-04-04T15:53:39Z</time><extensions><speed>1.387842</speed><course>270.348762</course><hAcc>2.442515</hAcc><vAcc>1.615423</vAcc></extensions></trkpt>
      <trkpt lon="-77.017159" lat="38.906394"><ele>28.524237</ele><time>2026-04-04T15:53:40Z</time><extensions><speed>1.384268</speed><course>270.387993</course><hAcc>2.468012</hAcc><vAcc>1.613996</vAcc></extensions></trkpt>
      <trkpt lon="-77.017175" lat="38.906394"><ele>28.522888</ele><time>2026-04-04T15:53:41Z</time><extensions><speed>1.384216</speed><course>270.425728</course><hAcc>2.504198</hAcc><vAcc>1.612952</vAcc></extensions></trkpt>
      <trkpt lon="-77.017191" lat="38.906394"><ele>28.520252</ele><time>2026-04-04T15:53:42Z</time><extensions><speed>1.383805</speed><course>270.463425</course><hAcc>2.554360</hAcc><vAcc>1.612355</vAcc></extensions></trkpt>
      <trkpt lon="-77.017207" lat="38.906395"><ele>28.516560</ele><time>2026-04-04T15:53:43Z</time><extensions><speed>1.383102</speed><course>270.499467</course><hAcc>2.622410</hAcc><vAcc>1.612246</vAcc></extensions></trkpt>
      <trkpt lon="-77.017223" lat="38.906395"><ele>28.512214</ele><time>2026-04-04T15:53:44Z</time><extensions><speed>1.381456</speed><course>270.529664</course><hAcc>2.712856</hAcc><vAcc>1.612632</vAcc></extensions></trkpt>
      <trkpt lon="-77.017239" lat="38.906395"><ele>28.506588</ele><time>2026-04-04T15:53:45Z</time><extensions><speed>1.380269</speed><course>270.550128</course><hAcc>2.830609</hAcc><vAcc>1.613503</vAcc></extensions></trkpt>
      <trkpt lon="-77.017255" lat="38.906395"><ele>28.499552</ele><time>2026-04-04T15:53:46Z</time><extensions><speed>1.435679</speed><course>271.045837</course><hAcc>2.871700</hAcc><vAcc>1.614893</vAcc></extensions></trkpt>
      <trkpt lon="-77.017272" lat="38.906395"><ele>28.491346</ele><time>2026-04-04T15:53:47Z</time><extensions><speed>1.519609</speed><course>271.149811</course><hAcc>2.870675</hAcc><vAcc>1.616706</vAcc></extensions></trkpt>
      <trkpt lon="-77.017290" lat="38.906396"><ele>28.481948</ele><time>2026-04-04T15:53:48Z</time><extensions><speed>1.461100</speed><course>271.465185</course><hAcc>2.876685</hAcc><vAcc>1.618872</vAcc></extensions></trkpt>
      <trkpt lon="-77.017306" lat="38.906396"><ele>28.471336</ele><time>2026-04-04T15:53:49Z</time><extensions><speed>1.370510</speed><course>272.466945</course><hAcc>2.885912</hAcc><vAcc>1.621300</vAcc></extensions></trkpt>
      <trkpt lon="-77.017322" lat="38.906397"><ele>28.459485</ele><time>2026-04-04T15:53:50Z</time><extensions><speed>1.362682</speed><course>272.365986</course><hAcc>2.896391</hAcc><vAcc>1.623884</vAcc></extensions></trkpt>
      <trkpt lon="-77.017338" lat="38.906397"><ele>28.446344</ele><time>2026-04-04T15:53:51Z</time><extensions><speed>1.427695</speed><course>271.913156</course><hAcc>2.900769</hAcc><vAcc>1.626507</vAcc></extensions></trkpt>
      <trkpt lon="-77.017354" lat="38.906397"><ele>28.431838</ele><time>2026-04-04T15:53:52Z</time><extensions><speed>1.471165</speed><course>271.761989</course><hAcc>2.907624</hAcc><vAcc>1.629047</vAcc></extensions></trkpt>
      <trkpt lon="-77.017371" lat="38.906398"><ele>28.415887</ele><time>2026-04-04T15:53:53Z</time><extensions><speed>1.468197</speed><course>270.829676</course><hAcc>2.909040</hAcc><vAcc>1.631393</vAcc></extensions></trkpt>
      <trkpt lon="-77.017389" lat="38.906398"><ele>28.398414</ele><time>2026-04-04T15:53:54Z</time><extensions><speed>1.537021</speed><course>270.481349</course><hAcc>2.908114</hAcc><vAcc>1.633453</vAcc></extensions></trkpt>
      <trkpt lon="-77.017407" lat="38.906398"><ele>28.379341</ele><time>2026-04-04T15:53:55Z</time><extensions><speed>1.554643</speed><course>269.172817</course><hAcc>2.911434</hAcc><vAcc>1.635158</vAcc></extensions></trkpt>
      <trkpt lon="-77.017425" lat="38.906397"><ele>28.358600</ele><time>2026-04-04T15:53:56Z</time><extensions><speed>1.613033</speed><course>265.722027</course><hAcc>2.916095</hAcc><vAcc>1.636450</vAcc></extensions></trkpt>
      <trkpt lon="-77.017443" lat="38.906396"><ele>28.336179</ele><time>2026-04-04T15:53:57Z</time><extensions><speed>1.589656</speed><course>262.289717</course><hAcc>2.927169</hAcc><vAcc>1.637289</vAcc></extensions></trkpt>
      <trkpt lon="-77.017461" lat="38.906393"><ele>28.312141</ele><time>2026-04-04T15:53:58Z</time><extensions><speed>1.479960</speed><course>259.079754</course><hAcc>2.943070</hAcc><vAcc>1.637649</vAcc></extensions></trkpt>
      <trkpt lon="-77.017477" lat="38.906391"><ele>28.286630</ele><time>2026-04-04T15:53:59Z</time><extensions><speed>1.397848</speed><course>262.342916</course><hAcc>2.930903</hAcc><vAcc>1.637523</vAcc></extensions></trkpt>
      <trkpt lon="-77.017492" lat="38.906390"><ele>28.259859</ele><time>2026-04-04T15:54:00Z</time><extensions><speed>1.249707</speed><course>267.237430</course><hAcc>2.924457</hAcc><vAcc>1.636930</vAcc></extensions></trkpt>
      <trkpt lon="-77.017506" lat="38.906390"><ele>28.232107</ele><time>2026-04-04T15:54:01Z</time><extensions><speed>1.230123</speed><course>268.711343</course><hAcc>2.926540</hAcc><vAcc>1.635915</vAcc></extensions></trkpt>
      <trkpt lon="-77.017521" lat="38.906390"><ele>28.203715</ele><time>2026-04-04T15:54:02Z</time><extensions><speed>1.340394</speed><course>268.121146</course><hAcc>2.931236</hAcc><vAcc>1.634551</vAcc></extensions></trkpt>
      <trkpt lon="-77.017537" lat="38.906389"><ele>28.175081</ele><time>2026-04-04T15:54:03Z</time><extensions><speed>1.426367</speed><course>267.169538</course><hAcc>2.936507</hAcc><vAcc>1.632930</vAcc></extensions></trkpt>
      <trkpt lon="-77.017554" lat="38.906388"><ele>28.146650</ele><time>2026-04-04T15:54:04Z</time><extensions><speed>1.433460</speed><course>265.693258</course><hAcc>2.941011</hAcc><vAcc>1.631162</vAcc></extensions></trkpt>
      <trkpt lon="-77.017570" lat="38.906387"><ele>28.118874</ele><time>2026-04-04T15:54:05Z</time><extensions><speed>1.354715</speed><course>264.173962</course><hAcc>2.943014</hAcc><vAcc>1.629376</vAcc></extensions></trkpt>
      <trkpt lon="-77.017584" lat="38.906386"><ele>28.092173</ele><time>2026-04-04T15:54:06Z</time><extensions><speed>1.212951</speed><course>265.171246</course><hAcc>2.947239</hAcc><vAcc>1.627708</vAcc></extensions></trkpt>
      <trkpt lon="-77.017598" lat="38.906385"><ele>28.066928</ele><time>2026-04-04T15:54:07Z</time><extensions><speed>1.204035</speed><course>267.620889</course><hAcc>2.953358</hAcc><vAcc>1.626294</vAcc></extensions></trkpt>
      <trkpt lon="-77.017612" lat="38.906385"><ele>28.043483</ele><time>2026-04-04T15:54:08Z</time><extensions><speed>1.238463</speed><course>269.234016</course><hAcc>2.959376</hAcc><vAcc>1.625258</vAcc></extensions></trkpt>
      <trkpt lon="-77.017627" lat="38.906385"><ele>28.022153</ele><time>2026-04-04T15:54:09Z</time><extensions><speed>1.335915</speed><course>269.354789</course><hAcc>2.960552</hAcc><vAcc>1.624712</vAcc></extensions></trkpt>
      <trkpt lon="-77.017643" lat="38.906385"><ele>28.003214</ele><time>2026-04-04T15:54:10Z</time><extensions><speed>1.351697</speed><course>269.011704</course><hAcc>2.963676</hAcc><vAcc>1.624771</vAcc></extensions></trkpt>
      <trkpt lon="-77.017658" lat="38.906385"><ele>27.986893</ele><time>2026-04-04T15:54:11Z</time><extensions><speed>1.333506</speed><course>269.263127</course><hAcc>2.968984</hAcc><vAcc>1.625557</vAcc></extensions></trkpt>
      <trkpt lon="-77.017673" lat="38.906384"><ele>27.973359</ele><time>2026-04-04T15:54:12Z</time><extensions><speed>1.334333</speed><course>270.125589</course><hAcc>2.973702</hAcc><vAcc>1.627205</vAcc></extensions></trkpt>
      <trkpt lon="-77.017689" lat="38.906385"><ele>27.962710</ele><time>2026-04-04T15:54:13Z</time><extensions><speed>1.336676</speed><course>270.600308</course><hAcc>2.975865</hAcc><vAcc>1.629879</vAcc></extensions></trkpt>
      <trkpt lon="-77.017704" lat="38.906385"><ele>27.954986</ele><time>2026-04-04T15:54:14Z</time><extensions><speed>1.281092</speed><course>271.914098</course><hAcc>2.975274</hAcc><vAcc>1.633777</vAcc></extensions></trkpt>
      <trkpt lon="-77.017718" lat="38.906385"><ele>27.950168</ele><time>2026-04-04T15:54:15Z</time><extensions><speed>1.196453</speed><course>273.130395</course><hAcc>2.976855</hAcc><vAcc>1.639132</vAcc></extensions></trkpt>
      <trkpt lon="-77.017732" lat="38.906386"><ele>27.948189</ele><time>2026-04-04T15:54:16Z</time><extensions><speed>1.158431</speed><course>273.241530</course><hAcc>3.001461</hAcc><vAcc>1.646216</vAcc></extensions></trkpt>
      <trkpt lon="-77.017745" lat="38.906387"><ele>27.948932</ele><time>2026-04-04T15:54:17Z</time><extensions><speed>1.129572</speed><course>274.447684</course><hAcc>3.014039</hAcc><vAcc>1.655348</vAcc></extensions></trkpt>
      <trkpt lon="-77.017758" lat="38.906387"><ele>27.952229</ele><time>2026-04-04T15:54:18Z</time><extensions><speed>1.184708</speed><course>273.395073</course><hAcc>3.022936</hAcc><vAcc>1.666911</vAcc></extensions></trkpt>
      <trkpt lon="-77.017773" lat="38.906388"><ele>27.957858</ele><time>2026-04-04T15:54:19Z</time><extensions><speed>1.304329</speed><course>270.909444</course><hAcc>3.032853</hAcc><vAcc>1.681367</vAcc></extensions></trkpt>
      <trkpt lon="-77.017787" lat="38.906387"><ele>27.965540</ele><time>2026-04-04T15:54:20Z</time><extensions><speed>1.271991</speed><course>266.652717</course><hAcc>3.047419</hAcc><vAcc>1.699248</vAcc></extensions></trkpt>
      <trkpt lon="-77.017802" lat="38.906387"><ele>27.974943</ele><time>2026-04-04T15:54:21Z</time><extensions><speed>1.311035</speed><course>265.303756</course><hAcc>3.061710</hAcc><vAcc>1.721164</vAcc></extensions></trkpt>
      <trkpt lon="-77.017818" lat="38.906385"><ele>27.985710</ele><time>2026-04-04T15:54:22Z</time><extensions><speed>1.429196</speed><course>263.548050</course><hAcc>3.081111</hAcc><vAcc>1.747806</vAcc></extensions></trkpt>
      <trkpt lon="-77.017835" lat="38.906384"><ele>27.997490</ele><time>2026-04-04T15:54:23Z</time><extensions><speed>1.470630</speed><course>264.215149</course><hAcc>3.107294</hAcc><vAcc>1.779946</vAcc></extensions></trkpt>
      <trkpt lon="-77.017852" lat="38.906383"><ele>28.009964</ele><time>2026-04-04T15:54:24Z</time><extensions><speed>1.491421</speed><course>265.750673</course><hAcc>3.140239</hAcc><vAcc>1.818418</vAcc></extensions></trkpt>
      <trkpt lon="-77.017869" lat="38.906382"><ele>28.022857</ele><time>2026-04-04T15:54:25Z</time><extensions><speed>1.599054</speed><course>267.386946</course><hAcc>3.179296</hAcc><vAcc>1.864109</vAcc></extensions></trkpt>
      <trkpt lon="-77.017889" lat="38.906382"><ele>27.996681</ele><time>2026-04-04T15:54:26Z</time><extensions><speed>1.545190</speed><course>269.030369</course><hAcc>3.182507</hAcc><vAcc>1.873547</vAcc></extensions></trkpt>
      <trkpt lon="-77.017907" lat="38.906383"><ele>27.979526</ele><time>2026-04-04T15:54:27Z</time><extensions><speed>1.453157</speed><course>270.542850</course><hAcc>3.185220</hAcc><vAcc>1.882333</vAcc></extensions></trkpt>
      <trkpt lon="-77.017924" lat="38.906383"><ele>27.966782</ele><time>2026-04-04T15:54:28Z</time><extensions><speed>1.393674</speed><course>269.496434</course><hAcc>3.187213</hAcc><vAcc>1.887810</vAcc></extensions></trkpt>
      <trkpt lon="-77.017941" lat="38.906383"><ele>27.937298</ele><time>2026-04-04T15:54:29Z</time><extensions><speed>1.369285</speed><course>268.547487</course><hAcc>3.186774</hAcc><vAcc>1.891368</vAcc></extensions></trkpt>
      <trkpt lon="-77.017957" lat="38.906384"><ele>27.912398</ele><time>2026-04-04T15:54:30Z</time><extensions><speed>1.227640</speed><course>267.045754</course><hAcc>3.181195</hAcc><vAcc>1.892149</vAcc></extensions></trkpt>
      <trkpt lon="-77.017972" lat="38.906383"><ele>27.903827</ele><time>2026-04-04T15:54:31Z</time><extensions><speed>1.170305</speed><course>268.654509</course><hAcc>3.173880</hAcc><vAcc>1.888732</vAcc></extensions></trkpt>
      <trkpt lon="-77.017987" lat="38.906384"><ele>27.863439</ele><time>2026-04-04T15:54:32Z</time><extensions><speed>1.223374</speed><course>270.411590</course><hAcc>3.187448</hAcc><vAcc>1.881570</vAcc></extensions></trkpt>
      <trkpt lon="-77.018004" lat="38.906384"><ele>27.834504</ele><time>2026-04-04T15:54:33Z</time><extensions><speed>1.466216</speed><course>272.722796</course><hAcc>3.198033</hAcc><vAcc>1.867721</vAcc></extensions></trkpt>
      <trkpt lon="-77.018022" lat="38.906385"><ele>27.785237</ele><time>2026-04-04T15:54:34Z</time><extensions><speed>1.501984</speed><course>275.245956</course><hAcc>3.204642</hAcc><vAcc>1.847255</vAcc></extensions></trkpt>
      <trkpt lon="-77.018041" lat="38.906386"><ele>27.740621</ele><time>2026-04-04T15:54:35Z</time><extensions><speed>1.473166</speed><course>276.274323</course><hAcc>3.198361</hAcc><vAcc>1.830901</vAcc></extensions></trkpt>
      <trkpt lon="-77.018058" lat="38.906387"><ele>27.682691</ele><time>2026-04-04T15:54:36Z</time><extensions><speed>1.359275</speed><course>274.803443</course><hAcc>3.189366</hAcc><vAcc>1.812675</vAcc></extensions></trkpt>
      <trkpt lon="-77.018075" lat="38.906388"><ele>27.617399</ele><time>2026-04-04T15:54:37Z</time><extensions><speed>1.329005</speed><course>274.813369</course><hAcc>3.182101</hAcc><vAcc>1.790106</vAcc></extensions></trkpt>
      <trkpt lon="-77.018091" lat="38.906389"><ele>27.547263</ele><time>2026-04-04T15:54:38Z</time><extensions><speed>1.282384</speed><course>278.286552</course><hAcc>3.180188</hAcc><vAcc>1.770014</vAcc></extensions></trkpt>
      <trkpt lon="-77.018106" lat="38.906390"><ele>27.484885</ele><time>2026-04-04T15:54:39Z</time><extensions><speed>1.197014</speed><course>280.240320</course><hAcc>3.178555</hAcc><vAcc>1.753107</vAcc></extensions></trkpt>
      <trkpt lon="-77.018121" lat="38.906391"><ele>27.418043</ele><time>2026-04-04T15:54:40Z</time><extensions><speed>1.237289</speed><course>280.401306</course><hAcc>3.175172</hAcc><vAcc>1.737296</vAcc></extensions></trkpt>
      <trkpt lon="-77.018137" lat="38.906393"><ele>27.356420</ele><time>2026-04-04T15:54:41Z</time><extensions><speed>1.378952</speed><course>279.742906</course><hAcc>3.190614</hAcc><vAcc>1.722435</vAcc></extensions></trkpt>
      <trkpt lon="-77.018154" lat="38.906394"><ele>27.310216</ele><time>2026-04-04T15:54:42Z</time><extensions><speed>1.366740</speed><course>276.753677</course><hAcc>3.198665</hAcc><vAcc>1.710388</vAcc></extensions></trkpt>
      <trkpt lon="-77.018170" lat="38.906394"><ele>27.258422</ele><time>2026-04-04T15:54:43Z</time><extensions><speed>1.307013</speed><course>272.831928</course><hAcc>3.199441</hAcc><vAcc>1.701670</vAcc></extensions></trkpt>
      <trkpt lon="-77.018186" lat="38.906394"><ele>27.195174</ele><time>2026-04-04T15:54:44Z</time><extensions><speed>1.270430</speed><course>268.022414</course><hAcc>3.198178</hAcc><vAcc>1.694160</vAcc></extensions></trkpt>
      <trkpt lon="-77.018202" lat="38.906393"><ele>27.133029</ele><time>2026-04-04T15:54:45Z</time><extensions><speed>1.305038</speed><course>266.247574</course><hAcc>3.196927</hAcc><vAcc>1.687572</vAcc></extensions></trkpt>
      <trkpt lon="-77.018219" lat="38.906391"><ele>27.074452</ele><time>2026-04-04T15:54:46Z</time><extensions><speed>1.482234</speed><course>264.754309</course><hAcc>3.192613</hAcc><vAcc>1.684027</vAcc></extensions></trkpt>
      <trkpt lon="-77.018238" lat="38.906389"><ele>27.019552</ele><time>2026-04-04T15:54:47Z</time><extensions><speed>1.584915</speed><course>264.676433</course><hAcc>3.191573</hAcc><vAcc>1.682063</vAcc></extensions></trkpt>
      <trkpt lon="-77.018257" lat="38.906388"><ele>26.965159</ele><time>2026-04-04T15:54:48Z</time><extensions><speed>1.496862</speed><course>266.274708</course><hAcc>3.195270</hAcc><vAcc>1.679051</vAcc></extensions></trkpt>
      <trkpt lon="-77.018275" lat="38.906386"><ele>26.913107</ele><time>2026-04-04T15:54:49Z</time><extensions><speed>1.356754</speed><course>267.541802</course><hAcc>3.184334</hAcc><vAcc>1.675348</vAcc></extensions></trkpt>
      <trkpt lon="-77.018292" lat="38.906386"><ele>26.873042</ele><time>2026-04-04T15:54:50Z</time><extensions><speed>1.398081</speed><course>268.365682</course><hAcc>3.173776</hAcc><vAcc>1.672247</vAcc></extensions></trkpt>
      <trkpt lon="-77.018308" lat="38.906385"><ele>26.848779</ele><time>2026-04-04T15:54:51Z</time><extensions><speed>1.372133</speed><course>268.438703</course><hAcc>3.171465</hAcc><vAcc>1.669099</vAcc></extensions></trkpt>
      <trkpt lon="-77.018324" lat="38.906385"><ele>26.842382</ele><time>2026-04-04T15:54:52Z</time><extensions><speed>1.218753</speed><course>266.982669</course><hAcc>3.174427</hAcc><vAcc>1.669175</vAcc></extensions></trkpt>
      <trkpt lon="-77.018339" lat="38.906384"><ele>26.847138</ele><time>2026-04-04T15:54:53Z</time><extensions><speed>1.217514</speed><course>267.967678</course><hAcc>3.178079</hAcc><vAcc>1.666918</vAcc></extensions></trkpt>
      <trkpt lon="-77.018354" lat="38.906384"><ele>26.858918</ele><time>2026-04-04T15:54:54Z</time><extensions><speed>1.187310</speed><course>268.252158</course><hAcc>3.174196</hAcc><vAcc>1.664416</vAcc></extensions></trkpt>
      <trkpt lon="-77.018368" lat="38.906384"><ele>26.865656</ele><time>2026-04-04T15:54:55Z</time><extensions><speed>1.124567</speed><course>267.478894</course><hAcc>3.171776</hAcc><vAcc>1.659717</vAcc></extensions></trkpt>
      <trkpt lon="-77.018381" lat="38.906384"><ele>26.895811</ele><time>2026-04-04T15:54:56Z</time><extensions><speed>1.156122</speed><course>268.062775</course><hAcc>3.189328</hAcc><vAcc>1.654318</vAcc></extensions></trkpt>
      <trkpt lon="-77.018396" lat="38.906383"><ele>26.924278</ele><time>2026-04-04T15:54:57Z</time><extensions><speed>1.317054</speed><course>268.889749</course><hAcc>3.197266</hAcc><vAcc>1.645959</vAcc></extensions></trkpt>
      <trkpt lon="-77.018413" lat="38.906383"><ele>26.957016</ele><time>2026-04-04T15:54:58Z</time><extensions><speed>1.468878</speed><course>269.911466</course><hAcc>3.198962</hAcc><vAcc>1.635430</vAcc></extensions></trkpt>
      <trkpt lon="-77.018430" lat="38.906383"><ele>26.995240</ele><time>2026-04-04T15:54:59Z</time><extensions><speed>1.478401</speed><course>270.154428</course><hAcc>3.200678</hAcc><vAcc>1.623416</vAcc></extensions></trkpt>
      <trkpt lon="-77.018448" lat="38.906383"><ele>27.026951</ele><time>2026-04-04T15:55:00Z</time><extensions><speed>1.445409</speed><course>273.737094</course><hAcc>3.203907</hAcc><vAcc>1.615249</vAcc></extensions></trkpt>
      <trkpt lon="-77.018466" lat="38.906383"><ele>27.045212</ele><time>2026-04-04T15:55:01Z</time><extensions><speed>1.466348</speed><course>274.871557</course><hAcc>3.205939</hAcc><vAcc>1.609735</vAcc></extensions></trkpt>
      <trkpt lon="-77.018484" lat="38.906383"><ele>27.055624</ele><time>2026-04-04T15:55:02Z</time><extensions><speed>1.516093</speed><course>273.467982</course><hAcc>3.207795</hAcc><vAcc>1.606207</vAcc></extensions></trkpt>
      <trkpt lon="-77.018502" lat="38.906383"><ele>27.056472</ele><time>2026-04-04T15:55:03Z</time><extensions><speed>1.506696</speed><course>272.249853</course><hAcc>3.208728</hAcc><vAcc>1.605400</vAcc></extensions></trkpt>
      <trkpt lon="-77.018520" lat="38.906383"><ele>27.062024</ele><time>2026-04-04T15:55:04Z</time><extensions><speed>1.416914</speed><course>272.595780</course><hAcc>3.210712</hAcc><vAcc>1.606275</vAcc></extensions></trkpt>
      <trkpt lon="-77.018537" lat="38.906384"><ele>27.066044</ele><time>2026-04-04T15:55:05Z</time><extensions><speed>1.344530</speed><course>274.139146</course><hAcc>3.212159</hAcc><vAcc>1.608201</vAcc></extensions></trkpt>
      <trkpt lon="-77.018554" lat="38.906385"><ele>27.068207</ele><time>2026-04-04T15:55:06Z</time><extensions><speed>1.336593</speed><course>276.491465</course><hAcc>3.212518</hAcc><vAcc>1.612586</vAcc></extensions></trkpt>
      <trkpt lon="-77.018569" lat="38.906386"><ele>27.072941</ele><time>2026-04-04T15:55:07Z</time><extensions><speed>1.278153</speed><course>274.653148</course><hAcc>3.210168</hAcc><vAcc>1.621375</vAcc></extensions></trkpt>
      <trkpt lon="-77.018585" lat="38.906386"><ele>27.068351</ele><time>2026-04-04T15:55:08Z</time><extensions><speed>1.229259</speed><course>271.008755</course><hAcc>3.206333</hAcc><vAcc>1.632257</vAcc></extensions></trkpt>
      <trkpt lon="-77.018600" lat="38.906386"><ele>27.055876</ele><time>2026-04-04T15:55:09Z</time><extensions><speed>1.231349</speed><course>267.784714</course><hAcc>3.203405</hAcc><vAcc>1.644899</vAcc></extensions></trkpt>
      <trkpt lon="-77.018615" lat="38.906385"><ele>27.035592</ele><time>2026-04-04T15:55:10Z</time><extensions><speed>1.246922</speed><course>264.134736</course><hAcc>3.202730</hAcc><vAcc>1.659686</vAcc></extensions></trkpt>
      <trkpt lon="-77.018630" lat="38.906384"><ele>27.017907</ele><time>2026-04-04T15:55:11Z</time><extensions><speed>1.292845</speed><course>262.182142</course><hAcc>3.200174</hAcc><vAcc>1.677829</vAcc></extensions></trkpt>
      <trkpt lon="-77.018646" lat="38.906382"><ele>26.989736</ele><time>2026-04-04T15:55:12Z</time><extensions><speed>1.386009</speed><course>262.538782</course><hAcc>3.195704</hAcc><vAcc>1.698278</vAcc></extensions></trkpt>
      <trkpt lon="-77.018663" lat="38.906381"><ele>26.964077</ele><time>2026-04-04T15:55:13Z</time><extensions><speed>1.418726</speed><course>265.025528</course><hAcc>3.189684</hAcc><vAcc>1.721253</vAcc></extensions></trkpt>
      <trkpt lon="-77.018680" lat="38.906380"><ele>26.940848</ele><time>2026-04-04T15:55:14Z</time><extensions><speed>1.403560</speed><course>267.833098</course><hAcc>3.180978</hAcc><vAcc>1.744949</vAcc></extensions></trkpt>
      <trkpt lon="-77.018697" lat="38.906380"><ele>26.919091</ele><time>2026-04-04T15:55:15Z</time><extensions><speed>1.351636</speed><course>269.085461</course><hAcc>3.174522</hAcc><vAcc>1.772048</vAcc></extensions></trkpt>
      <trkpt lon="-77.018713" lat="38.906380"><ele>26.898679</ele><time>2026-04-04T15:55:16Z</time><extensions><speed>1.368789</speed><course>268.346767</course><hAcc>3.171699</hAcc><vAcc>1.797291</vAcc></extensions></trkpt>
      <trkpt lon="-77.018729" lat="38.906379"><ele>26.880875</ele><time>2026-04-04T15:55:17Z</time><extensions><speed>1.340708</speed><course>267.448756</course><hAcc>3.165966</hAcc><vAcc>1.820461</vAcc></extensions></trkpt>
      <trkpt lon="-77.018744" lat="38.906378"><ele>26.859558</ele><time>2026-04-04T15:55:18Z</time><extensions><speed>1.264332</speed><course>267.219506</course><hAcc>3.161256</hAcc><vAcc>1.842071</vAcc></extensions></trkpt>
      <trkpt lon="-77.018758" lat="38.906377"><ele>26.838714</ele><time>2026-04-04T15:55:19Z</time><extensions><speed>1.171027</speed><course>267.095065</course><hAcc>3.161154</hAcc><vAcc>1.861319</vAcc></extensions></trkpt>
      <trkpt lon="-77.018771" lat="38.906376"><ele>26.818268</ele><time>2026-04-04T15:55:20Z</time><extensions><speed>1.110474</speed><course>266.342118</course><hAcc>3.166507</hAcc><vAcc>1.878517</vAcc></extensions></trkpt>
      <trkpt lon="-77.018783" lat="38.906374"><ele>26.793596</ele><time>2026-04-04T15:55:21Z</time><extensions><speed>1.138314</speed><course>266.797949</course><hAcc>3.171826</hAcc><vAcc>1.901153</vAcc></extensions></trkpt>
      <trkpt lon="-77.018796" lat="38.906373"><ele>26.757143</ele><time>2026-04-04T15:55:22Z</time><extensions><speed>1.212921</speed><course>266.383510</course><hAcc>3.171758</hAcc><vAcc>1.922286</vAcc></extensions></trkpt>
      <trkpt lon="-77.018809" lat="38.906372"><ele>26.706310</ele><time>2026-04-04T15:55:23Z</time><extensions><speed>1.199034</speed><course>266.495957</course><hAcc>3.172749</hAcc><vAcc>1.939966</vAcc></extensions></trkpt>
      <trkpt lon="-77.018820" lat="38.906370"><ele>26.679750</ele><time>2026-04-04T15:55:24Z</time><extensions><speed>0.970366</speed><course>261.790323</course><hAcc>3.170823</hAcc><vAcc>1.954815</vAcc></extensions></trkpt>
      <trkpt lon="-77.018829" lat="38.906368"><ele>26.653957</ele><time>2026-04-04T15:55:25Z</time><extensions><speed>0.782025</speed><course>254.315047</course><hAcc>3.163348</hAcc><vAcc>1.966119</vAcc></extensions></trkpt>
      <trkpt lon="-77.018837" lat="38.906365"><ele>26.625942</ele><time>2026-04-04T15:55:26Z</time><extensions><speed>0.744241</speed><course>242.868908</course><hAcc>3.165818</hAcc><vAcc>1.978115</vAcc></extensions></trkpt>
      <trkpt lon="-77.018843" lat="38.906360"><ele>26.602703</ele><time>2026-04-04T15:55:27Z</time><extensions><speed>0.788415</speed><course>228.090621</course><hAcc>3.186262</hAcc><vAcc>1.988297</vAcc></extensions></trkpt>
      <trkpt lon="-77.018849" lat="38.906354"><ele>26.577714</ele><time>2026-04-04T15:55:28Z</time><extensions><speed>0.910359</speed><course>212.346603</course><hAcc>3.212996</hAcc><vAcc>1.995180</vAcc></extensions></trkpt>
      <trkpt lon="-77.018853" lat="38.906345"><ele>26.548585</ele><time>2026-04-04T15:55:29Z</time><extensions><speed>1.126756</speed><course>201.402116</course><hAcc>3.215607</hAcc><vAcc>2.001036</vAcc></extensions></trkpt>
      <trkpt lon="-77.018857" lat="38.906334"><ele>26.535104</ele><time>2026-04-04T15:55:30Z</time><extensions><speed>1.231678</speed><course>193.027933</course><hAcc>3.208000</hAcc><vAcc>2.000120</vAcc></extensions></trkpt>
      <trkpt lon="-77.018859" lat="38.906323"><ele>26.550040</ele><time>2026-04-04T15:55:31Z</time><extensions><speed>1.283526</speed><course>185.404975</course><hAcc>3.198534</hAcc><vAcc>2.004134</vAcc></extensions></trkpt>
      <trkpt lon="-77.018859" lat="38.906311"><ele>26.534597</ele><time>2026-04-04T15:55:32Z</time><extensions><speed>1.333256</speed><course>180.067969</course><hAcc>3.189874</hAcc><vAcc>2.004195</vAcc></extensions></trkpt>
      <trkpt lon="-77.018857" lat="38.906298"><ele>26.507213</ele><time>2026-04-04T15:55:33Z</time><extensions><speed>1.326115</speed><course>173.951663</course><hAcc>3.181764</hAcc><vAcc>1.998900</vAcc></extensions></trkpt>
      <trkpt lon="-77.018855" lat="38.906286"><ele>26.477010</ele><time>2026-04-04T15:55:34Z</time><extensions><speed>1.260365</speed><course>171.031300</course><hAcc>3.174177</hAcc><vAcc>1.987112</vAcc></extensions></trkpt>
      <trkpt lon="-77.018852" lat="38.906275"><ele>26.451621</ele><time>2026-04-04T15:55:35Z</time><extensions><speed>1.257990</speed><course>170.064302</course><hAcc>3.169721</hAcc><vAcc>1.973625</vAcc></extensions></trkpt>
      <trkpt lon="-77.018849" lat="38.906263"><ele>26.427294</ele><time>2026-04-04T15:55:36Z</time><extensions><speed>1.284919</speed><course>170.497831</course><hAcc>3.168683</hAcc><vAcc>1.957884</vAcc></extensions></trkpt>
      <trkpt lon="-77.018846" lat="38.906251"><ele>26.429470</ele><time>2026-04-04T15:55:37Z</time><extensions><speed>1.224578</speed><course>173.326509</course><hAcc>3.158173</hAcc><vAcc>1.948063</vAcc></extensions></trkpt>
      <trkpt lon="-77.018845" lat="38.906239"><ele>26.433173</ele><time>2026-04-04T15:55:38Z</time><extensions><speed>1.308759</speed><course>177.326009</course><hAcc>3.155377</hAcc><vAcc>1.941491</vAcc></extensions></trkpt>
      <trkpt lon="-77.018845" lat="38.906226"><ele>26.432478</ele><time>2026-04-04T15:55:39Z</time><extensions><speed>1.491418</speed><course>181.569375</course><hAcc>3.156401</hAcc><vAcc>1.936674</vAcc></extensions></trkpt>
      <trkpt lon="-77.018845" lat="38.906210"><ele>26.433299</ele><time>2026-04-04T15:55:40Z</time><extensions><speed>1.774073</speed><course>178.935093</course><hAcc>3.139050</hAcc><vAcc>1.935717</vAcc></extensions></trkpt>
      <trkpt lon="-77.018844" lat="38.906194"><ele>26.431835</ele><time>2026-04-04T15:55:41Z</time><extensions><speed>1.579679</speed><course>174.654419</course><hAcc>3.145236</hAcc><vAcc>1.936570</vAcc></extensions></trkpt>
      <trkpt lon="-77.018842" lat="38.906180"><ele>26.426383</ele><time>2026-04-04T15:55:42Z</time><extensions><speed>1.497454</speed><course>171.071571</course><hAcc>3.141770</hAcc><vAcc>1.937573</vAcc></extensions></trkpt>
      <trkpt lon="-77.018840" lat="38.906166"><ele>26.416796</ele><time>2026-04-04T15:55:43Z</time><extensions><speed>1.401432</speed><course>169.237165</course><hAcc>3.132425</hAcc><vAcc>1.943224</vAcc></extensions></trkpt>
      <trkpt lon="-77.018837" lat="38.906154"><ele>26.399269</ele><time>2026-04-04T15:55:44Z</time><extensions><speed>1.217520</speed><course>170.209591</course><hAcc>3.128752</hAcc><vAcc>1.948949</vAcc></extensions></trkpt>
      <trkpt lon="-77.018835" lat="38.906143"><ele>26.377699</ele><time>2026-04-04T15:55:45Z</time><extensions><speed>1.106797</speed><course>172.830721</course><hAcc>3.125564</hAcc><vAcc>1.956625</vAcc></extensions></trkpt>
      <trkpt lon="-77.018834" lat="38.906132"><ele>26.353111</ele><time>2026-04-04T15:55:46Z</time><extensions><speed>1.082415</speed><course>175.130395</course><hAcc>3.127685</hAcc><vAcc>1.965662</vAcc></extensions></trkpt>
      <trkpt lon="-77.018834" lat="38.906121"><ele>26.325579</ele><time>2026-04-04T15:55:47Z</time><extensions><speed>1.136210</speed><course>177.769287</course><hAcc>3.149780</hAcc><vAcc>1.973248</vAcc></extensions></trkpt>
      <trkpt lon="-77.018834" lat="38.906110"><ele>26.288414</ele><time>2026-04-04T15:55:48Z</time><extensions><speed>1.232088</speed><course>181.019587</course><hAcc>3.116438</hAcc><vAcc>1.983945</vAcc></extensions></trkpt>
      <trkpt lon="-77.018837" lat="38.906090"><ele>26.085015</ele><time>2026-04-04T15:55:49Z</time><extensions><speed>1.304770</speed><course>181.941840</course><hAcc>2.722131</hAcc><vAcc>1.751473</vAcc></extensions></trkpt>
      <trkpt lon="-77.018838" lat="38.906079"><ele>26.058259</ele><time>2026-04-04T15:55:50Z</time><extensions><speed>1.301193</speed><course>181.997236</course><hAcc>2.632600</hAcc><vAcc>1.758954</vAcc></extensions></trkpt>
      <trkpt lon="-77.018838" lat="38.906067"><ele>26.031116</ele><time>2026-04-04T15:55:51Z</time><extensions><speed>1.295854</speed><course>182.052088</course><hAcc>2.565239</hAcc><vAcc>1.767072</vAcc></extensions></trkpt>
      <trkpt lon="-77.018839" lat="38.906055"><ele>26.003580</ele><time>2026-04-04T15:55:52Z</time><extensions><speed>1.289996</speed><course>182.099186</course><hAcc>2.515654</hAcc><vAcc>1.775655</vAcc></extensions></trkpt>
      <trkpt lon="-77.018839" lat="38.906044"><ele>25.975647</ele><time>2026-04-04T15:55:53Z</time><extensions><speed>1.282963</speed><course>182.143487</course><hAcc>2.480052</hAcc><vAcc>1.784527</vAcc></extensions></trkpt>
      <trkpt lon="-77.018840" lat="38.906032"><ele>25.947677</ele><time>2026-04-04T15:55:54Z</time><extensions><speed>1.278001</speed><course>182.184804</course><hAcc>2.455249</hAcc><vAcc>1.793523</vAcc></extensions></trkpt>
      <trkpt lon="-77.018840" lat="38.906021"><ele>25.920010</ele><time>2026-04-04T15:55:55Z</time><extensions><speed>1.273650</speed><course>182.214362</course><hAcc>2.438690</hAcc><vAcc>1.802484</vAcc></extensions></trkpt>
      <trkpt lon="-77.018841" lat="38.906009"><ele>25.893069</ele><time>2026-04-04T15:55:56Z</time><extensions><speed>1.269005</speed><course>182.243975</course><hAcc>2.428144</hAcc><vAcc>1.811267</vAcc></extensions></trkpt>
      <trkpt lon="-77.018841" lat="38.905998"><ele>25.867016</ele><time>2026-04-04T15:55:57Z</time><extensions><speed>1.262337</speed><course>182.275915</course><hAcc>2.421777</hAcc><vAcc>1.819743</vAcc></extensions></trkpt>
      <trkpt lon="-77.018842" lat="38.905987"><ele>25.842437</ele><time>2026-04-04T15:55:58Z</time><extensions><speed>1.254350</speed><course>182.310286</course><hAcc>2.418166</hAcc><vAcc>1.827792</vAcc></extensions></trkpt>
      <trkpt lon="-77.018843" lat="38.905975"><ele>25.819184</ele><time>2026-04-04T15:55:59Z</time><extensions><speed>1.245826</speed><course>182.348627</course><hAcc>2.416197</hAcc><vAcc>1.835302</vAcc></extensions></trkpt>
      <trkpt lon="-77.018843" lat="38.905964"><ele>25.797572</ele><time>2026-04-04T15:56:00Z</time><extensions><speed>1.237922</speed><course>182.399291</course><hAcc>2.415036</hAcc><vAcc>1.842173</vAcc></extensions></trkpt>
      <trkpt lon="-77.018844" lat="38.905953"><ele>25.777807</ele><time>2026-04-04T15:56:01Z</time><extensions><speed>1.231805</speed><course>182.455160</course><hAcc>2.414218</hAcc><vAcc>1.848333</vAcc></extensions></trkpt>
      <trkpt lon="-77.018845" lat="38.905942"><ele>25.760014</ele><time>2026-04-04T15:56:02Z</time><extensions><speed>1.232834</speed><course>182.512162</course><hAcc>2.413489</hAcc><vAcc>1.853745</vAcc></extensions></trkpt>
      <trkpt lon="-77.018845" lat="38.905931"><ele>25.744004</ele><time>2026-04-04T15:56:03Z</time><extensions><speed>1.235504</speed><course>182.577899</course><hAcc>2.412759</hAcc><vAcc>1.858418</vAcc></extensions></trkpt>
      <trkpt lon="-77.018846" lat="38.905920"><ele>25.730119</ele><time>2026-04-04T15:56:04Z</time><extensions><speed>1.235513</speed><course>182.661119</course><hAcc>2.412045</hAcc><vAcc>1.862390</vAcc></extensions></trkpt>
      <trkpt lon="-77.018847" lat="38.905909"><ele>25.718311</ele><time>2026-04-04T15:56:05Z</time><extensions><speed>1.233038</speed><course>182.764546</course><hAcc>2.411425</hAcc><vAcc>1.865720</vAcc></extensions></trkpt>
      <trkpt lon="-77.018847" lat="38.905898"><ele>25.709010</ele><time>2026-04-04T15:56:06Z</time><extensions><speed>1.229683</speed><course>182.886091</course><hAcc>2.411037</hAcc><vAcc>1.868476</vAcc></extensions></trkpt>
      <trkpt lon="-77.018848" lat="38.905887"><ele>25.702110</ele><time>2026-04-04T15:56:07Z</time><extensions><speed>1.227730</speed><course>183.011057</course><hAcc>2.411037</hAcc><vAcc>1.870734</vAcc></extensions></trkpt>
      <trkpt lon="-77.018849" lat="38.905876"><ele>25.697814</ele><time>2026-04-04T15:56:08Z</time><extensions><speed>1.227748</speed><course>183.140258</course><hAcc>2.411412</hAcc><vAcc>1.872579</vAcc></extensions></trkpt>
      <trkpt lon="-77.018850" lat="38.905864"><ele>25.696100</ele><time>2026-04-04T15:56:09Z</time><extensions><speed>1.228397</speed><course>183.289350</course><hAcc>2.412001</hAcc><vAcc>1.874102</vAcc></extensions></trkpt>
      <trkpt lon="-77.018851" lat="38.905853"><ele>25.696953</ele><time>2026-04-04T15:56:10Z</time><extensions><speed>1.229167</speed><course>183.460571</course><hAcc>2.412674</hAcc><vAcc>1.875401</vAcc></extensions></trkpt>
      <trkpt lon="-77.018852" lat="38.905842"><ele>25.700981</ele><time>2026-04-04T15:56:11Z</time><extensions><speed>1.229195</speed><course>183.658188</course><hAcc>2.413367</hAcc><vAcc>1.876568</vAcc></extensions></trkpt>
      <trkpt lon="-77.018852" lat="38.905831"><ele>25.708008</ele><time>2026-04-04T15:56:12Z</time><extensions><speed>1.231213</speed><course>183.871361</course><hAcc>2.414027</hAcc><vAcc>1.877687</vAcc></extensions></trkpt>
      <trkpt lon="-77.018853" lat="38.905820"><ele>25.717566</ele><time>2026-04-04T15:56:13Z</time><extensions><speed>1.234797</speed><course>184.101670</course><hAcc>2.414634</hAcc><vAcc>1.878823</vAcc></extensions></trkpt>
      <trkpt lon="-77.018855" lat="38.905809"><ele>25.729467</ele><time>2026-04-04T15:56:14Z</time><extensions><speed>1.236279</speed><course>184.358271</course><hAcc>2.415164</hAcc><vAcc>1.880025</vAcc></extensions></trkpt>
      <trkpt lon="-77.018856" lat="38.905798"><ele>25.743639</ele><time>2026-04-04T15:56:15Z</time><extensions><speed>1.233130</speed><course>184.654140</course><hAcc>2.415585</hAcc><vAcc>1.881321</vAcc></extensions></trkpt>
      <trkpt lon="-77.018857" lat="38.905787"><ele>25.760172</ele><time>2026-04-04T15:56:16Z</time><extensions><speed>1.227381</speed><course>184.983342</course><hAcc>2.415844</hAcc><vAcc>1.882721</vAcc></extensions></trkpt>
      <trkpt lon="-77.018858" lat="38.905776"><ele>25.778715</ele><time>2026-04-04T15:56:17Z</time><extensions><speed>1.220848</speed><course>185.360056</course><hAcc>2.415849</hAcc><vAcc>1.884228</vAcc></extensions></trkpt>
      <trkpt lon="-77.018860" lat="38.905765"><ele>25.799294</ele><time>2026-04-04T15:56:18Z</time><extensions><speed>1.214747</speed><course>185.763856</course><hAcc>2.415661</hAcc><vAcc>1.885833</vAcc></extensions></trkpt>
      <trkpt lon="-77.018861" lat="38.905754"><ele>25.821336</ele><time>2026-04-04T15:56:19Z</time><extensions><speed>1.210523</speed><course>186.196767</course><hAcc>2.415345</hAcc><vAcc>1.887523</vAcc></extensions></trkpt>
      <trkpt lon="-77.018863" lat="38.905743"><ele>25.844628</ele><time>2026-04-04T15:56:20Z</time><extensions><speed>1.208809</speed><course>186.608803</course><hAcc>2.414969</hAcc><vAcc>1.889276</vAcc></extensions></trkpt>
      <trkpt lon="-77.018864" lat="38.905732"><ele>25.868799</ele><time>2026-04-04T15:56:21Z</time><extensions><speed>1.207515</speed><course>187.043540</course><hAcc>2.414365</hAcc><vAcc>1.891078</vAcc></extensions></trkpt>
      <trkpt lon="-77.018866" lat="38.905722"><ele>25.893519</ele><time>2026-04-04T15:56:22Z</time><extensions><speed>1.202197</speed><course>187.519094</course><hAcc>2.413434</hAcc><vAcc>1.892890</vAcc></extensions></trkpt>
      <trkpt lon="-77.018868" lat="38.905711"><ele>25.918709</ele><time>2026-04-04T15:56:23Z</time><extensions><speed>1.192217</speed><course>188.090410</course><hAcc>2.412002</hAcc><vAcc>1.894667</vAcc></extensions></trkpt>
      <trkpt lon="-77.018870" lat="38.905701"><ele>25.943909</ele><time>2026-04-04T15:56:24Z</time><extensions><speed>1.180259</speed><course>188.704648</course><hAcc>2.410156</hAcc><vAcc>1.896361</vAcc></extensions></trkpt>
      <trkpt lon="-77.018872" lat="38.905690"><ele>25.968872</ele><time>2026-04-04T15:56:25Z</time><extensions><speed>1.164477</speed><course>189.377615</course><hAcc>2.408185</hAcc><vAcc>1.897909</vAcc></extensions></trkpt>
      <trkpt lon="-77.018874" lat="38.905680"><ele>25.993753</ele><time>2026-04-04T15:56:26Z</time><extensions><speed>1.145431</speed><course>190.185571</course><hAcc>2.406483</hAcc><vAcc>1.899246</vAcc></extensions></trkpt>
      <trkpt lon="-77.018877" lat="38.905670"><ele>26.018153</ele><time>2026-04-04T15:56:27Z</time><extensions><speed>1.125007</speed><course>191.050704</course><hAcc>2.406036</hAcc><vAcc>1.900317</vAcc></extensions></trkpt>
      <trkpt lon="-77.018879" lat="38.905660"><ele>26.041675</ele><time>2026-04-04T15:56:28Z</time><extensions><speed>1.106445</speed><course>191.934346</course><hAcc>2.408180</hAcc><vAcc>1.901071</vAcc></extensions></trkpt>
      <trkpt lon="-77.018882" lat="38.905650"><ele>26.064580</ele><time>2026-04-04T15:56:29Z</time><extensions><speed>1.090259</speed><course>192.762276</course><hAcc>2.414620</hAcc><vAcc>1.901447</vAcc></extensions></trkpt>
      <trkpt lon="-77.018885" lat="38.905641"><ele>26.086359</ele><time>2026-04-04T15:56:30Z</time><extensions><speed>1.076473</speed><course>193.519459</course><hAcc>2.427196</hAcc><vAcc>1.901391</vAcc></extensions></trkpt>
      <trkpt lon="-77.018888" lat="38.905631"><ele>26.106851</ele><time>2026-04-04T15:56:31Z</time><extensions><speed>1.062918</speed><course>194.273751</course><hAcc>2.448056</hAcc><vAcc>1.900848</vAcc></extensions></trkpt>
      <trkpt lon="-77.018891" lat="38.905622"><ele>26.125588</ele><time>2026-04-04T15:56:32Z</time><extensions><speed>1.052456</speed><course>194.974782</course><hAcc>2.479960</hAcc><vAcc>1.899777</vAcc></extensions></trkpt>
      <trkpt lon="-77.018894" lat="38.905613"><ele>26.142680</ele><time>2026-04-04T15:56:33Z</time><extensions><speed>1.045349</speed><course>195.603139</course><hAcc>2.526416</hAcc><vAcc>1.898146</vAcc></extensions></trkpt>
      <trkpt lon="-77.018897" lat="38.905604"><ele>26.158414</ele><time>2026-04-04T15:56:34Z</time><extensions><speed>1.039962</speed><course>196.165063</course><hAcc>2.591734</hAcc><vAcc>1.895941</vAcc></extensions></trkpt>
      <trkpt lon="-77.018901" lat="38.905595"><ele>26.172445</ele><time>2026-04-04T15:56:35Z</time><extensions><speed>1.036520</speed><course>196.547277</course><hAcc>2.680697</hAcc><vAcc>1.893157</vAcc></extensions></trkpt>
      <trkpt lon="-77.018904" lat="38.905586"><ele>26.184783</ele><time>2026-04-04T15:56:36Z</time><extensions><speed>1.036107</speed><course>196.724847</course><hAcc>2.798019</hAcc><vAcc>1.889808</vAcc></extensions></trkpt>
      <trkpt lon="-77.018908" lat="38.905578"><ele>26.194622</ele><time>2026-04-04T15:56:37Z</time><extensions><speed>0.943895</speed><course>206.296050</course><hAcc>2.834805</hAcc><vAcc>1.885993</vAcc></extensions></trkpt>
      <trkpt lon="-77.018914" lat="38.905571"><ele>26.202467</ele><time>2026-04-04T15:56:38Z</time><extensions><speed>0.916265</speed><course>212.046710</course><hAcc>2.825837</hAcc><vAcc>1.881655</vAcc></extensions></trkpt>
      <trkpt lon="-77.018919" lat="38.905563"><ele>26.208184</ele><time>2026-04-04T15:56:39Z</time><extensions><speed>0.953397</speed><course>203.620526</course><hAcc>2.842094</hAcc><vAcc>1.876827</vAcc></extensions></trkpt>
      <trkpt lon="-77.018923" lat="38.905555"><ele>26.211629</ele><time>2026-04-04T15:56:40Z</time><extensions><speed>0.943627</speed><course>205.616997</course><hAcc>2.836648</hAcc><vAcc>1.871561</vAcc></extensions></trkpt>
      <trkpt lon="-77.018928" lat="38.905548"><ele>26.212666</ele><time>2026-04-04T15:56:41Z</time><extensions><speed>0.891144</speed><course>206.941173</course><hAcc>2.832946</hAcc><vAcc>1.865934</vAcc></extensions></trkpt>
      <trkpt lon="-77.018932" lat="38.905541"><ele>26.211174</ele><time>2026-04-04T15:56:42Z</time><extensions><speed>0.785211</speed><course>207.467032</course><hAcc>2.838582</hAcc><vAcc>1.860039</vAcc></extensions></trkpt>
      <trkpt lon="-77.018936" lat="38.905533"><ele>26.207040</ele><time>2026-04-04T15:56:43Z</time><extensions><speed>1.143446</speed><course>193.479878</course><hAcc>2.798931</hAcc><vAcc>1.853980</vAcc></extensions></trkpt>
      <trkpt lon="-77.018939" lat="38.905523"><ele>26.197823</ele><time>2026-04-04T15:56:44Z</time><extensions><speed>1.154520</speed><course>193.195972</course><hAcc>2.682499</hAcc><vAcc>1.846660</vAcc></extensions></trkpt>
      <trkpt lon="-77.018942" lat="38.905513"><ele>26.186904</ele><time>2026-04-04T15:56:45Z</time><extensions><speed>1.165731</speed><course>192.804709</course><hAcc>2.594758</hAcc><vAcc>1.840307</vAcc></extensions></trkpt>
      <trkpt lon="-77.018945" lat="38.905502"><ele>26.173141</ele><time>2026-04-04T15:56:46Z</time><extensions><speed>1.175649</speed><course>192.388605</course><hAcc>2.530162</hAcc><vAcc>1.834040</vAcc></extensions></trkpt>
      <trkpt lon="-77.018948" lat="38.905492"><ele>26.156657</ele><time>2026-04-04T15:56:47Z</time><extensions><speed>1.184567</speed><course>191.946913</course><hAcc>2.483852</hAcc><vAcc>1.827934</vAcc></extensions></trkpt>
      <trkpt lon="-77.018951" lat="38.905482"><ele>26.137224</ele><time>2026-04-04T15:56:48Z</time><extensions><speed>1.193555</speed><course>191.481877</course><hAcc>2.451637</hAcc><vAcc>1.822070</vAcc></extensions></trkpt>
      <trkpt lon="-77.018953" lat="38.905471"><ele>26.115495</ele><time>2026-04-04T15:56:49Z</time><extensions><speed>1.205254</speed><course>190.966079</course><hAcc>2.430038</hAcc><vAcc>1.816520</vAcc></extensions></trkpt>
      <trkpt lon="-77.018956" lat="38.905460"><ele>26.090786</ele><time>2026-04-04T15:56:50Z</time><extensions><speed>1.216512</speed><course>190.435120</course><hAcc>2.416243</hAcc><vAcc>1.811352</vAcc></extensions></trkpt>
      <trkpt lon="-77.018958" lat="38.905449"><ele>26.064085</ele><time>2026-04-04T15:56:51Z</time><extensions><speed>1.228694</speed><course>189.885258</course><hAcc>2.408007</hAcc><vAcc>1.806619</vAcc></extensions></trkpt>
      <trkpt lon="-77.018961" lat="38.905438"><ele>26.035228</ele><time>2026-04-04T15:56:52Z</time><extensions><speed>1.240002</speed><course>189.338234</course><hAcc>2.403591</hAcc><vAcc>1.802372</vAcc></extensions></trkpt>
      <trkpt lon="-77.018963" lat="38.905427"><ele>26.004766</ele><time>2026-04-04T15:56:53Z</time><extensions><speed>1.250788</speed><course>188.796035</course><hAcc>2.401695</hAcc><vAcc>1.798644</vAcc></extensions></trkpt>
      <trkpt lon="-77.018965" lat="38.905416"><ele>25.972969</ele><time>2026-04-04T15:56:54Z</time><extensions><speed>1.259749</speed><course>188.267736</course><hAcc>2.401384</hAcc><vAcc>1.795451</vAcc></extensions></trkpt>
      <trkpt lon="-77.018967" lat="38.905405"><ele>25.940021</ele><time>2026-04-04T15:56:55Z</time><extensions><speed>1.267453</speed><course>187.747958</course><hAcc>2.401987</hAcc><vAcc>1.792778</vAcc></extensions></trkpt>
      <trkpt lon="-77.018969" lat="38.905393"><ele>25.905630</ele><time>2026-04-04T15:56:56Z</time><extensions><speed>1.273898</speed><course>187.236665</course><hAcc>2.403024</hAcc><vAcc>1.790585</vAcc></extensions></trkpt>
      <trkpt lon="-77.018971" lat="38.905382"><ele>25.869684</ele><time>2026-04-04T15:56:57Z</time><extensions><speed>1.279848</speed><course>186.730870</course><hAcc>2.404158</hAcc><vAcc>1.788802</vAcc></extensions></trkpt>
      <trkpt lon="-77.018972" lat="38.905371"><ele>25.831878</ele><time>2026-04-04T15:56:58Z</time><extensions><speed>1.286807</speed><course>186.225322</course><hAcc>2.405152</hAcc><vAcc>1.787343</vAcc></extensions></trkpt>
      <trkpt lon="-77.018974" lat="38.905359"><ele>25.792700</ele><time>2026-04-04T15:56:59Z</time><extensions><speed>1.293695</speed><course>185.729968</course><hAcc>2.405840</hAcc><vAcc>1.786111</vAcc></extensions></trkpt>
      <trkpt lon="-77.018975" lat="38.905347"><ele>25.752407</ele><time>2026-04-04T15:57:00Z</time><extensions><speed>1.300154</speed><course>185.252213</course><hAcc>2.406115</hAcc><vAcc>1.785004</vAcc></extensions></trkpt>
      <trkpt lon="-77.018977" lat="38.905336"><ele>25.710675</ele><time>2026-04-04T15:57:01Z</time><extensions><speed>1.306021</speed><course>184.801915</course><hAcc>2.405950</hAcc><vAcc>1.783930</vAcc></extensions></trkpt>
      <trkpt lon="-77.018978" lat="38.905324"><ele>25.667967</ele><time>2026-04-04T15:57:02Z</time><extensions><speed>1.313113</speed><course>184.399915</course><hAcc>2.405448</hAcc><vAcc>1.782816</vAcc></extensions></trkpt>
      <trkpt lon="-77.018979" lat="38.905312"><ele>25.623874</ele><time>2026-04-04T15:57:03Z</time><extensions><speed>1.321103</speed><course>184.022362</course><hAcc>2.404760</hAcc><vAcc>1.781620</vAcc></extensions></trkpt>
      <trkpt lon="-77.018980" lat="38.905300"><ele>25.579029</ele><time>2026-04-04T15:57:04Z</time><extensions><speed>1.327212</speed><course>183.669647</course><hAcc>2.404066</hAcc><vAcc>1.780322</vAcc></extensions></trkpt>
      <trkpt lon="-77.018981" lat="38.905288"><ele>25.533061</ele><time>2026-04-04T15:57:05Z</time><extensions><speed>1.332472</speed><course>183.309672</course><hAcc>2.403553</hAcc><vAcc>1.778936</vAcc></extensions></trkpt>
      <trkpt lon="-77.018982" lat="38.905276"><ele>25.486050</ele><time>2026-04-04T15:57:06Z</time><extensions><speed>1.339640</speed><course>182.946654</course><hAcc>2.403428</hAcc><vAcc>1.777497</vAcc></extensions></trkpt>
      <trkpt lon="-77.018983" lat="38.905264"><ele>25.438019</ele><time>2026-04-04T15:57:07Z</time><extensions><speed>1.347873</speed><course>182.574768</course><hAcc>2.403859</hAcc><vAcc>1.776056</vAcc></extensions></trkpt>
      <trkpt lon="-77.018983" lat="38.905252"><ele>25.388893</ele><time>2026-04-04T15:57:08Z</time><extensions><speed>1.358339</speed><course>182.214606</course><hAcc>2.404800</hAcc><vAcc>1.774671</vAcc></extensions></trkpt>
      <trkpt lon="-77.018984" lat="38.905239"><ele>25.339083</ele><time>2026-04-04T15:57:09Z</time><extensions><speed>1.368740</speed><course>181.900737</course><hAcc>2.406116</hAcc><vAcc>1.773390</vAcc></extensions></trkpt>
      <trkpt lon="-77.018984" lat="38.905227"><ele>25.288642</ele><time>2026-04-04T15:57:10Z</time><extensions><speed>1.378316</speed><course>181.664183</course><hAcc>2.407603</hAcc><vAcc>1.772231</vAcc></extensions></trkpt>
      <trkpt lon="-77.018985" lat="38.905215"><ele>25.237723</ele><time>2026-04-04T15:57:11Z</time><extensions><speed>1.388449</speed><course>181.448199</course><hAcc>2.408953</hAcc><vAcc>1.771179</vAcc></extensions></trkpt>
      <trkpt lon="-77.018985" lat="38.905202"><ele>25.186156</ele><time>2026-04-04T15:57:12Z</time><extensions><speed>1.397033</speed><course>181.272759</course><hAcc>2.409837</hAcc><vAcc>1.770183</vAcc></extensions></trkpt>
      <trkpt lon="-77.018986" lat="38.905189"><ele>25.133736</ele><time>2026-04-04T15:57:13Z</time><extensions><speed>1.403292</speed><course>181.120205</course><hAcc>2.410190</hAcc><vAcc>1.769173</vAcc></extensions></trkpt>
      <trkpt lon="-77.018986" lat="38.905177"><ele>25.080732</ele><time>2026-04-04T15:57:14Z</time><extensions><speed>1.405418</speed><course>180.987696</course><hAcc>2.409961</hAcc><vAcc>1.768090</vAcc></extensions></trkpt>
      <trkpt lon="-77.018986" lat="38.905164"><ele>25.027499</ele><time>2026-04-04T15:57:15Z</time><extensions><speed>1.406478</speed><course>180.883453</course><hAcc>2.409090</hAcc><vAcc>1.766887</vAcc></extensions></trkpt>
      <trkpt lon="-77.018986" lat="38.905151"><ele>24.974394</ele><time>2026-04-04T15:57:16Z</time><extensions><speed>1.408345</speed><course>180.799413</course><hAcc>2.407823</hAcc><vAcc>1.765552</vAcc></extensions></trkpt>
      <trkpt lon="-77.018987" lat="38.905139"><ele>24.921393</ele><time>2026-04-04T15:57:17Z</time><extensions><speed>1.414728</speed><course>180.731804</course><hAcc>2.406673</hAcc><vAcc>1.764100</vAcc></extensions></trkpt>
      <trkpt lon="-77.018987" lat="38.905126"><ele>24.867574</ele><time>2026-04-04T15:57:18Z</time><extensions><speed>1.421813</speed><course>180.677381</course><hAcc>2.406413</hAcc><vAcc>1.762574</vAcc></extensions></trkpt>
      <trkpt lon="-77.018987" lat="38.905113"><ele>24.813233</ele><time>2026-04-04T15:57:19Z</time><extensions><speed>1.428479</speed><course>180.638453</course><hAcc>2.407957</hAcc><vAcc>1.761038</vAcc></extensions></trkpt>
      <trkpt lon="-77.018987" lat="38.905100"><ele>24.759228</ele><time>2026-04-04T15:57:20Z</time><extensions><speed>1.436086</speed><course>180.611506</course><hAcc>2.412460</hAcc><vAcc>1.759569</vAcc></extensions></trkpt>
      <trkpt lon="-77.018987" lat="38.905087"><ele>24.705679</ele><time>2026-04-04T15:57:21Z</time><extensions><speed>1.444394</speed><course>180.594116</course><hAcc>2.421317</hAcc><vAcc>1.758237</vAcc></extensions></trkpt>
      <trkpt lon="-77.018988" lat="38.905074"><ele>24.652680</ele><time>2026-04-04T15:57:22Z</time><extensions><speed>1.449775</speed><course>180.585111</course><hAcc>2.436242</hAcc><vAcc>1.757105</vAcc></extensions></trkpt>
      <trkpt lon="-77.018988" lat="38.905061"><ele>24.600820</ele><time>2026-04-04T15:57:23Z</time><extensions><speed>1.452597</speed><course>180.580914</course><hAcc>2.459320</hAcc><vAcc>1.756205</vAcc></extensions></trkpt>
      <trkpt lon="-77.018988" lat="38.905048"><ele>24.549968</ele><time>2026-04-04T15:57:24Z</time><extensions><speed>1.457172</speed><course>180.576854</course><hAcc>2.493075</hAcc><vAcc>1.755555</vAcc></extensions></trkpt>
      <trkpt lon="-77.018988" lat="38.905035"><ele>24.500365</ele><time>2026-04-04T15:57:25Z</time><extensions><speed>1.459585</speed><course>180.575008</course><hAcc>2.540521</hAcc><vAcc>1.755131</vAcc></extensions></trkpt>
      <trkpt lon="-77.018988" lat="38.905021"><ele>24.451903</ele><time>2026-04-04T15:57:26Z</time><extensions><speed>1.458378</speed><course>180.576247</course><hAcc>2.605126</hAcc><vAcc>1.754881</vAcc></extensions></trkpt>
      <trkpt lon="-77.018988" lat="38.905008"><ele>24.404318</ele><time>2026-04-04T15:57:27Z</time><extensions><speed>1.457142</speed><course>180.587178</course><hAcc>2.691363</hAcc><vAcc>1.754726</vAcc></extensions></trkpt>
      <trkpt lon="-77.018989" lat="38.904995"><ele>24.357242</ele><time>2026-04-04T15:57:28Z</time><extensions><speed>1.455503</speed><course>180.596326</course><hAcc>2.804566</hAcc><vAcc>1.754570</vAcc></extensions></trkpt>
      <trkpt lon="-77.018989" lat="38.904983"><ele>24.311751</ele><time>2026-04-04T15:57:29Z</time><extensions><speed>1.333517</speed><course>181.106782</course><hAcc>2.846758</hAcc><vAcc>1.754389</vAcc></extensions></trkpt>
      <trkpt lon="-77.018989" lat="38.904971"><ele>24.267033</ele><time>2026-04-04T15:57:30Z</time><extensions><speed>1.261159</speed><course>181.991559</course><hAcc>2.843962</hAcc><vAcc>1.754008</vAcc></extensions></trkpt>
      <trkpt lon="-77.018990" lat="38.904960"><ele>24.222945</ele><time>2026-04-04T15:57:31Z</time><extensions><speed>1.259199</speed><course>183.365557</course><hAcc>2.850033</hAcc><vAcc>1.753325</vAcc></extensions></trkpt>
      <trkpt lon="-77.018991" lat="38.904949"><ele>24.179331</ele><time>2026-04-04T15:57:32Z</time><extensions><speed>1.170931</speed><course>184.383601</course><hAcc>2.862082</hAcc><vAcc>1.752253</vAcc></extensions></trkpt>
      <trkpt lon="-77.018992" lat="38.904939"><ele>24.136002</ele><time>2026-04-04T15:57:33Z</time><extensions><speed>1.010172</speed><course>184.352345</course><hAcc>2.874626</hAcc><vAcc>1.750711</vAcc></extensions></trkpt>
      <trkpt lon="-77.018993" lat="38.904929"><ele>24.092747</ele><time>2026-04-04T15:57:34Z</time><extensions><speed>1.107548</speed><course>184.942616</course><hAcc>2.884091</hAcc><vAcc>1.748639</vAcc></extensions></trkpt>
      <trkpt lon="-77.018994" lat="38.904919"><ele>24.049341</ele><time>2026-04-04T15:57:35Z</time><extensions><speed>1.154707</speed><course>183.465367</course><hAcc>2.891419</hAcc><vAcc>1.745997</vAcc></extensions></trkpt>
      <trkpt lon="-77.018994" lat="38.904909"><ele>24.005566</ele><time>2026-04-04T15:57:36Z</time><extensions><speed>1.216351</speed><course>181.748275</course><hAcc>2.899334</hAcc><vAcc>1.742780</vAcc></extensions></trkpt>
      <trkpt lon="-77.018995" lat="38.904897"><ele>23.961218</ele><time>2026-04-04T15:57:37Z</time><extensions><speed>1.292480</speed><course>180.475911</course><hAcc>2.907190</hAcc><vAcc>1.739006</vAcc></extensions></trkpt>
      <trkpt lon="-77.018994" lat="38.904885"><ele>23.916113</ele><time>2026-04-04T15:57:38Z</time><extensions><speed>1.328993</speed><course>178.401125</course><hAcc>2.917700</hAcc><vAcc>1.734717</vAcc></extensions></trkpt>
      <trkpt lon="-77.018994" lat="38.904873"><ele>23.870080</ele><time>2026-04-04T15:57:39Z</time><extensions><speed>1.372656</speed><course>175.956626</course><hAcc>2.924098</hAcc><vAcc>1.729976</vAcc></extensions></trkpt>
      <trkpt lon="-77.018992" lat="38.904861"><ele>23.822964</ele><time>2026-04-04T15:57:40Z</time><extensions><speed>1.370294</speed><course>175.421234</course><hAcc>2.930529</hAcc><vAcc>1.724858</vAcc></extensions></trkpt>
      <trkpt lon="-77.018991" lat="38.904848"><ele>23.774635</ele><time>2026-04-04T15:57:41Z</time><extensions><speed>1.490050</speed><course>176.111881</course><hAcc>2.927723</hAcc><vAcc>1.719452</vAcc></extensions></trkpt>
      <trkpt lon="-77.018991" lat="38.904835"><ele>23.725005</ele><time>2026-04-04T15:57:42Z</time><extensions><speed>1.488952</speed><course>179.416646</course><hAcc>2.928262</hAcc><vAcc>1.713861</vAcc></extensions></trkpt>
      <trkpt lon="-77.018991" lat="38.904822"><ele>23.674048</ele><time>2026-04-04T15:57:43Z</time><extensions><speed>1.414392</speed><course>180.754793</course><hAcc>2.932493</hAcc><vAcc>1.708187</vAcc></extensions></trkpt>
      <trkpt lon="-77.018991" lat="38.904808"><ele>23.621801</ele><time>2026-04-04T15:57:44Z</time><extensions><speed>1.507728</speed><course>181.249725</course><hAcc>2.941472</hAcc><vAcc>1.702526</vAcc></extensions></trkpt>
      <trkpt lon="-77.018991" lat="38.904795"><ele>23.568364</ele><time>2026-04-04T15:57:45Z</time><extensions><speed>1.524323</speed><course>181.351085</course><hAcc>2.958913</hAcc><vAcc>1.696966</vAcc></extensions></trkpt>
      <trkpt lon="-77.018992" lat="38.904782"><ele>23.513866</ele><time>2026-04-04T15:57:46Z</time><extensions><speed>1.377294</speed><course>181.290293</course><hAcc>2.978873</hAcc><vAcc>1.691581</vAcc></extensions></trkpt>
      <trkpt lon="-77.018992" lat="38.904770"><ele>23.458440</ele><time>2026-04-04T15:57:47Z</time><extensions><speed>1.211538</speed><course>181.540110</course><hAcc>2.963461</hAcc><vAcc>1.686442</vAcc></extensions></trkpt>
      <trkpt lon="-77.018992" lat="38.904759"><ele>23.402196</ele><time>2026-04-04T15:57:48Z</time><extensions><speed>1.167283</speed><course>181.507501</course><hAcc>2.945214</hAcc><vAcc>1.681622</vAcc></extensions></trkpt>
      <trkpt lon="-77.018993" lat="38.904749"><ele>23.345238</ele><time>2026-04-04T15:57:49Z</time><extensions><speed>1.180883</speed><course>180.532745</course><hAcc>2.957400</hAcc><vAcc>1.677204</vAcc></extensions></trkpt>
      <trkpt lon="-77.018992" lat="38.904738"><ele>23.287683</ele><time>2026-04-04T15:57:50Z</time><extensions><speed>1.200406</speed><course>177.873656</course><hAcc>2.969746</hAcc><vAcc>1.673271</vAcc></extensions></trkpt>
      <trkpt lon="-77.018992" lat="38.904727"><ele>23.229673</ele><time>2026-04-04T15:57:51Z</time><extensions><speed>1.321286</speed><course>178.217554</course><hAcc>2.976319</hAcc><vAcc>1.669907</vAcc></extensions></trkpt>
      <trkpt lon="-77.018992" lat="38.904715"><ele>23.171370</ele><time>2026-04-04T15:57:52Z</time><extensions><speed>1.352839</speed><course>179.615181</course><hAcc>2.980380</hAcc><vAcc>1.667201</vAcc></extensions></trkpt>
      <trkpt lon="-77.018992" lat="38.904703"><ele>23.112958</ele><time>2026-04-04T15:57:53Z</time><extensions><speed>1.358437</speed><course>181.719744</course><hAcc>2.984008</hAcc><vAcc>1.665241</vAcc></extensions></trkpt>
      <trkpt lon="-77.018993" lat="38.904690"><ele>23.054646</ele><time>2026-04-04T15:57:54Z</time><extensions><speed>1.373594</speed><course>183.203150</course><hAcc>2.987847</hAcc><vAcc>1.664111</vAcc></extensions></trkpt>
      <trkpt lon="-77.018993" lat="38.904677"><ele>22.996673</ele><time>2026-04-04T15:57:55Z</time><extensions><speed>1.479694</speed><course>182.811438</course><hAcc>2.991455</hAcc><vAcc>1.663897</vAcc></extensions></trkpt>
      <trkpt lon="-77.018994" lat="38.904664"><ele>22.939292</ele><time>2026-04-04T15:57:56Z</time><extensions><speed>1.584721</speed><course>181.746194</course><hAcc>2.995941</hAcc><vAcc>1.664695</vAcc></extensions></trkpt>
      <trkpt lon="-77.018995" lat="38.904649"><ele>22.882763</ele><time>2026-04-04T15:57:57Z</time><extensions><speed>1.620103</speed><course>181.949850</course><hAcc>3.001802</hAcc><vAcc>1.666632</vAcc></extensions></trkpt>
      <trkpt lon="-77.018995" lat="38.904635"><ele>22.827351</ele><time>2026-04-04T15:57:58Z</time><extensions><speed>1.636602</speed><course>181.246569</course><hAcc>3.004018</hAcc><vAcc>1.669895</vAcc></extensions></trkpt>
      <trkpt lon="-77.018996" lat="38.904620"><ele>22.773323</ele><time>2026-04-04T15:57:59Z</time><extensions><speed>1.622133</speed><course>181.529876</course><hAcc>3.007695</hAcc><vAcc>1.674740</vAcc></extensions></trkpt>
      <trkpt lon="-77.018996" lat="38.904606"><ele>22.720960</ele><time>2026-04-04T15:58:00Z</time><extensions><speed>1.506849</speed><course>182.660738</course><hAcc>3.014060</hAcc><vAcc>1.681496</vAcc></extensions></trkpt>
      <trkpt lon="-77.018997" lat="38.904593"><ele>22.670540</ele><time>2026-04-04T15:58:01Z</time><extensions><speed>1.397582</speed><course>184.972986</course><hAcc>3.023690</hAcc><vAcc>1.690558</vAcc></extensions></trkpt>
      <trkpt lon="-77.018999" lat="38.904581"><ele>22.622324</ele><time>2026-04-04T15:58:02Z</time><extensions><speed>1.281167</speed><course>187.540655</course><hAcc>3.035414</hAcc><vAcc>1.702386</vAcc></extensions></trkpt>
      <trkpt lon="-77.019001" lat="38.904570"><ele>22.576528</ele><time>2026-04-04T15:58:03Z</time><extensions><speed>1.201809</speed><course>188.126266</course><hAcc>3.048433</hAcc><vAcc>1.717507</vAcc></extensions></trkpt>
      <trkpt lon="-77.019003" lat="38.904559"><ele>22.533314</ele><time>2026-04-04T15:58:04Z</time><extensions><speed>1.147715</speed><course>185.312371</course><hAcc>3.063452</hAcc><vAcc>1.736523</vAcc></extensions></trkpt>
      <trkpt lon="-77.019004" lat="38.904549"><ele>22.492797</ele><time>2026-04-04T15:58:05Z</time><extensions><speed>1.203894</speed><course>182.652053</course><hAcc>3.081921</hAcc><vAcc>1.760105</vAcc></extensions></trkpt>
      <trkpt lon="-77.019004" lat="38.904537"><ele>22.455042</ele><time>2026-04-04T15:58:06Z</time><extensions><speed>1.270445</speed><course>181.036950</course><hAcc>3.107146</hAcc><vAcc>1.788988</vAcc></extensions></trkpt>
      <trkpt lon="-77.019004" lat="38.904526"><ele>22.420048</ele><time>2026-04-04T15:58:07Z</time><extensions><speed>1.222753</speed><course>179.537734</course><hAcc>3.135728</hAcc><vAcc>1.823966</vAcc></extensions></trkpt>
      <trkpt lon="-77.019004" lat="38.904515"><ele>22.387706</ele><time>2026-04-04T15:58:08Z</time><extensions><speed>1.285633</speed><course>177.886945</course><hAcc>3.166515</hAcc><vAcc>1.865880</vAcc></extensions></trkpt>
      <trkpt lon="-77.019004" lat="38.904501"><ele>22.346282</ele><time>2026-04-04T15:58:09Z</time><extensions><speed>1.488586</speed><course>177.915107</course><hAcc>3.163069</hAcc><vAcc>1.874418</vAcc></extensions></trkpt>
      <trkpt lon="-77.019004" lat="38.904487"><ele>22.304764</ele><time>2026-04-04T15:58:10Z</time><extensions><speed>1.559143</speed><course>179.020212</course><hAcc>3.163409</hAcc><vAcc>1.881125</vAcc></extensions></trkpt>
      <trkpt lon="-77.019004" lat="38.904471"><ele>22.263928</ele><time>2026-04-04T15:58:11Z</time><extensions><speed>1.591740</speed><course>178.884911</course><hAcc>3.168500</hAcc><vAcc>1.896291</vAcc></extensions></trkpt>
      <trkpt lon="-77.019004" lat="38.904456"><ele>22.229497</ele><time>2026-04-04T15:58:12Z</time><extensions><speed>1.492919</speed><course>177.033513</course><hAcc>3.173332</hAcc><vAcc>1.909173</vAcc></extensions></trkpt>
      <trkpt lon="-77.019003" lat="38.904443"><ele>22.182045</ele><time>2026-04-04T15:58:13Z</time><extensions><speed>1.380550</speed><course>175.479226</course><hAcc>3.154334</hAcc><vAcc>1.917774</vAcc></extensions></trkpt>
      <trkpt lon="-77.019002" lat="38.904430"><ele>22.135981</ele><time>2026-04-04T15:58:14Z</time><extensions><speed>1.240532</speed><course>175.427347</course><hAcc>3.144913</hAcc><vAcc>1.926537</vAcc></extensions></trkpt>
      <trkpt lon="-77.019001" lat="38.904418"><ele>22.089760</ele><time>2026-04-04T15:58:15Z</time><extensions><speed>1.296701</speed><course>175.687302</course><hAcc>3.138204</hAcc><vAcc>1.941414</vAcc></extensions></trkpt>
      <trkpt lon="-77.019000" lat="38.904405"><ele>22.029345</ele><time>2026-04-04T15:58:16Z</time><extensions><speed>1.314445</speed><course>177.446396</course><hAcc>3.134259</hAcc><vAcc>1.954806</vAcc></extensions></trkpt>
      <trkpt lon="-77.019000" lat="38.904393"><ele>21.950763</ele><time>2026-04-04T15:58:17Z</time><extensions><speed>1.334231</speed><course>180.256144</course><hAcc>3.133770</hAcc><vAcc>1.967470</vAcc></extensions></trkpt>
      <trkpt lon="-77.019001" lat="38.904380"><ele>21.876082</ele><time>2026-04-04T15:58:18Z</time><extensions><speed>1.281252</speed><course>183.467047</course><hAcc>3.135846</hAcc><vAcc>1.981171</vAcc></extensions></trkpt>
      <trkpt lon="-77.019003" lat="38.904368"><ele>21.809318</ele><time>2026-04-04T15:58:19Z</time><extensions><speed>1.388088</speed><course>189.066928</course><hAcc>3.139413</hAcc><vAcc>1.994957</vAcc></extensions></trkpt>
      <trkpt lon="-77.019006" lat="38.904354"><ele>21.746857</ele><time>2026-04-04T15:58:20Z</time><extensions><speed>1.585278</speed><course>190.842469</course><hAcc>3.142867</hAcc><vAcc>2.008956</vAcc></extensions></trkpt>
      <trkpt lon="-77.019007" lat="38.904338"><ele>21.685176</ele><time>2026-04-04T15:58:21Z</time><extensions><speed>1.525728</speed><course>191.255714</course><hAcc>3.129137</hAcc><vAcc>2.022520</vAcc></extensions></trkpt>
      <trkpt lon="-77.019011" lat="38.904324"><ele>21.627703</ele><time>2026-04-04T15:58:22Z</time><extensions><speed>1.535427</speed><course>190.360157</course><hAcc>3.113599</hAcc><vAcc>2.043590</vAcc></extensions></trkpt>
      <trkpt lon="-77.019014" lat="38.904310"><ele>21.572005</ele><time>2026-04-04T15:58:23Z</time><extensions><speed>1.566172</speed><course>188.375247</course><hAcc>3.099163</hAcc><vAcc>2.061141</vAcc></extensions></trkpt>
      <trkpt lon="-77.019017" lat="38.904296"><ele>21.515398</ele><time>2026-04-04T15:58:24Z</time><extensions><speed>1.534228</speed><course>186.296483</course><hAcc>3.094080</hAcc><vAcc>2.076346</vAcc></extensions></trkpt>
      <trkpt lon="-77.019019" lat="38.904282"><ele>21.462772</ele><time>2026-04-04T15:58:25Z</time><extensions><speed>1.427657</speed><course>187.502797</course><hAcc>3.093369</hAcc><vAcc>2.092777</vAcc></extensions></trkpt>
      <trkpt lon="-77.019022" lat="38.904269"><ele>21.412260</ele><time>2026-04-04T15:58:26Z</time><extensions><speed>1.384171</speed><course>192.489799</course><hAcc>3.089058</hAcc><vAcc>2.117734</vAcc></extensions></trkpt>
      <trkpt lon="-77.019026" lat="38.904257"><ele>21.376390</ele><time>2026-04-04T15:58:27Z</time><extensions><speed>1.198986</speed><course>193.318728</course><hAcc>3.077963</hAcc><vAcc>2.143146</vAcc></extensions></trkpt>
      <trkpt lon="-77.019029" lat="38.904246"><ele>21.334393</ele><time>2026-04-04T15:58:28Z</time><extensions><speed>1.160589</speed><course>188.499767</course><hAcc>3.062389</hAcc><vAcc>2.161736</vAcc></extensions></trkpt>
      <trkpt lon="-77.019031" lat="38.904235"><ele>21.282794</ele><time>2026-04-04T15:58:29Z</time><extensions><speed>1.357400</speed><course>185.365178</course><hAcc>3.065398</hAcc><vAcc>2.181112</vAcc></extensions></trkpt>
      <trkpt lon="-77.019033" lat="38.904221"><ele>21.228503</ele><time>2026-04-04T15:58:30Z</time><extensions><speed>1.582584</speed><course>185.131453</course><hAcc>3.070331</hAcc><vAcc>2.194151</vAcc></extensions></trkpt>
      <trkpt lon="-77.019035" lat="38.904209"><ele>21.193881</ele><time>2026-04-04T15:58:30Z</time><extensions><speed>1.551109</speed><course>185.941692</course><hAcc>3.060451</hAcc><vAcc>2.203359</vAcc></extensions></trkpt>
      <trkpt lon="-77.019037" lat="38.904207"><ele>21.175789</ele><time>2026-04-04T15:58:31Z</time><extensions><speed>1.544324</speed><course>186.366904</course><hAcc>3.024397</hAcc><vAcc>2.169577</vAcc></extensions></trkpt>
      <trkpt lon="-77.019041" lat="38.904194"><ele>21.140939</ele><time>2026-04-04T15:58:32Z</time><extensions><speed>1.396719</speed><course>189.035682</course><hAcc>3.011042</hAcc><vAcc>2.194218</vAcc></extensions></trkpt>
      <trkpt lon="-77.019045" lat="38.904182"><ele>21.107220</ele><time>2026-04-04T15:58:33Z</time><extensions><speed>1.385757</speed><course>190.773291</course><hAcc>3.010379</hAcc><vAcc>2.216099</vAcc></extensions></trkpt>
      <trkpt lon="-77.019049" lat="38.904169"><ele>21.072900</ele><time>2026-04-04T15:58:34Z</time><extensions><speed>1.486786</speed><course>190.584841</course><hAcc>3.025907</hAcc><vAcc>2.237295</vAcc></extensions></trkpt>
      <trkpt lon="-77.019053" lat="38.904156"><ele>21.047832</ele><time>2026-04-04T15:58:35Z</time><extensions><speed>1.443459</speed><course>188.011110</course><hAcc>3.046058</hAcc><vAcc>2.260034</vAcc></extensions></trkpt>
      <trkpt lon="-77.019056" lat="38.904144"><ele>21.027939</ele><time>2026-04-04T15:58:36Z</time><extensions><speed>1.383531</speed><course>184.355926</course><hAcc>3.043664</hAcc><vAcc>2.279939</vAcc></extensions></trkpt>
      <trkpt lon="-77.019059" lat="38.904132"><ele>21.010292</ele><time>2026-04-04T15:58:37Z</time><extensions><speed>1.344121</speed><course>185.650355</course><hAcc>3.028636</hAcc><vAcc>2.299280</vAcc></extensions></trkpt>
      <trkpt lon="-77.019062" lat="38.904121"><ele>21.003100</ele><time>2026-04-04T15:58:38Z</time><extensions><speed>1.209748</speed><course>191.571431</course><hAcc>3.029423</hAcc><vAcc>2.316034</vAcc></extensions></trkpt>
      <trkpt lon="-77.019067" lat="38.904112"><ele>20.996360</ele><time>2026-04-04T15:58:39Z</time><extensions><speed>1.003238</speed><course>207.670008</course><hAcc>3.039102</hAcc><vAcc>2.333853</vAcc></extensions></trkpt>
      <trkpt lon="-77.019075" lat="38.904105"><ele>20.985514</ele><time>2026-04-04T15:58:40Z</time><extensions><speed>1.055984</speed><course>227.600851</course><hAcc>3.051235</hAcc><vAcc>2.349799</vAcc></extensions></trkpt>
      <trkpt lon="-77.019088" lat="38.904099"><ele>20.969562</ele><time>2026-04-04T15:58:41Z</time><extensions><speed>1.395785</speed><course>245.153311</course><hAcc>3.043472</hAcc><vAcc>2.365578</vAcc></extensions></trkpt>
      <trkpt lon="-77.019104" lat="38.904095"><ele>20.948022</ele><time>2026-04-04T15:58:42Z</time><extensions><speed>1.480821</speed><course>256.455830</course><hAcc>3.042682</hAcc><vAcc>2.376147</vAcc></extensions></trkpt>
      <trkpt lon="-77.019122" lat="38.904093"><ele>20.931245</ele><time>2026-04-04T15:58:43Z</time><extensions><speed>1.506259</speed><course>263.537530</course><hAcc>3.043340</hAcc><vAcc>2.373904</vAcc></extensions></trkpt>
      <trkpt lon="-77.019140" lat="38.904092"><ele>20.917970</ele><time>2026-04-04T15:58:44Z</time><extensions><speed>1.544958</speed><course>266.351581</course><hAcc>3.046010</hAcc><vAcc>2.377525</vAcc></extensions></trkpt>
      <trkpt lon="-77.019159" lat="38.904091"><ele>20.905913</ele><time>2026-04-04T15:58:45Z</time><extensions><speed>1.526281</speed><course>267.890776</course><hAcc>3.050476</hAcc><vAcc>2.390223</vAcc></extensions></trkpt>
      <trkpt lon="-77.019177" lat="38.904090"><ele>20.893008</ele><time>2026-04-04T15:58:46Z</time><extensions><speed>1.542199</speed><course>265.520086</course><hAcc>3.054523</hAcc><vAcc>2.393362</vAcc></extensions></trkpt>
      <trkpt lon="-77.019196" lat="38.904090"><ele>20.873924</ele><time>2026-04-04T15:58:47Z</time><extensions><speed>1.557012</speed><course>267.185945</course><hAcc>3.059924</hAcc><vAcc>2.391890</vAcc></extensions></trkpt>
      <trkpt lon="-77.019214" lat="38.904089"><ele>20.849486</ele><time>2026-04-04T15:58:48Z</time><extensions><speed>1.565429</speed><course>269.554507</course><hAcc>3.056001</hAcc><vAcc>2.383875</vAcc></extensions></trkpt>
      <trkpt lon="-77.019233" lat="38.904089"><ele>20.834696</ele><time>2026-04-04T15:58:49Z</time><extensions><speed>1.573702</speed><course>272.591350</course><hAcc>3.046686</hAcc><vAcc>2.377739</vAcc></extensions></trkpt>
      <trkpt lon="-77.019252" lat="38.904090"><ele>20.829253</ele><time>2026-04-04T15:58:50Z</time><extensions><speed>1.566149</speed><course>274.919288</course><hAcc>3.048403</hAcc><vAcc>2.361686</vAcc></extensions></trkpt>
      <trkpt lon="-77.019271" lat="38.904091"><ele>20.821337</ele><time>2026-04-04T15:58:51Z</time><extensions><speed>1.510029</speed><course>275.456806</course><hAcc>3.054210</hAcc><vAcc>2.351538</vAcc></extensions></trkpt>
      <trkpt lon="-77.019288" lat="38.904092"><ele>20.811426</ele><time>2026-04-04T15:58:52Z</time><extensions><speed>1.396358</speed><course>274.165070</course><hAcc>3.058036</hAcc><vAcc>2.334403</vAcc></extensions></trkpt>
      <trkpt lon="-77.019305" lat="38.904093"><ele>20.803262</ele><time>2026-04-04T15:58:53Z</time><extensions><speed>1.464186</speed><course>271.822366</course><hAcc>3.065506</hAcc><vAcc>2.312905</vAcc></extensions></trkpt>
      <trkpt lon="-77.019323" lat="38.904093"><ele>20.799669</ele><time>2026-04-04T15:58:54Z</time><extensions><speed>1.492128</speed><course>270.377371</course><hAcc>3.076325</hAcc><vAcc>2.286092</vAcc></extensions></trkpt>
      <trkpt lon="-77.019340" lat="38.904093"><ele>20.778749</ele><time>2026-04-04T15:58:55Z</time><extensions><speed>1.447984</speed><course>270.194212</course><hAcc>3.086450</hAcc><vAcc>2.258499</vAcc></extensions></trkpt>
      <trkpt lon="-77.019356" lat="38.904093"><ele>20.764404</ele><time>2026-04-04T15:58:56Z</time><extensions><speed>1.248050</speed><course>271.354070</course><hAcc>3.087362</hAcc><vAcc>2.232632</vAcc></extensions></trkpt>
      <trkpt lon="-77.019371" lat="38.904093"><ele>20.747281</ele><time>2026-04-04T15:58:57Z</time><extensions><speed>1.220291</speed><course>272.039449</course><hAcc>3.091696</hAcc><vAcc>2.205978</vAcc></extensions></trkpt>
      <trkpt lon="-77.019387" lat="38.904093"><ele>20.726487</ele><time>2026-04-04T15:58:58Z</time><extensions><speed>1.380011</speed><course>271.919224</course><hAcc>3.102962</hAcc><vAcc>2.170323</vAcc></extensions></trkpt>
      <trkpt lon="-77.019404" lat="38.904092"><ele>20.724650</ele><time>2026-04-04T15:58:59Z</time><extensions><speed>1.447395</speed><course>268.577579</course><hAcc>3.115920</hAcc><vAcc>2.130274</vAcc></extensions></trkpt>
      <trkpt lon="-77.019421" lat="38.904092"><ele>20.720390</ele><time>2026-04-04T15:59:00Z</time><extensions><speed>1.492959</speed><course>267.177768</course><hAcc>3.106184</hAcc><vAcc>2.096359</vAcc></extensions></trkpt>
      <trkpt lon="-77.019439" lat="38.904091"><ele>20.711491</ele><time>2026-04-04T15:59:01Z</time><extensions><speed>1.473709</speed><course>268.329734</course><hAcc>3.100794</hAcc><vAcc>2.064761</vAcc></extensions></trkpt>
      <trkpt lon="-77.019456" lat="38.904090"><ele>20.693919</ele><time>2026-04-04T15:59:02Z</time><extensions><speed>1.435011</speed><course>268.974258</course><hAcc>3.098909</hAcc><vAcc>2.034016</vAcc></extensions></trkpt>
      <trkpt lon="-77.019473" lat="38.904089"><ele>20.673579</ele><time>2026-04-04T15:59:03Z</time><extensions><speed>1.431737</speed><course>267.391415</course><hAcc>3.103280</hAcc><vAcc>2.006095</vAcc></extensions></trkpt>
      <trkpt lon="-77.019490" lat="38.904088"><ele>20.659209</ele><time>2026-04-04T15:59:04Z</time><extensions><speed>1.494604</speed><course>266.758912</course><hAcc>3.111714</hAcc><vAcc>1.981190</vAcc></extensions></trkpt>
      <trkpt lon="-77.019508" lat="38.904087"><ele>20.653894</ele><time>2026-04-04T15:59:05Z</time><extensions><speed>1.577232</speed><course>265.320650</course><hAcc>3.122878</hAcc><vAcc>1.958269</vAcc></extensions></trkpt>
      <trkpt lon="-77.019526" lat="38.904086"><ele>20.650409</ele><time>2026-04-04T15:59:06Z</time><extensions><speed>1.564460</speed><course>264.802111</course><hAcc>3.131043</hAcc><vAcc>1.941324</vAcc></extensions></trkpt>
      <trkpt lon="-77.019545" lat="38.904084"><ele>20.642917</ele><time>2026-04-04T15:59:07Z</time><extensions><speed>1.554358</speed><course>266.641640</course><hAcc>3.128756</hAcc><vAcc>1.924695</vAcc></extensions></trkpt>
      <trkpt lon="-77.019563" lat="38.904083"><ele>20.619837</ele><time>2026-04-04T15:59:08Z</time><extensions><speed>1.562260</speed><course>266.227071</course><hAcc>3.124422</hAcc><vAcc>1.911458</vAcc></extensions></trkpt>
      <trkpt lon="-77.019582" lat="38.904082"><ele>20.612047</ele><time>2026-04-04T15:59:09Z</time><extensions><speed>1.603017</speed><course>266.630161</course><hAcc>3.129194</hAcc><vAcc>1.905888</vAcc></extensions></trkpt>
      <trkpt lon="-77.019600" lat="38.904081"><ele>20.616275</ele><time>2026-04-04T15:59:10Z</time><extensions><speed>1.490747</speed><course>268.381397</course><hAcc>3.138280</hAcc><vAcc>1.904687</vAcc></extensions></trkpt>
      <trkpt lon="-77.019617" lat="38.904081"><ele>20.624488</ele><time>2026-04-04T15:59:11Z</time><extensions><speed>1.398776</speed><course>270.368988</course><hAcc>3.136035</hAcc><vAcc>1.903120</vAcc></extensions></trkpt>
      <trkpt lon="-77.019633" lat="38.904081"><ele>20.644251</ele><time>2026-04-04T15:59:12Z</time><extensions><speed>1.240383</speed><course>270.935052</course><hAcc>3.133576</hAcc><vAcc>1.904225</vAcc></extensions></trkpt>
      <trkpt lon="-77.019647" lat="38.904081"><ele>20.662107</ele><time>2026-04-04T15:59:13Z</time><extensions><speed>1.160551</speed><course>270.802965</course><hAcc>3.133995</hAcc><vAcc>1.909133</vAcc></extensions></trkpt>
      <trkpt lon="-77.019660" lat="38.904081"><ele>20.675622</ele><time>2026-04-04T15:59:14Z</time><extensions><speed>1.059764</speed><course>271.001945</course><hAcc>3.136121</hAcc><vAcc>1.911909</vAcc></extensions></trkpt>
      <trkpt lon="-77.019672" lat="38.904082"><ele>20.694131</ele><time>2026-04-04T15:59:15Z</time><extensions><speed>1.014250</speed><course>271.504073</course><hAcc>3.139768</hAcc><vAcc>1.899778</vAcc></extensions></trkpt>
      <trkpt lon="-77.019684" lat="38.904082"><ele>20.699140</ele><time>2026-04-04T15:59:16Z</time><extensions><speed>1.061640</speed><course>275.153943</course><hAcc>3.143715</hAcc><vAcc>1.872521</vAcc></extensions></trkpt>
      <trkpt lon="-77.019697" lat="38.904083"><ele>20.702744</ele><time>2026-04-04T15:59:17Z</time><extensions><speed>1.302220</speed><course>276.023240</course><hAcc>3.145787</hAcc><vAcc>1.838072</vAcc></extensions></trkpt>
      <trkpt lon="-77.019712" lat="38.904085"><ele>20.679040</ele><time>2026-04-04T15:59:18Z</time><extensions><speed>1.450466</speed><course>275.864629</course><hAcc>3.151649</hAcc><vAcc>1.771184</vAcc></extensions></trkpt>
      <trkpt lon="-77.019729" lat="38.904086"><ele>20.666026</ele><time>2026-04-04T15:59:19Z</time><extensions><speed>1.506584</speed><course>273.828546</course><hAcc>3.160715</hAcc><vAcc>1.731741</vAcc></extensions></trkpt>
      <trkpt lon="-77.019745" lat="38.904087"><ele>20.661771</ele><time>2026-04-04T15:59:20Z</time><extensions><speed>1.444402</speed><course>269.541803</course><hAcc>3.175867</hAcc><vAcc>1.715031</vAcc></extensions></trkpt>
      <trkpt lon="-77.019761" lat="38.904087"><ele>20.665152</ele><time>2026-04-04T15:59:21Z</time><extensions><speed>1.342256</speed><course>266.861773</course><hAcc>3.189370</hAcc><vAcc>1.701796</vAcc></extensions></trkpt>
      <trkpt lon="-77.019775" lat="38.904086"><ele>20.666389</ele><time>2026-04-04T15:59:22Z</time><extensions><speed>1.164752</speed><course>265.557531</course><hAcc>3.209859</hAcc><vAcc>1.689708</vAcc></extensions></trkpt>
      <trkpt lon="-77.019788" lat="38.904085"><ele>20.666445</ele><time>2026-04-04T15:59:23Z</time><extensions><speed>1.083726</speed><course>265.297063</course><hAcc>3.232664</hAcc><vAcc>1.678723</vAcc></extensions></trkpt>
      <trkpt lon="-77.019799" lat="38.904085"><ele>20.668208</ele><time>2026-04-04T15:59:24Z</time><extensions><speed>0.923331</speed><course>266.012124</course><hAcc>3.250800</hAcc><vAcc>1.668316</vAcc></extensions></trkpt>
      <trkpt lon="-77.019808" lat="38.904084"><ele>20.675062</ele><time>2026-04-04T15:59:25Z</time><extensions><speed>0.630968</speed><course>267.612079</course><hAcc>3.261853</hAcc><vAcc>1.660024</vAcc></extensions></trkpt>
      <trkpt lon="-77.019813" lat="38.904084"><ele>20.680033</ele><time>2026-04-04T15:59:26Z</time><extensions><speed>0.328727</speed><course>271.499264</course><hAcc>3.287389</hAcc><vAcc>1.653598</vAcc></extensions></trkpt>
      <trkpt lon="-77.019816" lat="38.904084"><ele>20.686857</ele><time>2026-04-04T15:59:27Z</time><extensions><speed>0.168944</speed><course>280.213707</course><hAcc>3.325001</hAcc><vAcc>1.648239</vAcc></extensions></trkpt>
      <trkpt lon="-77.019817" lat="38.904085"><ele>20.693093</ele><time>2026-04-04T15:59:28Z</time><extensions><speed>0.122597</speed><course>285.759376</course><hAcc>3.371864</hAcc><vAcc>1.646847</vAcc></extensions></trkpt>
      <trkpt lon="-77.019818" lat="38.904085"><ele>20.702669</ele><time>2026-04-04T15:59:29Z</time><extensions><speed>0.066490</speed><course>302.300009</course><hAcc>3.432017</hAcc><vAcc>1.648230</vAcc></extensions></trkpt>
      <trkpt lon="-77.019818" lat="38.904086"><ele>20.716852</ele><time>2026-04-04T15:59:30Z</time><extensions><speed>0.034908</speed><course>357.533802</course><hAcc>3.487094</hAcc><vAcc>1.652082</vAcc></extensions></trkpt>
      <trkpt lon="-77.019818" lat="38.904086"><ele>20.740917</ele><time>2026-04-04T15:59:31Z</time><extensions><speed>0.037598</speed><course>28.963592</course><hAcc>3.519496</hAcc><vAcc>1.658802</vAcc></extensions></trkpt>
      <trkpt lon="-77.019817" lat="38.904087"><ele>20.768893</ele><time>2026-04-04T15:59:32Z</time><extensions><speed>0.037478</speed><course>31.258873</course><hAcc>3.532763</hAcc><vAcc>1.662906</vAcc></extensions></trkpt>
      <trkpt lon="-77.019816" lat="38.904087"><ele>20.798638</ele><time>2026-04-04T15:59:33Z</time><extensions><speed>0.048534</speed><course>43.979325</course><hAcc>3.534943</hAcc><vAcc>1.665021</vAcc></extensions></trkpt>
      <trkpt lon="-77.019816" lat="38.904088"><ele>20.831475</ele><time>2026-04-04T15:59:34Z</time><extensions><speed>0.054198</speed><course>46.776872</course><hAcc>3.531685</hAcc><vAcc>1.660180</vAcc></extensions></trkpt>
      <trkpt lon="-77.019815" lat="38.904089"><ele>20.864491</ele><time>2026-04-04T15:59:35Z</time><extensions><speed>0.059071</speed><course>44.669576</course><hAcc>3.527818</hAcc><vAcc>1.644087</vAcc></extensions></trkpt>
      <trkpt lon="-77.019815" lat="38.904089"><ele>20.893526</ele><time>2026-04-04T15:59:36Z</time><extensions><speed>0.063388</speed><course>42.628138</course><hAcc>3.530577</hAcc><vAcc>1.638087</vAcc></extensions></trkpt>
      <trkpt lon="-77.019814" lat="38.904090"><ele>20.911538</ele><time>2026-04-04T15:59:37Z</time><extensions><speed>0.063582</speed><course>40.108613</course><hAcc>3.534739</hAcc><vAcc>1.630654</vAcc></extensions></trkpt>
      <trkpt lon="-77.019813" lat="38.904091"><ele>20.928972</ele><time>2026-04-04T15:59:38Z</time><extensions><speed>0.069381</speed><course>31.114163</course><hAcc>3.518927</hAcc><vAcc>1.617359</vAcc></extensions></trkpt>
      <trkpt lon="-77.019813" lat="38.904092"><ele>20.945982</ele><time>2026-04-04T15:59:39Z</time><extensions><speed>0.071520</speed><course>19.377325</course><hAcc>3.505440</hAcc><vAcc>1.606249</vAcc></extensions></trkpt>
      <trkpt lon="-77.019813" lat="38.904092"><ele>20.962166</ele><time>2026-04-04T15:59:40Z</time><extensions><speed>0.072595</speed><course>0.650992</course><hAcc>3.497599</hAcc><vAcc>1.591345</vAcc></extensions></trkpt>
      <trkpt lon="-77.019813" lat="38.904093"><ele>20.977443</ele><time>2026-04-04T15:59:41Z</time><extensions><speed>0.081672</speed><course>8.790568</course><hAcc>3.493004</hAcc><vAcc>1.574031</vAcc></extensions></trkpt>
      <trkpt lon="-77.019813" lat="38.904094"><ele>20.978655</ele><time>2026-04-04T15:59:42Z</time><extensions><speed>0.094799</speed><course>14.847271</course><hAcc>3.488847</hAcc><vAcc>1.568389</vAcc></extensions></trkpt>
      <trkpt lon="-77.019812" lat="38.904096"><ele>20.977344</ele><time>2026-04-04T15:59:43Z</time><extensions><speed>0.099019</speed><course>14.614762</course><hAcc>3.486783</hAcc><vAcc>1.560256</vAcc></extensions></trkpt>
      <trkpt lon="-77.019812" lat="38.904097"><ele>20.969640</ele><time>2026-04-04T15:59:44Z</time><extensions><speed>0.096755</speed><course>12.879856</course><hAcc>3.489331</hAcc><vAcc>1.541573</vAcc></extensions></trkpt>
      <trkpt lon="-77.019812" lat="38.904098"><ele>20.958387</ele><time>2026-04-04T15:59:45Z</time><extensions><speed>0.086598</speed><course>10.615820</course><hAcc>3.496835</hAcc><vAcc>1.510189</vAcc></extensions></trkpt>
      <trkpt lon="-77.019812" lat="38.904099"><ele>20.949348</ele><time>2026-04-04T15:59:46Z</time><extensions><speed>0.080029</speed><course>8.215355</course><hAcc>3.497516</hAcc><vAcc>1.470920</vAcc></extensions></trkpt>
      <trkpt lon="-77.019811" lat="38.904100"><ele>20.940990</ele><time>2026-04-04T15:59:47Z</time><extensions><speed>0.075205</speed><course>6.284777</course><hAcc>3.494358</hAcc><vAcc>1.434230</vAcc></extensions></trkpt>
      <trkpt lon="-77.019811" lat="38.904100"><ele>20.927586</ele><time>2026-04-04T15:59:48Z</time><extensions><speed>0.069883</speed><course>3.659793</course><hAcc>3.488738</hAcc><vAcc>1.401220</vAcc></extensions></trkpt>
      <trkpt lon="-77.019812" lat="38.904101"><ele>20.913008</ele><time>2026-04-04T15:59:49Z</time><extensions><speed>0.065892</speed><course>0.685088</course><hAcc>3.487389</hAcc><vAcc>1.363891</vAcc></extensions></trkpt>
      <trkpt lon="-77.019811" lat="38.904101"><ele>20.887829</ele><time>2026-04-04T15:59:50Z</time><extensions><speed>0.057380</speed><course>2.104335</course><hAcc>3.491404</hAcc><vAcc>1.336354</vAcc></extensions></trkpt>
      <trkpt lon="-77.019811" lat="38.904101"><ele>20.860440</ele><time>2026-04-04T15:59:51Z</time><extensions><speed>0.048078</speed><course>1.309431</course><hAcc>3.491741</hAcc><vAcc>1.306392</vAcc></extensions></trkpt>
      <trkpt lon="-77.019810" lat="38.904102"><ele>20.834192</ele><time>2026-04-04T15:59:52Z</time><extensions><speed>0.040033</speed><course>353.605742</course><hAcc>3.477945</hAcc><vAcc>1.278306</vAcc></extensions></trkpt>
      <trkpt lon="-77.019810" lat="38.904102"><ele>20.808494</ele><time>2026-04-04T15:59:53Z</time><extensions><speed>0.024959</speed><course>8.966106</course><hAcc>3.472784</hAcc><vAcc>1.249022</vAcc></extensions></trkpt>
      <trkpt lon="-77.019809" lat="38.904102"><ele>20.784593</ele><time>2026-04-04T15:59:54Z</time><extensions><speed>0.023268</speed><course>75.039699</course><hAcc>3.486884</hAcc><vAcc>1.218268</vAcc></extensions></trkpt>
      <trkpt lon="-77.019808" lat="38.904101"><ele>20.760935</ele><time>2026-04-04T15:59:55Z</time><extensions><speed>0.044450</speed><course>106.865190</course><hAcc>3.508841</hAcc><vAcc>1.189262</vAcc></extensions></trkpt>
      <trkpt lon="-77.019807" lat="38.904101"><ele>20.740720</ele><time>2026-04-04T15:59:56Z</time><extensions><speed>0.080211</speed><course>118.245206</course><hAcc>3.508726</hAcc><vAcc>1.159515</vAcc></extensions></trkpt>
      <trkpt lon="-77.019805" lat="38.904100"><ele>20.723590</ele><time>2026-04-04T15:59:57Z</time><extensions><speed>0.111955</speed><course>123.574263</course><hAcc>3.521211</hAcc><vAcc>1.130597</vAcc></extensions></trkpt>
      <trkpt lon="-77.019803" lat="38.904099"><ele>20.706568</ele><time>2026-04-04T15:59:58Z</time><extensions><speed>0.128959</speed><course>124.704065</course><hAcc>3.540823</hAcc><vAcc>1.100894</vAcc></extensions></trkpt>
      <trkpt lon="-77.019801" lat="38.904098"><ele>20.687565</ele><time>2026-04-04T15:59:59Z</time><extensions><speed>0.169596</speed><course>123.927836</course><hAcc>3.534337</hAcc><vAcc>1.074486</vAcc></extensions></trkpt>
      <trkpt lon="-77.019799" lat="38.904097"><ele>20.667243</ele><time>2026-04-04T16:00:00Z</time><extensions><speed>0.178200</speed><course>121.833803</course><hAcc>3.537957</hAcc><vAcc>1.048593</vAcc></extensions></trkpt>
      <trkpt lon="-77.019797" lat="38.904097"><ele>20.648312</ele><time>2026-04-04T16:00:01Z</time><extensions><speed>0.178752</speed><course>119.732259</course><hAcc>3.553989</hAcc><vAcc>1.025660</vAcc></extensions></trkpt>
      <trkpt lon="-77.019795" lat="38.904096"><ele>20.630725</ele><time>2026-04-04T16:00:02Z</time><extensions><speed>0.159689</speed><course>117.756024</course><hAcc>3.583237</hAcc><vAcc>1.004683</vAcc></extensions></trkpt>
      <trkpt lon="-77.019794" lat="38.904095"><ele>20.613143</ele><time>2026-04-04T16:00:03Z</time><extensions><speed>0.127547</speed><course>118.543515</course><hAcc>3.598592</hAcc><vAcc>0.985160</vAcc></extensions></trkpt>
      <trkpt lon="-77.019793" lat="38.904094"><ele>20.602120</ele><time>2026-04-04T16:00:04Z</time><extensions><speed>0.140355</speed><course>121.903038</course><hAcc>3.567120</hAcc><vAcc>0.967339</vAcc></extensions></trkpt>
      <trkpt lon="-77.019792" lat="38.904093"><ele>20.591040</ele><time>2026-04-04T16:00:05Z</time><extensions><speed>0.133107</speed><course>126.378129</course><hAcc>3.542571</hAcc><vAcc>0.950416</vAcc></extensions></trkpt>
      <trkpt lon="-77.019791" lat="38.904092"><ele>20.583446</ele><time>2026-04-04T16:00:06Z</time><extensions><speed>0.110824</speed><course>134.251770</course><hAcc>3.527278</hAcc><vAcc>0.936571</vAcc></extensions></trkpt>
      <trkpt lon="-77.019791" lat="38.904092"><ele>20.581013</ele><time>2026-04-04T16:00:07Z</time><extensions><speed>0.079978</speed><course>146.367974</course><hAcc>3.518867</hAcc><vAcc>0.926057</vAcc></extensions></trkpt>
      <trkpt lon="-77.019791" lat="38.904091"><ele>20.582947</ele><time>2026-04-04T16:00:08Z</time><extensions><speed>0.051628</speed><course>174.391654</course><hAcc>3.519829</hAcc><vAcc>0.918560</vAcc></extensions></trkpt>
      <trkpt lon="-77.019792" lat="38.904091"><ele>20.591210</ele><time>2026-04-04T16:00:09Z</time><extensions><speed>0.057472</speed><course>228.882019</course><hAcc>3.546033</hAcc><vAcc>0.913946</vAcc></extensions></trkpt>
      <trkpt lon="-77.019793" lat="38.904091"><ele>20.599728</ele><time>2026-04-04T16:00:10Z</time><extensions><speed>0.039928</speed><course>240.294414</course><hAcc>3.585760</hAcc><vAcc>0.913926</vAcc></extensions></trkpt>
      <trkpt lon="-77.019793" lat="38.904091"><ele>20.610938</ele><time>2026-04-04T16:00:11Z</time><extensions><speed>0.045004</speed><course>249.068306</course><hAcc>3.590581</hAcc><vAcc>0.917490</vAcc></extensions></trkpt>
      <trkpt lon="-77.019795" lat="38.904091"><ele>20.624940</ele><time>2026-04-04T16:00:12Z</time><extensions><speed>0.072180</speed><course>253.916222</course><hAcc>3.562036</hAcc><vAcc>0.925722</vAcc></extensions></trkpt>
      <trkpt lon="-77.019796" lat="38.904091"><ele>20.641606</ele><time>2026-04-04T16:00:13Z</time><extensions><speed>0.130999</speed><course>257.250872</course><hAcc>3.507725</hAcc><vAcc>0.937406</vAcc></extensions></trkpt>
      <trkpt lon="-77.019798" lat="38.904090"><ele>20.660439</ele><time>2026-04-04T16:00:14Z</time><extensions><speed>0.173944</speed><course>260.520896</course><hAcc>3.480339</hAcc><vAcc>0.952100</vAcc></extensions></trkpt>
      <trkpt lon="-77.019801" lat="38.904090"><ele>20.680855</ele><time>2026-04-04T16:00:15Z</time><extensions><speed>0.171028</speed><course>264.800967</course><hAcc>3.492685</hAcc><vAcc>0.969951</vAcc></extensions></trkpt>
      <trkpt lon="-77.019803" lat="38.904090"><ele>20.697350</ele><time>2026-04-04T16:00:16Z</time><extensions><speed>0.130808</speed><course>270.514305</course><hAcc>3.519148</hAcc><vAcc>0.990968</vAcc></extensions></trkpt>
      <trkpt lon="-77.019805" lat="38.904090"><ele>20.715682</ele><time>2026-04-04T16:00:17Z</time><extensions><speed>0.161237</speed><course>272.917699</course><hAcc>3.505768</hAcc><vAcc>1.012822</vAcc></extensions></trkpt>
      <trkpt lon="-77.019807" lat="38.904090"><ele>20.732609</ele><time>2026-04-04T16:00:18Z</time><extensions><speed>0.197309</speed><course>271.265568</course><hAcc>3.508266</hAcc><vAcc>1.037096</vAcc></extensions></trkpt>
      <trkpt lon="-77.019809" lat="38.904090"><ele>20.748480</ele><time>2026-04-04T16:00:19Z</time><extensions><speed>0.147687</speed><course>271.683223</course><hAcc>3.530718</hAcc><vAcc>1.060620</vAcc></extensions></trkpt>
      <trkpt lon="-77.019810" lat="38.904090"><ele>20.762788</ele><time>2026-04-04T16:00:20Z</time><extensions><speed>0.127626</speed><course>273.026043</course><hAcc>3.524266</hAcc><vAcc>1.082631</vAcc></extensions></trkpt>
      <trkpt lon="-77.019811" lat="38.904091"><ele>20.777183</ele><time>2026-04-04T16:00:21Z</time><extensions><speed>0.099602</speed><course>275.743215</course><hAcc>3.520324</hAcc><vAcc>1.101989</vAcc></extensions></trkpt>
      <trkpt lon="-77.019812" lat="38.904091"><ele>20.797013</ele><time>2026-04-04T16:00:22Z</time><extensions><speed>0.095918</speed><course>276.490071</course><hAcc>3.510167</hAcc><vAcc>1.127635</vAcc></extensions></trkpt>
      <trkpt lon="-77.019814" lat="38.904091"><ele>20.820888</ele><time>2026-04-04T16:00:23Z</time><extensions><speed>0.075622</speed><course>281.477766</course><hAcc>3.508805</hAcc><vAcc>1.155654</vAcc></extensions></trkpt>
      <trkpt lon="-77.019815" lat="38.904092"><ele>20.843599</ele><time>2026-04-04T16:00:24Z</time><extensions><speed>0.065859</speed><course>286.606272</course><hAcc>3.514344</hAcc><vAcc>1.186239</vAcc></extensions></trkpt>
      <trkpt lon="-77.019816" lat="38.904092"><ele>20.862866</ele><time>2026-04-04T16:00:25Z</time><extensions><speed>0.064988</speed><course>289.263778</course><hAcc>3.520715</hAcc><vAcc>1.218285</vAcc></extensions></trkpt>
      <trkpt lon="-77.019818" lat="38.904092"><ele>20.884151</ele><time>2026-04-04T16:00:26Z</time><extensions><speed>0.080358</speed><course>286.038604</course><hAcc>3.526216</hAcc><vAcc>1.252464</vAcc></extensions></trkpt>
      <trkpt lon="-77.019819" lat="38.904092"><ele>20.900990</ele><time>2026-04-04T16:00:27Z</time><extensions><speed>0.102003</speed><course>280.981303</course><hAcc>3.530622</hAcc><vAcc>1.288761</vAcc></extensions></trkpt>
      <trkpt lon="-77.019821" lat="38.904092"><ele>20.917544</ele><time>2026-04-04T16:00:28Z</time><extensions><speed>0.153678</speed><course>277.905474</course><hAcc>3.507459</hAcc><vAcc>1.326454</vAcc></extensions></trkpt>
      <trkpt lon="-77.019824" lat="38.904092"><ele>20.934154</ele><time>2026-04-04T16:00:29Z</time><extensions><speed>0.254568</speed><course>272.891360</course><hAcc>3.478998</hAcc><vAcc>1.366772</vAcc></extensions></trkpt>
      <trkpt lon="-77.019829" lat="38.904092"><ele>20.944718</ele><time>2026-04-04T16:00:30Z</time><extensions><speed>0.442421</speed><course>268.814682</course><hAcc>3.452311</hAcc><vAcc>1.407575</vAcc></extensions></trkpt>
      <trkpt lon="-77.019836" lat="38.904091"><ele>20.960587</ele><time>2026-04-04T16:00:31Z</time><extensions><speed>0.662104</speed><course>267.017208</course><hAcc>3.440834</hAcc><vAcc>1.450694</vAcc></extensions></trkpt>
      <trkpt lon="-77.019846" lat="38.904090"><ele>20.976209</ele><time>2026-04-04T16:00:32Z</time><extensions><speed>0.896736</speed><course>266.606361</course><hAcc>3.449355</hAcc><vAcc>1.495282</vAcc></extensions></trkpt>
      <trkpt lon="-77.019858" lat="38.904090"><ele>20.984094</ele><time>2026-04-04T16:00:33Z</time><extensions><speed>1.119242</speed><course>268.269168</course><hAcc>3.453508</hAcc><vAcc>1.539975</vAcc></extensions></trkpt>
      <trkpt lon="-77.019872" lat="38.904089"><ele>21.002367</ele><time>2026-04-04T16:00:34Z</time><extensions><speed>1.134862</speed><course>269.208659</course><hAcc>3.431015</hAcc><vAcc>1.581790</vAcc></extensions></trkpt>
      <trkpt lon="-77.019886" lat="38.904088"><ele>21.021542</ele><time>2026-04-04T16:00:35Z</time><extensions><speed>1.047150</speed><course>269.214885</course><hAcc>3.396541</hAcc><vAcc>1.622071</vAcc></extensions></trkpt>
      <trkpt lon="-77.019899" lat="38.904088"><ele>21.055083</ele><time>2026-04-04T16:00:36Z</time><extensions><speed>1.032181</speed><course>268.853767</course><hAcc>3.362763</hAcc><vAcc>1.659247</vAcc></extensions></trkpt>
      <trkpt lon="-77.019912" lat="38.904088"><ele>21.087207</ele><time>2026-04-04T16:00:37Z</time><extensions><speed>1.055994</speed><course>268.209788</course><hAcc>3.332672</hAcc><vAcc>1.695405</vAcc></extensions></trkpt>
      <trkpt lon="-77.019925" lat="38.904087"><ele>21.122629</ele><time>2026-04-04T16:00:38Z</time><extensions><speed>1.201490</speed><course>268.062722</course><hAcc>3.296231</hAcc><vAcc>1.728832</vAcc></extensions></trkpt>
      <trkpt lon="-77.019941" lat="38.904086"><ele>21.159241</ele><time>2026-04-04T16:00:39Z</time><extensions><speed>1.358576</speed><course>267.059008</course><hAcc>3.265087</hAcc><vAcc>1.760573</vAcc></extensions></trkpt>
      <trkpt lon="-77.019957" lat="38.904085"><ele>21.203803</ele><time>2026-04-04T16:00:40Z</time><extensions><speed>1.357591</speed><course>266.143451</course><hAcc>3.239321</hAcc><vAcc>1.793744</vAcc></extensions></trkpt>
      <trkpt lon="-77.019972" lat="38.904084"><ele>21.245060</ele><time>2026-04-04T16:00:41Z</time><extensions><speed>1.295463</speed><course>265.641062</course><hAcc>3.217396</hAcc><vAcc>1.827817</vAcc></extensions></trkpt>
      <trkpt lon="-77.019987" lat="38.904083"><ele>21.286068</ele><time>2026-04-04T16:00:42Z</time><extensions><speed>1.256576</speed><course>265.204953</course><hAcc>3.203062</hAcc><vAcc>1.857094</vAcc></extensions></trkpt>
      <trkpt lon="-77.020003" lat="38.904082"><ele>21.319493</ele><time>2026-04-04T16:00:43Z</time><extensions><speed>1.352690</speed><course>268.640449</course><hAcc>3.154181</hAcc><vAcc>1.878426</vAcc></extensions></trkpt>
      <trkpt lon="-77.020029" lat="38.904083"><ele>21.445772</ele><time>2026-04-04T16:00:44Z</time><extensions><speed>1.399542</speed><course>269.520113</course><hAcc>2.744748</hAcc><vAcc>1.630548</vAcc></extensions></trkpt>
      <trkpt lon="-77.020045" lat="38.904083"><ele>21.479270</ele><time>2026-04-04T16:00:45Z</time><extensions><speed>1.400295</speed><course>269.613462</course><hAcc>2.652892</hAcc><vAcc>1.643897</vAcc></extensions></trkpt>
      <trkpt lon="-77.020061" lat="38.904083"><ele>21.512276</ele><time>2026-04-04T16:00:46Z</time><extensions><speed>1.398498</speed><course>269.688754</course><hAcc>2.583200</hAcc><vAcc>1.655431</vAcc></extensions></trkpt>
      <trkpt lon="-77.020077" lat="38.904083"><ele>21.545149</ele><time>2026-04-04T16:00:47Z</time><extensions><speed>1.397606</speed><course>269.726480</course><hAcc>2.531344</hAcc><vAcc>1.665226</vAcc></extensions></trkpt>
      <trkpt lon="-77.020093" lat="38.904083"><ele>21.577737</ele><time>2026-04-04T16:00:48Z</time><extensions><speed>1.401447</speed><course>269.771850</course><hAcc>2.493522</hAcc><vAcc>1.673351</vAcc></extensions></trkpt>
      <trkpt lon="-77.020110" lat="38.904082"><ele>21.610029</ele><time>2026-04-04T16:00:49Z</time><extensions><speed>1.403888</speed><course>269.821489</course><hAcc>2.466459</hAcc><vAcc>1.679880</vAcc></extensions></trkpt>
      <trkpt lon="-77.020126" lat="38.904082"><ele>21.641943</ele><time>2026-04-04T16:00:50Z</time><extensions><speed>1.403729</speed><course>269.874057</course><hAcc>2.447441</hAcc><vAcc>1.684879</vAcc></extensions></trkpt>
      <trkpt lon="-77.020142" lat="38.904082"><ele>21.673593</ele><time>2026-04-04T16:00:51Z</time><extensions><speed>1.400058</speed><course>269.928259</course><hAcc>2.434266</hAcc><vAcc>1.688419</vAcc></extensions></trkpt>
      <trkpt lon="-77.020158" lat="38.904082"><ele>21.705015</ele><time>2026-04-04T16:00:52Z</time><extensions><speed>1.392338</speed><course>269.979885</course><hAcc>2.425154</hAcc><vAcc>1.690594</vAcc></extensions></trkpt>
      <trkpt lon="-77.020174" lat="38.904082"><ele>21.736016</ele><time>2026-04-04T16:00:53Z</time><extensions><speed>1.381425</speed><course>270.025816</course><hAcc>2.418865</hAcc><vAcc>1.691524</vAcc></extensions></trkpt>
      <trkpt lon="-77.020190" lat="38.904082"><ele>21.766688</ele><time>2026-04-04T16:00:54Z</time><extensions><speed>1.371945</speed><course>270.062919</course><hAcc>2.414543</hAcc><vAcc>1.691356</vAcc></extensions></trkpt>
      <trkpt lon="-77.020206" lat="38.904082"><ele>21.797126</ele><time>2026-04-04T16:00:55Z</time><extensions><speed>1.363088</speed><course>270.088745</course><hAcc>2.411572</hAcc><vAcc>1.690241</vAcc></extensions></trkpt>
      <trkpt lon="-77.020221" lat="38.904082"><ele>21.827001</ele><time>2026-04-04T16:00:56Z</time><extensions><speed>1.358542</speed><course>270.101935</course><hAcc>2.409487</hAcc><vAcc>1.688325</vAcc></extensions></trkpt>
      <trkpt lon="-77.020237" lat="38.904082"><ele>21.856196</ele><time>2026-04-04T16:00:57Z</time><extensions><speed>1.356985</speed><course>270.102787</course><hAcc>2.407992</hAcc><vAcc>1.685757</vAcc></extensions></trkpt>
      <trkpt lon="-77.020253" lat="38.904082"><ele>21.884525</ele><time>2026-04-04T16:00:58Z</time><extensions><speed>1.355398</speed><course>270.092500</course><hAcc>2.406869</hAcc><vAcc>1.682687</vAcc></extensions></trkpt>
      <trkpt lon="-77.020268" lat="38.904083"><ele>21.912084</ele><time>2026-04-04T16:00:59Z</time><extensions><speed>1.354685</speed><course>270.072454</course><hAcc>2.405981</hAcc><vAcc>1.679263</vAcc></extensions></trkpt>
      <trkpt lon="-77.020284" lat="38.904083"><ele>21.938697</ele><time>2026-04-04T16:01:00Z</time><extensions><speed>1.352563</speed><course>270.043753</course><hAcc>2.405232</hAcc><vAcc>1.675629</vAcc></extensions></trkpt>
      <trkpt lon="-77.020299" lat="38.904083"><ele>21.964529</ele><time>2026-04-04T16:01:01Z</time><extensions><speed>1.348517</speed><course>270.007168</course><hAcc>2.404554</hAcc><vAcc>1.671916</vAcc></extensions></trkpt>
      <trkpt lon="-77.020315" lat="38.904083"><ele>21.989753</ele><time>2026-04-04T16:01:02Z</time><extensions><speed>1.345279</speed><course>269.963432</course><hAcc>2.403881</hAcc><vAcc>1.668246</vAcc></extensions></trkpt>
      <trkpt lon="-77.020331" lat="38.904083"><ele>22.014111</ele><time>2026-04-04T16:01:03Z</time><extensions><speed>1.344025</speed><course>269.913540</course><hAcc>2.403142</hAcc><vAcc>1.664734</vAcc></extensions></trkpt>
      <trkpt lon="-77.020346" lat="38.904082"><ele>22.036922</ele><time>2026-04-04T16:01:04Z</time><extensions><speed>1.342360</speed><course>269.857925</course><hAcc>2.402269</hAcc><vAcc>1.661478</vAcc></extensions></trkpt>
      <trkpt lon="-77.020361" lat="38.904082"><ele>22.058442</ele><time>2026-04-04T16:01:05Z</time><extensions><speed>1.336744</speed><course>269.796593</course><hAcc>2.401166</hAcc><vAcc>1.658560</vAcc></extensions></trkpt>
      <trkpt lon="-77.020377" lat="38.904082"><ele>22.078660</ele><time>2026-04-04T16:01:06Z</time><extensions><speed>1.330084</speed><course>269.728898</course><hAcc>2.399791</hAcc><vAcc>1.656050</vAcc></extensions></trkpt>
      <trkpt lon="-77.020392" lat="38.904082"><ele>22.097791</ele><time>2026-04-04T16:01:07Z</time><extensions><speed>1.325432</speed><course>269.658240</course><hAcc>2.398409</hAcc><vAcc>1.653994</vAcc></extensions></trkpt>
      <trkpt lon="-77.020408" lat="38.904082"><ele>22.116249</ele><time>2026-04-04T16:01:08Z</time><extensions><speed>1.322768</speed><course>269.584180</course><hAcc>2.397132</hAcc><vAcc>1.652432</vAcc></extensions></trkpt>
      <trkpt lon="-77.020423" lat="38.904082"><ele>22.134343</ele><time>2026-04-04T16:01:09Z</time><extensions><speed>1.318321</speed><course>269.507013</course><hAcc>2.395956</hAcc><vAcc>1.651363</vAcc></extensions></trkpt>
      <trkpt lon="-77.020438" lat="38.904082"><ele>22.151590</ele><time>2026-04-04T16:01:10Z</time><extensions><speed>1.313747</speed><course>269.427188</course><hAcc>2.394930</hAcc><vAcc>1.650758</vAcc></extensions></trkpt>
      <trkpt lon="-77.020453" lat="38.904082"><ele>22.168033</ele><time>2026-04-04T16:01:11Z</time><extensions><speed>1.310098</speed><course>269.345873</course><hAcc>2.394057</hAcc><vAcc>1.650564</vAcc></extensions></trkpt>
      <trkpt lon="-77.020468" lat="38.904082"><ele>22.184177</ele><time>2026-04-04T16:01:12Z</time><extensions><speed>1.306468</speed><course>269.263281</course><hAcc>2.393324</hAcc><vAcc>1.650690</vAcc></extensions></trkpt>
      <trkpt lon="-77.020483" lat="38.904082"><ele>22.200061</ele><time>2026-04-04T16:01:13Z</time><extensions><speed>1.304492</speed><course>269.181002</course><hAcc>2.392695</hAcc><vAcc>1.651030</vAcc></extensions></trkpt>
      <trkpt lon="-77.020498" lat="38.904081"><ele>22.215448</ele><time>2026-04-04T16:01:14Z</time><extensions><speed>1.304838</speed><course>269.101108</course><hAcc>2.392166</hAcc><vAcc>1.651467</vAcc></extensions></trkpt>
      <trkpt lon="-77.020513" lat="38.904081"><ele>22.230264</ele><time>2026-04-04T16:01:15Z</time><extensions><speed>1.306084</speed><course>269.023674</course><hAcc>2.391668</hAcc><vAcc>1.651899</vAcc></extensions></trkpt>
      <trkpt lon="-77.020528" lat="38.904081"><ele>22.244740</ele><time>2026-04-04T16:01:16Z</time><extensions><speed>1.307407</speed><course>268.948810</course><hAcc>2.391144</hAcc><vAcc>1.652231</vAcc></extensions></trkpt>
      <trkpt lon="-77.020543" lat="38.904081"><ele>22.258637</ele><time>2026-04-04T16:01:17Z</time><extensions><speed>1.307748</speed><course>268.875801</course><hAcc>2.390478</hAcc><vAcc>1.652370</vAcc></extensions></trkpt>
      <trkpt lon="-77.020559" lat="38.904081"><ele>22.272464</ele><time>2026-04-04T16:01:18Z</time><extensions><speed>1.305164</speed><course>268.805122</course><hAcc>2.389600</hAcc><vAcc>1.652230</vAcc></extensions></trkpt>
      <trkpt lon="-77.020574" lat="38.904080"><ele>22.286722</ele><time>2026-04-04T16:01:19Z</time><extensions><speed>1.299857</speed><course>268.735001</course><hAcc>2.388523</hAcc><vAcc>1.651726</vAcc></extensions></trkpt>
      <trkpt lon="-77.020589" lat="38.904080"><ele>22.301360</ele><time>2026-04-04T16:01:20Z</time><extensions><speed>1.294819</speed><course>268.672243</course><hAcc>2.387267</hAcc><vAcc>1.650781</vAcc></extensions></trkpt>
      <trkpt lon="-77.020603" lat="38.904080"><ele>22.316344</ele><time>2026-04-04T16:01:21Z</time><extensions><speed>1.291762</speed><course>268.619217</course><hAcc>2.385918</hAcc><vAcc>1.649338</vAcc></extensions></trkpt>
      <trkpt lon="-77.020618" lat="38.904080"><ele>22.331976</ele><time>2026-04-04T16:01:22Z</time><extensions><speed>1.288719</speed><course>268.577489</course><hAcc>2.384623</hAcc><vAcc>1.647359</vAcc></extensions></trkpt>
      <trkpt lon="-77.020633" lat="38.904079"><ele>22.348505</ele><time>2026-04-04T16:01:23Z</time><extensions><speed>1.285225</speed><course>268.548974</course><hAcc>2.383549</hAcc><vAcc>1.644825</vAcc></extensions></trkpt>
      <trkpt lon="-77.020648" lat="38.904079"><ele>22.366262</ele><time>2026-04-04T16:01:24Z</time><extensions><speed>1.282240</speed><course>268.542578</course><hAcc>2.382927</hAcc><vAcc>1.641744</vAcc></extensions></trkpt>
      <trkpt lon="-77.020663" lat="38.904079"><ele>22.385084</ele><time>2026-04-04T16:01:25Z</time><extensions><speed>1.282573</speed><course>268.566079</course><hAcc>2.382809</hAcc><vAcc>1.638143</vAcc></extensions></trkpt>
      <trkpt lon="-77.020678" lat="38.904078"><ele>22.404453</ele><time>2026-04-04T16:01:26Z</time><extensions><speed>1.282865</speed><course>268.612997</course><hAcc>2.383075</hAcc><vAcc>1.634057</vAcc></extensions></trkpt>
      <trkpt lon="-77.020692" lat="38.904078"><ele>22.424881</ele><time>2026-04-04T16:01:27Z</time><extensions><speed>1.282267</speed><course>268.685647</course><hAcc>2.383650</hAcc><vAcc>1.629529</vAcc></extensions></trkpt>
      <trkpt lon="-77.020707" lat="38.904078"><ele>22.446547</ele><time>2026-04-04T16:01:28Z</time><extensions><speed>1.279859</speed><course>268.787400</course><hAcc>2.384413</hAcc><vAcc>1.624606</vAcc></extensions></trkpt>
      <trkpt lon="-77.020722" lat="38.904078"><ele>22.469224</ele><time>2026-04-04T16:01:29Z</time><extensions><speed>1.278541</speed><course>268.931871</course><hAcc>2.385366</hAcc><vAcc>1.619349</vAcc></extensions></trkpt>
      <trkpt lon="-77.020737" lat="38.904077"><ele>22.493163</ele><time>2026-04-04T16:01:30Z</time><extensions><speed>1.279771</speed><course>269.119225</course><hAcc>2.386304</hAcc><vAcc>1.613830</vAcc></extensions></trkpt>
      <trkpt lon="-77.020751" lat="38.904077"><ele>22.518491</ele><time>2026-04-04T16:01:31Z</time><extensions><speed>1.281519</speed><course>269.352239</course><hAcc>2.387031</hAcc><vAcc>1.608132</vAcc></extensions></trkpt>
      <trkpt lon="-77.020766" lat="38.904077"><ele>22.545031</ele><time>2026-04-04T16:01:32Z</time><extensions><speed>1.285587</speed><course>269.623439</course><hAcc>2.387471</hAcc><vAcc>1.602347</vAcc></extensions></trkpt>
      <trkpt lon="-77.020781" lat="38.904077"><ele>22.572564</ele><time>2026-04-04T16:01:33Z</time><extensions><speed>1.290852</speed><course>269.908980</course><hAcc>2.387730</hAcc><vAcc>1.596573</vAcc></extensions></trkpt>
      <trkpt lon="-77.020796" lat="38.904077"><ele>22.600811</ele><time>2026-04-04T16:01:34Z</time><extensions><speed>1.294472</speed><course>270.191273</course><hAcc>2.387917</hAcc><vAcc>1.590910</vAcc></extensions></trkpt>
      <trkpt lon="-77.020811" lat="38.904077"><ele>22.630236</ele><time>2026-04-04T16:01:35Z</time><extensions><speed>1.296140</speed><course>270.458956</course><hAcc>2.388109</hAcc><vAcc>1.585453</vAcc></extensions></trkpt>
      <trkpt lon="-77.020826" lat="38.904077"><ele>22.660381</ele><time>2026-04-04T16:01:36Z</time><extensions><speed>1.296458</speed><course>270.704417</course><hAcc>2.388326</hAcc><vAcc>1.580292</vAcc></extensions></trkpt>
      <trkpt lon="-77.020841" lat="38.904077"><ele>22.691083</ele><time>2026-04-04T16:01:37Z</time><extensions><speed>1.293508</speed><course>270.924728</course><hAcc>2.388591</hAcc><vAcc>1.575501</vAcc></extensions></trkpt>
      <trkpt lon="-77.020856" lat="38.904078"><ele>22.722204</ele><time>2026-04-04T16:01:38Z</time><extensions><speed>1.287960</speed><course>271.119579</course><hAcc>2.388844</hAcc><vAcc>1.571148</vAcc></extensions></trkpt>
      <trkpt lon="-77.020870" lat="38.904078"><ele>22.754002</ele><time>2026-04-04T16:01:39Z</time><extensions><speed>1.283093</speed><course>271.282962</course><hAcc>2.389090</hAcc><vAcc>1.567305</vAcc></extensions></trkpt>
      <trkpt lon="-77.020885" lat="38.904078"><ele>22.786328</ele><time>2026-04-04T16:01:40Z</time><extensions><speed>1.281010</speed><course>271.412856</course><hAcc>2.389339</hAcc><vAcc>1.564033</vAcc></extensions></trkpt>
      <trkpt lon="-77.020900" lat="38.904079"><ele>22.819024</ele><time>2026-04-04T16:01:41Z</time><extensions><speed>1.282094</speed><course>271.510778</course><hAcc>2.389627</hAcc><vAcc>1.561402</vAcc></extensions></trkpt>
      <trkpt lon="-77.020915" lat="38.904079"><ele>22.852272</ele><time>2026-04-04T16:01:42Z</time><extensions><speed>1.283369</speed><course>271.580130</course><hAcc>2.389964</hAcc><vAcc>1.559477</vAcc></extensions></trkpt>
      <trkpt lon="-77.020930" lat="38.904079"><ele>22.886353</ele><time>2026-04-04T16:01:43Z</time><extensions><speed>1.281829</speed><course>271.629187</course><hAcc>2.390403</hAcc><vAcc>1.558309</vAcc></extensions></trkpt>
      <trkpt lon="-77.020944" lat="38.904079"><ele>22.920859</ele><time>2026-04-04T16:01:44Z</time><extensions><speed>1.278984</speed><course>271.659606</course><hAcc>2.390909</hAcc><vAcc>1.557916</vAcc></extensions></trkpt>
      <trkpt lon="-77.020959" lat="38.904080"><ele>22.955769</ele><time>2026-04-04T16:01:45Z</time><extensions><speed>1.277664</speed><course>271.671872</course><hAcc>2.391504</hAcc><vAcc>1.558261</vAcc></extensions></trkpt>
      <trkpt lon="-77.020974" lat="38.904080"><ele>22.991172</ele><time>2026-04-04T16:01:46Z</time><extensions><speed>1.276939</speed><course>271.670748</course><hAcc>2.392098</hAcc><vAcc>1.559261</vAcc></extensions></trkpt>
      <trkpt lon="-77.020988" lat="38.904080"><ele>23.027669</ele><time>2026-04-04T16:01:47Z</time><extensions><speed>1.276225</speed><course>271.661734</course><hAcc>2.392644</hAcc><vAcc>1.560796</vAcc></extensions></trkpt>
      <trkpt lon="-77.021003" lat="38.904081"><ele>23.065033</ele><time>2026-04-04T16:01:48Z</time><extensions><speed>1.273646</speed><course>271.646889</course><hAcc>2.393162</hAcc><vAcc>1.562714</vAcc></extensions></trkpt>
      <trkpt lon="-77.021018" lat="38.904081"><ele>23.103018</ele><time>2026-04-04T16:01:49Z</time><extensions><speed>1.268918</speed><course>271.625743</course><hAcc>2.393690</hAcc><vAcc>1.564830</vAcc></extensions></trkpt>
      <trkpt lon="-77.021032" lat="38.904081"><ele>23.141948</ele><time>2026-04-04T16:01:50Z</time><extensions><speed>1.264561</speed><course>271.596665</course><hAcc>2.394265</hAcc><vAcc>1.566955</vAcc></extensions></trkpt>
      <trkpt lon="-77.021047" lat="38.904082"><ele>23.181789</ele><time>2026-04-04T16:01:51Z</time><extensions><speed>1.261208</speed><course>271.560649</course><hAcc>2.394884</hAcc><vAcc>1.568914</vAcc></extensions></trkpt>
      <trkpt lon="-77.021061" lat="38.904082"><ele>23.221548</ele><time>2026-04-04T16:01:52Z</time><extensions><speed>1.257614</speed><course>271.520274</course><hAcc>2.395529</hAcc><vAcc>1.570553</vAcc></extensions></trkpt>
      <trkpt lon="-77.021076" lat="38.904082"><ele>23.261041</ele><time>2026-04-04T16:01:53Z</time><extensions><speed>1.251389</speed><course>271.479671</course><hAcc>2.396161</hAcc><vAcc>1.571727</vAcc></extensions></trkpt>
      <trkpt lon="-77.021090" lat="38.904083"><ele>23.300201</ele><time>2026-04-04T16:01:54Z</time><extensions><speed>1.245999</speed><course>271.437659</course><hAcc>2.396701</hAcc><vAcc>1.572323</vAcc></extensions></trkpt>
      <trkpt lon="-77.021105" lat="38.904083"><ele>23.338750</ele><time>2026-04-04T16:01:55Z</time><extensions><speed>1.241204</speed><course>271.394235</course><hAcc>2.397162</hAcc><vAcc>1.572255</vAcc></extensions></trkpt>
      <trkpt lon="-77.021119" lat="38.904083"><ele>23.376546</ele><time>2026-04-04T16:01:56Z</time><extensions><speed>1.236314</speed><course>271.350410</course><hAcc>2.397527</hAcc><vAcc>1.571477</vAcc></extensions></trkpt>
      <trkpt lon="-77.021133" lat="38.904083"><ele>23.413356</ele><time>2026-04-04T16:01:57Z</time><extensions><speed>1.231870</speed><course>271.308963</course><hAcc>2.397803</hAcc><vAcc>1.569988</vAcc></extensions></trkpt>
      <trkpt lon="-77.021148" lat="38.904084"><ele>23.448826</ele><time>2026-04-04T16:01:58Z</time><extensions><speed>1.228805</speed><course>271.266676</course><hAcc>2.398076</hAcc><vAcc>1.567823</vAcc></extensions></trkpt>
      <trkpt lon="-77.021162" lat="38.904084"><ele>23.483253</ele><time>2026-04-04T16:01:59Z</time><extensions><speed>1.227861</speed><course>271.220584</course><hAcc>2.398369</hAcc><vAcc>1.565030</vAcc></extensions></trkpt>
      <trkpt lon="-77.021176" lat="38.904084"><ele>23.516578</ele><time>2026-04-04T16:02:00Z</time><extensions><speed>1.230505</speed><course>271.174775</course><hAcc>2.398582</hAcc><vAcc>1.561658</vAcc></extensions></trkpt>
      <trkpt lon="-77.021190" lat="38.904084"><ele>23.548669</ele><time>2026-04-04T16:02:01Z</time><extensions><speed>1.234661</speed><course>271.130892</course><hAcc>2.398551</hAcc><vAcc>1.557767</vAcc></extensions></trkpt>
      <trkpt lon="-77.021205" lat="38.904085"><ele>23.579348</ele><time>2026-04-04T16:02:02Z</time><extensions><speed>1.238609</speed><course>271.090939</course><hAcc>2.398143</hAcc><vAcc>1.553430</vAcc></extensions></trkpt>
      <trkpt lon="-77.021219" lat="38.904085"><ele>23.608771</ele><time>2026-04-04T16:02:03Z</time><extensions><speed>1.236166</speed><course>271.059601</course><hAcc>2.397269</hAcc><vAcc>1.548754</vAcc></extensions></trkpt>
      <trkpt lon="-77.021233" lat="38.904085"><ele>23.636673</ele><time>2026-04-04T16:02:04Z</time><extensions><speed>1.228304</speed><course>271.034487</course><hAcc>2.395919</hAcc><vAcc>1.543890</vAcc></extensions></trkpt>
      <trkpt lon="-77.021247" lat="38.904085"><ele>23.663010</ele><time>2026-04-04T16:02:05Z</time><extensions><speed>1.220025</speed><course>271.013479</course><hAcc>2.394264</hAcc><vAcc>1.539043</vAcc></extensions></trkpt>
      <trkpt lon="-77.021261" lat="38.904085"><ele>23.687624</ele><time>2026-04-04T16:02:06Z</time><extensions><speed>1.211953</speed><course>270.996111</course><hAcc>2.392558</hAcc><vAcc>1.534455</vAcc></extensions></trkpt>
      <trkpt lon="-77.021275" lat="38.904086"><ele>23.710453</ele><time>2026-04-04T16:02:07Z</time><extensions><speed>1.204003</speed><course>270.979260</course><hAcc>2.390999</hAcc><vAcc>1.530383</vAcc></extensions></trkpt>
      <trkpt lon="-77.021289" lat="38.904086"><ele>23.731310</ele><time>2026-04-04T16:02:08Z</time><extensions><speed>1.198861</speed><course>270.962735</course><hAcc>2.389818</hAcc><vAcc>1.527081</vAcc></extensions></trkpt>
      <trkpt lon="-77.021303" lat="38.904086"><ele>23.750036</ele><time>2026-04-04T16:02:09Z</time><extensions><speed>1.195035</speed><course>270.949799</course><hAcc>2.389118</hAcc><vAcc>1.524796</vAcc></extensions></trkpt>
      <trkpt lon="-77.021316" lat="38.904086"><ele>23.766895</ele><time>2026-04-04T16:02:10Z</time><extensions><speed>1.192580</speed><course>270.937970</course><hAcc>2.388916</hAcc><vAcc>1.523753</vAcc></extensions></trkpt>
      <trkpt lon="-77.021330" lat="38.904086"><ele>23.782068</ele><time>2026-04-04T16:02:11Z</time><extensions><speed>1.191274</speed><course>270.938889</course><hAcc>2.389474</hAcc><vAcc>1.524125</vAcc></extensions></trkpt>
      <trkpt lon="-77.021343" lat="38.904087"><ele>23.796199</ele><time>2026-04-04T16:02:12Z</time><extensions><speed>1.191855</speed><course>270.972403</course><hAcc>2.390594</hAcc><vAcc>1.526046</vAcc></extensions></trkpt>
      <trkpt lon="-77.021357" lat="38.904087"><ele>23.809759</ele><time>2026-04-04T16:02:13Z</time><extensions><speed>1.193760</speed><course>270.993997</course><hAcc>2.392194</hAcc><vAcc>1.529580</vAcc></extensions></trkpt>
      <trkpt lon="-77.021371" lat="38.904087"><ele>23.822574</ele><time>2026-04-04T16:02:14Z</time><extensions><speed>1.196210</speed><course>271.008971</course><hAcc>2.393919</hAcc><vAcc>1.534735</vAcc></extensions></trkpt>
      <trkpt lon="-77.021385" lat="38.904087"><ele>23.835280</ele><time>2026-04-04T16:02:15Z</time><extensions><speed>1.191440</speed><course>271.011814</course><hAcc>2.395658</hAcc><vAcc>1.541435</vAcc></extensions></trkpt>
      <trkpt lon="-77.021398" lat="38.904088"><ele>23.848112</ele><time>2026-04-04T16:02:16Z</time><extensions><speed>1.187436</speed><course>271.004943</course><hAcc>2.397315</hAcc><vAcc>1.549541</vAcc></extensions></trkpt>
      <trkpt lon="-77.021412" lat="38.904088"><ele>23.861295</ele><time>2026-04-04T16:02:17Z</time><extensions><speed>1.185216</speed><course>271.008589</course><hAcc>2.398885</hAcc><vAcc>1.558846</vAcc></extensions></trkpt>
      <trkpt lon="-77.021426" lat="38.904088"><ele>23.875337</ele><time>2026-04-04T16:02:18Z</time><extensions><speed>1.183223</speed><course>271.021489</course><hAcc>2.400464</hAcc><vAcc>1.569097</vAcc></extensions></trkpt>
      <trkpt lon="-77.021439" lat="38.904088"><ele>23.890044</ele><time>2026-04-04T16:02:19Z</time><extensions><speed>1.181402</speed><course>271.070282</course><hAcc>2.401960</hAcc><vAcc>1.580023</vAcc></extensions></trkpt>
      <trkpt lon="-77.021453" lat="38.904089"><ele>23.905591</ele><time>2026-04-04T16:02:20Z</time><extensions><speed>1.180722</speed><course>271.145077</course><hAcc>2.403350</hAcc><vAcc>1.591351</vAcc></extensions></trkpt>
      <trkpt lon="-77.021467" lat="38.904089"><ele>23.922183</ele><time>2026-04-04T16:02:21Z</time><extensions><speed>1.181973</speed><course>271.217265</course><hAcc>2.404623</hAcc><vAcc>1.602821</vAcc></extensions></trkpt>
      <trkpt lon="-77.021481" lat="38.904090"><ele>23.939681</ele><time>2026-04-04T16:02:22Z</time><extensions><speed>1.182162</speed><course>271.257572</course><hAcc>2.405792</hAcc><vAcc>1.614186</vAcc></extensions></trkpt>
      <trkpt lon="-77.021494" lat="38.904090"><ele>23.957913</ele><time>2026-04-04T16:02:23Z</time><extensions><speed>1.181607</speed><course>271.245913</course><hAcc>2.406876</hAcc><vAcc>1.625205</vAcc></extensions></trkpt>
      <trkpt lon="-77.021508" lat="38.904090"><ele>23.976647</ele><time>2026-04-04T16:02:24Z</time><extensions><speed>1.180264</speed><course>271.231454</course><hAcc>2.407883</hAcc><vAcc>1.635667</vAcc></extensions></trkpt>
      <trkpt lon="-77.021522" lat="38.904090"><ele>23.995720</ele><time>2026-04-04T16:02:25Z</time><extensions><speed>1.177905</speed><course>271.206349</course><hAcc>2.408830</hAcc><vAcc>1.645379</vAcc></extensions></trkpt>
      <trkpt lon="-77.021535" lat="38.904091"><ele>24.014968</ele><time>2026-04-04T16:02:26Z</time><extensions><speed>1.175029</speed><course>271.168642</course><hAcc>2.409712</hAcc><vAcc>1.654205</vAcc></extensions></trkpt>
      <trkpt lon="-77.021549" lat="38.904091"><ele>24.034310</ele><time>2026-04-04T16:02:27Z</time><extensions><speed>1.171238</speed><course>271.126913</course><hAcc>2.410541</hAcc><vAcc>1.662047</vAcc></extensions></trkpt>
      <trkpt lon="-77.021563" lat="38.904091"><ele>24.053806</ele><time>2026-04-04T16:02:28Z</time><extensions><speed>1.165943</speed><course>271.066240</course><hAcc>2.411467</hAcc><vAcc>1.668864</vAcc></extensions></trkpt>
      <trkpt lon="-77.021576" lat="38.904091"><ele>24.073289</ele><time>2026-04-04T16:02:29Z</time><extensions><speed>1.159940</speed><course>270.987371</course><hAcc>2.412607</hAcc><vAcc>1.674656</vAcc></extensions></trkpt>
      <trkpt lon="-77.021589" lat="38.904092"><ele>24.092647</ele><time>2026-04-04T16:02:30Z</time><extensions><speed>1.152899</speed><course>270.887946</course><hAcc>2.414021</hAcc><vAcc>1.679450</vAcc></extensions></trkpt>
      <trkpt lon="-77.021603" lat="38.904092"><ele>24.111520</ele><time>2026-04-04T16:02:31Z</time><extensions><speed>1.145370</speed><course>270.765828</course><hAcc>2.415760</hAcc><vAcc>1.683301</vAcc></extensions></trkpt>
      <trkpt lon="-77.021616" lat="38.904092"><ele>24.130029</ele><time>2026-04-04T16:02:32Z</time><extensions><speed>1.138471</speed><course>270.618209</course><hAcc>2.417793</hAcc><vAcc>1.686283</vAcc></extensions></trkpt>
      <trkpt lon="-77.021629" lat="38.904092"><ele>24.148476</ele><time>2026-04-04T16:02:33Z</time><extensions><speed>1.133447</speed><course>270.442042</course><hAcc>2.419848</hAcc><vAcc>1.688490</vAcc></extensions></trkpt>
      <trkpt lon="-77.021642" lat="38.904092"><ele>24.167073</ele><time>2026-04-04T16:02:34Z</time><extensions><speed>1.123338</speed><course>270.232217</course><hAcc>2.421585</hAcc><vAcc>1.690035</vAcc></extensions></trkpt>
      <trkpt lon="-77.021655" lat="38.904092"><ele>24.185397</ele><time>2026-04-04T16:02:35Z</time><extensions><speed>1.109593</speed><course>269.978825</course><hAcc>2.422714</hAcc><vAcc>1.691054</vAcc></extensions></trkpt>
      <trkpt lon="-77.021667" lat="38.904092"><ele>24.203560</ele><time>2026-04-04T16:02:36Z</time><extensions><speed>1.091396</speed><course>269.675817</course><hAcc>2.423232</hAcc><vAcc>1.691705</vAcc></extensions></trkpt>
      <trkpt lon="-77.021680" lat="38.904092"><ele>24.221814</ele><time>2026-04-04T16:02:37Z</time><extensions><speed>1.071689</speed><course>269.315578</course><hAcc>2.423174</hAcc><vAcc>1.692158</vAcc></extensions></trkpt>
      <trkpt lon="-77.021692" lat="38.904092"><ele>24.240555</ele><time>2026-04-04T16:02:38Z</time><extensions><speed>1.051774</speed><course>268.891943</course><hAcc>2.422509</hAcc><vAcc>1.692581</vAcc></extensions></trkpt>
      <trkpt lon="-77.021704" lat="38.904092"><ele>24.259482</ele><time>2026-04-04T16:02:39Z</time><extensions><speed>1.028953</speed><course>268.386712</course><hAcc>2.421176</hAcc><vAcc>1.693129</vAcc></extensions></trkpt>
      <trkpt lon="-77.021716" lat="38.904091"><ele>24.278691</ele><time>2026-04-04T16:02:40Z</time><extensions><speed>1.001842</speed><course>267.779379</course><hAcc>2.419139</hAcc><vAcc>1.693946</vAcc></extensions></trkpt>
      <trkpt lon="-77.021727" lat="38.904091"><ele>24.299121</ele><time>2026-04-04T16:02:41Z</time><extensions><speed>0.970384</speed><course>267.046729</course><hAcc>2.416434</hAcc><vAcc>1.695160</vAcc></extensions></trkpt>
      <trkpt lon="-77.021738" lat="38.904090"><ele>24.320698</ele><time>2026-04-04T16:02:42Z</time><extensions><speed>0.937928</speed><course>266.170959</course><hAcc>2.413165</hAcc><vAcc>1.696876</vAcc></extensions></trkpt>
      <trkpt lon="-77.021749" lat="38.904090"><ele>24.342762</ele><time>2026-04-04T16:02:43Z</time><extensions><speed>0.907523</speed><course>265.145320</course><hAcc>2.409573</hAcc><vAcc>1.699163</vAcc></extensions></trkpt>
      <trkpt lon="-77.021759" lat="38.904089"><ele>24.366218</ele><time>2026-04-04T16:02:44Z</time><extensions><speed>0.879775</speed><course>263.983672</course><hAcc>2.406025</hAcc><vAcc>1.702013</vAcc></extensions></trkpt>
      <trkpt lon="-77.021769" lat="38.904088"><ele>24.390415</ele><time>2026-04-04T16:02:45Z</time><extensions><speed>0.858232</speed><course>262.700498</course><hAcc>2.402842</hAcc><vAcc>1.705339</vAcc></extensions></trkpt>
      <trkpt lon="-77.021779" lat="38.904087"><ele>24.415156</ele><time>2026-04-04T16:02:46Z</time><extensions><speed>0.842286</speed><course>261.328007</course><hAcc>2.400342</hAcc><vAcc>1.708996</vAcc></extensions></trkpt>
      <trkpt lon="-77.021788" lat="38.904086"><ele>24.440427</ele><time>2026-04-04T16:02:47Z</time><extensions><speed>0.832166</speed><course>259.886814</course><hAcc>2.398727</hAcc><vAcc>1.712810</vAcc></extensions></trkpt>
      <trkpt lon="-77.021798" lat="38.904084"><ele>24.465997</ele><time>2026-04-04T16:02:48Z</time><extensions><speed>0.826872</speed><course>258.387762</course><hAcc>2.398063</hAcc><vAcc>1.716591</vAcc></extensions></trkpt>
      <trkpt lon="-77.021807" lat="38.904083"><ele>24.491334</ele><time>2026-04-04T16:02:49Z</time><extensions><speed>0.823875</speed><course>256.803578</course><hAcc>2.398293</hAcc><vAcc>1.720158</vAcc></extensions></trkpt>
      <trkpt lon="-77.021816" lat="38.904081"><ele>24.516171</ele><time>2026-04-04T16:02:50Z</time><extensions><speed>0.825970</speed><course>255.155932</course><hAcc>2.399303</hAcc><vAcc>1.723332</vAcc></extensions></trkpt>
      <trkpt lon="-77.021825" lat="38.904079"><ele>24.540736</ele><time>2026-04-04T16:02:51Z</time><extensions><speed>0.834866</speed><course>253.540999</course><hAcc>2.401034</hAcc><vAcc>1.725942</vAcc></extensions></trkpt>
      <trkpt lon="-77.021835" lat="38.904077"><ele>24.564785</ele><time>2026-04-04T16:02:52Z</time><extensions><speed>0.847848</speed><course>251.924357</course><hAcc>2.403410</hAcc><vAcc>1.727843</vAcc></extensions></trkpt>
      <trkpt lon="-77.021844" lat="38.904074"><ele>24.588033</ele><time>2026-04-04T16:02:53Z</time><extensions><speed>0.865151</speed><course>250.304498</course><hAcc>2.406343</hAcc><vAcc>1.728904</vAcc></extensions></trkpt>
      <trkpt lon="-77.021853" lat="38.904071"><ele>24.610351</ele><time>2026-04-04T16:02:54Z</time><extensions><speed>0.886611</speed><course>248.696262</course><hAcc>2.409795</hAcc><vAcc>1.729023</vAcc></extensions></trkpt>
      <trkpt lon="-77.021863" lat="38.904068"><ele>24.631615</ele><time>2026-04-04T16:02:55Z</time><extensions><speed>0.913550</speed><course>247.179708</course><hAcc>2.413757</hAcc><vAcc>1.728131</vAcc></extensions></trkpt>
      <trkpt lon="-77.021873" lat="38.904065"><ele>24.651922</ele><time>2026-04-04T16:02:56Z</time><extensions><speed>0.946021</speed><course>245.810090</course><hAcc>2.418149</hAcc><vAcc>1.726171</vAcc></extensions></trkpt>
      <trkpt lon="-77.021883" lat="38.904061"><ele>24.670437</ele><time>2026-04-04T16:02:57Z</time><extensions><speed>0.981410</speed><course>244.551859</course><hAcc>2.422710</hAcc><vAcc>1.723113</vAcc></extensions></trkpt>
      <trkpt lon="-77.021893" lat="38.904057"><ele>24.687315</ele><time>2026-04-04T16:02:58Z</time><extensions><speed>1.016333</speed><course>243.121080</course><hAcc>2.427003</hAcc><vAcc>1.718956</vAcc></extensions></trkpt>
      <trkpt lon="-77.021904" lat="38.904053"><ele>24.702175</ele><time>2026-04-04T16:02:59Z</time><extensions><speed>1.049292</speed><course>241.500136</course><hAcc>2.430677</hAcc><vAcc>1.713724</vAcc></extensions></trkpt>
      <trkpt lon="-77.021914" lat="38.904048"><ele>24.715022</ele><time>2026-04-04T16:03:00Z</time><extensions><speed>1.073424</speed><course>239.636714</course><hAcc>2.433401</hAcc><vAcc>1.707456</vAcc></extensions></trkpt>
      <trkpt lon="-77.021925" lat="38.904043"><ele>24.724729</ele><time>2026-04-04T16:03:01Z</time><extensions><speed>1.096277</speed><course>237.234533</course><hAcc>2.434812</hAcc><vAcc>1.700216</vAcc></extensions></trkpt>
      <trkpt lon="-77.021936" lat="38.904037"><ele>24.731201</ele><time>2026-04-04T16:03:02Z</time><extensions><speed>1.114558</speed><course>234.553683</course><hAcc>2.434892</hAcc><vAcc>1.692096</vAcc></extensions></trkpt>
      <trkpt lon="-77.021946" lat="38.904031"><ele>24.734744</ele><time>2026-04-04T16:03:03Z</time><extensions><speed>1.130380</speed><course>231.688164</course><hAcc>2.433729</hAcc><vAcc>1.683226</vAcc></extensions></trkpt>
      <trkpt lon="-77.021956" lat="38.904025"><ele>24.734860</ele><time>2026-04-04T16:03:04Z</time><extensions><speed>1.141754</speed><course>228.680456</course><hAcc>2.431686</hAcc><vAcc>1.673757</vAcc></extensions></trkpt>
      <trkpt lon="-77.021966" lat="38.904018"><ele>24.731659</ele><time>2026-04-04T16:03:05Z</time><extensions><speed>1.153592</speed><course>225.451157</course><hAcc>2.429259</hAcc><vAcc>1.663864</vAcc></extensions></trkpt>
      <trkpt lon="-77.021975" lat="38.904010"><ele>24.725186</ele><time>2026-04-04T16:03:06Z</time><extensions><speed>1.167503</speed><course>222.186511</course><hAcc>2.427218</hAcc><vAcc>1.653729</vAcc></extensions></trkpt>
      <trkpt lon="-77.021984" lat="38.904002"><ele>24.714874</ele><time>2026-04-04T16:03:07Z</time><extensions><speed>1.185453</speed><course>219.027151</course><hAcc>2.426365</hAcc><vAcc>1.643525</vAcc></extensions></trkpt>
      <trkpt lon="-77.021992" lat="38.903994"><ele>24.700868</ele><time>2026-04-04T16:03:08Z</time><extensions><speed>1.205573</speed><course>215.841643</course><hAcc>2.427380</hAcc><vAcc>1.633389</vAcc></extensions></trkpt>
      <trkpt lon="-77.022000" lat="38.903985"><ele>24.682798</ele><time>2026-04-04T16:03:09Z</time><extensions><speed>1.225392</speed><course>212.615959</course><hAcc>2.431023</hAcc><vAcc>1.623434</vAcc></extensions></trkpt>
      <trkpt lon="-77.022007" lat="38.903975"><ele>24.660756</ele><time>2026-04-04T16:03:10Z</time><extensions><speed>1.239076</speed><course>209.443210</course><hAcc>2.438306</hAcc><vAcc>1.613739</vAcc></extensions></trkpt>
      <trkpt lon="-77.022014" lat="38.903965"><ele>24.635072</ele><time>2026-04-04T16:03:11Z</time><extensions><speed>1.246468</speed><course>206.657330</course><hAcc>2.450778</hAcc><vAcc>1.604386</vAcc></extensions></trkpt>
      <trkpt lon="-77.022020" lat="38.903955"><ele>24.605911</ele><time>2026-04-04T16:03:12Z</time><extensions><speed>1.248042</speed><course>204.452747</course><hAcc>2.470653</hAcc><vAcc>1.595455</vAcc></extensions></trkpt>
      <trkpt lon="-77.022026" lat="38.903945"><ele>24.572910</ele><time>2026-04-04T16:03:13Z</time><extensions><speed>1.244836</speed><course>202.702264</course><hAcc>2.500863</hAcc><vAcc>1.587026</vAcc></extensions></trkpt>
      <trkpt lon="-77.022031" lat="38.903934"><ele>24.536245</ele><time>2026-04-04T16:03:14Z</time><extensions><speed>1.243568</speed><course>201.274326</course><hAcc>2.544977</hAcc><vAcc>1.579167</vAcc></extensions></trkpt>
      <trkpt lon="-77.022036" lat="38.903924"><ele>24.496061</ele><time>2026-04-04T16:03:15Z</time><extensions><speed>1.243040</speed><course>200.188680</course><hAcc>2.607087</hAcc><vAcc>1.571912</vAcc></extensions></trkpt>
      <trkpt lon="-77.022041" lat="38.903913"><ele>24.452197</ele><time>2026-04-04T16:03:16Z</time><extensions><speed>1.243101</speed><course>199.416092</course><hAcc>2.691802</hAcc><vAcc>1.565250</vAcc></extensions></trkpt>
      <trkpt lon="-77.022046" lat="38.903903"><ele>24.405673</ele><time>2026-04-04T16:03:17Z</time><extensions><speed>1.244031</speed><course>198.940470</course><hAcc>2.804117</hAcc><vAcc>1.559141</vAcc></extensions></trkpt>
      <trkpt lon="-77.022049" lat="38.903891"><ele>24.356522</ele><time>2026-04-04T16:03:18Z</time><extensions><speed>1.321150</speed><course>183.224347</course><hAcc>2.844109</hAcc><vAcc>1.553555</vAcc></extensions></trkpt>
      <trkpt lon="-77.022049" lat="38.903879"><ele>24.304895</ele><time>2026-04-04T16:03:19Z</time><extensions><speed>1.400758</speed><course>178.320578</course><hAcc>2.843955</hAcc><vAcc>1.548368</vAcc></extensions></trkpt>
      <trkpt lon="-77.022048" lat="38.903866"><ele>24.251098</ele><time>2026-04-04T16:03:20Z</time><extensions><speed>1.430504</speed><course>176.663775</course><hAcc>2.848594</hAcc><vAcc>1.543479</vAcc></extensions></trkpt>
      <trkpt lon="-77.022047" lat="38.903854"><ele>24.195435</ele><time>2026-04-04T16:03:21Z</time><extensions><speed>1.411769</speed><course>175.993693</course><hAcc>2.854843</hAcc><vAcc>1.538775</vAcc></extensions></trkpt>
      <trkpt lon="-77.022046" lat="38.903841"><ele>24.138257</ele><time>2026-04-04T16:03:22Z</time><extensions><speed>1.407096</speed><course>176.651803</course><hAcc>2.861764</hAcc><vAcc>1.534164</vAcc></extensions></trkpt>
      <trkpt lon="-77.022046" lat="38.903828"><ele>24.079733</ele><time>2026-04-04T16:03:23Z</time><extensions><speed>1.450735</speed><course>179.979057</course><hAcc>2.872527</hAcc><vAcc>1.529552</vAcc></extensions></trkpt>
      <trkpt lon="-77.022046" lat="38.903815"><ele>24.020205</ele><time>2026-04-04T16:03:24Z</time><extensions><speed>1.432667</speed><course>182.211112</course><hAcc>2.884501</hAcc><vAcc>1.524880</vAcc></extensions></trkpt>
      <trkpt lon="-77.022047" lat="38.903803"><ele>23.959950</ele><time>2026-04-04T16:03:25Z</time><extensions><speed>1.263541</speed><course>183.442896</course><hAcc>2.885161</hAcc><vAcc>1.520113</vAcc></extensions></trkpt>
      <trkpt lon="-77.022048" lat="38.903792"><ele>23.899219</ele><time>2026-04-04T16:03:26Z</time><extensions><speed>1.238876</speed><course>183.720381</course><hAcc>2.891344</hAcc><vAcc>1.515229</vAcc></extensions></trkpt>
      <trkpt lon="-77.022049" lat="38.903780"><ele>23.838245</ele><time>2026-04-04T16:03:27Z</time><extensions><speed>1.316588</speed><course>184.246407</course><hAcc>2.905046</hAcc><vAcc>1.510214</vAcc></extensions></trkpt>
      <trkpt lon="-77.022050" lat="38.903769"><ele>23.777246</ele><time>2026-04-04T16:03:28Z</time><extensions><speed>1.255222</speed><course>182.212918</course><hAcc>2.909653</hAcc><vAcc>1.505062</vAcc></extensions></trkpt>
      <trkpt lon="-77.022050" lat="38.903757"><ele>23.716416</ele><time>2026-04-04T16:03:29Z</time><extensions><speed>1.274889</speed><course>181.496175</course><hAcc>2.913603</hAcc><vAcc>1.499794</vAcc></extensions></trkpt>
      <trkpt lon="-77.022050" lat="38.903746"><ele>23.655912</ele><time>2026-04-04T16:03:30Z</time><extensions><speed>1.204441</speed><course>181.165047</course><hAcc>2.916087</hAcc><vAcc>1.494472</vAcc></extensions></trkpt>
      <trkpt lon="-77.022051" lat="38.903735"><ele>23.595862</ele><time>2026-04-04T16:03:31Z</time><extensions><speed>1.214064</speed><course>182.132342</course><hAcc>2.917576</hAcc><vAcc>1.489205</vAcc></extensions></trkpt>
      <trkpt lon="-77.022051" lat="38.903724"><ele>23.536379</ele><time>2026-04-04T16:03:32Z</time><extensions><speed>1.241499</speed><course>182.116439</course><hAcc>2.922973</hAcc><vAcc>1.484150</vAcc></extensions></trkpt>
      <trkpt lon="-77.022052" lat="38.903713"><ele>23.477547</ele><time>2026-04-04T16:03:33Z</time><extensions><speed>1.302247</speed><course>181.764360</course><hAcc>2.932423</hAcc><vAcc>1.479485</vAcc></extensions></trkpt>
      <trkpt lon="-77.022052" lat="38.903701"><ele>23.419423</ele><time>2026-04-04T16:03:34Z</time><extensions><speed>1.361924</speed><course>181.748327</course><hAcc>2.936250</hAcc><vAcc>1.475387</vAcc></extensions></trkpt>
      <trkpt lon="-77.022053" lat="38.903689"><ele>23.362042</ele><time>2026-04-04T16:03:35Z</time><extensions><speed>1.308401</speed><course>181.988990</course><hAcc>2.938119</hAcc><vAcc>1.472030</vAcc></extensions></trkpt>
      <trkpt lon="-77.022053" lat="38.903677"><ele>23.305418</ele><time>2026-04-04T16:03:36Z</time><extensions><speed>1.246612</speed><course>183.621206</course><hAcc>2.943979</hAcc><vAcc>1.469583</vAcc></extensions></trkpt>
      <trkpt lon="-77.022054" lat="38.903666"><ele>23.249542</ele><time>2026-04-04T16:03:37Z</time><extensions><speed>1.223073</speed><course>184.570542</course><hAcc>2.952869</hAcc><vAcc>1.468191</vAcc></extensions></trkpt>
      <trkpt lon="-77.022056" lat="38.903655"><ele>23.194398</ele><time>2026-04-04T16:03:38Z</time><extensions><speed>1.201242</speed><course>184.374412</course><hAcc>2.957293</hAcc><vAcc>1.467967</vAcc></extensions></trkpt>
      <trkpt lon="-77.022057" lat="38.903645"><ele>23.139961</ele><time>2026-04-04T16:03:39Z</time><extensions><speed>1.190191</speed><course>183.733460</course><hAcc>2.960142</hAcc><vAcc>1.468992</vAcc></extensions></trkpt>
      <trkpt lon="-77.022057" lat="38.903634"><ele>23.086197</ele><time>2026-04-04T16:03:40Z</time><extensions><speed>1.210925</speed><course>183.189217</course><hAcc>2.963523</hAcc><vAcc>1.471312</vAcc></extensions></trkpt>
      <trkpt lon="-77.022058" lat="38.903623"><ele>23.033082</ele><time>2026-04-04T16:03:41Z</time><extensions><speed>1.248974</speed><course>183.189036</course><hAcc>2.965844</hAcc><vAcc>1.474950</vAcc></extensions></trkpt>
      <trkpt lon="-77.022059" lat="38.903611"><ele>22.980617</ele><time>2026-04-04T16:03:42Z</time><extensions><speed>1.238028</speed><course>183.497686</course><hAcc>2.970528</hAcc><vAcc>1.479902</vAcc></extensions></trkpt>
      <trkpt lon="-77.022060" lat="38.903600"><ele>22.928828</ele><time>2026-04-04T16:03:43Z</time><extensions><speed>1.214494</speed><course>182.511388</course><hAcc>2.975531</hAcc><vAcc>1.486139</vAcc></extensions></trkpt>
      <trkpt lon="-77.022060" lat="38.903589"><ele>22.877800</ele><time>2026-04-04T16:03:44Z</time><extensions><speed>1.270723</speed><course>181.511183</course><hAcc>2.982945</hAcc><vAcc>1.493600</vAcc></extensions></trkpt>
      <trkpt lon="-77.022061" lat="38.903578"><ele>22.827526</ele><time>2026-04-04T16:03:45Z</time><extensions><speed>1.292216</speed><course>181.605584</course><hAcc>2.991838</hAcc><vAcc>1.502209</vAcc></extensions></trkpt>
      <trkpt lon="-77.022061" lat="38.903566"><ele>22.778136</ele><time>2026-04-04T16:03:46Z</time><extensions><speed>1.218278</speed><course>182.962501</course><hAcc>3.000956</hAcc><vAcc>1.511863</vAcc></extensions></trkpt>
      <trkpt lon="-77.022062" lat="38.903556"><ele>22.729727</ele><time>2026-04-04T16:03:47Z</time><extensions><speed>1.142555</speed><course>185.444233</course><hAcc>3.008139</hAcc><vAcc>1.522507</vAcc></extensions></trkpt>
      <trkpt lon="-77.022064" lat="38.903546"><ele>22.682390</ele><time>2026-04-04T16:03:48Z</time><extensions><speed>1.136284</speed><course>187.274207</course><hAcc>3.014064</hAcc><vAcc>1.534158</vAcc></extensions></trkpt>
      <trkpt lon="-77.022065" lat="38.903536"><ele>22.636210</ele><time>2026-04-04T16:03:49Z</time><extensions><speed>1.072170</speed><course>186.725849</course><hAcc>3.013473</hAcc><vAcc>1.546910</vAcc></extensions></trkpt>
      <trkpt lon="-77.022067" lat="38.903526"><ele>22.591272</ele><time>2026-04-04T16:03:50Z</time><extensions><speed>1.005132</speed><course>185.562561</course><hAcc>3.005630</hAcc><vAcc>1.560942</vAcc></extensions></trkpt>
      <trkpt lon="-77.022067" lat="38.903517"><ele>22.547641</ele><time>2026-04-04T16:03:51Z</time><extensions><speed>0.997383</speed><course>183.607459</course><hAcc>3.019894</hAcc><vAcc>1.576516</vAcc></extensions></trkpt>
      <trkpt lon="-77.022068" lat="38.903508"><ele>22.505358</ele><time>2026-04-04T16:03:52Z</time><extensions><speed>1.079983</speed><course>181.885797</course><hAcc>3.054402</hAcc><vAcc>1.593979</vAcc></extensions></trkpt>
      <trkpt lon="-77.022068" lat="38.903498"><ele>22.464462</ele><time>2026-04-04T16:03:53Z</time><extensions><speed>1.118815</speed><course>181.876111</course><hAcc>3.082115</hAcc><vAcc>1.613764</vAcc></extensions></trkpt>
      <trkpt lon="-77.022069" lat="38.903488"><ele>22.425002</ele><time>2026-04-04T16:03:54Z</time><extensions><speed>1.181366</speed><course>184.238942</course><hAcc>3.099665</hAcc><vAcc>1.636407</vAcc></extensions></trkpt>
      <trkpt lon="-77.022070" lat="38.903477"><ele>22.387033</ele><time>2026-04-04T16:03:55Z</time><extensions><speed>1.229234</speed><course>186.459426</course><hAcc>3.117220</hAcc><vAcc>1.662577</vAcc></extensions></trkpt>
      <trkpt lon="-77.022072" lat="38.903466"><ele>22.350617</ele><time>2026-04-04T16:03:56Z</time><extensions><speed>1.215129</speed><course>188.038334</course><hAcc>3.139837</hAcc><vAcc>1.693092</vAcc></extensions></trkpt>
      <trkpt lon="-77.022074" lat="38.903455"><ele>22.315795</ele><time>2026-04-04T16:03:57Z</time><extensions><speed>1.333323</speed><course>188.237199</course><hAcc>3.172618</hAcc><vAcc>1.728920</vAcc></extensions></trkpt>
      <trkpt lon="-77.022077" lat="38.903442"><ele>22.273632</ele><time>2026-04-04T16:03:58Z</time><extensions><speed>1.369896</speed><course>185.495764</course><hAcc>3.173464</hAcc><vAcc>1.727708</vAcc></extensions></trkpt>
      <trkpt lon="-77.022078" lat="38.903430"><ele>22.232646</ele><time>2026-04-04T16:03:59Z</time><extensions><speed>1.261833</speed><course>179.864396</course><hAcc>3.175377</hAcc><vAcc>1.724686</vAcc></extensions></trkpt>
      <trkpt lon="-77.022079" lat="38.903419"><ele>22.190630</ele><time>2026-04-04T16:04:00Z</time><extensions><speed>1.105816</speed><course>177.658514</course><hAcc>3.156700</hAcc><vAcc>1.724778</vAcc></extensions></trkpt>
      <trkpt lon="-77.022078" lat="38.903409"><ele>22.158755</ele><time>2026-04-04T16:04:01Z</time><extensions><speed>1.085171</speed><course>176.102312</course><hAcc>3.146464</hAcc><vAcc>1.727423</vAcc></extensions></trkpt>
      <trkpt lon="-77.022078" lat="38.903399"><ele>22.130656</ele><time>2026-04-04T16:04:02Z</time><extensions><speed>1.226549</speed><course>176.326971</course><hAcc>3.134546</hAcc><vAcc>1.731167</vAcc></extensions></trkpt>
      <trkpt lon="-77.022077" lat="38.903387"><ele>22.100436</ele><time>2026-04-04T16:04:03Z</time><extensions><speed>1.291625</speed><course>176.878747</course><hAcc>3.130606</hAcc><vAcc>1.739468</vAcc></extensions></trkpt>
      <trkpt lon="-77.022076" lat="38.903375"><ele>22.071614</ele><time>2026-04-04T16:04:04Z</time><extensions><speed>1.375728</speed><course>174.343058</course><hAcc>3.133416</hAcc><vAcc>1.749791</vAcc></extensions></trkpt>
      <trkpt lon="-77.022074" lat="38.903362"><ele>22.045806</ele><time>2026-04-04T16:04:05Z</time><extensions><speed>1.472296</speed><course>174.103461</course><hAcc>3.137736</hAcc><vAcc>1.759981</vAcc></extensions></trkpt>
      <trkpt lon="-77.022072" lat="38.903348"><ele>22.020902</ele><time>2026-04-04T16:04:06Z</time><extensions><speed>1.495697</speed><course>173.831439</course><hAcc>3.146761</hAcc><vAcc>1.769841</vAcc></extensions></trkpt>
      <trkpt lon="-77.022071" lat="38.903335"><ele>22.002202</ele><time>2026-04-04T16:04:07Z</time><extensions><speed>1.348418</speed><course>175.922383</course><hAcc>3.155020</hAcc><vAcc>1.778778</vAcc></extensions></trkpt>
      <trkpt lon="-77.022071" lat="38.903323"><ele>21.977393</ele><time>2026-04-04T16:04:08Z</time><extensions><speed>1.281757</speed><course>185.487004</course><hAcc>3.138323</hAcc><vAcc>1.785855</vAcc></extensions></trkpt>
      <trkpt lon="-77.022072" lat="38.903312"><ele>21.943584</ele><time>2026-04-04T16:04:09Z</time><extensions><speed>1.169562</speed><course>188.906657</course><hAcc>3.129034</hAcc><vAcc>1.789887</vAcc></extensions></trkpt>
      <trkpt lon="-77.022074" lat="38.903301"><ele>21.917132</ele><time>2026-04-04T16:04:10Z</time><extensions><speed>1.093908</speed><course>188.829359</course><hAcc>3.130215</hAcc><vAcc>1.800728</vAcc></extensions></trkpt>
      <trkpt lon="-77.022076" lat="38.903291"><ele>21.893208</ele><time>2026-04-04T16:04:11Z</time><extensions><speed>1.066039</speed><course>187.831222</course><hAcc>3.133943</hAcc><vAcc>1.808953</vAcc></extensions></trkpt>
      <trkpt lon="-77.022077" lat="38.903281"><ele>21.870002</ele><time>2026-04-04T16:04:12Z</time><extensions><speed>1.067744</speed><course>185.751049</course><hAcc>3.138343</hAcc><vAcc>1.816019</vAcc></extensions></trkpt>
      <trkpt lon="-77.022078" lat="38.903271"><ele>21.840825</ele><time>2026-04-04T16:04:13Z</time><extensions><speed>1.143408</speed><course>184.521000</course><hAcc>3.144030</hAcc><vAcc>1.825729</vAcc></extensions></trkpt>
      <trkpt lon="-77.022078" lat="38.903260"><ele>21.813456</ele><time>2026-04-04T16:04:14Z</time><extensions><speed>1.168132</speed><course>184.580981</course><hAcc>3.143475</hAcc><vAcc>1.835506</vAcc></extensions></trkpt>
      <trkpt lon="-77.022079" lat="38.903249"><ele>21.788714</ele><time>2026-04-04T16:04:15Z</time><extensions><speed>1.233613</speed><course>185.358035</course><hAcc>3.141548</hAcc><vAcc>1.844810</vAcc></extensions></trkpt>
      <trkpt lon="-77.022080" lat="38.903238"><ele>21.762581</ele><time>2026-04-04T16:04:16Z</time><extensions><speed>1.201938</speed><course>185.820173</course><hAcc>3.140780</hAcc><vAcc>1.856399</vAcc></extensions></trkpt>
      <trkpt lon="-77.022081" lat="38.903227"><ele>21.729761</ele><time>2026-04-04T16:04:17Z</time><extensions><speed>1.132094</speed><course>184.445577</course><hAcc>3.142466</hAcc><vAcc>1.868994</vAcc></extensions></trkpt>
      <trkpt lon="-77.022082" lat="38.903217"><ele>21.696143</ele><time>2026-04-04T16:04:18Z</time><extensions><speed>1.084002</speed><course>182.530655</course><hAcc>3.144260</hAcc><vAcc>1.883622</vAcc></extensions></trkpt>
      <trkpt lon="-77.022082" lat="38.903207"><ele>21.676122</ele><time>2026-04-04T16:04:19Z</time><extensions><speed>1.049712</speed><course>179.993111</course><hAcc>3.145555</hAcc><vAcc>1.895778</vAcc></extensions></trkpt>
      <trkpt lon="-77.022081" lat="38.903197"><ele>21.662786</ele><time>2026-04-04T16:04:20Z</time><extensions><speed>1.102157</speed><course>178.642616</course><hAcc>3.146587</hAcc><vAcc>1.911270</vAcc></extensions></trkpt>
      <trkpt lon="-77.022081" lat="38.903187"><ele>21.642883</ele><time>2026-04-04T16:04:21Z</time><extensions><speed>1.117368</speed><course>179.321528</course><hAcc>3.144352</hAcc><vAcc>1.922124</vAcc></extensions></trkpt>
      <trkpt lon="-77.022081" lat="38.903177"><ele>21.626629</ele><time>2026-04-04T16:04:22Z</time><extensions><speed>1.095168</speed><course>180.991241</course><hAcc>3.141280</hAcc><vAcc>1.931611</vAcc></extensions></trkpt>
      <trkpt lon="-77.022081" lat="38.903167"><ele>21.602741</ele><time>2026-04-04T16:04:23Z</time><extensions><speed>1.066056</speed><course>182.357964</course><hAcc>3.138155</hAcc><vAcc>1.944334</vAcc></extensions></trkpt>
      <trkpt lon="-77.022081" lat="38.903157"><ele>21.570795</ele><time>2026-04-04T16:04:24Z</time><extensions><speed>1.049477</speed><course>182.563213</course><hAcc>3.134530</hAcc><vAcc>1.960743</vAcc></extensions></trkpt>
      <trkpt lon="-77.022081" lat="38.903148"><ele>21.538156</ele><time>2026-04-04T16:04:25Z</time><extensions><speed>1.132000</speed><course>182.760833</course><hAcc>3.132465</hAcc><vAcc>1.982883</vAcc></extensions></trkpt>
      <trkpt lon="-77.022082" lat="38.903137"><ele>21.514987</ele><time>2026-04-04T16:04:26Z</time><extensions><speed>1.215259</speed><course>182.231553</course><hAcc>3.132035</hAcc><vAcc>2.004716</vAcc></extensions></trkpt>
      <trkpt lon="-77.022082" lat="38.903126"><ele>21.492632</ele><time>2026-04-04T16:04:27Z</time><extensions><speed>1.272178</speed><course>180.832883</course><hAcc>3.129538</hAcc><vAcc>2.021584</vAcc></extensions></trkpt>
      <trkpt lon="-77.022082" lat="38.903114"><ele>21.476097</ele><time>2026-04-04T16:04:28Z</time><extensions><speed>1.318383</speed><course>180.257130</course><hAcc>3.126580</hAcc><vAcc>2.034085</vAcc></extensions></trkpt>
      <trkpt lon="-77.022082" lat="38.903102"><ele>21.475167</ele><time>2026-04-04T16:04:29Z</time><extensions><speed>1.465207</speed><course>179.531954</course><hAcc>3.127300</hAcc><vAcc>2.046967</vAcc></extensions></trkpt>
      <trkpt lon="-77.022082" lat="38.903089"><ele>21.473490</ele><time>2026-04-04T16:04:30Z</time><extensions><speed>1.366064</speed><course>177.997984</course><hAcc>3.129805</hAcc><vAcc>2.062047</vAcc></extensions></trkpt>
      <trkpt lon="-77.022081" lat="38.903076"><ele>21.457851</ele><time>2026-04-04T16:04:31Z</time><extensions><speed>1.375709</speed><course>176.683865</course><hAcc>3.108899</hAcc><vAcc>2.078998</vAcc></extensions></trkpt>
      <trkpt lon="-77.022081" lat="38.903063"><ele>21.456935</ele><time>2026-04-04T16:04:32Z</time><extensions><speed>1.347760</speed><course>176.520625</course><hAcc>3.098089</hAcc><vAcc>2.096096</vAcc></extensions></trkpt>
      <trkpt lon="-77.022080" lat="38.903051"><ele>21.448073</ele><time>2026-04-04T16:04:33Z</time><extensions><speed>1.369790</speed><course>176.723015</course><hAcc>3.099545</hAcc><vAcc>2.117192</vAcc></extensions></trkpt>
      <trkpt lon="-77.022079" lat="38.903038"><ele>21.430713</ele><time>2026-04-04T16:04:34Z</time><extensions><speed>1.427466</speed><course>177.454749</course><hAcc>3.107780</hAcc><vAcc>2.129725</vAcc></extensions></trkpt>
      <trkpt lon="-77.022079" lat="38.903025"><ele>21.436577</ele><time>2026-04-04T16:04:35Z</time><extensions><speed>1.355872</speed><course>180.161857</course><hAcc>3.115812</hAcc><vAcc>2.138365</vAcc></extensions></trkpt>
      <trkpt lon="-77.022080" lat="38.903013"><ele>21.446487</ele><time>2026-04-04T16:04:36Z</time><extensions><speed>1.323933</speed><course>180.035197</course><hAcc>3.103552</hAcc><vAcc>2.151055</vAcc></extensions></trkpt>
      <trkpt lon="-77.022080" lat="38.903001"><ele>21.464679</ele><time>2026-04-04T16:04:37Z</time><extensions><speed>1.336647</speed><course>182.240220</course><hAcc>3.080088</hAcc><vAcc>2.161213</vAcc></extensions></trkpt>
      <trkpt lon="-77.022081" lat="38.902988"><ele>21.467586</ele><time>2026-04-04T16:04:38Z</time><extensions><speed>1.426697</speed><course>183.078988</course><hAcc>3.071806</hAcc><vAcc>2.170579</vAcc></extensions></trkpt>
      <trkpt lon="-77.022082" lat="38.902975"><ele>21.464688</ele><time>2026-04-04T16:04:39Z</time><extensions><speed>1.571381</speed><course>183.686082</course><hAcc>3.075914</hAcc><vAcc>2.177485</vAcc></extensions></trkpt>
      <trkpt lon="-77.022084" lat="38.902961"><ele>21.462423</ele><time>2026-04-04T16:04:40Z</time><extensions><speed>1.563572</speed><course>186.194406</course><hAcc>3.086861</hAcc><vAcc>2.185373</vAcc></extensions></trkpt>
      <trkpt lon="-77.022086" lat="38.902948"><ele>21.457492</ele><time>2026-04-04T16:04:41Z</time><extensions><speed>1.413465</speed><course>188.478863</course><hAcc>3.099395</hAcc><vAcc>2.193978</vAcc></extensions></trkpt>
      <trkpt lon="-77.022090" lat="38.902935"><ele>21.451566</ele><time>2026-04-04T16:04:42Z</time><extensions><speed>1.437006</speed><course>191.014038</course><hAcc>3.096803</hAcc><vAcc>2.203263</vAcc></extensions></trkpt>
      <trkpt lon="-77.022094" lat="38.902923"><ele>21.445301</ele><time>2026-04-04T16:04:43Z</time><extensions><speed>1.357398</speed><course>197.153601</course><hAcc>3.104578</hAcc><vAcc>2.209113</vAcc></extensions></trkpt>
      <trkpt lon="-77.022099" lat="38.902912"><ele>21.437834</ele><time>2026-04-04T16:04:44Z</time><extensions><speed>1.345769</speed><course>199.846177</course><hAcc>3.100708</hAcc><vAcc>2.210304</vAcc></extensions></trkpt>
      <trkpt lon="-77.022105" lat="38.902900"><ele>21.427040</ele><time>2026-04-04T16:04:45Z</time><extensions><speed>1.327252</speed><course>202.680521</course><hAcc>3.110642</hAcc><vAcc>2.210241</vAcc></extensions></trkpt>
      <trkpt lon="-77.022111" lat="38.902890"><ele>21.417272</ele><time>2026-04-04T16:04:46Z</time><extensions><speed>1.217862</speed><course>207.569923</course><hAcc>3.124807</hAcc><vAcc>2.210641</vAcc></extensions></trkpt>
      <trkpt lon="-77.022117" lat="38.902882"><ele>21.407309</ele><time>2026-04-04T16:04:47Z</time><extensions><speed>0.919308</speed><course>208.971672</course><hAcc>3.134722</hAcc><vAcc>2.208354</vAcc></extensions></trkpt>
      <trkpt lon="-77.022122" lat="38.902875"><ele>21.391561</ele><time>2026-04-04T16:04:48Z</time><extensions><speed>0.740421</speed><course>210.588179</course><hAcc>3.164722</hAcc><vAcc>2.205151</vAcc></extensions></trkpt>
      <trkpt lon="-77.022127" lat="38.902870"><ele>21.376065</ele><time>2026-04-04T16:04:49Z</time><extensions><speed>0.641548</speed><course>214.014047</course><hAcc>3.203186</hAcc><vAcc>2.201410</vAcc></extensions></trkpt>
      <trkpt lon="-77.022131" lat="38.902866"><ele>21.353299</ele><time>2026-04-04T16:04:50Z</time><extensions><speed>0.589318</speed><course>218.658006</course><hAcc>3.239429</hAcc><vAcc>2.195968</vAcc></extensions></trkpt>
      <trkpt lon="-77.022134" lat="38.902862"><ele>21.330953</ele><time>2026-04-04T16:04:51Z</time><extensions><speed>0.504164</speed><course>222.410969</course><hAcc>3.263708</hAcc><vAcc>2.190389</vAcc></extensions></trkpt>
      <trkpt lon="-77.022138" lat="38.902859"><ele>21.308611</ele><time>2026-04-04T16:04:52Z</time><extensions><speed>0.304220</speed><course>228.371232</course><hAcc>3.282405</hAcc><vAcc>2.184646</vAcc></extensions></trkpt>
      <trkpt lon="-77.022140" lat="38.902858"><ele>21.286703</ele><time>2026-04-04T16:04:53Z</time><extensions><speed>0.190055</speed><course>235.482130</course><hAcc>3.300640</hAcc><vAcc>2.179004</vAcc></extensions></trkpt>
      <trkpt lon="-77.022142" lat="38.902857"><ele>21.265178</ele><time>2026-04-04T16:04:54Z</time><extensions><speed>0.127833</speed><course>242.949519</course><hAcc>3.324247</hAcc><vAcc>2.173150</vAcc></extensions></trkpt>
      <trkpt lon="-77.022143" lat="38.902857"><ele>21.249862</ele><time>2026-04-04T16:04:55Z</time><extensions><speed>0.094188</speed><course>249.271554</course><hAcc>3.346742</hAcc><vAcc>2.166174</vAcc></extensions></trkpt>
      <trkpt lon="-77.022144" lat="38.902857"><ele>21.241911</ele><time>2026-04-04T16:04:56Z</time><extensions><speed>0.062452</speed><course>258.244236</course><hAcc>3.363711</hAcc><vAcc>2.160377</vAcc></extensions></trkpt>
      <trkpt lon="-77.022145" lat="38.902857"><ele>21.237082</ele><time>2026-04-04T16:04:57Z</time><extensions><speed>0.043460</speed><course>266.396067</course><hAcc>3.372619</hAcc><vAcc>2.154464</vAcc></extensions></trkpt>
      <trkpt lon="-77.022146" lat="38.902857"><ele>21.233308</ele><time>2026-04-04T16:04:58Z</time><extensions><speed>0.033962</speed><course>270.421053</course><hAcc>3.374597</hAcc><vAcc>2.154072</vAcc></extensions></trkpt>
      <trkpt lon="-77.022146" lat="38.902857"><ele>21.235625</ele><time>2026-04-04T16:04:59Z</time><extensions><speed>0.027334</speed><course>272.342538</course><hAcc>3.376337</hAcc><vAcc>2.154878</vAcc></extensions></trkpt>
      <trkpt lon="-77.022146" lat="38.902857"><ele>21.237317</ele><time>2026-04-04T16:05:00Z</time><extensions><speed>0.027408</speed><course>266.506598</course><hAcc>3.381884</hAcc><vAcc>2.153995</vAcc></extensions></trkpt>
      <trkpt lon="-77.022147" lat="38.902857"><ele>21.239970</ele><time>2026-04-04T16:05:00Z</time><extensions><speed>0.028957</speed><course>267.512489</course><hAcc>3.388130</hAcc><vAcc>2.150492</vAcc></extensions></trkpt>
      <trkpt lon="-77.022147" lat="38.902857"><ele>21.246167</ele><time>2026-04-04T16:05:01Z</time><extensions><speed>0.028363</speed><course>269.904862</course><hAcc>3.359125</hAcc><vAcc>2.106931</vAcc></extensions></trkpt>
      <trkpt lon="-77.022147" lat="38.902857"><ele>21.247903</ele><time>2026-04-04T16:05:02Z</time><extensions><speed>0.041290</speed><course>267.368808</course><hAcc>3.358195</hAcc><vAcc>2.108070</vAcc></extensions></trkpt>
      <trkpt lon="-77.022147" lat="38.902857"><ele>21.263064</ele><time>2026-04-04T16:05:03Z</time><extensions><speed>0.063121</speed><course>252.331612</course><hAcc>3.366480</hAcc><vAcc>2.109650</vAcc></extensions></trkpt>
      <trkpt lon="-77.022148" lat="38.902857"><ele>21.281768</ele><time>2026-04-04T16:05:04Z</time><extensions><speed>0.116877</speed><course>238.846918</course><hAcc>3.384282</hAcc><vAcc>2.111531</vAcc></extensions></trkpt>
      <trkpt lon="-77.022149" lat="38.902856"><ele>21.296540</ele><time>2026-04-04T16:05:05Z</time><extensions><speed>0.155006</speed><course>234.487738</course><hAcc>3.407977</hAcc><vAcc>2.115478</vAcc></extensions></trkpt>
      <trkpt lon="-77.022151" lat="38.902856"><ele>21.303672</ele><time>2026-04-04T16:05:06Z</time><extensions><speed>0.111923</speed><course>235.849034</course><hAcc>3.435992</hAcc><vAcc>2.120314</vAcc></extensions></trkpt>
      <trkpt lon="-77.022151" lat="38.902855"><ele>21.317470</ele><time>2026-04-04T16:05:07Z</time><extensions><speed>0.064881</speed><course>240.310503</course><hAcc>3.461707</hAcc><vAcc>2.125246</vAcc></extensions></trkpt>
      <trkpt lon="-77.022152" lat="38.902856"><ele>21.332968</ele><time>2026-04-04T16:05:08Z</time><extensions><speed>0.032659</speed><course>250.735414</course><hAcc>3.480961</hAcc><vAcc>2.135914</vAcc></extensions></trkpt>
      <trkpt lon="-77.022152" lat="38.902856"><ele>21.347978</ele><time>2026-04-04T16:05:09Z</time><extensions><speed>0.020432</speed><course>265.401814</course><hAcc>3.494541</hAcc><vAcc>2.145158</vAcc></extensions></trkpt>
      <trkpt lon="-77.022152" lat="38.902856"><ele>21.358180</ele><time>2026-04-04T16:05:10Z</time><extensions><speed>0.013908</speed><course>342.677036</course><hAcc>3.505408</hAcc><vAcc>2.152487</vAcc></extensions></trkpt>
      <trkpt lon="-77.022152" lat="38.902856"><ele>21.368899</ele><time>2026-04-04T16:05:11Z</time><extensions><speed>0.012788</speed><course>342.982331</course><hAcc>3.511895</hAcc><vAcc>2.162293</vAcc></extensions></trkpt>
      <trkpt lon="-77.022151" lat="38.902856"><ele>21.378745</ele><time>2026-04-04T16:05:12Z</time><extensions><speed>0.017037</speed><course>265.228410</course><hAcc>3.514638</hAcc><vAcc>2.171943</vAcc></extensions></trkpt>
      <trkpt lon="-77.022152" lat="38.902856"><ele>21.388435</ele><time>2026-04-04T16:05:13Z</time><extensions><speed>0.040038</speed><course>241.658136</course><hAcc>3.514178</hAcc><vAcc>2.180819</vAcc></extensions></trkpt>
      <trkpt lon="-77.022152" lat="38.902856"><ele>21.397417</ele><time>2026-04-04T16:05:14Z</time><extensions><speed>0.059826</speed><course>235.846999</course><hAcc>3.511635</hAcc><vAcc>2.186676</vAcc></extensions></trkpt>
      <trkpt lon="-77.022152" lat="38.902856"><ele>21.406206</ele><time>2026-04-04T16:05:15Z</time><extensions><speed>0.078241</speed><course>232.878949</course><hAcc>3.506612</hAcc><vAcc>2.192218</vAcc></extensions></trkpt>
      <trkpt lon="-77.022153" lat="38.902856"><ele>21.414570</ele><time>2026-04-04T16:05:16Z</time><extensions><speed>0.062332</speed><course>232.679758</course><hAcc>3.499185</hAcc><vAcc>2.197838</vAcc></extensions></trkpt>
      <trkpt lon="-77.022153" lat="38.902855"><ele>21.422800</ele><time>2026-04-04T16:05:17Z</time><extensions><speed>0.088917</speed><course>227.618926</course><hAcc>3.487498</hAcc><vAcc>2.201730</vAcc></extensions></trkpt>
      <trkpt lon="-77.022154" lat="38.902855"><ele>21.425466</ele><time>2026-04-04T16:05:18Z</time><extensions><speed>0.051842</speed><course>222.258751</course><hAcc>3.478130</hAcc><vAcc>2.207152</vAcc></extensions></trkpt>
      <trkpt lon="-77.022154" lat="38.902854"><ele>21.423778</ele><time>2026-04-04T16:05:19Z</time><extensions><speed>0.055210</speed><course>216.777764</course><hAcc>3.471581</hAcc><vAcc>2.214449</vAcc></extensions></trkpt>
      <trkpt lon="-77.022154" lat="38.902854"><ele>21.419179</ele><time>2026-04-04T16:05:20Z</time><extensions><speed>0.052362</speed><course>212.018831</course><hAcc>3.479234</hAcc><vAcc>2.222942</vAcc></extensions></trkpt>
      <trkpt lon="-77.022154" lat="38.902854"><ele>21.411141</ele><time>2026-04-04T16:05:21Z</time><extensions><speed>0.013634</speed><course>150.554914</course><hAcc>3.499149</hAcc><vAcc>2.230900</vAcc></extensions></trkpt>
      <trkpt lon="-77.022154" lat="38.902853"><ele>21.401641</ele><time>2026-04-04T16:05:22Z</time><extensions><speed>0.018718</speed><course>98.825183</course><hAcc>3.496259</hAcc><vAcc>2.237436</vAcc></extensions></trkpt>
      <trkpt lon="-77.022153" lat="38.902853"><ele>21.391448</ele><time>2026-04-04T16:05:23Z</time><extensions><speed>0.022182</speed><course>100.015258</course><hAcc>3.475074</hAcc><vAcc>2.242839</vAcc></extensions></trkpt>
      <trkpt lon="-77.022153" lat="38.902853"><ele>21.379734</ele><time>2026-04-04T16:05:24Z</time><extensions><speed>0.025539</speed><course>119.323032</course><hAcc>3.441231</hAcc><vAcc>2.249744</vAcc></extensions></trkpt>
      <trkpt lon="-77.022152" lat="38.902853"><ele>21.367170</ele><time>2026-04-04T16:05:25Z</time><extensions><speed>0.029011</speed><course>117.749114</course><hAcc>3.428136</hAcc><vAcc>2.256176</vAcc></extensions></trkpt>
      <trkpt lon="-77.022152" lat="38.902853"><ele>21.351983</ele><time>2026-04-04T16:05:26Z</time><extensions><speed>0.028755</speed><course>136.953453</course><hAcc>3.431447</hAcc><vAcc>2.259335</vAcc></extensions></trkpt>
      <trkpt lon="-77.022152" lat="38.902853"><ele>21.336395</ele><time>2026-04-04T16:05:27Z</time><extensions><speed>0.037767</speed><course>174.550168</course><hAcc>3.436418</hAcc><vAcc>2.262532</vAcc></extensions></trkpt>
      <trkpt lon="-77.022152" lat="38.902852"><ele>21.316613</ele><time>2026-04-04T16:05:28Z</time><extensions><speed>0.050834</speed><course>191.834055</course><hAcc>3.442820</hAcc><vAcc>2.265742</vAcc></extensions></trkpt>
      <trkpt lon="-77.022152" lat="38.902852"><ele>21.299813</ele><time>2026-04-04T16:05:29Z</time><extensions><speed>0.038519</speed><course>182.258994</course><hAcc>3.450082</hAcc><vAcc>2.269467</vAcc></extensions></trkpt>
      <trkpt lon="-77.022152" lat="38.902852"><ele>21.282782</ele><time>2026-04-04T16:05:30Z</time><extensions><speed>0.034237</speed><course>177.971504</course><hAcc>3.454459</hAcc><vAcc>2.271738</vAcc></extensions></trkpt>
      <trkpt lon="-77.022151" lat="38.902852"><ele>21.265354</ele><time>2026-04-04T16:05:31Z</time><extensions><speed>0.031569</speed><course>176.601259</course><hAcc>3.457019</hAcc><vAcc>2.273824</vAcc></extensions></trkpt>
      <trkpt lon="-77.022151" lat="38.902851"><ele>21.249613</ele><time>2026-04-04T16:05:32Z</time><extensions><speed>0.023987</speed><course>159.571031</course><hAcc>3.462337</hAcc><vAcc>2.275046</vAcc></extensions></trkpt>
      <trkpt lon="-77.022151" lat="38.902851"><ele>21.232799</ele><time>2026-04-04T16:05:33Z</time><extensions><speed>0.019334</speed><course>138.569785</course><hAcc>3.476018</hAcc><vAcc>2.275884</vAcc></extensions></trkpt>
      <trkpt lon="-77.022151" lat="38.902851"><ele>21.213844</ele><time>2026-04-04T16:05:34Z</time><extensions><speed>0.017576</speed><course>106.365268</course><hAcc>3.496016</hAcc><vAcc>2.275305</vAcc></extensions></trkpt>
      <trkpt lon="-77.022150" lat="38.902851"><ele>21.195755</ele><time>2026-04-04T16:05:35Z</time><extensions><speed>0.016166</speed><course>99.959734</course><hAcc>3.495823</hAcc><vAcc>2.275068</vAcc></extensions></trkpt>
      <trkpt lon="-77.022150" lat="38.902851"><ele>21.173355</ele><time>2026-04-04T16:05:36Z</time><extensions><speed>0.015623</speed><course>114.934338</course><hAcc>3.468588</hAcc><vAcc>2.272540</vAcc></extensions></trkpt>
      <trkpt lon="-77.022150" lat="38.902851"><ele>21.151488</ele><time>2026-04-04T16:05:37Z</time><extensions><speed>0.015388</speed><course>115.755602</course><hAcc>3.452893</hAcc><vAcc>2.270972</vAcc></extensions></trkpt>
      <trkpt lon="-77.022150" lat="38.902851"><ele>21.129636</ele><time>2026-04-04T16:05:38Z</time><extensions><speed>0.015230</speed><course>164.149623</course><hAcc>3.452181</hAcc><vAcc>2.269199</vAcc></extensions></trkpt>
      <trkpt lon="-77.022150" lat="38.902851"><ele>21.108795</ele><time>2026-04-04T16:05:39Z</time><extensions><speed>0.013477</speed><course>159.886060</course><hAcc>3.458997</hAcc><vAcc>2.268261</vAcc></extensions></trkpt>
      <trkpt lon="-77.022149" lat="38.902851"><ele>21.086180</ele><time>2026-04-04T16:05:40Z</time><extensions><speed>0.012496</speed><course>108.884130</course><hAcc>3.465730</hAcc><vAcc>2.266581</vAcc></extensions></trkpt>
      <trkpt lon="-77.022149" lat="38.902851"><ele>21.067067</ele><time>2026-04-04T16:05:41Z</time><extensions><speed>0.010872</speed><course>105.780382</course><hAcc>3.470864</hAcc><vAcc>2.262067</vAcc></extensions></trkpt>
      <trkpt lon="-77.022149" lat="38.902851"><ele>21.045972</ele><time>2026-04-04T16:05:42Z</time><extensions><speed>0.008128</speed><course>117.318615</course><hAcc>3.474752</hAcc><vAcc>2.258767</vAcc></extensions></trkpt>
      <trkpt lon="-77.022149" lat="38.902851"><ele>21.025709</ele><time>2026-04-04T16:05:43Z</time><extensions><speed>0.005503</speed><course>134.618034</course><hAcc>3.479236</hAcc><vAcc>2.253521</vAcc></extensions></trkpt>
      <trkpt lon="-77.022149" lat="38.902851"><ele>21.007814</ele><time>2026-04-04T16:05:44Z</time><extensions><speed>0.003718</speed><course>159.863989</course><hAcc>3.485570</hAcc><vAcc>2.248166</vAcc></extensions></trkpt>
      <trkpt lon="-77.022149" lat="38.902851"><ele>20.984193</ele><time>2026-04-04T16:05:45Z</time><extensions><speed>0.004592</speed><course>63.591410</course><hAcc>3.489320</hAcc><vAcc>2.243094</vAcc></extensions></trkpt>
      <trkpt lon="-77.022149" lat="38.902851"><ele>20.968391</ele><time>2026-04-04T16:05:46Z</time><extensions><speed>0.001706</speed><course>38.765282</course><hAcc>3.481188</hAcc><vAcc>2.240801</vAcc></extensions></trkpt>
      <trkpt lon="-77.022149" lat="38.902851"><ele>20.955234</ele><time>2026-04-04T16:05:47Z</time><extensions><speed>0.008081</speed><course>34.827266</course><hAcc>3.476214</hAcc><vAcc>2.239046</vAcc></extensions></trkpt>
      <trkpt lon="-77.022149" lat="38.902851"><ele>20.942794</ele><time>2026-04-04T16:05:48Z</time><extensions><speed>0.007067</speed><course>24.552896</course><hAcc>3.474189</hAcc><vAcc>2.238549</vAcc></extensions></trkpt>
      <trkpt lon="-77.022149" lat="38.902851"><ele>20.931509</ele><time>2026-04-04T16:05:49Z</time><extensions><speed>0.005294</speed><course>9.575539</course><hAcc>3.479099</hAcc><vAcc>2.236554</vAcc></extensions></trkpt>
      <trkpt lon="-77.022148" lat="38.902851"><ele>20.918902</ele><time>2026-04-04T16:05:49Z</time><extensions><speed>0.007039</speed><course>19.562488</course><hAcc>3.483945</hAcc><vAcc>2.234763</vAcc></extensions></trkpt>
      <trkpt lon="-77.022148" lat="38.902851"><ele>20.902735</ele><time>2026-04-04T16:05:50Z</time><extensions><speed>0.002662</speed><course>349.873090</course><hAcc>3.480824</hAcc><vAcc>2.233772</vAcc></extensions></trkpt>
      <trkpt lon="-77.022148" lat="38.902852"><ele>20.893843</ele><time>2026-04-04T16:05:51Z</time><extensions><speed>0.002105</speed><course>247.997117</course><hAcc>3.480027</hAcc><vAcc>2.233012</vAcc></extensions></trkpt>
      <trkpt lon="-77.022148" lat="38.902851"><ele>20.887799</ele><time>2026-04-04T16:05:52Z</time><extensions><speed>0.017361</speed><course>221.062984</course><hAcc>3.470514</hAcc><vAcc>2.232891</vAcc></extensions></trkpt>
      <trkpt lon="-77.022148" lat="38.902851"><ele>20.879565</ele><time>2026-04-04T16:05:53Z</time><extensions><speed>0.035014</speed><course>216.081653</course><hAcc>3.465257</hAcc><vAcc>2.232903</vAcc></extensions></trkpt>
      <trkpt lon="-77.022148" lat="38.902851"><ele>20.878547</ele><time>2026-04-04T16:05:54Z</time><extensions><speed>0.029465</speed><course>199.983251</course><hAcc>3.467563</hAcc><vAcc>2.232854</vAcc></extensions></trkpt>
      <trkpt lon="-77.022148" lat="38.902850"><ele>20.877392</ele><time>2026-04-04T16:05:55Z</time><extensions><speed>0.036752</speed><course>192.283929</course><hAcc>3.475573</hAcc><vAcc>2.234599</vAcc></extensions></trkpt>
      <trkpt lon="-77.022147" lat="38.902850"><ele>20.883688</ele><time>2026-04-04T16:05:56Z</time><extensions><speed>0.028713</speed><course>160.154877</course><hAcc>3.489834</hAcc><vAcc>2.242441</vAcc></extensions></trkpt>
      <trkpt lon="-77.022147" lat="38.902850"><ele>20.884044</ele><time>2026-04-04T16:05:57Z</time><extensions><speed>0.029297</speed><course>140.898727</course><hAcc>3.502053</hAcc><vAcc>2.246933</vAcc></extensions></trkpt>
      <trkpt lon="-77.022147" lat="38.902849"><ele>20.880879</ele><time>2026-04-04T16:05:58Z</time><extensions><speed>0.038902</speed><course>146.898165</course><hAcc>3.490614</hAcc><vAcc>2.252677</vAcc></extensions></trkpt>
      <trkpt lon="-77.022147" lat="38.902849"><ele>20.872937</ele><time>2026-04-04T16:05:59Z</time><extensions><speed>0.053767</speed><course>164.893044</course><hAcc>3.479329</hAcc><vAcc>2.265253</vAcc></extensions></trkpt>
      <trkpt lon="-77.022146" lat="38.902848"><ele>20.858663</ele><time>2026-04-04T16:06:00Z</time><extensions><speed>0.076821</speed><course>180.171771</course><hAcc>3.472294</hAcc><vAcc>2.274908</vAcc></extensions></trkpt>
      <trkpt lon="-77.022146" lat="38.902847"><ele>20.847725</ele><time>2026-04-04T16:06:01Z</time><extensions><speed>0.101633</speed><course>188.101270</course><hAcc>3.466142</hAcc><vAcc>2.272636</vAcc></extensions></trkpt>
      <trkpt lon="-77.022146" lat="38.902846"><ele>20.832136</ele><time>2026-04-04T16:06:02Z</time><extensions><speed>0.148466</speed><course>197.819747</course><hAcc>3.456717</hAcc><vAcc>2.267524</vAcc></extensions></trkpt>
      <trkpt lon="-77.022147" lat="38.902844"><ele>20.818878</ele><time>2026-04-04T16:06:03Z</time><extensions><speed>0.250556</speed><course>207.910808</course><hAcc>3.445004</hAcc><vAcc>2.264629</vAcc></extensions></trkpt>
      <trkpt lon="-77.022149" lat="38.902842"><ele>20.798514</ele><time>2026-04-04T16:06:04Z</time><extensions><speed>0.402356</speed><course>213.802242</course><hAcc>3.440097</hAcc><vAcc>2.259803</vAcc></extensions></trkpt>
      <trkpt lon="-77.022152" lat="38.902839"><ele>20.769098</ele><time>2026-04-04T16:06:05Z</time><extensions><speed>0.599333</speed><course>216.989612</course><hAcc>3.452001</hAcc><vAcc>2.246789</vAcc></extensions></trkpt>
      <trkpt lon="-77.022156" lat="38.902834"><ele>20.763287</ele><time>2026-04-04T16:06:06Z</time><extensions><speed>0.725053</speed><course>222.339811</course><hAcc>3.464799</hAcc><vAcc>2.243368</vAcc></extensions></trkpt>
      <trkpt lon="-77.022161" lat="38.902830"><ele>20.754777</ele><time>2026-04-04T16:06:07Z</time><extensions><speed>0.728886</speed><course>225.396245</course><hAcc>3.449963</hAcc><vAcc>2.242374</vAcc></extensions></trkpt>
      <trkpt lon="-77.022167" lat="38.902825"><ele>20.743428</ele><time>2026-04-04T16:06:08Z</time><extensions><speed>0.689124</speed><course>227.333340</course><hAcc>3.441988</hAcc><vAcc>2.240362</vAcc></extensions></trkpt>
      <trkpt lon="-77.022172" lat="38.902822"><ele>20.737042</ele><time>2026-04-04T16:06:09Z</time><extensions><speed>0.505533</speed><course>226.573852</course><hAcc>3.422210</hAcc><vAcc>2.237449</vAcc></extensions></trkpt>
      <trkpt lon="-77.022175" lat="38.902820"><ele>20.725029</ele><time>2026-04-04T16:06:10Z</time><extensions><speed>0.287389</speed><course>225.576455</course><hAcc>3.406112</hAcc><vAcc>2.233749</vAcc></extensions></trkpt>
      <trkpt lon="-77.022176" lat="38.902819"><ele>20.724296</ele><time>2026-04-04T16:06:11Z</time><extensions><speed>0.135118</speed><course>222.089780</course><hAcc>3.401632</hAcc><vAcc>2.229133</vAcc></extensions></trkpt>
      <trkpt lon="-77.022176" lat="38.902818"><ele>20.721913</ele><time>2026-04-04T16:06:12Z</time><extensions><speed>0.052272</speed><course>212.316645</course><hAcc>3.415019</hAcc><vAcc>2.224105</vAcc></extensions></trkpt>
      <trkpt lon="-77.022176" lat="38.902818"><ele>20.724882</ele><time>2026-04-04T16:06:13Z</time><extensions><speed>0.017665</speed><course>127.146263</course><hAcc>3.416935</hAcc><vAcc>2.215354</vAcc></extensions></trkpt>
      <trkpt lon="-77.022175" lat="38.902818"><ele>20.722713</ele><time>2026-04-04T16:06:14Z</time><extensions><speed>0.019417</speed><course>117.367162</course><hAcc>3.422193</hAcc><vAcc>2.206714</vAcc></extensions></trkpt>
      <trkpt lon="-77.022175" lat="38.902818"><ele>20.720017</ele><time>2026-04-04T16:06:15Z</time><extensions><speed>0.019123</speed><course>147.622420</course><hAcc>3.432591</hAcc><vAcc>2.202894</vAcc></extensions></trkpt>
      <trkpt lon="-77.022174" lat="38.902818"><ele>20.719870</ele><time>2026-04-04T16:06:16Z</time><extensions><speed>0.062516</speed><course>210.323206</course><hAcc>3.445537</hAcc><vAcc>2.196488</vAcc></extensions></trkpt>
      <trkpt lon="-77.022175" lat="38.902817"><ele>20.716796</ele><time>2026-04-04T16:06:17Z</time><extensions><speed>0.114195</speed><course>219.437070</course><hAcc>3.495433</hAcc><vAcc>2.244528</vAcc></extensions></trkpt>
      <trkpt lon="-77.022175" lat="38.902817"><ele>20.714061</ele><time>2026-04-04T16:06:18Z</time><extensions><speed>0.067996</speed><course>212.847428</course><hAcc>3.560304</hAcc><vAcc>2.300583</vAcc></extensions></trkpt>
      <trkpt lon="-77.022176" lat="38.902816"><ele>20.711625</ele><time>2026-04-04T16:06:19Z</time><extensions><speed>0.023471</speed><course>173.990239</course><hAcc>3.634841</hAcc><vAcc>2.365660</vAcc></extensions></trkpt>
      <trkpt lon="-77.022176" lat="38.902816"><ele>20.709446</ele><time>2026-04-04T16:06:20Z</time><extensions><speed>0.026400</speed><course>181.516293</course><hAcc>3.717980</hAcc><vAcc>2.440831</vAcc></extensions></trkpt>
      <trkpt lon="-77.022176" lat="38.902816"><ele>20.707475</ele><time>2026-04-04T16:06:21Z</time><extensions><speed>0.020579</speed><course>138.463559</course><hAcc>3.818620</hAcc><vAcc>2.527226</vAcc></extensions></trkpt>
      <trkpt lon="-77.022175" lat="38.902816"><ele>20.705663</ele><time>2026-04-04T16:06:22Z</time><extensions><speed>0.024907</speed><course>176.492452</course><hAcc>3.943887</hAcc><vAcc>2.626020</vAcc></extensions></trkpt>
      <trkpt lon="-77.022175" lat="38.902816"><ele>20.703964</ele><time>2026-04-04T16:06:23Z</time><extensions><speed>0.021205</speed><course>177.706202</course><hAcc>4.105621</hAcc><vAcc>2.738426</vAcc></extensions></trkpt>
      <trkpt lon="-77.022176" lat="38.902815"><ele>20.702340</ele><time>2026-04-04T16:06:24Z</time><extensions><speed>0.025114</speed><course>199.222264</course><hAcc>4.304564</hAcc><vAcc>2.865683</vAcc></extensions></trkpt>
      <trkpt lon="-77.022176" lat="38.902815"><ele>20.700762</ele><time>2026-04-04T16:06:25Z</time><extensions><speed>0.010227</speed><course>166.669791</course><hAcc>4.542802</hAcc><vAcc>3.009042</vAcc></extensions></trkpt>
      <trkpt lon="-77.022176" lat="38.902815"><ele>20.699210</ele><time>2026-04-04T16:06:26Z</time><extensions><speed>0.010999</speed><course>191.223499</course><hAcc>4.854174</hAcc><vAcc>3.169765</vAcc></extensions></trkpt>
    </trkseg>
  </trk>
</gpx>