<?xml version="1.0" encoding="UTF-8"?>
<gpx version="1.1" creator="Apple Health Export" xmlns="http://www.topografix.com/GPX/1/1" xmlns:xsi="http://www.w3.org/2001/XMLSchema-instance" xsi:schemaLocation="http://www.topografix.com/GPX/1/1 http://www.topografix.com/GPX/1/1/gpx.xsd">
  <metadata>
    <time>2026-04-21T05:05:51Z</time>
  </metadata>
  <trk>
    <name>Route 2026-04-02 10:40am</name>
    <trkseg>
      <trkpt lon="-77.061347" lat="38.905128"><ele>18.831255</ele><time>2026-04-02T14:20:58Z</time><extensions><speed>1.413206</speed><course>267.649598</course><hAcc>3.566331</hAcc><vAcc>1.933542</vAcc></extensions></trkpt>
      <trkpt lon="-77.061396" lat="38.905127"><ele>18.893878</ele><time>2026-04-02T14:21:01Z</time><extensions><speed>1.430237</speed><course>269.692664</course><hAcc>3.151039</hAcc><vAcc>1.686780</vAcc></extensions></trkpt>
      <trkpt lon="-77.061412" lat="38.905127"><ele>18.918772</ele><time>2026-04-02T14:21:02Z</time><extensions><speed>1.426741</speed><course>269.853893</course><hAcc>3.038411</hAcc><vAcc>1.645276</vAcc></extensions></trkpt>
      <trkpt lon="-77.061429" lat="38.905127"><ele>18.945382</ele><time>2026-04-02T14:21:03Z</time><extensions><speed>1.425450</speed><course>270.011753</course><hAcc>2.942884</hAcc><vAcc>1.620057</vAcc></extensions></trkpt>
      <trkpt lon="-77.061445" lat="38.905127"><ele>18.974079</ele><time>2026-04-02T14:21:04Z</time><extensions><speed>1.426682</speed><course>270.173601</course><hAcc>2.862046</hAcc><vAcc>1.607160</vAcc></extensions></trkpt>
      <trkpt lon="-77.061462" lat="38.905127"><ele>19.005125</ele><time>2026-04-02T14:21:05Z</time><extensions><speed>1.432276</speed><course>270.321385</course><hAcc>2.793802</hAcc><vAcc>1.603173</vAcc></extensions></trkpt>
      <trkpt lon="-77.061478" lat="38.905127"><ele>19.038816</ele><time>2026-04-02T14:21:06Z</time><extensions><speed>1.445369</speed><course>270.456570</course><hAcc>2.736338</hAcc><vAcc>1.605293</vAcc></extensions></trkpt>
      <trkpt lon="-77.061495" lat="38.905127"><ele>19.075008</ele><time>2026-04-02T14:21:07Z</time><extensions><speed>1.458834</speed><course>270.588833</course><hAcc>2.688217</hAcc><vAcc>1.611313</vAcc></extensions></trkpt>
      <trkpt lon="-77.061512" lat="38.905127"><ele>19.113963</ele><time>2026-04-02T14:21:08Z</time><extensions><speed>1.467707</speed><course>270.723976</course><hAcc>2.648368</hAcc><vAcc>1.619554</vAcc></extensions></trkpt>
      <trkpt lon="-77.061529" lat="38.905128"><ele>19.155526</ele><time>2026-04-02T14:21:09Z</time><extensions><speed>1.471684</speed><course>270.861590</course><hAcc>2.616014</hAcc><vAcc>1.628784</vAcc></extensions></trkpt>
      <trkpt lon="-77.061546" lat="38.905128"><ele>19.199429</ele><time>2026-04-02T14:21:10Z</time><extensions><speed>1.470494</speed><course>271.004019</course><hAcc>2.590819</hAcc><vAcc>1.638144</vAcc></extensions></trkpt>
      <trkpt lon="-77.061563" lat="38.905128"><ele>19.245495</ele><time>2026-04-02T14:21:11Z</time><extensions><speed>1.464697</speed><course>271.146852</course><hAcc>2.573007</hAcc><vAcc>1.647048</vAcc></extensions></trkpt>
      <trkpt lon="-77.061580" lat="38.905128"><ele>19.292809</ele><time>2026-04-02T14:21:12Z</time><extensions><speed>1.455277</speed><course>271.279943</course><hAcc>2.563413</hAcc><vAcc>1.655147</vAcc></extensions></trkpt>
      <trkpt lon="-77.061596" lat="38.905129"><ele>19.342273</ele><time>2026-04-02T14:21:13Z</time><extensions><speed>1.444334</speed><course>271.415340</course><hAcc>2.563613</hAcc><vAcc>1.662241</vAcc></extensions></trkpt>
      <trkpt lon="-77.061613" lat="38.905129"><ele>19.393234</ele><time>2026-04-02T14:21:14Z</time><extensions><speed>1.432810</speed><course>271.538203</course><hAcc>2.576175</hAcc><vAcc>1.668234</vAcc></extensions></trkpt>
      <trkpt lon="-77.061629" lat="38.905129"><ele>19.445873</ele><time>2026-04-02T14:21:15Z</time><extensions><speed>1.422440</speed><course>271.640103</course><hAcc>2.604558</hAcc><vAcc>1.673096</vAcc></extensions></trkpt>
      <trkpt lon="-77.061646" lat="38.905130"><ele>19.499436</ele><time>2026-04-02T14:21:16Z</time><extensions><speed>1.414945</speed><course>271.717927</course><hAcc>2.652959</hAcc><vAcc>1.676827</vAcc></extensions></trkpt>
      <trkpt lon="-77.061662" lat="38.905130"><ele>19.553754</ele><time>2026-04-02T14:21:17Z</time><extensions><speed>1.408126</speed><course>271.779829</course><hAcc>2.726221</hAcc><vAcc>1.679437</vAcc></extensions></trkpt>
      <trkpt lon="-77.061678" lat="38.905131"><ele>19.608652</ele><time>2026-04-02T14:21:17Z</time><extensions><speed>1.405720</speed><course>271.805211</course><hAcc>2.829424</hAcc><vAcc>1.680932</vAcc></extensions></trkpt>
      <trkpt lon="-77.061695" lat="38.905131"><ele>19.664334</ele><time>2026-04-02T14:21:18Z</time><extensions><speed>1.461047</speed><course>272.164970</course><hAcc>2.862997</hAcc><vAcc>1.681392</vAcc></extensions></trkpt>
      <trkpt lon="-77.061712" lat="38.905132"><ele>19.720093</ele><time>2026-04-02T14:21:19Z</time><extensions><speed>1.462910</speed><course>272.090243</course><hAcc>2.857944</hAcc><vAcc>1.680780</vAcc></extensions></trkpt>
      <trkpt lon="-77.061728" lat="38.905132"><ele>19.775683</ele><time>2026-04-02T14:21:20Z</time><extensions><speed>1.437700</speed><course>271.852971</course><hAcc>2.858275</hAcc><vAcc>1.679133</vAcc></extensions></trkpt>
      <trkpt lon="-77.061745" lat="38.905132"><ele>19.830891</ele><time>2026-04-02T14:21:21Z</time><extensions><speed>1.380441</speed><course>271.634261</course><hAcc>2.861062</hAcc><vAcc>1.676508</vAcc></extensions></trkpt>
      <trkpt lon="-77.061760" lat="38.905133"><ele>19.885551</ele><time>2026-04-02T14:21:22Z</time><extensions><speed>1.294846</speed><course>271.441975</course><hAcc>2.866795</hAcc><vAcc>1.672970</vAcc></extensions></trkpt>
      <trkpt lon="-77.061776" lat="38.905133"><ele>19.939540</ele><time>2026-04-02T14:21:23Z</time><extensions><speed>1.457721</speed><course>270.989315</course><hAcc>2.874758</hAcc><vAcc>1.668591</vAcc></extensions></trkpt>
      <trkpt lon="-77.061793" lat="38.905133"><ele>19.992763</ele><time>2026-04-02T14:21:24Z</time><extensions><speed>1.556646</speed><course>270.744956</course><hAcc>2.884685</hAcc><vAcc>1.663446</vAcc></extensions></trkpt>
      <trkpt lon="-77.061811" lat="38.905133"><ele>20.045150</ele><time>2026-04-02T14:21:25Z</time><extensions><speed>1.520765</speed><course>270.557784</course><hAcc>2.889471</hAcc><vAcc>1.657616</vAcc></extensions></trkpt>
      <trkpt lon="-77.061828" lat="38.905133"><ele>20.096649</ele><time>2026-04-02T14:21:26Z</time><extensions><speed>1.363803</speed><course>270.368910</course><hAcc>2.890438</hAcc><vAcc>1.651195</vAcc></extensions></trkpt>
      <trkpt lon="-77.061843" lat="38.905133"><ele>20.147213</ele><time>2026-04-02T14:21:27Z</time><extensions><speed>1.352446</speed><course>270.218387</course><hAcc>2.890149</hAcc><vAcc>1.644287</vAcc></extensions></trkpt>
      <trkpt lon="-77.061859" lat="38.905133"><ele>20.196803</ele><time>2026-04-02T14:21:28Z</time><extensions><speed>1.368397</speed><course>270.068616</course><hAcc>2.892590</hAcc><vAcc>1.636991</vAcc></extensions></trkpt>
      <trkpt lon="-77.061875" lat="38.905133"><ele>20.245413</ele><time>2026-04-02T14:21:29Z</time><extensions><speed>1.360762</speed><course>269.930966</course><hAcc>2.895874</hAcc><vAcc>1.629398</vAcc></extensions></trkpt>
      <trkpt lon="-77.061891" lat="38.905133"><ele>20.293076</ele><time>2026-04-02T14:21:30Z</time><extensions><speed>1.426837</speed><course>269.774097</course><hAcc>2.898353</hAcc><vAcc>1.621590</vAcc></extensions></trkpt>
      <trkpt lon="-77.061907" lat="38.905133"><ele>20.339879</ele><time>2026-04-02T14:21:31Z</time><extensions><speed>1.407594</speed><course>269.612275</course><hAcc>2.900351</hAcc><vAcc>1.613642</vAcc></extensions></trkpt>
      <trkpt lon="-77.061923" lat="38.905133"><ele>20.385958</ele><time>2026-04-02T14:21:32Z</time><extensions><speed>1.323079</speed><course>269.333829</course><hAcc>2.902016</hAcc><vAcc>1.605625</vAcc></extensions></trkpt>
      <trkpt lon="-77.061938" lat="38.905133"><ele>20.431479</ele><time>2026-04-02T14:21:33Z</time><extensions><speed>1.357603</speed><course>268.946083</course><hAcc>2.904665</hAcc><vAcc>1.597601</vAcc></extensions></trkpt>
      <trkpt lon="-77.061954" lat="38.905133"><ele>20.476613</ele><time>2026-04-02T14:21:34Z</time><extensions><speed>1.335635</speed><course>268.584018</course><hAcc>2.909495</hAcc><vAcc>1.589622</vAcc></extensions></trkpt>
      <trkpt lon="-77.061968" lat="38.905133"><ele>20.521519</ele><time>2026-04-02T14:21:35Z</time><extensions><speed>1.148015</speed><course>268.195580</course><hAcc>2.913411</hAcc><vAcc>1.581727</vAcc></extensions></trkpt>
      <trkpt lon="-77.061981" lat="38.905132"><ele>20.566347</ele><time>2026-04-02T14:21:36Z</time><extensions><speed>1.170482</speed><course>268.044918</course><hAcc>2.913855</hAcc><vAcc>1.573950</vAcc></extensions></trkpt>
      <trkpt lon="-77.061995" lat="38.905132"><ele>20.611224</ele><time>2026-04-02T14:21:37Z</time><extensions><speed>1.150499</speed><course>267.944630</course><hAcc>2.912298</hAcc><vAcc>1.566331</vAcc></extensions></trkpt>
      <trkpt lon="-77.062008" lat="38.905131"><ele>20.656249</ele><time>2026-04-02T14:21:38Z</time><extensions><speed>1.143461</speed><course>267.875063</course><hAcc>2.910740</hAcc><vAcc>1.558926</vAcc></extensions></trkpt>
      <trkpt lon="-77.062021" lat="38.905131"><ele>20.701511</ele><time>2026-04-02T14:21:39Z</time><extensions><speed>1.155228</speed><course>267.884420</course><hAcc>2.911906</hAcc><vAcc>1.551801</vAcc></extensions></trkpt>
      <trkpt lon="-77.062035" lat="38.905131"><ele>20.747078</ele><time>2026-04-02T14:21:40Z</time><extensions><speed>1.165636</speed><course>267.949948</course><hAcc>2.916522</hAcc><vAcc>1.545015</vAcc></extensions></trkpt>
      <trkpt lon="-77.062048" lat="38.905130"><ele>20.792999</ele><time>2026-04-02T14:21:41Z</time><extensions><speed>1.164801</speed><course>267.934090</course><hAcc>2.917718</hAcc><vAcc>1.538626</vAcc></extensions></trkpt>
      <trkpt lon="-77.062062" lat="38.905130"><ele>20.839309</ele><time>2026-04-02T14:21:42Z</time><extensions><speed>1.271576</speed><course>268.020412</course><hAcc>2.917090</hAcc><vAcc>1.532683</vAcc></extensions></trkpt>
      <trkpt lon="-77.062076" lat="38.905130"><ele>20.886027</ele><time>2026-04-02T14:21:43Z</time><extensions><speed>1.173851</speed><course>267.925946</course><hAcc>2.917462</hAcc><vAcc>1.527236</vAcc></extensions></trkpt>
      <trkpt lon="-77.062089" lat="38.905129"><ele>20.933167</ele><time>2026-04-02T14:21:44Z</time><extensions><speed>1.071524</speed><course>267.861587</course><hAcc>2.918058</hAcc><vAcc>1.522346</vAcc></extensions></trkpt>
      <trkpt lon="-77.062102" lat="38.905129"><ele>20.980734</ele><time>2026-04-02T14:21:45Z</time><extensions><speed>1.082382</speed><course>268.032613</course><hAcc>2.919414</hAcc><vAcc>1.518088</vAcc></extensions></trkpt>
      <trkpt lon="-77.062115" lat="38.905128"><ele>21.028715</ele><time>2026-04-02T14:21:46Z</time><extensions><speed>1.217620</speed><course>268.342854</course><hAcc>2.921448</hAcc><vAcc>1.514554</vAcc></extensions></trkpt>
      <trkpt lon="-77.062130" lat="38.905128"><ele>21.077066</ele><time>2026-04-02T14:21:47Z</time><extensions><speed>1.350052</speed><course>268.596435</course><hAcc>2.923898</hAcc><vAcc>1.511862</vAcc></extensions></trkpt>
      <trkpt lon="-77.062145" lat="38.905128"><ele>21.125714</ele><time>2026-04-02T14:21:48Z</time><extensions><speed>1.323838</speed><course>268.777467</course><hAcc>2.926265</hAcc><vAcc>1.510161</vAcc></extensions></trkpt>
      <trkpt lon="-77.062160" lat="38.905128"><ele>21.174575</ele><time>2026-04-02T14:21:49Z</time><extensions><speed>1.264568</speed><course>269.027448</course><hAcc>2.930093</hAcc><vAcc>1.509646</vAcc></extensions></trkpt>
      <trkpt lon="-77.062174" lat="38.905128"><ele>21.223571</ele><time>2026-04-02T14:21:50Z</time><extensions><speed>1.249409</speed><course>269.363894</course><hAcc>2.936431</hAcc><vAcc>1.510576</vAcc></extensions></trkpt>
      <trkpt lon="-77.062189" lat="38.905127"><ele>21.272628</ele><time>2026-04-02T14:21:51Z</time><extensions><speed>1.298755</speed><course>269.656953</course><hAcc>2.948115</hAcc><vAcc>1.513273</vAcc></extensions></trkpt>
      <trkpt lon="-77.062204" lat="38.905127"><ele>21.321667</ele><time>2026-04-02T14:21:52Z</time><extensions><speed>1.335997</speed><course>269.814050</course><hAcc>2.967351</hAcc><vAcc>1.518126</vAcc></extensions></trkpt>
      <trkpt lon="-77.062219" lat="38.905127"><ele>21.370588</ele><time>2026-04-02T14:21:53Z</time><extensions><speed>1.259577</speed><course>269.805474</course><hAcc>2.949562</hAcc><vAcc>1.525608</vAcc></extensions></trkpt>
      <trkpt lon="-77.062237" lat="38.905128"><ele>21.445518</ele><time>2026-04-02T14:21:54Z</time><extensions><speed>1.282996</speed><course>269.990048</course><hAcc>2.692623</hAcc><vAcc>1.459409</vAcc></extensions></trkpt>
      <trkpt lon="-77.062252" lat="38.905128"><ele>21.492815</ele><time>2026-04-02T14:21:55Z</time><extensions><speed>1.283575</speed><course>269.978266</course><hAcc>2.604837</hAcc><vAcc>1.456073</vAcc></extensions></trkpt>
      <trkpt lon="-77.062267" lat="38.905128"><ele>21.539289</ele><time>2026-04-02T14:21:56Z</time><extensions><speed>1.284129</speed><course>269.900590</course><hAcc>2.539289</hAcc><vAcc>1.452997</vAcc></extensions></trkpt>
      <trkpt lon="-77.062282" lat="38.905128"><ele>21.584821</ele><time>2026-04-02T14:21:57Z</time><extensions><speed>1.283525</speed><course>269.810562</course><hAcc>2.491449</hAcc><vAcc>1.450231</vAcc></extensions></trkpt>
      <trkpt lon="-77.062296" lat="38.905128"><ele>21.629071</ele><time>2026-04-02T14:21:58Z</time><extensions><speed>1.284915</speed><course>269.707846</course><hAcc>2.457372</hAcc><vAcc>1.447854</vAcc></extensions></trkpt>
      <trkpt lon="-77.062311" lat="38.905128"><ele>21.671891</ele><time>2026-04-02T14:21:59Z</time><extensions><speed>1.286877</speed><course>269.642654</course><hAcc>2.433725</hAcc><vAcc>1.445947</vAcc></extensions></trkpt>
      <trkpt lon="-77.062326" lat="38.905128"><ele>21.712921</ele><time>2026-04-02T14:22:00Z</time><extensions><speed>1.286406</speed><course>269.569343</course><hAcc>2.417771</hAcc><vAcc>1.444592</vAcc></extensions></trkpt>
      <trkpt lon="-77.062341" lat="38.905128"><ele>21.752414</ele><time>2026-04-02T14:22:01Z</time><extensions><speed>1.284046</speed><course>269.490119</course><hAcc>2.407304</hAcc><vAcc>1.443867</vAcc></extensions></trkpt>
      <trkpt lon="-77.062356" lat="38.905128"><ele>21.790202</ele><time>2026-04-02T14:22:02Z</time><extensions><speed>1.280655</speed><course>269.410232</course><hAcc>2.400647</hAcc><vAcc>1.443833</vAcc></extensions></trkpt>
      <trkpt lon="-77.062370" lat="38.905128"><ele>21.825552</ele><time>2026-04-02T14:22:03Z</time><extensions><speed>1.274711</speed><course>269.328629</course><hAcc>2.396528</hAcc><vAcc>1.444546</vAcc></extensions></trkpt>
      <trkpt lon="-77.062385" lat="38.905128"><ele>21.858680</ele><time>2026-04-02T14:22:04Z</time><extensions><speed>1.271079</speed><course>269.239873</course><hAcc>2.394026</hAcc><vAcc>1.446066</vAcc></extensions></trkpt>
      <trkpt lon="-77.062400" lat="38.905127"><ele>21.889469</ele><time>2026-04-02T14:22:05Z</time><extensions><speed>1.269804</speed><course>269.142106</course><hAcc>2.392495</hAcc><vAcc>1.448470</vAcc></extensions></trkpt>
      <trkpt lon="-77.062414" lat="38.905127"><ele>21.918119</ele><time>2026-04-02T14:22:06Z</time><extensions><speed>1.268383</speed><course>269.030348</course><hAcc>2.391488</hAcc><vAcc>1.451840</vAcc></extensions></trkpt>
      <trkpt lon="-77.062429" lat="38.905127"><ele>21.944914</ele><time>2026-04-02T14:22:07Z</time><extensions><speed>1.264593</speed><course>268.903789</course><hAcc>2.390705</hAcc><vAcc>1.456269</vAcc></extensions></trkpt>
      <trkpt lon="-77.062443" lat="38.905127"><ele>21.969526</ele><time>2026-04-02T14:22:08Z</time><extensions><speed>1.259818</speed><course>268.762475</course><hAcc>2.389962</hAcc><vAcc>1.461845</vAcc></extensions></trkpt>
      <trkpt lon="-77.062458" lat="38.905127"><ele>21.991980</ele><time>2026-04-02T14:22:09Z</time><extensions><speed>1.255809</speed><course>268.610551</course><hAcc>2.389146</hAcc><vAcc>1.468631</vAcc></extensions></trkpt>
      <trkpt lon="-77.062472" lat="38.905126"><ele>22.012327</ele><time>2026-04-02T14:22:10Z</time><extensions><speed>1.254524</speed><course>268.453540</course><hAcc>2.388199</hAcc><vAcc>1.476661</vAcc></extensions></trkpt>
      <trkpt lon="-77.062487" lat="38.905126"><ele>22.031063</ele><time>2026-04-02T14:22:11Z</time><extensions><speed>1.256400</speed><course>268.296865</course><hAcc>2.387101</hAcc><vAcc>1.485938</vAcc></extensions></trkpt>
      <trkpt lon="-77.062501" lat="38.905126"><ele>22.048312</ele><time>2026-04-02T14:22:12Z</time><extensions><speed>1.259057</speed><course>268.145687</course><hAcc>2.385853</hAcc><vAcc>1.496433</vAcc></extensions></trkpt>
      <trkpt lon="-77.062516" lat="38.905125"><ele>22.064586</ele><time>2026-04-02T14:22:13Z</time><extensions><speed>1.260033</speed><course>268.000033</course><hAcc>2.384481</hAcc><vAcc>1.508079</vAcc></extensions></trkpt>
      <trkpt lon="-77.062530" lat="38.905125"><ele>22.080218</ele><time>2026-04-02T14:22:14Z</time><extensions><speed>1.257720</speed><course>267.864298</course><hAcc>2.383031</hAcc><vAcc>1.520794</vAcc></extensions></trkpt>
      <trkpt lon="-77.062545" lat="38.905124"><ele>22.095168</ele><time>2026-04-02T14:22:15Z</time><extensions><speed>1.255602</speed><course>267.746753</course><hAcc>2.381534</hAcc><vAcc>1.534502</vAcc></extensions></trkpt>
      <trkpt lon="-77.062559" lat="38.905124"><ele>22.109710</ele><time>2026-04-02T14:22:16Z</time><extensions><speed>1.252948</speed><course>267.652798</course><hAcc>2.380060</hAcc><vAcc>1.549127</vAcc></extensions></trkpt>
      <trkpt lon="-77.062574" lat="38.905124"><ele>22.123991</ele><time>2026-04-02T14:22:17Z</time><extensions><speed>1.251224</speed><course>267.587505</course><hAcc>2.378657</hAcc><vAcc>1.564590</vAcc></extensions></trkpt>
      <trkpt lon="-77.062588" lat="38.905123"><ele>22.138357</ele><time>2026-04-02T14:22:18Z</time><extensions><speed>1.250451</speed><course>267.554576</course><hAcc>2.377375</hAcc><vAcc>1.580818</vAcc></extensions></trkpt>
      <trkpt lon="-77.062602" lat="38.905123"><ele>22.153292</ele><time>2026-04-02T14:22:19Z</time><extensions><speed>1.252536</speed><course>267.557129</course><hAcc>2.376246</hAcc><vAcc>1.597746</vAcc></extensions></trkpt>
      <trkpt lon="-77.062617" lat="38.905122"><ele>22.168919</ele><time>2026-04-02T14:22:20Z</time><extensions><speed>1.254615</speed><course>267.595347</course><hAcc>2.375293</hAcc><vAcc>1.615308</vAcc></extensions></trkpt>
      <trkpt lon="-77.062631" lat="38.905122"><ele>22.185417</ele><time>2026-04-02T14:22:21Z</time><extensions><speed>1.257201</speed><course>267.669832</course><hAcc>2.374532</hAcc><vAcc>1.633422</vAcc></extensions></trkpt>
      <trkpt lon="-77.062646" lat="38.905121"><ele>22.202960</ele><time>2026-04-02T14:22:22Z</time><extensions><speed>1.265000</speed><course>267.783870</course><hAcc>2.373945</hAcc><vAcc>1.651960</vAcc></extensions></trkpt>
      <trkpt lon="-77.062661" lat="38.905121"><ele>22.221608</ele><time>2026-04-02T14:22:23Z</time><extensions><speed>1.275871</speed><course>267.935850</course><hAcc>2.373473</hAcc><vAcc>1.670732</vAcc></extensions></trkpt>
      <trkpt lon="-77.062675" lat="38.905120"><ele>22.240985</ele><time>2026-04-02T14:22:24Z</time><extensions><speed>1.285516</speed><course>268.122544</course><hAcc>2.372992</hAcc><vAcc>1.689503</vAcc></extensions></trkpt>
      <trkpt lon="-77.062690" lat="38.905120"><ele>22.261598</ele><time>2026-04-02T14:22:25Z</time><extensions><speed>1.290691</speed><course>268.341726</course><hAcc>2.372331</hAcc><vAcc>1.708002</vAcc></extensions></trkpt>
      <trkpt lon="-77.062705" lat="38.905120"><ele>22.283240</ele><time>2026-04-02T14:22:26Z</time><extensions><speed>1.293578</speed><course>268.586880</course><hAcc>2.371384</hAcc><vAcc>1.725968</vAcc></extensions></trkpt>
      <trkpt lon="-77.062720" lat="38.905119"><ele>22.305896</ele><time>2026-04-02T14:22:27Z</time><extensions><speed>1.296120</speed><course>268.850884</course><hAcc>2.370268</hAcc><vAcc>1.743165</vAcc></extensions></trkpt>
      <trkpt lon="-77.062735" lat="38.905119"><ele>22.328780</ele><time>2026-04-02T14:22:28Z</time><extensions><speed>1.304109</speed><course>269.121016</course><hAcc>2.369299</hAcc><vAcc>1.759372</vAcc></extensions></trkpt>
      <trkpt lon="-77.062750" lat="38.905119"><ele>22.351688</ele><time>2026-04-02T14:22:29Z</time><extensions><speed>1.311081</speed><course>269.378859</course><hAcc>2.368541</hAcc><vAcc>1.774390</vAcc></extensions></trkpt>
      <trkpt lon="-77.062765" lat="38.905119"><ele>22.375848</ele><time>2026-04-02T14:22:30Z</time><extensions><speed>1.313840</speed><course>269.633667</course><hAcc>2.367876</hAcc><vAcc>1.788030</vAcc></extensions></trkpt>
      <trkpt lon="-77.062780" lat="38.905119"><ele>22.400377</ele><time>2026-04-02T14:22:32Z</time><extensions><speed>1.313560</speed><course>269.890000</course><hAcc>2.367286</hAcc><vAcc>1.800131</vAcc></extensions></trkpt>
      <trkpt lon="-77.062795" lat="38.905119"><ele>22.424271</ele><time>2026-04-02T14:22:33Z</time><extensions><speed>1.312156</speed><course>270.146231</course><hAcc>2.366754</hAcc><vAcc>1.810525</vAcc></extensions></trkpt>
      <trkpt lon="-77.062811" lat="38.905119"><ele>22.448249</ele><time>2026-04-02T14:22:34Z</time><extensions><speed>1.312477</speed><course>270.406542</course><hAcc>2.366394</hAcc><vAcc>1.819146</vAcc></extensions></trkpt>
      <trkpt lon="-77.062826" lat="38.905119"><ele>22.471106</ele><time>2026-04-02T14:22:35Z</time><extensions><speed>1.317999</speed><course>270.662963</course><hAcc>2.366296</hAcc><vAcc>1.825918</vAcc></extensions></trkpt>
      <trkpt lon="-77.062841" lat="38.905119"><ele>22.493690</ele><time>2026-04-02T14:22:36Z</time><extensions><speed>1.324121</speed><course>270.919041</course><hAcc>2.366480</hAcc><vAcc>1.830781</vAcc></extensions></trkpt>
      <trkpt lon="-77.062856" lat="38.905119"><ele>22.515533</ele><time>2026-04-02T14:22:37Z</time><extensions><speed>1.328230</speed><course>271.177637</course><hAcc>2.366849</hAcc><vAcc>1.833697</vAcc></extensions></trkpt>
      <trkpt lon="-77.062872" lat="38.905120"><ele>22.536079</ele><time>2026-04-02T14:22:38Z</time><extensions><speed>1.328914</speed><course>271.435291</course><hAcc>2.367211</hAcc><vAcc>1.834637</vAcc></extensions></trkpt>
      <trkpt lon="-77.062887" lat="38.905120"><ele>22.554435</ele><time>2026-04-02T14:22:39Z</time><extensions><speed>1.327348</speed><course>271.692272</course><hAcc>2.367365</hAcc><vAcc>1.833606</vAcc></extensions></trkpt>
      <trkpt lon="-77.062902" lat="38.905120"><ele>22.571183</ele><time>2026-04-02T14:22:40Z</time><extensions><speed>1.324308</speed><course>271.963948</course><hAcc>2.367219</hAcc><vAcc>1.830628</vAcc></extensions></trkpt>
      <trkpt lon="-77.062917" lat="38.905121"><ele>22.585752</ele><time>2026-04-02T14:22:41Z</time><extensions><speed>1.318226</speed><course>272.238254</course><hAcc>2.366735</hAcc><vAcc>1.825763</vAcc></extensions></trkpt>
      <trkpt lon="-77.062932" lat="38.905121"><ele>22.598833</ele><time>2026-04-02T14:22:42Z</time><extensions><speed>1.308910</speed><course>272.521532</course><hAcc>2.365912</hAcc><vAcc>1.819102</vAcc></extensions></trkpt>
      <trkpt lon="-77.062947" lat="38.905122"><ele>22.610569</ele><time>2026-04-02T14:22:43Z</time><extensions><speed>1.300201</speed><course>272.826262</course><hAcc>2.364807</hAcc><vAcc>1.810778</vAcc></extensions></trkpt>
      <trkpt lon="-77.062962" lat="38.905122"><ele>22.620928</ele><time>2026-04-02T14:22:44Z</time><extensions><speed>1.295411</speed><course>273.126494</course><hAcc>2.363608</hAcc><vAcc>1.800952</vAcc></extensions></trkpt>
      <trkpt lon="-77.062977" lat="38.905123"><ele>22.629878</ele><time>2026-04-02T14:22:45Z</time><extensions><speed>1.291194</speed><course>273.429235</course><hAcc>2.362506</hAcc><vAcc>1.789813</vAcc></extensions></trkpt>
      <trkpt lon="-77.062992" lat="38.905124"><ele>22.637446</ele><time>2026-04-02T14:22:46Z</time><extensions><speed>1.288889</speed><course>273.734127</course><hAcc>2.361634</hAcc><vAcc>1.777565</vAcc></extensions></trkpt>
      <trkpt lon="-77.063007" lat="38.905125"><ele>22.643971</ele><time>2026-04-02T14:22:47Z</time><extensions><speed>1.288931</speed><course>274.043448</course><hAcc>2.361084</hAcc><vAcc>1.764414</vAcc></extensions></trkpt>
      <trkpt lon="-77.063022" lat="38.905125"><ele>22.649154</ele><time>2026-04-02T14:22:48Z</time><extensions><speed>1.291043</speed><course>274.008013</course><hAcc>2.360892</hAcc><vAcc>1.750564</vAcc></extensions></trkpt>
      <trkpt lon="-77.063036" lat="38.905126"><ele>22.653118</ele><time>2026-04-02T14:22:49Z</time><extensions><speed>1.294511</speed><course>273.661703</course><hAcc>2.361045</hAcc><vAcc>1.736212</vAcc></extensions></trkpt>
      <trkpt lon="-77.063051" lat="38.905127"><ele>22.655551</ele><time>2026-04-02T14:22:50Z</time><extensions><speed>1.297977</speed><course>272.986801</course><hAcc>2.361456</hAcc><vAcc>1.721549</vAcc></extensions></trkpt>
      <trkpt lon="-77.063066" lat="38.905127"><ele>22.656589</ele><time>2026-04-02T14:22:51Z</time><extensions><speed>1.303415</speed><course>272.349557</course><hAcc>2.362108</hAcc><vAcc>1.706756</vAcc></extensions></trkpt>
      <trkpt lon="-77.063081" lat="38.905128"><ele>22.656469</ele><time>2026-04-02T14:22:52Z</time><extensions><speed>1.306011</speed><course>271.766094</course><hAcc>2.362830</hAcc><vAcc>1.692011</vAcc></extensions></trkpt>
      <trkpt lon="-77.063097" lat="38.905128"><ele>22.656137</ele><time>2026-04-02T14:22:53Z</time><extensions><speed>1.303525</speed><course>271.228706</course><hAcc>2.363508</hAcc><vAcc>1.677504</vAcc></extensions></trkpt>
      <trkpt lon="-77.063112" lat="38.905128"><ele>22.655112</ele><time>2026-04-02T14:22:54Z</time><extensions><speed>1.304371</speed><course>270.725506</course><hAcc>2.364150</hAcc><vAcc>1.663399</vAcc></extensions></trkpt>
      <trkpt lon="-77.063127" lat="38.905128"><ele>22.653567</ele><time>2026-04-02T14:22:55Z</time><extensions><speed>1.306437</speed><course>270.259578</course><hAcc>2.364743</hAcc><vAcc>1.649841</vAcc></extensions></trkpt>
      <trkpt lon="-77.063142" lat="38.905128"><ele>22.650788</ele><time>2026-04-02T14:22:56Z</time><extensions><speed>1.307410</speed><course>269.830797</course><hAcc>2.365347</hAcc><vAcc>1.636940</vAcc></extensions></trkpt>
      <trkpt lon="-77.063157" lat="38.905128"><ele>22.647418</ele><time>2026-04-02T14:22:57Z</time><extensions><speed>1.308169</speed><course>269.398096</course><hAcc>2.365992</hAcc><vAcc>1.624785</vAcc></extensions></trkpt>
      <trkpt lon="-77.063172" lat="38.905128"><ele>22.643886</ele><time>2026-04-02T14:22:58Z</time><extensions><speed>1.307437</speed><course>269.026024</course><hAcc>2.366644</hAcc><vAcc>1.613441</vAcc></extensions></trkpt>
      <trkpt lon="-77.063187" lat="38.905128"><ele>22.639982</ele><time>2026-04-02T14:22:59Z</time><extensions><speed>1.306974</speed><course>268.676111</course><hAcc>2.367329</hAcc><vAcc>1.602957</vAcc></extensions></trkpt>
      <trkpt lon="-77.063202" lat="38.905128"><ele>22.635903</ele><time>2026-04-02T14:23:00Z</time><extensions><speed>1.306547</speed><course>268.344725</course><hAcc>2.368049</hAcc><vAcc>1.593365</vAcc></extensions></trkpt>
      <trkpt lon="-77.063217" lat="38.905127"><ele>22.631785</ele><time>2026-04-02T14:23:01Z</time><extensions><speed>1.307149</speed><course>268.030383</course><hAcc>2.368796</hAcc><vAcc>1.584690</vAcc></extensions></trkpt>
      <trkpt lon="-77.063232" lat="38.905127"><ele>22.627778</ele><time>2026-04-02T14:23:02Z</time><extensions><speed>1.310187</speed><course>267.732558</course><hAcc>2.369598</hAcc><vAcc>1.576943</vAcc></extensions></trkpt>
      <trkpt lon="-77.063247" lat="38.905126"><ele>22.623814</ele><time>2026-04-02T14:23:03Z</time><extensions><speed>1.312975</speed><course>267.454066</course><hAcc>2.370372</hAcc><vAcc>1.570107</vAcc></extensions></trkpt>
      <trkpt lon="-77.063262" lat="38.905126"><ele>22.620087</ele><time>2026-04-02T14:23:04Z</time><extensions><speed>1.316264</speed><course>267.195978</course><hAcc>2.371106</hAcc><vAcc>1.564143</vAcc></extensions></trkpt>
      <trkpt lon="-77.063277" lat="38.905125"><ele>22.616363</ele><time>2026-04-02T14:23:05Z</time><extensions><speed>1.318904</speed><course>266.961801</course><hAcc>2.371726</hAcc><vAcc>1.558988</vAcc></extensions></trkpt>
      <trkpt lon="-77.063293" lat="38.905125"><ele>22.612438</ele><time>2026-04-02T14:23:06Z</time><extensions><speed>1.317199</speed><course>266.748071</course><hAcc>2.372125</hAcc><vAcc>1.554557</vAcc></extensions></trkpt>
      <trkpt lon="-77.063308" lat="38.905124"><ele>22.608135</ele><time>2026-04-02T14:23:07Z</time><extensions><speed>1.309743</speed><course>266.556081</course><hAcc>2.372171</hAcc><vAcc>1.550761</vAcc></extensions></trkpt>
      <trkpt lon="-77.063323" lat="38.905123"><ele>22.603434</ele><time>2026-04-02T14:23:08Z</time><extensions><speed>1.298265</speed><course>266.387172</course><hAcc>2.371814</hAcc><vAcc>1.547522</vAcc></extensions></trkpt>
      <trkpt lon="-77.063337" lat="38.905122"><ele>22.598801</ele><time>2026-04-02T14:23:09Z</time><extensions><speed>1.285529</speed><course>266.233763</course><hAcc>2.371168</hAcc><vAcc>1.544783</vAcc></extensions></trkpt>
      <trkpt lon="-77.063352" lat="38.905122"><ele>22.593897</ele><time>2026-04-02T14:23:10Z</time><extensions><speed>1.276544</speed><course>266.105538</course><hAcc>2.370377</hAcc><vAcc>1.542498</vAcc></extensions></trkpt>
      <trkpt lon="-77.063367" lat="38.905121"><ele>22.588358</ele><time>2026-04-02T14:23:11Z</time><extensions><speed>1.272673</speed><course>266.003102</course><hAcc>2.369556</hAcc><vAcc>1.540629</vAcc></extensions></trkpt>
      <trkpt lon="-77.063381" lat="38.905120"><ele>22.582090</ele><time>2026-04-02T14:23:12Z</time><extensions><speed>1.272045</speed><course>265.918762</course><hAcc>2.368771</hAcc><vAcc>1.539141</vAcc></extensions></trkpt>
      <trkpt lon="-77.063396" lat="38.905119"><ele>22.575501</ele><time>2026-04-02T14:23:13Z</time><extensions><speed>1.271903</speed><course>265.848098</course><hAcc>2.368086</hAcc><vAcc>1.538003</vAcc></extensions></trkpt>
      <trkpt lon="-77.063410" lat="38.905118"><ele>22.568591</ele><time>2026-04-02T14:23:14Z</time><extensions><speed>1.274166</speed><course>265.795355</course><hAcc>2.367533</hAcc><vAcc>1.537198</vAcc></extensions></trkpt>
      <trkpt lon="-77.063425" lat="38.905118"><ele>22.561361</ele><time>2026-04-02T14:23:15Z</time><extensions><speed>1.276968</speed><course>265.755237</course><hAcc>2.367135</hAcc><vAcc>1.536719</vAcc></extensions></trkpt>
      <trkpt lon="-77.063440" lat="38.905117"><ele>22.553767</ele><time>2026-04-02T14:23:16Z</time><extensions><speed>1.278798</speed><course>265.721601</course><hAcc>2.366903</hAcc><vAcc>1.536573</vAcc></extensions></trkpt>
      <trkpt lon="-77.063454" lat="38.905116"><ele>22.545766</ele><time>2026-04-02T14:23:17Z</time><extensions><speed>1.279836</speed><course>265.692903</course><hAcc>2.366835</hAcc><vAcc>1.536786</vAcc></extensions></trkpt>
      <trkpt lon="-77.063469" lat="38.905115"><ele>22.538134</ele><time>2026-04-02T14:23:18Z</time><extensions><speed>1.283602</speed><course>265.704761</course><hAcc>2.366921</hAcc><vAcc>1.537386</vAcc></extensions></trkpt>
      <trkpt lon="-77.063484" lat="38.905114"><ele>22.530864</ele><time>2026-04-02T14:23:19Z</time><extensions><speed>1.287440</speed><course>265.856733</course><hAcc>2.367133</hAcc><vAcc>1.538410</vAcc></extensions></trkpt>
      <trkpt lon="-77.063499" lat="38.905113"><ele>22.523945</ele><time>2026-04-02T14:23:20Z</time><extensions><speed>1.290806</speed><course>266.143419</course><hAcc>2.367400</hAcc><vAcc>1.539891</vAcc></extensions></trkpt>
      <trkpt lon="-77.063514" lat="38.905113"><ele>22.517882</ele><time>2026-04-02T14:23:21Z</time><extensions><speed>1.291918</speed><course>266.435193</course><hAcc>2.367640</hAcc><vAcc>1.541848</vAcc></extensions></trkpt>
      <trkpt lon="-77.063528" lat="38.905112"><ele>22.512751</ele><time>2026-04-02T14:23:22Z</time><extensions><speed>1.290689</speed><course>266.725780</course><hAcc>2.367788</hAcc><vAcc>1.544295</vAcc></extensions></trkpt>
      <trkpt lon="-77.063543" lat="38.905111"><ele>22.508390</ele><time>2026-04-02T14:23:23Z</time><extensions><speed>1.290896</speed><course>267.033687</course><hAcc>2.367976</hAcc><vAcc>1.547252</vAcc></extensions></trkpt>
      <trkpt lon="-77.063558" lat="38.905111"><ele>22.504478</ele><time>2026-04-02T14:23:24Z</time><extensions><speed>1.292529</speed><course>267.358286</course><hAcc>2.368356</hAcc><vAcc>1.550732</vAcc></extensions></trkpt>
      <trkpt lon="-77.063573" lat="38.905110"><ele>22.501360</ele><time>2026-04-02T14:23:25Z</time><extensions><speed>1.295573</speed><course>267.690772</course><hAcc>2.369058</hAcc><vAcc>1.554736</vAcc></extensions></trkpt>
      <trkpt lon="-77.063588" lat="38.905110"><ele>22.500847</ele><time>2026-04-02T14:23:26Z</time><extensions><speed>1.302586</speed><course>268.031327</course><hAcc>2.370216</hAcc><vAcc>1.559246</vAcc></extensions></trkpt>
      <trkpt lon="-77.063603" lat="38.905109"><ele>22.502017</ele><time>2026-04-02T14:23:27Z</time><extensions><speed>1.314085</speed><course>268.368818</course><hAcc>2.371823</hAcc><vAcc>1.564222</vAcc></extensions></trkpt>
      <trkpt lon="-77.063618" lat="38.905109"><ele>22.504287</ele><time>2026-04-02T14:23:28Z</time><extensions><speed>1.325651</speed><course>268.692877</course><hAcc>2.373791</hAcc><vAcc>1.569594</vAcc></extensions></trkpt>
      <trkpt lon="-77.063634" lat="38.905109"><ele>22.506713</ele><time>2026-04-02T14:23:29Z</time><extensions><speed>1.335421</speed><course>268.996182</course><hAcc>2.375952</hAcc><vAcc>1.575272</vAcc></extensions></trkpt>
      <trkpt lon="-77.063649" lat="38.905109"><ele>22.509329</ele><time>2026-04-02T14:23:30Z</time><extensions><speed>1.341555</speed><course>269.269421</course><hAcc>2.378054</hAcc><vAcc>1.581137</vAcc></extensions></trkpt>
      <trkpt lon="-77.063665" lat="38.905109"><ele>22.511686</ele><time>2026-04-02T14:23:31Z</time><extensions><speed>1.345142</speed><course>269.503767</course><hAcc>2.379892</hAcc><vAcc>1.587027</vAcc></extensions></trkpt>
      <trkpt lon="-77.063680" lat="38.905109"><ele>22.512281</ele><time>2026-04-02T14:23:32Z</time><extensions><speed>1.346826</speed><course>269.690899</course><hAcc>2.381308</hAcc><vAcc>1.592815</vAcc></extensions></trkpt>
      <trkpt lon="-77.063696" lat="38.905109"><ele>22.511638</ele><time>2026-04-02T14:23:33Z</time><extensions><speed>1.344344</speed><course>269.827544</course><hAcc>2.382212</hAcc><vAcc>1.598363</vAcc></extensions></trkpt>
      <trkpt lon="-77.063711" lat="38.905109"><ele>22.510066</ele><time>2026-04-02T14:23:34Z</time><extensions><speed>1.338229</speed><course>269.912606</course><hAcc>2.382543</hAcc><vAcc>1.603557</vAcc></extensions></trkpt>
      <trkpt lon="-77.063726" lat="38.905109"><ele>22.506347</ele><time>2026-04-02T14:23:35Z</time><extensions><speed>1.328822</speed><course>269.949271</course><hAcc>2.382254</hAcc><vAcc>1.608305</vAcc></extensions></trkpt>
      <trkpt lon="-77.063742" lat="38.905109"><ele>22.500334</ele><time>2026-04-02T14:23:36Z</time><extensions><speed>1.316346</speed><course>269.943692</course><hAcc>2.381318</hAcc><vAcc>1.612555</vAcc></extensions></trkpt>
      <trkpt lon="-77.063757" lat="38.905108"><ele>22.492109</ele><time>2026-04-02T14:23:37Z</time><extensions><speed>1.300980</speed><course>269.901291</course><hAcc>2.379733</hAcc><vAcc>1.616299</vAcc></extensions></trkpt>
      <trkpt lon="-77.063772" lat="38.905108"><ele>22.480944</ele><time>2026-04-02T14:23:38Z</time><extensions><speed>1.282061</speed><course>269.826426</course><hAcc>2.377527</hAcc><vAcc>1.619582</vAcc></extensions></trkpt>
      <trkpt lon="-77.063786" lat="38.905108"><ele>22.467500</ele><time>2026-04-02T14:23:39Z</time><extensions><speed>1.259866</speed><course>269.723985</course><hAcc>2.374762</hAcc><vAcc>1.622506</vAcc></extensions></trkpt>
      <trkpt lon="-77.063801" lat="38.905108"><ele>22.451886</ele><time>2026-04-02T14:23:40Z</time><extensions><speed>1.235102</speed><course>269.592411</course><hAcc>2.371547</hAcc><vAcc>1.625217</vAcc></extensions></trkpt>
      <trkpt lon="-77.063815" lat="38.905108"><ele>22.433840</ele><time>2026-04-02T14:23:41Z</time><extensions><speed>1.210704</speed><course>269.446273</course><hAcc>2.368180</hAcc><vAcc>1.627903</vAcc></extensions></trkpt>
      <trkpt lon="-77.063829" lat="38.905108"><ele>22.413539</ele><time>2026-04-02T14:23:42Z</time><extensions><speed>1.196417</speed><course>269.274032</course><hAcc>2.365294</hAcc><vAcc>1.630774</vAcc></extensions></trkpt>
      <trkpt lon="-77.063843" lat="38.905108"><ele>22.391363</ele><time>2026-04-02T14:23:43Z</time><extensions><speed>1.190463</speed><course>269.083376</course><hAcc>2.363388</hAcc><vAcc>1.634013</vAcc></extensions></trkpt>
      <trkpt lon="-77.063857" lat="38.905108"><ele>22.367482</ele><time>2026-04-02T14:23:44Z</time><extensions><speed>1.191456</speed><course>268.885652</course><hAcc>2.362641</hAcc><vAcc>1.637735</vAcc></extensions></trkpt>
      <trkpt lon="-77.063870" lat="38.905107"><ele>22.341469</ele><time>2026-04-02T14:23:45Z</time><extensions><speed>1.196876</speed><course>268.668938</course><hAcc>2.362937</hAcc><vAcc>1.641960</vAcc></extensions></trkpt>
      <trkpt lon="-77.063884" lat="38.905107"><ele>22.314887</ele><time>2026-04-02T14:23:46Z</time><extensions><speed>1.204497</speed><course>268.437649</course><hAcc>2.363955</hAcc><vAcc>1.646641</vAcc></extensions></trkpt>
      <trkpt lon="-77.063898" lat="38.905107"><ele>22.287348</ele><time>2026-04-02T14:23:47Z</time><extensions><speed>1.211855</speed><course>268.208566</course><hAcc>2.365489</hAcc><vAcc>1.651691</vAcc></extensions></trkpt>
      <trkpt lon="-77.063912" lat="38.905106"><ele>22.258647</ele><time>2026-04-02T14:23:48Z</time><extensions><speed>1.214002</speed><course>267.701527</course><hAcc>2.367455</hAcc><vAcc>1.656996</vAcc></extensions></trkpt>
      <trkpt lon="-77.063926" lat="38.905106"><ele>22.229403</ele><time>2026-04-02T14:23:49Z</time><extensions><speed>1.213901</speed><course>267.201161</course><hAcc>2.369693</hAcc><vAcc>1.662417</vAcc></extensions></trkpt>
      <trkpt lon="-77.063940" lat="38.905105"><ele>22.199521</ele><time>2026-04-02T14:23:50Z</time><extensions><speed>1.212211</speed><course>266.699194</course><hAcc>2.372140</hAcc><vAcc>1.667786</vAcc></extensions></trkpt>
      <trkpt lon="-77.063954" lat="38.905104"><ele>22.168925</ele><time>2026-04-02T14:23:51Z</time><extensions><speed>1.212923</speed><course>266.202190</course><hAcc>2.374869</hAcc><vAcc>1.672907</vAcc></extensions></trkpt>
      <trkpt lon="-77.063968" lat="38.905104"><ele>22.137887</ele><time>2026-04-02T14:23:52Z</time><extensions><speed>1.219644</speed><course>265.724694</course><hAcc>2.377966</hAcc><vAcc>1.677551</vAcc></extensions></trkpt>
      <trkpt lon="-77.063982" lat="38.905103"><ele>22.106533</ele><time>2026-04-02T14:23:53Z</time><extensions><speed>1.230604</speed><course>265.285136</course><hAcc>2.381557</hAcc><vAcc>1.681463</vAcc></extensions></trkpt>
      <trkpt lon="-77.063996" lat="38.905102"><ele>22.074777</ele><time>2026-04-02T14:23:54Z</time><extensions><speed>1.241320</speed><course>264.858890</course><hAcc>2.385558</hAcc><vAcc>1.684367</vAcc></extensions></trkpt>
      <trkpt lon="-77.064010" lat="38.905101"><ele>22.042712</ele><time>2026-04-02T14:23:55Z</time><extensions><speed>1.255098</speed><course>264.448423</course><hAcc>2.389907</hAcc><vAcc>1.685986</vAcc></extensions></trkpt>
      <trkpt lon="-77.064024" lat="38.905099"><ele>22.010325</ele><time>2026-04-02T14:23:56Z</time><extensions><speed>1.270571</speed><course>264.049757</course><hAcc>2.394592</hAcc><vAcc>1.686042</vAcc></extensions></trkpt>
      <trkpt lon="-77.064039" lat="38.905098"><ele>21.977635</ele><time>2026-04-02T14:23:57Z</time><extensions><speed>1.287234</speed><course>263.661144</course><hAcc>2.399572</hAcc><vAcc>1.684275</vAcc></extensions></trkpt>
      <trkpt lon="-77.064054" lat="38.905097"><ele>21.944531</ele><time>2026-04-02T14:23:58Z</time><extensions><speed>1.302541</speed><course>263.276623</course><hAcc>2.404739</hAcc><vAcc>1.680437</vAcc></extensions></trkpt>
      <trkpt lon="-77.064069" lat="38.905095"><ele>21.910954</ele><time>2026-04-02T14:23:59Z</time><extensions><speed>1.311534</speed><course>262.876985</course><hAcc>2.409965</hAcc><vAcc>1.674300</vAcc></extensions></trkpt>
      <trkpt lon="-77.064084" lat="38.905094"><ele>21.876810</ele><time>2026-04-02T14:24:00Z</time><extensions><speed>1.315156</speed><course>262.472526</course><hAcc>2.415240</hAcc><vAcc>1.665660</vAcc></extensions></trkpt>
      <trkpt lon="-77.064099" lat="38.905092"><ele>21.842138</ele><time>2026-04-02T14:24:01Z</time><extensions><speed>1.313318</speed><course>262.063972</course><hAcc>2.420527</hAcc><vAcc>1.654345</vAcc></extensions></trkpt>
      <trkpt lon="-77.064114" lat="38.905091"><ele>21.806790</ele><time>2026-04-02T14:24:02Z</time><extensions><speed>1.307068</speed><course>261.660226</course><hAcc>2.425832</hAcc><vAcc>1.640207</vAcc></extensions></trkpt>
      <trkpt lon="-77.064129" lat="38.905089"><ele>21.770818</ele><time>2026-04-02T14:24:03Z</time><extensions><speed>1.296790</speed><course>261.258497</course><hAcc>2.431156</hAcc><vAcc>1.623124</vAcc></extensions></trkpt>
      <trkpt lon="-77.064143" lat="38.905087"><ele>21.734127</ele><time>2026-04-02T14:24:04Z</time><extensions><speed>1.281193</speed><course>260.865286</course><hAcc>2.436539</hAcc><vAcc>1.602998</vAcc></extensions></trkpt>
      <trkpt lon="-77.064158" lat="38.905085"><ele>21.697104</ele><time>2026-04-02T14:24:05Z</time><extensions><speed>1.260380</speed><course>260.460553</course><hAcc>2.441693</hAcc><vAcc>1.579754</vAcc></extensions></trkpt>
      <trkpt lon="-77.064172" lat="38.905083"><ele>21.659406</ele><time>2026-04-02T14:24:06Z</time><extensions><speed>1.234650</speed><course>260.081775</course><hAcc>2.447380</hAcc><vAcc>1.553354</vAcc></extensions></trkpt>
      <trkpt lon="-77.064186" lat="38.905081"><ele>21.621274</ele><time>2026-04-02T14:24:06Z</time><extensions><speed>1.203715</speed><course>259.714422</course><hAcc>2.453152</hAcc><vAcc>1.523783</vAcc></extensions></trkpt>
      <trkpt lon="-77.064199" lat="38.905079"><ele>21.582796</ele><time>2026-04-02T14:24:07Z</time><extensions><speed>1.169123</speed><course>259.371647</course><hAcc>2.458999</hAcc><vAcc>1.491061</vAcc></extensions></trkpt>
      <trkpt lon="-77.064212" lat="38.905077"><ele>21.544070</ele><time>2026-04-02T14:24:08Z</time><extensions><speed>1.140753</speed><course>259.109288</course><hAcc>2.464896</hAcc><vAcc>1.455239</vAcc></extensions></trkpt>
      <trkpt lon="-77.064225" lat="38.905075"><ele>21.505184</ele><time>2026-04-02T14:24:09Z</time><extensions><speed>1.110420</speed><course>258.876529</course><hAcc>2.470724</hAcc><vAcc>1.416399</vAcc></extensions></trkpt>
      <trkpt lon="-77.064237" lat="38.905074"><ele>21.466200</ele><time>2026-04-02T14:24:10Z</time><extensions><speed>1.072761</speed><course>258.633807</course><hAcc>2.476261</hAcc><vAcc>1.374656</vAcc></extensions></trkpt>
      <trkpt lon="-77.064249" lat="38.905072"><ele>21.427137</ele><time>2026-04-02T14:24:11Z</time><extensions><speed>1.028028</speed><course>258.372608</course><hAcc>2.481322</hAcc><vAcc>1.330183</vAcc></extensions></trkpt>
      <trkpt lon="-77.064261" lat="38.905070"><ele>21.387967</ele><time>2026-04-02T14:24:12Z</time><extensions><speed>0.987262</speed><course>258.185746</course><hAcc>2.485782</hAcc><vAcc>1.283236</vAcc></extensions></trkpt>
      <trkpt lon="-77.064271" lat="38.905068"><ele>21.348611</ele><time>2026-04-02T14:24:13Z</time><extensions><speed>0.943762</speed><course>258.010252</course><hAcc>2.489454</hAcc><vAcc>1.234168</vAcc></extensions></trkpt>
      <trkpt lon="-77.064282" lat="38.905066"><ele>21.308989</ele><time>2026-04-02T14:24:14Z</time><extensions><speed>0.891588</speed><course>257.770051</course><hAcc>2.492167</hAcc><vAcc>1.183457</vAcc></extensions></trkpt>
      <trkpt lon="-77.064291" lat="38.905065"><ele>21.269122</ele><time>2026-04-02T14:24:15Z</time><extensions><speed>0.832079</speed><course>257.396141</course><hAcc>2.494074</hAcc><vAcc>1.131757</vAcc></extensions></trkpt>
      <trkpt lon="-77.064301" lat="38.905063"><ele>21.229155</ele><time>2026-04-02T14:24:16Z</time><extensions><speed>0.781156</speed><course>257.162695</course><hAcc>2.495852</hAcc><vAcc>1.079929</vAcc></extensions></trkpt>
      <trkpt lon="-77.064309" lat="38.905061"><ele>21.189317</ele><time>2026-04-02T14:24:17Z</time><extensions><speed>0.737611</speed><course>257.139024</course><hAcc>2.498287</hAcc><vAcc>1.029056</vAcc></extensions></trkpt>
      <trkpt lon="-77.064317" lat="38.905060"><ele>21.149852</ele><time>2026-04-02T14:24:18Z</time><extensions><speed>0.700508</speed><course>257.339521</course><hAcc>2.501991</hAcc><vAcc>0.980376</vAcc></extensions></trkpt>
      <trkpt lon="-77.064325" lat="38.905059"><ele>21.111035</ele><time>2026-04-02T14:24:19Z</time><extensions><speed>0.669408</speed><course>257.771164</course><hAcc>2.507381</hAcc><vAcc>0.935132</vAcc></extensions></trkpt>
      <trkpt lon="-77.064332" lat="38.905058"><ele>21.073198</ele><time>2026-04-02T14:24:20Z</time><extensions><speed>0.644265</speed><course>258.430410</course><hAcc>2.514724</hAcc><vAcc>0.894412</vAcc></extensions></trkpt>
      <trkpt lon="-77.064339" lat="38.905056"><ele>21.036703</ele><time>2026-04-02T14:24:21Z</time><extensions><speed>0.624462</speed><course>259.302335</course><hAcc>2.524203</hAcc><vAcc>0.859016</vAcc></extensions></trkpt>
      <trkpt lon="-77.064346" lat="38.905055"><ele>21.001948</ele><time>2026-04-02T14:24:22Z</time><extensions><speed>0.609597</speed><course>260.359937</course><hAcc>2.535936</hAcc><vAcc>0.829313</vAcc></extensions></trkpt>
      <trkpt lon="-77.064353" lat="38.905055"><ele>20.969421</ele><time>2026-04-02T14:24:23Z</time><extensions><speed>0.598698</speed><course>261.562439</course><hAcc>2.549995</hAcc><vAcc>0.805236</vAcc></extensions></trkpt>
      <trkpt lon="-77.064360" lat="38.905054"><ele>20.939657</ele><time>2026-04-02T14:24:24Z</time><extensions><speed>0.591255</speed><course>262.868255</course><hAcc>2.566428</hAcc><vAcc>0.786382</vAcc></extensions></trkpt>
      <trkpt lon="-77.064367" lat="38.905053"><ele>20.913089</ele><time>2026-04-02T14:24:25Z</time><extensions><speed>0.586741</speed><course>264.234598</course><hAcc>2.585296</hAcc><vAcc>0.772122</vAcc></extensions></trkpt>
      <trkpt lon="-77.064374" lat="38.905053"><ele>20.889982</ele><time>2026-04-02T14:24:26Z</time><extensions><speed>0.584847</speed><course>265.623972</course><hAcc>2.606709</hAcc><vAcc>0.761721</vAcc></extensions></trkpt>
      <trkpt lon="-77.064380" lat="38.905052"><ele>20.870431</ele><time>2026-04-02T14:24:27Z</time><extensions><speed>0.585386</speed><course>267.001298</course><hAcc>2.630839</hAcc><vAcc>0.754427</vAcc></extensions></trkpt>
      <trkpt lon="-77.064387" lat="38.905052"><ele>20.854377</ele><time>2026-04-02T14:24:28Z</time><extensions><speed>0.587665</speed><course>268.332680</course><hAcc>2.657924</hAcc><vAcc>0.749546</vAcc></extensions></trkpt>
      <trkpt lon="-77.064394" lat="38.905052"><ele>20.841666</ele><time>2026-04-02T14:24:29Z</time><extensions><speed>0.591345</speed><course>269.591217</course><hAcc>2.688281</hAcc><vAcc>0.746474</vAcc></extensions></trkpt>
      <trkpt lon="-77.064401" lat="38.905052"><ele>20.832070</ele><time>2026-04-02T14:24:30Z</time><extensions><speed>0.596512</speed><course>270.757755</course><hAcc>2.722331</hAcc><vAcc>0.744722</vAcc></extensions></trkpt>
      <trkpt lon="-77.064408" lat="38.905052"><ele>20.825290</ele><time>2026-04-02T14:24:31Z</time><extensions><speed>0.602582</speed><course>271.824182</course><hAcc>2.760621</hAcc><vAcc>0.743907</vAcc></extensions></trkpt>
      <trkpt lon="-77.064415" lat="38.905052"><ele>20.820974</ele><time>2026-04-02T14:24:32Z</time><extensions><speed>0.608923</speed><course>272.790165</course><hAcc>2.803830</hAcc><vAcc>0.743744</vAcc></extensions></trkpt>
      <trkpt lon="-77.064422" lat="38.905053"><ele>20.818762</ele><time>2026-04-02T14:24:33Z</time><extensions><speed>0.615308</speed><course>273.655834</course><hAcc>2.852755</hAcc><vAcc>0.744029</vAcc></extensions></trkpt>
      <trkpt lon="-77.064429" lat="38.905053"><ele>20.818286</ele><time>2026-04-02T14:24:34Z</time><extensions><speed>0.620423</speed><course>274.426952</course><hAcc>2.908285</hAcc><vAcc>0.744617</vAcc></extensions></trkpt>
      <trkpt lon="-77.064436" lat="38.905054"><ele>20.819225</ele><time>2026-04-02T14:24:35Z</time><extensions><speed>0.624651</speed><course>275.097470</course><hAcc>2.971391</hAcc><vAcc>0.745406</vAcc></extensions></trkpt>
      <trkpt lon="-77.064443" lat="38.905054"><ele>20.821358</ele><time>2026-04-02T14:24:36Z</time><extensions><speed>0.627820</speed><course>275.673463</course><hAcc>3.043145</hAcc><vAcc>0.746321</vAcc></extensions></trkpt>
      <trkpt lon="-77.064450" lat="38.905055"><ele>20.824535</ele><time>2026-04-02T14:24:38Z</time><extensions><speed>0.630092</speed><course>276.156822</course><hAcc>3.124833</hAcc><vAcc>0.747291</vAcc></extensions></trkpt>
      <trkpt lon="-77.064458" lat="38.905055"><ele>20.828611</ele><time>2026-04-02T14:24:39Z</time><extensions><speed>0.631374</speed><course>276.549754</course><hAcc>3.217578</hAcc><vAcc>0.748266</vAcc></extensions></trkpt>
      <trkpt lon="-77.064465" lat="38.905056"><ele>20.833492</ele><time>2026-04-02T14:24:40Z</time><extensions><speed>0.630900</speed><course>276.867821</course><hAcc>3.322887</hAcc><vAcc>0.749231</vAcc></extensions></trkpt>
      <trkpt lon="-77.064472" lat="38.905057"><ele>20.839092</ele><time>2026-04-02T14:24:41Z</time><extensions><speed>0.629403</speed><course>277.111577</course><hAcc>3.442224</hAcc><vAcc>0.750185</vAcc></extensions></trkpt>
      <trkpt lon="-77.064479" lat="38.905057"><ele>20.845320</ele><time>2026-04-02T14:24:42Z</time><extensions><speed>0.627394</speed><course>277.286022</course><hAcc>3.577066</hAcc><vAcc>0.751187</vAcc></extensions></trkpt>
      <trkpt lon="-77.064486" lat="38.905058"><ele>20.852103</ele><time>2026-04-02T14:24:43Z</time><extensions><speed>0.625263</speed><course>277.400948</course><hAcc>3.728851</hAcc><vAcc>0.752401</vAcc></extensions></trkpt>
      <trkpt lon="-77.064493" lat="38.905059"><ele>20.859375</ele><time>2026-04-02T14:24:44Z</time><extensions><speed>0.623190</speed><course>277.467959</course><hAcc>3.898952</hAcc><vAcc>0.754165</vAcc></extensions></trkpt>
      <trkpt lon="-77.064501" lat="38.905060"><ele>20.867046</ele><time>2026-04-02T14:24:45Z</time><extensions><speed>0.620899</speed><course>277.502106</course><hAcc>4.088633</hAcc><vAcc>0.757084</vAcc></extensions></trkpt>
      <trkpt lon="-77.064508" lat="38.905060"><ele>20.875010</ele><time>2026-04-02T14:24:46Z</time><extensions><speed>0.618275</speed><course>277.514253</course><hAcc>4.299020</hAcc><vAcc>0.762153</vAcc></extensions></trkpt>
      <trkpt lon="-77.064515" lat="38.905061"><ele>20.883187</ele><time>2026-04-02T14:24:47Z</time><extensions><speed>0.615570</speed><course>277.503877</course><hAcc>4.531012</hAcc><vAcc>0.770887</vAcc></extensions></trkpt>
      <trkpt lon="-77.064522" lat="38.905062"><ele>20.891523</ele><time>2026-04-02T14:24:48Z</time><extensions><speed>0.612946</speed><course>277.482869</course><hAcc>4.785171</hAcc><vAcc>0.785443</vAcc></extensions></trkpt>
      <trkpt lon="-77.064529" lat="38.905063"><ele>20.899977</ele><time>2026-04-02T14:24:49Z</time><extensions><speed>0.610394</speed><course>277.467828</course><hAcc>5.061745</hAcc><vAcc>0.808677</vAcc></extensions></trkpt>
      <trkpt lon="-77.064536" lat="38.905063"><ele>20.908522</ele><time>2026-04-02T14:24:50Z</time><extensions><speed>0.608068</speed><course>277.452605</course><hAcc>5.360765</hAcc><vAcc>0.844067</vAcc></extensions></trkpt>
      <trkpt lon="-77.064543" lat="38.905064"><ele>20.917152</ele><time>2026-04-02T14:24:51Z</time><extensions><speed>0.605943</speed><course>277.433656</course><hAcc>5.682078</hAcc><vAcc>0.895439</vAcc></extensions></trkpt>
      <trkpt lon="-77.064550" lat="38.905065"><ele>20.925862</ele><time>2026-04-02T14:24:52Z</time><extensions><speed>0.604106</speed><course>277.415697</course><hAcc>6.025388</hAcc><vAcc>0.966532</vAcc></extensions></trkpt>
      <trkpt lon="-77.064556" lat="38.905065"><ele>20.934658</ele><time>2026-04-02T14:24:53Z</time><extensions><speed>0.602536</speed><course>277.402603</course><hAcc>6.390302</hAcc><vAcc>1.060510</vAcc></extensions></trkpt>
      <trkpt lon="-77.064563" lat="38.905066"><ele>20.943547</ele><time>2026-04-02T14:24:54Z</time><extensions><speed>0.601208</speed><course>277.396632</course><hAcc>6.776331</hAcc><vAcc>1.179592</vAcc></extensions></trkpt>
      <trkpt lon="-77.064571" lat="38.905067"><ele>20.953087</ele><time>2026-04-02T14:24:55Z</time><extensions><speed>0.599953</speed><course>277.401896</course><hAcc>7.210253</hAcc><vAcc>1.335292</vAcc></extensions></trkpt>
      <trkpt lon="-77.064144" lat="38.905023"><ele>21.267253</ele><time>2026-04-02T14:28:43Z</time><extensions><speed>0.399073</speed><course>210.002439</course><hAcc>6.716412</hAcc><vAcc>1.432274</vAcc></extensions></trkpt>
      <trkpt lon="-77.064146" lat="38.905020"><ele>21.222828</ele><time>2026-04-02T14:28:44Z</time><extensions><speed>0.400230</speed><course>210.009342</course><hAcc>6.326979</hAcc><vAcc>1.274030</vAcc></extensions></trkpt>
      <trkpt lon="-77.064148" lat="38.905016"><ele>21.178363</ele><time>2026-04-02T14:28:45Z</time><extensions><speed>0.402205</speed><course>210.021586</course><hAcc>5.973104</hAcc><vAcc>1.141005</vAcc></extensions></trkpt>
      <trkpt lon="-77.064151" lat="38.905013"><ele>21.133973</ele><time>2026-04-02T14:28:46Z</time><extensions><speed>0.404810</speed><course>210.053292</course><hAcc>5.657322</hAcc><vAcc>1.032964</vAcc></extensions></trkpt>
      <trkpt lon="-77.064153" lat="38.905010"><ele>21.089575</ele><time>2026-04-02T14:28:47Z</time><extensions><speed>0.408011</speed><course>210.107185</course><hAcc>5.381534</hAcc><vAcc>0.948312</vAcc></extensions></trkpt>
      <trkpt lon="-77.064155" lat="38.905007"><ele>21.045678</ele><time>2026-04-02T14:28:48Z</time><extensions><speed>0.410760</speed><course>210.135081</course><hAcc>5.151426</hAcc><vAcc>0.885497</vAcc></extensions></trkpt>
      <trkpt lon="-77.064158" lat="38.905004"><ele>21.001787</ele><time>2026-04-02T14:28:49Z</time><extensions><speed>0.412846</speed><course>210.125501</course><hAcc>4.966927</hAcc><vAcc>0.840551</vAcc></extensions></trkpt>
      <trkpt lon="-77.064160" lat="38.905000"><ele>20.957980</ele><time>2026-04-02T14:28:50Z</time><extensions><speed>0.414040</speed><course>210.079501</course><hAcc>4.830979</hAcc><vAcc>0.810062</vAcc></extensions></trkpt>
      <trkpt lon="-77.064163" lat="38.904997"><ele>20.914041</ele><time>2026-04-02T14:28:51Z</time><extensions><speed>0.414247</speed><course>210.009347</course><hAcc>4.744719</hAcc><vAcc>0.790377</vAcc></extensions></trkpt>
      <trkpt lon="-77.064165" lat="38.904994"><ele>20.870149</ele><time>2026-04-02T14:28:52Z</time><extensions><speed>0.413423</speed><course>209.932391</course><hAcc>4.709059</hAcc><vAcc>0.778486</vAcc></extensions></trkpt>
      <trkpt lon="-77.064167" lat="38.904991"><ele>20.826123</ele><time>2026-04-02T14:28:53Z</time><extensions><speed>0.411918</speed><course>209.839090</course><hAcc>4.723186</hAcc><vAcc>0.771948</vAcc></extensions></trkpt>
      <trkpt lon="-77.064170" lat="38.904988"><ele>20.782217</ele><time>2026-04-02T14:28:54Z</time><extensions><speed>0.409866</speed><course>209.716330</course><hAcc>4.785581</hAcc><vAcc>0.769218</vAcc></extensions></trkpt>
      <trkpt lon="-77.064172" lat="38.904984"><ele>20.738538</ele><time>2026-04-02T14:28:55Z</time><extensions><speed>0.407602</speed><course>209.602366</course><hAcc>4.894240</hAcc><vAcc>0.769568</vAcc></extensions></trkpt>
      <trkpt lon="-77.064174" lat="38.904981"><ele>20.695575</ele><time>2026-04-02T14:28:56Z</time><extensions><speed>0.405270</speed><course>209.502752</course><hAcc>5.045919</hAcc><vAcc>0.773130</vAcc></extensions></trkpt>
      <trkpt lon="-77.064177" lat="38.904978"><ele>20.653417</ele><time>2026-04-02T14:28:57Z</time><extensions><speed>0.402921</speed><course>209.403388</course><hAcc>5.238286</hAcc><vAcc>0.780918</vAcc></extensions></trkpt>
      <trkpt lon="-77.064179" lat="38.904975"><ele>20.612370</ele><time>2026-04-02T14:28:58Z</time><extensions><speed>0.400638</speed><course>209.280466</course><hAcc>5.468273</hAcc><vAcc>0.794775</vAcc></extensions></trkpt>
      <trkpt lon="-77.064181" lat="38.904972"><ele>20.572548</ele><time>2026-04-02T14:28:59Z</time><extensions><speed>0.398638</speed><course>209.155804</course><hAcc>5.733615</hAcc><vAcc>0.817440</vAcc></extensions></trkpt>
      <trkpt lon="-77.064183" lat="38.904969"><ele>20.534098</ele><time>2026-04-02T14:29:00Z</time><extensions><speed>0.396923</speed><course>209.008506</course><hAcc>6.031306</hAcc><vAcc>0.852279</vAcc></extensions></trkpt>
      <trkpt lon="-77.064186" lat="38.904965"><ele>20.496818</ele><time>2026-04-02T14:29:01Z</time><extensions><speed>0.395461</speed><course>208.865748</course><hAcc>6.360416</hAcc><vAcc>0.903266</vAcc></extensions></trkpt>
      <trkpt lon="-77.064188" lat="38.904962"><ele>20.460700</ele><time>2026-04-02T14:29:02Z</time><extensions><speed>0.394243</speed><course>208.755621</course><hAcc>6.718159</hAcc><vAcc>0.974024</vAcc></extensions></trkpt>
      <trkpt lon="-77.064190" lat="38.904959"><ele>20.425496</ele><time>2026-04-02T14:29:03Z</time><extensions><speed>0.393233</speed><course>208.692345</course><hAcc>7.103333</hAcc><vAcc>1.067780</vAcc></extensions></trkpt>
      <trkpt lon="-77.064192" lat="38.904956"><ele>20.390863</ele><time>2026-04-02T14:29:04Z</time><extensions><speed>0.392424</speed><course>208.701627</course><hAcc>7.515557</hAcc><vAcc>1.187010</vAcc></extensions></trkpt>
      <trkpt lon="-77.064194" lat="38.904953"><ele>20.356682</ele><time>2026-04-02T14:29:05Z</time><extensions><speed>0.391888</speed><course>208.703920</course><hAcc>7.952180</hAcc><vAcc>1.332326</vAcc></extensions></trkpt>
      <trkpt lon="-77.064119" lat="38.904757"><ele>19.020759</ele><time>2026-04-02T14:32:23Z</time><extensions><speed>1.072586</speed><course>86.605882</course><hAcc>7.512419</hAcc><vAcc>1.479289</vAcc></extensions></trkpt>
      <trkpt lon="-77.064106" lat="38.904757"><ele>18.974109</ele><time>2026-04-02T14:32:24Z</time><extensions><speed>1.072853</speed><course>86.575735</course><hAcc>6.910055</hAcc><vAcc>1.313914</vAcc></extensions></trkpt>
      <trkpt lon="-77.064094" lat="38.904758"><ele>18.928956</ele><time>2026-04-02T14:32:25Z</time><extensions><speed>1.074242</speed><course>86.596150</course><hAcc>6.352539</hAcc><vAcc>1.178675</vAcc></extensions></trkpt>
      <trkpt lon="-77.064082" lat="38.904759"><ele>18.886423</ele><time>2026-04-02T14:32:26Z</time><extensions><speed>1.074910</speed><course>86.687329</course><hAcc>5.847724</hAcc><vAcc>1.075203</vAcc></extensions></trkpt>
      <trkpt lon="-77.064070" lat="38.904759"><ele>18.848078</ele><time>2026-04-02T14:32:26Z</time><extensions><speed>1.074762</speed><course>86.825236</course><hAcc>5.418231</hAcc><vAcc>1.006600</vAcc></extensions></trkpt>
      <trkpt lon="-77.064057" lat="38.904760"><ele>18.811766</ele><time>2026-04-02T14:32:27Z</time><extensions><speed>1.074010</speed><course>87.007710</course><hAcc>5.052973</hAcc><vAcc>0.969669</vAcc></extensions></trkpt>
      <trkpt lon="-77.064045" lat="38.904760"><ele>18.778355</ele><time>2026-04-02T14:32:28Z</time><extensions><speed>1.072907</speed><course>87.209929</course><hAcc>4.779365</hAcc><vAcc>0.966150</vAcc></extensions></trkpt>
      <trkpt lon="-77.064032" lat="38.904761"><ele>18.745669</ele><time>2026-04-02T14:32:30Z</time><extensions><speed>1.071115</speed><course>87.447178</course><hAcc>4.604295</hAcc><vAcc>0.996784</vAcc></extensions></trkpt>
      <trkpt lon="-77.063983" lat="38.904762"><ele>18.674732</ele><time>2026-04-02T14:32:34Z</time><extensions><speed>1.056666</speed><course>89.808256</course><hAcc>4.960063</hAcc><vAcc>1.159738</vAcc></extensions></trkpt>
      <trkpt lon="-77.063971" lat="38.904762"><ele>18.669028</ele><time>2026-04-02T14:32:35Z</time><extensions><speed>1.056699</speed><course>89.867754</course><hAcc>5.299895</hAcc><vAcc>1.247566</vAcc></extensions></trkpt>
      <trkpt lon="-77.063958" lat="38.904762"><ele>18.663829</ele><time>2026-04-02T14:32:36Z</time><extensions><speed>1.056795</speed><course>89.897862</course><hAcc>5.739378</hAcc><vAcc>1.382707</vAcc></extensions></trkpt>
      <trkpt lon="-77.063946" lat="38.904762"><ele>18.658871</ele><time>2026-04-02T14:32:37Z</time><extensions><speed>1.056930</speed><course>89.906559</course><hAcc>6.260047</hAcc><vAcc>1.558653</vAcc></extensions></trkpt>
      <trkpt lon="-77.064228" lat="38.905025"><ele>19.649988</ele><time>2026-04-02T14:33:17Z</time><extensions><speed>0.522323</speed><course>7.356722</course><hAcc>4.569346</hAcc><vAcc>1.327860</vAcc></extensions></trkpt>
      <trkpt lon="-77.064227" lat="38.905030"><ele>19.806169</ele><time>2026-04-02T14:33:18Z</time><extensions><speed>0.522783</speed><course>7.166431</course><hAcc>4.200096</hAcc><vAcc>1.187082</vAcc></extensions></trkpt>
      <trkpt lon="-77.064226" lat="38.905034"><ele>19.963442</ele><time>2026-04-02T14:33:19Z</time><extensions><speed>0.521683</speed><course>6.932338</course><hAcc>3.857138</hAcc><vAcc>1.075254</vAcc></extensions></trkpt>
      <trkpt lon="-77.064225" lat="38.905039"><ele>20.124134</ele><time>2026-04-02T14:33:20Z</time><extensions><speed>0.519580</speed><course>6.784662</course><hAcc>3.538717</hAcc><vAcc>0.990690</vAcc></extensions></trkpt>
      <trkpt lon="-77.064224" lat="38.905043"><ele>20.287833</ele><time>2026-04-02T14:33:21Z</time><extensions><speed>0.516107</speed><course>6.752008</course><hAcc>3.248822</hAcc><vAcc>0.931946</vAcc></extensions></trkpt>
      <trkpt lon="-77.064223" lat="38.905048"><ele>20.450936</ele><time>2026-04-02T14:33:21Z</time><extensions><speed>0.511078</speed><course>6.754107</course><hAcc>2.994593</hAcc><vAcc>0.896125</vAcc></extensions></trkpt>
      <trkpt lon="-77.064223" lat="38.905052"><ele>20.621686</ele><time>2026-04-02T14:33:22Z</time><extensions><speed>0.502030</speed><course>6.823691</course><hAcc>2.764970</hAcc><vAcc>0.877012</vAcc></extensions></trkpt>
      <trkpt lon="-77.064222" lat="38.905057"><ele>20.795966</ele><time>2026-04-02T14:33:23Z</time><extensions><speed>0.490478</speed><course>6.923848</course><hAcc>2.567815</hAcc><vAcc>0.870604</vAcc></extensions></trkpt>
      <trkpt lon="-77.064221" lat="38.905061"><ele>20.972926</ele><time>2026-04-02T14:33:24Z</time><extensions><speed>0.474304</speed><course>6.810595</course><hAcc>2.404186</hAcc><vAcc>0.872038</vAcc></extensions></trkpt>
      <trkpt lon="-77.064221" lat="38.905065"><ele>21.151152</ele><time>2026-04-02T14:33:25Z</time><extensions><speed>0.449561</speed><course>6.495893</course><hAcc>2.274712</hAcc><vAcc>0.876815</vAcc></extensions></trkpt>
      <trkpt lon="-77.064221" lat="38.905066"><ele>21.188831</ele><time>2026-04-02T14:33:26Z</time><extensions><speed>0.448863</speed><course>6.392631</course><hAcc>2.251890</hAcc><vAcc>0.878308</vAcc></extensions></trkpt>
      <trkpt lon="-77.064220" lat="38.905070"><ele>21.366825</ele><time>2026-04-02T14:33:27Z</time><extensions><speed>0.416465</speed><course>5.955399</course><hAcc>2.165724</hAcc><vAcc>0.886122</vAcc></extensions></trkpt>
      <trkpt lon="-77.064220" lat="38.905074"><ele>21.543089</ele><time>2026-04-02T14:33:28Z</time><extensions><speed>0.385072</speed><course>5.372267</course><hAcc>2.112164</hAcc><vAcc>0.890175</vAcc></extensions></trkpt>
      <trkpt lon="-77.064219" lat="38.905077"><ele>21.715679</ele><time>2026-04-02T14:33:29Z</time><extensions><speed>0.354578</speed><course>4.501368</course><hAcc>2.087257</hAcc><vAcc>0.889059</vAcc></extensions></trkpt>
      <trkpt lon="-77.064219" lat="38.905080"><ele>21.882607</ele><time>2026-04-02T14:33:30Z</time><extensions><speed>0.326548</speed><course>3.300288</course><hAcc>2.085930</hAcc><vAcc>0.882568</vAcc></extensions></trkpt>
      <trkpt lon="-77.064219" lat="38.905083"><ele>22.041843</ele><time>2026-04-02T14:33:31Z</time><extensions><speed>0.302523</speed><course>1.731638</course><hAcc>2.102809</hAcc><vAcc>0.871666</vAcc></extensions></trkpt>
      <trkpt lon="-77.064219" lat="38.905086"><ele>22.198519</ele><time>2026-04-02T14:33:32Z</time><extensions><speed>0.280794</speed><course>359.560004</course><hAcc>2.134139</hAcc><vAcc>0.857094</vAcc></extensions></trkpt>
      <trkpt lon="-77.064219" lat="38.905088"><ele>22.334664</ele><time>2026-04-02T14:33:33Z</time><extensions><speed>0.265972</speed><course>357.240580</course><hAcc>2.172438</hAcc><vAcc>0.843648</vAcc></extensions></trkpt>
      <trkpt lon="-77.064219" lat="38.905091"><ele>22.456687</ele><time>2026-04-02T14:33:34Z</time><extensions><speed>0.253519</speed><course>354.615203</course><hAcc>2.216204</hAcc><vAcc>0.835093</vAcc></extensions></trkpt>
      <trkpt lon="-77.064219" lat="38.905093"><ele>22.538315</ele><time>2026-04-02T14:33:34Z</time><extensions><speed>0.248219</speed><course>352.986936</course><hAcc>2.252421</hAcc><vAcc>0.835124</vAcc></extensions></trkpt>
      <trkpt lon="-77.064220" lat="38.905095"><ele>22.636368</ele><time>2026-04-02T14:33:36Z</time><extensions><speed>0.240296</speed><course>349.874198</course><hAcc>2.304398</hAcc><vAcc>0.845567</vAcc></extensions></trkpt>
      <trkpt lon="-77.064221" lat="38.905097"><ele>22.718875</ele><time>2026-04-02T14:33:37Z</time><extensions><speed>0.234740</speed><course>346.626622</course><hAcc>2.355107</hAcc><vAcc>0.866867</vAcc></extensions></trkpt>
      <trkpt lon="-77.064221" lat="38.905099"><ele>22.786484</ele><time>2026-04-02T14:33:38Z</time><extensions><speed>0.231466</speed><course>343.340254</course><hAcc>2.403198</hAcc><vAcc>0.898604</vAcc></extensions></trkpt>
      <trkpt lon="-77.064222" lat="38.905101"><ele>22.840097</ele><time>2026-04-02T14:33:39Z</time><extensions><speed>0.230405</speed><course>340.043523</course><hAcc>2.447696</hAcc><vAcc>0.938868</vAcc></extensions></trkpt>
      <trkpt lon="-77.064223" lat="38.905103"><ele>22.880858</ele><time>2026-04-02T14:33:40Z</time><extensions><speed>0.231289</speed><course>336.848913</course><hAcc>2.487952</hAcc><vAcc>0.984843</vAcc></extensions></trkpt>
      <trkpt lon="-77.064224" lat="38.905105"><ele>22.909705</ele><time>2026-04-02T14:33:41Z</time><extensions><speed>0.234148</speed><course>333.842807</course><hAcc>2.523641</hAcc><vAcc>1.033781</vAcc></extensions></trkpt>
      <trkpt lon="-77.064225" lat="38.905107"><ele>22.927582</ele><time>2026-04-02T14:33:42Z</time><extensions><speed>0.238590</speed><course>331.075282</course><hAcc>2.554610</hAcc><vAcc>1.083516</vAcc></extensions></trkpt>
      <trkpt lon="-77.064227" lat="38.905109"><ele>22.935422</ele><time>2026-04-02T14:33:43Z</time><extensions><speed>0.244370</speed><course>328.568207</course><hAcc>2.580899</hAcc><vAcc>1.132470</vAcc></extensions></trkpt>
      <trkpt lon="-77.064228" lat="38.905111"><ele>22.934078</ele><time>2026-04-02T14:33:44Z</time><extensions><speed>0.251178</speed><course>326.330966</course><hAcc>2.602675</hAcc><vAcc>1.179565</vAcc></extensions></trkpt>
      <trkpt lon="-77.064230" lat="38.905113"><ele>22.924219</ele><time>2026-04-02T14:33:45Z</time><extensions><speed>0.258554</speed><course>324.355419</course><hAcc>2.620192</hAcc><vAcc>1.224120</vAcc></extensions></trkpt>
      <trkpt lon="-77.064232" lat="38.905115"><ele>22.906609</ele><time>2026-04-02T14:33:46Z</time><extensions><speed>0.266390</speed><course>322.626842</course><hAcc>2.633824</hAcc><vAcc>1.265755</vAcc></extensions></trkpt>
      <trkpt lon="-77.064234" lat="38.905117"><ele>22.881821</ele><time>2026-04-02T14:33:47Z</time><extensions><speed>0.273980</speed><course>321.137184</course><hAcc>2.643949</hAcc><vAcc>1.304315</vAcc></extensions></trkpt>
      <trkpt lon="-77.064236" lat="38.905118"><ele>22.850492</ele><time>2026-04-02T14:33:48Z</time><extensions><speed>0.281150</speed><course>319.833684</course><hAcc>2.651033</hAcc><vAcc>1.339809</vAcc></extensions></trkpt>
      <trkpt lon="-77.064238" lat="38.905120"><ele>22.813158</ele><time>2026-04-02T14:33:49Z</time><extensions><speed>0.287717</speed><course>318.699822</course><hAcc>2.655585</hAcc><vAcc>1.372355</vAcc></extensions></trkpt>
      <trkpt lon="-77.064240" lat="38.905122"><ele>22.770340</ele><time>2026-04-02T14:33:50Z</time><extensions><speed>0.293229</speed><course>317.698255</course><hAcc>2.658094</hAcc><vAcc>1.402148</vAcc></extensions></trkpt>
      <trkpt lon="-77.064242" lat="38.905124"><ele>22.722535</ele><time>2026-04-02T14:33:51Z</time><extensions><speed>0.297318</speed><course>316.797784</course><hAcc>2.659062</hAcc><vAcc>1.429427</vAcc></extensions></trkpt>
      <trkpt lon="-77.064245" lat="38.905126"><ele>22.670233</ele><time>2026-04-02T14:33:52Z</time><extensions><speed>0.299559</speed><course>315.964579</course><hAcc>2.658954</hAcc><vAcc>1.454449</vAcc></extensions></trkpt>
      <trkpt lon="-77.064247" lat="38.905128"><ele>22.613933</ele><time>2026-04-02T14:33:53Z</time><extensions><speed>0.299477</speed><course>315.163167</course><hAcc>2.658169</hAcc><vAcc>1.477475</vAcc></extensions></trkpt>
      <trkpt lon="-77.064250" lat="38.905130"><ele>22.554027</ele><time>2026-04-02T14:33:54Z</time><extensions><speed>0.296901</speed><course>314.367730</course><hAcc>2.657151</hAcc><vAcc>1.498748</vAcc></extensions></trkpt>
      <trkpt lon="-77.064252" lat="38.905132"><ele>22.491391</ele><time>2026-04-02T14:33:55Z</time><extensions><speed>0.291347</speed><course>313.517742</course><hAcc>2.656120</hAcc><vAcc>1.518485</vAcc></extensions></trkpt>
      <trkpt lon="-77.064255" lat="38.905133"><ele>22.426084</ele><time>2026-04-02T14:33:56Z</time><extensions><speed>0.282148</speed><course>312.573107</course><hAcc>2.655127</hAcc><vAcc>1.536865</vAcc></extensions></trkpt>
      <trkpt lon="-77.064257" lat="38.905135"><ele>22.358981</ele><time>2026-04-02T14:33:57Z</time><extensions><speed>0.269046</speed><course>311.479384</course><hAcc>2.654156</hAcc><vAcc>1.554017</vAcc></extensions></trkpt>
      <trkpt lon="-77.064259" lat="38.905137"><ele>22.290877</ele><time>2026-04-02T14:33:58Z</time><extensions><speed>0.251423</speed><course>310.126523</course><hAcc>2.652819</hAcc><vAcc>1.570021</vAcc></extensions></trkpt>
      <trkpt lon="-77.064261" lat="38.905138"><ele>22.222516</ele><time>2026-04-02T14:33:59Z</time><extensions><speed>0.228738</speed><course>308.359852</course><hAcc>2.650428</hAcc><vAcc>1.584899</vAcc></extensions></trkpt>
      <trkpt lon="-77.064263" lat="38.905139"><ele>22.154381</ele><time>2026-04-02T14:34:00Z</time><extensions><speed>0.205614</speed><course>305.933356</course><hAcc>2.646109</hAcc><vAcc>1.598634</vAcc></extensions></trkpt>
      <trkpt lon="-77.064265" lat="38.905140"><ele>22.087347</ele><time>2026-04-02T14:34:01Z</time><extensions><speed>0.179655</speed><course>302.507219</course><hAcc>2.639419</hAcc><vAcc>1.611211</vAcc></extensions></trkpt>
      <trkpt lon="-77.064267" lat="38.905141"><ele>22.022406</ele><time>2026-04-02T14:34:02Z</time><extensions><speed>0.154211</speed><course>297.540855</course><hAcc>2.629918</hAcc><vAcc>1.622635</vAcc></extensions></trkpt>
      <trkpt lon="-77.064268" lat="38.905141"><ele>21.959504</ele><time>2026-04-02T14:34:03Z</time><extensions><speed>0.130182</speed><course>290.180665</course><hAcc>2.617541</hAcc><vAcc>1.632934</vAcc></extensions></trkpt>
      <trkpt lon="-77.064269" lat="38.905142"><ele>21.899033</ele><time>2026-04-02T14:34:04Z</time><extensions><speed>0.109524</speed><course>278.954846</course><hAcc>2.602778</hAcc><vAcc>1.642150</vAcc></extensions></trkpt>
      <trkpt lon="-77.064271" lat="38.905142"><ele>21.841366</ele><time>2026-04-02T14:34:05Z</time><extensions><speed>0.093777</speed><course>262.389184</course><hAcc>2.586576</hAcc><vAcc>1.650345</vAcc></extensions></trkpt>
      <trkpt lon="-77.064272" lat="38.905141"><ele>21.786786</ele><time>2026-04-02T14:34:06Z</time><extensions><speed>0.087607</speed><course>240.670887</course><hAcc>2.570002</hAcc><vAcc>1.657589</vAcc></extensions></trkpt>
      <trkpt lon="-77.064272" lat="38.905141"><ele>21.735233</ele><time>2026-04-02T14:34:07Z</time><extensions><speed>0.095205</speed><course>218.146328</course><hAcc>2.554082</hAcc><vAcc>1.663967</vAcc></extensions></trkpt>
      <trkpt lon="-77.064273" lat="38.905140"><ele>21.686695</ele><time>2026-04-02T14:34:08Z</time><extensions><speed>0.114146</speed><course>200.858002</course><hAcc>2.539638</hAcc><vAcc>1.669567</vAcc></extensions></trkpt>
      <trkpt lon="-77.064273" lat="38.905139"><ele>21.640811</ele><time>2026-04-02T14:34:09Z</time><extensions><speed>0.139536</speed><course>189.113219</course><hAcc>2.527198</hAcc><vAcc>1.674482</vAcc></extensions></trkpt>
      <trkpt lon="-77.064273" lat="38.905137"><ele>21.598122</ele><time>2026-04-02T14:34:10Z</time><extensions><speed>0.167890</speed><course>181.485383</course><hAcc>2.517261</hAcc><vAcc>1.678808</vAcc></extensions></trkpt>
      <trkpt lon="-77.064273" lat="38.905136"><ele>21.557924</ele><time>2026-04-02T14:34:11Z</time><extensions><speed>0.194688</speed><course>176.100992</course><hAcc>2.510281</hAcc><vAcc>1.682637</vAcc></extensions></trkpt>
      <trkpt lon="-77.064273" lat="38.905134"><ele>21.520409</ele><time>2026-04-02T14:34:12Z</time><extensions><speed>0.219567</speed><course>172.606621</course><hAcc>2.506531</hAcc><vAcc>1.686054</vAcc></extensions></trkpt>
      <trkpt lon="-77.064273" lat="38.905132"><ele>21.485271</ele><time>2026-04-02T14:34:13Z</time><extensions><speed>0.241126</speed><course>170.222532</course><hAcc>2.505991</hAcc><vAcc>1.689133</vAcc></extensions></trkpt>
      <trkpt lon="-77.064272" lat="38.905129"><ele>21.452376</ele><time>2026-04-02T14:34:14Z</time><extensions><speed>0.258551</speed><course>168.479424</course><hAcc>2.508629</hAcc><vAcc>1.691936</vAcc></extensions></trkpt>
      <trkpt lon="-77.064272" lat="38.905127"><ele>21.421571</ele><time>2026-04-02T14:34:15Z</time><extensions><speed>0.271222</speed><course>167.587762</course><hAcc>2.513927</hAcc><vAcc>1.694506</vAcc></extensions></trkpt>
      <trkpt lon="-77.064271" lat="38.905124"><ele>21.392695</ele><time>2026-04-02T14:34:16Z</time><extensions><speed>0.278979</speed><course>167.371416</course><hAcc>2.521211</hAcc><vAcc>1.696873</vAcc></extensions></trkpt>
      <trkpt lon="-77.064270" lat="38.905122"><ele>21.365588</ele><time>2026-04-02T14:34:17Z</time><extensions><speed>0.282264</speed><course>167.326680</course><hAcc>2.529578</hAcc><vAcc>1.699055</vAcc></extensions></trkpt>
      <trkpt lon="-77.064269" lat="38.905119"><ele>21.340085</ele><time>2026-04-02T14:34:18Z</time><extensions><speed>0.281206</speed><course>167.508051</course><hAcc>2.537885</hAcc><vAcc>1.701062</vAcc></extensions></trkpt>
      <trkpt lon="-77.064269" lat="38.905117"><ele>21.316033</ele><time>2026-04-02T14:34:19Z</time><extensions><speed>0.280189</speed><course>167.548810</course><hAcc>2.544895</hAcc><vAcc>1.702902</vAcc></extensions></trkpt>
      <trkpt lon="-77.064268" lat="38.905114"><ele>21.293288</ele><time>2026-04-02T14:34:20Z</time><extensions><speed>0.279218</speed><course>167.451325</course><hAcc>2.549772</hAcc><vAcc>1.704580</vAcc></extensions></trkpt>
      <trkpt lon="-77.064267" lat="38.905112"><ele>21.271721</ele><time>2026-04-02T14:34:21Z</time><extensions><speed>0.278956</speed><course>167.214870</course><hAcc>2.552034</hAcc><vAcc>1.706098</vAcc></extensions></trkpt>
      <trkpt lon="-77.064267" lat="38.905110"><ele>21.251214</ele><time>2026-04-02T14:34:22Z</time><extensions><speed>0.278849</speed><course>166.837275</course><hAcc>2.551531</hAcc><vAcc>1.707459</vAcc></extensions></trkpt>
      <trkpt lon="-77.064266" lat="38.905107"><ele>21.231666</ele><time>2026-04-02T14:34:23Z</time><extensions><speed>0.278845</speed><course>166.313212</course><hAcc>2.548336</hAcc><vAcc>1.708664</vAcc></extensions></trkpt>
      <trkpt lon="-77.064265" lat="38.905105"><ele>21.212993</ele><time>2026-04-02T14:34:24Z</time><extensions><speed>0.278878</speed><course>165.635044</course><hAcc>2.542756</hAcc><vAcc>1.709715</vAcc></extensions></trkpt>
      <trkpt lon="-77.064264" lat="38.905102"><ele>21.195128</ele><time>2026-04-02T14:34:25Z</time><extensions><speed>0.278847</speed><course>164.789874</course><hAcc>2.535395</hAcc><vAcc>1.710615</vAcc></extensions></trkpt>
      <trkpt lon="-77.064263" lat="38.905100"><ele>21.177721</ele><time>2026-04-02T14:34:26Z</time><extensions><speed>0.275049</speed><course>164.048530</course><hAcc>2.527187</hAcc><vAcc>1.711368</vAcc></extensions></trkpt>
      <trkpt lon="-77.064263" lat="38.905097"><ele>21.161089</ele><time>2026-04-02T14:34:27Z</time><extensions><speed>0.267390</speed><course>163.540266</course><hAcc>2.519043</hAcc><vAcc>1.711980</vAcc></extensions></trkpt>
      <trkpt lon="-77.064262" lat="38.905095"><ele>21.145233</ele><time>2026-04-02T14:34:28Z</time><extensions><speed>0.256668</speed><course>163.157416</course><hAcc>2.511575</hAcc><vAcc>1.712458</vAcc></extensions></trkpt>
      <trkpt lon="-77.064261" lat="38.905093"><ele>21.130178</ele><time>2026-04-02T14:34:29Z</time><extensions><speed>0.243817</speed><course>162.742992</course><hAcc>2.505201</hAcc><vAcc>1.712810</vAcc></extensions></trkpt>
      <trkpt lon="-77.064260" lat="38.905091"><ele>21.115966</ele><time>2026-04-02T14:34:30Z</time><extensions><speed>0.229062</speed><course>162.430726</course><hAcc>2.500131</hAcc><vAcc>1.713044</vAcc></extensions></trkpt>
      <trkpt lon="-77.064259" lat="38.905089"><ele>21.102642</ele><time>2026-04-02T14:34:31Z</time><extensions><speed>0.213417</speed><course>162.218725</course><hAcc>2.496507</hAcc><vAcc>1.713171</vAcc></extensions></trkpt>
      <trkpt lon="-77.064258" lat="38.905087"><ele>21.090240</ele><time>2026-04-02T14:34:32Z</time><extensions><speed>0.196509</speed><course>162.014198</course><hAcc>2.494472</hAcc><vAcc>1.713200</vAcc></extensions></trkpt>
      <trkpt lon="-77.064258" lat="38.905086"><ele>21.078782</ele><time>2026-04-02T14:34:33Z</time><extensions><speed>0.178811</speed><course>161.788561</course><hAcc>2.494053</hAcc><vAcc>1.713144</vAcc></extensions></trkpt>
      <trkpt lon="-77.064257" lat="38.905084"><ele>21.068280</ele><time>2026-04-02T14:34:34Z</time><extensions><speed>0.160578</speed><course>161.558158</course><hAcc>2.495152</hAcc><vAcc>1.713015</vAcc></extensions></trkpt>
      <trkpt lon="-77.064257" lat="38.905083"><ele>21.058741</ele><time>2026-04-02T14:34:35Z</time><extensions><speed>0.141980</speed><course>161.360880</course><hAcc>2.497571</hAcc><vAcc>1.712827</vAcc></extensions></trkpt>
      <trkpt lon="-77.064256" lat="38.905082"><ele>21.050161</ele><time>2026-04-02T14:34:36Z</time><extensions><speed>0.123445</speed><course>161.235628</course><hAcc>2.501025</hAcc><vAcc>1.712594</vAcc></extensions></trkpt>
      <trkpt lon="-77.064256" lat="38.905081"><ele>21.042530</ele><time>2026-04-02T14:34:37Z</time><extensions><speed>0.104890</speed><course>161.262082</course><hAcc>2.505200</hAcc><vAcc>1.712329</vAcc></extensions></trkpt>
      <trkpt lon="-77.064255" lat="38.905080"><ele>21.035833</ele><time>2026-04-02T14:34:38Z</time><extensions><speed>0.086883</speed><course>161.098762</course><hAcc>2.509733</hAcc><vAcc>1.712046</vAcc></extensions></trkpt>
      <trkpt lon="-77.064255" lat="38.905080"><ele>21.030053</ele><time>2026-04-02T14:34:39Z</time><extensions><speed>0.069537</speed><course>160.557579</course><hAcc>2.514322</hAcc><vAcc>1.711756</vAcc></extensions></trkpt>
      <trkpt lon="-77.064255" lat="38.905079"><ele>21.025169</ele><time>2026-04-02T14:34:40Z</time><extensions><speed>0.052750</speed><course>159.201167</course><hAcc>2.518759</hAcc><vAcc>1.711470</vAcc></extensions></trkpt>
      <trkpt lon="-77.064255" lat="38.905079"><ele>21.021159</ele><time>2026-04-02T14:34:41Z</time><extensions><speed>0.036591</speed><course>155.855241</course><hAcc>2.522884</hAcc><vAcc>1.711199</vAcc></extensions></trkpt>
      <trkpt lon="-77.064254" lat="38.905078"><ele>21.017997</ele><time>2026-04-02T14:34:42Z</time><extensions><speed>0.021393</speed><course>146.134374</course><hAcc>2.526561</hAcc><vAcc>1.710952</vAcc></extensions></trkpt>
      <trkpt lon="-77.064254" lat="38.905078"><ele>21.015657</ele><time>2026-04-02T14:34:43Z</time><extensions><speed>0.009963</speed><course>103.960027</course><hAcc>2.529669</hAcc><vAcc>1.710737</vAcc></extensions></trkpt>
      <trkpt lon="-77.064254" lat="38.905078"><ele>21.014111</ele><time>2026-04-02T14:34:44Z</time><extensions><speed>0.015115</speed><course>32.854807</course><hAcc>2.532172</hAcc><vAcc>1.710562</vAcc></extensions></trkpt>
      <trkpt lon="-77.064254" lat="38.905079"><ele>21.013602</ele><time>2026-04-02T14:34:45Z</time><extensions><speed>0.029033</speed><course>14.650890</course><hAcc>2.534215</hAcc><vAcc>1.710432</vAcc></extensions></trkpt>
      <trkpt lon="-77.064254" lat="38.905079"><ele>21.013816</ele><time>2026-04-02T14:34:46Z</time><extensions><speed>0.043554</speed><course>8.889495</course><hAcc>2.535975</hAcc><vAcc>1.710351</vAcc></extensions></trkpt>
      <trkpt lon="-77.064254" lat="38.905080"><ele>21.014558</ele><time>2026-04-02T14:34:47Z</time><extensions><speed>0.057850</speed><course>6.083912</course><hAcc>2.537566</hAcc><vAcc>1.710323</vAcc></extensions></trkpt>
      <trkpt lon="-77.064254" lat="38.905080"><ele>21.015992</ele><time>2026-04-02T14:34:48Z</time><extensions><speed>0.071708</speed><course>4.557271</course><hAcc>2.539156</hAcc><vAcc>1.710347</vAcc></extensions></trkpt>
      <trkpt lon="-77.064254" lat="38.905081"><ele>21.017957</ele><time>2026-04-02T14:34:49Z</time><extensions><speed>0.084909</speed><course>4.202892</course><hAcc>2.540779</hAcc><vAcc>1.710424</vAcc></extensions></trkpt>
      <trkpt lon="-77.064254" lat="38.905082"><ele>21.020397</ele><time>2026-04-02T14:34:50Z</time><extensions><speed>0.097477</speed><course>4.066601</course><hAcc>2.542568</hAcc><vAcc>1.710552</vAcc></extensions></trkpt>
      <trkpt lon="-77.064254" lat="38.905083"><ele>21.023212</ele><time>2026-04-02T14:34:51Z</time><extensions><speed>0.108993</speed><course>4.070004</course><hAcc>2.544376</hAcc><vAcc>1.710730</vAcc></extensions></trkpt>
      <trkpt lon="-77.064254" lat="38.905084"><ele>21.026751</ele><time>2026-04-02T14:34:52Z</time><extensions><speed>0.119333</speed><course>4.610453</course><hAcc>2.546188</hAcc><vAcc>1.710956</vAcc></extensions></trkpt>
      <trkpt lon="-77.064254" lat="38.905085"><ele>21.030798</ele><time>2026-04-02T14:34:53Z</time><extensions><speed>0.128251</speed><course>5.286445</course><hAcc>2.547945</hAcc><vAcc>1.711229</vAcc></extensions></trkpt>
      <trkpt lon="-77.064254" lat="38.905086"><ele>21.035163</ele><time>2026-04-02T14:34:54Z</time><extensions><speed>0.135650</speed><course>6.284850</course><hAcc>2.549553</hAcc><vAcc>1.711548</vAcc></extensions></trkpt>
      <trkpt lon="-77.064254" lat="38.905087"><ele>21.040106</ele><time>2026-04-02T14:34:55Z</time><extensions><speed>0.141150</speed><course>6.929069</course><hAcc>2.550829</hAcc><vAcc>1.711913</vAcc></extensions></trkpt>
      <trkpt lon="-77.064254" lat="38.905088"><ele>21.045715</ele><time>2026-04-02T14:34:56Z</time><extensions><speed>0.145053</speed><course>6.848288</course><hAcc>2.551471</hAcc><vAcc>1.712321</vAcc></extensions></trkpt>
      <trkpt lon="-77.064254" lat="38.905089"><ele>21.051540</ele><time>2026-04-02T14:34:57Z</time><extensions><speed>0.148130</speed><course>6.955872</course><hAcc>2.551282</hAcc><vAcc>1.712771</vAcc></extensions></trkpt>
      <trkpt lon="-77.064253" lat="38.905091"><ele>21.057725</ele><time>2026-04-02T14:34:58Z</time><extensions><speed>0.150538</speed><course>7.379481</course><hAcc>2.550326</hAcc><vAcc>1.713261</vAcc></extensions></trkpt>
      <trkpt lon="-77.064253" lat="38.905092"><ele>21.064093</ele><time>2026-04-02T14:34:59Z</time><extensions><speed>0.151368</speed><course>8.093481</course><hAcc>2.548911</hAcc><vAcc>1.713787</vAcc></extensions></trkpt>
      <trkpt lon="-77.064253" lat="38.905093"><ele>21.071086</ele><time>2026-04-02T14:35:00Z</time><extensions><speed>0.150399</speed><course>8.823474</course><hAcc>2.547299</hAcc><vAcc>1.714344</vAcc></extensions></trkpt>
      <trkpt lon="-77.064253" lat="38.905094"><ele>21.078598</ele><time>2026-04-02T14:35:01Z</time><extensions><speed>0.147288</speed><course>8.301474</course><hAcc>2.545624</hAcc><vAcc>1.714928</vAcc></extensions></trkpt>
      <trkpt lon="-77.064252" lat="38.905096"><ele>21.086416</ele><time>2026-04-02T14:35:02Z</time><extensions><speed>0.142920</speed><course>7.588777</course><hAcc>2.543898</hAcc><vAcc>1.715528</vAcc></extensions></trkpt>
      <trkpt lon="-77.064252" lat="38.905097"><ele>21.094449</ele><time>2026-04-02T14:35:03Z</time><extensions><speed>0.137251</speed><course>6.658786</course><hAcc>2.542111</hAcc><vAcc>1.716138</vAcc></extensions></trkpt>
      <trkpt lon="-77.064252" lat="38.905098"><ele>21.102725</ele><time>2026-04-02T14:35:04Z</time><extensions><speed>0.131406</speed><course>5.638382</course><hAcc>2.540201</hAcc><vAcc>1.716748</vAcc></extensions></trkpt>
      <trkpt lon="-77.064252" lat="38.905099"><ele>21.111027</ele><time>2026-04-02T14:35:05Z</time><extensions><speed>0.125166</speed><course>4.561325</course><hAcc>2.538307</hAcc><vAcc>1.717351</vAcc></extensions></trkpt>
      <trkpt lon="-77.064252" lat="38.905100"><ele>21.120202</ele><time>2026-04-02T14:35:06Z</time><extensions><speed>0.118373</speed><course>3.660069</course><hAcc>2.536665</hAcc><vAcc>1.717938</vAcc></extensions></trkpt>
      <trkpt lon="-77.064252" lat="38.905101"><ele>21.129380</ele><time>2026-04-02T14:35:07Z</time><extensions><speed>0.111329</speed><course>2.531016</course><hAcc>2.535369</hAcc><vAcc>1.718504</vAcc></extensions></trkpt>
      <trkpt lon="-77.064252" lat="38.905102"><ele>21.139329</ele><time>2026-04-02T14:35:08Z</time><extensions><speed>0.104230</speed><course>1.210263</course><hAcc>2.534495</hAcc><vAcc>1.719043</vAcc></extensions></trkpt>
      <trkpt lon="-77.064252" lat="38.905103"><ele>21.149885</ele><time>2026-04-02T14:35:09Z</time><extensions><speed>0.097219</speed><course>0.019602</course><hAcc>2.534088</hAcc><vAcc>1.719550</vAcc></extensions></trkpt>
      <trkpt lon="-77.064252" lat="38.905103"><ele>21.161042</ele><time>2026-04-02T14:35:10Z</time><extensions><speed>0.090377</speed><course>359.139488</course><hAcc>2.534158</hAcc><vAcc>1.720023</vAcc></extensions></trkpt>
      <trkpt lon="-77.064252" lat="38.905104"><ele>21.172507</ele><time>2026-04-02T14:35:11Z</time><extensions><speed>0.083881</speed><course>358.414609</course><hAcc>2.534667</hAcc><vAcc>1.720457</vAcc></extensions></trkpt>
      <trkpt lon="-77.064251" lat="38.905105"><ele>21.184380</ele><time>2026-04-02T14:35:12Z</time><extensions><speed>0.077966</speed><course>357.944463</course><hAcc>2.535529</hAcc><vAcc>1.720852</vAcc></extensions></trkpt>
      <trkpt lon="-77.064251" lat="38.905106"><ele>21.196185</ele><time>2026-04-02T14:35:13Z</time><extensions><speed>0.072669</speed><course>357.508322</course><hAcc>2.536625</hAcc><vAcc>1.721208</vAcc></extensions></trkpt>
      <trkpt lon="-77.064251" lat="38.905106"><ele>21.208057</ele><time>2026-04-02T14:35:14Z</time><extensions><speed>0.067904</speed><course>357.813117</course><hAcc>2.537792</hAcc><vAcc>1.721523</vAcc></extensions></trkpt>
      <trkpt lon="-77.064251" lat="38.905107"><ele>21.220113</ele><time>2026-04-02T14:35:15Z</time><extensions><speed>0.063933</speed><course>358.530886</course><hAcc>2.538789</hAcc><vAcc>1.721801</vAcc></extensions></trkpt>
      <trkpt lon="-77.064251" lat="38.905107"><ele>21.232809</ele><time>2026-04-02T14:35:16Z</time><extensions><speed>0.060892</speed><course>359.843463</course><hAcc>2.539318</hAcc><vAcc>1.722042</vAcc></extensions></trkpt>
      <trkpt lon="-77.064251" lat="38.905108"><ele>21.245934</ele><time>2026-04-02T14:35:17Z</time><extensions><speed>0.059156</speed><course>1.742652</course><hAcc>2.539069</hAcc><vAcc>1.722249</vAcc></extensions></trkpt>
      <trkpt lon="-77.064251" lat="38.905108"><ele>21.259067</ele><time>2026-04-02T14:35:18Z</time><extensions><speed>0.058875</speed><course>4.170023</course><hAcc>2.537930</hAcc><vAcc>1.722425</vAcc></extensions></trkpt>
      <trkpt lon="-77.064251" lat="38.905109"><ele>21.272362</ele><time>2026-04-02T14:35:19Z</time><extensions><speed>0.060135</speed><course>7.038825</course><hAcc>2.536043</hAcc><vAcc>1.722574</vAcc></extensions></trkpt>
      <trkpt lon="-77.064250" lat="38.905109"><ele>21.286060</ele><time>2026-04-02T14:35:20Z</time><extensions><speed>0.062769</speed><course>10.134855</course><hAcc>2.533741</hAcc><vAcc>1.722700</vAcc></extensions></trkpt>
      <trkpt lon="-77.064250" lat="38.905110"><ele>21.299775</ele><time>2026-04-02T14:35:21Z</time><extensions><speed>0.066915</speed><course>13.587904</course><hAcc>2.531319</hAcc><vAcc>1.722807</vAcc></extensions></trkpt>
      <trkpt lon="-77.064250" lat="38.905111"><ele>21.313571</ele><time>2026-04-02T14:35:22Z</time><extensions><speed>0.072760</speed><course>17.011420</course><hAcc>2.528948</hAcc><vAcc>1.722898</vAcc></extensions></trkpt>
      <trkpt lon="-77.064250" lat="38.905111"><ele>21.327528</ele><time>2026-04-02T14:35:23Z</time><extensions><speed>0.080003</speed><course>19.944501</course><hAcc>2.526761</hAcc><vAcc>1.722979</vAcc></extensions></trkpt>
      <trkpt lon="-77.064249" lat="38.905112"><ele>21.341745</ele><time>2026-04-02T14:35:24Z</time><extensions><speed>0.088894</speed><course>22.512906</course><hAcc>2.524795</hAcc><vAcc>1.723054</vAcc></extensions></trkpt>
      <trkpt lon="-77.064249" lat="38.905113"><ele>21.356107</ele><time>2026-04-02T14:35:25Z</time><extensions><speed>0.099444</speed><course>24.765293</course><hAcc>2.523087</hAcc><vAcc>1.723128</vAcc></extensions></trkpt>
      <trkpt lon="-77.064248" lat="38.905114"><ele>21.370563</ele><time>2026-04-02T14:35:26Z</time><extensions><speed>0.111794</speed><course>26.742124</course><hAcc>2.521625</hAcc><vAcc>1.723204</vAcc></extensions></trkpt>
      <trkpt lon="-77.064248" lat="38.905115"><ele>21.385369</ele><time>2026-04-02T14:35:27Z</time><extensions><speed>0.125850</speed><course>28.458353</course><hAcc>2.520382</hAcc><vAcc>1.723288</vAcc></extensions></trkpt>
      <trkpt lon="-77.064247" lat="38.905116"><ele>21.400336</ele><time>2026-04-02T14:35:28Z</time><extensions><speed>0.141854</speed><course>29.972023</course><hAcc>2.519307</hAcc><vAcc>1.723383</vAcc></extensions></trkpt>
      <trkpt lon="-77.064246" lat="38.905117"><ele>21.415776</ele><time>2026-04-02T14:35:29Z</time><extensions><speed>0.159961</speed><course>31.322168</course><hAcc>2.518356</hAcc><vAcc>1.723496</vAcc></extensions></trkpt>
      <trkpt lon="-77.064245" lat="38.905118"><ele>21.431709</ele><time>2026-04-02T14:35:30Z</time><extensions><speed>0.179861</speed><course>32.422750</course><hAcc>2.517497</hAcc><vAcc>1.723629</vAcc></extensions></trkpt>
      <trkpt lon="-77.064244" lat="38.905120"><ele>21.448193</ele><time>2026-04-02T14:35:31Z</time><extensions><speed>0.201559</speed><course>33.324875</course><hAcc>2.516669</hAcc><vAcc>1.723786</vAcc></extensions></trkpt>
      <trkpt lon="-77.064242" lat="38.905121"><ele>21.465193</ele><time>2026-04-02T14:35:32Z</time><extensions><speed>0.225241</speed><course>34.100277</course><hAcc>2.515839</hAcc><vAcc>1.723973</vAcc></extensions></trkpt>
      <trkpt lon="-77.064241" lat="38.905123"><ele>21.482712</ele><time>2026-04-02T14:35:33Z</time><extensions><speed>0.250984</speed><course>34.769237</course><hAcc>2.515021</hAcc><vAcc>1.724190</vAcc></extensions></trkpt>
      <trkpt lon="-77.064239" lat="38.905125"><ele>21.501023</ele><time>2026-04-02T14:35:34Z</time><extensions><speed>0.278840</speed><course>35.356515</course><hAcc>2.514253</hAcc><vAcc>1.724439</vAcc></extensions></trkpt>
      <trkpt lon="-77.064237" lat="38.905127"><ele>21.519947</ele><time>2026-04-02T14:35:35Z</time><extensions><speed>0.308755</speed><course>35.877265</course><hAcc>2.513629</hAcc><vAcc>1.724721</vAcc></extensions></trkpt>
      <trkpt lon="-77.064235" lat="38.905130"><ele>21.539796</ele><time>2026-04-02T14:35:36Z</time><extensions><speed>0.340302</speed><course>36.410193</course><hAcc>2.513292</hAcc><vAcc>1.725032</vAcc></extensions></trkpt>
      <trkpt lon="-77.064232" lat="38.905132"><ele>21.560602</ele><time>2026-04-02T14:35:37Z</time><extensions><speed>0.372365</speed><course>36.963885</course><hAcc>2.513296</hAcc><vAcc>1.725370</vAcc></extensions></trkpt>
      <trkpt lon="-77.064229" lat="38.905135"><ele>21.582053</ele><time>2026-04-02T14:35:38Z</time><extensions><speed>0.403238</speed><course>37.323921</course><hAcc>2.513584</hAcc><vAcc>1.725732</vAcc></extensions></trkpt>
      <trkpt lon="-77.064226" lat="38.905138"><ele>21.604026</ele><time>2026-04-02T14:35:39Z</time><extensions><speed>0.433024</speed><course>37.619752</course><hAcc>2.514024</hAcc><vAcc>1.726111</vAcc></extensions></trkpt>
      <trkpt lon="-77.064223" lat="38.905141"><ele>21.626464</ele><time>2026-04-02T14:35:40Z</time><extensions><speed>0.466357</speed><course>38.173842</course><hAcc>2.514453</hAcc><vAcc>1.726503</vAcc></extensions></trkpt>
      <trkpt lon="-77.064220" lat="38.905145"><ele>21.649308</ele><time>2026-04-02T14:35:41Z</time><extensions><speed>0.498208</speed><course>38.859345</course><hAcc>2.514995</hAcc><vAcc>1.726903</vAcc></extensions></trkpt>
      <trkpt lon="-77.064216" lat="38.905148"><ele>21.672700</ele><time>2026-04-02T14:35:42Z</time><extensions><speed>0.527281</speed><course>39.397151</course><hAcc>2.515687</hAcc><vAcc>1.727305</vAcc></extensions></trkpt>
      <trkpt lon="-77.064212" lat="38.905152"><ele>21.696392</ele><time>2026-04-02T14:35:43Z</time><extensions><speed>0.553572</speed><course>39.902896</course><hAcc>2.516570</hAcc><vAcc>1.727706</vAcc></extensions></trkpt>
      <trkpt lon="-77.064208" lat="38.905156"><ele>21.720223</ele><time>2026-04-02T14:35:44Z</time><extensions><speed>0.576069</speed><course>40.271945</course><hAcc>2.517680</hAcc><vAcc>1.728097</vAcc></extensions></trkpt>
      <trkpt lon="-77.064204" lat="38.905160"><ele>21.744103</ele><time>2026-04-02T14:35:45Z</time><extensions><speed>0.594954</speed><course>40.581410</course><hAcc>2.518987</hAcc><vAcc>1.728471</vAcc></extensions></trkpt>
      <trkpt lon="-77.064199" lat="38.905164"><ele>21.767965</ele><time>2026-04-02T14:35:46Z</time><extensions><speed>0.610943</speed><course>40.939860</course><hAcc>2.520484</hAcc><vAcc>1.728821</vAcc></extensions></trkpt>
      <trkpt lon="-77.064194" lat="38.905168"><ele>21.790961</ele><time>2026-04-02T14:35:47Z</time><extensions><speed>0.622905</speed><course>41.209330</course><hAcc>2.522125</hAcc><vAcc>1.729139</vAcc></extensions></trkpt>
      <trkpt lon="-77.064190" lat="38.905172"><ele>21.813667</ele><time>2026-04-02T14:35:48Z</time><extensions><speed>0.629607</speed><course>41.303893</course><hAcc>2.523874</hAcc><vAcc>1.729418</vAcc></extensions></trkpt>
      <trkpt lon="-77.064185" lat="38.905177"><ele>21.836001</ele><time>2026-04-02T14:35:49Z</time><extensions><speed>0.631794</speed><course>41.292811</course><hAcc>2.525694</hAcc><vAcc>1.729650</vAcc></extensions></trkpt>
      <trkpt lon="-77.064180" lat="38.905181"><ele>21.857498</ele><time>2026-04-02T14:35:50Z</time><extensions><speed>0.630797</speed><course>41.312857</course><hAcc>2.527525</hAcc><vAcc>1.729825</vAcc></extensions></trkpt>
      <trkpt lon="-77.064175" lat="38.905185"><ele>21.877892</ele><time>2026-04-02T14:35:51Z</time><extensions><speed>0.626435</speed><course>41.332379</course><hAcc>2.529246</hAcc><vAcc>1.729940</vAcc></extensions></trkpt>
      <trkpt lon="-77.064170" lat="38.905190"><ele>21.897134</ele><time>2026-04-02T14:35:52Z</time><extensions><speed>0.618840</speed><course>41.343707</course><hAcc>2.530783</hAcc><vAcc>1.729984</vAcc></extensions></trkpt>
      <trkpt lon="-77.064166" lat="38.905194"><ele>21.915178</ele><time>2026-04-02T14:35:53Z</time><extensions><speed>0.608160</speed><course>41.154832</course><hAcc>2.532000</hAcc><vAcc>1.729953</vAcc></extensions></trkpt>
      <trkpt lon="-77.064161" lat="38.905198"><ele>21.932299</ele><time>2026-04-02T14:35:54Z</time><extensions><speed>0.593604</speed><course>40.792514</course><hAcc>2.532871</hAcc><vAcc>1.729842</vAcc></extensions></trkpt>
      <trkpt lon="-77.064157" lat="38.905202"><ele>21.948356</ele><time>2026-04-02T14:35:55Z</time><extensions><speed>0.575366</speed><course>40.238651</course><hAcc>2.533376</hAcc><vAcc>1.729645</vAcc></extensions></trkpt>
      <trkpt lon="-77.064152" lat="38.905206"><ele>21.962730</ele><time>2026-04-02T14:35:56Z</time><extensions><speed>0.554689</speed><course>39.205756</course><hAcc>2.533472</hAcc><vAcc>1.729361</vAcc></extensions></trkpt>
      <trkpt lon="-77.064149" lat="38.905210"><ele>21.975465</ele><time>2026-04-02T14:35:57Z</time><extensions><speed>0.533010</speed><course>38.100212</course><hAcc>2.533310</hAcc><vAcc>1.728987</vAcc></extensions></trkpt>
      <trkpt lon="-77.064145" lat="38.905213"><ele>21.986874</ele><time>2026-04-02T14:35:58Z</time><extensions><speed>0.509386</speed><course>36.702643</course><hAcc>2.533026</hAcc><vAcc>1.728522</vAcc></extensions></trkpt>
      <trkpt lon="-77.064142" lat="38.905217"><ele>21.996480</ele><time>2026-04-02T14:35:59Z</time><extensions><speed>0.483748</speed><course>34.846725</course><hAcc>2.532776</hAcc><vAcc>1.727965</vAcc></extensions></trkpt>
      <trkpt lon="-77.064139" lat="38.905221"><ele>22.004659</ele><time>2026-04-02T14:36:00Z</time><extensions><speed>0.457903</speed><course>32.695717</course><hAcc>2.532702</hAcc><vAcc>1.727317</vAcc></extensions></trkpt>
      <trkpt lon="-77.064136" lat="38.905224"><ele>22.011366</ele><time>2026-04-02T14:36:01Z</time><extensions><speed>0.433642</speed><course>30.624330</course><hAcc>2.532933</hAcc><vAcc>1.726580</vAcc></extensions></trkpt>
      <trkpt lon="-77.064134" lat="38.905227"><ele>22.016464</ele><time>2026-04-02T14:36:02Z</time><extensions><speed>0.410803</speed><course>28.664812</course><hAcc>2.533499</hAcc><vAcc>1.725758</vAcc></extensions></trkpt>
      <trkpt lon="-77.064132" lat="38.905230"><ele>22.020346</ele><time>2026-04-02T14:36:03Z</time><extensions><speed>0.389139</speed><course>26.648796</course><hAcc>2.534344</hAcc><vAcc>1.724857</vAcc></extensions></trkpt>
      <trkpt lon="-77.064130" lat="38.905234"><ele>22.023127</ele><time>2026-04-02T14:36:04Z</time><extensions><speed>0.368146</speed><course>24.341964</course><hAcc>2.535456</hAcc><vAcc>1.723884</vAcc></extensions></trkpt>
      <trkpt lon="-77.064128" lat="38.905237"><ele>22.025081</ele><time>2026-04-02T14:36:05Z</time><extensions><speed>0.348746</speed><course>22.233277</course><hAcc>2.536834</hAcc><vAcc>1.722846</vAcc></extensions></trkpt>
      <trkpt lon="-77.064127" lat="38.905239"><ele>22.026106</ele><time>2026-04-02T14:36:06Z</time><extensions><speed>0.330463</speed><course>20.239686</course><hAcc>2.538471</hAcc><vAcc>1.721754</vAcc></extensions></trkpt>
      <trkpt lon="-77.064126" lat="38.905242"><ele>22.026421</ele><time>2026-04-02T14:36:07Z</time><extensions><speed>0.313125</speed><course>18.398065</course><hAcc>2.540374</hAcc><vAcc>1.720617</vAcc></extensions></trkpt>
      <trkpt lon="-77.064125" lat="38.905245"><ele>22.025851</ele><time>2026-04-02T14:36:08Z</time><extensions><speed>0.296415</speed><course>16.613930</course><hAcc>2.542509</hAcc><vAcc>1.719447</vAcc></extensions></trkpt>
      <trkpt lon="-77.064124" lat="38.905247"><ele>22.024859</ele><time>2026-04-02T14:36:09Z</time><extensions><speed>0.280301</speed><course>14.815495</course><hAcc>2.544857</hAcc><vAcc>1.718256</vAcc></extensions></trkpt>
      <trkpt lon="-77.064123" lat="38.905250"><ele>22.023452</ele><time>2026-04-02T14:36:10Z</time><extensions><speed>0.264822</speed><course>12.978547</course><hAcc>2.547392</hAcc><vAcc>1.717054</vAcc></extensions></trkpt>
      <trkpt lon="-77.064122" lat="38.905252"><ele>22.021906</ele><time>2026-04-02T14:36:11Z</time><extensions><speed>0.250004</speed><course>10.962228</course><hAcc>2.550096</hAcc><vAcc>1.715852</vAcc></extensions></trkpt>
      <trkpt lon="-77.064122" lat="38.905254"><ele>22.020769</ele><time>2026-04-02T14:36:12Z</time><extensions><speed>0.235922</speed><course>9.092328</course><hAcc>2.553010</hAcc><vAcc>1.714660</vAcc></extensions></trkpt>
      <trkpt lon="-77.064122" lat="38.905256"><ele>22.019365</ele><time>2026-04-02T14:36:13Z</time><extensions><speed>0.222768</speed><course>7.645225</course><hAcc>2.556117</hAcc><vAcc>1.713486</vAcc></extensions></trkpt>
      <trkpt lon="-77.064121" lat="38.905258"><ele>22.018301</ele><time>2026-04-02T14:36:14Z</time><extensions><speed>0.209761</speed><course>6.140010</course><hAcc>2.559380</hAcc><vAcc>1.712336</vAcc></extensions></trkpt>
      <trkpt lon="-77.064121" lat="38.905260"><ele>22.017639</ele><time>2026-04-02T14:36:15Z</time><extensions><speed>0.197254</speed><course>4.425023</course><hAcc>2.562743</hAcc><vAcc>1.711213</vAcc></extensions></trkpt>
      <trkpt lon="-77.064121" lat="38.905262"><ele>22.017503</ele><time>2026-04-02T14:36:16Z</time><extensions><speed>0.185291</speed><course>2.467141</course><hAcc>2.566180</hAcc><vAcc>1.710119</vAcc></extensions></trkpt>
      <trkpt lon="-77.064121" lat="38.905263"><ele>22.017595</ele><time>2026-04-02T14:36:17Z</time><extensions><speed>0.173872</speed><course>0.185891</course><hAcc>2.569693</hAcc><vAcc>1.709055</vAcc></extensions></trkpt>
      <trkpt lon="-77.064121" lat="38.905265"><ele>22.018364</ele><time>2026-04-02T14:36:18Z</time><extensions><speed>0.162946</speed><course>357.839547</course><hAcc>2.573362</hAcc><vAcc>1.708021</vAcc></extensions></trkpt>
      <trkpt lon="-77.064121" lat="38.905266"><ele>22.019513</ele><time>2026-04-02T14:36:19Z</time><extensions><speed>0.152531</speed><course>355.484808</course><hAcc>2.577165</hAcc><vAcc>1.707015</vAcc></extensions></trkpt>
      <trkpt lon="-77.064121" lat="38.905267"><ele>22.021667</ele><time>2026-04-02T14:36:20Z</time><extensions><speed>0.142458</speed><course>353.742249</course><hAcc>2.581089</hAcc><vAcc>1.706034</vAcc></extensions></trkpt>
      <trkpt lon="-77.064122" lat="38.905269"><ele>22.023843</ele><time>2026-04-02T14:36:21Z</time><extensions><speed>0.132540</speed><course>352.345146</course><hAcc>2.585080</hAcc><vAcc>1.705077</vAcc></extensions></trkpt>
      <trkpt lon="-77.064122" lat="38.905270"><ele>22.026727</ele><time>2026-04-02T14:36:22Z</time><extensions><speed>0.122912</speed><course>350.748979</course><hAcc>2.589034</hAcc><vAcc>1.704142</vAcc></extensions></trkpt>
      <trkpt lon="-77.064122" lat="38.905271"><ele>22.030324</ele><time>2026-04-02T14:36:23Z</time><extensions><speed>0.113863</speed><course>348.406429</course><hAcc>2.592775</hAcc><vAcc>1.703225</vAcc></extensions></trkpt>
      <trkpt lon="-77.064122" lat="38.905272"><ele>22.034176</ele><time>2026-04-02T14:36:24Z</time><extensions><speed>0.105493</speed><course>345.496859</course><hAcc>2.596368</hAcc><vAcc>1.702320</vAcc></extensions></trkpt>
      <trkpt lon="-77.064123" lat="38.905273"><ele>22.038532</ele><time>2026-04-02T14:36:25Z</time><extensions><speed>0.097937</speed><course>342.016680</course><hAcc>2.599692</hAcc><vAcc>1.701421</vAcc></extensions></trkpt>
      <trkpt lon="-77.064123" lat="38.905273"><ele>22.043937</ele><time>2026-04-02T14:36:26Z</time><extensions><speed>0.091155</speed><course>338.200321</course><hAcc>2.602762</hAcc><vAcc>1.700520</vAcc></extensions></trkpt>
      <trkpt lon="-77.064123" lat="38.905274"><ele>22.049602</ele><time>2026-04-02T14:36:27Z</time><extensions><speed>0.084949</speed><course>334.148662</course><hAcc>2.605611</hAcc><vAcc>1.699611</vAcc></extensions></trkpt>
      <trkpt lon="-77.064124" lat="38.905275"><ele>22.056056</ele><time>2026-04-02T14:36:28Z</time><extensions><speed>0.078450</speed><course>331.111394</course><hAcc>2.608191</hAcc><vAcc>1.698686</vAcc></extensions></trkpt>
      <trkpt lon="-77.064124" lat="38.905275"><ele>22.062502</ele><time>2026-04-02T14:36:29Z</time><extensions><speed>0.072839</speed><course>326.275683</course><hAcc>2.610409</hAcc><vAcc>1.697741</vAcc></extensions></trkpt>
      <trkpt lon="-77.064125" lat="38.905276"><ele>22.068867</ele><time>2026-04-02T14:36:30Z</time><extensions><speed>0.068681</speed><course>320.672181</course><hAcc>2.612268</hAcc><vAcc>1.696768</vAcc></extensions></trkpt>
      <trkpt lon="-77.064125" lat="38.905276"><ele>22.075277</ele><time>2026-04-02T14:36:31Z</time><extensions><speed>0.065765</speed><course>314.319117</course><hAcc>2.613761</hAcc><vAcc>1.695763</vAcc></extensions></trkpt>
      <trkpt lon="-77.064126" lat="38.905276"><ele>22.081573</ele><time>2026-04-02T14:36:32Z</time><extensions><speed>0.064215</speed><course>307.693063</course><hAcc>2.614896</hAcc><vAcc>1.694733</vAcc></extensions></trkpt>
      <trkpt lon="-77.064127" lat="38.905277"><ele>22.087781</ele><time>2026-04-02T14:36:33Z</time><extensions><speed>0.064450</speed><course>301.047818</course><hAcc>2.615699</hAcc><vAcc>1.693685</vAcc></extensions></trkpt>
      <trkpt lon="-77.064127" lat="38.905277"><ele>22.093801</ele><time>2026-04-02T14:36:34Z</time><extensions><speed>0.066259</speed><course>294.847177</course><hAcc>2.616262</hAcc><vAcc>1.692634</vAcc></extensions></trkpt>
      <trkpt lon="-77.064128" lat="38.905277"><ele>22.099394</ele><time>2026-04-02T14:36:35Z</time><extensions><speed>0.068748</speed><course>289.628425</course><hAcc>2.616747</hAcc><vAcc>1.691585</vAcc></extensions></trkpt>
      <trkpt lon="-77.064129" lat="38.905277"><ele>22.104762</ele><time>2026-04-02T14:36:36Z</time><extensions><speed>0.071637</speed><course>285.247917</course><hAcc>2.617287</hAcc><vAcc>1.690545</vAcc></extensions></trkpt>
      <trkpt lon="-77.064130" lat="38.905278"><ele>22.109721</ele><time>2026-04-02T14:36:37Z</time><extensions><speed>0.074530</speed><course>281.538222</course><hAcc>2.617997</hAcc><vAcc>1.689531</vAcc></extensions></trkpt>
      <trkpt lon="-77.064131" lat="38.905278"><ele>22.114338</ele><time>2026-04-02T14:36:38Z</time><extensions><speed>0.076444</speed><course>278.694141</course><hAcc>2.618955</hAcc><vAcc>1.688558</vAcc></extensions></trkpt>
      <trkpt lon="-77.064132" lat="38.905278"><ele>22.118575</ele><time>2026-04-02T14:36:39Z</time><extensions><speed>0.077332</speed><course>276.388260</course><hAcc>2.620196</hAcc><vAcc>1.687652</vAcc></extensions></trkpt>
      <trkpt lon="-77.064133" lat="38.905278"><ele>22.122673</ele><time>2026-04-02T14:36:40Z</time><extensions><speed>0.078046</speed><course>274.656039</course><hAcc>2.621708</hAcc><vAcc>1.686828</vAcc></extensions></trkpt>
      <trkpt lon="-77.064133" lat="38.905278"><ele>22.126361</ele><time>2026-04-02T14:36:41Z</time><extensions><speed>0.078173</speed><course>273.160855</course><hAcc>2.623414</hAcc><vAcc>1.686099</vAcc></extensions></trkpt>
      <trkpt lon="-77.064134" lat="38.905278"><ele>22.130074</ele><time>2026-04-02T14:36:42Z</time><extensions><speed>0.076809</speed><course>272.128977</course><hAcc>2.625170</hAcc><vAcc>1.685463</vAcc></extensions></trkpt>
      <trkpt lon="-77.064135" lat="38.905278"><ele>22.133733</ele><time>2026-04-02T14:36:43Z</time><extensions><speed>0.074164</speed><course>271.504373</course><hAcc>2.626876</hAcc><vAcc>1.684900</vAcc></extensions></trkpt>
      <trkpt lon="-77.064136" lat="38.905278"><ele>22.137668</ele><time>2026-04-02T14:36:44Z</time><extensions><speed>0.069604</speed><course>271.257980</course><hAcc>2.628458</hAcc><vAcc>1.684394</vAcc></extensions></trkpt>
      <trkpt lon="-77.064137" lat="38.905278"><ele>22.141656</ele><time>2026-04-02T14:36:45Z</time><extensions><speed>0.063912</speed><course>271.398086</course><hAcc>2.629878</hAcc><vAcc>1.683939</vAcc></extensions></trkpt>
      <trkpt lon="-77.064138" lat="38.905278"><ele>22.145345</ele><time>2026-04-02T14:36:46Z</time><extensions><speed>0.057172</speed><course>271.432153</course><hAcc>2.631144</hAcc><vAcc>1.683512</vAcc></extensions></trkpt>
      <trkpt lon="-77.064138" lat="38.905278"><ele>22.149624</ele><time>2026-04-02T14:36:47Z</time><extensions><speed>0.049547</speed><course>272.200045</course><hAcc>2.632231</hAcc><vAcc>1.683091</vAcc></extensions></trkpt>
      <trkpt lon="-77.064139" lat="38.905278"><ele>22.154514</ele><time>2026-04-02T14:36:48Z</time><extensions><speed>0.042720</speed><course>272.008123</course><hAcc>2.633059</hAcc><vAcc>1.682659</vAcc></extensions></trkpt>
      <trkpt lon="-77.064140" lat="38.905279"><ele>22.159609</ele><time>2026-04-02T14:36:49Z</time><extensions><speed>0.037060</speed><course>272.354909</course><hAcc>2.633547</hAcc><vAcc>1.682203</vAcc></extensions></trkpt>
      <trkpt lon="-77.064140" lat="38.905279"><ele>22.165170</ele><time>2026-04-02T14:36:50Z</time><extensions><speed>0.033265</speed><course>271.951719</course><hAcc>2.633656</hAcc><vAcc>1.681706</vAcc></extensions></trkpt>
      <trkpt lon="-77.064141" lat="38.905279"><ele>22.171144</ele><time>2026-04-02T14:36:51Z</time><extensions><speed>0.029805</speed><course>272.528999</course><hAcc>2.633462</hAcc><vAcc>1.681157</vAcc></extensions></trkpt>
      <trkpt lon="-77.064141" lat="38.905279"><ele>22.177647</ele><time>2026-04-02T14:36:52Z</time><extensions><speed>0.026791</speed><course>273.379422</course><hAcc>2.633038</hAcc><vAcc>1.680541</vAcc></extensions></trkpt>
      <trkpt lon="-77.064142" lat="38.905279"><ele>22.183724</ele><time>2026-04-02T14:36:53Z</time><extensions><speed>0.024345</speed><course>274.689942</course><hAcc>2.632442</hAcc><vAcc>1.679852</vAcc></extensions></trkpt>
      <trkpt lon="-77.064142" lat="38.905279"><ele>22.189080</ele><time>2026-04-02T14:36:54Z</time><extensions><speed>0.023199</speed><course>275.832766</course><hAcc>2.631696</hAcc><vAcc>1.679094</vAcc></extensions></trkpt>
      <trkpt lon="-77.064143" lat="38.905279"><ele>22.194775</ele><time>2026-04-02T14:36:55Z</time><extensions><speed>0.021760</speed><course>278.042040</course><hAcc>2.630857</hAcc><vAcc>1.678259</vAcc></extensions></trkpt>
      <trkpt lon="-77.064143" lat="38.905279"><ele>22.200436</ele><time>2026-04-02T14:36:56Z</time><extensions><speed>0.020285</speed><course>281.310597</course><hAcc>2.629953</hAcc><vAcc>1.677344</vAcc></extensions></trkpt>
      <trkpt lon="-77.064143" lat="38.905279"><ele>22.205649</ele><time>2026-04-02T14:36:57Z</time><extensions><speed>0.019165</speed><course>285.566237</course><hAcc>2.628981</hAcc><vAcc>1.676342</vAcc></extensions></trkpt>
      <trkpt lon="-77.064144" lat="38.905279"><ele>22.210601</ele><time>2026-04-02T14:36:58Z</time><extensions><speed>0.017832</speed><course>290.247930</course><hAcc>2.627941</hAcc><vAcc>1.675245</vAcc></extensions></trkpt>
      <trkpt lon="-77.064144" lat="38.905279"><ele>22.215318</ele><time>2026-04-02T14:36:59Z</time><extensions><speed>0.017017</speed><course>295.218807</course><hAcc>2.626772</hAcc><vAcc>1.674043</vAcc></extensions></trkpt>
      <trkpt lon="-77.064144" lat="38.905279"><ele>22.219877</ele><time>2026-04-02T14:37:00Z</time><extensions><speed>0.017503</speed><course>298.927962</course><hAcc>2.625431</hAcc><vAcc>1.672721</vAcc></extensions></trkpt>
      <trkpt lon="-77.064145" lat="38.905279"><ele>22.222976</ele><time>2026-04-02T14:37:01Z</time><extensions><speed>0.018069</speed><course>301.491927</course><hAcc>2.623853</hAcc><vAcc>1.671256</vAcc></extensions></trkpt>
      <trkpt lon="-77.064145" lat="38.905279"><ele>22.225961</ele><time>2026-04-02T14:37:02Z</time><extensions><speed>0.018390</speed><course>304.162313</course><hAcc>2.621999</hAcc><vAcc>1.669626</vAcc></extensions></trkpt>
      <trkpt lon="-77.064145" lat="38.905280"><ele>22.228552</ele><time>2026-04-02T14:37:03Z</time><extensions><speed>0.018582</speed><course>305.887114</course><hAcc>2.619919</hAcc><vAcc>1.667800</vAcc></extensions></trkpt>
      <trkpt lon="-77.064145" lat="38.905280"><ele>22.230650</ele><time>2026-04-02T14:37:04Z</time><extensions><speed>0.018041</speed><course>309.719438</course><hAcc>2.617711</hAcc><vAcc>1.665746</vAcc></extensions></trkpt>
      <trkpt lon="-77.064145" lat="38.905280"><ele>22.231752</ele><time>2026-04-02T14:37:05Z</time><extensions><speed>0.016763</speed><course>316.269140</course><hAcc>2.615446</hAcc><vAcc>1.663429</vAcc></extensions></trkpt>
      <trkpt lon="-77.064146" lat="38.905280"><ele>22.232358</ele><time>2026-04-02T14:37:06Z</time><extensions><speed>0.015206</speed><course>325.626769</course><hAcc>2.613192</hAcc><vAcc>1.660808</vAcc></extensions></trkpt>
      <trkpt lon="-77.064146" lat="38.905280"><ele>22.232425</ele><time>2026-04-02T14:37:07Z</time><extensions><speed>0.013828</speed><course>338.430522</course><hAcc>2.610917</hAcc><vAcc>1.657851</vAcc></extensions></trkpt>
      <trkpt lon="-77.064146" lat="38.905280"><ele>22.231575</ele><time>2026-04-02T14:37:08Z</time><extensions><speed>0.012958</speed><course>353.826447</course><hAcc>2.608629</hAcc><vAcc>1.654523</vAcc></extensions></trkpt>
      <trkpt lon="-77.064145" lat="38.905280"><ele>22.229002</ele><time>2026-04-02T14:37:09Z</time><extensions><speed>0.013123</speed><course>16.067433</course><hAcc>2.606355</hAcc><vAcc>1.650806</vAcc></extensions></trkpt>
      <trkpt lon="-77.064145" lat="38.905280"><ele>22.225962</ele><time>2026-04-02T14:37:10Z</time><extensions><speed>0.015078</speed><course>37.477735</course><hAcc>2.604033</hAcc><vAcc>1.646659</vAcc></extensions></trkpt>
      <trkpt lon="-77.064145" lat="38.905281"><ele>22.221734</ele><time>2026-04-02T14:37:11Z</time><extensions><speed>0.019455</speed><course>55.421760</course><hAcc>2.601607</hAcc><vAcc>1.642068</vAcc></extensions></trkpt>
      <trkpt lon="-77.064145" lat="38.905281"><ele>22.215859</ele><time>2026-04-02T14:37:12Z</time><extensions><speed>0.026392</speed><course>68.338662</course><hAcc>2.598936</hAcc><vAcc>1.637022</vAcc></extensions></trkpt>
      <trkpt lon="-77.064145" lat="38.905281"><ele>22.208568</ele><time>2026-04-02T14:37:13Z</time><extensions><speed>0.035724</speed><course>76.987032</course><hAcc>2.595786</hAcc><vAcc>1.631521</vAcc></extensions></trkpt>
      <trkpt lon="-77.064145" lat="38.905281"><ele>22.199521</ele><time>2026-04-02T14:37:14Z</time><extensions><speed>0.046710</speed><course>82.747859</course><hAcc>2.591932</hAcc><vAcc>1.625562</vAcc></extensions></trkpt>
      <trkpt lon="-77.064144" lat="38.905281"><ele>22.188991</ele><time>2026-04-02T14:37:15Z</time><extensions><speed>0.058216</speed><course>86.755071</course><hAcc>2.587474</hAcc><vAcc>1.619167</vAcc></extensions></trkpt>
      <trkpt lon="-77.064143" lat="38.905281"><ele>22.176973</ele><time>2026-04-02T14:37:16Z</time><extensions><speed>0.070738</speed><course>89.928287</course><hAcc>2.582531</hAcc><vAcc>1.612383</vAcc></extensions></trkpt>
      <trkpt lon="-77.064143" lat="38.905281"><ele>22.163848</ele><time>2026-04-02T14:37:17Z</time><extensions><speed>0.085545</speed><course>92.449766</course><hAcc>2.577308</hAcc><vAcc>1.605282</vAcc></extensions></trkpt>
      <trkpt lon="-77.064141" lat="38.905281"><ele>22.149936</ele><time>2026-04-02T14:37:18Z</time><extensions><speed>0.101920</speed><course>94.503730</course><hAcc>2.571920</hAcc><vAcc>1.597977</vAcc></extensions></trkpt>
      <trkpt lon="-77.064140" lat="38.905281"><ele>22.135071</ele><time>2026-04-02T14:37:18Z</time><extensions><speed>0.120970</speed><course>96.166413</course><hAcc>2.566375</hAcc><vAcc>1.590648</vAcc></extensions></trkpt>
      <trkpt lon="-77.064139" lat="38.905281"><ele>22.119605</ele><time>2026-04-02T14:37:19Z</time><extensions><speed>0.141125</speed><course>97.674179</course><hAcc>2.560589</hAcc><vAcc>1.583485</vAcc></extensions></trkpt>
      <trkpt lon="-77.064137" lat="38.905280"><ele>22.103343</ele><time>2026-04-02T14:37:20Z</time><extensions><speed>0.162891</speed><course>98.873972</course><hAcc>2.554521</hAcc><vAcc>1.576719</vAcc></extensions></trkpt>
      <trkpt lon="-77.064135" lat="38.905280"><ele>22.086692</ele><time>2026-04-02T14:37:21Z</time><extensions><speed>0.186428</speed><course>100.023292</course><hAcc>2.548171</hAcc><vAcc>1.570609</vAcc></extensions></trkpt>
      <trkpt lon="-77.064133" lat="38.905280"><ele>22.069178</ele><time>2026-04-02T14:37:22Z</time><extensions><speed>0.210901</speed><course>101.133117</course><hAcc>2.541570</hAcc><vAcc>1.565362</vAcc></extensions></trkpt>
      <trkpt lon="-77.064130" lat="38.905279"><ele>22.051073</ele><time>2026-04-02T14:37:23Z</time><extensions><speed>0.236713</speed><course>102.009276</course><hAcc>2.534713</hAcc><vAcc>1.561104</vAcc></extensions></trkpt>
      <trkpt lon="-77.064127" lat="38.905279"><ele>22.032338</ele><time>2026-04-02T14:37:24Z</time><extensions><speed>0.263953</speed><course>102.599721</course><hAcc>2.527590</hAcc><vAcc>1.557862</vAcc></extensions></trkpt>
      <trkpt lon="-77.064124" lat="38.905278"><ele>22.013308</ele><time>2026-04-02T14:37:25Z</time><extensions><speed>0.292553</speed><course>102.844221</course><hAcc>2.520229</hAcc><vAcc>1.555602</vAcc></extensions></trkpt>
      <trkpt lon="-77.064121" lat="38.905278"><ele>21.993735</ele><time>2026-04-02T14:37:26Z</time><extensions><speed>0.322354</speed><course>102.828708</course><hAcc>2.512705</hAcc><vAcc>1.554264</vAcc></extensions></trkpt>
      <trkpt lon="-77.064117" lat="38.905277"><ele>21.974175</ele><time>2026-04-02T14:37:27Z</time><extensions><speed>0.353273</speed><course>102.637680</course><hAcc>2.505119</hAcc><vAcc>1.553788</vAcc></extensions></trkpt>
      <trkpt lon="-77.064113" lat="38.905276"><ele>21.954902</ele><time>2026-04-02T14:37:28Z</time><extensions><speed>0.385247</speed><course>102.212384</course><hAcc>2.497603</hAcc><vAcc>1.554119</vAcc></extensions></trkpt>
      <trkpt lon="-77.064108" lat="38.905276"><ele>21.936129</ele><time>2026-04-02T14:37:29Z</time><extensions><speed>0.418756</speed><course>101.623059</course><hAcc>2.490262</hAcc><vAcc>1.555185</vAcc></extensions></trkpt>
      <trkpt lon="-77.064103" lat="38.905275"><ele>21.917988</ele><time>2026-04-02T14:37:30Z</time><extensions><speed>0.452701</speed><course>100.809821</course><hAcc>2.483290</hAcc><vAcc>1.556884</vAcc></extensions></trkpt>
      <trkpt lon="-77.064098" lat="38.905274"><ele>21.900732</ele><time>2026-04-02T14:37:31Z</time><extensions><speed>0.487630</speed><course>99.908457</course><hAcc>2.476778</hAcc><vAcc>1.559084</vAcc></extensions></trkpt>
      <trkpt lon="-77.064092" lat="38.905273"><ele>21.884458</ele><time>2026-04-02T14:37:32Z</time><extensions><speed>0.523879</speed><course>98.925578</course><hAcc>2.470783</hAcc><vAcc>1.561633</vAcc></extensions></trkpt>
      <trkpt lon="-77.064086" lat="38.905272"><ele>21.869470</ele><time>2026-04-02T14:37:33Z</time><extensions><speed>0.561599</speed><course>97.789551</course><hAcc>2.465486</hAcc><vAcc>1.564380</vAcc></extensions></trkpt>
      <trkpt lon="-77.064079" lat="38.905272"><ele>21.856111</ele><time>2026-04-02T14:37:34Z</time><extensions><speed>0.600632</speed><course>96.545599</course><hAcc>2.460953</hAcc><vAcc>1.567175</vAcc></extensions></trkpt>
      <trkpt lon="-77.064072" lat="38.905271"><ele>21.844637</ele><time>2026-04-02T14:37:35Z</time><extensions><speed>0.641376</speed><course>95.216521</course><hAcc>2.457224</hAcc><vAcc>1.569868</vAcc></extensions></trkpt>
      <trkpt lon="-77.064064" lat="38.905271"><ele>21.835269</ele><time>2026-04-02T14:37:36Z</time><extensions><speed>0.683651</speed><course>93.978509</course><hAcc>2.454275</hAcc><vAcc>1.572319</vAcc></extensions></trkpt>
      <trkpt lon="-77.064056" lat="38.905270"><ele>21.828395</ele><time>2026-04-02T14:37:37Z</time><extensions><speed>0.726796</speed><course>92.682050</course><hAcc>2.451947</hAcc><vAcc>1.574423</vAcc></extensions></trkpt>
      <trkpt lon="-77.064047" lat="38.905270"><ele>21.824190</ele><time>2026-04-02T14:37:39Z</time><extensions><speed>0.770641</speed><course>91.679839</course><hAcc>2.449897</hAcc><vAcc>1.576094</vAcc></extensions></trkpt>
      <trkpt lon="-77.064038" lat="38.905270"><ele>21.822450</ele><time>2026-04-02T14:37:40Z</time><extensions><speed>0.814147</speed><course>90.885458</course><hAcc>2.447698</hAcc><vAcc>1.577282</vAcc></extensions></trkpt>
      <trkpt lon="-77.064029" lat="38.905270"><ele>21.823426</ele><time>2026-04-02T14:37:41Z</time><extensions><speed>0.855731</speed><course>90.466637</course><hAcc>2.444916</hAcc><vAcc>1.577994</vAcc></extensions></trkpt>
      <trkpt lon="-77.064019" lat="38.905270"><ele>21.827247</ele><time>2026-04-02T14:37:42Z</time><extensions><speed>0.897025</speed><course>90.239706</course><hAcc>2.441285</hAcc><vAcc>1.578270</vAcc></extensions></trkpt>
      <trkpt lon="-77.064008" lat="38.905270"><ele>21.833785</ele><time>2026-04-02T14:37:43Z</time><extensions><speed>0.937932</speed><course>90.196805</course><hAcc>2.436708</hAcc><vAcc>1.578198</vAcc></extensions></trkpt>
      <trkpt lon="-77.063997" lat="38.905270"><ele>21.843121</ele><time>2026-04-02T14:37:44Z</time><extensions><speed>0.977401</speed><course>90.296121</course><hAcc>2.431228</hAcc><vAcc>1.577902</vAcc></extensions></trkpt>
      <trkpt lon="-77.063985" lat="38.905270"><ele>21.854432</ele><time>2026-04-02T14:37:45Z</time><extensions><speed>1.011918</speed><course>90.565442</course><hAcc>2.424996</hAcc><vAcc>1.577512</vAcc></extensions></trkpt>
      <trkpt lon="-77.063974" lat="38.905270"><ele>21.867574</ele><time>2026-04-02T14:37:46Z</time><extensions><speed>1.042706</speed><course>90.904928</course><hAcc>2.418189</hAcc><vAcc>1.577170</vAcc></extensions></trkpt>
      <trkpt lon="-77.063962" lat="38.905269"><ele>21.882314</ele><time>2026-04-02T14:37:47Z</time><extensions><speed>1.069968</speed><course>91.250716</course><hAcc>2.411080</hAcc><vAcc>1.577016</vAcc></extensions></trkpt>
      <trkpt lon="-77.063949" lat="38.905269"><ele>21.898491</ele><time>2026-04-02T14:37:48Z</time><extensions><speed>1.097073</speed><course>91.539254</course><hAcc>2.403847</hAcc><vAcc>1.577198</vAcc></extensions></trkpt>
      <trkpt lon="-77.063936" lat="38.905269"><ele>21.916551</ele><time>2026-04-02T14:37:49Z</time><extensions><speed>1.125457</speed><course>91.769510</course><hAcc>2.396794</hAcc><vAcc>1.577851</vAcc></extensions></trkpt>
      <trkpt lon="-77.063923" lat="38.905269"><ele>21.936158</ele><time>2026-04-02T14:37:50Z</time><extensions><speed>1.155069</speed><course>91.960443</course><hAcc>2.390010</hAcc><vAcc>1.579097</vAcc></extensions></trkpt>
      <trkpt lon="-77.063910" lat="38.905268"><ele>21.956361</ele><time>2026-04-02T14:37:51Z</time><extensions><speed>1.178045</speed><course>92.076046</course><hAcc>2.383522</hAcc><vAcc>1.581027</vAcc></extensions></trkpt>
      <trkpt lon="-77.063896" lat="38.905268"><ele>21.976558</ele><time>2026-04-02T14:37:52Z</time><extensions><speed>1.193429</speed><course>92.172114</course><hAcc>2.377372</hAcc><vAcc>1.583705</vAcc></extensions></trkpt>
      <trkpt lon="-77.063882" lat="38.905267"><ele>21.996961</ele><time>2026-04-02T14:37:53Z</time><extensions><speed>1.205277</speed><course>92.247247</course><hAcc>2.371686</hAcc><vAcc>1.587160</vAcc></extensions></trkpt>
      <trkpt lon="-77.063868" lat="38.905267"><ele>22.018040</ele><time>2026-04-02T14:37:54Z</time><extensions><speed>1.214236</speed><course>92.373615</course><hAcc>2.366555</hAcc><vAcc>1.591377</vAcc></extensions></trkpt>
      <trkpt lon="-77.063854" lat="38.905266"><ele>22.040204</ele><time>2026-04-02T14:37:55Z</time><extensions><speed>1.222513</speed><course>92.489869</course><hAcc>2.362057</hAcc><vAcc>1.596292</vAcc></extensions></trkpt>
      <trkpt lon="-77.063840" lat="38.905266"><ele>22.062095</ele><time>2026-04-02T14:37:56Z</time><extensions><speed>1.233480</speed><course>92.571842</course><hAcc>2.358252</hAcc><vAcc>1.601808</vAcc></extensions></trkpt>
      <trkpt lon="-77.063826" lat="38.905265"><ele>22.083787</ele><time>2026-04-02T14:37:57Z</time><extensions><speed>1.246165</speed><course>92.583909</course><hAcc>2.355284</hAcc><vAcc>1.607788</vAcc></extensions></trkpt>
      <trkpt lon="-77.063811" lat="38.905265"><ele>22.105598</ele><time>2026-04-02T14:37:58Z</time><extensions><speed>1.260884</speed><course>92.537699</course><hAcc>2.353068</hAcc><vAcc>1.614045</vAcc></extensions></trkpt>
      <trkpt lon="-77.063811" lat="38.905265"><ele>22.106222</ele><time>2026-04-02T14:37:58Z</time><extensions><speed>1.261201</speed><course>92.540556</course><hAcc>2.352998</hAcc><vAcc>1.613980</vAcc></extensions></trkpt>
      <trkpt lon="-77.063797" lat="38.905264"><ele>22.127200</ele><time>2026-04-02T14:37:59Z</time><extensions><speed>1.281495</speed><course>92.449735</course><hAcc>2.351520</hAcc><vAcc>1.620332</vAcc></extensions></trkpt>
      <trkpt lon="-77.063782" lat="38.905264"><ele>22.147997</ele><time>2026-04-02T14:38:00Z</time><extensions><speed>1.302961</speed><course>92.344772</course><hAcc>2.350809</hAcc><vAcc>1.626725</vAcc></extensions></trkpt>
      <trkpt lon="-77.063767" lat="38.905263"><ele>22.168340</ele><time>2026-04-02T14:38:01Z</time><extensions><speed>1.321696</speed><course>92.223278</course><hAcc>2.350781</hAcc><vAcc>1.633040</vAcc></extensions></trkpt>
      <trkpt lon="-77.063751" lat="38.905263"><ele>22.188272</ele><time>2026-04-02T14:38:02Z</time><extensions><speed>1.333734</speed><course>92.094462</course><hAcc>2.351221</hAcc><vAcc>1.639106</vAcc></extensions></trkpt>
      <trkpt lon="-77.063736" lat="38.905263"><ele>22.207545</ele><time>2026-04-02T14:38:03Z</time><extensions><speed>1.338879</speed><course>91.957427</course><hAcc>2.351837</hAcc><vAcc>1.644721</vAcc></extensions></trkpt>
      <trkpt lon="-77.063720" lat="38.905262"><ele>22.225401</ele><time>2026-04-02T14:38:04Z</time><extensions><speed>1.342130</speed><course>91.829392</course><hAcc>2.352318</hAcc><vAcc>1.649693</vAcc></extensions></trkpt>
      <trkpt lon="-77.063705" lat="38.905262"><ele>22.241873</ele><time>2026-04-02T14:38:05Z</time><extensions><speed>1.339740</speed><course>91.699131</course><hAcc>2.352575</hAcc><vAcc>1.653846</vAcc></extensions></trkpt>
      <trkpt lon="-77.063690" lat="38.905261"><ele>22.257445</ele><time>2026-04-02T14:38:06Z</time><extensions><speed>1.333441</speed><course>91.588832</course><hAcc>2.352496</hAcc><vAcc>1.657053</vAcc></extensions></trkpt>
      <trkpt lon="-77.063674" lat="38.905261"><ele>22.272067</ele><time>2026-04-02T14:38:07Z</time><extensions><speed>1.324195</speed><course>91.479922</course><hAcc>2.352189</hAcc><vAcc>1.659227</vAcc></extensions></trkpt>
      <trkpt lon="-77.063659" lat="38.905261"><ele>22.285724</ele><time>2026-04-02T14:38:08Z</time><extensions><speed>1.314870</speed><course>91.357807</course><hAcc>2.351807</hAcc><vAcc>1.660333</vAcc></extensions></trkpt>
      <trkpt lon="-77.063644" lat="38.905261"><ele>22.297864</ele><time>2026-04-02T14:38:09Z</time><extensions><speed>1.299923</speed><course>91.239910</course><hAcc>2.351407</hAcc><vAcc>1.660366</vAcc></extensions></trkpt>
      <trkpt lon="-77.063629" lat="38.905260"><ele>22.310003</ele><time>2026-04-02T14:38:10Z</time><extensions><speed>1.280086</speed><course>91.112188</course><hAcc>2.351048</hAcc><vAcc>1.659362</vAcc></extensions></trkpt>
      <trkpt lon="-77.063615" lat="38.905260"><ele>22.321766</ele><time>2026-04-02T14:38:11Z</time><extensions><speed>1.260209</speed><course>90.968932</course><hAcc>2.350822</hAcc><vAcc>1.657391</vAcc></extensions></trkpt>
      <trkpt lon="-77.063600" lat="38.905260"><ele>22.333341</ele><time>2026-04-02T14:38:12Z</time><extensions><speed>1.244500</speed><course>90.804108</course><hAcc>2.350816</hAcc><vAcc>1.654527</vAcc></extensions></trkpt>
      <trkpt lon="-77.063586" lat="38.905260"><ele>22.344676</ele><time>2026-04-02T14:38:13Z</time><extensions><speed>1.229471</speed><course>90.614955</course><hAcc>2.351150</hAcc><vAcc>1.650869</vAcc></extensions></trkpt>
      <trkpt lon="-77.063572" lat="38.905260"><ele>22.356053</ele><time>2026-04-02T14:38:14Z</time><extensions><speed>1.215452</speed><course>90.399033</course><hAcc>2.351925</hAcc><vAcc>1.646514</vAcc></extensions></trkpt>
      <trkpt lon="-77.063558" lat="38.905260"><ele>22.367381</ele><time>2026-04-02T14:38:15Z</time><extensions><speed>1.203665</speed><course>90.217314</course><hAcc>2.353143</hAcc><vAcc>1.641550</vAcc></extensions></trkpt>
      <trkpt lon="-77.063544" lat="38.905259"><ele>22.379625</ele><time>2026-04-02T14:38:16Z</time><extensions><speed>1.194415</speed><course>90.045446</course><hAcc>2.354744</hAcc><vAcc>1.636085</vAcc></extensions></trkpt>
      <trkpt lon="-77.063530" lat="38.905259"><ele>22.392522</ele><time>2026-04-02T14:38:17Z</time><extensions><speed>1.187393</speed><course>89.883488</course><hAcc>2.356629</hAcc><vAcc>1.630222</vAcc></extensions></trkpt>
      <trkpt lon="-77.063516" lat="38.905259"><ele>22.405759</ele><time>2026-04-02T14:38:18Z</time><extensions><speed>1.181438</speed><course>89.744474</course><hAcc>2.358628</hAcc><vAcc>1.624082</vAcc></extensions></trkpt>
      <trkpt lon="-77.063502" lat="38.905259"><ele>22.419733</ele><time>2026-04-02T14:38:19Z</time><extensions><speed>1.176802</speed><course>89.626108</course><hAcc>2.360511</hAcc><vAcc>1.617788</vAcc></extensions></trkpt>
      <trkpt lon="-77.063489" lat="38.905259"><ele>22.434623</ele><time>2026-04-02T14:38:20Z</time><extensions><speed>1.178551</speed><course>89.546659</course><hAcc>2.362059</hAcc><vAcc>1.611461</vAcc></extensions></trkpt>
      <trkpt lon="-77.063475" lat="38.905259"><ele>22.451254</ele><time>2026-04-02T14:38:21Z</time><extensions><speed>1.181784</speed><course>89.486686</course><hAcc>2.363298</hAcc><vAcc>1.605213</vAcc></extensions></trkpt>
      <trkpt lon="-77.063461" lat="38.905259"><ele>22.469259</ele><time>2026-04-02T14:38:22Z</time><extensions><speed>1.185118</speed><course>89.465107</course><hAcc>2.364209</hAcc><vAcc>1.599151</vAcc></extensions></trkpt>
      <trkpt lon="-77.063448" lat="38.905259"><ele>22.488347</ele><time>2026-04-02T14:38:23Z</time><extensions><speed>1.187635</speed><course>89.592526</course><hAcc>2.364714</hAcc><vAcc>1.593355</vAcc></extensions></trkpt>
      <trkpt lon="-77.063434" lat="38.905259"><ele>22.507308</ele><time>2026-04-02T14:38:24Z</time><extensions><speed>1.189302</speed><course>89.733899</course><hAcc>2.364957</hAcc><vAcc>1.587894</vAcc></extensions></trkpt>
      <trkpt lon="-77.063420" lat="38.905259"><ele>22.528272</ele><time>2026-04-02T14:38:25Z</time><extensions><speed>1.190825</speed><course>89.878077</course><hAcc>2.365095</hAcc><vAcc>1.582810</vAcc></extensions></trkpt>
      <trkpt lon="-77.063406" lat="38.905259"><ele>22.549645</ele><time>2026-04-02T14:38:26Z</time><extensions><speed>1.193280</speed><course>89.946620</course><hAcc>2.365219</hAcc><vAcc>1.578126</vAcc></extensions></trkpt>
      <trkpt lon="-77.063392" lat="38.905259"><ele>22.572501</ele><time>2026-04-02T14:38:27Z</time><extensions><speed>1.197689</speed><course>89.923860</course><hAcc>2.365386</hAcc><vAcc>1.573856</vAcc></extensions></trkpt>
      <trkpt lon="-77.063379" lat="38.905259"><ele>22.596334</ele><time>2026-04-02T14:38:28Z</time><extensions><speed>1.201929</speed><course>89.836439</course><hAcc>2.365589</hAcc><vAcc>1.570011</vAcc></extensions></trkpt>
      <trkpt lon="-77.063365" lat="38.905260"><ele>22.620578</ele><time>2026-04-02T14:38:29Z</time><extensions><speed>1.208133</speed><course>89.701174</course><hAcc>2.365833</hAcc><vAcc>1.566602</vAcc></extensions></trkpt>
      <trkpt lon="-77.063351" lat="38.905260"><ele>22.644986</ele><time>2026-04-02T14:38:30Z</time><extensions><speed>1.213255</speed><course>89.526428</course><hAcc>2.366081</hAcc><vAcc>1.563636</vAcc></extensions></trkpt>
      <trkpt lon="-77.063337" lat="38.905260"><ele>22.669445</ele><time>2026-04-02T14:38:31Z</time><extensions><speed>1.216363</speed><course>89.309790</course><hAcc>2.366327</hAcc><vAcc>1.561113</vAcc></extensions></trkpt>
      <trkpt lon="-77.063323" lat="38.905260"><ele>22.693695</ele><time>2026-04-02T14:38:32Z</time><extensions><speed>1.218210</speed><course>89.061155</course><hAcc>2.366534</hAcc><vAcc>1.559034</vAcc></extensions></trkpt>
      <trkpt lon="-77.063309" lat="38.905260"><ele>22.718008</ele><time>2026-04-02T14:38:33Z</time><extensions><speed>1.220645</speed><course>88.757751</course><hAcc>2.366700</hAcc><vAcc>1.557399</vAcc></extensions></trkpt>
      <trkpt lon="-77.063295" lat="38.905260"><ele>22.742541</ele><time>2026-04-02T14:38:34Z</time><extensions><speed>1.225426</speed><course>88.437753</course><hAcc>2.366828</hAcc><vAcc>1.556200</vAcc></extensions></trkpt>
      <trkpt lon="-77.063280" lat="38.905261"><ele>22.766766</ele><time>2026-04-02T14:38:35Z</time><extensions><speed>1.232085</speed><course>88.092707</course><hAcc>2.366922</hAcc><vAcc>1.555428</vAcc></extensions></trkpt>
      <trkpt lon="-77.063266" lat="38.905261"><ele>22.790746</ele><time>2026-04-02T14:38:36Z</time><extensions><speed>1.239850</speed><course>87.732485</course><hAcc>2.367016</hAcc><vAcc>1.555080</vAcc></extensions></trkpt>
      <trkpt lon="-77.063252" lat="38.905262"><ele>22.813892</ele><time>2026-04-02T14:38:37Z</time><extensions><speed>1.237185</speed><course>87.351949</course><hAcc>2.367210</hAcc><vAcc>1.555135</vAcc></extensions></trkpt>
      <trkpt lon="-77.063238" lat="38.905262"><ele>22.835474</ele><time>2026-04-02T14:38:38Z</time><extensions><speed>1.229316</speed><course>86.962734</course><hAcc>2.367544</hAcc><vAcc>1.555579</vAcc></extensions></trkpt>
      <trkpt lon="-77.063224" lat="38.905263"><ele>22.854922</ele><time>2026-04-02T14:38:39Z</time><extensions><speed>1.222001</speed><course>86.548937</course><hAcc>2.368195</hAcc><vAcc>1.556388</vAcc></extensions></trkpt>
      <trkpt lon="-77.063210" lat="38.905264"><ele>22.872803</ele><time>2026-04-02T14:38:40Z</time><extensions><speed>1.217466</speed><course>86.122399</course><hAcc>2.369345</hAcc><vAcc>1.557527</vAcc></extensions></trkpt>
      <trkpt lon="-77.063196" lat="38.905265"><ele>22.889635</ele><time>2026-04-02T14:38:41Z</time><extensions><speed>1.215852</speed><course>85.686051</course><hAcc>2.370977</hAcc><vAcc>1.558970</vAcc></extensions></trkpt>
      <trkpt lon="-77.063182" lat="38.905266"><ele>22.905756</ele><time>2026-04-02T14:38:42Z</time><extensions><speed>1.214839</speed><course>85.212572</course><hAcc>2.372860</hAcc><vAcc>1.560659</vAcc></extensions></trkpt>
      <trkpt lon="-77.063168" lat="38.905267"><ele>22.920367</ele><time>2026-04-02T14:38:43Z</time><extensions><speed>1.213160</speed><course>84.693629</course><hAcc>2.374726</hAcc><vAcc>1.562539</vAcc></extensions></trkpt>
      <trkpt lon="-77.063154" lat="38.905268"><ele>22.934326</ele><time>2026-04-02T14:38:44Z</time><extensions><speed>1.209843</speed><course>84.115746</course><hAcc>2.376336</hAcc><vAcc>1.564552</vAcc></extensions></trkpt>
      <trkpt lon="-77.063140" lat="38.905269"><ele>22.947505</ele><time>2026-04-02T14:38:45Z</time><extensions><speed>1.202139</speed><course>83.452007</course><hAcc>2.377462</hAcc><vAcc>1.566648</vAcc></extensions></trkpt>
      <trkpt lon="-77.063126" lat="38.905270"><ele>22.959878</ele><time>2026-04-02T14:38:46Z</time><extensions><speed>1.188686</speed><course>82.668317</course><hAcc>2.377965</hAcc><vAcc>1.568786</vAcc></extensions></trkpt>
      <trkpt lon="-77.063113" lat="38.905272"><ele>22.972573</ele><time>2026-04-02T14:38:47Z</time><extensions><speed>1.170061</speed><course>81.776483</course><hAcc>2.377931</hAcc><vAcc>1.570947</vAcc></extensions></trkpt>
      <trkpt lon="-77.063099" lat="38.905273"><ele>22.985420</ele><time>2026-04-02T14:38:48Z</time><extensions><speed>1.150857</speed><course>80.771476</course><hAcc>2.377595</hAcc><vAcc>1.573135</vAcc></extensions></trkpt>
      <trkpt lon="-77.063086" lat="38.905275"><ele>22.998733</ele><time>2026-04-02T14:38:49Z</time><extensions><speed>1.132754</speed><course>79.677283</course><hAcc>2.377082</hAcc><vAcc>1.575375</vAcc></extensions></trkpt>
      <trkpt lon="-77.063074" lat="38.905277"><ele>23.012691</ele><time>2026-04-02T14:38:50Z</time><extensions><speed>1.114613</speed><course>78.440738</course><hAcc>2.376606</hAcc><vAcc>1.577699</vAcc></extensions></trkpt>
      <trkpt lon="-77.063061" lat="38.905279"><ele>23.027681</ele><time>2026-04-02T14:38:51Z</time><extensions><speed>1.095328</speed><course>77.080965</course><hAcc>2.376548</hAcc><vAcc>1.580131</vAcc></extensions></trkpt>
      <trkpt lon="-77.063049" lat="38.905282"><ele>23.043387</ele><time>2026-04-02T14:38:52Z</time><extensions><speed>1.076451</speed><course>75.576335</course><hAcc>2.377042</hAcc><vAcc>1.582674</vAcc></extensions></trkpt>
      <trkpt lon="-77.063037" lat="38.905284"><ele>23.060262</ele><time>2026-04-02T14:38:53Z</time><extensions><speed>1.060193</speed><course>73.937255</course><hAcc>2.378292</hAcc><vAcc>1.585306</vAcc></extensions></trkpt>
      <trkpt lon="-77.063026" lat="38.905287"><ele>23.079348</ele><time>2026-04-02T14:38:54Z</time><extensions><speed>1.045981</speed><course>72.222344</course><hAcc>2.380430</hAcc><vAcc>1.587976</vAcc></extensions></trkpt>
      <trkpt lon="-77.063014" lat="38.905290"><ele>23.100129</ele><time>2026-04-02T14:38:55Z</time><extensions><speed>1.032601</speed><course>70.354218</course><hAcc>2.383324</hAcc><vAcc>1.590608</vAcc></extensions></trkpt>
      <trkpt lon="-77.063003" lat="38.905294"><ele>23.122776</ele><time>2026-04-02T14:38:56Z</time><extensions><speed>1.017898</speed><course>68.239978</course><hAcc>2.386773</hAcc><vAcc>1.593107</vAcc></extensions></trkpt>
      <trkpt lon="-77.062993" lat="38.905297"><ele>23.147793</ele><time>2026-04-02T14:38:57Z</time><extensions><speed>1.002188</speed><course>65.825187</course><hAcc>2.390549</hAcc><vAcc>1.595355</vAcc></extensions></trkpt>
      <trkpt lon="-77.062982" lat="38.905301"><ele>23.175105</ele><time>2026-04-02T14:38:58Z</time><extensions><speed>0.986745</speed><course>63.078741</course><hAcc>2.394390</hAcc><vAcc>1.597208</vAcc></extensions></trkpt>
      <trkpt lon="-77.062972" lat="38.905305"><ele>23.204720</ele><time>2026-04-02T14:38:59Z</time><extensions><speed>0.970327</speed><course>59.853827</course><hAcc>2.398009</hAcc><vAcc>1.598515</vAcc></extensions></trkpt>
      <trkpt lon="-77.062963" lat="38.905310"><ele>23.237219</ele><time>2026-04-02T14:39:00Z</time><extensions><speed>0.952254</speed><course>55.955591</course><hAcc>2.401247</hAcc><vAcc>1.599128</vAcc></extensions></trkpt>
      <trkpt lon="-77.062954" lat="38.905315"><ele>23.272218</ele><time>2026-04-02T14:39:01Z</time><extensions><speed>0.937166</speed><course>51.416317</course><hAcc>2.404119</hAcc><vAcc>1.598932</vAcc></extensions></trkpt>
      <trkpt lon="-77.062946" lat="38.905320"><ele>23.309871</ele><time>2026-04-02T14:39:02Z</time><extensions><speed>0.930485</speed><course>46.406929</course><hAcc>2.406461</hAcc><vAcc>1.597857</vAcc></extensions></trkpt>
      <trkpt lon="-77.062939" lat="38.905326"><ele>23.350164</ele><time>2026-04-02T14:39:03Z</time><extensions><speed>0.932455</speed><course>41.120394</course><hAcc>2.408887</hAcc><vAcc>1.595870</vAcc></extensions></trkpt>
      <trkpt lon="-77.062932" lat="38.905333"><ele>23.393118</ele><time>2026-04-02T14:39:04Z</time><extensions><speed>0.943361</speed><course>35.537108</course><hAcc>2.411548</hAcc><vAcc>1.592964</vAcc></extensions></trkpt>
      <trkpt lon="-77.062927" lat="38.905340"><ele>23.438606</ele><time>2026-04-02T14:39:05Z</time><extensions><speed>0.964509</speed><course>29.757063</course><hAcc>2.414515</hAcc><vAcc>1.589133</vAcc></extensions></trkpt>
      <trkpt lon="-77.062921" lat="38.905348"><ele>23.486711</ele><time>2026-04-02T14:39:06Z</time><extensions><speed>0.988990</speed><course>24.690028</course><hAcc>2.417814</hAcc><vAcc>1.584377</vAcc></extensions></trkpt>
      <trkpt lon="-77.062917" lat="38.905356"><ele>23.537270</ele><time>2026-04-02T14:39:07Z</time><extensions><speed>1.013680</speed><course>20.432970</course><hAcc>2.421475</hAcc><vAcc>1.578693</vAcc></extensions></trkpt>
      <trkpt lon="-77.062913" lat="38.905365"><ele>23.590191</ele><time>2026-04-02T14:39:08Z</time><extensions><speed>1.036154</speed><course>16.822859</course><hAcc>2.425527</hAcc><vAcc>1.572071</vAcc></extensions></trkpt>
      <trkpt lon="-77.062910" lat="38.905374"><ele>23.645308</ele><time>2026-04-02T14:39:09Z</time><extensions><speed>1.053742</speed><course>13.777558</course><hAcc>2.429963</hAcc><vAcc>1.564478</vAcc></extensions></trkpt>
      <trkpt lon="-77.062908" lat="38.905383"><ele>23.702452</ele><time>2026-04-02T14:39:10Z</time><extensions><speed>1.065781</speed><course>11.204437</course><hAcc>2.434732</hAcc><vAcc>1.555828</vAcc></extensions></trkpt>
      <trkpt lon="-77.062906" lat="38.905393"><ele>23.761454</ele><time>2026-04-02T14:39:11Z</time><extensions><speed>1.071329</speed><course>9.077224</course><hAcc>2.439753</hAcc><vAcc>1.545977</vAcc></extensions></trkpt>
      <trkpt lon="-77.062904" lat="38.905402"><ele>23.822150</ele><time>2026-04-02T14:39:12Z</time><extensions><speed>1.069943</speed><course>7.346105</course><hAcc>2.444939</hAcc><vAcc>1.534711</vAcc></extensions></trkpt>
      <trkpt lon="-77.062903" lat="38.905412"><ele>23.884417</ele><time>2026-04-02T14:39:13Z</time><extensions><speed>1.061831</speed><course>5.985740</course><hAcc>2.449751</hAcc><vAcc>1.521753</vAcc></extensions></trkpt>
      <trkpt lon="-77.062901" lat="38.905421"><ele>23.947895</ele><time>2026-04-02T14:39:14Z</time><extensions><speed>1.046267</speed><course>4.901312</course><hAcc>2.454562</hAcc><vAcc>1.506786</vAcc></extensions></trkpt>
      <trkpt lon="-77.062900" lat="38.905431"><ele>24.012201</ele><time>2026-04-02T14:39:15Z</time><extensions><speed>1.024075</speed><course>4.054667</course><hAcc>2.459312</hAcc><vAcc>1.489476</vAcc></extensions></trkpt>
      <trkpt lon="-77.062899" lat="38.905440"><ele>24.077068</ele><time>2026-04-02T14:39:16Z</time><extensions><speed>0.997394</speed><course>3.407211</course><hAcc>2.464024</hAcc><vAcc>1.469500</vAcc></extensions></trkpt>
      <trkpt lon="-77.062898" lat="38.905449"><ele>24.142196</ele><time>2026-04-02T14:39:17Z</time><extensions><speed>0.966014</speed><course>3.117724</course><hAcc>2.468460</hAcc><vAcc>1.446569</vAcc></extensions></trkpt>
      <trkpt lon="-77.062897" lat="38.905458"><ele>24.207198</ele><time>2026-04-02T14:39:18Z</time><extensions><speed>0.933377</speed><course>2.893629</course><hAcc>2.473158</hAcc><vAcc>1.420446</vAcc></extensions></trkpt>
      <trkpt lon="-77.062896" lat="38.905466"><ele>24.272077</ele><time>2026-04-02T14:39:19Z</time><extensions><speed>0.900962</speed><course>2.663239</course><hAcc>2.477797</hAcc><vAcc>1.390969</vAcc></extensions></trkpt>
      <trkpt lon="-77.062895" lat="38.905474"><ele>24.336421</ele><time>2026-04-02T14:39:20Z</time><extensions><speed>0.866715</speed><course>2.444195</course><hAcc>2.482731</hAcc><vAcc>1.358061</vAcc></extensions></trkpt>
      <trkpt lon="-77.062895" lat="38.905482"><ele>24.399827</ele><time>2026-04-02T14:39:21Z</time><extensions><speed>0.828995</speed><course>2.208633</course><hAcc>2.487670</hAcc><vAcc>1.321744</vAcc></extensions></trkpt>
      <trkpt lon="-77.062894" lat="38.905489"><ele>24.461958</ele><time>2026-04-02T14:39:21Z</time><extensions><speed>0.789501</speed><course>1.949180</course><hAcc>2.491705</hAcc><vAcc>1.282142</vAcc></extensions></trkpt>
      <trkpt lon="-77.062894" lat="38.905496"><ele>24.522449</ele><time>2026-04-02T14:39:22Z</time><extensions><speed>0.745245</speed><course>1.491141</course><hAcc>2.496798</hAcc><vAcc>1.239499</vAcc></extensions></trkpt>
      <trkpt lon="-77.062894" lat="38.905503"><ele>24.581096</ele><time>2026-04-02T14:39:23Z</time><extensions><speed>0.702870</speed><course>0.935142</course><hAcc>2.502022</hAcc><vAcc>1.194198</vAcc></extensions></trkpt>
      <trkpt lon="-77.062893" lat="38.905509"><ele>24.637699</ele><time>2026-04-02T14:39:24Z</time><extensions><speed>0.662231</speed><course>0.353514</course><hAcc>2.507754</hAcc><vAcc>1.146799</vAcc></extensions></trkpt>
      <trkpt lon="-77.062893" lat="38.905515"><ele>24.692096</ele><time>2026-04-02T14:39:25Z</time><extensions><speed>0.624289</speed><course>359.795317</course><hAcc>2.514319</hAcc><vAcc>1.098063</vAcc></extensions></trkpt>
      <trkpt lon="-77.062894" lat="38.905520"><ele>24.744135</ele><time>2026-04-02T14:39:26Z</time><extensions><speed>0.588692</speed><course>359.246870</course><hAcc>2.521991</hAcc><vAcc>1.048976</vAcc></extensions></trkpt>
      <trkpt lon="-77.062894" lat="38.905525"><ele>24.793625</ele><time>2026-04-02T14:39:27Z</time><extensions><speed>0.555773</speed><course>358.727102</course><hAcc>2.531027</hAcc><vAcc>1.000748</vAcc></extensions></trkpt>
      <trkpt lon="-77.062894" lat="38.905530"><ele>24.840306</ele><time>2026-04-02T14:39:28Z</time><extensions><speed>0.524049</speed><course>358.173205</course><hAcc>2.541688</hAcc><vAcc>0.954747</vAcc></extensions></trkpt>
      <trkpt lon="-77.062894" lat="38.905535"><ele>24.883880</ele><time>2026-04-02T14:39:29Z</time><extensions><speed>0.494460</speed><course>357.671647</course><hAcc>2.554219</hAcc><vAcc>0.912346</vAcc></extensions></trkpt>
      <trkpt lon="-77.062894" lat="38.905539"><ele>24.924121</ele><time>2026-04-02T14:39:30Z</time><extensions><speed>0.466991</speed><course>357.244900</course><hAcc>2.568844</hAcc><vAcc>0.874679</vAcc></extensions></trkpt>
      <trkpt lon="-77.062895" lat="38.905543"><ele>24.960993</ele><time>2026-04-02T14:39:31Z</time><extensions><speed>0.441099</speed><course>356.881569</course><hAcc>2.585770</hAcc><vAcc>0.842425</vAcc></extensions></trkpt>
      <trkpt lon="-77.062895" lat="38.905547"><ele>24.994657</ele><time>2026-04-02T14:39:32Z</time><extensions><speed>0.416877</speed><course>356.639994</course><hAcc>2.605173</hAcc><vAcc>0.815771</vAcc></extensions></trkpt>
      <trkpt lon="-77.062895" lat="38.905551"><ele>25.025413</ele><time>2026-04-02T14:39:33Z</time><extensions><speed>0.394028</speed><course>356.449838</course><hAcc>2.627199</hAcc><vAcc>0.794496</vAcc></extensions></trkpt>
      <trkpt lon="-77.062895" lat="38.905554"><ele>25.053647</ele><time>2026-04-02T14:39:34Z</time><extensions><speed>0.372527</speed><course>356.304762</course><hAcc>2.651989</hAcc><vAcc>0.778090</vAcc></extensions></trkpt>
      <trkpt lon="-77.062896" lat="38.905557"><ele>25.079755</ele><time>2026-04-02T14:39:35Z</time><extensions><speed>0.352689</speed><course>356.256635</course><hAcc>2.679667</hAcc><vAcc>0.765867</vAcc></extensions></trkpt>
      <trkpt lon="-77.062896" lat="38.905561"><ele>25.104110</ele><time>2026-04-02T14:39:36Z</time><extensions><speed>0.334133</speed><course>356.210472</course><hAcc>2.710310</hAcc><vAcc>0.757076</vAcc></extensions></trkpt>
      <trkpt lon="-77.062896" lat="38.905563"><ele>25.127058</ele><time>2026-04-02T14:39:37Z</time><extensions><speed>0.317119</speed><course>356.166589</course><hAcc>2.743936</hAcc><vAcc>0.750985</vAcc></extensions></trkpt>
      <trkpt lon="-77.062896" lat="38.905566"><ele>25.148844</ele><time>2026-04-02T14:39:38Z</time><extensions><speed>0.301525</speed><course>356.062301</course><hAcc>2.780496</hAcc><vAcc>0.746936</vAcc></extensions></trkpt>
      <trkpt lon="-77.062897" lat="38.905569"><ele>25.169559</ele><time>2026-04-02T14:39:39Z</time><extensions><speed>0.288024</speed><course>355.829404</course><hAcc>2.819955</hAcc><vAcc>0.744378</vAcc></extensions></trkpt>
      <trkpt lon="-77.062897" lat="38.905571"><ele>25.189121</ele><time>2026-04-02T14:39:40Z</time><extensions><speed>0.277464</speed><course>355.441002</course><hAcc>2.862540</hAcc><vAcc>0.742875</vAcc></extensions></trkpt>
      <trkpt lon="-77.062897" lat="38.905574"><ele>25.207279</ele><time>2026-04-02T14:39:41Z</time><extensions><speed>0.268375</speed><course>354.852812</course><hAcc>2.908733</hAcc><vAcc>0.742102</vAcc></extensions></trkpt>
      <trkpt lon="-77.062897" lat="38.905576"><ele>25.223648</ele><time>2026-04-02T14:39:42Z</time><extensions><speed>0.260074</speed><course>353.964172</course><hAcc>2.958966</hAcc><vAcc>0.741832</vAcc></extensions></trkpt>
      <trkpt lon="-77.062898" lat="38.905579"><ele>25.237833</ele><time>2026-04-02T14:39:43Z</time><extensions><speed>0.252393</speed><course>352.758276</course><hAcc>3.013584</hAcc><vAcc>0.741923</vAcc></extensions></trkpt>
      <trkpt lon="-77.062898" lat="38.905581"><ele>25.250096</ele><time>2026-04-02T14:39:45Z</time><extensions><speed>0.244095</speed><course>350.941071</course><hAcc>3.076188</hAcc><vAcc>0.741373</vAcc></extensions></trkpt>
      <trkpt lon="-77.062899" lat="38.905583"><ele>25.258183</ele><time>2026-04-02T14:39:46Z</time><extensions><speed>0.237718</speed><course>349.094892</course><hAcc>3.135179</hAcc><vAcc>0.740924</vAcc></extensions></trkpt>
      <trkpt lon="-77.062899" lat="38.905585"><ele>25.264051</ele><time>2026-04-02T14:39:47Z</time><extensions><speed>0.230736</speed><course>346.547580</course><hAcc>3.203658</hAcc><vAcc>0.741270</vAcc></extensions></trkpt>
      <trkpt lon="-77.062900" lat="38.905587"><ele>25.266866</ele><time>2026-04-02T14:39:48Z</time><extensions><speed>0.224012</speed><course>343.404545</course><hAcc>3.276721</hAcc><vAcc>0.741672</vAcc></extensions></trkpt>
      <trkpt lon="-77.062901" lat="38.905589"><ele>25.266710</ele><time>2026-04-02T14:39:49Z</time><extensions><speed>0.218166</speed><course>339.788885</course><hAcc>3.354291</hAcc><vAcc>0.742143</vAcc></extensions></trkpt>
      <trkpt lon="-77.062902" lat="38.905591"><ele>25.263814</ele><time>2026-04-02T14:39:50Z</time><extensions><speed>0.213470</speed><course>335.730689</course><hAcc>3.436372</hAcc><vAcc>0.742696</vAcc></extensions></trkpt>
      <trkpt lon="-77.062903" lat="38.905592"><ele>25.258548</ele><time>2026-04-02T14:39:51Z</time><extensions><speed>0.210177</speed><course>331.303475</course><hAcc>3.523080</hAcc><vAcc>0.743344</vAcc></extensions></trkpt>
      <trkpt lon="-77.062904" lat="38.905594"><ele>25.251336</ele><time>2026-04-02T14:39:52Z</time><extensions><speed>0.208329</speed><course>326.385383</course><hAcc>3.614665</hAcc><vAcc>0.744094</vAcc></extensions></trkpt>
      <trkpt lon="-77.062905" lat="38.905595"><ele>25.242600</ele><time>2026-04-02T14:39:53Z</time><extensions><speed>0.208443</speed><course>321.341655</course><hAcc>3.711503</hAcc><vAcc>0.744945</vAcc></extensions></trkpt>
      <trkpt lon="-77.062907" lat="38.905597"><ele>25.232757</ele><time>2026-04-02T14:39:54Z</time><extensions><speed>0.210460</speed><course>316.337958</course><hAcc>3.814047</hAcc><vAcc>0.745883</vAcc></extensions></trkpt>
      <trkpt lon="-77.062909" lat="38.905598"><ele>25.222208</ele><time>2026-04-02T14:39:55Z</time><extensions><speed>0.214207</speed><course>311.527998</course><hAcc>3.922772</hAcc><vAcc>0.746888</vAcc></extensions></trkpt>
      <trkpt lon="-77.062911" lat="38.905599"><ele>25.211366</ele><time>2026-04-02T14:39:56Z</time><extensions><speed>0.219412</speed><course>307.038432</course><hAcc>4.038195</hAcc><vAcc>0.747934</vAcc></extensions></trkpt>
      <trkpt lon="-77.062913" lat="38.905601"><ele>25.200679</ele><time>2026-04-02T14:39:57Z</time><extensions><speed>0.225742</speed><course>302.963369</course><hAcc>4.160914</hAcc><vAcc>0.748998</vAcc></extensions></trkpt>
      <trkpt lon="-77.062915" lat="38.905602"><ele>25.190591</ele><time>2026-04-02T14:39:58Z</time><extensions><speed>0.232811</speed><course>299.360278</course><hAcc>4.291605</hAcc><vAcc>0.750082</vAcc></extensions></trkpt>
      <trkpt lon="-77.062917" lat="38.905603"><ele>25.181529</ele><time>2026-04-02T14:39:59Z</time><extensions><speed>0.240199</speed><course>296.253495</course><hAcc>4.431034</hAcc><vAcc>0.751243</vAcc></extensions></trkpt>
      <trkpt lon="-77.062920" lat="38.905604"><ele>25.173893</ele><time>2026-04-02T14:40:00Z</time><extensions><speed>0.247489</speed><course>293.643340</course><hAcc>4.580052</hAcc><vAcc>0.752637</vAcc></extensions></trkpt>
      <trkpt lon="-77.062923" lat="38.905604"><ele>25.168004</ele><time>2026-04-02T14:40:01Z</time><extensions><speed>0.254284</speed><course>291.517429</course><hAcc>4.739577</hAcc><vAcc>0.754593</vAcc></extensions></trkpt>
      <trkpt lon="-77.062925" lat="38.905605"><ele>25.164041</ele><time>2026-04-02T14:40:02Z</time><extensions><speed>0.260659</speed><course>289.646759</course><hAcc>4.910586</hAcc><vAcc>0.757700</vAcc></extensions></trkpt>
      <trkpt lon="-77.062928" lat="38.905606"><ele>25.162002</ele><time>2026-04-02T14:40:03Z</time><extensions><speed>0.265861</speed><course>288.243550</course><hAcc>5.094090</hAcc><vAcc>0.762931</vAcc></extensions></trkpt>
      <trkpt lon="-77.062931" lat="38.905607"><ele>25.161722</ele><time>2026-04-02T14:40:04Z</time><extensions><speed>0.269857</speed><course>287.222284</course><hAcc>5.291146</hAcc><vAcc>0.771771</vAcc></extensions></trkpt>
      <trkpt lon="-77.062934" lat="38.905607"><ele>25.162965</ele><time>2026-04-02T14:40:05Z</time><extensions><speed>0.272292</speed><course>286.601619</course><hAcc>5.502796</hAcc><vAcc>0.786345</vAcc></extensions></trkpt>
      <trkpt lon="-77.062937" lat="38.905608"><ele>25.165494</ele><time>2026-04-02T14:40:06Z</time><extensions><speed>0.272961</speed><course>286.371315</course><hAcc>5.729984</hAcc><vAcc>0.809473</vAcc></extensions></trkpt>
      <trkpt lon="-77.062941" lat="38.905609"><ele>25.169435</ele><time>2026-04-02T14:40:07Z</time><extensions><speed>0.271537</speed><course>286.543005</course><hAcc>5.991920</hAcc><vAcc>0.847077</vAcc></extensions></trkpt>
      <trkpt lon="-77.062943" lat="38.905610"><ele>25.174018</ele><time>2026-04-02T14:40:08Z</time><extensions><speed>0.269099</speed><course>286.831841</course><hAcc>6.251632</hAcc><vAcc>0.897935</vAcc></extensions></trkpt>
      <trkpt lon="-77.062946" lat="38.905610"><ele>25.179319</ele><time>2026-04-02T14:40:09Z</time><extensions><speed>0.266117</speed><course>287.189035</course><hAcc>6.531124</hAcc><vAcc>0.969231</vAcc></extensions></trkpt>
      <trkpt lon="-77.062949" lat="38.905611"><ele>25.185060</ele><time>2026-04-02T14:40:10Z</time><extensions><speed>0.263279</speed><course>287.450176</course><hAcc>6.828529</hAcc><vAcc>1.063580</vAcc></extensions></trkpt>
      <trkpt lon="-77.062952" lat="38.905612"><ele>25.191022</ele><time>2026-04-02T14:40:11Z</time><extensions><speed>0.260614</speed><course>287.570309</course><hAcc>7.145035</hAcc><vAcc>1.183499</vAcc></extensions></trkpt>
      <trkpt lon="-77.062955" lat="38.905612"><ele>25.197041</ele><time>2026-04-02T14:40:12Z</time><extensions><speed>0.258199</speed><course>287.524889</course><hAcc>7.480014</hAcc><vAcc>1.329908</vAcc></extensions></trkpt>
    </trkseg>
  </trk>
</gpx>