<?xml version="1.0" encoding="UTF-8"?>
<gpx version="1.1" creator="Apple Health Export" xmlns="http://www.topografix.com/GPX/1/1" xmlns:xsi="http://www.w3.org/2001/XMLSchema-instance" xsi:schemaLocation="http://www.topografix.com/GPX/1/1 http://www.topografix.com/GPX/1/1/gpx.xsd">
  <metadata>
    <time>2026-04-21T05:05:50Z</time>
  </metadata>
  <trk>
    <name>Route 2022-02-23 5:53pm</name>
    <trkseg>
      <trkpt lon="-76.446922" lat="39.344726"><ele>19.008266</ele><time>2022-02-23T22:11:42Z</time><extensions><speed>1.227477</speed><course>84.434807</course><hAcc>3.527800</hAcc><vAcc>2.546343</vAcc></extensions></trkpt>
      <trkpt lon="-76.446906" lat="39.344730"><ele>19.005001</ele><time>2022-02-23T22:11:43Z</time><extensions><speed>1.212774</speed><course>82.800537</course><hAcc>2.920997</hAcc><vAcc>2.326242</vAcc></extensions></trkpt>
      <trkpt lon="-76.446895" lat="39.344734"><ele>19.001562</ele><time>2022-02-23T22:11:44Z</time><extensions><speed>1.194376</speed><course>81.209755</course><hAcc>2.666897</hAcc><vAcc>2.185219</vAcc></extensions></trkpt>
      <trkpt lon="-76.446883" lat="39.344739"><ele>18.998484</ele><time>2022-02-23T22:11:45Z</time><extensions><speed>1.146754</speed><course>82.201859</course><hAcc>2.473410</hAcc><vAcc>2.044382</vAcc></extensions></trkpt>
      <trkpt lon="-76.446872" lat="39.344743"><ele>18.995590</ele><time>2022-02-23T22:11:46Z</time><extensions><speed>1.163950</speed><course>79.437965</course><hAcc>2.304248</hAcc><vAcc>1.922296</vAcc></extensions></trkpt>
      <trkpt lon="-76.446860" lat="39.344747"><ele>18.995644</ele><time>2022-02-23T22:11:47Z</time><extensions><speed>1.101691</speed><course>68.553047</course><hAcc>2.168999</hAcc><vAcc>1.828544</vAcc></extensions></trkpt>
      <trkpt lon="-76.446850" lat="39.344751"><ele>18.996017</ele><time>2022-02-23T22:11:48Z</time><extensions><speed>0.959939</speed><course>65.539520</course><hAcc>2.074759</hAcc><vAcc>1.763290</vAcc></extensions></trkpt>
      <trkpt lon="-76.446843" lat="39.344756"><ele>19.000729</ele><time>2022-02-23T22:11:49Z</time><extensions><speed>0.932835</speed><course>61.389198</course><hAcc>1.964679</hAcc><vAcc>1.696510</vAcc></extensions></trkpt>
      <trkpt lon="-76.446837" lat="39.344761"><ele>18.858118</ele><time>2022-02-23T22:11:50Z</time><extensions><speed>0.971562</speed><course>51.013599</course><hAcc>1.866566</hAcc><vAcc>1.574862</vAcc></extensions></trkpt>
      <trkpt lon="-76.446830" lat="39.344767"><ele>18.760393</ele><time>2022-02-23T22:11:50Z</time><extensions><speed>1.095261</speed><course>49.707214</course><hAcc>1.807068</hAcc><vAcc>1.487406</vAcc></extensions></trkpt>
      <trkpt lon="-76.446823" lat="39.344775"><ele>18.786350</ele><time>2022-02-23T22:11:51Z</time><extensions><speed>1.183399</speed><course>39.519329</course><hAcc>1.743393</hAcc><vAcc>1.413401</vAcc></extensions></trkpt>
      <trkpt lon="-76.446816" lat="39.344784"><ele>18.803045</ele><time>2022-02-23T22:11:52Z</time><extensions><speed>1.199667</speed><course>24.956203</course><hAcc>1.682138</hAcc><vAcc>1.347610</vAcc></extensions></trkpt>
      <trkpt lon="-76.446812" lat="39.344795"><ele>18.842453</ele><time>2022-02-23T22:11:53Z</time><extensions><speed>1.306351</speed><course>18.114101</course><hAcc>1.659561</hAcc><vAcc>1.287134</vAcc></extensions></trkpt>
      <trkpt lon="-76.446807" lat="39.344806"><ele>18.863115</ele><time>2022-02-23T22:11:54Z</time><extensions><speed>1.298250</speed><course>21.514757</course><hAcc>1.642699</hAcc><vAcc>1.230131</vAcc></extensions></trkpt>
      <trkpt lon="-76.446800" lat="39.344816"><ele>18.925154</ele><time>2022-02-23T22:11:55Z</time><extensions><speed>1.290524</speed><course>31.951317</course><hAcc>1.643365</hAcc><vAcc>1.175811</vAcc></extensions></trkpt>
      <trkpt lon="-76.446791" lat="39.344827"><ele>18.972492</ele><time>2022-02-23T22:11:56Z</time><extensions><speed>1.501966</speed><course>37.884377</course><hAcc>1.643454</hAcc><vAcc>1.123531</vAcc></extensions></trkpt>
      <trkpt lon="-76.446781" lat="39.344838"><ele>19.027191</ele><time>2022-02-23T22:11:57Z</time><extensions><speed>1.469743</speed><course>32.609631</course><hAcc>1.647339</hAcc><vAcc>1.073215</vAcc></extensions></trkpt>
      <trkpt lon="-76.446775" lat="39.344849"><ele>19.082916</ele><time>2022-02-23T22:11:58Z</time><extensions><speed>1.285381</speed><course>13.580246</course><hAcc>1.652490</hAcc><vAcc>1.025325</vAcc></extensions></trkpt>
      <trkpt lon="-76.446774" lat="39.344860"><ele>19.147362</ele><time>2022-02-23T22:11:59Z</time><extensions><speed>1.267845</speed><course>347.946716</course><hAcc>1.599252</hAcc><vAcc>0.980852</vAcc></extensions></trkpt>
      <trkpt lon="-76.446780" lat="39.344871"><ele>19.241745</ele><time>2022-02-23T22:12:00Z</time><extensions><speed>1.436544</speed><course>333.592743</course><hAcc>1.630954</hAcc><vAcc>0.940991</vAcc></extensions></trkpt>
      <trkpt lon="-76.446788" lat="39.344883"><ele>19.351143</ele><time>2022-02-23T22:12:01Z</time><extensions><speed>1.419672</speed><course>327.254364</course><hAcc>1.721768</hAcc><vAcc>0.906611</vAcc></extensions></trkpt>
      <trkpt lon="-76.446797" lat="39.344893"><ele>19.456734</ele><time>2022-02-23T22:12:02Z</time><extensions><speed>1.446406</speed><course>326.154114</course><hAcc>1.730490</hAcc><vAcc>0.878040</vAcc></extensions></trkpt>
      <trkpt lon="-76.446806" lat="39.344904"><ele>19.558500</ele><time>2022-02-23T22:12:03Z</time><extensions><speed>1.356196</speed><course>328.904724</course><hAcc>1.731245</hAcc><vAcc>0.855169</vAcc></extensions></trkpt>
      <trkpt lon="-76.446813" lat="39.344914"><ele>19.642406</ele><time>2022-02-23T22:12:04Z</time><extensions><speed>1.292482</speed><course>332.627136</course><hAcc>1.735477</hAcc><vAcc>0.837549</vAcc></extensions></trkpt>
      <trkpt lon="-76.446820" lat="39.344925"><ele>19.736696</ele><time>2022-02-23T22:12:05Z</time><extensions><speed>1.221463</speed><course>334.712219</course><hAcc>1.756242</hAcc><vAcc>0.824485</vAcc></extensions></trkpt>
      <trkpt lon="-76.446825" lat="39.344934"><ele>19.829401</ele><time>2022-02-23T22:12:06Z</time><extensions><speed>1.179727</speed><course>337.383850</course><hAcc>1.760118</hAcc><vAcc>0.815206</vAcc></extensions></trkpt>
      <trkpt lon="-76.446830" lat="39.344944"><ele>19.875465</ele><time>2022-02-23T22:12:07Z</time><extensions><speed>1.157958</speed><course>339.685242</course><hAcc>1.739285</hAcc><vAcc>0.808923</vAcc></extensions></trkpt>
      <trkpt lon="-76.446835" lat="39.344954"><ele>19.873217</ele><time>2022-02-23T22:12:09Z</time><extensions><speed>1.127500</speed><course>339.544159</course><hAcc>1.722059</hAcc><vAcc>0.804856</vAcc></extensions></trkpt>
      <trkpt lon="-76.446840" lat="39.344964"><ele>19.847216</ele><time>2022-02-23T22:12:10Z</time><extensions><speed>1.186303</speed><course>340.139496</course><hAcc>1.713283</hAcc><vAcc>0.802437</vAcc></extensions></trkpt>
      <trkpt lon="-76.446845" lat="39.344974"><ele>19.786720</ele><time>2022-02-23T22:12:11Z</time><extensions><speed>1.287080</speed><course>338.730865</course><hAcc>1.712997</hAcc><vAcc>0.801102</vAcc></extensions></trkpt>
      <trkpt lon="-76.446850" lat="39.344985"><ele>19.751556</ele><time>2022-02-23T22:12:12Z</time><extensions><speed>1.372065</speed><course>338.434601</course><hAcc>1.713096</hAcc><vAcc>0.800492</vAcc></extensions></trkpt>
      <trkpt lon="-76.446856" lat="39.344997"><ele>19.705242</ele><time>2022-02-23T22:12:13Z</time><extensions><speed>1.441990</speed><course>337.612061</course><hAcc>1.698817</hAcc><vAcc>0.800336</vAcc></extensions></trkpt>
      <trkpt lon="-76.446863" lat="39.345009"><ele>19.628654</ele><time>2022-02-23T22:12:14Z</time><extensions><speed>1.422042</speed><course>335.948761</course><hAcc>1.683435</hAcc><vAcc>0.800372</vAcc></extensions></trkpt>
      <trkpt lon="-76.446870" lat="39.345021"><ele>19.533625</ele><time>2022-02-23T22:12:15Z</time><extensions><speed>1.402645</speed><course>333.673035</course><hAcc>1.659570</hAcc><vAcc>0.800510</vAcc></extensions></trkpt>
      <trkpt lon="-76.446877" lat="39.345032"><ele>19.422377</ele><time>2022-02-23T22:12:16Z</time><extensions><speed>1.391837</speed><course>331.810059</course><hAcc>1.634378</hAcc><vAcc>0.800626</vAcc></extensions></trkpt>
      <trkpt lon="-76.446885" lat="39.345043"><ele>19.340530</ele><time>2022-02-23T22:12:17Z</time><extensions><speed>1.417412</speed><course>330.021088</course><hAcc>1.629680</hAcc><vAcc>0.800712</vAcc></extensions></trkpt>
      <trkpt lon="-76.446893" lat="39.345053"><ele>19.261620</ele><time>2022-02-23T22:12:18Z</time><extensions><speed>1.285172</speed><course>329.117584</course><hAcc>1.654850</hAcc><vAcc>0.800751</vAcc></extensions></trkpt>
      <trkpt lon="-76.446901" lat="39.345063"><ele>19.197845</ele><time>2022-02-23T22:12:19Z</time><extensions><speed>1.260675</speed><course>329.746246</course><hAcc>1.631441</hAcc><vAcc>0.800740</vAcc></extensions></trkpt>
      <trkpt lon="-76.446908" lat="39.345073"><ele>19.151424</ele><time>2022-02-23T22:12:20Z</time><extensions><speed>1.231493</speed><course>330.476990</course><hAcc>1.649145</hAcc><vAcc>0.800649</vAcc></extensions></trkpt>
      <trkpt lon="-76.446915" lat="39.345083"><ele>19.111572</ele><time>2022-02-23T22:12:21Z</time><extensions><speed>1.339889</speed><course>331.766968</course><hAcc>1.615727</hAcc><vAcc>0.800504</vAcc></extensions></trkpt>
      <trkpt lon="-76.446923" lat="39.345094"><ele>19.077869</ele><time>2022-02-23T22:12:22Z</time><extensions><speed>1.418676</speed><course>331.638306</course><hAcc>1.613841</hAcc><vAcc>0.800296</vAcc></extensions></trkpt>
      <trkpt lon="-76.446931" lat="39.345105"><ele>19.054987</ele><time>2022-02-23T22:12:23Z</time><extensions><speed>1.377841</speed><course>328.355865</course><hAcc>1.636052</hAcc><vAcc>0.800111</vAcc></extensions></trkpt>
      <trkpt lon="-76.446941" lat="39.345115"><ele>19.011038</ele><time>2022-02-23T22:12:24Z</time><extensions><speed>1.436193</speed><course>322.112396</course><hAcc>1.652813</hAcc><vAcc>0.799904</vAcc></extensions></trkpt>
      <trkpt lon="-76.446951" lat="39.345125"><ele>18.967192</ele><time>2022-02-23T22:12:25Z</time><extensions><speed>1.401999</speed><course>317.776611</course><hAcc>1.686969</hAcc><vAcc>0.799735</vAcc></extensions></trkpt>
      <trkpt lon="-76.446962" lat="39.345134"><ele>18.983854</ele><time>2022-02-23T22:12:26Z</time><extensions><speed>1.366174</speed><course>314.148956</course><hAcc>1.685988</hAcc><vAcc>0.799564</vAcc></extensions></trkpt>
      <trkpt lon="-76.446974" lat="39.345142"><ele>19.019609</ele><time>2022-02-23T22:12:27Z</time><extensions><speed>1.261092</speed><course>310.486633</course><hAcc>1.699108</hAcc><vAcc>0.799410</vAcc></extensions></trkpt>
      <trkpt lon="-76.446984" lat="39.345148"><ele>19.058851</ele><time>2022-02-23T22:12:28Z</time><extensions><speed>1.121893</speed><course>305.622772</course><hAcc>1.703513</hAcc><vAcc>0.799259</vAcc></extensions></trkpt>
      <trkpt lon="-76.446995" lat="39.345154"><ele>19.127079</ele><time>2022-02-23T22:12:29Z</time><extensions><speed>1.063331</speed><course>299.654846</course><hAcc>1.698031</hAcc><vAcc>0.799136</vAcc></extensions></trkpt>
      <trkpt lon="-76.447006" lat="39.345158"><ele>19.197430</ele><time>2022-02-23T22:12:30Z</time><extensions><speed>1.104675</speed><course>294.542572</course><hAcc>1.684344</hAcc><vAcc>0.799019</vAcc></extensions></trkpt>
      <trkpt lon="-76.447018" lat="39.345162"><ele>19.288727</ele><time>2022-02-23T22:12:31Z</time><extensions><speed>1.127845</speed><course>293.544678</course><hAcc>1.670158</hAcc><vAcc>0.798929</vAcc></extensions></trkpt>
      <trkpt lon="-76.447031" lat="39.345167"><ele>19.385805</ele><time>2022-02-23T22:12:32Z</time><extensions><speed>1.301483</speed><course>297.376831</course><hAcc>1.677600</hAcc><vAcc>0.798870</vAcc></extensions></trkpt>
      <trkpt lon="-76.447044" lat="39.345173"><ele>19.492346</ele><time>2022-02-23T22:12:33Z</time><extensions><speed>1.305550</speed><course>306.674713</course><hAcc>1.712060</hAcc><vAcc>0.798843</vAcc></extensions></trkpt>
      <trkpt lon="-76.447056" lat="39.345180"><ele>19.603020</ele><time>2022-02-23T22:12:34Z</time><extensions><speed>1.274440</speed><course>302.713745</course><hAcc>1.680667</hAcc><vAcc>0.798835</vAcc></extensions></trkpt>
      <trkpt lon="-76.447068" lat="39.345186"><ele>19.725111</ele><time>2022-02-23T22:12:35Z</time><extensions><speed>1.235675</speed><course>302.053131</course><hAcc>1.687392</hAcc><vAcc>0.798844</vAcc></extensions></trkpt>
      <trkpt lon="-76.447080" lat="39.345192"><ele>19.838102</ele><time>2022-02-23T22:12:36Z</time><extensions><speed>1.322719</speed><course>305.762573</course><hAcc>1.656377</hAcc><vAcc>0.798882</vAcc></extensions></trkpt>
      <trkpt lon="-76.447093" lat="39.345199"><ele>19.950485</ele><time>2022-02-23T22:12:37Z</time><extensions><speed>1.313984</speed><course>308.267059</course><hAcc>1.651260</hAcc><vAcc>0.799014</vAcc></extensions></trkpt>
      <trkpt lon="-76.447104" lat="39.345207"><ele>20.068724</ele><time>2022-02-23T22:12:38Z</time><extensions><speed>1.218848</speed><course>309.018158</course><hAcc>1.678063</hAcc><vAcc>0.799220</vAcc></extensions></trkpt>
      <trkpt lon="-76.447115" lat="39.345213"><ele>20.203375</ele><time>2022-02-23T22:12:39Z</time><extensions><speed>1.161348</speed><course>309.544373</course><hAcc>1.714164</hAcc><vAcc>0.799500</vAcc></extensions></trkpt>
      <trkpt lon="-76.447124" lat="39.345220"><ele>20.327822</ele><time>2022-02-23T22:12:40Z</time><extensions><speed>1.046916</speed><course>310.248138</course><hAcc>1.699703</hAcc><vAcc>0.799891</vAcc></extensions></trkpt>
      <trkpt lon="-76.447133" lat="39.345226"><ele>20.493319</ele><time>2022-02-23T22:12:41Z</time><extensions><speed>1.046170</speed><course>315.937866</course><hAcc>1.694904</hAcc><vAcc>0.800305</vAcc></extensions></trkpt>
      <trkpt lon="-76.447141" lat="39.345234"><ele>20.618614</ele><time>2022-02-23T22:12:42Z</time><extensions><speed>1.176768</speed><course>321.393097</course><hAcc>1.691095</hAcc><vAcc>0.800748</vAcc></extensions></trkpt>
      <trkpt lon="-76.447149" lat="39.345243"><ele>20.724579</ele><time>2022-02-23T22:12:43Z</time><extensions><speed>1.245113</speed><course>327.489594</course><hAcc>1.685180</hAcc><vAcc>0.801219</vAcc></extensions></trkpt>
      <trkpt lon="-76.447157" lat="39.345253"><ele>20.818300</ele><time>2022-02-23T22:12:44Z</time><extensions><speed>1.381649</speed><course>329.735107</course><hAcc>1.660025</hAcc><vAcc>0.801728</vAcc></extensions></trkpt>
      <trkpt lon="-76.447164" lat="39.345264"><ele>20.932470</ele><time>2022-02-23T22:12:45Z</time><extensions><speed>1.439743</speed><course>333.245789</course><hAcc>1.633097</hAcc><vAcc>0.802285</vAcc></extensions></trkpt>
      <trkpt lon="-76.447171" lat="39.345277"><ele>21.042454</ele><time>2022-02-23T22:12:46Z</time><extensions><speed>1.520042</speed><course>340.411011</course><hAcc>1.621383</hAcc><vAcc>0.802858</vAcc></extensions></trkpt>
      <trkpt lon="-76.447175" lat="39.345289"><ele>21.149450</ele><time>2022-02-23T22:12:47Z</time><extensions><speed>1.435372</speed><course>347.074677</course><hAcc>1.634429</hAcc><vAcc>0.803486</vAcc></extensions></trkpt>
      <trkpt lon="-76.447177" lat="39.345302"><ele>21.316673</ele><time>2022-02-23T22:12:48Z</time><extensions><speed>1.505404</speed><course>4.036965</course><hAcc>1.642021</hAcc><vAcc>0.804131</vAcc></extensions></trkpt>
      <trkpt lon="-76.447171" lat="39.345316"><ele>21.470572</ele><time>2022-02-23T22:12:49Z</time><extensions><speed>1.656587</speed><course>27.605646</course><hAcc>1.621648</hAcc><vAcc>0.804685</vAcc></extensions></trkpt>
      <trkpt lon="-76.447161" lat="39.345328"><ele>21.627398</ele><time>2022-02-23T22:12:50Z</time><extensions><speed>1.613764</speed><course>40.401600</course><hAcc>1.625471</hAcc><vAcc>0.805146</vAcc></extensions></trkpt>
      <trkpt lon="-76.447148" lat="39.345339"><ele>21.792074</ele><time>2022-02-23T22:12:51Z</time><extensions><speed>1.566310</speed><course>44.916836</course><hAcc>1.612027</hAcc><vAcc>0.805541</vAcc></extensions></trkpt>
      <trkpt lon="-76.447135" lat="39.345348"><ele>21.958166</ele><time>2022-02-23T22:12:52Z</time><extensions><speed>1.512000</speed><course>46.637722</course><hAcc>1.624019</hAcc><vAcc>0.805876</vAcc></extensions></trkpt>
      <trkpt lon="-76.447123" lat="39.345358"><ele>22.108770</ele><time>2022-02-23T22:12:53Z</time><extensions><speed>1.469862</speed><course>45.845093</course><hAcc>1.647024</hAcc><vAcc>0.806205</vAcc></extensions></trkpt>
      <trkpt lon="-76.447110" lat="39.345367"><ele>22.229593</ele><time>2022-02-23T22:12:54Z</time><extensions><speed>1.549775</speed><course>45.759468</course><hAcc>1.658745</hAcc><vAcc>0.806463</vAcc></extensions></trkpt>
      <trkpt lon="-76.447097" lat="39.345377"><ele>22.354254</ele><time>2022-02-23T22:12:55Z</time><extensions><speed>1.578356</speed><course>45.458748</course><hAcc>1.655745</hAcc><vAcc>0.806683</vAcc></extensions></trkpt>
      <trkpt lon="-76.447084" lat="39.345387"><ele>22.485992</ele><time>2022-02-23T22:12:56Z</time><extensions><speed>1.634729</speed><course>46.012058</course><hAcc>1.641237</hAcc><vAcc>0.806845</vAcc></extensions></trkpt>
      <trkpt lon="-76.447070" lat="39.345397"><ele>22.588238</ele><time>2022-02-23T22:12:57Z</time><extensions><speed>1.754196</speed><course>48.223946</course><hAcc>1.634901</hAcc><vAcc>0.806949</vAcc></extensions></trkpt>
      <trkpt lon="-76.447055" lat="39.345407"><ele>22.662495</ele><time>2022-02-23T22:12:58Z</time><extensions><speed>1.594458</speed><course>48.550827</course><hAcc>1.650510</hAcc><vAcc>0.806955</vAcc></extensions></trkpt>
      <trkpt lon="-76.447041" lat="39.345417"><ele>22.736757</ele><time>2022-02-23T22:12:59Z</time><extensions><speed>1.539915</speed><course>48.645435</course><hAcc>1.658518</hAcc><vAcc>0.806920</vAcc></extensions></trkpt>
      <trkpt lon="-76.447027" lat="39.345426"><ele>22.792738</ele><time>2022-02-23T22:13:00Z</time><extensions><speed>1.587454</speed><course>51.298576</course><hAcc>1.634543</hAcc><vAcc>0.806864</vAcc></extensions></trkpt>
      <trkpt lon="-76.447013" lat="39.345434"><ele>22.843307</ele><time>2022-02-23T22:13:01Z</time><extensions><speed>1.522774</speed><course>54.648113</course><hAcc>1.647620</hAcc><vAcc>0.806716</vAcc></extensions></trkpt>
      <trkpt lon="-76.446999" lat="39.345442"><ele>22.883184</ele><time>2022-02-23T22:13:02Z</time><extensions><speed>1.507931</speed><course>56.627705</course><hAcc>1.641554</hAcc><vAcc>0.806461</vAcc></extensions></trkpt>
      <trkpt lon="-76.446984" lat="39.345449"><ele>22.891102</ele><time>2022-02-23T22:13:03Z</time><extensions><speed>1.434037</speed><course>56.148914</course><hAcc>1.654808</hAcc><vAcc>0.806079</vAcc></extensions></trkpt>
      <trkpt lon="-76.446971" lat="39.345456"><ele>22.899742</ele><time>2022-02-23T22:13:04Z</time><extensions><speed>1.340331</speed><course>57.038757</course><hAcc>1.660082</hAcc><vAcc>0.805638</vAcc></extensions></trkpt>
      <trkpt lon="-76.446958" lat="39.345463"><ele>22.894552</ele><time>2022-02-23T22:13:05Z</time><extensions><speed>1.279319</speed><course>56.946735</course><hAcc>1.665112</hAcc><vAcc>0.805044</vAcc></extensions></trkpt>
      <trkpt lon="-76.446946" lat="39.345469"><ele>22.888687</ele><time>2022-02-23T22:13:06Z</time><extensions><speed>1.321667</speed><course>54.861111</course><hAcc>1.658590</hAcc><vAcc>0.804372</vAcc></extensions></trkpt>
      <trkpt lon="-76.446933" lat="39.345476"><ele>22.883120</ele><time>2022-02-23T22:13:07Z</time><extensions><speed>1.385621</speed><course>54.045723</course><hAcc>1.642775</hAcc><vAcc>0.803744</vAcc></extensions></trkpt>
      <trkpt lon="-76.446919" lat="39.345484"><ele>22.868504</ele><time>2022-02-23T22:13:08Z</time><extensions><speed>1.481167</speed><course>54.322178</course><hAcc>1.632350</hAcc><vAcc>0.803061</vAcc></extensions></trkpt>
      <trkpt lon="-76.446905" lat="39.345492"><ele>22.880737</ele><time>2022-02-23T22:13:09Z</time><extensions><speed>1.562683</speed><course>56.101021</course><hAcc>1.652451</hAcc><vAcc>0.802406</vAcc></extensions></trkpt>
      <trkpt lon="-76.446890" lat="39.345499"><ele>22.845785</ele><time>2022-02-23T22:13:10Z</time><extensions><speed>1.474685</speed><course>59.835934</course><hAcc>1.676724</hAcc><vAcc>0.801737</vAcc></extensions></trkpt>
      <trkpt lon="-76.446876" lat="39.345505"><ele>22.819683</ele><time>2022-02-23T22:13:11Z</time><extensions><speed>1.372562</speed><course>58.119015</course><hAcc>1.666065</hAcc><vAcc>0.801087</vAcc></extensions></trkpt>
      <trkpt lon="-76.446862" lat="39.345512"><ele>22.802147</ele><time>2022-02-23T22:13:12Z</time><extensions><speed>1.356538</speed><course>55.176140</course><hAcc>1.637052</hAcc><vAcc>0.800432</vAcc></extensions></trkpt>
      <trkpt lon="-76.446850" lat="39.345519"><ele>22.791498</ele><time>2022-02-23T22:13:13Z</time><extensions><speed>1.346075</speed><course>54.767559</course><hAcc>1.645955</hAcc><vAcc>0.799846</vAcc></extensions></trkpt>
      <trkpt lon="-76.446837" lat="39.345526"><ele>22.771526</ele><time>2022-02-23T22:13:14Z</time><extensions><speed>1.351507</speed><course>56.073505</course><hAcc>1.671048</hAcc><vAcc>0.799246</vAcc></extensions></trkpt>
      <trkpt lon="-76.446823" lat="39.345533"><ele>22.761013</ele><time>2022-02-23T22:13:15Z</time><extensions><speed>1.388346</speed><course>57.707069</course><hAcc>1.682500</hAcc><vAcc>0.798611</vAcc></extensions></trkpt>
      <trkpt lon="-76.446809" lat="39.345540"><ele>22.751097</ele><time>2022-02-23T22:13:16Z</time><extensions><speed>1.466858</speed><course>59.041073</course><hAcc>1.697922</hAcc><vAcc>0.798023</vAcc></extensions></trkpt>
      <trkpt lon="-76.446795" lat="39.345546"><ele>22.724497</ele><time>2022-02-23T22:13:17Z</time><extensions><speed>1.454379</speed><course>58.687149</course><hAcc>1.712660</hAcc><vAcc>0.797469</vAcc></extensions></trkpt>
      <trkpt lon="-76.446780" lat="39.345553"><ele>22.687910</ele><time>2022-02-23T22:13:18Z</time><extensions><speed>1.425205</speed><course>59.234928</course><hAcc>1.702332</hAcc><vAcc>0.796972</vAcc></extensions></trkpt>
      <trkpt lon="-76.446766" lat="39.345560"><ele>22.664843</ele><time>2022-02-23T22:13:19Z</time><extensions><speed>1.376037</speed><course>58.654900</course><hAcc>1.694962</hAcc><vAcc>0.796490</vAcc></extensions></trkpt>
      <trkpt lon="-76.446753" lat="39.345566"><ele>22.660166</ele><time>2022-02-23T22:13:20Z</time><extensions><speed>1.352129</speed><course>57.254082</course><hAcc>1.687113</hAcc><vAcc>0.795999</vAcc></extensions></trkpt>
      <trkpt lon="-76.446740" lat="39.345573"><ele>22.649521</ele><time>2022-02-23T22:13:21Z</time><extensions><speed>1.361496</speed><course>56.707703</course><hAcc>1.675264</hAcc><vAcc>0.795495</vAcc></extensions></trkpt>
      <trkpt lon="-76.446726" lat="39.345580"><ele>22.641171</ele><time>2022-02-23T22:13:22Z</time><extensions><speed>1.483039</speed><course>57.135086</course><hAcc>1.683013</hAcc><vAcc>0.795019</vAcc></extensions></trkpt>
      <trkpt lon="-76.446712" lat="39.345587"><ele>22.634634</ele><time>2022-02-23T22:13:23Z</time><extensions><speed>1.457740</speed><course>56.405777</course><hAcc>1.715558</hAcc><vAcc>0.794572</vAcc></extensions></trkpt>
      <trkpt lon="-76.446698" lat="39.345594"><ele>22.629148</ele><time>2022-02-23T22:13:24Z</time><extensions><speed>1.376964</speed><course>58.201706</course><hAcc>1.671391</hAcc><vAcc>0.794165</vAcc></extensions></trkpt>
      <trkpt lon="-76.446685" lat="39.345601"><ele>22.620377</ele><time>2022-02-23T22:13:25Z</time><extensions><speed>1.328990</speed><course>56.584244</course><hAcc>1.652567</hAcc><vAcc>0.793887</vAcc></extensions></trkpt>
      <trkpt lon="-76.446672" lat="39.345607"><ele>22.615721</ele><time>2022-02-23T22:13:26Z</time><extensions><speed>1.285896</speed><course>53.532909</course><hAcc>1.668084</hAcc><vAcc>0.793737</vAcc></extensions></trkpt>
      <trkpt lon="-76.446660" lat="39.345614"><ele>22.615837</ele><time>2022-02-23T22:13:27Z</time><extensions><speed>1.278052</speed><course>51.852657</course><hAcc>1.652676</hAcc><vAcc>0.793715</vAcc></extensions></trkpt>
      <trkpt lon="-76.446649" lat="39.345621"><ele>22.632565</ele><time>2022-02-23T22:13:28Z</time><extensions><speed>1.278998</speed><course>50.821808</course><hAcc>1.660643</hAcc><vAcc>0.793849</vAcc></extensions></trkpt>
      <trkpt lon="-76.446637" lat="39.345629"><ele>22.635471</ele><time>2022-02-23T22:13:29Z</time><extensions><speed>1.320274</speed><course>51.185799</course><hAcc>1.685792</hAcc><vAcc>0.794105</vAcc></extensions></trkpt>
      <trkpt lon="-76.446625" lat="39.345636"><ele>22.658457</ele><time>2022-02-23T22:13:30Z</time><extensions><speed>1.333756</speed><course>50.260807</course><hAcc>1.645240</hAcc><vAcc>0.794457</vAcc></extensions></trkpt>
      <trkpt lon="-76.446613" lat="39.345644"><ele>22.664331</ele><time>2022-02-23T22:13:31Z</time><extensions><speed>1.419039</speed><course>51.075264</course><hAcc>1.633271</hAcc><vAcc>0.794882</vAcc></extensions></trkpt>
      <trkpt lon="-76.446600" lat="39.345653"><ele>22.664406</ele><time>2022-02-23T22:13:32Z</time><extensions><speed>1.415542</speed><course>50.160107</course><hAcc>1.653566</hAcc><vAcc>0.795363</vAcc></extensions></trkpt>
      <trkpt lon="-76.446587" lat="39.345661"><ele>22.653229</ele><time>2022-02-23T22:13:33Z</time><extensions><speed>1.460851</speed><course>47.952534</course><hAcc>1.629671</hAcc><vAcc>0.795933</vAcc></extensions></trkpt>
      <trkpt lon="-76.446575" lat="39.345670"><ele>22.661726</ele><time>2022-02-23T22:13:34Z</time><extensions><speed>1.466810</speed><course>48.067364</course><hAcc>1.634429</hAcc><vAcc>0.796536</vAcc></extensions></trkpt>
      <trkpt lon="-76.446562" lat="39.345679"><ele>22.664888</ele><time>2022-02-23T22:13:35Z</time><extensions><speed>1.435241</speed><course>47.126179</course><hAcc>1.669245</hAcc><vAcc>0.797183</vAcc></extensions></trkpt>
      <trkpt lon="-76.446550" lat="39.345687"><ele>22.657490</ele><time>2022-02-23T22:13:36Z</time><extensions><speed>1.448747</speed><course>50.199684</course><hAcc>1.639271</hAcc><vAcc>0.797805</vAcc></extensions></trkpt>
      <trkpt lon="-76.446536" lat="39.345696"><ele>22.640808</ele><time>2022-02-23T22:13:37Z</time><extensions><speed>1.523715</speed><course>51.550144</course><hAcc>1.634660</hAcc><vAcc>0.798470</vAcc></extensions></trkpt>
      <trkpt lon="-76.446523" lat="39.345704"><ele>22.646460</ele><time>2022-02-23T22:13:38Z</time><extensions><speed>1.507014</speed><course>51.451111</course><hAcc>1.658292</hAcc><vAcc>0.799115</vAcc></extensions></trkpt>
      <trkpt lon="-76.446510" lat="39.345713"><ele>22.635761</ele><time>2022-02-23T22:13:39Z</time><extensions><speed>1.458364</speed><course>46.162849</course><hAcc>1.651887</hAcc><vAcc>0.799722</vAcc></extensions></trkpt>
      <trkpt lon="-76.446498" lat="39.345722"><ele>22.660944</ele><time>2022-02-23T22:13:40Z</time><extensions><speed>1.366302</speed><course>40.480915</course><hAcc>1.637236</hAcc><vAcc>0.800344</vAcc></extensions></trkpt>
      <trkpt lon="-76.446489" lat="39.345732"><ele>22.691557</ele><time>2022-02-23T22:13:41Z</time><extensions><speed>1.407097</speed><course>34.204556</course><hAcc>1.621215</hAcc><vAcc>0.800963</vAcc></extensions></trkpt>
      <trkpt lon="-76.446480" lat="39.345743"><ele>22.670979</ele><time>2022-02-23T22:13:42Z</time><extensions><speed>1.452494</speed><course>32.341629</course><hAcc>1.609789</hAcc><vAcc>0.801629</vAcc></extensions></trkpt>
      <trkpt lon="-76.446470" lat="39.345753"><ele>22.647291</ele><time>2022-02-23T22:13:43Z</time><extensions><speed>1.445040</speed><course>34.804325</course><hAcc>1.624671</hAcc><vAcc>0.802292</vAcc></extensions></trkpt>
      <trkpt lon="-76.446460" lat="39.345764"><ele>22.629410</ele><time>2022-02-23T22:13:44Z</time><extensions><speed>1.407592</speed><course>41.156487</course><hAcc>1.643309</hAcc><vAcc>0.802901</vAcc></extensions></trkpt>
      <trkpt lon="-76.446449" lat="39.345772"><ele>22.620708</ele><time>2022-02-23T22:13:45Z</time><extensions><speed>1.263263</speed><course>50.333862</course><hAcc>1.585434</hAcc><vAcc>0.803438</vAcc></extensions></trkpt>
      <trkpt lon="-76.446438" lat="39.345779"><ele>22.611488</ele><time>2022-02-23T22:13:46Z</time><extensions><speed>1.244301</speed><course>47.455261</course><hAcc>1.575419</hAcc><vAcc>0.803924</vAcc></extensions></trkpt>
      <trkpt lon="-76.446428" lat="39.345788"><ele>22.608318</ele><time>2022-02-23T22:13:47Z</time><extensions><speed>1.363060</speed><course>40.898544</course><hAcc>1.614493</hAcc><vAcc>0.804335</vAcc></extensions></trkpt>
      <trkpt lon="-76.446417" lat="39.345797"><ele>22.612360</ele><time>2022-02-23T22:13:48Z</time><extensions><speed>1.448898</speed><course>40.952000</course><hAcc>1.581501</hAcc><vAcc>0.804654</vAcc></extensions></trkpt>
      <trkpt lon="-76.446406" lat="39.345808"><ele>22.629774</ele><time>2022-02-23T22:13:49Z</time><extensions><speed>1.495749</speed><course>38.683094</course><hAcc>1.570288</hAcc><vAcc>0.804852</vAcc></extensions></trkpt>
      <trkpt lon="-76.446396" lat="39.345818"><ele>22.663570</ele><time>2022-02-23T22:13:50Z</time><extensions><speed>1.445488</speed><course>39.327660</course><hAcc>1.598883</hAcc><vAcc>0.804988</vAcc></extensions></trkpt>
      <trkpt lon="-76.446385" lat="39.345828"><ele>22.684534</ele><time>2022-02-23T22:13:51Z</time><extensions><speed>1.432007</speed><course>35.291222</course><hAcc>1.604740</hAcc><vAcc>0.805047</vAcc></extensions></trkpt>
      <trkpt lon="-76.446377" lat="39.345839"><ele>22.686476</ele><time>2022-02-23T22:13:52Z</time><extensions><speed>1.353091</speed><course>31.414392</course><hAcc>1.643166</hAcc><vAcc>0.805021</vAcc></extensions></trkpt>
      <trkpt lon="-76.446369" lat="39.345849"><ele>22.676413</ele><time>2022-02-23T22:13:53Z</time><extensions><speed>1.266931</speed><course>28.121067</course><hAcc>1.628385</hAcc><vAcc>0.805014</vAcc></extensions></trkpt>
      <trkpt lon="-76.446363" lat="39.345859"><ele>22.681627</ele><time>2022-02-23T22:13:54Z</time><extensions><speed>1.183510</speed><course>25.399574</course><hAcc>1.627526</hAcc><vAcc>0.804955</vAcc></extensions></trkpt>
      <trkpt lon="-76.446357" lat="39.345868"><ele>22.690365</ele><time>2022-02-23T22:13:55Z</time><extensions><speed>1.191943</speed><course>27.321301</course><hAcc>1.644973</hAcc><vAcc>0.804950</vAcc></extensions></trkpt>
      <trkpt lon="-76.446350" lat="39.345878"><ele>22.675566</ele><time>2022-02-23T22:13:56Z</time><extensions><speed>1.228788</speed><course>27.452888</course><hAcc>1.658253</hAcc><vAcc>0.804914</vAcc></extensions></trkpt>
      <trkpt lon="-76.446343" lat="39.345888"><ele>22.663750</ele><time>2022-02-23T22:13:57Z</time><extensions><speed>1.293396</speed><course>27.501410</course><hAcc>1.656234</hAcc><vAcc>0.804899</vAcc></extensions></trkpt>
      <trkpt lon="-76.446337" lat="39.345898"><ele>22.626545</ele><time>2022-02-23T22:13:58Z</time><extensions><speed>1.290712</speed><course>26.695854</course><hAcc>1.638481</hAcc><vAcc>0.804935</vAcc></extensions></trkpt>
      <trkpt lon="-76.446330" lat="39.345909"><ele>22.590250</ele><time>2022-02-23T22:13:59Z</time><extensions><speed>1.374089</speed><course>27.788496</course><hAcc>1.614246</hAcc><vAcc>0.805022</vAcc></extensions></trkpt>
      <trkpt lon="-76.446322" lat="39.345920"><ele>22.554211</ele><time>2022-02-23T22:14:00Z</time><extensions><speed>1.404701</speed><course>29.902252</course><hAcc>1.615417</hAcc><vAcc>0.805130</vAcc></extensions></trkpt>
      <trkpt lon="-76.446313" lat="39.345931"><ele>22.530884</ele><time>2022-02-23T22:14:01Z</time><extensions><speed>1.439452</speed><course>31.349411</course><hAcc>1.638240</hAcc><vAcc>0.805254</vAcc></extensions></trkpt>
      <trkpt lon="-76.446305" lat="39.345942"><ele>22.509895</ele><time>2022-02-23T22:14:02Z</time><extensions><speed>1.439699</speed><course>29.494953</course><hAcc>1.604613</hAcc><vAcc>0.805335</vAcc></extensions></trkpt>
      <trkpt lon="-76.446297" lat="39.345953"><ele>22.475786</ele><time>2022-02-23T22:14:03Z</time><extensions><speed>1.399002</speed><course>26.575352</course><hAcc>1.618662</hAcc><vAcc>0.805371</vAcc></extensions></trkpt>
      <trkpt lon="-76.446290" lat="39.345964"><ele>22.474554</ele><time>2022-02-23T22:14:04Z</time><extensions><speed>1.405971</speed><course>26.838818</course><hAcc>1.603364</hAcc><vAcc>0.805344</vAcc></extensions></trkpt>
      <trkpt lon="-76.446283" lat="39.345976"><ele>22.492638</ele><time>2022-02-23T22:14:05Z</time><extensions><speed>1.340198</speed><course>25.565889</course><hAcc>1.625522</hAcc><vAcc>0.805286</vAcc></extensions></trkpt>
      <trkpt lon="-76.446276" lat="39.345986"><ele>22.543501</ele><time>2022-02-23T22:14:06Z</time><extensions><speed>1.213370</speed><course>24.683605</course><hAcc>1.624616</hAcc><vAcc>0.805152</vAcc></extensions></trkpt>
      <trkpt lon="-76.446270" lat="39.345996"><ele>22.586632</ele><time>2022-02-23T22:14:07Z</time><extensions><speed>1.260407</speed><course>25.219984</course><hAcc>1.640960</hAcc><vAcc>0.804990</vAcc></extensions></trkpt>
      <trkpt lon="-76.446264" lat="39.346006"><ele>22.643114</ele><time>2022-02-23T22:14:08Z</time><extensions><speed>1.276922</speed><course>26.757196</course><hAcc>1.665360</hAcc><vAcc>0.804722</vAcc></extensions></trkpt>
      <trkpt lon="-76.446257" lat="39.346017"><ele>22.715590</ele><time>2022-02-23T22:14:09Z</time><extensions><speed>1.287610</speed><course>26.596519</course><hAcc>1.679120</hAcc><vAcc>0.804488</vAcc></extensions></trkpt>
      <trkpt lon="-76.446251" lat="39.346027"><ele>22.793318</ele><time>2022-02-23T22:14:10Z</time><extensions><speed>1.279397</speed><course>25.248964</course><hAcc>1.682458</hAcc><vAcc>0.804317</vAcc></extensions></trkpt>
      <trkpt lon="-76.446244" lat="39.346038"><ele>22.894184</ele><time>2022-02-23T22:14:11Z</time><extensions><speed>1.291021</speed><course>27.930393</course><hAcc>1.678045</hAcc><vAcc>0.804131</vAcc></extensions></trkpt>
      <trkpt lon="-76.446237" lat="39.346048"><ele>22.971521</ele><time>2022-02-23T22:14:12Z</time><extensions><speed>1.288084</speed><course>28.235447</course><hAcc>1.661638</hAcc><vAcc>0.804011</vAcc></extensions></trkpt>
      <trkpt lon="-76.446230" lat="39.346058"><ele>23.004274</ele><time>2022-02-23T22:14:13Z</time><extensions><speed>1.313872</speed><course>27.156691</course><hAcc>1.646866</hAcc><vAcc>0.803968</vAcc></extensions></trkpt>
      <trkpt lon="-76.446223" lat="39.346069"><ele>23.031052</ele><time>2022-02-23T22:14:14Z</time><extensions><speed>1.385925</speed><course>28.469877</course><hAcc>1.661749</hAcc><vAcc>0.803981</vAcc></extensions></trkpt>
      <trkpt lon="-76.446215" lat="39.346080"><ele>23.095699</ele><time>2022-02-23T22:14:15Z</time><extensions><speed>1.329500</speed><course>30.907852</course><hAcc>1.704715</hAcc><vAcc>0.803993</vAcc></extensions></trkpt>
      <trkpt lon="-76.446207" lat="39.346090"><ele>23.116438</ele><time>2022-02-23T22:14:16Z</time><extensions><speed>1.329558</speed><course>28.279104</course><hAcc>1.664173</hAcc><vAcc>0.803970</vAcc></extensions></trkpt>
      <trkpt lon="-76.446201" lat="39.346101"><ele>23.116346</ele><time>2022-02-23T22:14:17Z</time><extensions><speed>1.328496</speed><course>22.380075</course><hAcc>1.645110</hAcc><vAcc>0.804075</vAcc></extensions></trkpt>
      <trkpt lon="-76.446195" lat="39.346112"><ele>23.062601</ele><time>2022-02-23T22:14:18Z</time><extensions><speed>1.337318</speed><course>19.388397</course><hAcc>1.647473</hAcc><vAcc>0.804225</vAcc></extensions></trkpt>
      <trkpt lon="-76.446190" lat="39.346123"><ele>22.971413</ele><time>2022-02-23T22:14:19Z</time><extensions><speed>1.312448</speed><course>23.569027</course><hAcc>1.656294</hAcc><vAcc>0.804408</vAcc></extensions></trkpt>
      <trkpt lon="-76.446183" lat="39.346134"><ele>22.864771</ele><time>2022-02-23T22:14:20Z</time><extensions><speed>1.347111</speed><course>27.406555</course><hAcc>1.652837</hAcc><vAcc>0.804617</vAcc></extensions></trkpt>
      <trkpt lon="-76.446175" lat="39.346145"><ele>22.737144</ele><time>2022-02-23T22:14:21Z</time><extensions><speed>1.403406</speed><course>28.214636</course><hAcc>1.639733</hAcc><vAcc>0.804904</vAcc></extensions></trkpt>
      <trkpt lon="-76.446167" lat="39.346156"><ele>22.610239</ele><time>2022-02-23T22:14:22Z</time><extensions><speed>1.407432</speed><course>29.179976</course><hAcc>1.634744</hAcc><vAcc>0.805205</vAcc></extensions></trkpt>
      <trkpt lon="-76.446159" lat="39.346167"><ele>22.499468</ele><time>2022-02-23T22:14:23Z</time><extensions><speed>1.357776</speed><course>27.004501</course><hAcc>1.644401</hAcc><vAcc>0.805588</vAcc></extensions></trkpt>
      <trkpt lon="-76.446152" lat="39.346178"><ele>22.397043</ele><time>2022-02-23T22:14:24Z</time><extensions><speed>1.349354</speed><course>24.926870</course><hAcc>1.606178</hAcc><vAcc>0.806008</vAcc></extensions></trkpt>
      <trkpt lon="-76.446146" lat="39.346189"><ele>22.304007</ele><time>2022-02-23T22:14:25Z</time><extensions><speed>1.295388</speed><course>19.864662</course><hAcc>1.548738</hAcc><vAcc>0.806500</vAcc></extensions></trkpt>
      <trkpt lon="-76.446141" lat="39.346200"><ele>22.208023</ele><time>2022-02-23T22:14:26Z</time><extensions><speed>1.321884</speed><course>13.828245</course><hAcc>1.532730</hAcc><vAcc>0.807053</vAcc></extensions></trkpt>
      <trkpt lon="-76.446138" lat="39.346212"><ele>22.104040</ele><time>2022-02-23T22:14:27Z</time><extensions><speed>1.448358</speed><course>4.528073</course><hAcc>1.569332</hAcc><vAcc>0.807597</vAcc></extensions></trkpt>
      <trkpt lon="-76.446136" lat="39.346225"><ele>22.009748</ele><time>2022-02-23T22:14:28Z</time><extensions><speed>1.399806</speed><course>9.593693</course><hAcc>1.543723</hAcc><vAcc>0.808125</vAcc></extensions></trkpt>
      <trkpt lon="-76.446133" lat="39.346237"><ele>21.949938</ele><time>2022-02-23T22:14:29Z</time><extensions><speed>1.299416</speed><course>14.768026</course><hAcc>1.546055</hAcc><vAcc>0.808693</vAcc></extensions></trkpt>
      <trkpt lon="-76.446127" lat="39.346248"><ele>21.925047</ele><time>2022-02-23T22:14:30Z</time><extensions><speed>1.411512</speed><course>28.537777</course><hAcc>1.505379</hAcc><vAcc>0.809236</vAcc></extensions></trkpt>
      <trkpt lon="-76.446118" lat="39.346259"><ele>21.922621</ele><time>2022-02-23T22:14:31Z</time><extensions><speed>1.462840</speed><course>33.962818</course><hAcc>1.502459</hAcc><vAcc>0.809748</vAcc></extensions></trkpt>
      <trkpt lon="-76.446108" lat="39.346270"><ele>21.957460</ele><time>2022-02-23T22:14:32Z</time><extensions><speed>1.521683</speed><course>34.164112</course><hAcc>1.509991</hAcc><vAcc>0.810253</vAcc></extensions></trkpt>
      <trkpt lon="-76.446099" lat="39.346281"><ele>21.991913</ele><time>2022-02-23T22:14:33Z</time><extensions><speed>1.457941</speed><course>28.066053</course><hAcc>1.563054</hAcc><vAcc>0.810708</vAcc></extensions></trkpt>
      <trkpt lon="-76.446091" lat="39.346293"><ele>22.001320</ele><time>2022-02-23T22:14:34Z</time><extensions><speed>1.468794</speed><course>26.846231</course><hAcc>1.554338</hAcc><vAcc>0.811114</vAcc></extensions></trkpt>
      <trkpt lon="-76.446083" lat="39.346305"><ele>22.012638</ele><time>2022-02-23T22:14:35Z</time><extensions><speed>1.461590</speed><course>29.243416</course><hAcc>1.543512</hAcc><vAcc>0.811536</vAcc></extensions></trkpt>
      <trkpt lon="-76.446075" lat="39.346316"><ele>22.029825</ele><time>2022-02-23T22:14:36Z</time><extensions><speed>1.451046</speed><course>31.622959</course><hAcc>1.535302</hAcc><vAcc>0.811883</vAcc></extensions></trkpt>
      <trkpt lon="-76.446066" lat="39.346327"><ele>22.062452</ele><time>2022-02-23T22:14:37Z</time><extensions><speed>1.436710</speed><course>34.106636</course><hAcc>1.534727</hAcc><vAcc>0.812223</vAcc></extensions></trkpt>
      <trkpt lon="-76.446057" lat="39.346338"><ele>22.118004</ele><time>2022-02-23T22:14:38Z</time><extensions><speed>1.493362</speed><course>31.692770</course><hAcc>1.574667</hAcc><vAcc>0.812508</vAcc></extensions></trkpt>
      <trkpt lon="-76.446048" lat="39.346349"><ele>22.155846</ele><time>2022-02-23T22:14:39Z</time><extensions><speed>1.452031</speed><course>31.695801</course><hAcc>1.643505</hAcc><vAcc>0.812764</vAcc></extensions></trkpt>
      <trkpt lon="-76.446039" lat="39.346360"><ele>22.191498</ele><time>2022-02-23T22:14:40Z</time><extensions><speed>1.417153</speed><course>34.402050</course><hAcc>1.601945</hAcc><vAcc>0.813075</vAcc></extensions></trkpt>
      <trkpt lon="-76.446029" lat="39.346371"><ele>22.186432</ele><time>2022-02-23T22:14:41Z</time><extensions><speed>1.388525</speed><course>33.291382</course><hAcc>1.573776</hAcc><vAcc>0.813375</vAcc></extensions></trkpt>
      <trkpt lon="-76.446021" lat="39.346381"><ele>22.188562</ele><time>2022-02-23T22:14:42Z</time><extensions><speed>1.371942</speed><course>34.383652</course><hAcc>1.573515</hAcc><vAcc>0.813704</vAcc></extensions></trkpt>
      <trkpt lon="-76.446012" lat="39.346392"><ele>22.194462</ele><time>2022-02-23T22:14:43Z</time><extensions><speed>1.430979</speed><course>32.817188</course><hAcc>1.574628</hAcc><vAcc>0.814049</vAcc></extensions></trkpt>
      <trkpt lon="-76.446003" lat="39.346403"><ele>22.207747</ele><time>2022-02-23T22:14:44Z</time><extensions><speed>1.449314</speed><course>31.589743</course><hAcc>1.593160</hAcc><vAcc>0.814407</vAcc></extensions></trkpt>
      <trkpt lon="-76.445994" lat="39.346414"><ele>22.257792</ele><time>2022-02-23T22:14:45Z</time><extensions><speed>1.400057</speed><course>30.966091</course><hAcc>1.631341</hAcc><vAcc>0.814750</vAcc></extensions></trkpt>
      <trkpt lon="-76.445986" lat="39.346425"><ele>22.292526</ele><time>2022-02-23T22:14:46Z</time><extensions><speed>1.481146</speed><course>30.500141</course><hAcc>1.584529</hAcc><vAcc>0.815068</vAcc></extensions></trkpt>
      <trkpt lon="-76.445977" lat="39.346436"><ele>22.284302</ele><time>2022-02-23T22:14:47Z</time><extensions><speed>1.457857</speed><course>30.571743</course><hAcc>1.567343</hAcc><vAcc>0.815354</vAcc></extensions></trkpt>
      <trkpt lon="-76.445969" lat="39.346448"><ele>22.267084</ele><time>2022-02-23T22:14:48Z</time><extensions><speed>1.439681</speed><course>29.717552</course><hAcc>1.537770</hAcc><vAcc>0.815630</vAcc></extensions></trkpt>
      <trkpt lon="-76.445961" lat="39.346459"><ele>22.250647</ele><time>2022-02-23T22:14:49Z</time><extensions><speed>1.448992</speed><course>28.716722</course><hAcc>1.540639</hAcc><vAcc>0.815923</vAcc></extensions></trkpt>
      <trkpt lon="-76.445953" lat="39.346471"><ele>22.242371</ele><time>2022-02-23T22:14:50Z</time><extensions><speed>1.423885</speed><course>27.795055</course><hAcc>1.588814</hAcc><vAcc>0.816172</vAcc></extensions></trkpt>
      <trkpt lon="-76.445946" lat="39.346481"><ele>22.207630</ele><time>2022-02-23T22:14:51Z</time><extensions><speed>1.263804</speed><course>26.211258</course><hAcc>1.573582</hAcc><vAcc>0.816374</vAcc></extensions></trkpt>
      <trkpt lon="-76.445939" lat="39.346492"><ele>22.164568</ele><time>2022-02-23T22:14:52Z</time><extensions><speed>1.266203</speed><course>24.076725</course><hAcc>1.534854</hAcc><vAcc>0.816557</vAcc></extensions></trkpt>
      <trkpt lon="-76.445933" lat="39.346502"><ele>22.129654</ele><time>2022-02-23T22:14:53Z</time><extensions><speed>1.288304</speed><course>25.283518</course><hAcc>1.522860</hAcc><vAcc>0.816634</vAcc></extensions></trkpt>
      <trkpt lon="-76.445927" lat="39.346512"><ele>22.115669</ele><time>2022-02-23T22:14:54Z</time><extensions><speed>1.195580</speed><course>30.736202</course><hAcc>1.553616</hAcc><vAcc>0.816654</vAcc></extensions></trkpt>
      <trkpt lon="-76.445919" lat="39.346521"><ele>22.133738</ele><time>2022-02-23T22:14:55Z</time><extensions><speed>1.321268</speed><course>35.356575</course><hAcc>1.572045</hAcc><vAcc>0.816597</vAcc></extensions></trkpt>
      <trkpt lon="-76.445910" lat="39.346531"><ele>22.164513</ele><time>2022-02-23T22:14:56Z</time><extensions><speed>1.425877</speed><course>34.112419</course><hAcc>1.574857</hAcc><vAcc>0.816513</vAcc></extensions></trkpt>
      <trkpt lon="-76.445901" lat="39.346542"><ele>22.206738</ele><time>2022-02-23T22:14:57Z</time><extensions><speed>1.445999</speed><course>30.429909</course><hAcc>1.573812</hAcc><vAcc>0.816426</vAcc></extensions></trkpt>
      <trkpt lon="-76.445893" lat="39.346554"><ele>22.264723</ele><time>2022-02-23T22:14:58Z</time><extensions><speed>1.423413</speed><course>23.013193</course><hAcc>1.592729</hAcc><vAcc>0.816261</vAcc></extensions></trkpt>
      <trkpt lon="-76.445887" lat="39.346566"><ele>22.304630</ele><time>2022-02-23T22:14:59Z</time><extensions><speed>1.415550</speed><course>19.669262</course><hAcc>1.601624</hAcc><vAcc>0.816026</vAcc></extensions></trkpt>
      <trkpt lon="-76.445882" lat="39.346578"><ele>22.318275</ele><time>2022-02-23T22:15:00Z</time><extensions><speed>1.362655</speed><course>18.649530</course><hAcc>1.596246</hAcc><vAcc>0.815773</vAcc></extensions></trkpt>
      <trkpt lon="-76.445877" lat="39.346589"><ele>22.322054</ele><time>2022-02-23T22:15:01Z</time><extensions><speed>1.352927</speed><course>18.392136</course><hAcc>1.611763</hAcc><vAcc>0.815557</vAcc></extensions></trkpt>
      <trkpt lon="-76.445872" lat="39.346600"><ele>22.400309</ele><time>2022-02-23T22:15:02Z</time><extensions><speed>1.329089</speed><course>20.374773</course><hAcc>1.633070</hAcc><vAcc>0.815270</vAcc></extensions></trkpt>
      <trkpt lon="-76.445867" lat="39.346611"><ele>22.503525</ele><time>2022-02-23T22:15:03Z</time><extensions><speed>1.282614</speed><course>21.445423</course><hAcc>1.609478</hAcc><vAcc>0.814934</vAcc></extensions></trkpt>
      <trkpt lon="-76.445862" lat="39.346622"><ele>22.595905</ele><time>2022-02-23T22:15:04Z</time><extensions><speed>1.253888</speed><course>20.680349</course><hAcc>1.591365</hAcc><vAcc>0.814551</vAcc></extensions></trkpt>
      <trkpt lon="-76.445857" lat="39.346633"><ele>22.690285</ele><time>2022-02-23T22:15:05Z</time><extensions><speed>1.297181</speed><course>19.008787</course><hAcc>1.608112</hAcc><vAcc>0.814127</vAcc></extensions></trkpt>
      <trkpt lon="-76.445852" lat="39.346644"><ele>22.780581</ele><time>2022-02-23T22:15:06Z</time><extensions><speed>1.317652</speed><course>17.371771</course><hAcc>1.657860</hAcc><vAcc>0.813728</vAcc></extensions></trkpt>
      <trkpt lon="-76.445848" lat="39.346655"><ele>22.865238</ele><time>2022-02-23T22:15:07Z</time><extensions><speed>1.241466</speed><course>14.958268</course><hAcc>1.625052</hAcc><vAcc>0.813273</vAcc></extensions></trkpt>
      <trkpt lon="-76.445846" lat="39.346666"><ele>22.991993</ele><time>2022-02-23T22:15:08Z</time><extensions><speed>1.151133</speed><course>4.933329</course><hAcc>1.593858</hAcc><vAcc>0.812724</vAcc></extensions></trkpt>
      <trkpt lon="-76.445846" lat="39.346676"><ele>23.120522</ele><time>2022-02-23T22:15:09Z</time><extensions><speed>1.209649</speed><course>356.811981</course><hAcc>1.593527</hAcc><vAcc>0.812104</vAcc></extensions></trkpt>
      <trkpt lon="-76.445847" lat="39.346688"><ele>23.249409</ele><time>2022-02-23T22:15:10Z</time><extensions><speed>1.297259</speed><course>353.941071</course><hAcc>1.625485</hAcc><vAcc>0.811465</vAcc></extensions></trkpt>
      <trkpt lon="-76.445848" lat="39.346699"><ele>23.306452</ele><time>2022-02-23T22:15:11Z</time><extensions><speed>1.270782</speed><course>357.485016</course><hAcc>1.663877</hAcc><vAcc>0.810740</vAcc></extensions></trkpt>
      <trkpt lon="-76.445849" lat="39.346710"><ele>23.329361</ele><time>2022-02-23T22:15:12Z</time><extensions><speed>1.153753</speed><course>352.380707</course><hAcc>1.639406</hAcc><vAcc>0.809950</vAcc></extensions></trkpt>
      <trkpt lon="-76.445851" lat="39.346720"><ele>23.324097</ele><time>2022-02-23T22:15:13Z</time><extensions><speed>1.021984</speed><course>349.578217</course><hAcc>1.628048</hAcc><vAcc>0.809231</vAcc></extensions></trkpt>
      <trkpt lon="-76.445853" lat="39.346729"><ele>23.293690</ele><time>2022-02-23T22:15:14Z</time><extensions><speed>1.093876</speed><course>349.407288</course><hAcc>1.630582</hAcc><vAcc>0.808533</vAcc></extensions></trkpt>
      <trkpt lon="-76.445856" lat="39.346738"><ele>23.233416</ele><time>2022-02-23T22:15:15Z</time><extensions><speed>1.005443</speed><course>347.227539</course><hAcc>1.653805</hAcc><vAcc>0.807965</vAcc></extensions></trkpt>
      <trkpt lon="-76.445858" lat="39.346746"><ele>23.150591</ele><time>2022-02-23T22:15:16Z</time><extensions><speed>0.924461</speed><course>344.919128</course><hAcc>1.695804</hAcc><vAcc>0.807537</vAcc></extensions></trkpt>
      <trkpt lon="-76.445861" lat="39.346754"><ele>23.128212</ele><time>2022-02-23T22:15:17Z</time><extensions><speed>0.885822</speed><course>345.536102</course><hAcc>1.688578</hAcc><vAcc>0.807180</vAcc></extensions></trkpt>
      <trkpt lon="-76.445863" lat="39.346762"><ele>23.033880</ele><time>2022-02-23T22:15:18Z</time><extensions><speed>0.804071</speed><course>346.493805</course><hAcc>1.679463</hAcc><vAcc>0.806941</vAcc></extensions></trkpt>
      <trkpt lon="-76.445865" lat="39.346768"><ele>22.859941</ele><time>2022-02-23T22:15:19Z</time><extensions><speed>0.687335</speed><course>347.449493</course><hAcc>1.689590</hAcc><vAcc>0.806751</vAcc></extensions></trkpt>
      <trkpt lon="-76.445867" lat="39.346773"><ele>22.720823</ele><time>2022-02-23T22:15:20Z</time><extensions><speed>0.402711</speed><course>344.475403</course><hAcc>1.703775</hAcc><vAcc>0.806668</vAcc></extensions></trkpt>
      <trkpt lon="-76.445868" lat="39.346775"><ele>22.576488</ele><time>2022-02-23T22:15:21Z</time><extensions><speed>0.034975</speed><course>288.708801</course><hAcc>1.710113</hAcc><vAcc>0.806651</vAcc></extensions></trkpt>
      <trkpt lon="-76.445868" lat="39.346774"><ele>22.488247</ele><time>2022-02-23T22:15:22Z</time><extensions><speed>0.210043</speed><course>183.090652</course><hAcc>1.736003</hAcc><vAcc>0.806662</vAcc></extensions></trkpt>
      <trkpt lon="-76.445868" lat="39.346771"><ele>22.402119</ele><time>2022-02-23T22:15:23Z</time><extensions><speed>0.396502</speed><course>183.227982</course><hAcc>1.754780</hAcc><vAcc>0.806707</vAcc></extensions></trkpt>
      <trkpt lon="-76.445868" lat="39.346768"><ele>22.313082</ele><time>2022-02-23T22:15:24Z</time><extensions><speed>0.317899</speed><course>181.146347</course><hAcc>1.747271</hAcc><vAcc>0.806810</vAcc></extensions></trkpt>
      <trkpt lon="-76.445868" lat="39.346767"><ele>22.246872</ele><time>2022-02-23T22:15:25Z</time><extensions><speed>0.019522</speed><course>301.184326</course><hAcc>1.726550</hAcc><vAcc>0.806916</vAcc></extensions></trkpt>
      <trkpt lon="-76.445869" lat="39.346768"><ele>22.182547</ele><time>2022-02-23T22:15:26Z</time><extensions><speed>0.237963</speed><course>353.131714</course><hAcc>1.726581</hAcc><vAcc>0.806971</vAcc></extensions></trkpt>
      <trkpt lon="-76.445869" lat="39.346771"><ele>22.127697</ele><time>2022-02-23T22:15:27Z</time><extensions><speed>0.453191</speed><course>353.980377</course><hAcc>1.726254</hAcc><vAcc>0.806957</vAcc></extensions></trkpt>
      <trkpt lon="-76.445870" lat="39.346775"><ele>22.081402</ele><time>2022-02-23T22:15:28Z</time><extensions><speed>0.485448</speed><course>353.717560</course><hAcc>1.716015</hAcc><vAcc>0.806884</vAcc></extensions></trkpt>
      <trkpt lon="-76.445870" lat="39.346778"><ele>22.047571</ele><time>2022-02-23T22:15:29Z</time><extensions><speed>0.230912</speed><course>0.412261</course><hAcc>1.706303</hAcc><vAcc>0.806912</vAcc></extensions></trkpt>
      <trkpt lon="-76.445870" lat="39.346780"><ele>22.014170</ele><time>2022-02-23T22:15:30Z</time><extensions><speed>0.093185</speed><course>17.152206</course><hAcc>1.718150</hAcc><vAcc>0.806951</vAcc></extensions></trkpt>
      <trkpt lon="-76.445869" lat="39.346781"><ele>21.995626</ele><time>2022-02-23T22:15:31Z</time><extensions><speed>0.084000</speed><course>42.636288</course><hAcc>1.678877</hAcc><vAcc>0.807080</vAcc></extensions></trkpt>
      <trkpt lon="-76.445868" lat="39.346781"><ele>21.995695</ele><time>2022-02-23T22:15:32Z</time><extensions><speed>0.098006</speed><course>54.253727</course><hAcc>1.634735</hAcc><vAcc>0.807371</vAcc></extensions></trkpt>
      <trkpt lon="-76.445867" lat="39.346782"><ele>21.993031</ele><time>2022-02-23T22:15:33Z</time><extensions><speed>0.120247</speed><course>57.502708</course><hAcc>1.624516</hAcc><vAcc>0.807864</vAcc></extensions></trkpt>
      <trkpt lon="-76.445867" lat="39.346782"><ele>22.000553</ele><time>2022-02-23T22:15:34Z</time><extensions><speed>0.043287</speed><course>61.552349</course><hAcc>1.639519</hAcc><vAcc>0.808529</vAcc></extensions></trkpt>
      <trkpt lon="-76.445866" lat="39.346782"><ele>22.012276</ele><time>2022-02-23T22:15:35Z</time><extensions><speed>0.021578</speed><course>44.722500</course><hAcc>1.622269</hAcc><vAcc>0.809354</vAcc></extensions></trkpt>
      <trkpt lon="-76.445866" lat="39.346782"><ele>22.016748</ele><time>2022-02-23T22:15:36Z</time><extensions><speed>0.015959</speed><course>14.975705</course><hAcc>1.603591</hAcc><vAcc>0.810318</vAcc></extensions></trkpt>
      <trkpt lon="-76.445866" lat="39.346782"><ele>22.067968</ele><time>2022-02-23T22:15:37Z</time><extensions><speed>0.011634</speed><course>6.334934</course><hAcc>1.589103</hAcc><vAcc>0.811329</vAcc></extensions></trkpt>
      <trkpt lon="-76.445866" lat="39.346782"><ele>22.103876</ele><time>2022-02-23T22:15:38Z</time><extensions><speed>0.003082</speed><course>28.638111</course><hAcc>1.578257</hAcc><vAcc>0.812338</vAcc></extensions></trkpt>
      <trkpt lon="-76.445866" lat="39.346782"><ele>22.132545</ele><time>2022-02-23T22:15:39Z</time><extensions><speed>0.006525</speed><course>169.112900</course><hAcc>1.573259</hAcc><vAcc>0.813305</vAcc></extensions></trkpt>
      <trkpt lon="-76.445866" lat="39.346782"><ele>22.172089</ele><time>2022-02-23T22:15:40Z</time><extensions><speed>0.012970</speed><course>170.808258</course><hAcc>1.574893</hAcc><vAcc>0.814198</vAcc></extensions></trkpt>
      <trkpt lon="-76.445866" lat="39.346782"><ele>22.208725</ele><time>2022-02-23T22:15:41Z</time><extensions><speed>0.016289</speed><course>161.514801</course><hAcc>1.576808</hAcc><vAcc>0.814955</vAcc></extensions></trkpt>
      <trkpt lon="-76.445866" lat="39.346782"><ele>22.246147</ele><time>2022-02-23T22:15:42Z</time><extensions><speed>0.018040</speed><course>145.905151</course><hAcc>1.581261</hAcc><vAcc>0.815515</vAcc></extensions></trkpt>
      <trkpt lon="-76.445866" lat="39.346782"><ele>22.285744</ele><time>2022-02-23T22:15:43Z</time><extensions><speed>0.020782</speed><course>127.280869</course><hAcc>1.592198</hAcc><vAcc>0.815907</vAcc></extensions></trkpt>
      <trkpt lon="-76.445866" lat="39.346782"><ele>22.326456</ele><time>2022-02-23T22:15:44Z</time><extensions><speed>0.024229</speed><course>112.347290</course><hAcc>1.606778</hAcc><vAcc>0.815990</vAcc></extensions></trkpt>
      <trkpt lon="-76.445865" lat="39.346782"><ele>22.367191</ele><time>2022-02-23T22:15:45Z</time><extensions><speed>0.023389</speed><course>100.401428</course><hAcc>1.627958</hAcc><vAcc>0.815849</vAcc></extensions></trkpt>
      <trkpt lon="-76.445865" lat="39.346782"><ele>22.394148</ele><time>2022-02-23T22:15:46Z</time><extensions><speed>0.013128</speed><course>73.525986</course><hAcc>1.640797</hAcc><vAcc>0.815446</vAcc></extensions></trkpt>
      <trkpt lon="-76.445865" lat="39.346782"><ele>22.412615</ele><time>2022-02-23T22:15:47Z</time><extensions><speed>0.023975</speed><course>313.732666</course><hAcc>1.643375</hAcc><vAcc>0.814811</vAcc></extensions></trkpt>
      <trkpt lon="-76.445866" lat="39.346782"><ele>22.438564</ele><time>2022-02-23T22:15:48Z</time><extensions><speed>0.064649</speed><course>295.303192</course><hAcc>1.672131</hAcc><vAcc>0.813838</vAcc></extensions></trkpt>
      <trkpt lon="-76.445867" lat="39.346782"><ele>22.499372</ele><time>2022-02-23T22:15:49Z</time><extensions><speed>0.109510</speed><course>289.738556</course><hAcc>1.682491</hAcc><vAcc>0.812802</vAcc></extensions></trkpt>
      <trkpt lon="-76.445868" lat="39.346783"><ele>22.524048</ele><time>2022-02-23T22:15:50Z</time><extensions><speed>0.134121</speed><course>287.767059</course><hAcc>1.691508</hAcc><vAcc>0.811681</vAcc></extensions></trkpt>
      <trkpt lon="-76.445870" lat="39.346783"><ele>22.551012</ele><time>2022-02-23T22:15:51Z</time><extensions><speed>0.140940</speed><course>288.584351</course><hAcc>1.707398</hAcc><vAcc>0.810533</vAcc></extensions></trkpt>
      <trkpt lon="-76.445871" lat="39.346784"><ele>22.576052</ele><time>2022-02-23T22:15:52Z</time><extensions><speed>0.127667</speed><course>291.673126</course><hAcc>1.730483</hAcc><vAcc>0.809384</vAcc></extensions></trkpt>
      <trkpt lon="-76.445873" lat="39.346784"><ele>22.571243</ele><time>2022-02-23T22:15:53Z</time><extensions><speed>0.154919</speed><course>296.741455</course><hAcc>1.728308</hAcc><vAcc>0.808246</vAcc></extensions></trkpt>
      <trkpt lon="-76.445874" lat="39.346785"><ele>22.567675</ele><time>2022-02-23T22:15:54Z</time><extensions><speed>0.164477</speed><course>304.177338</course><hAcc>1.749394</hAcc><vAcc>0.807136</vAcc></extensions></trkpt>
      <trkpt lon="-76.445876" lat="39.346786"><ele>22.573465</ele><time>2022-02-23T22:15:55Z</time><extensions><speed>0.270722</speed><course>312.753082</course><hAcc>1.729887</hAcc><vAcc>0.806053</vAcc></extensions></trkpt>
      <trkpt lon="-76.445879" lat="39.346788"><ele>22.553040</ele><time>2022-02-23T22:15:56Z</time><extensions><speed>0.378684</speed><course>322.617157</course><hAcc>1.722887</hAcc><vAcc>0.805001</vAcc></extensions></trkpt>
      <trkpt lon="-76.445881" lat="39.346792"><ele>22.505856</ele><time>2022-02-23T22:15:57Z</time><extensions><speed>0.499210</speed><course>334.405853</course><hAcc>1.732346</hAcc><vAcc>0.804008</vAcc></extensions></trkpt>
      <trkpt lon="-76.445883" lat="39.346797"><ele>22.473423</ele><time>2022-02-23T22:15:58Z</time><extensions><speed>0.662860</speed><course>346.261047</course><hAcc>1.745611</hAcc><vAcc>0.803108</vAcc></extensions></trkpt>
      <trkpt lon="-76.445885" lat="39.346804"><ele>22.467710</ele><time>2022-02-23T22:15:59Z</time><extensions><speed>0.985019</speed><course>355.175690</course><hAcc>1.750901</hAcc><vAcc>0.802315</vAcc></extensions></trkpt>
      <trkpt lon="-76.445886" lat="39.346814"><ele>22.454319</ele><time>2022-02-23T22:16:00Z</time><extensions><speed>1.179718</speed><course>355.108124</course><hAcc>1.749964</hAcc><vAcc>0.801649</vAcc></extensions></trkpt>
      <trkpt lon="-76.445887" lat="39.346825"><ele>22.463678</ele><time>2022-02-23T22:16:01Z</time><extensions><speed>1.302538</speed><course>353.634613</course><hAcc>1.742924</hAcc><vAcc>0.801154</vAcc></extensions></trkpt>
      <trkpt lon="-76.445889" lat="39.346837"><ele>22.481152</ele><time>2022-02-23T22:16:02Z</time><extensions><speed>1.390893</speed><course>352.111145</course><hAcc>1.735840</hAcc><vAcc>0.800870</vAcc></extensions></trkpt>
      <trkpt lon="-76.445892" lat="39.346849"><ele>22.494352</ele><time>2022-02-23T22:16:03Z</time><extensions><speed>1.381612</speed><course>349.432404</course><hAcc>1.730706</hAcc><vAcc>0.800724</vAcc></extensions></trkpt>
      <trkpt lon="-76.445895" lat="39.346861"><ele>22.501856</ele><time>2022-02-23T22:16:04Z</time><extensions><speed>1.335168</speed><course>345.862274</course><hAcc>1.726092</hAcc><vAcc>0.800682</vAcc></extensions></trkpt>
      <trkpt lon="-76.445900" lat="39.346872"><ele>22.537178</ele><time>2022-02-23T22:16:05Z</time><extensions><speed>1.288330</speed><course>341.699615</course><hAcc>1.721473</hAcc><vAcc>0.800715</vAcc></extensions></trkpt>
      <trkpt lon="-76.445905" lat="39.346883"><ele>22.539751</ele><time>2022-02-23T22:16:06Z</time><extensions><speed>1.319341</speed><course>339.428802</course><hAcc>1.721587</hAcc><vAcc>0.800810</vAcc></extensions></trkpt>
      <trkpt lon="-76.445910" lat="39.346895"><ele>22.547543</ele><time>2022-02-23T22:16:07Z</time><extensions><speed>1.385799</speed><course>337.244598</course><hAcc>1.726499</hAcc><vAcc>0.800996</vAcc></extensions></trkpt>
      <trkpt lon="-76.445917" lat="39.346906"><ele>22.569990</ele><time>2022-02-23T22:16:08Z</time><extensions><speed>1.401142</speed><course>333.104462</course><hAcc>1.729366</hAcc><vAcc>0.801250</vAcc></extensions></trkpt>
      <trkpt lon="-76.445925" lat="39.346917"><ele>22.622311</ele><time>2022-02-23T22:16:09Z</time><extensions><speed>1.326545</speed><course>329.831696</course><hAcc>1.722252</hAcc><vAcc>0.801563</vAcc></extensions></trkpt>
      <trkpt lon="-76.445933" lat="39.346927"><ele>22.689198</ele><time>2022-02-23T22:16:10Z</time><extensions><speed>1.363243</speed><course>327.653137</course><hAcc>1.718694</hAcc><vAcc>0.801875</vAcc></extensions></trkpt>
      <trkpt lon="-76.445941" lat="39.346937"><ele>22.705912</ele><time>2022-02-23T22:16:11Z</time><extensions><speed>1.335284</speed><course>327.213165</course><hAcc>1.724925</hAcc><vAcc>0.802190</vAcc></extensions></trkpt>
      <trkpt lon="-76.445950" lat="39.346947"><ele>22.725090</ele><time>2022-02-23T22:16:12Z</time><extensions><speed>1.298101</speed><course>326.381073</course><hAcc>1.729969</hAcc><vAcc>0.802456</vAcc></extensions></trkpt>
      <trkpt lon="-76.445958" lat="39.346956"><ele>22.723427</ele><time>2022-02-23T22:16:13Z</time><extensions><speed>1.191664</speed><course>322.317810</course><hAcc>1.731312</hAcc><vAcc>0.802661</vAcc></extensions></trkpt>
      <trkpt lon="-76.445967" lat="39.346964"><ele>22.720184</ele><time>2022-02-23T22:16:14Z</time><extensions><speed>1.182291</speed><course>319.397003</course><hAcc>1.729849</hAcc><vAcc>0.802776</vAcc></extensions></trkpt>
      <trkpt lon="-76.445976" lat="39.346972"><ele>22.711697</ele><time>2022-02-23T22:16:15Z</time><extensions><speed>1.223477</speed><course>316.231415</course><hAcc>1.729566</hAcc><vAcc>0.802848</vAcc></extensions></trkpt>
      <trkpt lon="-76.445986" lat="39.346980"><ele>22.697514</ele><time>2022-02-23T22:16:16Z</time><extensions><speed>1.231202</speed><course>315.551971</course><hAcc>1.733691</hAcc><vAcc>0.802879</vAcc></extensions></trkpt>
      <trkpt lon="-76.445996" lat="39.346988"><ele>22.665325</ele><time>2022-02-23T22:16:17Z</time><extensions><speed>1.220788</speed><course>315.084473</course><hAcc>1.738128</hAcc><vAcc>0.802900</vAcc></extensions></trkpt>
      <trkpt lon="-76.446007" lat="39.346996"><ele>22.629272</ele><time>2022-02-23T22:16:18Z</time><extensions><speed>1.298535</speed><course>313.705994</course><hAcc>1.737841</hAcc><vAcc>0.802909</vAcc></extensions></trkpt>
      <trkpt lon="-76.446017" lat="39.347004"><ele>22.609386</ele><time>2022-02-23T22:16:19Z</time><extensions><speed>1.209315</speed><course>311.268372</course><hAcc>1.737115</hAcc><vAcc>0.802954</vAcc></extensions></trkpt>
      <trkpt lon="-76.446028" lat="39.347011"><ele>22.577848</ele><time>2022-02-23T22:16:20Z</time><extensions><speed>1.195808</speed><course>312.483612</course><hAcc>1.736867</hAcc><vAcc>0.803005</vAcc></extensions></trkpt>
      <trkpt lon="-76.446038" lat="39.347018"><ele>22.542170</ele><time>2022-02-23T22:16:21Z</time><extensions><speed>1.162110</speed><course>314.418945</course><hAcc>1.732744</hAcc><vAcc>0.803144</vAcc></extensions></trkpt>
      <trkpt lon="-76.446047" lat="39.347026"><ele>22.542225</ele><time>2022-02-23T22:16:22Z</time><extensions><speed>1.134644</speed><course>316.521606</course><hAcc>1.724119</hAcc><vAcc>0.803294</vAcc></extensions></trkpt>
      <trkpt lon="-76.446056" lat="39.347033"><ele>22.569967</ele><time>2022-02-23T22:16:23Z</time><extensions><speed>1.140424</speed><course>317.416412</course><hAcc>1.706508</hAcc><vAcc>0.803479</vAcc></extensions></trkpt>
      <trkpt lon="-76.446066" lat="39.347041"><ele>22.596525</ele><time>2022-02-23T22:16:24Z</time><extensions><speed>1.262727</speed><course>313.119415</course><hAcc>1.668652</hAcc><vAcc>0.803666</vAcc></extensions></trkpt>
      <trkpt lon="-76.446077" lat="39.347049"><ele>22.627867</ele><time>2022-02-23T22:16:25Z</time><extensions><speed>1.379745</speed><course>309.626801</course><hAcc>1.614756</hAcc><vAcc>0.803826</vAcc></extensions></trkpt>
      <trkpt lon="-76.446091" lat="39.347056"><ele>22.655586</ele><time>2022-02-23T22:16:26Z</time><extensions><speed>1.435838</speed><course>304.416473</course><hAcc>1.574855</hAcc><vAcc>0.803949</vAcc></extensions></trkpt>
      <trkpt lon="-76.446105" lat="39.347063"><ele>22.686485</ele><time>2022-02-23T22:16:27Z</time><extensions><speed>1.580590</speed><course>302.540009</course><hAcc>1.577837</hAcc><vAcc>0.804152</vAcc></extensions></trkpt>
      <trkpt lon="-76.446121" lat="39.347071"><ele>22.765856</ele><time>2022-02-23T22:16:28Z</time><extensions><speed>1.623049</speed><course>303.436951</course><hAcc>1.556813</hAcc><vAcc>0.804235</vAcc></extensions></trkpt>
      <trkpt lon="-76.446136" lat="39.347080"><ele>22.838263</ele><time>2022-02-23T22:16:29Z</time><extensions><speed>1.619447</speed><course>307.543304</course><hAcc>1.545730</hAcc><vAcc>0.804230</vAcc></extensions></trkpt>
      <trkpt lon="-76.446151" lat="39.347088"><ele>22.884216</ele><time>2022-02-23T22:16:30Z</time><extensions><speed>1.591230</speed><course>304.086304</course><hAcc>1.525527</hAcc><vAcc>0.804088</vAcc></extensions></trkpt>
      <trkpt lon="-76.446167" lat="39.347095"><ele>22.911224</ele><time>2022-02-23T22:16:31Z</time><extensions><speed>1.538146</speed><course>300.534454</course><hAcc>1.512949</hAcc><vAcc>0.803844</vAcc></extensions></trkpt>
      <trkpt lon="-76.446182" lat="39.347102"><ele>22.918428</ele><time>2022-02-23T22:16:32Z</time><extensions><speed>1.462577</speed><course>300.798798</course><hAcc>1.532738</hAcc><vAcc>0.803496</vAcc></extensions></trkpt>
      <trkpt lon="-76.446196" lat="39.347109"><ele>22.964224</ele><time>2022-02-23T22:16:33Z</time><extensions><speed>1.386150</speed><course>301.157532</course><hAcc>1.525168</hAcc><vAcc>0.803056</vAcc></extensions></trkpt>
      <trkpt lon="-76.446210" lat="39.347115"><ele>23.019285</ele><time>2022-02-23T22:16:34Z</time><extensions><speed>1.433969</speed><course>300.433228</course><hAcc>1.547728</hAcc><vAcc>0.802553</vAcc></extensions></trkpt>
      <trkpt lon="-76.446225" lat="39.347121"><ele>23.053444</ele><time>2022-02-23T22:16:35Z</time><extensions><speed>1.462869</speed><course>293.355499</course><hAcc>1.554943</hAcc><vAcc>0.801990</vAcc></extensions></trkpt>
      <trkpt lon="-76.446241" lat="39.347126"><ele>23.054321</ele><time>2022-02-23T22:16:36Z</time><extensions><speed>1.482486</speed><course>287.761597</course><hAcc>1.586623</hAcc><vAcc>0.801429</vAcc></extensions></trkpt>
      <trkpt lon="-76.446258" lat="39.347129"><ele>23.032877</ele><time>2022-02-23T22:16:37Z</time><extensions><speed>1.475808</speed><course>284.619232</course><hAcc>1.566526</hAcc><vAcc>0.800844</vAcc></extensions></trkpt>
      <trkpt lon="-76.446274" lat="39.347132"><ele>23.041376</ele><time>2022-02-23T22:16:38Z</time><extensions><speed>1.486281</speed><course>283.176239</course><hAcc>1.555662</hAcc><vAcc>0.800258</vAcc></extensions></trkpt>
      <trkpt lon="-76.446291" lat="39.347136"><ele>23.034815</ele><time>2022-02-23T22:16:39Z</time><extensions><speed>1.510324</speed><course>285.704468</course><hAcc>1.570958</hAcc><vAcc>0.799679</vAcc></extensions></trkpt>
      <trkpt lon="-76.446308" lat="39.347139"><ele>23.026070</ele><time>2022-02-23T22:16:40Z</time><extensions><speed>1.484573</speed><course>287.120514</course><hAcc>1.577368</hAcc><vAcc>0.799127</vAcc></extensions></trkpt>
      <trkpt lon="-76.446324" lat="39.347143"><ele>22.993059</ele><time>2022-02-23T22:16:41Z</time><extensions><speed>1.443978</speed><course>279.770782</course><hAcc>1.576700</hAcc><vAcc>0.798606</vAcc></extensions></trkpt>
      <trkpt lon="-76.446341" lat="39.347145"><ele>22.975014</ele><time>2022-02-23T22:16:42Z</time><extensions><speed>1.446590</speed><course>278.919495</course><hAcc>1.572631</hAcc><vAcc>0.798095</vAcc></extensions></trkpt>
      <trkpt lon="-76.446358" lat="39.347146"><ele>22.985655</ele><time>2022-02-23T22:16:43Z</time><extensions><speed>1.483350</speed><course>277.310486</course><hAcc>1.592066</hAcc><vAcc>0.797649</vAcc></extensions></trkpt>
      <trkpt lon="-76.446374" lat="39.347148"><ele>22.960968</ele><time>2022-02-23T22:16:44Z</time><extensions><speed>1.439721</speed><course>276.904297</course><hAcc>1.542198</hAcc><vAcc>0.797240</vAcc></extensions></trkpt>
      <trkpt lon="-76.446391" lat="39.347150"><ele>22.937618</ele><time>2022-02-23T22:16:45Z</time><extensions><speed>1.452494</speed><course>277.343475</course><hAcc>1.520440</hAcc><vAcc>0.796880</vAcc></extensions></trkpt>
      <trkpt lon="-76.446408" lat="39.347151"><ele>22.924648</ele><time>2022-02-23T22:16:46Z</time><extensions><speed>1.505513</speed><course>277.748474</course><hAcc>1.539506</hAcc><vAcc>0.796555</vAcc></extensions></trkpt>
      <trkpt lon="-76.446425" lat="39.347153"><ele>22.910786</ele><time>2022-02-23T22:16:47Z</time><extensions><speed>1.511699</speed><course>279.655151</course><hAcc>1.599402</hAcc><vAcc>0.796305</vAcc></extensions></trkpt>
      <trkpt lon="-76.446443" lat="39.347155"><ele>22.895679</ele><time>2022-02-23T22:16:48Z</time><extensions><speed>1.540676</speed><course>275.077118</course><hAcc>1.569474</hAcc><vAcc>0.796146</vAcc></extensions></trkpt>
      <trkpt lon="-76.446460" lat="39.347156"><ele>22.905802</ele><time>2022-02-23T22:16:49Z</time><extensions><speed>1.536168</speed><course>273.400391</course><hAcc>1.539512</hAcc><vAcc>0.796059</vAcc></extensions></trkpt>
      <trkpt lon="-76.446478" lat="39.347157"><ele>22.905214</ele><time>2022-02-23T22:16:50Z</time><extensions><speed>1.518649</speed><course>272.708130</course><hAcc>1.498563</hAcc><vAcc>0.796033</vAcc></extensions></trkpt>
      <trkpt lon="-76.446495" lat="39.347157"><ele>22.914976</ele><time>2022-02-23T22:16:51Z</time><extensions><speed>1.495399</speed><course>272.695190</course><hAcc>1.472925</hAcc><vAcc>0.796095</vAcc></extensions></trkpt>
      <trkpt lon="-76.446512" lat="39.347158"><ele>22.901398</ele><time>2022-02-23T22:16:52Z</time><extensions><speed>1.495265</speed><course>271.992523</course><hAcc>1.488750</hAcc><vAcc>0.796220</vAcc></extensions></trkpt>
      <trkpt lon="-76.446529" lat="39.347157"><ele>22.894388</ele><time>2022-02-23T22:16:53Z</time><extensions><speed>1.475595</speed><course>265.533661</course><hAcc>1.501692</hAcc><vAcc>0.796408</vAcc></extensions></trkpt>
      <trkpt lon="-76.446546" lat="39.347157"><ele>22.886148</ele><time>2022-02-23T22:16:54Z</time><extensions><speed>1.511296</speed><course>269.346008</course><hAcc>1.462513</hAcc><vAcc>0.796641</vAcc></extensions></trkpt>
      <trkpt lon="-76.446564" lat="39.347157"><ele>22.892103</ele><time>2022-02-23T22:16:55Z</time><extensions><speed>1.476838</speed><course>271.966339</course><hAcc>1.426225</hAcc><vAcc>0.796899</vAcc></extensions></trkpt>
      <trkpt lon="-76.446581" lat="39.347157"><ele>22.896914</ele><time>2022-02-23T22:16:56Z</time><extensions><speed>1.488155</speed><course>273.043365</course><hAcc>1.434165</hAcc><vAcc>0.797184</vAcc></extensions></trkpt>
      <trkpt lon="-76.446598" lat="39.347157"><ele>22.902601</ele><time>2022-02-23T22:16:57Z</time><extensions><speed>1.473352</speed><course>269.615021</course><hAcc>1.439634</hAcc><vAcc>0.797484</vAcc></extensions></trkpt>
      <trkpt lon="-76.446615" lat="39.347157"><ele>22.905403</ele><time>2022-02-23T22:16:58Z</time><extensions><speed>1.443716</speed><course>271.053772</course><hAcc>1.439066</hAcc><vAcc>0.797802</vAcc></extensions></trkpt>
      <trkpt lon="-76.446631" lat="39.347158"><ele>22.908800</ele><time>2022-02-23T22:16:59Z</time><extensions><speed>1.431699</speed><course>273.533417</course><hAcc>1.451472</hAcc><vAcc>0.798090</vAcc></extensions></trkpt>
      <trkpt lon="-76.446648" lat="39.347159"><ele>22.919420</ele><time>2022-02-23T22:17:00Z</time><extensions><speed>1.428655</speed><course>276.140442</course><hAcc>1.456897</hAcc><vAcc>0.798381</vAcc></extensions></trkpt>
      <trkpt lon="-76.446664" lat="39.347161"><ele>22.924133</ele><time>2022-02-23T22:17:01Z</time><extensions><speed>1.405136</speed><course>279.824707</course><hAcc>1.474616</hAcc><vAcc>0.798663</vAcc></extensions></trkpt>
      <trkpt lon="-76.446680" lat="39.347163"><ele>22.934965</ele><time>2022-02-23T22:17:02Z</time><extensions><speed>1.394753</speed><course>280.724426</course><hAcc>1.512618</hAcc><vAcc>0.798935</vAcc></extensions></trkpt>
      <trkpt lon="-76.446695" lat="39.347165"><ele>22.952080</ele><time>2022-02-23T22:17:03Z</time><extensions><speed>1.366025</speed><course>277.932068</course><hAcc>1.519445</hAcc><vAcc>0.799220</vAcc></extensions></trkpt>
      <trkpt lon="-76.446711" lat="39.347166"><ele>22.967688</ele><time>2022-02-23T22:17:04Z</time><extensions><speed>1.379586</speed><course>276.952637</course><hAcc>1.555251</hAcc><vAcc>0.799522</vAcc></extensions></trkpt>
      <trkpt lon="-76.446727" lat="39.347168"><ele>22.993490</ele><time>2022-02-23T22:17:05Z</time><extensions><speed>1.349041</speed><course>276.147125</course><hAcc>1.549887</hAcc><vAcc>0.799833</vAcc></extensions></trkpt>
      <trkpt lon="-76.446742" lat="39.347169"><ele>23.025343</ele><time>2022-02-23T22:17:06Z</time><extensions><speed>1.345492</speed><course>276.179718</course><hAcc>1.536995</hAcc><vAcc>0.800181</vAcc></extensions></trkpt>
      <trkpt lon="-76.446758" lat="39.347170"><ele>23.046680</ele><time>2022-02-23T22:17:07Z</time><extensions><speed>1.383319</speed><course>279.223175</course><hAcc>1.517118</hAcc><vAcc>0.800552</vAcc></extensions></trkpt>
      <trkpt lon="-76.446774" lat="39.347172"><ele>23.099195</ele><time>2022-02-23T22:17:08Z</time><extensions><speed>1.421195</speed><course>282.486725</course><hAcc>1.500798</hAcc><vAcc>0.800944</vAcc></extensions></trkpt>
      <trkpt lon="-76.446790" lat="39.347175"><ele>23.184376</ele><time>2022-02-23T22:17:09Z</time><extensions><speed>1.459846</speed><course>285.522217</course><hAcc>1.498174</hAcc><vAcc>0.801326</vAcc></extensions></trkpt>
      <trkpt lon="-76.446806" lat="39.347179"><ele>23.236547</ele><time>2022-02-23T22:17:10Z</time><extensions><speed>1.481050</speed><course>289.614014</course><hAcc>1.481338</hAcc><vAcc>0.801725</vAcc></extensions></trkpt>
      <trkpt lon="-76.446822" lat="39.347184"><ele>23.254940</ele><time>2022-02-23T22:17:11Z</time><extensions><speed>1.472848</speed><course>294.130859</course><hAcc>1.452937</hAcc><vAcc>0.802105</vAcc></extensions></trkpt>
      <trkpt lon="-76.446837" lat="39.347190"><ele>23.267815</ele><time>2022-02-23T22:17:12Z</time><extensions><speed>1.428241</speed><course>300.418762</course><hAcc>1.434155</hAcc><vAcc>0.802471</vAcc></extensions></trkpt>
      <trkpt lon="-76.446851" lat="39.347196"><ele>23.279736</ele><time>2022-02-23T22:17:13Z</time><extensions><speed>1.437718</speed><course>300.391785</course><hAcc>1.437106</hAcc><vAcc>0.802807</vAcc></extensions></trkpt>
      <trkpt lon="-76.446866" lat="39.347202"><ele>23.273800</ele><time>2022-02-23T22:17:14Z</time><extensions><speed>1.435573</speed><course>294.947876</course><hAcc>1.421101</hAcc><vAcc>0.803080</vAcc></extensions></trkpt>
      <trkpt lon="-76.446881" lat="39.347207"><ele>23.264246</ele><time>2022-02-23T22:17:15Z</time><extensions><speed>1.412297</speed><course>287.102509</course><hAcc>1.403891</hAcc><vAcc>0.803288</vAcc></extensions></trkpt>
      <trkpt lon="-76.446897" lat="39.347210"><ele>23.270813</ele><time>2022-02-23T22:17:16Z</time><extensions><speed>1.425889</speed><course>283.254669</course><hAcc>1.430397</hAcc><vAcc>0.803425</vAcc></extensions></trkpt>
      <trkpt lon="-76.446913" lat="39.347213"><ele>23.306072</ele><time>2022-02-23T22:17:17Z</time><extensions><speed>1.425125</speed><course>285.439178</course><hAcc>1.446985</hAcc><vAcc>0.803450</vAcc></extensions></trkpt>
      <trkpt lon="-76.446929" lat="39.347217"><ele>23.329390</ele><time>2022-02-23T22:17:18Z</time><extensions><speed>1.417965</speed><course>286.198090</course><hAcc>1.492235</hAcc><vAcc>0.803404</vAcc></extensions></trkpt>
      <trkpt lon="-76.446944" lat="39.347221"><ele>23.340130</ele><time>2022-02-23T22:17:19Z</time><extensions><speed>1.331929</speed><course>290.052887</course><hAcc>1.500743</hAcc><vAcc>0.803295</vAcc></extensions></trkpt>
      <trkpt lon="-76.446958" lat="39.347225"><ele>23.374180</ele><time>2022-02-23T22:17:20Z</time><extensions><speed>1.297879</speed><course>293.308289</course><hAcc>1.474916</hAcc><vAcc>0.803116</vAcc></extensions></trkpt>
      <trkpt lon="-76.446971" lat="39.347230"><ele>23.426819</ele><time>2022-02-23T22:17:21Z</time><extensions><speed>1.289565</speed><course>296.185394</course><hAcc>1.515450</hAcc><vAcc>0.802919</vAcc></extensions></trkpt>
      <trkpt lon="-76.446985" lat="39.347235"><ele>23.420813</ele><time>2022-02-23T22:17:22Z</time><extensions><speed>1.334897</speed><course>299.925903</course><hAcc>1.577076</hAcc><vAcc>0.802683</vAcc></extensions></trkpt>
      <trkpt lon="-76.446998" lat="39.347242"><ele>23.414383</ele><time>2022-02-23T22:17:23Z</time><extensions><speed>1.365967</speed><course>301.047760</course><hAcc>1.597685</hAcc><vAcc>0.802422</vAcc></extensions></trkpt>
      <trkpt lon="-76.447012" lat="39.347248"><ele>23.392174</ele><time>2022-02-23T22:17:24Z</time><extensions><speed>1.386377</speed><course>301.711060</course><hAcc>1.623744</hAcc><vAcc>0.802167</vAcc></extensions></trkpt>
      <trkpt lon="-76.447025" lat="39.347255"><ele>23.417858</ele><time>2022-02-23T22:17:25Z</time><extensions><speed>1.350465</speed><course>303.470886</course><hAcc>1.648153</hAcc><vAcc>0.801933</vAcc></extensions></trkpt>
      <trkpt lon="-76.447038" lat="39.347261"><ele>23.454082</ele><time>2022-02-23T22:17:26Z</time><extensions><speed>1.236359</speed><course>302.643677</course><hAcc>1.627995</hAcc><vAcc>0.801681</vAcc></extensions></trkpt>
      <trkpt lon="-76.447049" lat="39.347267"><ele>23.451109</ele><time>2022-02-23T22:17:27Z</time><extensions><speed>1.166429</speed><course>303.235687</course><hAcc>1.617715</hAcc><vAcc>0.801466</vAcc></extensions></trkpt>
      <trkpt lon="-76.447060" lat="39.347273"><ele>23.433844</ele><time>2022-02-23T22:17:28Z</time><extensions><speed>1.172614</speed><course>305.620819</course><hAcc>1.606445</hAcc><vAcc>0.801294</vAcc></extensions></trkpt>
      <trkpt lon="-76.447071" lat="39.347280"><ele>23.443998</ele><time>2022-02-23T22:17:29Z</time><extensions><speed>1.261523</speed><course>309.421234</course><hAcc>1.598814</hAcc><vAcc>0.801181</vAcc></extensions></trkpt>
      <trkpt lon="-76.447083" lat="39.347287"><ele>23.437881</ele><time>2022-02-23T22:17:30Z</time><extensions><speed>1.326388</speed><course>313.440582</course><hAcc>1.619517</hAcc><vAcc>0.801101</vAcc></extensions></trkpt>
      <trkpt lon="-76.447093" lat="39.347296"><ele>23.441896</ele><time>2022-02-23T22:17:31Z</time><extensions><speed>1.307051</speed><course>321.427612</course><hAcc>1.618406</hAcc><vAcc>0.801052</vAcc></extensions></trkpt>
      <trkpt lon="-76.447102" lat="39.347306"><ele>23.430283</ele><time>2022-02-23T22:17:32Z</time><extensions><speed>1.380508</speed><course>323.476898</course><hAcc>1.615556</hAcc><vAcc>0.800978</vAcc></extensions></trkpt>
      <trkpt lon="-76.447112" lat="39.347315"><ele>23.397789</ele><time>2022-02-23T22:17:33Z</time><extensions><speed>1.369443</speed><course>319.846680</course><hAcc>1.571161</hAcc><vAcc>0.800911</vAcc></extensions></trkpt>
      <trkpt lon="-76.447123" lat="39.347324"><ele>23.380054</ele><time>2022-02-23T22:17:34Z</time><extensions><speed>1.335477</speed><course>314.784729</course><hAcc>1.587799</hAcc><vAcc>0.800793</vAcc></extensions></trkpt>
      <trkpt lon="-76.447134" lat="39.347333"><ele>23.353554</ele><time>2022-02-23T22:17:35Z</time><extensions><speed>1.339682</speed><course>309.687378</course><hAcc>1.645314</hAcc><vAcc>0.800624</vAcc></extensions></trkpt>
      <trkpt lon="-76.447145" lat="39.347341"><ele>23.303036</ele><time>2022-02-23T22:17:36Z</time><extensions><speed>1.272413</speed><course>316.898285</course><hAcc>1.614960</hAcc><vAcc>0.800459</vAcc></extensions></trkpt>
      <trkpt lon="-76.447155" lat="39.347349"><ele>23.277822</ele><time>2022-02-23T22:17:37Z</time><extensions><speed>1.285310</speed><course>321.581696</course><hAcc>1.616759</hAcc><vAcc>0.800286</vAcc></extensions></trkpt>
      <trkpt lon="-76.447164" lat="39.347358"><ele>23.261435</ele><time>2022-02-23T22:17:38Z</time><extensions><speed>1.264593</speed><course>323.335999</course><hAcc>1.650689</hAcc><vAcc>0.800178</vAcc></extensions></trkpt>
      <trkpt lon="-76.447172" lat="39.347367"><ele>23.262302</ele><time>2022-02-23T22:17:39Z</time><extensions><speed>1.156675</speed><course>324.751556</course><hAcc>1.686423</hAcc><vAcc>0.800148</vAcc></extensions></trkpt>
      <trkpt lon="-76.447179" lat="39.347376"><ele>23.244808</ele><time>2022-02-23T22:17:40Z</time><extensions><speed>1.109783</speed><course>329.534760</course><hAcc>1.699925</hAcc><vAcc>0.800150</vAcc></extensions></trkpt>
      <trkpt lon="-76.447186" lat="39.347385"><ele>23.233156</ele><time>2022-02-23T22:17:41Z</time><extensions><speed>1.149680</speed><course>330.436920</course><hAcc>1.698660</hAcc><vAcc>0.800256</vAcc></extensions></trkpt>
      <trkpt lon="-76.447192" lat="39.347394"><ele>23.251740</ele><time>2022-02-23T22:17:42Z</time><extensions><speed>1.235541</speed><course>330.286896</course><hAcc>1.698184</hAcc><vAcc>0.800443</vAcc></extensions></trkpt>
      <trkpt lon="-76.447200" lat="39.347404"><ele>23.253891</ele><time>2022-02-23T22:17:43Z</time><extensions><speed>1.298509</speed><course>329.069611</course><hAcc>1.711033</hAcc><vAcc>0.800781</vAcc></extensions></trkpt>
      <trkpt lon="-76.447208" lat="39.347415"><ele>23.249870</ele><time>2022-02-23T22:17:44Z</time><extensions><speed>1.383299</speed><course>330.406189</course><hAcc>1.715573</hAcc><vAcc>0.801256</vAcc></extensions></trkpt>
      <trkpt lon="-76.447215" lat="39.347426"><ele>23.264196</ele><time>2022-02-23T22:17:45Z</time><extensions><speed>1.439682</speed><course>335.588287</course><hAcc>1.701964</hAcc><vAcc>0.801836</vAcc></extensions></trkpt>
      <trkpt lon="-76.447221" lat="39.347438"><ele>23.202566</ele><time>2022-02-23T22:17:46Z</time><extensions><speed>1.425438</speed><course>341.468506</course><hAcc>1.693267</hAcc><vAcc>0.802478</vAcc></extensions></trkpt>
      <trkpt lon="-76.447226" lat="39.347450"><ele>23.125212</ele><time>2022-02-23T22:17:47Z</time><extensions><speed>1.475901</speed><course>346.036621</course><hAcc>1.677619</hAcc><vAcc>0.803229</vAcc></extensions></trkpt>
      <trkpt lon="-76.447229" lat="39.347464"><ele>23.046741</ele><time>2022-02-23T22:17:48Z</time><extensions><speed>1.552098</speed><course>350.439636</course><hAcc>1.669022</hAcc><vAcc>0.804071</vAcc></extensions></trkpt>
      <trkpt lon="-76.447231" lat="39.347477"><ele>23.000292</ele><time>2022-02-23T22:17:49Z</time><extensions><speed>1.504002</speed><course>355.397034</course><hAcc>1.664986</hAcc><vAcc>0.804955</vAcc></extensions></trkpt>
      <trkpt lon="-76.447231" lat="39.347491"><ele>22.924799</ele><time>2022-02-23T22:17:50Z</time><extensions><speed>1.523475</speed><course>2.691146</course><hAcc>1.621143</hAcc><vAcc>0.805855</vAcc></extensions></trkpt>
      <trkpt lon="-76.447230" lat="39.347505"><ele>22.855759</ele><time>2022-02-23T22:17:51Z</time><extensions><speed>1.554650</speed><course>7.820387</course><hAcc>1.588043</hAcc><vAcc>0.806760</vAcc></extensions></trkpt>
      <trkpt lon="-76.447227" lat="39.347519"><ele>22.784843</ele><time>2022-02-23T22:17:52Z</time><extensions><speed>1.556961</speed><course>10.828926</course><hAcc>1.583933</hAcc><vAcc>0.807662</vAcc></extensions></trkpt>
      <trkpt lon="-76.447223" lat="39.347532"><ele>22.717974</ele><time>2022-02-23T22:17:53Z</time><extensions><speed>1.504827</speed><course>13.838573</course><hAcc>1.630890</hAcc><vAcc>0.808473</vAcc></extensions></trkpt>
      <trkpt lon="-76.447220" lat="39.347545"><ele>22.660257</ele><time>2022-02-23T22:17:54Z</time><extensions><speed>1.513041</speed><course>8.749915</course><hAcc>1.585116</hAcc><vAcc>0.809155</vAcc></extensions></trkpt>
      <trkpt lon="-76.447217" lat="39.347559"><ele>22.595303</ele><time>2022-02-23T22:17:55Z</time><extensions><speed>1.440141</speed><course>8.483760</course><hAcc>1.528927</hAcc><vAcc>0.809721</vAcc></extensions></trkpt>
      <trkpt lon="-76.447214" lat="39.347571"><ele>22.539295</ele><time>2022-02-23T22:17:56Z</time><extensions><speed>1.405245</speed><course>9.533417</course><hAcc>1.500400</hAcc><vAcc>0.810239</vAcc></extensions></trkpt>
      <trkpt lon="-76.447212" lat="39.347583"><ele>22.474552</ele><time>2022-02-23T22:17:57Z</time><extensions><speed>1.291682</speed><course>10.934021</course><hAcc>1.498014</hAcc><vAcc>0.810648</vAcc></extensions></trkpt>
      <trkpt lon="-76.447208" lat="39.347595"><ele>22.442835</ele><time>2022-02-23T22:17:58Z</time><extensions><speed>1.327219</speed><course>14.868331</course><hAcc>1.501105</hAcc><vAcc>0.810941</vAcc></extensions></trkpt>
      <trkpt lon="-76.447204" lat="39.347607"><ele>22.439800</ele><time>2022-02-23T22:17:59Z</time><extensions><speed>1.440674</speed><course>16.350063</course><hAcc>1.514672</hAcc><vAcc>0.811107</vAcc></extensions></trkpt>
      <trkpt lon="-76.447200" lat="39.347619"><ele>22.423903</ele><time>2022-02-23T22:18:00Z</time><extensions><speed>1.481023</speed><course>10.487756</course><hAcc>1.521703</hAcc><vAcc>0.811166</vAcc></extensions></trkpt>
      <trkpt lon="-76.447197" lat="39.347633"><ele>22.429344</ele><time>2022-02-23T22:18:01Z</time><extensions><speed>1.492028</speed><course>7.232493</course><hAcc>1.532395</hAcc><vAcc>0.811090</vAcc></extensions></trkpt>
      <trkpt lon="-76.447196" lat="39.347646"><ele>22.442972</ele><time>2022-02-23T22:18:02Z</time><extensions><speed>1.435835</speed><course>2.935315</course><hAcc>1.531928</hAcc><vAcc>0.810883</vAcc></extensions></trkpt>
      <trkpt lon="-76.447195" lat="39.347658"><ele>22.476377</ele><time>2022-02-23T22:18:03Z</time><extensions><speed>1.336670</speed><course>0.681207</course><hAcc>1.516862</hAcc><vAcc>0.810563</vAcc></extensions></trkpt>
      <trkpt lon="-76.447195" lat="39.347670"><ele>22.483946</ele><time>2022-02-23T22:18:04Z</time><extensions><speed>1.259684</speed><course>359.227905</course><hAcc>1.552229</hAcc><vAcc>0.810145</vAcc></extensions></trkpt>
      <trkpt lon="-76.447196" lat="39.347681"><ele>22.498878</ele><time>2022-02-23T22:18:05Z</time><extensions><speed>1.233214</speed><course>0.112999</course><hAcc>1.604118</hAcc><vAcc>0.809759</vAcc></extensions></trkpt>
      <trkpt lon="-76.447196" lat="39.347692"><ele>22.544827</ele><time>2022-02-23T22:18:06Z</time><extensions><speed>1.260090</speed><course>359.244385</course><hAcc>1.643994</hAcc><vAcc>0.809306</vAcc></extensions></trkpt>
      <trkpt lon="-76.447196" lat="39.347704"><ele>22.598906</ele><time>2022-02-23T22:18:07Z</time><extensions><speed>1.237118</speed><course>358.264160</course><hAcc>1.665733</hAcc><vAcc>0.808835</vAcc></extensions></trkpt>
      <trkpt lon="-76.447197" lat="39.347715"><ele>22.639862</ele><time>2022-02-23T22:18:08Z</time><extensions><speed>1.200023</speed><course>355.311676</course><hAcc>1.678209</hAcc><vAcc>0.808376</vAcc></extensions></trkpt>
      <trkpt lon="-76.447199" lat="39.347725"><ele>22.685104</ele><time>2022-02-23T22:18:09Z</time><extensions><speed>1.140737</speed><course>350.159515</course><hAcc>1.685971</hAcc><vAcc>0.807913</vAcc></extensions></trkpt>
      <trkpt lon="-76.447202" lat="39.347735"><ele>22.728836</ele><time>2022-02-23T22:18:10Z</time><extensions><speed>1.181779</speed><course>346.189301</course><hAcc>1.692248</hAcc><vAcc>0.807508</vAcc></extensions></trkpt>
      <trkpt lon="-76.447205" lat="39.347746"><ele>22.771915</ele><time>2022-02-23T22:18:11Z</time><extensions><speed>1.308213</speed><course>344.737091</course><hAcc>1.686041</hAcc><vAcc>0.807122</vAcc></extensions></trkpt>
      <trkpt lon="-76.447209" lat="39.347758"><ele>22.818935</ele><time>2022-02-23T22:18:12Z</time><extensions><speed>1.378278</speed><course>346.340912</course><hAcc>1.678076</hAcc><vAcc>0.806837</vAcc></extensions></trkpt>
      <trkpt lon="-76.447213" lat="39.347770"><ele>22.872894</ele><time>2022-02-23T22:18:13Z</time><extensions><speed>1.447219</speed><course>347.345093</course><hAcc>1.670123</hAcc><vAcc>0.806643</vAcc></extensions></trkpt>
      <trkpt lon="-76.447217" lat="39.347783"><ele>22.924540</ele><time>2022-02-23T22:18:14Z</time><extensions><speed>1.511006</speed><course>346.568268</course><hAcc>1.681311</hAcc><vAcc>0.806652</vAcc></extensions></trkpt>
      <trkpt lon="-76.447221" lat="39.347796"><ele>22.988029</ele><time>2022-02-23T22:18:15Z</time><extensions><speed>1.423469</speed><course>341.884552</course><hAcc>1.707306</hAcc><vAcc>0.806761</vAcc></extensions></trkpt>
      <trkpt lon="-76.447227" lat="39.347807"><ele>23.029083</ele><time>2022-02-23T22:18:16Z</time><extensions><speed>1.317426</speed><course>334.675629</course><hAcc>1.663900</hAcc><vAcc>0.807018</vAcc></extensions></trkpt>
      <trkpt lon="-76.447234" lat="39.347818"><ele>23.076408</ele><time>2022-02-23T22:18:17Z</time><extensions><speed>1.311338</speed><course>333.469818</course><hAcc>1.632812</hAcc><vAcc>0.807384</vAcc></extensions></trkpt>
      <trkpt lon="-76.447241" lat="39.347829"><ele>23.097231</ele><time>2022-02-23T22:18:18Z</time><extensions><speed>1.465904</speed><course>335.354248</course><hAcc>1.623082</hAcc><vAcc>0.807876</vAcc></extensions></trkpt>
      <trkpt lon="-76.447248" lat="39.347842"><ele>23.134541</ele><time>2022-02-23T22:18:19Z</time><extensions><speed>1.560582</speed><course>337.535797</course><hAcc>1.636487</hAcc><vAcc>0.808517</vAcc></extensions></trkpt>
      <trkpt lon="-76.447254" lat="39.347855"><ele>23.147984</ele><time>2022-02-23T22:18:20Z</time><extensions><speed>1.472011</speed><course>339.252319</course><hAcc>1.672415</hAcc><vAcc>0.809346</vAcc></extensions></trkpt>
      <trkpt lon="-76.447260" lat="39.347867"><ele>23.145552</ele><time>2022-02-23T22:18:21Z</time><extensions><speed>1.428515</speed><course>339.380951</course><hAcc>1.625112</hAcc><vAcc>0.810192</vAcc></extensions></trkpt>
      <trkpt lon="-76.447266" lat="39.347879"><ele>23.168751</ele><time>2022-02-23T22:18:22Z</time><extensions><speed>1.443217</speed><course>339.760590</course><hAcc>1.598018</hAcc><vAcc>0.811037</vAcc></extensions></trkpt>
      <trkpt lon="-76.447272" lat="39.347891"><ele>23.188721</ele><time>2022-02-23T22:18:23Z</time><extensions><speed>1.498367</speed><course>339.342560</course><hAcc>1.583019</hAcc><vAcc>0.811799</vAcc></extensions></trkpt>
      <trkpt lon="-76.447278" lat="39.347904"><ele>23.181601</ele><time>2022-02-23T22:18:24Z</time><extensions><speed>1.489215</speed><course>337.071747</course><hAcc>1.586988</hAcc><vAcc>0.812441</vAcc></extensions></trkpt>
      <trkpt lon="-76.447285" lat="39.347917"><ele>23.180500</ele><time>2022-02-23T22:18:25Z</time><extensions><speed>1.554249</speed><course>339.464203</course><hAcc>1.563339</hAcc><vAcc>0.812918</vAcc></extensions></trkpt>
      <trkpt lon="-76.447291" lat="39.347929"><ele>23.175468</ele><time>2022-02-23T22:18:26Z</time><extensions><speed>1.478056</speed><course>339.682281</course><hAcc>1.581055</hAcc><vAcc>0.813229</vAcc></extensions></trkpt>
      <trkpt lon="-76.447296" lat="39.347942"><ele>23.174068</ele><time>2022-02-23T22:18:27Z</time><extensions><speed>1.411605</speed><course>341.724182</course><hAcc>1.604241</hAcc><vAcc>0.813353</vAcc></extensions></trkpt>
      <trkpt lon="-76.447300" lat="39.347954"><ele>23.169287</ele><time>2022-02-23T22:18:28Z</time><extensions><speed>1.350660</speed><course>347.309937</course><hAcc>1.619156</hAcc><vAcc>0.813298</vAcc></extensions></trkpt>
      <trkpt lon="-76.447303" lat="39.347966"><ele>23.184729</ele><time>2022-02-23T22:18:29Z</time><extensions><speed>1.420412</speed><course>352.352356</course><hAcc>1.594102</hAcc><vAcc>0.813073</vAcc></extensions></trkpt>
      <trkpt lon="-76.447305" lat="39.347978"><ele>23.197691</ele><time>2022-02-23T22:18:30Z</time><extensions><speed>1.354857</speed><course>354.318787</course><hAcc>1.606273</hAcc><vAcc>0.812698</vAcc></extensions></trkpt>
      <trkpt lon="-76.447307" lat="39.347990"><ele>23.205164</ele><time>2022-02-23T22:18:31Z</time><extensions><speed>1.313767</speed><course>353.484528</course><hAcc>1.631603</hAcc><vAcc>0.812255</vAcc></extensions></trkpt>
      <trkpt lon="-76.447309" lat="39.348002"><ele>23.248003</ele><time>2022-02-23T22:18:32Z</time><extensions><speed>1.239369</speed><course>351.319092</course><hAcc>1.660115</hAcc><vAcc>0.811777</vAcc></extensions></trkpt>
      <trkpt lon="-76.447311" lat="39.348013"><ele>23.295065</ele><time>2022-02-23T22:18:33Z</time><extensions><speed>1.237961</speed><course>348.556122</course><hAcc>1.686863</hAcc><vAcc>0.811273</vAcc></extensions></trkpt>
      <trkpt lon="-76.447315" lat="39.348024"><ele>23.330978</ele><time>2022-02-23T22:18:34Z</time><extensions><speed>1.291939</speed><course>346.384735</course><hAcc>1.705173</hAcc><vAcc>0.810777</vAcc></extensions></trkpt>
      <trkpt lon="-76.447318" lat="39.348035"><ele>23.373135</ele><time>2022-02-23T22:18:35Z</time><extensions><speed>1.354488</speed><course>345.330139</course><hAcc>1.715957</hAcc><vAcc>0.810394</vAcc></extensions></trkpt>
      <trkpt lon="-76.447322" lat="39.348047"><ele>23.408941</ele><time>2022-02-23T22:18:36Z</time><extensions><speed>1.372559</speed><course>346.329987</course><hAcc>1.720003</hAcc><vAcc>0.810098</vAcc></extensions></trkpt>
      <trkpt lon="-76.447326" lat="39.348059"><ele>23.448286</ele><time>2022-02-23T22:18:37Z</time><extensions><speed>1.333054</speed><course>347.976929</course><hAcc>1.721090</hAcc><vAcc>0.809911</vAcc></extensions></trkpt>
      <trkpt lon="-76.447329" lat="39.348071"><ele>23.494301</ele><time>2022-02-23T22:18:38Z</time><extensions><speed>1.303315</speed><course>348.765961</course><hAcc>1.718408</hAcc><vAcc>0.809820</vAcc></extensions></trkpt>
      <trkpt lon="-76.447332" lat="39.348082"><ele>23.565149</ele><time>2022-02-23T22:18:39Z</time><extensions><speed>1.278520</speed><course>348.941345</course><hAcc>1.708599</hAcc><vAcc>0.809857</vAcc></extensions></trkpt>
      <trkpt lon="-76.447335" lat="39.348094"><ele>23.626158</ele><time>2022-02-23T22:18:40Z</time><extensions><speed>1.301216</speed><course>347.927521</course><hAcc>1.695852</hAcc><vAcc>0.809997</vAcc></extensions></trkpt>
      <trkpt lon="-76.447339" lat="39.348105"><ele>23.665779</ele><time>2022-02-23T22:18:41Z</time><extensions><speed>1.296098</speed><course>345.230927</course><hAcc>1.679454</hAcc><vAcc>0.810192</vAcc></extensions></trkpt>
      <trkpt lon="-76.447343" lat="39.348116"><ele>23.709883</ele><time>2022-02-23T22:18:42Z</time><extensions><speed>1.341017</speed><course>344.268951</course><hAcc>1.652338</hAcc><vAcc>0.810401</vAcc></extensions></trkpt>
      <trkpt lon="-76.447347" lat="39.348128"><ele>23.749096</ele><time>2022-02-23T22:18:43Z</time><extensions><speed>1.408070</speed><course>341.366272</course><hAcc>1.613655</hAcc><vAcc>0.810648</vAcc></extensions></trkpt>
      <trkpt lon="-76.447353" lat="39.348141"><ele>23.801479</ele><time>2022-02-23T22:18:44Z</time><extensions><speed>1.490810</speed><course>340.298492</course><hAcc>1.595703</hAcc><vAcc>0.810877</vAcc></extensions></trkpt>
      <trkpt lon="-76.447359" lat="39.348153"><ele>23.872034</ele><time>2022-02-23T22:18:45Z</time><extensions><speed>1.442458</speed><course>340.526581</course><hAcc>1.615120</hAcc><vAcc>0.811118</vAcc></extensions></trkpt>
      <trkpt lon="-76.447365" lat="39.348165"><ele>23.897087</ele><time>2022-02-23T22:18:46Z</time><extensions><speed>1.313480</speed><course>334.680817</course><hAcc>1.582820</hAcc><vAcc>0.811345</vAcc></extensions></trkpt>
      <trkpt lon="-76.447372" lat="39.348174"><ele>23.893435</ele><time>2022-02-23T22:18:47Z</time><extensions><speed>1.143713</speed><course>329.923279</course><hAcc>1.595298</hAcc><vAcc>0.811588</vAcc></extensions></trkpt>
      <trkpt lon="-76.447378" lat="39.348183"><ele>23.903269</ele><time>2022-02-23T22:18:48Z</time><extensions><speed>1.113241</speed><course>327.305328</course><hAcc>1.571169</hAcc><vAcc>0.811809</vAcc></extensions></trkpt>
      <trkpt lon="-76.447385" lat="39.348191"><ele>23.927765</ele><time>2022-02-23T22:18:49Z</time><extensions><speed>1.006461</speed><course>329.711945</course><hAcc>1.607242</hAcc><vAcc>0.811987</vAcc></extensions></trkpt>
      <trkpt lon="-76.447391" lat="39.348199"><ele>23.987871</ele><time>2022-02-23T22:18:50Z</time><extensions><speed>1.102423</speed><course>327.452484</course><hAcc>1.599792</hAcc><vAcc>0.812135</vAcc></extensions></trkpt>
      <trkpt lon="-76.447399" lat="39.348208"><ele>24.015556</ele><time>2022-02-23T22:18:51Z</time><extensions><speed>1.298574</speed><course>328.135406</course><hAcc>1.597850</hAcc><vAcc>0.812290</vAcc></extensions></trkpt>
      <trkpt lon="-76.447407" lat="39.348219"><ele>23.987305</ele><time>2022-02-23T22:18:52Z</time><extensions><speed>1.382009</speed><course>328.562744</course><hAcc>1.616120</hAcc><vAcc>0.812426</vAcc></extensions></trkpt>
      <trkpt lon="-76.447415" lat="39.348229"><ele>23.967707</ele><time>2022-02-23T22:18:53Z</time><extensions><speed>1.380728</speed><course>329.098572</course><hAcc>1.635575</hAcc><vAcc>0.812559</vAcc></extensions></trkpt>
      <trkpt lon="-76.447424" lat="39.348240"><ele>23.985260</ele><time>2022-02-23T22:18:54Z</time><extensions><speed>1.339617</speed><course>327.868896</course><hAcc>1.634921</hAcc><vAcc>0.812705</vAcc></extensions></trkpt>
      <trkpt lon="-76.447432" lat="39.348250"><ele>24.025553</ele><time>2022-02-23T22:18:55Z</time><extensions><speed>1.268986</speed><course>324.584930</course><hAcc>1.634935</hAcc><vAcc>0.812862</vAcc></extensions></trkpt>
      <trkpt lon="-76.447441" lat="39.348259"><ele>24.026567</ele><time>2022-02-23T22:18:56Z</time><extensions><speed>1.196813</speed><course>320.400360</course><hAcc>1.630334</hAcc><vAcc>0.813022</vAcc></extensions></trkpt>
      <trkpt lon="-76.447451" lat="39.348268"><ele>24.007677</ele><time>2022-02-23T22:18:57Z</time><extensions><speed>1.407168</speed><course>318.164520</course><hAcc>1.600497</hAcc><vAcc>0.813145</vAcc></extensions></trkpt>
      <trkpt lon="-76.447462" lat="39.348277"><ele>23.987059</ele><time>2022-02-23T22:18:58Z</time><extensions><speed>1.488706</speed><course>318.149323</course><hAcc>1.554968</hAcc><vAcc>0.813201</vAcc></extensions></trkpt>
      <trkpt lon="-76.447474" lat="39.348287"><ele>23.983555</ele><time>2022-02-23T22:18:59Z</time><extensions><speed>1.452206</speed><course>318.138916</course><hAcc>1.516615</hAcc><vAcc>0.813170</vAcc></extensions></trkpt>
      <trkpt lon="-76.447485" lat="39.348297"><ele>23.966589</ele><time>2022-02-23T22:19:00Z</time><extensions><speed>1.378866</speed><course>315.992157</course><hAcc>1.536349</hAcc><vAcc>0.813077</vAcc></extensions></trkpt>
      <trkpt lon="-76.447496" lat="39.348306"><ele>23.944138</ele><time>2022-02-23T22:19:01Z</time><extensions><speed>1.449742</speed><course>319.111328</course><hAcc>1.545529</hAcc><vAcc>0.812920</vAcc></extensions></trkpt>
      <trkpt lon="-76.447507" lat="39.348316"><ele>23.924103</ele><time>2022-02-23T22:19:02Z</time><extensions><speed>1.425817</speed><course>322.782288</course><hAcc>1.509433</hAcc><vAcc>0.812715</vAcc></extensions></trkpt>
      <trkpt lon="-76.447517" lat="39.348326"><ele>23.909523</ele><time>2022-02-23T22:19:03Z</time><extensions><speed>1.478775</speed><course>320.027710</course><hAcc>1.487580</hAcc><vAcc>0.812439</vAcc></extensions></trkpt>
      <trkpt lon="-76.447528" lat="39.348336"><ele>23.894003</ele><time>2022-02-23T22:19:04Z</time><extensions><speed>1.400419</speed><course>321.203461</course><hAcc>1.522332</hAcc><vAcc>0.812169</vAcc></extensions></trkpt>
      <trkpt lon="-76.447537" lat="39.348346"><ele>23.860575</ele><time>2022-02-23T22:19:05Z</time><extensions><speed>1.397725</speed><course>324.954224</course><hAcc>1.493401</hAcc><vAcc>0.811863</vAcc></extensions></trkpt>
      <trkpt lon="-76.447547" lat="39.348357"><ele>23.779608</ele><time>2022-02-23T22:19:06Z</time><extensions><speed>1.481473</speed><course>324.502380</course><hAcc>1.489559</hAcc><vAcc>0.811483</vAcc></extensions></trkpt>
      <trkpt lon="-76.447558" lat="39.348368"><ele>23.686298</ele><time>2022-02-23T22:19:07Z</time><extensions><speed>1.499307</speed><course>320.394043</course><hAcc>1.476796</hAcc><vAcc>0.811063</vAcc></extensions></trkpt>
      <trkpt lon="-76.447569" lat="39.348378"><ele>23.611517</ele><time>2022-02-23T22:19:08Z</time><extensions><speed>1.483419</speed><course>316.133392</course><hAcc>1.489880</hAcc><vAcc>0.810596</vAcc></extensions></trkpt>
      <trkpt lon="-76.447582" lat="39.348387"><ele>23.560741</ele><time>2022-02-23T22:19:09Z</time><extensions><speed>1.535163</speed><course>314.367126</course><hAcc>1.505376</hAcc><vAcc>0.810121</vAcc></extensions></trkpt>
      <trkpt lon="-76.447594" lat="39.348397"><ele>23.515690</ele><time>2022-02-23T22:19:10Z</time><extensions><speed>1.486036</speed><course>316.304413</course><hAcc>1.494859</hAcc><vAcc>0.809637</vAcc></extensions></trkpt>
      <trkpt lon="-76.447606" lat="39.348406"><ele>23.460838</ele><time>2022-02-23T22:19:11Z</time><extensions><speed>1.468361</speed><course>318.035919</course><hAcc>1.470692</hAcc><vAcc>0.809128</vAcc></extensions></trkpt>
      <trkpt lon="-76.447617" lat="39.348416"><ele>23.412241</ele><time>2022-02-23T22:19:12Z</time><extensions><speed>1.429534</speed><course>317.308868</course><hAcc>1.495890</hAcc><vAcc>0.808634</vAcc></extensions></trkpt>
      <trkpt lon="-76.447629" lat="39.348425"><ele>23.413389</ele><time>2022-02-23T22:19:13Z</time><extensions><speed>1.392808</speed><course>312.995636</course><hAcc>1.462860</hAcc><vAcc>0.808134</vAcc></extensions></trkpt>
      <trkpt lon="-76.447641" lat="39.348433"><ele>23.386236</ele><time>2022-02-23T22:19:14Z</time><extensions><speed>1.379095</speed><course>310.847107</course><hAcc>1.508677</hAcc><vAcc>0.807606</vAcc></extensions></trkpt>
      <trkpt lon="-76.447653" lat="39.348442"><ele>23.370468</ele><time>2022-02-23T22:19:15Z</time><extensions><speed>1.340237</speed><course>315.661743</course><hAcc>1.532510</hAcc><vAcc>0.807080</vAcc></extensions></trkpt>
      <trkpt lon="-76.447664" lat="39.348450"><ele>23.341139</ele><time>2022-02-23T22:19:16Z</time><extensions><speed>1.311460</speed><course>311.158569</course><hAcc>1.531682</hAcc><vAcc>0.806535</vAcc></extensions></trkpt>
      <trkpt lon="-76.447676" lat="39.348458"><ele>23.344166</ele><time>2022-02-23T22:19:17Z</time><extensions><speed>1.389487</speed><course>307.738647</course><hAcc>1.518411</hAcc><vAcc>0.805961</vAcc></extensions></trkpt>
      <trkpt lon="-76.447689" lat="39.348465"><ele>23.368078</ele><time>2022-02-23T22:19:18Z</time><extensions><speed>1.491142</speed><course>306.032562</course><hAcc>1.546209</hAcc><vAcc>0.805362</vAcc></extensions></trkpt>
      <trkpt lon="-76.447703" lat="39.348473"><ele>23.400328</ele><time>2022-02-23T22:19:19Z</time><extensions><speed>1.475176</speed><course>303.560577</course><hAcc>1.599632</hAcc><vAcc>0.804695</vAcc></extensions></trkpt>
      <trkpt lon="-76.447718" lat="39.348480"><ele>23.442924</ele><time>2022-02-23T22:19:20Z</time><extensions><speed>1.464524</speed><course>301.947937</course><hAcc>1.613740</hAcc><vAcc>0.803910</vAcc></extensions></trkpt>
      <trkpt lon="-76.447732" lat="39.348487"><ele>23.485043</ele><time>2022-02-23T22:19:21Z</time><extensions><speed>1.508486</speed><course>300.508453</course><hAcc>1.607293</hAcc><vAcc>0.803092</vAcc></extensions></trkpt>
      <trkpt lon="-76.447747" lat="39.348494"><ele>23.533468</ele><time>2022-02-23T22:19:22Z</time><extensions><speed>1.479921</speed><course>300.942841</course><hAcc>1.613501</hAcc><vAcc>0.802232</vAcc></extensions></trkpt>
      <trkpt lon="-76.447762" lat="39.348500"><ele>23.564268</ele><time>2022-02-23T22:19:23Z</time><extensions><speed>1.487255</speed><course>296.317963</course><hAcc>1.596959</hAcc><vAcc>0.801316</vAcc></extensions></trkpt>
      <trkpt lon="-76.447778" lat="39.348506"><ele>23.604744</ele><time>2022-02-23T22:19:24Z</time><extensions><speed>1.480355</speed><course>295.238861</course><hAcc>1.605899</hAcc><vAcc>0.800350</vAcc></extensions></trkpt>
      <trkpt lon="-76.447793" lat="39.348512"><ele>23.657194</ele><time>2022-02-23T22:19:25Z</time><extensions><speed>1.412982</speed><course>295.304504</course><hAcc>1.641188</hAcc><vAcc>0.799327</vAcc></extensions></trkpt>
      <trkpt lon="-76.447808" lat="39.348518"><ele>23.698183</ele><time>2022-02-23T22:19:26Z</time><extensions><speed>1.416567</speed><course>299.198975</course><hAcc>1.618879</hAcc><vAcc>0.798217</vAcc></extensions></trkpt>
      <trkpt lon="-76.447822" lat="39.348524"><ele>23.747789</ele><time>2022-02-23T22:19:27Z</time><extensions><speed>1.383958</speed><course>300.035004</course><hAcc>1.658287</hAcc><vAcc>0.797105</vAcc></extensions></trkpt>
      <trkpt lon="-76.447835" lat="39.348530"><ele>23.779156</ele><time>2022-02-23T22:19:28Z</time><extensions><speed>1.307259</speed><course>299.921753</course><hAcc>1.626166</hAcc><vAcc>0.796002</vAcc></extensions></trkpt>
      <trkpt lon="-76.447848" lat="39.348535"><ele>23.826021</ele><time>2022-02-23T22:19:29Z</time><extensions><speed>1.284589</speed><course>297.002380</course><hAcc>1.619470</hAcc><vAcc>0.794969</vAcc></extensions></trkpt>
      <trkpt lon="-76.447862" lat="39.348540"><ele>23.866299</ele><time>2022-02-23T22:19:30Z</time><extensions><speed>1.266096</speed><course>293.613678</course><hAcc>1.636054</hAcc><vAcc>0.793988</vAcc></extensions></trkpt>
      <trkpt lon="-76.447876" lat="39.348545"><ele>23.903727</ele><time>2022-02-23T22:19:31Z</time><extensions><speed>1.310570</speed><course>291.633270</course><hAcc>1.660412</hAcc><vAcc>0.793087</vAcc></extensions></trkpt>
      <trkpt lon="-76.447890" lat="39.348549"><ele>23.939089</ele><time>2022-02-23T22:19:32Z</time><extensions><speed>1.375939</speed><course>289.397125</course><hAcc>1.707567</hAcc><vAcc>0.792255</vAcc></extensions></trkpt>
      <trkpt lon="-76.447905" lat="39.348553"><ele>23.964521</ele><time>2022-02-23T22:19:33Z</time><extensions><speed>1.368742</speed><course>285.369873</course><hAcc>1.775399</hAcc><vAcc>0.791519</vAcc></extensions></trkpt>
      <trkpt lon="-76.447921" lat="39.348555"><ele>24.001019</ele><time>2022-02-23T22:19:34Z</time><extensions><speed>1.356279</speed><course>282.026550</course><hAcc>1.729562</hAcc><vAcc>0.790855</vAcc></extensions></trkpt>
      <trkpt lon="-76.447936" lat="39.348558"><ele>24.047478</ele><time>2022-02-23T22:19:35Z</time><extensions><speed>1.350476</speed><course>278.394867</course><hAcc>1.705898</hAcc><vAcc>0.790233</vAcc></extensions></trkpt>
      <trkpt lon="-76.447952" lat="39.348559"><ele>24.093246</ele><time>2022-02-23T22:19:36Z</time><extensions><speed>1.321485</speed><course>275.505035</course><hAcc>1.719209</hAcc><vAcc>0.789723</vAcc></extensions></trkpt>
      <trkpt lon="-76.447967" lat="39.348560"><ele>24.141260</ele><time>2022-02-23T22:19:37Z</time><extensions><speed>1.271607</speed><course>274.326599</course><hAcc>1.748231</hAcc><vAcc>0.789357</vAcc></extensions></trkpt>
      <trkpt lon="-76.447981" lat="39.348561"><ele>24.162533</ele><time>2022-02-23T22:19:38Z</time><extensions><speed>1.190878</speed><course>272.390106</course><hAcc>1.778354</hAcc><vAcc>0.789075</vAcc></extensions></trkpt>
      <trkpt lon="-76.447994" lat="39.348561"><ele>24.177954</ele><time>2022-02-23T22:19:39Z</time><extensions><speed>1.048122</speed><course>264.843475</course><hAcc>1.800785</hAcc><vAcc>0.788962</vAcc></extensions></trkpt>
      <trkpt lon="-76.448006" lat="39.348559"><ele>24.267731</ele><time>2022-02-23T22:19:40Z</time><extensions><speed>1.057153</speed><course>259.771423</course><hAcc>1.794039</hAcc><vAcc>0.788955</vAcc></extensions></trkpt>
      <trkpt lon="-76.448019" lat="39.348557"><ele>24.379320</ele><time>2022-02-23T22:19:41Z</time><extensions><speed>1.163758</speed><course>256.907349</course><hAcc>1.786517</hAcc><vAcc>0.789051</vAcc></extensions></trkpt>
      <trkpt lon="-76.448032" lat="39.348554"><ele>24.494610</ele><time>2022-02-23T22:19:42Z</time><extensions><speed>1.224564</speed><course>254.339569</course><hAcc>1.784281</hAcc><vAcc>0.789353</vAcc></extensions></trkpt>
      <trkpt lon="-76.448046" lat="39.348551"><ele>24.670992</ele><time>2022-02-23T22:19:43Z</time><extensions><speed>1.242792</speed><course>251.610321</course><hAcc>1.786338</hAcc><vAcc>0.789751</vAcc></extensions></trkpt>
      <trkpt lon="-76.448060" lat="39.348547"><ele>24.827963</ele><time>2022-02-23T22:19:44Z</time><extensions><speed>1.278832</speed><course>249.088837</course><hAcc>1.785714</hAcc><vAcc>0.790253</vAcc></extensions></trkpt>
      <trkpt lon="-76.448074" lat="39.348543"><ele>24.951004</ele><time>2022-02-23T22:19:45Z</time><extensions><speed>1.372777</speed><course>247.444229</course><hAcc>1.768696</hAcc><vAcc>0.790896</vAcc></extensions></trkpt>
      <trkpt lon="-76.448089" lat="39.348538"><ele>25.111706</ele><time>2022-02-23T22:19:46Z</time><extensions><speed>1.414004</speed><course>245.861115</course><hAcc>1.753775</hAcc><vAcc>0.791648</vAcc></extensions></trkpt>
      <trkpt lon="-76.448105" lat="39.348533"><ele>25.283682</ele><time>2022-02-23T22:19:47Z</time><extensions><speed>1.474851</speed><course>245.875854</course><hAcc>1.725077</hAcc><vAcc>0.792531</vAcc></extensions></trkpt>
      <trkpt lon="-76.448120" lat="39.348528"><ele>25.456663</ele><time>2022-02-23T22:19:48Z</time><extensions><speed>1.436840</speed><course>246.837997</course><hAcc>1.695738</hAcc><vAcc>0.793488</vAcc></extensions></trkpt>
      <trkpt lon="-76.448135" lat="39.348523"><ele>25.639729</ele><time>2022-02-23T22:19:49Z</time><extensions><speed>1.352776</speed><course>247.245316</course><hAcc>1.694935</hAcc><vAcc>0.794422</vAcc></extensions></trkpt>
      <trkpt lon="-76.448148" lat="39.348518"><ele>25.795107</ele><time>2022-02-23T22:19:50Z</time><extensions><speed>1.151902</speed><course>245.343552</course><hAcc>1.731002</hAcc><vAcc>0.795325</vAcc></extensions></trkpt>
      <trkpt lon="-76.448161" lat="39.348514"><ele>25.943022</ele><time>2022-02-23T22:19:51Z</time><extensions><speed>1.111775</speed><course>248.365189</course><hAcc>1.695348</hAcc><vAcc>0.796187</vAcc></extensions></trkpt>
      <trkpt lon="-76.448173" lat="39.348511"><ele>26.072008</ele><time>2022-02-23T22:19:52Z</time><extensions><speed>1.075433</speed><course>252.003998</course><hAcc>1.669562</hAcc><vAcc>0.796936</vAcc></extensions></trkpt>
      <trkpt lon="-76.448183" lat="39.348509"><ele>26.176661</ele><time>2022-02-23T22:19:53Z</time><extensions><speed>0.830448</speed><course>256.781464</course><hAcc>1.683221</hAcc><vAcc>0.797610</vAcc></extensions></trkpt>
      <trkpt lon="-76.448194" lat="39.348507"><ele>26.248789</ele><time>2022-02-23T22:19:54Z</time><extensions><speed>1.100776</speed><course>256.388550</course><hAcc>1.696523</hAcc><vAcc>0.798157</vAcc></extensions></trkpt>
      <trkpt lon="-76.448206" lat="39.348504"><ele>26.300974</ele><time>2022-02-23T22:19:55Z</time><extensions><speed>1.096148</speed><course>254.258133</course><hAcc>1.696285</hAcc><vAcc>0.798581</vAcc></extensions></trkpt>
      <trkpt lon="-76.448219" lat="39.348501"><ele>26.335077</ele><time>2022-02-23T22:19:56Z</time><extensions><speed>1.115218</speed><course>253.378494</course><hAcc>1.693434</hAcc><vAcc>0.798941</vAcc></extensions></trkpt>
      <trkpt lon="-76.448231" lat="39.348499"><ele>26.337698</ele><time>2022-02-23T22:19:57Z</time><extensions><speed>1.090159</speed><course>253.751633</course><hAcc>1.699008</hAcc><vAcc>0.799264</vAcc></extensions></trkpt>
      <trkpt lon="-76.448243" lat="39.348496"><ele>26.330349</ele><time>2022-02-23T22:19:58Z</time><extensions><speed>0.992865</speed><course>255.391434</course><hAcc>1.708718</hAcc><vAcc>0.799563</vAcc></extensions></trkpt>
      <trkpt lon="-76.448254" lat="39.348494"><ele>26.320852</ele><time>2022-02-23T22:19:59Z</time><extensions><speed>0.960551</speed><course>255.732407</course><hAcc>1.688908</hAcc><vAcc>0.799828</vAcc></extensions></trkpt>
      <trkpt lon="-76.448264" lat="39.348492"><ele>26.278683</ele><time>2022-02-23T22:20:00Z</time><extensions><speed>0.907510</speed><course>255.116043</course><hAcc>1.679056</hAcc><vAcc>0.800062</vAcc></extensions></trkpt>
      <trkpt lon="-76.448274" lat="39.348490"><ele>26.217045</ele><time>2022-02-23T22:20:01Z</time><extensions><speed>0.828196</speed><course>251.354340</course><hAcc>1.698040</hAcc><vAcc>0.800223</vAcc></extensions></trkpt>
      <trkpt lon="-76.448283" lat="39.348487"><ele>26.127563</ele><time>2022-02-23T22:20:02Z</time><extensions><speed>0.793529</speed><course>247.016556</course><hAcc>1.700884</hAcc><vAcc>0.800391</vAcc></extensions></trkpt>
      <trkpt lon="-76.448291" lat="39.348484"><ele>26.058876</ele><time>2022-02-23T22:20:03Z</time><extensions><speed>0.723333</speed><course>242.881958</course><hAcc>1.714575</hAcc><vAcc>0.800579</vAcc></extensions></trkpt>
      <trkpt lon="-76.448298" lat="39.348481"><ele>25.951584</ele><time>2022-02-23T22:20:04Z</time><extensions><speed>0.784595</speed><course>241.433640</course><hAcc>1.686077</hAcc><vAcc>0.800715</vAcc></extensions></trkpt>
      <trkpt lon="-76.448307" lat="39.348477"><ele>25.846716</ele><time>2022-02-23T22:20:05Z</time><extensions><speed>0.942488</speed><course>238.841675</course><hAcc>1.680838</hAcc><vAcc>0.800801</vAcc></extensions></trkpt>
      <trkpt lon="-76.448317" lat="39.348472"><ele>25.751373</ele><time>2022-02-23T22:20:06Z</time><extensions><speed>1.099956</speed><course>235.784805</course><hAcc>1.695082</hAcc><vAcc>0.800957</vAcc></extensions></trkpt>
      <trkpt lon="-76.448328" lat="39.348466"><ele>25.667635</ele><time>2022-02-23T22:20:07Z</time><extensions><speed>1.180409</speed><course>232.366287</course><hAcc>1.708632</hAcc><vAcc>0.801139</vAcc></extensions></trkpt>
      <trkpt lon="-76.448339" lat="39.348459"><ele>25.586546</ele><time>2022-02-23T22:20:08Z</time><extensions><speed>1.213962</speed><course>231.785309</course><hAcc>1.710840</hAcc><vAcc>0.801311</vAcc></extensions></trkpt>
      <trkpt lon="-76.448350" lat="39.348452"><ele>25.511997</ele><time>2022-02-23T22:20:09Z</time><extensions><speed>1.234889</speed><course>230.492981</course><hAcc>1.699685</hAcc><vAcc>0.801485</vAcc></extensions></trkpt>
      <trkpt lon="-76.448361" lat="39.348445"><ele>25.444559</ele><time>2022-02-23T22:20:10Z</time><extensions><speed>1.278995</speed><course>228.023483</course><hAcc>1.685100</hAcc><vAcc>0.801645</vAcc></extensions></trkpt>
      <trkpt lon="-76.448372" lat="39.348437"><ele>25.396246</ele><time>2022-02-23T22:20:11Z</time><extensions><speed>1.266647</speed><course>225.765549</course><hAcc>1.679973</hAcc><vAcc>0.801823</vAcc></extensions></trkpt>
      <trkpt lon="-76.448382" lat="39.348429"><ele>25.364252</ele><time>2022-02-23T22:20:12Z</time><extensions><speed>1.220531</speed><course>222.737808</course><hAcc>1.693936</hAcc><vAcc>0.802050</vAcc></extensions></trkpt>
      <trkpt lon="-76.448391" lat="39.348420"><ele>25.334589</ele><time>2022-02-23T22:20:13Z</time><extensions><speed>1.321967</speed><course>218.437088</course><hAcc>1.690530</hAcc><vAcc>0.802330</vAcc></extensions></trkpt>
      <trkpt lon="-76.448400" lat="39.348411"><ele>25.304043</ele><time>2022-02-23T22:20:14Z</time><extensions><speed>1.229223</speed><course>215.889755</course><hAcc>1.652664</hAcc><vAcc>0.802723</vAcc></extensions></trkpt>
      <trkpt lon="-76.448408" lat="39.348403"><ele>25.285484</ele><time>2022-02-23T22:20:15Z</time><extensions><speed>1.122840</speed><course>216.124771</course><hAcc>1.630988</hAcc><vAcc>0.803209</vAcc></extensions></trkpt>
      <trkpt lon="-76.448416" lat="39.348395"><ele>25.275600</ele><time>2022-02-23T22:20:16Z</time><extensions><speed>1.000694</speed><course>218.568771</course><hAcc>1.626955</hAcc><vAcc>0.803784</vAcc></extensions></trkpt>
      <trkpt lon="-76.448424" lat="39.348388"><ele>25.273809</ele><time>2022-02-23T22:20:17Z</time><extensions><speed>1.041184</speed><course>225.582840</course><hAcc>1.603488</hAcc><vAcc>0.804458</vAcc></extensions></trkpt>
      <trkpt lon="-76.448433" lat="39.348382"><ele>25.244967</ele><time>2022-02-23T22:20:18Z</time><extensions><speed>1.065905</speed><course>232.422684</course><hAcc>1.606995</hAcc><vAcc>0.805192</vAcc></extensions></trkpt>
      <trkpt lon="-76.448443" lat="39.348376"><ele>25.251255</ele><time>2022-02-23T22:20:19Z</time><extensions><speed>1.081855</speed><course>236.229523</course><hAcc>1.630136</hAcc><vAcc>0.805931</vAcc></extensions></trkpt>
      <trkpt lon="-76.448454" lat="39.348371"><ele>25.224602</ele><time>2022-02-23T22:20:20Z</time><extensions><speed>1.153563</speed><course>236.229019</course><hAcc>1.588274</hAcc><vAcc>0.806651</vAcc></extensions></trkpt>
      <trkpt lon="-76.448466" lat="39.348365"><ele>25.222664</ele><time>2022-02-23T22:20:21Z</time><extensions><speed>1.240589</speed><course>235.232559</course><hAcc>1.585844</hAcc><vAcc>0.807297</vAcc></extensions></trkpt>
      <trkpt lon="-76.448478" lat="39.348358"><ele>25.205893</ele><time>2022-02-23T22:20:22Z</time><extensions><speed>1.302081</speed><course>234.862976</course><hAcc>1.558440</hAcc><vAcc>0.807917</vAcc></extensions></trkpt>
      <trkpt lon="-76.448490" lat="39.348351"><ele>25.189928</ele><time>2022-02-23T22:20:23Z</time><extensions><speed>1.398231</speed><course>235.665970</course><hAcc>1.580649</hAcc><vAcc>0.808508</vAcc></extensions></trkpt>
      <trkpt lon="-76.448503" lat="39.348344"><ele>25.178938</ele><time>2022-02-23T22:20:24Z</time><extensions><speed>1.296855</speed><course>237.152344</course><hAcc>1.643356</hAcc><vAcc>0.809098</vAcc></extensions></trkpt>
      <trkpt lon="-76.448516" lat="39.348338"><ele>25.170553</ele><time>2022-02-23T22:20:25Z</time><extensions><speed>1.302215</speed><course>237.250504</course><hAcc>1.594195</hAcc><vAcc>0.809688</vAcc></extensions></trkpt>
      <trkpt lon="-76.448529" lat="39.348331"><ele>25.162874</ele><time>2022-02-23T22:20:26Z</time><extensions><speed>1.337321</speed><course>234.627182</course><hAcc>1.591241</hAcc><vAcc>0.810255</vAcc></extensions></trkpt>
      <trkpt lon="-76.448541" lat="39.348324"><ele>25.165264</ele><time>2022-02-23T22:20:27Z</time><extensions><speed>1.357860</speed><course>233.215561</course><hAcc>1.635572</hAcc><vAcc>0.810822</vAcc></extensions></trkpt>
      <trkpt lon="-76.448554" lat="39.348317"><ele>25.169668</ele><time>2022-02-23T22:20:28Z</time><extensions><speed>1.329638</speed><course>232.497742</course><hAcc>1.637873</hAcc><vAcc>0.811365</vAcc></extensions></trkpt>
      <trkpt lon="-76.448566" lat="39.348309"><ele>25.185644</ele><time>2022-02-23T22:20:29Z</time><extensions><speed>1.335744</speed><course>231.228485</course><hAcc>1.636160</hAcc><vAcc>0.811869</vAcc></extensions></trkpt>
      <trkpt lon="-76.448577" lat="39.348301"><ele>25.187897</ele><time>2022-02-23T22:20:30Z</time><extensions><speed>1.251326</speed><course>227.317856</course><hAcc>1.644348</hAcc><vAcc>0.812386</vAcc></extensions></trkpt>
      <trkpt lon="-76.448588" lat="39.348293"><ele>25.180445</ele><time>2022-02-23T22:20:31Z</time><extensions><speed>1.289533</speed><course>222.382629</course><hAcc>1.632909</hAcc><vAcc>0.812899</vAcc></extensions></trkpt>
      <trkpt lon="-76.448598" lat="39.348284"><ele>25.183666</ele><time>2022-02-23T22:20:32Z</time><extensions><speed>1.374049</speed><course>220.621292</course><hAcc>1.620202</hAcc><vAcc>0.813405</vAcc></extensions></trkpt>
      <trkpt lon="-76.448608" lat="39.348274"><ele>25.186451</ele><time>2022-02-23T22:20:33Z</time><extensions><speed>1.485404</speed><course>218.489273</course><hAcc>1.628743</hAcc><vAcc>0.813912</vAcc></extensions></trkpt>
      <trkpt lon="-76.448618" lat="39.348264"><ele>25.190020</ele><time>2022-02-23T22:20:34Z</time><extensions><speed>1.381235</speed><course>218.854156</course><hAcc>1.657649</hAcc><vAcc>0.814362</vAcc></extensions></trkpt>
      <trkpt lon="-76.448628" lat="39.348254"><ele>25.190065</ele><time>2022-02-23T22:20:35Z</time><extensions><speed>1.367128</speed><course>218.329758</course><hAcc>1.608761</hAcc><vAcc>0.814771</vAcc></extensions></trkpt>
      <trkpt lon="-76.448638" lat="39.348245"><ele>25.196754</ele><time>2022-02-23T22:20:36Z</time><extensions><speed>1.274845</speed><course>218.627304</course><hAcc>1.578032</hAcc><vAcc>0.815147</vAcc></extensions></trkpt>
      <trkpt lon="-76.448647" lat="39.348236"><ele>25.203743</ele><time>2022-02-23T22:20:37Z</time><extensions><speed>1.251239</speed><course>217.474014</course><hAcc>1.584306</hAcc><vAcc>0.815403</vAcc></extensions></trkpt>
      <trkpt lon="-76.448655" lat="39.348226"><ele>25.212631</ele><time>2022-02-23T22:20:38Z</time><extensions><speed>1.303766</speed><course>211.503036</course><hAcc>1.559755</hAcc><vAcc>0.815629</vAcc></extensions></trkpt>
      <trkpt lon="-76.448663" lat="39.348216"><ele>25.223490</ele><time>2022-02-23T22:20:39Z</time><extensions><speed>1.349109</speed><course>210.858109</course><hAcc>1.574663</hAcc><vAcc>0.815778</vAcc></extensions></trkpt>
      <trkpt lon="-76.448671" lat="39.348206"><ele>25.233229</ele><time>2022-02-23T22:20:40Z</time><extensions><speed>1.302321</speed><course>214.588333</course><hAcc>1.640804</hAcc><vAcc>0.815867</vAcc></extensions></trkpt>
      <trkpt lon="-76.448679" lat="39.348196"><ele>25.237322</ele><time>2022-02-23T22:20:41Z</time><extensions><speed>1.328480</speed><course>208.009521</course><hAcc>1.597418</hAcc><vAcc>0.815890</vAcc></extensions></trkpt>
      <trkpt lon="-76.448686" lat="39.348185"><ele>25.244942</ele><time>2022-02-23T22:20:42Z</time><extensions><speed>1.311303</speed><course>202.879990</course><hAcc>1.576517</hAcc><vAcc>0.815819</vAcc></extensions></trkpt>
      <trkpt lon="-76.448691" lat="39.348174"><ele>25.260345</ele><time>2022-02-23T22:20:43Z</time><extensions><speed>1.320033</speed><course>200.742950</course><hAcc>1.593703</hAcc><vAcc>0.815622</vAcc></extensions></trkpt>
      <trkpt lon="-76.448697" lat="39.348163"><ele>25.269789</ele><time>2022-02-23T22:20:44Z</time><extensions><speed>1.351478</speed><course>199.539825</course><hAcc>1.611032</hAcc><vAcc>0.815341</vAcc></extensions></trkpt>
      <trkpt lon="-76.448702" lat="39.348151"><ele>25.281404</ele><time>2022-02-23T22:20:45Z</time><extensions><speed>1.440668</speed><course>199.078445</course><hAcc>1.620175</hAcc><vAcc>0.814958</vAcc></extensions></trkpt>
      <trkpt lon="-76.448708" lat="39.348138"><ele>25.293402</ele><time>2022-02-23T22:20:46Z</time><extensions><speed>1.489958</speed><course>199.755035</course><hAcc>1.620799</hAcc><vAcc>0.814478</vAcc></extensions></trkpt>
      <trkpt lon="-76.448713" lat="39.348126"><ele>25.230776</ele><time>2022-02-23T22:20:47Z</time><extensions><speed>1.458350</speed><course>200.830658</course><hAcc>1.640188</hAcc><vAcc>0.813885</vAcc></extensions></trkpt>
      <trkpt lon="-76.448720" lat="39.348114"><ele>25.145897</ele><time>2022-02-23T22:20:48Z</time><extensions><speed>1.388812</speed><course>206.437057</course><hAcc>1.689557</hAcc><vAcc>0.813302</vAcc></extensions></trkpt>
      <trkpt lon="-76.448726" lat="39.348103"><ele>25.037964</ele><time>2022-02-23T22:20:49Z</time><extensions><speed>1.172934</speed><course>202.813492</course><hAcc>1.663563</hAcc><vAcc>0.812585</vAcc></extensions></trkpt>
      <trkpt lon="-76.448730" lat="39.348095"><ele>24.950455</ele><time>2022-02-23T22:20:50Z</time><extensions><speed>0.787931</speed><course>196.601715</course><hAcc>1.659104</hAcc><vAcc>0.811729</vAcc></extensions></trkpt>
      <trkpt lon="-76.448732" lat="39.348090"><ele>24.885225</ele><time>2022-02-23T22:20:51Z</time><extensions><speed>0.384738</speed><course>182.530228</course><hAcc>1.676340</hAcc><vAcc>0.810708</vAcc></extensions></trkpt>
      <trkpt lon="-76.448731" lat="39.348087"><ele>24.844774</ele><time>2022-02-23T22:20:52Z</time><extensions><speed>0.287670</speed><course>166.765549</course><hAcc>1.699476</hAcc><vAcc>0.809622</vAcc></extensions></trkpt>
      <trkpt lon="-76.448730" lat="39.348084"><ele>24.821705</ele><time>2022-02-23T22:20:53Z</time><extensions><speed>0.299125</speed><course>166.028381</course><hAcc>1.724400</hAcc><vAcc>0.808499</vAcc></extensions></trkpt>
      <trkpt lon="-76.448730" lat="39.348081"><ele>24.840515</ele><time>2022-02-23T22:20:54Z</time><extensions><speed>0.367550</speed><course>178.475433</course><hAcc>1.741803</hAcc><vAcc>0.807298</vAcc></extensions></trkpt>
      <trkpt lon="-76.448731" lat="39.348078"><ele>24.849014</ele><time>2022-02-23T22:20:55Z</time><extensions><speed>0.494869</speed><course>194.881104</course><hAcc>1.749453</hAcc><vAcc>0.806065</vAcc></extensions></trkpt>
      <trkpt lon="-76.448733" lat="39.348073"><ele>24.874243</ele><time>2022-02-23T22:20:56Z</time><extensions><speed>0.719302</speed><course>209.315689</course><hAcc>1.754202</hAcc><vAcc>0.804821</vAcc></extensions></trkpt>
      <trkpt lon="-76.448739" lat="39.348067"><ele>24.870464</ele><time>2022-02-23T22:20:57Z</time><extensions><speed>0.876813</speed><course>223.659592</course><hAcc>1.771121</hAcc><vAcc>0.803602</vAcc></extensions></trkpt>
      <trkpt lon="-76.448746" lat="39.348061"><ele>24.905687</ele><time>2022-02-23T22:20:58Z</time><extensions><speed>0.958409</speed><course>225.358322</course><hAcc>1.767632</hAcc><vAcc>0.802453</vAcc></extensions></trkpt>
      <trkpt lon="-76.448755" lat="39.348055"><ele>24.974354</ele><time>2022-02-23T22:20:59Z</time><extensions><speed>1.046268</speed><course>224.620209</course><hAcc>1.755699</hAcc><vAcc>0.801457</vAcc></extensions></trkpt>
      <trkpt lon="-76.448763" lat="39.348048"><ele>25.007875</ele><time>2022-02-23T22:21:00Z</time><extensions><speed>1.091423</speed><course>220.998749</course><hAcc>1.742891</hAcc><vAcc>0.800610</vAcc></extensions></trkpt>
      <trkpt lon="-76.448771" lat="39.348040"><ele>25.079056</ele><time>2022-02-23T22:21:01Z</time><extensions><speed>1.144004</speed><course>217.097733</course><hAcc>1.741818</hAcc><vAcc>0.799924</vAcc></extensions></trkpt>
      <trkpt lon="-76.448779" lat="39.348032"><ele>25.171349</ele><time>2022-02-23T22:21:02Z</time><extensions><speed>1.138388</speed><course>216.622574</course><hAcc>1.750146</hAcc><vAcc>0.799399</vAcc></extensions></trkpt>
      <trkpt lon="-76.448787" lat="39.348024"><ele>25.281347</ele><time>2022-02-23T22:21:03Z</time><extensions><speed>1.099880</speed><course>218.264465</course><hAcc>1.742224</hAcc><vAcc>0.799044</vAcc></extensions></trkpt>
      <trkpt lon="-76.448796" lat="39.348016"><ele>25.394596</ele><time>2022-02-23T22:21:04Z</time><extensions><speed>1.108973</speed><course>223.602722</course><hAcc>1.735234</hAcc><vAcc>0.798902</vAcc></extensions></trkpt>
      <trkpt lon="-76.448805" lat="39.348009"><ele>25.486248</ele><time>2022-02-23T22:21:05Z</time><extensions><speed>1.110840</speed><course>230.902328</course><hAcc>1.733522</hAcc><vAcc>0.798895</vAcc></extensions></trkpt>
      <trkpt lon="-76.448815" lat="39.348003"><ele>25.576809</ele><time>2022-02-23T22:21:06Z</time><extensions><speed>1.119824</speed><course>236.194412</course><hAcc>1.733535</hAcc><vAcc>0.799056</vAcc></extensions></trkpt>
      <trkpt lon="-76.448826" lat="39.347998"><ele>25.631947</ele><time>2022-02-23T22:21:07Z</time><extensions><speed>1.112989</speed><course>238.507278</course><hAcc>1.718253</hAcc><vAcc>0.799354</vAcc></extensions></trkpt>
      <trkpt lon="-76.448837" lat="39.347993"><ele>25.711096</ele><time>2022-02-23T22:21:08Z</time><extensions><speed>1.103748</speed><course>239.323685</course><hAcc>1.706190</hAcc><vAcc>0.799791</vAcc></extensions></trkpt>
      <trkpt lon="-76.448848" lat="39.347988"><ele>25.769375</ele><time>2022-02-23T22:21:09Z</time><extensions><speed>1.127758</speed><course>240.316803</course><hAcc>1.701851</hAcc><vAcc>0.800341</vAcc></extensions></trkpt>
      <trkpt lon="-76.448860" lat="39.347983"><ele>25.828079</ele><time>2022-02-23T22:21:10Z</time><extensions><speed>1.215812</speed><course>240.256653</course><hAcc>1.706581</hAcc><vAcc>0.800949</vAcc></extensions></trkpt>
      <trkpt lon="-76.448872" lat="39.347977"><ele>25.884254</ele><time>2022-02-23T22:21:11Z</time><extensions><speed>1.210054</speed><course>241.961304</course><hAcc>1.712439</hAcc><vAcc>0.801558</vAcc></extensions></trkpt>
      <trkpt lon="-76.448884" lat="39.347973"><ele>25.927290</ele><time>2022-02-23T22:21:12Z</time><extensions><speed>1.115187</speed><course>246.353455</course><hAcc>1.677426</hAcc><vAcc>0.802116</vAcc></extensions></trkpt>
      <trkpt lon="-76.448896" lat="39.347969"><ele>25.965925</ele><time>2022-02-23T22:21:13Z</time><extensions><speed>1.143434</speed><course>246.358185</course><hAcc>1.645641</hAcc><vAcc>0.802577</vAcc></extensions></trkpt>
      <trkpt lon="-76.448909" lat="39.347964"><ele>25.991177</ele><time>2022-02-23T22:21:14Z</time><extensions><speed>1.223687</speed><course>246.007858</course><hAcc>1.620075</hAcc><vAcc>0.802979</vAcc></extensions></trkpt>
      <trkpt lon="-76.448922" lat="39.347960"><ele>26.006958</ele><time>2022-02-23T22:21:15Z</time><extensions><speed>1.341234</speed><course>245.661606</course><hAcc>1.609891</hAcc><vAcc>0.803286</vAcc></extensions></trkpt>
      <trkpt lon="-76.448937" lat="39.347954"><ele>26.015730</ele><time>2022-02-23T22:21:16Z</time><extensions><speed>1.418826</speed><course>244.405792</course><hAcc>1.627207</hAcc><vAcc>0.803569</vAcc></extensions></trkpt>
      <trkpt lon="-76.448951" lat="39.347949"><ele>25.998148</ele><time>2022-02-23T22:21:17Z</time><extensions><speed>1.367868</speed><course>243.124069</course><hAcc>1.593828</hAcc><vAcc>0.803801</vAcc></extensions></trkpt>
      <trkpt lon="-76.448965" lat="39.347943"><ele>25.985645</ele><time>2022-02-23T22:21:18Z</time><extensions><speed>1.346600</speed><course>237.714615</course><hAcc>1.596153</hAcc><vAcc>0.803993</vAcc></extensions></trkpt>
      <trkpt lon="-76.448977" lat="39.347936"><ele>25.972401</ele><time>2022-02-23T22:21:19Z</time><extensions><speed>1.293264</speed><course>231.048584</course><hAcc>1.571686</hAcc><vAcc>0.804122</vAcc></extensions></trkpt>
      <trkpt lon="-76.448988" lat="39.347928"><ele>25.951130</ele><time>2022-02-23T22:21:20Z</time><extensions><speed>1.356460</speed><course>226.020401</course><hAcc>1.601230</hAcc><vAcc>0.804248</vAcc></extensions></trkpt>
      <trkpt lon="-76.448999" lat="39.347920"><ele>25.906546</ele><time>2022-02-23T22:21:21Z</time><extensions><speed>1.230721</speed><course>224.514343</course><hAcc>1.552596</hAcc><vAcc>0.804376</vAcc></extensions></trkpt>
      <trkpt lon="-76.449009" lat="39.347912"><ele>25.873262</ele><time>2022-02-23T22:21:22Z</time><extensions><speed>1.195979</speed><course>227.406372</course><hAcc>1.518062</hAcc><vAcc>0.804522</vAcc></extensions></trkpt>
      <trkpt lon="-76.449020" lat="39.347905"><ele>25.852596</ele><time>2022-02-23T22:21:23Z</time><extensions><speed>1.312002</speed><course>230.764053</course><hAcc>1.529355</hAcc><vAcc>0.804675</vAcc></extensions></trkpt>
      <trkpt lon="-76.449032" lat="39.347897"><ele>25.805956</ele><time>2022-02-23T22:21:24Z</time><extensions><speed>1.377702</speed><course>233.105667</course><hAcc>1.569714</hAcc><vAcc>0.804844</vAcc></extensions></trkpt>
      <trkpt lon="-76.449045" lat="39.347889"><ele>25.760740</ele><time>2022-02-23T22:21:25Z</time><extensions><speed>1.362943</speed><course>227.327896</course><hAcc>1.542835</hAcc><vAcc>0.805041</vAcc></extensions></trkpt>
      <trkpt lon="-76.449056" lat="39.347881"><ele>25.707642</ele><time>2022-02-23T22:21:26Z</time><extensions><speed>1.358561</speed><course>227.174240</course><hAcc>1.582287</hAcc><vAcc>0.805274</vAcc></extensions></trkpt>
      <trkpt lon="-76.449067" lat="39.347872"><ele>25.646860</ele><time>2022-02-23T22:21:27Z</time><extensions><speed>1.339822</speed><course>225.113052</course><hAcc>1.576237</hAcc><vAcc>0.805527</vAcc></extensions></trkpt>
      <trkpt lon="-76.449078" lat="39.347864"><ele>25.586212</ele><time>2022-02-23T22:21:28Z</time><extensions><speed>1.239482</speed><course>222.636490</course><hAcc>1.533320</hAcc><vAcc>0.805767</vAcc></extensions></trkpt>
      <trkpt lon="-76.449088" lat="39.347856"><ele>25.512671</ele><time>2022-02-23T22:21:29Z</time><extensions><speed>1.268951</speed><course>221.980759</course><hAcc>1.522731</hAcc><vAcc>0.805998</vAcc></extensions></trkpt>
      <trkpt lon="-76.449098" lat="39.347847"><ele>25.434698</ele><time>2022-02-23T22:21:30Z</time><extensions><speed>1.390644</speed><course>221.981827</course><hAcc>1.534286</hAcc><vAcc>0.806206</vAcc></extensions></trkpt>
      <trkpt lon="-76.449109" lat="39.347837"><ele>25.336920</ele><time>2022-02-23T22:21:31Z</time><extensions><speed>1.469103</speed><course>220.748550</course><hAcc>1.554966</hAcc><vAcc>0.806444</vAcc></extensions></trkpt>
      <trkpt lon="-76.449120" lat="39.347827"><ele>25.219765</ele><time>2022-02-23T22:21:32Z</time><extensions><speed>1.443787</speed><course>219.357956</course><hAcc>1.566434</hAcc><vAcc>0.806660</vAcc></extensions></trkpt>
      <trkpt lon="-76.449130" lat="39.347817"><ele>25.113684</ele><time>2022-02-23T22:21:33Z</time><extensions><speed>1.483494</speed><course>218.796951</course><hAcc>1.546314</hAcc><vAcc>0.806859</vAcc></extensions></trkpt>
      <trkpt lon="-76.449141" lat="39.347806"><ele>25.013176</ele><time>2022-02-23T22:21:34Z</time><extensions><speed>1.447657</speed><course>218.901398</course><hAcc>1.570169</hAcc><vAcc>0.807077</vAcc></extensions></trkpt>
      <trkpt lon="-76.449151" lat="39.347796"><ele>24.924669</ele><time>2022-02-23T22:21:35Z</time><extensions><speed>1.413238</speed><course>216.989136</course><hAcc>1.557160</hAcc><vAcc>0.807350</vAcc></extensions></trkpt>
      <trkpt lon="-76.449160" lat="39.347786"><ele>24.826496</ele><time>2022-02-23T22:21:36Z</time><extensions><speed>1.407457</speed><course>213.179413</course><hAcc>1.601580</hAcc><vAcc>0.807596</vAcc></extensions></trkpt>
      <trkpt lon="-76.449169" lat="39.347775"><ele>24.729532</ele><time>2022-02-23T22:21:37Z</time><extensions><speed>1.297101</speed><course>213.337250</course><hAcc>1.571483</hAcc><vAcc>0.807797</vAcc></extensions></trkpt>
      <trkpt lon="-76.449176" lat="39.347765"><ele>24.639359</ele><time>2022-02-23T22:21:38Z</time><extensions><speed>1.245086</speed><course>207.779572</course><hAcc>1.577404</hAcc><vAcc>0.807993</vAcc></extensions></trkpt>
      <trkpt lon="-76.449182" lat="39.347755"><ele>24.551022</ele><time>2022-02-23T22:21:39Z</time><extensions><speed>1.194461</speed><course>201.186676</course><hAcc>1.612770</hAcc><vAcc>0.808230</vAcc></extensions></trkpt>
      <trkpt lon="-76.449187" lat="39.347745"><ele>24.495743</ele><time>2022-02-23T22:21:40Z</time><extensions><speed>1.251692</speed><course>196.482834</course><hAcc>1.639125</hAcc><vAcc>0.808472</vAcc></extensions></trkpt>
      <trkpt lon="-76.449191" lat="39.347734"><ele>24.423630</ele><time>2022-02-23T22:21:41Z</time><extensions><speed>1.320759</speed><course>194.499237</course><hAcc>1.651606</hAcc><vAcc>0.808712</vAcc></extensions></trkpt>
      <trkpt lon="-76.449194" lat="39.347722"><ele>24.377964</ele><time>2022-02-23T22:21:42Z</time><extensions><speed>1.355222</speed><course>192.558624</course><hAcc>1.648353</hAcc><vAcc>0.809012</vAcc></extensions></trkpt>
      <trkpt lon="-76.449198" lat="39.347710"><ele>24.322161</ele><time>2022-02-23T22:21:43Z</time><extensions><speed>1.461789</speed><course>193.701294</course><hAcc>1.630059</hAcc><vAcc>0.809355</vAcc></extensions></trkpt>
      <trkpt lon="-76.449202" lat="39.347697"><ele>24.289526</ele><time>2022-02-23T22:21:44Z</time><extensions><speed>1.524926</speed><course>194.172363</course><hAcc>1.633451</hAcc><vAcc>0.809669</vAcc></extensions></trkpt>
      <trkpt lon="-76.449207" lat="39.347684"><ele>24.267904</ele><time>2022-02-23T22:21:45Z</time><extensions><speed>1.451116</speed><course>196.132080</course><hAcc>1.663632</hAcc><vAcc>0.809994</vAcc></extensions></trkpt>
      <trkpt lon="-76.449212" lat="39.347672"><ele>24.241478</ele><time>2022-02-23T22:21:46Z</time><extensions><speed>1.362505</speed><course>199.216492</course><hAcc>1.608469</hAcc><vAcc>0.810299</vAcc></extensions></trkpt>
      <trkpt lon="-76.449217" lat="39.347660"><ele>24.221058</ele><time>2022-02-23T22:21:47Z</time><extensions><speed>1.307409</speed><course>200.590317</course><hAcc>1.572198</hAcc><vAcc>0.810566</vAcc></extensions></trkpt>
      <trkpt lon="-76.449222" lat="39.347649"><ele>24.209688</ele><time>2022-02-23T22:21:48Z</time><extensions><speed>1.370310</speed><course>201.042206</course><hAcc>1.599530</hAcc><vAcc>0.810800</vAcc></extensions></trkpt>
      <trkpt lon="-76.449228" lat="39.347638"><ele>24.193987</ele><time>2022-02-23T22:21:49Z</time><extensions><speed>1.357738</speed><course>201.811874</course><hAcc>1.662133</hAcc><vAcc>0.811073</vAcc></extensions></trkpt>
      <trkpt lon="-76.449234" lat="39.347626"><ele>24.178228</ele><time>2022-02-23T22:21:50Z</time><extensions><speed>1.283661</speed><course>201.176437</course><hAcc>1.611407</hAcc><vAcc>0.811296</vAcc></extensions></trkpt>
      <trkpt lon="-76.449239" lat="39.347616"><ele>24.170469</ele><time>2022-02-23T22:21:51Z</time><extensions><speed>1.298272</speed><course>203.289017</course><hAcc>1.596849</hAcc><vAcc>0.811518</vAcc></extensions></trkpt>
      <trkpt lon="-76.449245" lat="39.347605"><ele>24.168125</ele><time>2022-02-23T22:21:52Z</time><extensions><speed>1.352636</speed><course>204.457916</course><hAcc>1.626805</hAcc><vAcc>0.811739</vAcc></extensions></trkpt>
      <trkpt lon="-76.449252" lat="39.347594"><ele>24.169594</ele><time>2022-02-23T22:21:53Z</time><extensions><speed>1.327754</speed><course>203.253448</course><hAcc>1.646608</hAcc><vAcc>0.811935</vAcc></extensions></trkpt>
      <trkpt lon="-76.449257" lat="39.347582"><ele>24.132999</ele><time>2022-02-23T22:21:54Z</time><extensions><speed>1.339904</speed><course>198.858154</course><hAcc>1.645081</hAcc><vAcc>0.812117</vAcc></extensions></trkpt>
      <trkpt lon="-76.449261" lat="39.347571"><ele>24.130577</ele><time>2022-02-23T22:21:55Z</time><extensions><speed>1.322384</speed><course>193.800583</course><hAcc>1.640713</hAcc><vAcc>0.812344</vAcc></extensions></trkpt>
      <trkpt lon="-76.449264" lat="39.347559"><ele>24.140770</ele><time>2022-02-23T22:21:56Z</time><extensions><speed>1.328545</speed><course>187.878113</course><hAcc>1.623223</hAcc><vAcc>0.812604</vAcc></extensions></trkpt>
      <trkpt lon="-76.449266" lat="39.347547"><ele>24.151917</ele><time>2022-02-23T22:21:57Z</time><extensions><speed>1.442249</speed><course>182.492676</course><hAcc>1.598311</hAcc><vAcc>0.812848</vAcc></extensions></trkpt>
      <trkpt lon="-76.449266" lat="39.347533"><ele>24.151482</ele><time>2022-02-23T22:21:58Z</time><extensions><speed>1.528026</speed><course>179.789963</course><hAcc>1.596466</hAcc><vAcc>0.813115</vAcc></extensions></trkpt>
      <trkpt lon="-76.449266" lat="39.347520"><ele>24.168327</ele><time>2022-02-23T22:21:59Z</time><extensions><speed>1.446142</speed><course>178.386917</course><hAcc>1.629799</hAcc><vAcc>0.813325</vAcc></extensions></trkpt>
      <trkpt lon="-76.449265" lat="39.347507"><ele>24.143143</ele><time>2022-02-23T22:22:00Z</time><extensions><speed>1.450218</speed><course>175.125595</course><hAcc>1.595795</hAcc><vAcc>0.813521</vAcc></extensions></trkpt>
      <trkpt lon="-76.449263" lat="39.347494"><ele>24.148609</ele><time>2022-02-23T22:22:01Z</time><extensions><speed>1.387991</speed><course>173.699051</course><hAcc>1.619231</hAcc><vAcc>0.813735</vAcc></extensions></trkpt>
      <trkpt lon="-76.449261" lat="39.347482"><ele>24.159597</ele><time>2022-02-23T22:22:02Z</time><extensions><speed>1.317680</speed><course>172.121826</course><hAcc>1.576161</hAcc><vAcc>0.813951</vAcc></extensions></trkpt>
      <trkpt lon="-76.449259" lat="39.347470"><ele>24.174353</ele><time>2022-02-23T22:22:03Z</time><extensions><speed>1.276840</speed><course>171.629730</course><hAcc>1.555686</hAcc><vAcc>0.814083</vAcc></extensions></trkpt>
      <trkpt lon="-76.449256" lat="39.347459"><ele>24.171789</ele><time>2022-02-23T22:22:04Z</time><extensions><speed>1.272442</speed><course>171.913574</course><hAcc>1.564663</hAcc><vAcc>0.814128</vAcc></extensions></trkpt>
      <trkpt lon="-76.449254" lat="39.347447"><ele>24.182772</ele><time>2022-02-23T22:22:05Z</time><extensions><speed>1.324642</speed><course>172.837753</course><hAcc>1.600723</hAcc><vAcc>0.814115</vAcc></extensions></trkpt>
      <trkpt lon="-76.449253" lat="39.347435"><ele>24.183680</ele><time>2022-02-23T22:22:06Z</time><extensions><speed>1.350710</speed><course>173.415543</course><hAcc>1.636791</hAcc><vAcc>0.814076</vAcc></extensions></trkpt>
      <trkpt lon="-76.449250" lat="39.347423"><ele>24.180906</ele><time>2022-02-23T22:22:07Z</time><extensions><speed>1.437693</speed><course>169.843750</course><hAcc>1.604442</hAcc><vAcc>0.813992</vAcc></extensions></trkpt>
      <trkpt lon="-76.449247" lat="39.347410"><ele>24.173584</ele><time>2022-02-23T22:22:08Z</time><extensions><speed>1.413199</speed><course>166.930756</course><hAcc>1.604502</hAcc><vAcc>0.813820</vAcc></extensions></trkpt>
      <trkpt lon="-76.449242" lat="39.347398"><ele>24.162260</ele><time>2022-02-23T22:22:09Z</time><extensions><speed>1.446738</speed><course>162.215958</course><hAcc>1.587327</hAcc><vAcc>0.813610</vAcc></extensions></trkpt>
      <trkpt lon="-76.449237" lat="39.347386"><ele>24.154879</ele><time>2022-02-23T22:22:10Z</time><extensions><speed>1.489577</speed><course>158.389221</course><hAcc>1.599508</hAcc><vAcc>0.813328</vAcc></extensions></trkpt>
      <trkpt lon="-76.449230" lat="39.347373"><ele>24.140738</ele><time>2022-02-23T22:22:11Z</time><extensions><speed>1.466258</speed><course>158.414124</course><hAcc>1.652920</hAcc><vAcc>0.812890</vAcc></extensions></trkpt>
      <trkpt lon="-76.449225" lat="39.347362"><ele>24.125879</ele><time>2022-02-23T22:22:12Z</time><extensions><speed>1.335855</speed><course>160.391434</course><hAcc>1.689674</hAcc><vAcc>0.812270</vAcc></extensions></trkpt>
      <trkpt lon="-76.449219" lat="39.347351"><ele>24.108662</ele><time>2022-02-23T22:22:13Z</time><extensions><speed>1.135040</speed><course>156.882431</course><hAcc>1.654783</hAcc><vAcc>0.811597</vAcc></extensions></trkpt>
      <trkpt lon="-76.449214" lat="39.347343"><ele>24.094564</ele><time>2022-02-23T22:22:14Z</time><extensions><speed>0.910576</speed><course>153.044052</course><hAcc>1.652103</hAcc><vAcc>0.810870</vAcc></extensions></trkpt>
      <trkpt lon="-76.449210" lat="39.347336"><ele>24.069939</ele><time>2022-02-23T22:22:15Z</time><extensions><speed>0.696228</speed><course>148.889679</course><hAcc>1.678508</hAcc><vAcc>0.810114</vAcc></extensions></trkpt>
      <trkpt lon="-76.449206" lat="39.347332"><ele>24.047277</ele><time>2022-02-23T22:22:16Z</time><extensions><speed>0.410103</speed><course>137.726379</course><hAcc>1.700889</hAcc><vAcc>0.809344</vAcc></extensions></trkpt>
      <trkpt lon="-76.449204" lat="39.347331"><ele>24.038572</ele><time>2022-02-23T22:22:17Z</time><extensions><speed>0.163194</speed><course>107.961891</course><hAcc>1.728953</hAcc><vAcc>0.808555</vAcc></extensions></trkpt>
      <trkpt lon="-76.449202" lat="39.347331"><ele>24.003586</ele><time>2022-02-23T22:22:18Z</time><extensions><speed>0.108593</speed><course>71.342537</course><hAcc>1.737315</hAcc><vAcc>0.807760</vAcc></extensions></trkpt>
      <trkpt lon="-76.449201" lat="39.347331"><ele>24.004196</ele><time>2022-02-23T22:22:19Z</time><extensions><speed>0.070600</speed><course>66.095146</course><hAcc>1.740230</hAcc><vAcc>0.806984</vAcc></extensions></trkpt>
      <trkpt lon="-76.449201" lat="39.347331"><ele>23.984846</ele><time>2022-02-23T22:22:20Z</time><extensions><speed>0.053974</speed><course>142.237625</course><hAcc>1.745799</hAcc><vAcc>0.806294</vAcc></extensions></trkpt>
      <trkpt lon="-76.449201" lat="39.347330"><ele>23.972410</ele><time>2022-02-23T22:22:21Z</time><extensions><speed>0.182638</speed><course>171.858505</course><hAcc>1.740198</hAcc><vAcc>0.805699</vAcc></extensions></trkpt>
      <trkpt lon="-76.449200" lat="39.347327"><ele>23.953508</ele><time>2022-02-23T22:22:22Z</time><extensions><speed>0.394169</speed><course>169.827759</course><hAcc>1.736533</hAcc><vAcc>0.805233</vAcc></extensions></trkpt>
      <trkpt lon="-76.449198" lat="39.347322"><ele>23.937750</ele><time>2022-02-23T22:22:23Z</time><extensions><speed>0.743973</speed><course>164.593048</course><hAcc>1.734492</hAcc><vAcc>0.804915</vAcc></extensions></trkpt>
      <trkpt lon="-76.449195" lat="39.347315"><ele>23.920193</ele><time>2022-02-23T22:22:24Z</time><extensions><speed>0.969786</speed><course>160.930527</course><hAcc>1.738842</hAcc><vAcc>0.804749</vAcc></extensions></trkpt>
      <trkpt lon="-76.449192" lat="39.347306"><ele>23.899290</ele><time>2022-02-23T22:22:25Z</time><extensions><speed>1.096404</speed><course>163.082733</course><hAcc>1.738373</hAcc><vAcc>0.804701</vAcc></extensions></trkpt>
      <trkpt lon="-76.449189" lat="39.347297"><ele>23.882032</ele><time>2022-02-23T22:22:26Z</time><extensions><speed>1.042787</speed><course>166.861328</course><hAcc>1.733221</hAcc><vAcc>0.804774</vAcc></extensions></trkpt>
      <trkpt lon="-76.449186" lat="39.347288"><ele>23.874582</ele><time>2022-02-23T22:22:27Z</time><extensions><speed>1.019380</speed><course>170.761505</course><hAcc>1.729761</hAcc><vAcc>0.804848</vAcc></extensions></trkpt>
      <trkpt lon="-76.449185" lat="39.347279"><ele>23.876875</ele><time>2022-02-23T22:22:28Z</time><extensions><speed>0.997724</speed><course>176.001846</course><hAcc>1.729804</hAcc><vAcc>0.804943</vAcc></extensions></trkpt>
      <trkpt lon="-76.449184" lat="39.347270"><ele>23.857853</ele><time>2022-02-23T22:22:29Z</time><extensions><speed>0.933467</speed><course>175.007965</course><hAcc>1.731596</hAcc><vAcc>0.805064</vAcc></extensions></trkpt>
      <trkpt lon="-76.449183" lat="39.347262"><ele>23.851501</ele><time>2022-02-23T22:22:30Z</time><extensions><speed>0.867608</speed><course>172.078079</course><hAcc>1.728376</hAcc><vAcc>0.805168</vAcc></extensions></trkpt>
      <trkpt lon="-76.449181" lat="39.347254"><ele>23.845459</ele><time>2022-02-23T22:22:31Z</time><extensions><speed>0.869305</speed><course>169.868881</course><hAcc>1.727558</hAcc><vAcc>0.805289</vAcc></extensions></trkpt>
      <trkpt lon="-76.449179" lat="39.347246"><ele>23.837839</ele><time>2022-02-23T22:22:32Z</time><extensions><speed>0.886091</speed><course>167.124924</course><hAcc>1.725034</hAcc><vAcc>0.805389</vAcc></extensions></trkpt>
      <trkpt lon="-76.449177" lat="39.347238"><ele>23.834248</ele><time>2022-02-23T22:22:33Z</time><extensions><speed>0.931739</speed><course>166.627609</course><hAcc>1.725180</hAcc><vAcc>0.805508</vAcc></extensions></trkpt>
      <trkpt lon="-76.449175" lat="39.347230"><ele>23.819672</ele><time>2022-02-23T22:22:34Z</time><extensions><speed>0.955715</speed><course>168.013229</course><hAcc>1.726259</hAcc><vAcc>0.805655</vAcc></extensions></trkpt>
      <trkpt lon="-76.449172" lat="39.347222"><ele>23.812801</ele><time>2022-02-23T22:22:35Z</time><extensions><speed>0.996141</speed><course>170.132767</course><hAcc>1.727850</hAcc><vAcc>0.805823</vAcc></extensions></trkpt>
      <trkpt lon="-76.449171" lat="39.347213"><ele>23.793911</ele><time>2022-02-23T22:22:36Z</time><extensions><speed>0.989158</speed><course>171.194153</course><hAcc>1.727218</hAcc><vAcc>0.806027</vAcc></extensions></trkpt>
      <trkpt lon="-76.449169" lat="39.347204"><ele>23.788708</ele><time>2022-02-23T22:22:37Z</time><extensions><speed>0.930374</speed><course>171.494354</course><hAcc>1.719615</hAcc><vAcc>0.806250</vAcc></extensions></trkpt>
      <trkpt lon="-76.449167" lat="39.347196"><ele>23.784706</ele><time>2022-02-23T22:22:38Z</time><extensions><speed>0.898058</speed><course>171.230026</course><hAcc>1.711071</hAcc><vAcc>0.806534</vAcc></extensions></trkpt>
      <trkpt lon="-76.449166" lat="39.347188"><ele>23.779104</ele><time>2022-02-23T22:22:39Z</time><extensions><speed>0.874147</speed><course>173.205917</course><hAcc>1.703618</hAcc><vAcc>0.806841</vAcc></extensions></trkpt>
      <trkpt lon="-76.449165" lat="39.347180"><ele>23.789129</ele><time>2022-02-23T22:22:40Z</time><extensions><speed>0.877717</speed><course>175.421082</course><hAcc>1.704989</hAcc><vAcc>0.807162</vAcc></extensions></trkpt>
      <trkpt lon="-76.449164" lat="39.347172"><ele>23.778036</ele><time>2022-02-23T22:22:41Z</time><extensions><speed>0.892686</speed><course>177.197342</course><hAcc>1.714060</hAcc><vAcc>0.807511</vAcc></extensions></trkpt>
      <trkpt lon="-76.449164" lat="39.347164"><ele>23.766415</ele><time>2022-02-23T22:22:42Z</time><extensions><speed>0.867212</speed><course>178.502640</course><hAcc>1.698664</hAcc><vAcc>0.807934</vAcc></extensions></trkpt>
      <trkpt lon="-76.449164" lat="39.347157"><ele>23.755054</ele><time>2022-02-23T22:22:43Z</time><extensions><speed>0.848933</speed><course>179.320633</course><hAcc>1.687468</hAcc><vAcc>0.808344</vAcc></extensions></trkpt>
      <trkpt lon="-76.449164" lat="39.347149"><ele>23.736366</ele><time>2022-02-23T22:22:44Z</time><extensions><speed>0.877405</speed><course>181.041962</course><hAcc>1.680386</hAcc><vAcc>0.808768</vAcc></extensions></trkpt>
      <trkpt lon="-76.449164" lat="39.347141"><ele>23.717251</ele><time>2022-02-23T22:22:45Z</time><extensions><speed>0.937999</speed><course>179.462189</course><hAcc>1.670254</hAcc><vAcc>0.809193</vAcc></extensions></trkpt>
      <trkpt lon="-76.449164" lat="39.347132"><ele>23.706087</ele><time>2022-02-23T22:22:46Z</time><extensions><speed>1.008736</speed><course>178.833847</course><hAcc>1.658970</hAcc><vAcc>0.809620</vAcc></extensions></trkpt>
      <trkpt lon="-76.449163" lat="39.347123"><ele>23.695360</ele><time>2022-02-23T22:22:47Z</time><extensions><speed>1.031994</speed><course>176.515518</course><hAcc>1.657503</hAcc><vAcc>0.810092</vAcc></extensions></trkpt>
      <trkpt lon="-76.449163" lat="39.347114"><ele>23.687551</ele><time>2022-02-23T22:22:48Z</time><extensions><speed>1.025174</speed><course>174.717743</course><hAcc>1.664246</hAcc><vAcc>0.810534</vAcc></extensions></trkpt>
      <trkpt lon="-76.449162" lat="39.347105"><ele>23.686085</ele><time>2022-02-23T22:22:49Z</time><extensions><speed>0.933419</speed><course>176.117172</course><hAcc>1.622985</hAcc><vAcc>0.810954</vAcc></extensions></trkpt>
      <trkpt lon="-76.449161" lat="39.347096"><ele>23.689939</ele><time>2022-02-23T22:22:50Z</time><extensions><speed>1.017025</speed><course>176.008850</course><hAcc>1.587915</hAcc><vAcc>0.811339</vAcc></extensions></trkpt>
      <trkpt lon="-76.449161" lat="39.347086"><ele>23.686678</ele><time>2022-02-23T22:22:51Z</time><extensions><speed>1.116732</speed><course>177.982178</course><hAcc>1.596939</hAcc><vAcc>0.811701</vAcc></extensions></trkpt>
      <trkpt lon="-76.449160" lat="39.347076"><ele>23.714390</ele><time>2022-02-23T22:22:52Z</time><extensions><speed>1.076959</speed><course>176.760513</course><hAcc>1.642648</hAcc><vAcc>0.812056</vAcc></extensions></trkpt>
      <trkpt lon="-76.449160" lat="39.347067"><ele>23.724770</ele><time>2022-02-23T22:22:53Z</time><extensions><speed>1.080877</speed><course>176.783524</course><hAcc>1.588682</hAcc><vAcc>0.812363</vAcc></extensions></trkpt>
      <trkpt lon="-76.449159" lat="39.347057"><ele>23.720226</ele><time>2022-02-23T22:22:54Z</time><extensions><speed>1.085920</speed><course>175.018021</course><hAcc>1.564909</hAcc><vAcc>0.812689</vAcc></extensions></trkpt>
      <trkpt lon="-76.449158" lat="39.347047"><ele>23.687433</ele><time>2022-02-23T22:22:55Z</time><extensions><speed>1.198362</speed><course>175.649307</course><hAcc>1.550117</hAcc><vAcc>0.812939</vAcc></extensions></trkpt>
      <trkpt lon="-76.449156" lat="39.347035"><ele>23.673006</ele><time>2022-02-23T22:22:56Z</time><extensions><speed>1.345563</speed><course>172.367233</course><hAcc>1.590315</hAcc><vAcc>0.813151</vAcc></extensions></trkpt>
      <trkpt lon="-76.449154" lat="39.347024"><ele>23.668352</ele><time>2022-02-23T22:22:57Z</time><extensions><speed>1.148111</speed><course>168.780304</course><hAcc>1.646033</hAcc><vAcc>0.813315</vAcc></extensions></trkpt>
      <trkpt lon="-76.449153" lat="39.347014"><ele>23.662788</ele><time>2022-02-23T22:22:58Z</time><extensions><speed>1.176227</speed><course>178.065659</course><hAcc>1.598931</hAcc><vAcc>0.813432</vAcc></extensions></trkpt>
      <trkpt lon="-76.449153" lat="39.347003"><ele>23.650532</ele><time>2022-02-23T22:22:59Z</time><extensions><speed>1.230814</speed><course>184.713867</course><hAcc>1.588160</hAcc><vAcc>0.813453</vAcc></extensions></trkpt>
      <trkpt lon="-76.449155" lat="39.346992"><ele>23.626190</ele><time>2022-02-23T22:23:00Z</time><extensions><speed>1.233497</speed><course>188.863068</course><hAcc>1.600547</hAcc><vAcc>0.813367</vAcc></extensions></trkpt>
      <trkpt lon="-76.449157" lat="39.346981"><ele>23.605629</ele><time>2022-02-23T22:23:01Z</time><extensions><speed>1.186960</speed><course>193.141342</course><hAcc>1.608371</hAcc><vAcc>0.813315</vAcc></extensions></trkpt>
      <trkpt lon="-76.449161" lat="39.346971"><ele>23.576773</ele><time>2022-02-23T22:23:02Z</time><extensions><speed>1.230835</speed><course>196.622971</course><hAcc>1.606201</hAcc><vAcc>0.813239</vAcc></extensions></trkpt>
      <trkpt lon="-76.449165" lat="39.346960"><ele>23.553888</ele><time>2022-02-23T22:23:03Z</time><extensions><speed>1.363193</speed><course>198.185272</course><hAcc>1.588988</hAcc><vAcc>0.813114</vAcc></extensions></trkpt>
      <trkpt lon="-76.449170" lat="39.346949"><ele>23.529125</ele><time>2022-02-23T22:23:04Z</time><extensions><speed>1.210023</speed><course>197.466583</course><hAcc>1.580896</hAcc><vAcc>0.812985</vAcc></extensions></trkpt>
      <trkpt lon="-76.449174" lat="39.346939"><ele>23.505098</ele><time>2022-02-23T22:23:05Z</time><extensions><speed>1.170369</speed><course>198.902542</course><hAcc>1.566163</hAcc><vAcc>0.812821</vAcc></extensions></trkpt>
      <trkpt lon="-76.449178" lat="39.346929"><ele>23.484596</ele><time>2022-02-23T22:23:06Z</time><extensions><speed>1.090531</speed><course>199.193146</course><hAcc>1.601843</hAcc><vAcc>0.812641</vAcc></extensions></trkpt>
      <trkpt lon="-76.449182" lat="39.346920"><ele>23.456688</ele><time>2022-02-23T22:23:07Z</time><extensions><speed>1.043037</speed><course>197.177917</course><hAcc>1.566356</hAcc><vAcc>0.812455</vAcc></extensions></trkpt>
      <trkpt lon="-76.449185" lat="39.346911"><ele>23.431879</ele><time>2022-02-23T22:23:08Z</time><extensions><speed>1.104593</speed><course>195.134872</course><hAcc>1.584456</hAcc><vAcc>0.812286</vAcc></extensions></trkpt>
      <trkpt lon="-76.449188" lat="39.346901"><ele>23.410652</ele><time>2022-02-23T22:23:09Z</time><extensions><speed>1.097365</speed><course>195.240143</course><hAcc>1.554811</hAcc><vAcc>0.812157</vAcc></extensions></trkpt>
      <trkpt lon="-76.449192" lat="39.346891"><ele>23.393417</ele><time>2022-02-23T22:23:10Z</time><extensions><speed>1.161336</speed><course>194.371368</course><hAcc>1.563568</hAcc><vAcc>0.812034</vAcc></extensions></trkpt>
      <trkpt lon="-76.449195" lat="39.346881"><ele>23.382832</ele><time>2022-02-23T22:23:11Z</time><extensions><speed>1.200266</speed><course>195.024292</course><hAcc>1.616801</hAcc><vAcc>0.812001</vAcc></extensions></trkpt>
      <trkpt lon="-76.449198" lat="39.346871"><ele>23.342922</ele><time>2022-02-23T22:23:12Z</time><extensions><speed>1.148809</speed><course>192.569397</course><hAcc>1.636963</hAcc><vAcc>0.812014</vAcc></extensions></trkpt>
      <trkpt lon="-76.449200" lat="39.346861"><ele>23.311480</ele><time>2022-02-23T22:23:13Z</time><extensions><speed>0.982070</speed><course>184.726364</course><hAcc>1.634166</hAcc><vAcc>0.812040</vAcc></extensions></trkpt>
      <trkpt lon="-76.449200" lat="39.346853"><ele>23.297083</ele><time>2022-02-23T22:23:14Z</time><extensions><speed>0.879375</speed><course>177.891479</course><hAcc>1.640802</hAcc><vAcc>0.812119</vAcc></extensions></trkpt>
      <trkpt lon="-76.449200" lat="39.346845"><ele>23.276947</ele><time>2022-02-23T22:23:15Z</time><extensions><speed>0.911857</speed><course>177.596436</course><hAcc>1.646077</hAcc><vAcc>0.812200</vAcc></extensions></trkpt>
      <trkpt lon="-76.449199" lat="39.346836"><ele>23.258287</ele><time>2022-02-23T22:23:16Z</time><extensions><speed>0.975229</speed><course>179.449753</course><hAcc>1.644088</hAcc><vAcc>0.812313</vAcc></extensions></trkpt>
      <trkpt lon="-76.449199" lat="39.346827"><ele>23.223465</ele><time>2022-02-23T22:23:17Z</time><extensions><speed>1.012488</speed><course>178.348663</course><hAcc>1.631430</hAcc><vAcc>0.812445</vAcc></extensions></trkpt>
      <trkpt lon="-76.449199" lat="39.346819"><ele>23.198793</ele><time>2022-02-23T22:23:18Z</time><extensions><speed>0.892325</speed><course>175.860565</course><hAcc>1.626270</hAcc><vAcc>0.812541</vAcc></extensions></trkpt>
      <trkpt lon="-76.449199" lat="39.346811"><ele>23.178677</ele><time>2022-02-23T22:23:19Z</time><extensions><speed>0.719622</speed><course>184.235748</course><hAcc>1.638333</hAcc><vAcc>0.812541</vAcc></extensions></trkpt>
      <trkpt lon="-76.449199" lat="39.346805"><ele>23.150839</ele><time>2022-02-23T22:23:20Z</time><extensions><speed>0.781965</speed><course>177.757736</course><hAcc>1.626104</hAcc><vAcc>0.812447</vAcc></extensions></trkpt>
      <trkpt lon="-76.449198" lat="39.346797"><ele>23.119158</ele><time>2022-02-23T22:23:21Z</time><extensions><speed>0.841999</speed><course>172.152695</course><hAcc>1.652757</hAcc><vAcc>0.812217</vAcc></extensions></trkpt>
      <trkpt lon="-76.449196" lat="39.346789"><ele>23.089016</ele><time>2022-02-23T22:23:22Z</time><extensions><speed>0.975917</speed><course>168.097397</course><hAcc>1.612361</hAcc><vAcc>0.811994</vAcc></extensions></trkpt>
      <trkpt lon="-76.449194" lat="39.346780"><ele>23.064783</ele><time>2022-02-23T22:23:23Z</time><extensions><speed>0.998284</speed><course>167.719162</course><hAcc>1.608323</hAcc><vAcc>0.811730</vAcc></extensions></trkpt>
      <trkpt lon="-76.449191" lat="39.346772"><ele>23.074797</ele><time>2022-02-23T22:23:24Z</time><extensions><speed>0.979492</speed><course>168.629898</course><hAcc>1.639560</hAcc><vAcc>0.811433</vAcc></extensions></trkpt>
      <trkpt lon="-76.449189" lat="39.346763"><ele>23.059345</ele><time>2022-02-23T22:23:25Z</time><extensions><speed>1.000031</speed><course>167.877121</course><hAcc>1.637909</hAcc><vAcc>0.811160</vAcc></extensions></trkpt>
      <trkpt lon="-76.449186" lat="39.346754"><ele>23.043835</ele><time>2022-02-23T22:23:26Z</time><extensions><speed>1.024324</speed><course>166.942902</course><hAcc>1.659386</hAcc><vAcc>0.810860</vAcc></extensions></trkpt>
      <trkpt lon="-76.449184" lat="39.346745"><ele>23.025038</ele><time>2022-02-23T22:23:27Z</time><extensions><speed>1.069166</speed><course>165.455475</course><hAcc>1.693166</hAcc><vAcc>0.810573</vAcc></extensions></trkpt>
      <trkpt lon="-76.449180" lat="39.346736"><ele>23.017015</ele><time>2022-02-23T22:23:28Z</time><extensions><speed>1.088141</speed><course>164.460632</course><hAcc>1.676352</hAcc><vAcc>0.810305</vAcc></extensions></trkpt>
      <trkpt lon="-76.449177" lat="39.346726"><ele>23.050024</ele><time>2022-02-23T22:23:29Z</time><extensions><speed>1.154237</speed><course>168.636368</course><hAcc>1.672507</hAcc><vAcc>0.810076</vAcc></extensions></trkpt>
      <trkpt lon="-76.449175" lat="39.346715"><ele>23.026428</ele><time>2022-02-23T22:23:30Z</time><extensions><speed>1.237404</speed><course>172.994598</course><hAcc>1.679945</hAcc><vAcc>0.809977</vAcc></extensions></trkpt>
      <trkpt lon="-76.449174" lat="39.346704"><ele>23.013334</ele><time>2022-02-23T22:23:31Z</time><extensions><speed>1.313787</speed><course>176.690079</course><hAcc>1.670400</hAcc><vAcc>0.809980</vAcc></extensions></trkpt>
      <trkpt lon="-76.449173" lat="39.346692"><ele>22.995823</ele><time>2022-02-23T22:23:32Z</time><extensions><speed>1.316494</speed><course>176.508331</course><hAcc>1.653687</hAcc><vAcc>0.810069</vAcc></extensions></trkpt>
      <trkpt lon="-76.449172" lat="39.346680"><ele>22.963255</ele><time>2022-02-23T22:23:33Z</time><extensions><speed>1.246345</speed><course>174.436234</course><hAcc>1.638579</hAcc><vAcc>0.810225</vAcc></extensions></trkpt>
      <trkpt lon="-76.449170" lat="39.346669"><ele>22.949390</ele><time>2022-02-23T22:23:34Z</time><extensions><speed>1.300297</speed><course>171.981735</course><hAcc>1.658278</hAcc><vAcc>0.810425</vAcc></extensions></trkpt>
      <trkpt lon="-76.449168" lat="39.346658"><ele>22.932919</ele><time>2022-02-23T22:23:35Z</time><extensions><speed>1.190818</speed><course>170.787979</course><hAcc>1.709653</hAcc><vAcc>0.810687</vAcc></extensions></trkpt>
      <trkpt lon="-76.449166" lat="39.346647"><ele>22.931335</ele><time>2022-02-23T22:23:36Z</time><extensions><speed>1.204297</speed><course>174.030060</course><hAcc>1.653079</hAcc><vAcc>0.810955</vAcc></extensions></trkpt>
      <trkpt lon="-76.449165" lat="39.346636"><ele>22.935230</ele><time>2022-02-23T22:23:37Z</time><extensions><speed>1.245559</speed><course>176.674164</course><hAcc>1.631062</hAcc><vAcc>0.811193</vAcc></extensions></trkpt>
      <trkpt lon="-76.449164" lat="39.346625"><ele>22.924994</ele><time>2022-02-23T22:23:38Z</time><extensions><speed>1.248995</speed><course>175.222916</course><hAcc>1.646010</hAcc><vAcc>0.811409</vAcc></extensions></trkpt>
      <trkpt lon="-76.449162" lat="39.346613"><ele>22.939526</ele><time>2022-02-23T22:23:39Z</time><extensions><speed>1.269355</speed><course>172.667145</course><hAcc>1.667904</hAcc><vAcc>0.811639</vAcc></extensions></trkpt>
      <trkpt lon="-76.449160" lat="39.346602"><ele>22.955116</ele><time>2022-02-23T22:23:40Z</time><extensions><speed>1.231144</speed><course>171.242249</course><hAcc>1.684554</hAcc><vAcc>0.811876</vAcc></extensions></trkpt>
      <trkpt lon="-76.449158" lat="39.346591"><ele>22.977140</ele><time>2022-02-23T22:23:41Z</time><extensions><speed>1.223543</speed><course>168.492218</course><hAcc>1.690968</hAcc><vAcc>0.812127</vAcc></extensions></trkpt>
      <trkpt lon="-76.449155" lat="39.346581"><ele>22.999889</ele><time>2022-02-23T22:23:42Z</time><extensions><speed>1.208840</speed><course>167.277405</course><hAcc>1.682570</hAcc><vAcc>0.812348</vAcc></extensions></trkpt>
      <trkpt lon="-76.449152" lat="39.346570"><ele>22.990608</ele><time>2022-02-23T22:23:43Z</time><extensions><speed>1.234736</speed><course>166.582428</course><hAcc>1.675332</hAcc><vAcc>0.812537</vAcc></extensions></trkpt>
      <trkpt lon="-76.449148" lat="39.346559"><ele>23.021439</ele><time>2022-02-23T22:23:44Z</time><extensions><speed>1.263070</speed><course>165.441574</course><hAcc>1.679687</hAcc><vAcc>0.812692</vAcc></extensions></trkpt>
      <trkpt lon="-76.449144" lat="39.346549"><ele>23.070721</ele><time>2022-02-23T22:23:45Z</time><extensions><speed>1.145823</speed><course>162.288452</course><hAcc>1.695392</hAcc><vAcc>0.812809</vAcc></extensions></trkpt>
      <trkpt lon="-76.449140" lat="39.346539"><ele>23.119579</ele><time>2022-02-23T22:23:46Z</time><extensions><speed>1.153259</speed><course>158.853439</course><hAcc>1.698822</hAcc><vAcc>0.812837</vAcc></extensions></trkpt>
      <trkpt lon="-76.449134" lat="39.346528"><ele>23.160490</ele><time>2022-02-23T22:23:47Z</time><extensions><speed>1.315620</speed><course>157.895645</course><hAcc>1.682553</hAcc><vAcc>0.812840</vAcc></extensions></trkpt>
      <trkpt lon="-76.449129" lat="39.346517"><ele>23.234282</ele><time>2022-02-23T22:23:48Z</time><extensions><speed>1.348574</speed><course>158.986099</course><hAcc>1.682621</hAcc><vAcc>0.812766</vAcc></extensions></trkpt>
      <trkpt lon="-76.449123" lat="39.346506"><ele>23.305084</ele><time>2022-02-23T22:23:49Z</time><extensions><speed>1.373132</speed><course>158.703796</course><hAcc>1.695354</hAcc><vAcc>0.812631</vAcc></extensions></trkpt>
      <trkpt lon="-76.449117" lat="39.346494"><ele>23.380552</ele><time>2022-02-23T22:23:50Z</time><extensions><speed>1.371394</speed><course>155.389969</course><hAcc>1.699123</hAcc><vAcc>0.812449</vAcc></extensions></trkpt>
      <trkpt lon="-76.449110" lat="39.346483"><ele>23.454739</ele><time>2022-02-23T22:23:51Z</time><extensions><speed>1.352935</speed><course>153.721970</course><hAcc>1.696946</hAcc><vAcc>0.812206</vAcc></extensions></trkpt>
      <trkpt lon="-76.449103" lat="39.346473"><ele>23.542759</ele><time>2022-02-23T22:23:52Z</time><extensions><speed>1.277038</speed><course>154.745865</course><hAcc>1.695779</hAcc><vAcc>0.811914</vAcc></extensions></trkpt>
      <trkpt lon="-76.449097" lat="39.346463"><ele>23.614119</ele><time>2022-02-23T22:23:53Z</time><extensions><speed>1.214063</speed><course>154.762436</course><hAcc>1.694339</hAcc><vAcc>0.811577</vAcc></extensions></trkpt>
      <trkpt lon="-76.449091" lat="39.346453"><ele>23.683224</ele><time>2022-02-23T22:23:54Z</time><extensions><speed>1.180724</speed><course>155.216736</course><hAcc>1.696395</hAcc><vAcc>0.811214</vAcc></extensions></trkpt>
      <trkpt lon="-76.449086" lat="39.346443"><ele>23.760941</ele><time>2022-02-23T22:23:55Z</time><extensions><speed>1.128322</speed><course>154.992661</course><hAcc>1.703503</hAcc><vAcc>0.810860</vAcc></extensions></trkpt>
      <trkpt lon="-76.449080" lat="39.346434"><ele>23.805658</ele><time>2022-02-23T22:23:56Z</time><extensions><speed>1.104637</speed><course>151.028839</course><hAcc>1.692575</hAcc><vAcc>0.810523</vAcc></extensions></trkpt>
      <trkpt lon="-76.449073" lat="39.346426"><ele>23.874138</ele><time>2022-02-23T22:23:57Z</time><extensions><speed>1.081044</speed><course>146.069595</course><hAcc>1.694866</hAcc><vAcc>0.810211</vAcc></extensions></trkpt>
      <trkpt lon="-76.449066" lat="39.346418"><ele>23.943480</ele><time>2022-02-23T22:23:58Z</time><extensions><speed>1.114608</speed><course>146.095322</course><hAcc>1.685681</hAcc><vAcc>0.809955</vAcc></extensions></trkpt>
      <trkpt lon="-76.449059" lat="39.346409"><ele>23.989202</ele><time>2022-02-23T22:23:59Z</time><extensions><speed>1.156007</speed><course>147.167297</course><hAcc>1.691309</hAcc><vAcc>0.809717</vAcc></extensions></trkpt>
      <trkpt lon="-76.449051" lat="39.346400"><ele>24.046040</ele><time>2022-02-23T22:24:00Z</time><extensions><speed>1.245535</speed><course>145.398956</course><hAcc>1.701089</hAcc><vAcc>0.809515</vAcc></extensions></trkpt>
      <trkpt lon="-76.449042" lat="39.346391"><ele>24.086973</ele><time>2022-02-23T22:24:01Z</time><extensions><speed>1.290576</speed><course>141.955276</course><hAcc>1.687112</hAcc><vAcc>0.809286</vAcc></extensions></trkpt>
      <trkpt lon="-76.449033" lat="39.346382"><ele>24.153189</ele><time>2022-02-23T22:24:02Z</time><extensions><speed>1.326785</speed><course>137.962433</course><hAcc>1.670550</hAcc><vAcc>0.809114</vAcc></extensions></trkpt>
      <trkpt lon="-76.449022" lat="39.346373"><ele>24.215519</ele><time>2022-02-23T22:24:03Z</time><extensions><speed>1.354478</speed><course>136.538956</course><hAcc>1.656688</hAcc><vAcc>0.809047</vAcc></extensions></trkpt>
      <trkpt lon="-76.449011" lat="39.346364"><ele>24.263062</ele><time>2022-02-23T22:24:04Z</time><extensions><speed>1.322921</speed><course>136.829147</course><hAcc>1.649510</hAcc><vAcc>0.808975</vAcc></extensions></trkpt>
      <trkpt lon="-76.449001" lat="39.346356"><ele>24.311724</ele><time>2022-02-23T22:24:05Z</time><extensions><speed>1.218896</speed><course>138.315689</course><hAcc>1.654985</hAcc><vAcc>0.808944</vAcc></extensions></trkpt>
      <trkpt lon="-76.448992" lat="39.346347"><ele>24.334644</ele><time>2022-02-23T22:24:06Z</time><extensions><speed>1.237214</speed><course>141.504257</course><hAcc>1.639233</hAcc><vAcc>0.808903</vAcc></extensions></trkpt>
      <trkpt lon="-76.448983" lat="39.346338"><ele>24.358246</ele><time>2022-02-23T22:24:07Z</time><extensions><speed>1.337534</speed><course>139.806656</course><hAcc>1.660302</hAcc><vAcc>0.808874</vAcc></extensions></trkpt>
      <trkpt lon="-76.448974" lat="39.346329"><ele>24.367748</ele><time>2022-02-23T22:24:08Z</time><extensions><speed>1.301349</speed><course>145.690430</course><hAcc>1.654454</hAcc><vAcc>0.808812</vAcc></extensions></trkpt>
      <trkpt lon="-76.448965" lat="39.346319"><ele>24.385899</ele><time>2022-02-23T22:24:09Z</time><extensions><speed>1.359824</speed><course>149.638382</course><hAcc>1.613766</hAcc><vAcc>0.808753</vAcc></extensions></trkpt>
      <trkpt lon="-76.448958" lat="39.346308"><ele>24.386997</ele><time>2022-02-23T22:24:10Z</time><extensions><speed>1.385095</speed><course>153.200684</course><hAcc>1.597292</hAcc><vAcc>0.808674</vAcc></extensions></trkpt>
      <trkpt lon="-76.448951" lat="39.346296"><ele>24.390520</ele><time>2022-02-23T22:24:11Z</time><extensions><speed>1.410465</speed><course>155.646103</course><hAcc>1.588071</hAcc><vAcc>0.808594</vAcc></extensions></trkpt>
      <trkpt lon="-76.448944" lat="39.346284"><ele>24.390511</ele><time>2022-02-23T22:24:12Z</time><extensions><speed>1.507583</speed><course>156.145340</course><hAcc>1.599392</hAcc><vAcc>0.808531</vAcc></extensions></trkpt>
      <trkpt lon="-76.448937" lat="39.346272"><ele>24.378626</ele><time>2022-02-23T22:24:13Z</time><extensions><speed>1.395662</speed><course>155.062241</course><hAcc>1.628565</hAcc><vAcc>0.808496</vAcc></extensions></trkpt>
      <trkpt lon="-76.448931" lat="39.346260"><ele>24.357178</ele><time>2022-02-23T22:24:14Z</time><extensions><speed>1.424905</speed><course>159.997757</course><hAcc>1.614845</hAcc><vAcc>0.808538</vAcc></extensions></trkpt>
      <trkpt lon="-76.448926" lat="39.346249"><ele>24.306807</ele><time>2022-02-23T22:24:15Z</time><extensions><speed>1.305626</speed><course>165.955338</course><hAcc>1.660450</hAcc><vAcc>0.808666</vAcc></extensions></trkpt>
      <trkpt lon="-76.448923" lat="39.346237"><ele>24.269609</ele><time>2022-02-23T22:24:16Z</time><extensions><speed>1.329082</speed><course>170.796356</course><hAcc>1.613951</hAcc><vAcc>0.808888</vAcc></extensions></trkpt>
      <trkpt lon="-76.448920" lat="39.346225"><ele>24.265894</ele><time>2022-02-23T22:24:17Z</time><extensions><speed>1.320896</speed><course>170.414703</course><hAcc>1.607131</hAcc><vAcc>0.809148</vAcc></extensions></trkpt>
      <trkpt lon="-76.448918" lat="39.346214"><ele>24.255316</ele><time>2022-02-23T22:24:18Z</time><extensions><speed>1.228425</speed><course>171.332260</course><hAcc>1.634366</hAcc><vAcc>0.809445</vAcc></extensions></trkpt>
      <trkpt lon="-76.448916" lat="39.346203"><ele>24.251898</ele><time>2022-02-23T22:24:19Z</time><extensions><speed>1.181136</speed><course>171.974869</course><hAcc>1.664317</hAcc><vAcc>0.809745</vAcc></extensions></trkpt>
      <trkpt lon="-76.448914" lat="39.346192"><ele>24.224489</ele><time>2022-02-23T22:24:20Z</time><extensions><speed>1.230385</speed><course>173.473755</course><hAcc>1.670581</hAcc><vAcc>0.810140</vAcc></extensions></trkpt>
      <trkpt lon="-76.448913" lat="39.346181"><ele>24.199322</ele><time>2022-02-23T22:24:21Z</time><extensions><speed>1.211258</speed><course>174.981674</course><hAcc>1.665347</hAcc><vAcc>0.810522</vAcc></extensions></trkpt>
      <trkpt lon="-76.448912" lat="39.346170"><ele>24.184551</ele><time>2022-02-23T22:24:22Z</time><extensions><speed>1.304489</speed><course>175.042160</course><hAcc>1.647043</hAcc><vAcc>0.810960</vAcc></extensions></trkpt>
      <trkpt lon="-76.448910" lat="39.346158"><ele>24.161676</ele><time>2022-02-23T22:24:23Z</time><extensions><speed>1.362921</speed><course>173.673035</course><hAcc>1.625733</hAcc><vAcc>0.811342</vAcc></extensions></trkpt>
      <trkpt lon="-76.448908" lat="39.346146"><ele>24.143606</ele><time>2022-02-23T22:24:24Z</time><extensions><speed>1.358348</speed><course>171.225388</course><hAcc>1.618037</hAcc><vAcc>0.811645</vAcc></extensions></trkpt>
      <trkpt lon="-76.448906" lat="39.346134"><ele>24.126904</ele><time>2022-02-23T22:24:25Z</time><extensions><speed>1.342251</speed><course>171.098831</course><hAcc>1.624808</hAcc><vAcc>0.811923</vAcc></extensions></trkpt>
      <trkpt lon="-76.448903" lat="39.346121"><ele>24.109064</ele><time>2022-02-23T22:24:26Z</time><extensions><speed>1.407000</speed><course>171.930054</course><hAcc>1.613276</hAcc><vAcc>0.812054</vAcc></extensions></trkpt>
      <trkpt lon="-76.448901" lat="39.346109"><ele>24.090942</ele><time>2022-02-23T22:24:27Z</time><extensions><speed>1.318370</speed><course>172.177307</course><hAcc>1.643623</hAcc><vAcc>0.812116</vAcc></extensions></trkpt>
      <trkpt lon="-76.448899" lat="39.346097"><ele>24.072105</ele><time>2022-02-23T22:24:28Z</time><extensions><speed>1.365002</speed><course>174.156555</course><hAcc>1.607697</hAcc><vAcc>0.811992</vAcc></extensions></trkpt>
      <trkpt lon="-76.448898" lat="39.346085"><ele>24.054256</ele><time>2022-02-23T22:24:29Z</time><extensions><speed>1.390693</speed><course>175.245895</course><hAcc>1.599028</hAcc><vAcc>0.811809</vAcc></extensions></trkpt>
      <trkpt lon="-76.448896" lat="39.346072"><ele>24.043314</ele><time>2022-02-23T22:24:30Z</time><extensions><speed>1.379305</speed><course>176.586929</course><hAcc>1.623013</hAcc><vAcc>0.811577</vAcc></extensions></trkpt>
      <trkpt lon="-76.448895" lat="39.346060"><ele>24.026178</ele><time>2022-02-23T22:24:31Z</time><extensions><speed>1.423124</speed><course>174.705521</course><hAcc>1.633426</hAcc><vAcc>0.811338</vAcc></extensions></trkpt>
      <trkpt lon="-76.448893" lat="39.346047"><ele>24.015566</ele><time>2022-02-23T22:24:32Z</time><extensions><speed>1.450275</speed><course>173.450668</course><hAcc>1.637510</hAcc><vAcc>0.811099</vAcc></extensions></trkpt>
      <trkpt lon="-76.448891" lat="39.346034"><ele>24.006821</ele><time>2022-02-23T22:24:33Z</time><extensions><speed>1.506335</speed><course>173.022736</course><hAcc>1.615850</hAcc><vAcc>0.810843</vAcc></extensions></trkpt>
      <trkpt lon="-76.448889" lat="39.346020"><ele>23.997931</ele><time>2022-02-23T22:24:34Z</time><extensions><speed>1.534105</speed><course>174.472885</course><hAcc>1.604346</hAcc><vAcc>0.810608</vAcc></extensions></trkpt>
      <trkpt lon="-76.448887" lat="39.346007"><ele>23.983706</ele><time>2022-02-23T22:24:35Z</time><extensions><speed>1.442572</speed><course>179.898315</course><hAcc>1.613058</hAcc><vAcc>0.810391</vAcc></extensions></trkpt>
      <trkpt lon="-76.448887" lat="39.345994"><ele>23.983219</ele><time>2022-02-23T22:24:36Z</time><extensions><speed>1.464382</speed><course>177.817642</course><hAcc>1.576984</hAcc><vAcc>0.810198</vAcc></extensions></trkpt>
      <trkpt lon="-76.448886" lat="39.345981"><ele>23.995693</ele><time>2022-02-23T22:24:37Z</time><extensions><speed>1.383806</speed><course>178.901810</course><hAcc>1.580323</hAcc><vAcc>0.810025</vAcc></extensions></trkpt>
      <trkpt lon="-76.448885" lat="39.345968"><ele>24.006786</ele><time>2022-02-23T22:24:38Z</time><extensions><speed>1.409844</speed><course>173.517654</course><hAcc>1.549134</hAcc><vAcc>0.809878</vAcc></extensions></trkpt>
      <trkpt lon="-76.448883" lat="39.345956"><ele>23.964958</ele><time>2022-02-23T22:24:39Z</time><extensions><speed>1.369075</speed><course>172.003082</course><hAcc>1.580113</hAcc><vAcc>0.809729</vAcc></extensions></trkpt>
      <trkpt lon="-76.448879" lat="39.345944"><ele>23.944529</ele><time>2022-02-23T22:24:40Z</time><extensions><speed>1.417578</speed><course>161.521622</course><hAcc>1.571716</hAcc><vAcc>0.809616</vAcc></extensions></trkpt>
      <trkpt lon="-76.448873" lat="39.345932"><ele>23.911898</ele><time>2022-02-23T22:24:41Z</time><extensions><speed>1.393190</speed><course>153.251572</course><hAcc>1.607618</hAcc><vAcc>0.809532</vAcc></extensions></trkpt>
      <trkpt lon="-76.448864" lat="39.345922"><ele>23.885826</ele><time>2022-02-23T22:24:42Z</time><extensions><speed>1.396078</speed><course>143.444458</course><hAcc>1.597198</hAcc><vAcc>0.809441</vAcc></extensions></trkpt>
      <trkpt lon="-76.448854" lat="39.345912"><ele>23.855772</ele><time>2022-02-23T22:24:43Z</time><extensions><speed>1.390714</speed><course>135.810135</course><hAcc>1.598752</hAcc><vAcc>0.809356</vAcc></extensions></trkpt>
      <trkpt lon="-76.448842" lat="39.345903"><ele>23.812057</ele><time>2022-02-23T22:24:44Z</time><extensions><speed>1.465400</speed><course>131.423325</course><hAcc>1.628490</hAcc><vAcc>0.809265</vAcc></extensions></trkpt>
      <trkpt lon="-76.448829" lat="39.345894"><ele>23.781261</ele><time>2022-02-23T22:24:45Z</time><extensions><speed>1.520605</speed><course>130.543610</course><hAcc>1.654829</hAcc><vAcc>0.809180</vAcc></extensions></trkpt>
      <trkpt lon="-76.448816" lat="39.345885"><ele>23.749601</ele><time>2022-02-23T22:24:46Z</time><extensions><speed>1.555224</speed><course>133.867340</course><hAcc>1.668261</hAcc><vAcc>0.809124</vAcc></extensions></trkpt>
      <trkpt lon="-76.448803" lat="39.345875"><ele>23.723917</ele><time>2022-02-23T22:24:47Z</time><extensions><speed>1.540402</speed><course>138.450272</course><hAcc>1.667879</hAcc><vAcc>0.809058</vAcc></extensions></trkpt>
      <trkpt lon="-76.448792" lat="39.345864"><ele>23.698515</ele><time>2022-02-23T22:24:48Z</time><extensions><speed>1.500262</speed><course>141.761414</course><hAcc>1.653939</hAcc><vAcc>0.809034</vAcc></extensions></trkpt>
      <trkpt lon="-76.448782" lat="39.345854"><ele>23.655386</ele><time>2022-02-23T22:24:49Z</time><extensions><speed>1.457003</speed><course>144.425354</course><hAcc>1.668092</hAcc><vAcc>0.808962</vAcc></extensions></trkpt>
      <trkpt lon="-76.448772" lat="39.345843"><ele>23.632874</ele><time>2022-02-23T22:24:50Z</time><extensions><speed>1.410447</speed><course>146.861511</course><hAcc>1.716586</hAcc><vAcc>0.808875</vAcc></extensions></trkpt>
      <trkpt lon="-76.448763" lat="39.345833"><ele>23.599800</ele><time>2022-02-23T22:24:51Z</time><extensions><speed>1.379537</speed><course>140.788681</course><hAcc>1.673574</hAcc><vAcc>0.808701</vAcc></extensions></trkpt>
      <trkpt lon="-76.448752" lat="39.345823"><ele>23.589869</ele><time>2022-02-23T22:24:52Z</time><extensions><speed>1.382468</speed><course>138.981461</course><hAcc>1.651446</hAcc><vAcc>0.808403</vAcc></extensions></trkpt>
      <trkpt lon="-76.448742" lat="39.345814"><ele>23.591923</ele><time>2022-02-23T22:24:53Z</time><extensions><speed>1.364699</speed><course>139.699677</course><hAcc>1.659103</hAcc><vAcc>0.808079</vAcc></extensions></trkpt>
      <trkpt lon="-76.448732" lat="39.345805"><ele>23.551474</ele><time>2022-02-23T22:24:54Z</time><extensions><speed>1.344397</speed><course>142.045227</course><hAcc>1.663987</hAcc><vAcc>0.807688</vAcc></extensions></trkpt>
      <trkpt lon="-76.448722" lat="39.345795"><ele>23.514637</ele><time>2022-02-23T22:24:55Z</time><extensions><speed>1.373973</speed><course>143.585495</course><hAcc>1.658661</hAcc><vAcc>0.807241</vAcc></extensions></trkpt>
      <trkpt lon="-76.448713" lat="39.345785"><ele>23.495781</ele><time>2022-02-23T22:24:56Z</time><extensions><speed>1.431391</speed><course>144.254990</course><hAcc>1.644789</hAcc><vAcc>0.806776</vAcc></extensions></trkpt>
      <trkpt lon="-76.448703" lat="39.345774"><ele>23.481852</ele><time>2022-02-23T22:24:57Z</time><extensions><speed>1.472926</speed><course>144.552444</course><hAcc>1.641119</hAcc><vAcc>0.806330</vAcc></extensions></trkpt>
      <trkpt lon="-76.448693" lat="39.345763"><ele>23.458040</ele><time>2022-02-23T22:24:58Z</time><extensions><speed>1.438550</speed><course>145.598007</course><hAcc>1.660859</hAcc><vAcc>0.805935</vAcc></extensions></trkpt>
      <trkpt lon="-76.448683" lat="39.345753"><ele>23.433966</ele><time>2022-02-23T22:24:59Z</time><extensions><speed>1.462193</speed><course>140.741196</course><hAcc>1.643474</hAcc><vAcc>0.805586</vAcc></extensions></trkpt>
      <trkpt lon="-76.448672" lat="39.345743"><ele>23.407690</ele><time>2022-02-23T22:25:00Z</time><extensions><speed>1.408681</speed><course>135.761765</course><hAcc>1.675911</hAcc><vAcc>0.805300</vAcc></extensions></trkpt>
      <trkpt lon="-76.448661" lat="39.345734"><ele>23.375706</ele><time>2022-02-23T22:25:01Z</time><extensions><speed>1.393734</speed><course>140.664841</course><hAcc>1.630048</hAcc><vAcc>0.805115</vAcc></extensions></trkpt>
      <trkpt lon="-76.448651" lat="39.345724"><ele>23.342379</ele><time>2022-02-23T22:25:02Z</time><extensions><speed>1.376576</speed><course>143.899689</course><hAcc>1.621062</hAcc><vAcc>0.805044</vAcc></extensions></trkpt>
      <trkpt lon="-76.448642" lat="39.345714"><ele>23.307098</ele><time>2022-02-23T22:25:03Z</time><extensions><speed>1.387901</speed><course>142.772339</course><hAcc>1.644665</hAcc><vAcc>0.805104</vAcc></extensions></trkpt>
      <trkpt lon="-76.448632" lat="39.345704"><ele>23.263411</ele><time>2022-02-23T22:25:04Z</time><extensions><speed>1.394538</speed><course>141.127548</course><hAcc>1.650734</hAcc><vAcc>0.805282</vAcc></extensions></trkpt>
      <trkpt lon="-76.448622" lat="39.345694"><ele>23.235661</ele><time>2022-02-23T22:25:05Z</time><extensions><speed>1.390176</speed><course>139.965759</course><hAcc>1.637547</hAcc><vAcc>0.805547</vAcc></extensions></trkpt>
      <trkpt lon="-76.448611" lat="39.345685"><ele>23.225399</ele><time>2022-02-23T22:25:06Z</time><extensions><speed>1.370354</speed><course>140.250443</course><hAcc>1.628716</hAcc><vAcc>0.805889</vAcc></extensions></trkpt>
      <trkpt lon="-76.448601" lat="39.345675"><ele>23.199591</ele><time>2022-02-23T22:25:07Z</time><extensions><speed>1.390919</speed><course>139.272644</course><hAcc>1.650361</hAcc><vAcc>0.806270</vAcc></extensions></trkpt>
      <trkpt lon="-76.448590" lat="39.345666"><ele>23.193632</ele><time>2022-02-23T22:25:08Z</time><extensions><speed>1.365789</speed><course>140.538223</course><hAcc>1.696902</hAcc><vAcc>0.806684</vAcc></extensions></trkpt>
      <trkpt lon="-76.448580" lat="39.345657"><ele>23.249222</ele><time>2022-02-23T22:25:09Z</time><extensions><speed>1.297621</speed><course>136.421555</course><hAcc>1.639297</hAcc><vAcc>0.807085</vAcc></extensions></trkpt>
      <trkpt lon="-76.448569" lat="39.345649"><ele>23.325857</ele><time>2022-02-23T22:25:10Z</time><extensions><speed>1.264058</speed><course>132.602631</course><hAcc>1.598826</hAcc><vAcc>0.807468</vAcc></extensions></trkpt>
      <trkpt lon="-76.448558" lat="39.345641"><ele>23.409391</ele><time>2022-02-23T22:25:11Z</time><extensions><speed>1.348337</speed><course>127.336349</course><hAcc>1.588447</hAcc><vAcc>0.807829</vAcc></extensions></trkpt>
      <trkpt lon="-76.448545" lat="39.345634"><ele>23.501024</ele><time>2022-02-23T22:25:12Z</time><extensions><speed>1.410536</speed><course>126.871010</course><hAcc>1.607459</hAcc><vAcc>0.808192</vAcc></extensions></trkpt>
      <trkpt lon="-76.448532" lat="39.345626"><ele>23.584700</ele><time>2022-02-23T22:25:13Z</time><extensions><speed>1.464820</speed><course>128.787888</course><hAcc>1.645519</hAcc><vAcc>0.808556</vAcc></extensions></trkpt>
      <trkpt lon="-76.448518" lat="39.345618"><ele>23.664165</ele><time>2022-02-23T22:25:14Z</time><extensions><speed>1.495506</speed><course>128.090118</course><hAcc>1.626247</hAcc><vAcc>0.808891</vAcc></extensions></trkpt>
      <trkpt lon="-76.448504" lat="39.345609"><ele>23.734804</ele><time>2022-02-23T22:25:15Z</time><extensions><speed>1.548125</speed><course>127.445305</course><hAcc>1.599676</hAcc><vAcc>0.809210</vAcc></extensions></trkpt>
      <trkpt lon="-76.448491" lat="39.345601"><ele>23.804293</ele><time>2022-02-23T22:25:16Z</time><extensions><speed>1.484211</speed><course>129.907715</course><hAcc>1.624763</hAcc><vAcc>0.809516</vAcc></extensions></trkpt>
      <trkpt lon="-76.448477" lat="39.345592"><ele>23.891899</ele><time>2022-02-23T22:25:17Z</time><extensions><speed>1.550964</speed><course>128.459030</course><hAcc>1.600437</hAcc><vAcc>0.809833</vAcc></extensions></trkpt>
      <trkpt lon="-76.448463" lat="39.345583"><ele>23.946651</ele><time>2022-02-23T22:25:18Z</time><extensions><speed>1.536090</speed><course>128.937607</course><hAcc>1.603509</hAcc><vAcc>0.810198</vAcc></extensions></trkpt>
      <trkpt lon="-76.448449" lat="39.345575"><ele>23.988049</ele><time>2022-02-23T22:25:19Z</time><extensions><speed>1.507962</speed><course>128.624298</course><hAcc>1.618385</hAcc><vAcc>0.810573</vAcc></extensions></trkpt>
      <trkpt lon="-76.448436" lat="39.345567"><ele>24.019011</ele><time>2022-02-23T22:25:20Z</time><extensions><speed>1.305085</speed><course>127.787064</course><hAcc>1.663758</hAcc><vAcc>0.810921</vAcc></extensions></trkpt>
      <trkpt lon="-76.448424" lat="39.345559"><ele>24.019470</ele><time>2022-02-23T22:25:21Z</time><extensions><speed>1.405711</speed><course>131.282227</course><hAcc>1.639783</hAcc><vAcc>0.811291</vAcc></extensions></trkpt>
      <trkpt lon="-76.448413" lat="39.345551"><ele>24.004324</ele><time>2022-02-23T22:25:22Z</time><extensions><speed>1.358183</speed><course>133.823624</course><hAcc>1.645366</hAcc><vAcc>0.811703</vAcc></extensions></trkpt>
      <trkpt lon="-76.448402" lat="39.345542"><ele>23.955070</ele><time>2022-02-23T22:25:23Z</time><extensions><speed>1.331657</speed><course>137.978851</course><hAcc>1.645565</hAcc><vAcc>0.812096</vAcc></extensions></trkpt>
      <trkpt lon="-76.448392" lat="39.345533"><ele>23.909441</ele><time>2022-02-23T22:25:24Z</time><extensions><speed>1.328657</speed><course>140.511292</course><hAcc>1.649832</hAcc><vAcc>0.812456</vAcc></extensions></trkpt>
      <trkpt lon="-76.448382" lat="39.345523"><ele>23.842773</ele><time>2022-02-23T22:25:25Z</time><extensions><speed>1.389198</speed><course>142.041245</course><hAcc>1.655060</hAcc><vAcc>0.812761</vAcc></extensions></trkpt>
      <trkpt lon="-76.448372" lat="39.345514"><ele>23.771746</ele><time>2022-02-23T22:25:26Z</time><extensions><speed>1.342160</speed><course>144.121689</course><hAcc>1.654536</hAcc><vAcc>0.812989</vAcc></extensions></trkpt>
      <trkpt lon="-76.448364" lat="39.345504"><ele>23.696548</ele><time>2022-02-23T22:25:27Z</time><extensions><speed>1.273114</speed><course>147.408798</course><hAcc>1.658103</hAcc><vAcc>0.813161</vAcc></extensions></trkpt>
      <trkpt lon="-76.448356" lat="39.345494"><ele>23.620626</ele><time>2022-02-23T22:25:28Z</time><extensions><speed>1.261301</speed><course>148.838181</course><hAcc>1.650245</hAcc><vAcc>0.813253</vAcc></extensions></trkpt>
      <trkpt lon="-76.448348" lat="39.345484"><ele>23.547310</ele><time>2022-02-23T22:25:29Z</time><extensions><speed>1.307420</speed><course>148.687439</course><hAcc>1.630797</hAcc><vAcc>0.813293</vAcc></extensions></trkpt>
      <trkpt lon="-76.448340" lat="39.345474"><ele>23.473015</ele><time>2022-02-23T22:25:30Z</time><extensions><speed>1.404442</speed><course>146.516006</course><hAcc>1.577414</hAcc><vAcc>0.813332</vAcc></extensions></trkpt>
      <trkpt lon="-76.448330" lat="39.345463"><ele>23.374559</ele><time>2022-02-23T22:25:31Z</time><extensions><speed>1.499191</speed><course>145.052231</course><hAcc>1.542050</hAcc><vAcc>0.813353</vAcc></extensions></trkpt>
      <trkpt lon="-76.448321" lat="39.345452"><ele>23.278784</ele><time>2022-02-23T22:25:32Z</time><extensions><speed>1.450129</speed><course>145.823639</course><hAcc>1.545319</hAcc><vAcc>0.813373</vAcc></extensions></trkpt>
      <trkpt lon="-76.448311" lat="39.345442"><ele>23.196585</ele><time>2022-02-23T22:25:33Z</time><extensions><speed>1.427169</speed><course>147.547104</course><hAcc>1.548624</hAcc><vAcc>0.813391</vAcc></extensions></trkpt>
      <trkpt lon="-76.448303" lat="39.345430"><ele>23.141380</ele><time>2022-02-23T22:25:34Z</time><extensions><speed>1.467007</speed><course>150.702042</course><hAcc>1.544713</hAcc><vAcc>0.813395</vAcc></extensions></trkpt>
      <trkpt lon="-76.448294" lat="39.345419"><ele>23.053009</ele><time>2022-02-23T22:25:35Z</time><extensions><speed>1.417434</speed><course>149.375626</course><hAcc>1.527455</hAcc><vAcc>0.813407</vAcc></extensions></trkpt>
      <trkpt lon="-76.448286" lat="39.345409"><ele>22.980299</ele><time>2022-02-23T22:25:36Z</time><extensions><speed>1.348705</speed><course>147.727386</course><hAcc>1.465727</hAcc><vAcc>0.813416</vAcc></extensions></trkpt>
      <trkpt lon="-76.448277" lat="39.345398"><ele>22.910866</ele><time>2022-02-23T22:25:37Z</time><extensions><speed>1.337196</speed><course>145.260803</course><hAcc>1.455710</hAcc><vAcc>0.813414</vAcc></extensions></trkpt>
      <trkpt lon="-76.448268" lat="39.345388"><ele>22.861403</ele><time>2022-02-23T22:25:38Z</time><extensions><speed>1.385228</speed><course>144.877991</course><hAcc>1.492313</hAcc><vAcc>0.813429</vAcc></extensions></trkpt>
      <trkpt lon="-76.448259" lat="39.345378"><ele>22.806450</ele><time>2022-02-23T22:25:39Z</time><extensions><speed>1.405568</speed><course>146.395294</course><hAcc>1.507523</hAcc><vAcc>0.813436</vAcc></extensions></trkpt>
      <trkpt lon="-76.448250" lat="39.345367"><ele>22.767706</ele><time>2022-02-23T22:25:40Z</time><extensions><speed>1.413476</speed><course>147.604828</course><hAcc>1.483875</hAcc><vAcc>0.813448</vAcc></extensions></trkpt>
      <trkpt lon="-76.448242" lat="39.345356"><ele>22.725294</ele><time>2022-02-23T22:25:41Z</time><extensions><speed>1.431302</speed><course>148.899139</course><hAcc>1.529892</hAcc><vAcc>0.813416</vAcc></extensions></trkpt>
      <trkpt lon="-76.448233" lat="39.345345"><ele>22.689808</ele><time>2022-02-23T22:25:42Z</time><extensions><speed>1.412453</speed><course>145.537857</course><hAcc>1.531913</hAcc><vAcc>0.813354</vAcc></extensions></trkpt>
      <trkpt lon="-76.448223" lat="39.345335"><ele>22.667753</ele><time>2022-02-23T22:25:43Z</time><extensions><speed>1.414928</speed><course>143.340973</course><hAcc>1.498200</hAcc><vAcc>0.813269</vAcc></extensions></trkpt>
      <trkpt lon="-76.448213" lat="39.345325"><ele>22.636786</ele><time>2022-02-23T22:25:44Z</time><extensions><speed>1.443306</speed><course>143.909561</course><hAcc>1.528653</hAcc><vAcc>0.813163</vAcc></extensions></trkpt>
      <trkpt lon="-76.448203" lat="39.345314"><ele>22.626640</ele><time>2022-02-23T22:25:45Z</time><extensions><speed>1.402101</speed><course>144.125214</course><hAcc>1.590137</hAcc><vAcc>0.813055</vAcc></extensions></trkpt>
      <trkpt lon="-76.448193" lat="39.345304"><ele>22.635740</ele><time>2022-02-23T22:25:46Z</time><extensions><speed>1.476241</speed><course>144.271881</course><hAcc>1.580890</hAcc><vAcc>0.812957</vAcc></extensions></trkpt>
      <trkpt lon="-76.448183" lat="39.345293"><ele>22.655518</ele><time>2022-02-23T22:25:47Z</time><extensions><speed>1.554799</speed><course>144.452438</course><hAcc>1.575266</hAcc><vAcc>0.812847</vAcc></extensions></trkpt>
      <trkpt lon="-76.448172" lat="39.345281"><ele>22.664562</ele><time>2022-02-23T22:25:48Z</time><extensions><speed>1.545339</speed><course>143.545593</course><hAcc>1.585439</hAcc><vAcc>0.812705</vAcc></extensions></trkpt>
      <trkpt lon="-76.448161" lat="39.345270"><ele>22.670370</ele><time>2022-02-23T22:25:49Z</time><extensions><speed>1.528696</speed><course>141.266052</course><hAcc>1.578114</hAcc><vAcc>0.812597</vAcc></extensions></trkpt>
      <trkpt lon="-76.448150" lat="39.345260"><ele>22.659103</ele><time>2022-02-23T22:25:50Z</time><extensions><speed>1.484504</speed><course>139.832123</course><hAcc>1.588369</hAcc><vAcc>0.812524</vAcc></extensions></trkpt>
      <trkpt lon="-76.448138" lat="39.345250"><ele>22.662449</ele><time>2022-02-23T22:25:51Z</time><extensions><speed>1.531646</speed><course>134.553909</course><hAcc>1.560117</hAcc><vAcc>0.812451</vAcc></extensions></trkpt>
      <trkpt lon="-76.448125" lat="39.345241"><ele>22.677912</ele><time>2022-02-23T22:25:52Z</time><extensions><speed>1.518558</speed><course>129.683990</course><hAcc>1.578936</hAcc><vAcc>0.812367</vAcc></extensions></trkpt>
      <trkpt lon="-76.448111" lat="39.345232"><ele>22.655149</ele><time>2022-02-23T22:25:53Z</time><extensions><speed>1.567011</speed><course>124.633263</course><hAcc>1.568571</hAcc><vAcc>0.812238</vAcc></extensions></trkpt>
      <trkpt lon="-76.448096" lat="39.345225"><ele>22.642979</ele><time>2022-02-23T22:25:54Z</time><extensions><speed>1.517168</speed><course>122.064423</course><hAcc>1.608498</hAcc><vAcc>0.812041</vAcc></extensions></trkpt>
      <trkpt lon="-76.448080" lat="39.345218"><ele>22.628183</ele><time>2022-02-23T22:25:55Z</time><extensions><speed>1.565095</speed><course>116.804153</course><hAcc>1.580405</hAcc><vAcc>0.811835</vAcc></extensions></trkpt>
      <trkpt lon="-76.448063" lat="39.345212"><ele>22.615723</ele><time>2022-02-23T22:25:56Z</time><extensions><speed>1.596259</speed><course>111.466255</course><hAcc>1.569311</hAcc><vAcc>0.811596</vAcc></extensions></trkpt>
      <trkpt lon="-76.448046" lat="39.345207"><ele>22.600498</ele><time>2022-02-23T22:25:57Z</time><extensions><speed>1.551771</speed><course>109.194778</course><hAcc>1.594017</hAcc><vAcc>0.811327</vAcc></extensions></trkpt>
      <trkpt lon="-76.448029" lat="39.345203"><ele>22.573935</ele><time>2022-02-23T22:25:58Z</time><extensions><speed>1.550847</speed><course>109.848091</course><hAcc>1.612729</hAcc><vAcc>0.811022</vAcc></extensions></trkpt>
      <trkpt lon="-76.448013" lat="39.345198"><ele>22.563707</ele><time>2022-02-23T22:25:59Z</time><extensions><speed>1.501965</speed><course>111.518326</course><hAcc>1.655045</hAcc><vAcc>0.810655</vAcc></extensions></trkpt>
      <trkpt lon="-76.447997" lat="39.345193"><ele>22.521507</ele><time>2022-02-23T22:26:00Z</time><extensions><speed>1.417768</speed><course>114.185287</course><hAcc>1.712973</hAcc><vAcc>0.810252</vAcc></extensions></trkpt>
      <trkpt lon="-76.447982" lat="39.345188"><ele>22.508215</ele><time>2022-02-23T22:26:01Z</time><extensions><speed>1.380453</speed><course>112.026352</course><hAcc>1.678980</hAcc><vAcc>0.809790</vAcc></extensions></trkpt>
      <trkpt lon="-76.447967" lat="39.345183"><ele>22.440361</ele><time>2022-02-23T22:26:02Z</time><extensions><speed>1.332055</speed><course>111.057953</course><hAcc>1.671297</hAcc><vAcc>0.809303</vAcc></extensions></trkpt>
      <trkpt lon="-76.447953" lat="39.345179"><ele>22.352001</ele><time>2022-02-23T22:26:03Z</time><extensions><speed>1.367784</speed><course>109.054070</course><hAcc>1.680515</hAcc><vAcc>0.808813</vAcc></extensions></trkpt>
      <trkpt lon="-76.447937" lat="39.345175"><ele>22.279137</ele><time>2022-02-23T22:26:04Z</time><extensions><speed>1.441185</speed><course>104.879517</course><hAcc>1.689116</hAcc><vAcc>0.808316</vAcc></extensions></trkpt>
      <trkpt lon="-76.447920" lat="39.345172"><ele>22.193762</ele><time>2022-02-23T22:26:05Z</time><extensions><speed>1.514344</speed><course>102.099594</course><hAcc>1.698518</hAcc><vAcc>0.807826</vAcc></extensions></trkpt>
      <trkpt lon="-76.447903" lat="39.345170"><ele>22.099613</ele><time>2022-02-23T22:26:06Z</time><extensions><speed>1.542978</speed><course>101.659943</course><hAcc>1.708982</hAcc><vAcc>0.807378</vAcc></extensions></trkpt>
      <trkpt lon="-76.447886" lat="39.345167"><ele>22.016155</ele><time>2022-02-23T22:26:07Z</time><extensions><speed>1.468944</speed><course>102.463066</course><hAcc>1.733479</hAcc><vAcc>0.806947</vAcc></extensions></trkpt>
      <trkpt lon="-76.447869" lat="39.345164"><ele>21.912481</ele><time>2022-02-23T22:26:08Z</time><extensions><speed>1.400732</speed><course>102.414375</course><hAcc>1.719811</hAcc><vAcc>0.806561</vAcc></extensions></trkpt>
      <trkpt lon="-76.447853" lat="39.345161"><ele>21.811430</ele><time>2022-02-23T22:26:09Z</time><extensions><speed>1.430725</speed><course>104.266571</course><hAcc>1.687562</hAcc><vAcc>0.806199</vAcc></extensions></trkpt>
      <trkpt lon="-76.447838" lat="39.345158"><ele>21.715250</ele><time>2022-02-23T22:26:10Z</time><extensions><speed>1.387867</speed><course>105.130638</course><hAcc>1.672459</hAcc><vAcc>0.805829</vAcc></extensions></trkpt>
      <trkpt lon="-76.447822" lat="39.345155"><ele>21.607424</ele><time>2022-02-23T22:26:11Z</time><extensions><speed>1.409729</speed><course>104.191124</course><hAcc>1.670540</hAcc><vAcc>0.805424</vAcc></extensions></trkpt>
      <trkpt lon="-76.447806" lat="39.345151"><ele>21.518250</ele><time>2022-02-23T22:26:12Z</time><extensions><speed>1.375026</speed><course>105.055252</course><hAcc>1.700248</hAcc><vAcc>0.804955</vAcc></extensions></trkpt>
      <trkpt lon="-76.447791" lat="39.345148"><ele>21.437977</ele><time>2022-02-23T22:26:13Z</time><extensions><speed>1.326732</speed><course>104.535255</course><hAcc>1.741566</hAcc><vAcc>0.804471</vAcc></extensions></trkpt>
      <trkpt lon="-76.447775" lat="39.345146"><ele>21.363256</ele><time>2022-02-23T22:26:14Z</time><extensions><speed>1.434463</speed><course>98.536842</course><hAcc>1.706892</hAcc><vAcc>0.803954</vAcc></extensions></trkpt>
      <trkpt lon="-76.447758" lat="39.345145"><ele>21.289337</ele><time>2022-02-23T22:26:15Z</time><extensions><speed>1.491804</speed><course>93.858826</course><hAcc>1.694719</hAcc><vAcc>0.803413</vAcc></extensions></trkpt>
      <trkpt lon="-76.447741" lat="39.345144"><ele>21.220638</ele><time>2022-02-23T22:26:16Z</time><extensions><speed>1.519940</speed><course>91.238556</course><hAcc>1.714343</hAcc><vAcc>0.802831</vAcc></extensions></trkpt>
      <trkpt lon="-76.447724" lat="39.345144"><ele>21.165203</ele><time>2022-02-23T22:26:17Z</time><extensions><speed>1.484544</speed><course>90.336678</course><hAcc>1.735549</hAcc><vAcc>0.802208</vAcc></extensions></trkpt>
      <trkpt lon="-76.447707" lat="39.345144"><ele>21.122534</ele><time>2022-02-23T22:26:18Z</time><extensions><speed>1.418444</speed><course>89.011963</course><hAcc>1.739136</hAcc><vAcc>0.801561</vAcc></extensions></trkpt>
      <trkpt lon="-76.447690" lat="39.345144"><ele>21.097857</ele><time>2022-02-23T22:26:19Z</time><extensions><speed>1.395318</speed><course>89.294266</course><hAcc>1.736157</hAcc><vAcc>0.800945</vAcc></extensions></trkpt>
      <trkpt lon="-76.447674" lat="39.345144"><ele>21.087555</ele><time>2022-02-23T22:26:20Z</time><extensions><speed>1.402530</speed><course>88.355865</course><hAcc>1.736158</hAcc><vAcc>0.800347</vAcc></extensions></trkpt>
      <trkpt lon="-76.447658" lat="39.345145"><ele>21.084723</ele><time>2022-02-23T22:26:21Z</time><extensions><speed>1.448525</speed><course>87.168648</course><hAcc>1.742737</hAcc><vAcc>0.799751</vAcc></extensions></trkpt>
      <trkpt lon="-76.447640" lat="39.345146"><ele>21.108803</ele><time>2022-02-23T22:26:22Z</time><extensions><speed>1.504111</speed><course>87.276283</course><hAcc>1.750399</hAcc><vAcc>0.799190</vAcc></extensions></trkpt>
      <trkpt lon="-76.447623" lat="39.345146"><ele>21.147270</ele><time>2022-02-23T22:26:23Z</time><extensions><speed>1.420347</speed><course>87.716415</course><hAcc>1.759679</hAcc><vAcc>0.798710</vAcc></extensions></trkpt>
      <trkpt lon="-76.447608" lat="39.345147"><ele>21.188839</ele><time>2022-02-23T22:26:24Z</time><extensions><speed>1.309131</speed><course>86.053947</course><hAcc>1.745567</hAcc><vAcc>0.798313</vAcc></extensions></trkpt>
      <trkpt lon="-76.447593" lat="39.345148"><ele>21.213833</ele><time>2022-02-23T22:26:25Z</time><extensions><speed>1.266745</speed><course>84.011902</course><hAcc>1.732772</hAcc><vAcc>0.798013</vAcc></extensions></trkpt>
      <trkpt lon="-76.447578" lat="39.345149"><ele>21.248018</ele><time>2022-02-23T22:26:26Z</time><extensions><speed>1.288003</speed><course>82.117577</course><hAcc>1.728614</hAcc><vAcc>0.797832</vAcc></extensions></trkpt>
      <trkpt lon="-76.447563" lat="39.345151"><ele>21.279921</ele><time>2022-02-23T22:26:27Z</time><extensions><speed>1.290568</speed><course>81.189148</course><hAcc>1.728866</hAcc><vAcc>0.797722</vAcc></extensions></trkpt>
      <trkpt lon="-76.447548" lat="39.345153"><ele>21.324318</ele><time>2022-02-23T22:26:28Z</time><extensions><speed>1.301941</speed><course>80.216431</course><hAcc>1.737829</hAcc><vAcc>0.797713</vAcc></extensions></trkpt>
      <trkpt lon="-76.447534" lat="39.345155"><ele>21.365089</ele><time>2022-02-23T22:26:29Z</time><extensions><speed>1.300528</speed><course>79.828888</course><hAcc>1.762870</hAcc><vAcc>0.797838</vAcc></extensions></trkpt>
      <trkpt lon="-76.447518" lat="39.345157"><ele>21.456667</ele><time>2022-02-23T22:26:30Z</time><extensions><speed>1.356748</speed><course>80.368240</course><hAcc>1.751455</hAcc><vAcc>0.798039</vAcc></extensions></trkpt>
      <trkpt lon="-76.447503" lat="39.345159"><ele>21.520655</ele><time>2022-02-23T22:26:31Z</time><extensions><speed>1.302351</speed><course>80.553192</course><hAcc>1.731192</hAcc><vAcc>0.798284</vAcc></extensions></trkpt>
      <trkpt lon="-76.447489" lat="39.345161"><ele>21.580921</ele><time>2022-02-23T22:26:32Z</time><extensions><speed>1.163545</speed><course>79.729462</course><hAcc>1.729023</hAcc><vAcc>0.798570</vAcc></extensions></trkpt>
      <trkpt lon="-76.447476" lat="39.345163"><ele>21.653221</ele><time>2022-02-23T22:26:33Z</time><extensions><speed>1.075540</speed><course>75.648384</course><hAcc>1.735402</hAcc><vAcc>0.798970</vAcc></extensions></trkpt>
      <trkpt lon="-76.447463" lat="39.345166"><ele>21.713861</ele><time>2022-02-23T22:26:34Z</time><extensions><speed>1.207357</speed><course>73.769951</course><hAcc>1.728735</hAcc><vAcc>0.799430</vAcc></extensions></trkpt>
      <trkpt lon="-76.447449" lat="39.345169"><ele>21.764160</ele><time>2022-02-23T22:26:35Z</time><extensions><speed>1.392474</speed><course>72.628029</course><hAcc>1.720752</hAcc><vAcc>0.799899</vAcc></extensions></trkpt>
      <trkpt lon="-76.447433" lat="39.345173"><ele>21.800856</ele><time>2022-02-23T22:26:36Z</time><extensions><speed>1.450517</speed><course>72.706253</course><hAcc>1.708599</hAcc><vAcc>0.800327</vAcc></extensions></trkpt>
      <trkpt lon="-76.447417" lat="39.345177"><ele>21.837124</ele><time>2022-02-23T22:26:37Z</time><extensions><speed>1.449052</speed><course>72.689941</course><hAcc>1.687290</hAcc><vAcc>0.800616</vAcc></extensions></trkpt>
      <trkpt lon="-76.447401" lat="39.345181"><ele>21.866507</ele><time>2022-02-23T22:26:38Z</time><extensions><speed>1.403609</speed><course>70.212967</course><hAcc>1.683852</hAcc><vAcc>0.800675</vAcc></extensions></trkpt>
      <trkpt lon="-76.447387" lat="39.345186"><ele>21.891850</ele><time>2022-02-23T22:26:39Z</time><extensions><speed>1.331678</speed><course>66.052383</course><hAcc>1.699734</hAcc><vAcc>0.800644</vAcc></extensions></trkpt>
      <trkpt lon="-76.447373" lat="39.345191"><ele>21.905138</ele><time>2022-02-23T22:26:40Z</time><extensions><speed>1.291227</speed><course>64.768661</course><hAcc>1.733188</hAcc><vAcc>0.800389</vAcc></extensions></trkpt>
      <trkpt lon="-76.447359" lat="39.345196"><ele>21.906017</ele><time>2022-02-23T22:26:41Z</time><extensions><speed>1.342540</speed><course>64.803398</course><hAcc>1.701201</hAcc><vAcc>0.799864</vAcc></extensions></trkpt>
      <trkpt lon="-76.447345" lat="39.345201"><ele>21.885708</ele><time>2022-02-23T22:26:42Z</time><extensions><speed>1.280725</speed><course>64.110626</course><hAcc>1.684249</hAcc><vAcc>0.799174</vAcc></extensions></trkpt>
      <trkpt lon="-76.447332" lat="39.345206"><ele>21.861221</ele><time>2022-02-23T22:26:43Z</time><extensions><speed>1.284545</speed><course>67.691010</course><hAcc>1.684166</hAcc><vAcc>0.798338</vAcc></extensions></trkpt>
      <trkpt lon="-76.447318" lat="39.345210"><ele>21.843218</ele><time>2022-02-23T22:26:44Z</time><extensions><speed>1.321385</speed><course>67.695396</course><hAcc>1.675889</hAcc><vAcc>0.797248</vAcc></extensions></trkpt>
      <trkpt lon="-76.447303" lat="39.345215"><ele>21.842525</ele><time>2022-02-23T22:26:45Z</time><extensions><speed>1.350098</speed><course>66.354935</course><hAcc>1.665928</hAcc><vAcc>0.795978</vAcc></extensions></trkpt>
      <trkpt lon="-76.447289" lat="39.345220"><ele>21.794830</ele><time>2022-02-23T22:26:46Z</time><extensions><speed>1.325560</speed><course>65.677460</course><hAcc>1.689835</hAcc><vAcc>0.794555</vAcc></extensions></trkpt>
      <trkpt lon="-76.447276" lat="39.345225"><ele>21.781231</ele><time>2022-02-23T22:26:47Z</time><extensions><speed>1.245726</speed><course>65.817261</course><hAcc>1.738911</hAcc><vAcc>0.793049</vAcc></extensions></trkpt>
      <trkpt lon="-76.447263" lat="39.345231"><ele>21.748415</ele><time>2022-02-23T22:26:48Z</time><extensions><speed>1.271393</speed><course>55.397816</course><hAcc>1.688792</hAcc><vAcc>0.791504</vAcc></extensions></trkpt>
      <trkpt lon="-76.447251" lat="39.345238"><ele>21.724169</ele><time>2022-02-23T22:26:49Z</time><extensions><speed>1.280510</speed><course>48.394463</course><hAcc>1.673097</hAcc><vAcc>0.790062</vAcc></extensions></trkpt>
      <trkpt lon="-76.447240" lat="39.345245"><ele>21.718613</ele><time>2022-02-23T22:26:50Z</time><extensions><speed>1.259871</speed><course>47.017483</course><hAcc>1.694527</hAcc><vAcc>0.788849</vAcc></extensions></trkpt>
      <trkpt lon="-76.447230" lat="39.345253"><ele>21.726416</ele><time>2022-02-23T22:26:51Z</time><extensions><speed>1.281325</speed><course>44.981831</course><hAcc>1.680682</hAcc><vAcc>0.787934</vAcc></extensions></trkpt>
      <trkpt lon="-76.447219" lat="39.345262"><ele>21.735533</ele><time>2022-02-23T22:26:52Z</time><extensions><speed>1.394507</speed><course>43.378613</course><hAcc>1.678472</hAcc><vAcc>0.787322</vAcc></extensions></trkpt>
      <trkpt lon="-76.447207" lat="39.345271"><ele>21.745604</ele><time>2022-02-23T22:26:53Z</time><extensions><speed>1.425747</speed><course>42.345058</course><hAcc>1.695678</hAcc><vAcc>0.787031</vAcc></extensions></trkpt>
      <trkpt lon="-76.447196" lat="39.345280"><ele>21.766356</ele><time>2022-02-23T22:26:54Z</time><extensions><speed>1.439039</speed><course>45.756062</course><hAcc>1.707339</hAcc><vAcc>0.787056</vAcc></extensions></trkpt>
      <trkpt lon="-76.447184" lat="39.345289"><ele>21.779522</ele><time>2022-02-23T22:26:55Z</time><extensions><speed>1.410257</speed><course>48.751995</course><hAcc>1.715487</hAcc><vAcc>0.787332</vAcc></extensions></trkpt>
      <trkpt lon="-76.447171" lat="39.345297"><ele>21.804686</ele><time>2022-02-23T22:26:56Z</time><extensions><speed>1.449969</speed><course>51.819813</course><hAcc>1.700194</hAcc><vAcc>0.787799</vAcc></extensions></trkpt>
      <trkpt lon="-76.447157" lat="39.345305"><ele>21.853775</ele><time>2022-02-23T22:26:57Z</time><extensions><speed>1.505194</speed><course>52.562260</course><hAcc>1.682892</hAcc><vAcc>0.788433</vAcc></extensions></trkpt>
      <trkpt lon="-76.447143" lat="39.345314"><ele>21.890631</ele><time>2022-02-23T22:26:58Z</time><extensions><speed>1.558319</speed><course>51.051048</course><hAcc>1.663319</hAcc><vAcc>0.789206</vAcc></extensions></trkpt>
      <trkpt lon="-76.447129" lat="39.345323"><ele>21.930468</ele><time>2022-02-23T22:26:59Z</time><extensions><speed>1.564932</speed><course>51.645382</course><hAcc>1.644504</hAcc><vAcc>0.790101</vAcc></extensions></trkpt>
      <trkpt lon="-76.447114" lat="39.345331"><ele>21.986967</ele><time>2022-02-23T22:27:00Z</time><extensions><speed>1.548620</speed><course>52.883354</course><hAcc>1.648223</hAcc><vAcc>0.791048</vAcc></extensions></trkpt>
      <trkpt lon="-76.447100" lat="39.345339"><ele>22.045771</ele><time>2022-02-23T22:27:01Z</time><extensions><speed>1.435124</speed><course>53.088390</course><hAcc>1.676583</hAcc><vAcc>0.792029</vAcc></extensions></trkpt>
      <trkpt lon="-76.447087" lat="39.345347"><ele>22.101328</ele><time>2022-02-23T22:27:02Z</time><extensions><speed>1.402157</speed><course>55.141754</course><hAcc>1.613524</hAcc><vAcc>0.793078</vAcc></extensions></trkpt>
      <trkpt lon="-76.447074" lat="39.345354"><ele>22.152727</ele><time>2022-02-23T22:27:03Z</time><extensions><speed>1.321433</speed><course>52.916737</course><hAcc>1.586900</hAcc><vAcc>0.794140</vAcc></extensions></trkpt>
      <trkpt lon="-76.447062" lat="39.345361"><ele>22.209414</ele><time>2022-02-23T22:27:04Z</time><extensions><speed>1.176032</speed><course>51.084694</course><hAcc>1.601815</hAcc><vAcc>0.795230</vAcc></extensions></trkpt>
      <trkpt lon="-76.447051" lat="39.345368"><ele>22.253571</ele><time>2022-02-23T22:27:05Z</time><extensions><speed>1.312338</speed><course>50.589920</course><hAcc>1.570686</hAcc><vAcc>0.796359</vAcc></extensions></trkpt>
      <trkpt lon="-76.447038" lat="39.345375"><ele>22.305914</ele><time>2022-02-23T22:27:06Z</time><extensions><speed>1.417033</speed><course>52.237701</course><hAcc>1.534904</hAcc><vAcc>0.797490</vAcc></extensions></trkpt>
      <trkpt lon="-76.447025" lat="39.345383"><ele>22.368067</ele><time>2022-02-23T22:27:07Z</time><extensions><speed>1.477834</speed><course>53.456367</course><hAcc>1.523911</hAcc><vAcc>0.798605</vAcc></extensions></trkpt>
      <trkpt lon="-76.447011" lat="39.345391"><ele>22.411524</ele><time>2022-02-23T22:27:08Z</time><extensions><speed>1.502089</speed><course>52.800747</course><hAcc>1.550737</hAcc><vAcc>0.799736</vAcc></extensions></trkpt>
      <trkpt lon="-76.446997" lat="39.345399"><ele>22.434574</ele><time>2022-02-23T22:27:09Z</time><extensions><speed>1.483487</speed><course>55.507648</course><hAcc>1.554559</hAcc><vAcc>0.800827</vAcc></extensions></trkpt>
      <trkpt lon="-76.446982" lat="39.345406"><ele>22.451351</ele><time>2022-02-23T22:27:10Z</time><extensions><speed>1.462014</speed><course>57.153282</course><hAcc>1.548805</hAcc><vAcc>0.801825</vAcc></extensions></trkpt>
      <trkpt lon="-76.446968" lat="39.345414"><ele>22.478434</ele><time>2022-02-23T22:27:11Z</time><extensions><speed>1.520973</speed><course>58.125618</course><hAcc>1.504253</hAcc><vAcc>0.802662</vAcc></extensions></trkpt>
      <trkpt lon="-76.446953" lat="39.345421"><ele>22.494705</ele><time>2022-02-23T22:27:12Z</time><extensions><speed>1.517521</speed><course>58.585167</course><hAcc>1.509667</hAcc><vAcc>0.803426</vAcc></extensions></trkpt>
      <trkpt lon="-76.446937" lat="39.345428"><ele>22.506920</ele><time>2022-02-23T22:27:13Z</time><extensions><speed>1.532652</speed><course>59.092007</course><hAcc>1.528428</hAcc><vAcc>0.804044</vAcc></extensions></trkpt>
      <trkpt lon="-76.446922" lat="39.345435"><ele>22.524714</ele><time>2022-02-23T22:27:14Z</time><extensions><speed>1.433780</speed><course>60.473442</course><hAcc>1.571131</hAcc><vAcc>0.804467</vAcc></extensions></trkpt>
      <trkpt lon="-76.446908" lat="39.345441"><ele>22.539379</ele><time>2022-02-23T22:27:15Z</time><extensions><speed>1.385561</speed><course>62.381622</course><hAcc>1.532292</hAcc><vAcc>0.804722</vAcc></extensions></trkpt>
      <trkpt lon="-76.446894" lat="39.345446"><ele>22.543413</ele><time>2022-02-23T22:27:16Z</time><extensions><speed>1.375025</speed><course>63.210983</course><hAcc>1.538922</hAcc><vAcc>0.804817</vAcc></extensions></trkpt>
      <trkpt lon="-76.446879" lat="39.345452"><ele>22.544052</ele><time>2022-02-23T22:27:17Z</time><extensions><speed>1.490273</speed><course>63.299324</course><hAcc>1.548412</hAcc><vAcc>0.804830</vAcc></extensions></trkpt>
      <trkpt lon="-76.446863" lat="39.345458"><ele>22.521137</ele><time>2022-02-23T22:27:18Z</time><extensions><speed>1.515964</speed><course>64.070343</course><hAcc>1.561034</hAcc><vAcc>0.804734</vAcc></extensions></trkpt>
      <trkpt lon="-76.446847" lat="39.345464"><ele>22.529066</ele><time>2022-02-23T22:27:19Z</time><extensions><speed>1.494200</speed><course>65.656403</course><hAcc>1.565467</hAcc><vAcc>0.804563</vAcc></extensions></trkpt>
      <trkpt lon="-76.446831" lat="39.345469"><ele>22.529106</ele><time>2022-02-23T22:27:20Z</time><extensions><speed>1.550412</speed><course>67.219650</course><hAcc>1.531566</hAcc><vAcc>0.804308</vAcc></extensions></trkpt>
      <trkpt lon="-76.446814" lat="39.345475"><ele>22.531538</ele><time>2022-02-23T22:27:21Z</time><extensions><speed>1.597720</speed><course>67.794357</course><hAcc>1.540001</hAcc><vAcc>0.804004</vAcc></extensions></trkpt>
      <trkpt lon="-76.446797" lat="39.345480"><ele>22.502201</ele><time>2022-02-23T22:27:22Z</time><extensions><speed>1.541857</speed><course>67.026161</course><hAcc>1.610389</hAcc><vAcc>0.803707</vAcc></extensions></trkpt>
      <trkpt lon="-76.446781" lat="39.345486"><ele>22.459370</ele><time>2022-02-23T22:27:23Z</time><extensions><speed>1.462692</speed><course>65.700546</course><hAcc>1.629823</hAcc><vAcc>0.803431</vAcc></extensions></trkpt>
      <trkpt lon="-76.446766" lat="39.345491"><ele>22.399569</ele><time>2022-02-23T22:27:24Z</time><extensions><speed>1.427397</speed><course>63.587090</course><hAcc>1.588596</hAcc><vAcc>0.803156</vAcc></extensions></trkpt>
      <trkpt lon="-76.446752" lat="39.345497"><ele>22.357000</ele><time>2022-02-23T22:27:25Z</time><extensions><speed>1.350214</speed><course>60.431763</course><hAcc>1.586431</hAcc><vAcc>0.802837</vAcc></extensions></trkpt>
      <trkpt lon="-76.446739" lat="39.345503"><ele>22.320423</ele><time>2022-02-23T22:27:26Z</time><extensions><speed>1.308559</speed><course>57.160843</course><hAcc>1.613065</hAcc><vAcc>0.802514</vAcc></extensions></trkpt>
      <trkpt lon="-76.446727" lat="39.345510"><ele>22.287077</ele><time>2022-02-23T22:27:27Z</time><extensions><speed>1.249954</speed><course>51.410049</course><hAcc>1.636479</hAcc><vAcc>0.802171</vAcc></extensions></trkpt>
      <trkpt lon="-76.446715" lat="39.345517"><ele>22.252462</ele><time>2022-02-23T22:27:28Z</time><extensions><speed>1.287360</speed><course>51.081512</course><hAcc>1.641084</hAcc><vAcc>0.801740</vAcc></extensions></trkpt>
      <trkpt lon="-76.446703" lat="39.345525"><ele>22.219843</ele><time>2022-02-23T22:27:29Z</time><extensions><speed>1.329481</speed><course>49.663204</course><hAcc>1.640005</hAcc><vAcc>0.801230</vAcc></extensions></trkpt>
      <trkpt lon="-76.446691" lat="39.345533"><ele>22.189987</ele><time>2022-02-23T22:27:30Z</time><extensions><speed>1.412271</speed><course>50.495255</course><hAcc>1.610783</hAcc><vAcc>0.800555</vAcc></extensions></trkpt>
      <trkpt lon="-76.446678" lat="39.345541"><ele>22.158939</ele><time>2022-02-23T22:27:31Z</time><extensions><speed>1.533171</speed><course>49.599640</course><hAcc>1.617452</hAcc><vAcc>0.799729</vAcc></extensions></trkpt>
      <trkpt lon="-76.446665" lat="39.345550"><ele>22.145462</ele><time>2022-02-23T22:27:32Z</time><extensions><speed>1.462002</speed><course>50.580715</course><hAcc>1.662079</hAcc><vAcc>0.798766</vAcc></extensions></trkpt>
      <trkpt lon="-76.446651" lat="39.345559"><ele>22.133713</ele><time>2022-02-23T22:27:33Z</time><extensions><speed>1.539744</speed><course>50.638252</course><hAcc>1.633706</hAcc><vAcc>0.797602</vAcc></extensions></trkpt>
      <trkpt lon="-76.446638" lat="39.345567"><ele>22.154915</ele><time>2022-02-23T22:27:34Z</time><extensions><speed>1.430358</speed><course>50.519859</course><hAcc>1.650326</hAcc><vAcc>0.796235</vAcc></extensions></trkpt>
      <trkpt lon="-76.446625" lat="39.345575"><ele>22.194574</ele><time>2022-02-23T22:27:35Z</time><extensions><speed>1.363279</speed><course>50.466343</course><hAcc>1.639975</hAcc><vAcc>0.794740</vAcc></extensions></trkpt>
      <trkpt lon="-76.446613" lat="39.345583"><ele>22.245113</ele><time>2022-02-23T22:27:36Z</time><extensions><speed>1.342312</speed><course>50.038723</course><hAcc>1.651027</hAcc><vAcc>0.793172</vAcc></extensions></trkpt>
      <trkpt lon="-76.446601" lat="39.345591"><ele>22.326992</ele><time>2022-02-23T22:27:37Z</time><extensions><speed>1.321547</speed><course>49.422493</course><hAcc>1.679423</hAcc><vAcc>0.791557</vAcc></extensions></trkpt>
      <trkpt lon="-76.446590" lat="39.345599"><ele>22.396330</ele><time>2022-02-23T22:27:38Z</time><extensions><speed>1.316965</speed><course>48.460350</course><hAcc>1.705466</hAcc><vAcc>0.789944</vAcc></extensions></trkpt>
      <trkpt lon="-76.446579" lat="39.345607"><ele>22.442471</ele><time>2022-02-23T22:27:39Z</time><extensions><speed>1.309754</speed><course>47.879555</course><hAcc>1.717033</hAcc><vAcc>0.788366</vAcc></extensions></trkpt>
      <trkpt lon="-76.446568" lat="39.345615"><ele>22.541079</ele><time>2022-02-23T22:27:40Z</time><extensions><speed>1.330603</speed><course>45.068787</course><hAcc>1.719568</hAcc><vAcc>0.786867</vAcc></extensions></trkpt>
      <trkpt lon="-76.446557" lat="39.345623"><ele>22.625610</ele><time>2022-02-23T22:27:41Z</time><extensions><speed>1.339439</speed><course>42.901131</course><hAcc>1.724629</hAcc><vAcc>0.785526</vAcc></extensions></trkpt>
      <trkpt lon="-76.446546" lat="39.345633"><ele>22.715265</ele><time>2022-02-23T22:27:42Z</time><extensions><speed>1.422061</speed><course>41.825089</course><hAcc>1.703335</hAcc><vAcc>0.784341</vAcc></extensions></trkpt>
      <trkpt lon="-76.446535" lat="39.345642"><ele>22.806702</ele><time>2022-02-23T22:27:43Z</time><extensions><speed>1.440618</speed><course>41.970428</course><hAcc>1.679495</hAcc><vAcc>0.783343</vAcc></extensions></trkpt>
      <trkpt lon="-76.446524" lat="39.345652"><ele>22.866528</ele><time>2022-02-23T22:27:44Z</time><extensions><speed>1.475875</speed><course>42.288647</course><hAcc>1.669501</hAcc><vAcc>0.782454</vAcc></extensions></trkpt>
      <trkpt lon="-76.446512" lat="39.345662"><ele>22.915476</ele><time>2022-02-23T22:27:45Z</time><extensions><speed>1.451058</speed><course>41.671238</course><hAcc>1.673517</hAcc><vAcc>0.781715</vAcc></extensions></trkpt>
      <trkpt lon="-76.446501" lat="39.345672"><ele>22.967093</ele><time>2022-02-23T22:27:46Z</time><extensions><speed>1.459361</speed><course>39.425163</course><hAcc>1.669683</hAcc><vAcc>0.781130</vAcc></extensions></trkpt>
      <trkpt lon="-76.446491" lat="39.345682"><ele>23.020594</ele><time>2022-02-23T22:27:47Z</time><extensions><speed>1.377311</speed><course>39.679020</course><hAcc>1.707205</hAcc><vAcc>0.780603</vAcc></extensions></trkpt>
      <trkpt lon="-76.446481" lat="39.345691"><ele>23.031256</ele><time>2022-02-23T22:27:48Z</time><extensions><speed>1.328598</speed><course>38.361549</course><hAcc>1.670495</hAcc><vAcc>0.780019</vAcc></extensions></trkpt>
      <trkpt lon="-76.446472" lat="39.345700"><ele>23.024172</ele><time>2022-02-23T22:27:49Z</time><extensions><speed>1.246311</speed><course>37.398716</course><hAcc>1.651880</hAcc><vAcc>0.779484</vAcc></extensions></trkpt>
      <trkpt lon="-76.446463" lat="39.345709"><ele>23.032103</ele><time>2022-02-23T22:27:50Z</time><extensions><speed>1.264786</speed><course>38.828991</course><hAcc>1.666393</hAcc><vAcc>0.778977</vAcc></extensions></trkpt>
      <trkpt lon="-76.446454" lat="39.345718"><ele>23.027847</ele><time>2022-02-23T22:27:51Z</time><extensions><speed>1.260683</speed><course>37.857296</course><hAcc>1.683358</hAcc><vAcc>0.778609</vAcc></extensions></trkpt>
      <trkpt lon="-76.446445" lat="39.345727"><ele>22.999170</ele><time>2022-02-23T22:27:52Z</time><extensions><speed>1.191249</speed><course>35.429234</course><hAcc>1.706511</hAcc><vAcc>0.778320</vAcc></extensions></trkpt>
      <trkpt lon="-76.446438" lat="39.345736"><ele>22.957710</ele><time>2022-02-23T22:27:53Z</time><extensions><speed>1.089811</speed><course>32.209812</course><hAcc>1.735405</hAcc><vAcc>0.778249</vAcc></extensions></trkpt>
      <trkpt lon="-76.446431" lat="39.345744"><ele>22.908083</ele><time>2022-02-23T22:27:54Z</time><extensions><speed>1.174562</speed><course>32.214493</course><hAcc>1.721450</hAcc><vAcc>0.778382</vAcc></extensions></trkpt>
      <trkpt lon="-76.446423" lat="39.345754"><ele>22.875824</ele><time>2022-02-23T22:27:55Z</time><extensions><speed>1.242876</speed><course>33.136818</course><hAcc>1.717908</hAcc><vAcc>0.778755</vAcc></extensions></trkpt>
      <trkpt lon="-76.446416" lat="39.345763"><ele>22.826468</ele><time>2022-02-23T22:27:56Z</time><extensions><speed>1.264308</speed><course>33.298759</course><hAcc>1.717885</hAcc><vAcc>0.779384</vAcc></extensions></trkpt>
      <trkpt lon="-76.446408" lat="39.345773"><ele>22.770601</ele><time>2022-02-23T22:27:57Z</time><extensions><speed>1.258903</speed><course>32.022022</course><hAcc>1.709532</hAcc><vAcc>0.780268</vAcc></extensions></trkpt>
      <trkpt lon="-76.446400" lat="39.345782"><ele>22.706766</ele><time>2022-02-23T22:27:58Z</time><extensions><speed>1.224616</speed><course>30.354834</course><hAcc>1.690603</hAcc><vAcc>0.781430</vAcc></extensions></trkpt>
      <trkpt lon="-76.446393" lat="39.345792"><ele>22.655928</ele><time>2022-02-23T22:27:59Z</time><extensions><speed>1.277164</speed><course>27.750439</course><hAcc>1.674375</hAcc><vAcc>0.782878</vAcc></extensions></trkpt>
      <trkpt lon="-76.446386" lat="39.345803"><ele>22.632421</ele><time>2022-02-23T22:28:00Z</time><extensions><speed>1.394235</speed><course>27.387400</course><hAcc>1.675321</hAcc><vAcc>0.784634</vAcc></extensions></trkpt>
      <trkpt lon="-76.446378" lat="39.345814"><ele>22.584387</ele><time>2022-02-23T22:28:01Z</time><extensions><speed>1.410948</speed><course>28.860802</course><hAcc>1.699955</hAcc><vAcc>0.786611</vAcc></extensions></trkpt>
      <trkpt lon="-76.446371" lat="39.345826"><ele>22.538034</ele><time>2022-02-23T22:28:02Z</time><extensions><speed>1.483549</speed><course>27.660145</course><hAcc>1.666918</hAcc><vAcc>0.788739</vAcc></extensions></trkpt>
      <trkpt lon="-76.446363" lat="39.345837"><ele>22.501192</ele><time>2022-02-23T22:28:03Z</time><extensions><speed>1.440480</speed><course>26.739258</course><hAcc>1.668627</hAcc><vAcc>0.790911</vAcc></extensions></trkpt>
      <trkpt lon="-76.446356" lat="39.345849"><ele>22.470039</ele><time>2022-02-23T22:28:04Z</time><extensions><speed>1.402572</speed><course>23.459860</course><hAcc>1.655008</hAcc><vAcc>0.793078</vAcc></extensions></trkpt>
      <trkpt lon="-76.446350" lat="39.345860"><ele>22.437733</ele><time>2022-02-23T22:28:05Z</time><extensions><speed>1.367208</speed><course>22.183784</course><hAcc>1.651113</hAcc><vAcc>0.795223</vAcc></extensions></trkpt>
      <trkpt lon="-76.446344" lat="39.345872"><ele>22.407469</ele><time>2022-02-23T22:28:06Z</time><extensions><speed>1.347010</speed><course>21.034132</course><hAcc>1.654864</hAcc><vAcc>0.797292</vAcc></extensions></trkpt>
      <trkpt lon="-76.446338" lat="39.345883"><ele>22.374296</ele><time>2022-02-23T22:28:07Z</time><extensions><speed>1.408887</speed><course>22.707289</course><hAcc>1.649949</hAcc><vAcc>0.799242</vAcc></extensions></trkpt>
      <trkpt lon="-76.446332" lat="39.345895"><ele>22.344379</ele><time>2022-02-23T22:28:08Z</time><extensions><speed>1.469128</speed><course>24.436504</course><hAcc>1.641492</hAcc><vAcc>0.801074</vAcc></extensions></trkpt>
      <trkpt lon="-76.446324" lat="39.345908"><ele>22.318178</ele><time>2022-02-23T22:28:09Z</time><extensions><speed>1.522862</speed><course>27.643805</course><hAcc>1.645656</hAcc><vAcc>0.802796</vAcc></extensions></trkpt>
      <trkpt lon="-76.446316" lat="39.345919"><ele>22.292336</ele><time>2022-02-23T22:28:10Z</time><extensions><speed>1.474274</speed><course>28.882097</course><hAcc>1.669235</hAcc><vAcc>0.804384</vAcc></extensions></trkpt>
      <trkpt lon="-76.446308" lat="39.345931"><ele>22.274364</ele><time>2022-02-23T22:28:11Z</time><extensions><speed>1.491256</speed><course>28.846205</course><hAcc>1.663893</hAcc><vAcc>0.805828</vAcc></extensions></trkpt>
      <trkpt lon="-76.446300" lat="39.345943"><ele>22.265591</ele><time>2022-02-23T22:28:12Z</time><extensions><speed>1.443574</speed><course>25.935604</course><hAcc>1.642812</hAcc><vAcc>0.807106</vAcc></extensions></trkpt>
      <trkpt lon="-76.446293" lat="39.345955"><ele>22.255072</ele><time>2022-02-23T22:28:13Z</time><extensions><speed>1.401965</speed><course>24.806370</course><hAcc>1.632396</hAcc><vAcc>0.808285</vAcc></extensions></trkpt>
      <trkpt lon="-76.446285" lat="39.345966"><ele>22.246738</ele><time>2022-02-23T22:28:14Z</time><extensions><speed>1.418664</speed><course>28.406481</course><hAcc>1.639611</hAcc><vAcc>0.809329</vAcc></extensions></trkpt>
      <trkpt lon="-76.446278" lat="39.345977"><ele>22.234821</ele><time>2022-02-23T22:28:15Z</time><extensions><speed>1.386278</speed><course>26.437521</course><hAcc>1.653608</hAcc><vAcc>0.810207</vAcc></extensions></trkpt>
      <trkpt lon="-76.446271" lat="39.345989"><ele>22.235741</ele><time>2022-02-23T22:28:16Z</time><extensions><speed>1.394477</speed><course>23.687101</course><hAcc>1.661453</hAcc><vAcc>0.810939</vAcc></extensions></trkpt>
      <trkpt lon="-76.446265" lat="39.346000"><ele>22.243124</ele><time>2022-02-23T22:28:17Z</time><extensions><speed>1.372386</speed><course>20.986893</course><hAcc>1.662141</hAcc><vAcc>0.811571</vAcc></extensions></trkpt>
      <trkpt lon="-76.446260" lat="39.346012"><ele>22.267605</ele><time>2022-02-23T22:28:18Z</time><extensions><speed>1.382420</speed><course>20.167263</course><hAcc>1.653925</hAcc><vAcc>0.812046</vAcc></extensions></trkpt>
      <trkpt lon="-76.446254" lat="39.346023"><ele>22.280119</ele><time>2022-02-23T22:28:18Z</time><extensions><speed>1.382321</speed><course>19.335602</course><hAcc>1.645278</hAcc><vAcc>0.812373</vAcc></extensions></trkpt>
      <trkpt lon="-76.446249" lat="39.346035"><ele>22.290085</ele><time>2022-02-23T22:28:19Z</time><extensions><speed>1.397213</speed><course>20.131680</course><hAcc>1.623813</hAcc><vAcc>0.812582</vAcc></extensions></trkpt>
      <trkpt lon="-76.446243" lat="39.346047"><ele>22.298265</ele><time>2022-02-23T22:28:20Z</time><extensions><speed>1.424364</speed><course>21.531761</course><hAcc>1.606908</hAcc><vAcc>0.812739</vAcc></extensions></trkpt>
      <trkpt lon="-76.446236" lat="39.346059"><ele>22.306372</ele><time>2022-02-23T22:28:21Z</time><extensions><speed>1.455213</speed><course>25.281197</course><hAcc>1.619899</hAcc><vAcc>0.812792</vAcc></extensions></trkpt>
      <trkpt lon="-76.446229" lat="39.346071"><ele>22.330719</ele><time>2022-02-23T22:28:22Z</time><extensions><speed>1.440211</speed><course>28.035717</course><hAcc>1.664455</hAcc><vAcc>0.812759</vAcc></extensions></trkpt>
      <trkpt lon="-76.446221" lat="39.346082"><ele>22.356094</ele><time>2022-02-23T22:28:23Z</time><extensions><speed>1.425949</speed><course>26.881573</course><hAcc>1.619779</hAcc><vAcc>0.812645</vAcc></extensions></trkpt>
      <trkpt lon="-76.446214" lat="39.346094"><ele>22.368353</ele><time>2022-02-23T22:28:24Z</time><extensions><speed>1.412278</speed><course>26.247286</course><hAcc>1.600394</hAcc><vAcc>0.812455</vAcc></extensions></trkpt>
      <trkpt lon="-76.446206" lat="39.346105"><ele>22.396065</ele><time>2022-02-23T22:28:25Z</time><extensions><speed>1.425607</speed><course>26.304264</course><hAcc>1.622184</hAcc><vAcc>0.812201</vAcc></extensions></trkpt>
      <trkpt lon="-76.446199" lat="39.346116"><ele>22.427010</ele><time>2022-02-23T22:28:26Z</time><extensions><speed>1.404314</speed><course>25.449820</course><hAcc>1.650728</hAcc><vAcc>0.811931</vAcc></extensions></trkpt>
      <trkpt lon="-76.446193" lat="39.346128"><ele>22.427788</ele><time>2022-02-23T22:28:27Z</time><extensions><speed>1.374051</speed><course>22.483049</course><hAcc>1.649411</hAcc><vAcc>0.811637</vAcc></extensions></trkpt>
      <trkpt lon="-76.446187" lat="39.346139"><ele>22.426197</ele><time>2022-02-23T22:28:28Z</time><extensions><speed>1.384351</speed><course>23.606930</course><hAcc>1.655593</hAcc><vAcc>0.811356</vAcc></extensions></trkpt>
      <trkpt lon="-76.446180" lat="39.346151"><ele>22.435696</ele><time>2022-02-23T22:28:29Z</time><extensions><speed>1.393199</speed><course>24.813839</course><hAcc>1.670416</hAcc><vAcc>0.811071</vAcc></extensions></trkpt>
      <trkpt lon="-76.446173" lat="39.346162"><ele>22.444963</ele><time>2022-02-23T22:28:30Z</time><extensions><speed>1.362907</speed><course>26.544352</course><hAcc>1.689723</hAcc><vAcc>0.810784</vAcc></extensions></trkpt>
      <trkpt lon="-76.446166" lat="39.346173"><ele>22.434956</ele><time>2022-02-23T22:28:32Z</time><extensions><speed>1.326791</speed><course>26.715376</course><hAcc>1.697349</hAcc><vAcc>0.810539</vAcc></extensions></trkpt>
      <trkpt lon="-76.446159" lat="39.346183"><ele>22.424883</ele><time>2022-02-23T22:28:33Z</time><extensions><speed>1.291489</speed><course>25.843073</course><hAcc>1.699514</hAcc><vAcc>0.810306</vAcc></extensions></trkpt>
      <trkpt lon="-76.446153" lat="39.346194"><ele>22.401827</ele><time>2022-02-23T22:28:34Z</time><extensions><speed>1.263892</speed><course>25.037069</course><hAcc>1.699587</hAcc><vAcc>0.810096</vAcc></extensions></trkpt>
      <trkpt lon="-76.446147" lat="39.346204"><ele>22.404854</ele><time>2022-02-23T22:28:35Z</time><extensions><speed>1.279137</speed><course>25.227333</course><hAcc>1.698851</hAcc><vAcc>0.809978</vAcc></extensions></trkpt>
      <trkpt lon="-76.446140" lat="39.346215"><ele>22.401884</ele><time>2022-02-23T22:28:36Z</time><extensions><speed>1.315887</speed><course>25.889500</course><hAcc>1.699528</hAcc><vAcc>0.809918</vAcc></extensions></trkpt>
      <trkpt lon="-76.446134" lat="39.346225"><ele>22.388336</ele><time>2022-02-23T22:28:37Z</time><extensions><speed>1.288514</speed><course>26.979870</course><hAcc>1.702007</hAcc><vAcc>0.809870</vAcc></extensions></trkpt>
      <trkpt lon="-76.446127" lat="39.346236"><ele>22.367912</ele><time>2022-02-23T22:28:38Z</time><extensions><speed>1.318582</speed><course>27.496960</course><hAcc>1.701487</hAcc><vAcc>0.809824</vAcc></extensions></trkpt>
      <trkpt lon="-76.446120" lat="39.346246"><ele>22.354349</ele><time>2022-02-23T22:28:39Z</time><extensions><speed>1.355988</speed><course>27.261309</course><hAcc>1.703478</hAcc><vAcc>0.809868</vAcc></extensions></trkpt>
      <trkpt lon="-76.446113" lat="39.346257"><ele>22.348995</ele><time>2022-02-23T22:28:40Z</time><extensions><speed>1.377768</speed><course>25.350107</course><hAcc>1.691381</hAcc><vAcc>0.809894</vAcc></extensions></trkpt>
      <trkpt lon="-76.446106" lat="39.346269"><ele>22.351021</ele><time>2022-02-23T22:28:41Z</time><extensions><speed>1.373874</speed><course>25.375982</course><hAcc>1.676231</hAcc><vAcc>0.809925</vAcc></extensions></trkpt>
      <trkpt lon="-76.446099" lat="39.346279"><ele>22.356136</ele><time>2022-02-23T22:28:42Z</time><extensions><speed>1.323272</speed><course>28.450605</course><hAcc>1.661008</hAcc><vAcc>0.809949</vAcc></extensions></trkpt>
      <trkpt lon="-76.446091" lat="39.346290"><ele>22.368519</ele><time>2022-02-23T22:28:43Z</time><extensions><speed>1.376494</speed><course>28.011309</course><hAcc>1.640947</hAcc><vAcc>0.809994</vAcc></extensions></trkpt>
      <trkpt lon="-76.446084" lat="39.346301"><ele>22.383608</ele><time>2022-02-23T22:28:44Z</time><extensions><speed>1.427539</speed><course>29.355669</course><hAcc>1.624891</hAcc><vAcc>0.809976</vAcc></extensions></trkpt>
      <trkpt lon="-76.446075" lat="39.346312"><ele>22.403797</ele><time>2022-02-23T22:28:45Z</time><extensions><speed>1.431052</speed><course>30.102346</course><hAcc>1.638624</hAcc><vAcc>0.809965</vAcc></extensions></trkpt>
      <trkpt lon="-76.446067" lat="39.346323"><ele>22.427948</ele><time>2022-02-23T22:28:46Z</time><extensions><speed>1.378500</speed><course>30.264997</course><hAcc>1.674003</hAcc><vAcc>0.809915</vAcc></extensions></trkpt>
      <trkpt lon="-76.446060" lat="39.346334"><ele>22.449612</ele><time>2022-02-23T22:28:47Z</time><extensions><speed>1.363835</speed><course>26.322002</course><hAcc>1.627152</hAcc><vAcc>0.809858</vAcc></extensions></trkpt>
      <trkpt lon="-76.446053" lat="39.346345"><ele>22.464151</ele><time>2022-02-23T22:28:48Z</time><extensions><speed>1.402951</speed><course>26.061310</course><hAcc>1.619143</hAcc><vAcc>0.809754</vAcc></extensions></trkpt>
      <trkpt lon="-76.446045" lat="39.346357"><ele>22.485592</ele><time>2022-02-23T22:28:49Z</time><extensions><speed>1.361682</speed><course>27.110334</course><hAcc>1.641464</hAcc><vAcc>0.809666</vAcc></extensions></trkpt>
      <trkpt lon="-76.446038" lat="39.346367"><ele>22.516075</ele><time>2022-02-23T22:28:50Z</time><extensions><speed>1.314308</speed><course>27.098547</course><hAcc>1.643136</hAcc><vAcc>0.809548</vAcc></extensions></trkpt>
      <trkpt lon="-76.446032" lat="39.346378"><ele>22.543196</ele><time>2022-02-23T22:28:51Z</time><extensions><speed>1.251056</speed><course>24.964085</course><hAcc>1.654270</hAcc><vAcc>0.809442</vAcc></extensions></trkpt>
      <trkpt lon="-76.446026" lat="39.346388"><ele>22.575033</ele><time>2022-02-23T22:28:52Z</time><extensions><speed>1.293914</speed><course>23.543894</course><hAcc>1.661303</hAcc><vAcc>0.809348</vAcc></extensions></trkpt>
      <trkpt lon="-76.446020" lat="39.346399"><ele>22.606524</ele><time>2022-02-23T22:28:53Z</time><extensions><speed>1.323538</speed><course>23.004118</course><hAcc>1.656318</hAcc><vAcc>0.809266</vAcc></extensions></trkpt>
      <trkpt lon="-76.446014" lat="39.346410"><ele>22.640139</ele><time>2022-02-23T22:28:54Z</time><extensions><speed>1.329190</speed><course>24.149853</course><hAcc>1.631178</hAcc><vAcc>0.809251</vAcc></extensions></trkpt>
      <trkpt lon="-76.446007" lat="39.346421"><ele>22.677530</ele><time>2022-02-23T22:28:55Z</time><extensions><speed>1.338329</speed><course>24.997601</course><hAcc>1.601287</hAcc><vAcc>0.809239</vAcc></extensions></trkpt>
      <trkpt lon="-76.446001" lat="39.346432"><ele>22.733971</ele><time>2022-02-23T22:28:56Z</time><extensions><speed>1.342412</speed><course>25.761608</course><hAcc>1.593300</hAcc><vAcc>0.809254</vAcc></extensions></trkpt>
      <trkpt lon="-76.445994" lat="39.346443"><ele>22.759558</ele><time>2022-02-23T22:28:57Z</time><extensions><speed>1.351506</speed><course>28.790449</course><hAcc>1.617681</hAcc><vAcc>0.809336</vAcc></extensions></trkpt>
      <trkpt lon="-76.445985" lat="39.346453"><ele>22.795830</ele><time>2022-02-23T22:28:58Z</time><extensions><speed>1.378440</speed><course>34.196396</course><hAcc>1.595376</hAcc><vAcc>0.809407</vAcc></extensions></trkpt>
      <trkpt lon="-76.445977" lat="39.346463"><ele>22.816963</ele><time>2022-02-23T22:28:59Z</time><extensions><speed>1.352421</speed><course>33.506168</course><hAcc>1.634663</hAcc><vAcc>0.809464</vAcc></extensions></trkpt>
      <trkpt lon="-76.445969" lat="39.346474"><ele>22.837555</ele><time>2022-02-23T22:29:00Z</time><extensions><speed>1.331345</speed><course>28.514629</course><hAcc>1.580846</hAcc><vAcc>0.809547</vAcc></extensions></trkpt>
      <trkpt lon="-76.445962" lat="39.346484"><ele>22.867498</ele><time>2022-02-23T22:29:01Z</time><extensions><speed>1.330578</speed><course>25.560715</course><hAcc>1.570301</hAcc><vAcc>0.809641</vAcc></extensions></trkpt>
      <trkpt lon="-76.445955" lat="39.346495"><ele>22.897278</ele><time>2022-02-23T22:29:02Z</time><extensions><speed>1.332659</speed><course>24.528166</course><hAcc>1.589248</hAcc><vAcc>0.809729</vAcc></extensions></trkpt>
      <trkpt lon="-76.445949" lat="39.346506"><ele>22.931648</ele><time>2022-02-23T22:29:03Z</time><extensions><speed>1.355470</speed><course>24.125200</course><hAcc>1.606488</hAcc><vAcc>0.809787</vAcc></extensions></trkpt>
      <trkpt lon="-76.445942" lat="39.346517"><ele>22.938177</ele><time>2022-02-23T22:29:04Z</time><extensions><speed>1.352872</speed><course>24.513577</course><hAcc>1.615783</hAcc><vAcc>0.809818</vAcc></extensions></trkpt>
      <trkpt lon="-76.445936" lat="39.346528"><ele>22.937124</ele><time>2022-02-23T22:29:05Z</time><extensions><speed>1.334301</speed><course>24.880283</course><hAcc>1.596989</hAcc><vAcc>0.809829</vAcc></extensions></trkpt>
      <trkpt lon="-76.445929" lat="39.346539"><ele>22.949856</ele><time>2022-02-23T22:29:06Z</time><extensions><speed>1.305288</speed><course>26.457373</course><hAcc>1.596501</hAcc><vAcc>0.809810</vAcc></extensions></trkpt>
      <trkpt lon="-76.445922" lat="39.346549"><ele>22.955799</ele><time>2022-02-23T22:29:07Z</time><extensions><speed>1.253026</speed><course>29.780430</course><hAcc>1.626999</hAcc><vAcc>0.809749</vAcc></extensions></trkpt>
      <trkpt lon="-76.445915" lat="39.346559"><ele>22.955570</ele><time>2022-02-23T22:29:08Z</time><extensions><speed>1.226331</speed><course>27.167080</course><hAcc>1.577056</hAcc><vAcc>0.809709</vAcc></extensions></trkpt>
      <trkpt lon="-76.445909" lat="39.346569"><ele>22.939909</ele><time>2022-02-23T22:29:09Z</time><extensions><speed>1.272216</speed><course>25.384678</course><hAcc>1.581494</hAcc><vAcc>0.809614</vAcc></extensions></trkpt>
      <trkpt lon="-76.445903" lat="39.346580"><ele>22.968410</ele><time>2022-02-23T22:29:10Z</time><extensions><speed>1.325251</speed><course>22.999460</course><hAcc>1.644385</hAcc><vAcc>0.809505</vAcc></extensions></trkpt>
      <trkpt lon="-76.445897" lat="39.346591"><ele>22.953648</ele><time>2022-02-23T22:29:11Z</time><extensions><speed>1.281848</speed><course>19.501888</course><hAcc>1.618662</hAcc><vAcc>0.809358</vAcc></extensions></trkpt>
      <trkpt lon="-76.445893" lat="39.346601"><ele>22.948746</ele><time>2022-02-23T22:29:12Z</time><extensions><speed>1.236589</speed><course>16.066879</course><hAcc>1.605178</hAcc><vAcc>0.809214</vAcc></extensions></trkpt>
      <trkpt lon="-76.445889" lat="39.346612"><ele>22.925316</ele><time>2022-02-23T22:29:13Z</time><extensions><speed>1.236228</speed><course>15.354541</course><hAcc>1.624757</hAcc><vAcc>0.808997</vAcc></extensions></trkpt>
      <trkpt lon="-76.445885" lat="39.346623"><ele>22.887480</ele><time>2022-02-23T22:29:14Z</time><extensions><speed>1.232948</speed><course>15.966459</course><hAcc>1.653950</hAcc><vAcc>0.808742</vAcc></extensions></trkpt>
      <trkpt lon="-76.445881" lat="39.346633"><ele>22.857718</ele><time>2022-02-23T22:29:15Z</time><extensions><speed>1.198680</speed><course>16.458467</course><hAcc>1.673357</hAcc><vAcc>0.808508</vAcc></extensions></trkpt>
      <trkpt lon="-76.445877" lat="39.346644"><ele>22.824806</ele><time>2022-02-23T22:29:16Z</time><extensions><speed>1.207411</speed><course>17.012255</course><hAcc>1.681479</hAcc><vAcc>0.808302</vAcc></extensions></trkpt>
      <trkpt lon="-76.445873" lat="39.346654"><ele>22.788927</ele><time>2022-02-23T22:29:17Z</time><extensions><speed>1.229709</speed><course>15.687393</course><hAcc>1.683228</hAcc><vAcc>0.808125</vAcc></extensions></trkpt>
      <trkpt lon="-76.445870" lat="39.346665"><ele>22.749054</ele><time>2022-02-23T22:29:18Z</time><extensions><speed>1.262620</speed><course>15.280434</course><hAcc>1.683794</hAcc><vAcc>0.807983</vAcc></extensions></trkpt>
      <trkpt lon="-76.445867" lat="39.346676"><ele>22.717716</ele><time>2022-02-23T22:29:19Z</time><extensions><speed>1.309017</speed><course>9.641766</course><hAcc>1.664800</hAcc><vAcc>0.807913</vAcc></extensions></trkpt>
      <trkpt lon="-76.445865" lat="39.346688"><ele>22.677355</ele><time>2022-02-23T22:29:20Z</time><extensions><speed>1.317632</speed><course>1.706889</course><hAcc>1.657366</hAcc><vAcc>0.807880</vAcc></extensions></trkpt>
      <trkpt lon="-76.445866" lat="39.346700"><ele>22.636477</ele><time>2022-02-23T22:29:21Z</time><extensions><speed>1.360921</speed><course>354.546356</course><hAcc>1.670365</hAcc><vAcc>0.808024</vAcc></extensions></trkpt>
      <trkpt lon="-76.445867" lat="39.346712"><ele>22.601906</ele><time>2022-02-23T22:29:22Z</time><extensions><speed>1.266939</speed><course>354.502441</course><hAcc>1.685392</hAcc><vAcc>0.808276</vAcc></extensions></trkpt>
      <trkpt lon="-76.445869" lat="39.346723"><ele>22.564554</ele><time>2022-02-23T22:29:23Z</time><extensions><speed>1.210132</speed><course>349.477112</course><hAcc>1.657045</hAcc><vAcc>0.808573</vAcc></extensions></trkpt>
      <trkpt lon="-76.445872" lat="39.346733"><ele>22.521460</ele><time>2022-02-23T22:29:24Z</time><extensions><speed>1.191479</speed><course>346.308289</course><hAcc>1.648037</hAcc><vAcc>0.808940</vAcc></extensions></trkpt>
      <trkpt lon="-76.445875" lat="39.346744"><ele>22.506020</ele><time>2022-02-23T22:29:25Z</time><extensions><speed>1.175994</speed><course>350.739044</course><hAcc>1.659677</hAcc><vAcc>0.809374</vAcc></extensions></trkpt>
      <trkpt lon="-76.445876" lat="39.346754"><ele>22.479944</ele><time>2022-02-23T22:29:26Z</time><extensions><speed>1.108829</speed><course>358.120514</course><hAcc>1.673074</hAcc><vAcc>0.809868</vAcc></extensions></trkpt>
      <trkpt lon="-76.445877" lat="39.346765"><ele>22.480679</ele><time>2022-02-23T22:29:27Z</time><extensions><speed>1.272889</speed><course>356.073730</course><hAcc>1.665511</hAcc><vAcc>0.810353</vAcc></extensions></trkpt>
      <trkpt lon="-76.445878" lat="39.346777"><ele>22.466188</ele><time>2022-02-23T22:29:28Z</time><extensions><speed>1.360772</speed><course>354.213593</course><hAcc>1.658943</hAcc><vAcc>0.810836</vAcc></extensions></trkpt>
      <trkpt lon="-76.445880" lat="39.346789"><ele>22.475672</ele><time>2022-02-23T22:29:29Z</time><extensions><speed>1.391499</speed><course>351.514984</course><hAcc>1.656037</hAcc><vAcc>0.811283</vAcc></extensions></trkpt>
      <trkpt lon="-76.445883" lat="39.346801"><ele>22.478123</ele><time>2022-02-23T22:29:30Z</time><extensions><speed>1.416984</speed><course>349.247986</course><hAcc>1.668720</hAcc><vAcc>0.811677</vAcc></extensions></trkpt>
      <trkpt lon="-76.445886" lat="39.346813"><ele>22.471712</ele><time>2022-02-23T22:29:31Z</time><extensions><speed>1.342729</speed><course>346.747803</course><hAcc>1.697232</hAcc><vAcc>0.811951</vAcc></extensions></trkpt>
      <trkpt lon="-76.445890" lat="39.346825"><ele>22.443897</ele><time>2022-02-23T22:29:32Z</time><extensions><speed>1.338823</speed><course>348.129181</course><hAcc>1.672508</hAcc><vAcc>0.812094</vAcc></extensions></trkpt>
      <trkpt lon="-76.445893" lat="39.346837"><ele>22.458727</ele><time>2022-02-23T22:29:33Z</time><extensions><speed>1.355034</speed><course>348.712341</course><hAcc>1.667101</hAcc><vAcc>0.812059</vAcc></extensions></trkpt>
      <trkpt lon="-76.445896" lat="39.346849"><ele>22.448626</ele><time>2022-02-23T22:29:34Z</time><extensions><speed>1.356590</speed><course>346.327942</course><hAcc>1.677851</hAcc><vAcc>0.811860</vAcc></extensions></trkpt>
      <trkpt lon="-76.445901" lat="39.346861"><ele>22.430166</ele><time>2022-02-23T22:29:35Z</time><extensions><speed>1.397630</speed><course>342.586121</course><hAcc>1.690798</hAcc><vAcc>0.811512</vAcc></extensions></trkpt>
      <trkpt lon="-76.445906" lat="39.346873"><ele>22.406361</ele><time>2022-02-23T22:29:36Z</time><extensions><speed>1.407017</speed><course>338.424377</course><hAcc>1.698990</hAcc><vAcc>0.811036</vAcc></extensions></trkpt>
      <trkpt lon="-76.445912" lat="39.346884"><ele>22.369654</ele><time>2022-02-23T22:29:37Z</time><extensions><speed>1.376060</speed><course>336.551208</course><hAcc>1.700979</hAcc><vAcc>0.810479</vAcc></extensions></trkpt>
      <trkpt lon="-76.445919" lat="39.346895"><ele>22.320684</ele><time>2022-02-23T22:29:38Z</time><extensions><speed>1.297002</speed><course>333.076416</course><hAcc>1.702178</hAcc><vAcc>0.809898</vAcc></extensions></trkpt>
      <trkpt lon="-76.445926" lat="39.346906"><ele>22.268499</ele><time>2022-02-23T22:29:39Z</time><extensions><speed>1.316578</speed><course>328.983368</course><hAcc>1.692966</hAcc><vAcc>0.809314</vAcc></extensions></trkpt>
      <trkpt lon="-76.445935" lat="39.346916"><ele>22.222485</ele><time>2022-02-23T22:29:40Z</time><extensions><speed>1.428623</speed><course>326.203674</course><hAcc>1.675691</hAcc><vAcc>0.808722</vAcc></extensions></trkpt>
      <trkpt lon="-76.445945" lat="39.346927"><ele>22.186600</ele><time>2022-02-23T22:29:41Z</time><extensions><speed>1.476778</speed><course>323.897369</course><hAcc>1.654418</hAcc><vAcc>0.808148</vAcc></extensions></trkpt>
      <trkpt lon="-76.445955" lat="39.346937"><ele>22.163771</ele><time>2022-02-23T22:29:42Z</time><extensions><speed>1.475722</speed><course>322.633453</course><hAcc>1.634994</hAcc><vAcc>0.807632</vAcc></extensions></trkpt>
      <trkpt lon="-76.445966" lat="39.346947"><ele>22.147276</ele><time>2022-02-23T22:29:43Z</time><extensions><speed>1.469687</speed><course>319.975616</course><hAcc>1.616036</hAcc><vAcc>0.807177</vAcc></extensions></trkpt>
      <trkpt lon="-76.445976" lat="39.346957"><ele>22.112093</ele><time>2022-02-23T22:29:44Z</time><extensions><speed>1.404112</speed><course>322.402557</course><hAcc>1.626914</hAcc><vAcc>0.806791</vAcc></extensions></trkpt>
      <trkpt lon="-76.445986" lat="39.346967"><ele>22.097500</ele><time>2022-02-23T22:29:45Z</time><extensions><speed>1.386807</speed><course>320.488831</course><hAcc>1.573537</hAcc><vAcc>0.806442</vAcc></extensions></trkpt>
      <trkpt lon="-76.445997" lat="39.346977"><ele>22.091551</ele><time>2022-02-23T22:29:46Z</time><extensions><speed>1.378969</speed><course>319.043396</course><hAcc>1.545371</hAcc><vAcc>0.806091</vAcc></extensions></trkpt>
      <trkpt lon="-76.446007" lat="39.346986"><ele>22.096090</ele><time>2022-02-23T22:29:47Z</time><extensions><speed>1.371002</speed><course>318.346283</course><hAcc>1.580363</hAcc><vAcc>0.805746</vAcc></extensions></trkpt>
      <trkpt lon="-76.446018" lat="39.346995"><ele>22.098301</ele><time>2022-02-23T22:29:48Z</time><extensions><speed>1.340157</speed><course>317.010101</course><hAcc>1.571883</hAcc><vAcc>0.805402</vAcc></extensions></trkpt>
      <trkpt lon="-76.446028" lat="39.347004"><ele>22.120440</ele><time>2022-02-23T22:29:49Z</time><extensions><speed>1.344855</speed><course>318.371948</course><hAcc>1.591013</hAcc><vAcc>0.805058</vAcc></extensions></trkpt>
      <trkpt lon="-76.446039" lat="39.347013"><ele>22.160303</ele><time>2022-02-23T22:29:50Z</time><extensions><speed>1.364815</speed><course>313.553223</course><hAcc>1.534971</hAcc><vAcc>0.804710</vAcc></extensions></trkpt>
      <trkpt lon="-76.446051" lat="39.347021"><ele>22.195156</ele><time>2022-02-23T22:29:51Z</time><extensions><speed>1.372298</speed><course>310.303223</course><hAcc>1.512401</hAcc><vAcc>0.804368</vAcc></extensions></trkpt>
      <trkpt lon="-76.446064" lat="39.347028"><ele>22.224016</ele><time>2022-02-23T22:29:52Z</time><extensions><speed>1.375543</speed><course>307.063110</course><hAcc>1.544211</hAcc><vAcc>0.804045</vAcc></extensions></trkpt>
      <trkpt lon="-76.446076" lat="39.347036"><ele>22.257740</ele><time>2022-02-23T22:29:52Z</time><extensions><speed>1.368646</speed><course>308.033966</course><hAcc>1.616612</hAcc><vAcc>0.803776</vAcc></extensions></trkpt>
      <trkpt lon="-76.446089" lat="39.347044"><ele>22.314932</ele><time>2022-02-23T22:29:53Z</time><extensions><speed>1.391024</speed><course>312.048035</course><hAcc>1.634109</hAcc><vAcc>0.803556</vAcc></extensions></trkpt>
      <trkpt lon="-76.446101" lat="39.347052"><ele>22.358564</ele><time>2022-02-23T22:29:54Z</time><extensions><speed>1.382105</speed><course>309.865356</course><hAcc>1.587857</hAcc><vAcc>0.803379</vAcc></extensions></trkpt>
      <trkpt lon="-76.446113" lat="39.347060"><ele>22.396866</ele><time>2022-02-23T22:29:55Z</time><extensions><speed>1.386831</speed><course>304.906433</course><hAcc>1.555628</hAcc><vAcc>0.803284</vAcc></extensions></trkpt>
      <trkpt lon="-76.446127" lat="39.347067"><ele>22.429209</ele><time>2022-02-23T22:29:56Z</time><extensions><speed>1.422602</speed><course>301.060272</course><hAcc>1.562410</hAcc><vAcc>0.803275</vAcc></extensions></trkpt>
      <trkpt lon="-76.446141" lat="39.347073"><ele>22.468021</ele><time>2022-02-23T22:29:57Z</time><extensions><speed>1.425805</speed><course>300.499756</course><hAcc>1.608232</hAcc><vAcc>0.803326</vAcc></extensions></trkpt>
      <trkpt lon="-76.446155" lat="39.347080"><ele>22.504673</ele><time>2022-02-23T22:29:58Z</time><extensions><speed>1.391439</speed><course>301.754669</course><hAcc>1.673639</hAcc><vAcc>0.803458</vAcc></extensions></trkpt>
      <trkpt lon="-76.446169" lat="39.347086"><ele>22.538002</ele><time>2022-02-23T22:29:59Z</time><extensions><speed>1.370785</speed><course>299.716431</course><hAcc>1.637802</hAcc><vAcc>0.803609</vAcc></extensions></trkpt>
      <trkpt lon="-76.446183" lat="39.347092"><ele>22.572496</ele><time>2022-02-23T22:30:00Z</time><extensions><speed>1.347853</speed><course>299.819092</course><hAcc>1.649195</hAcc><vAcc>0.803792</vAcc></extensions></trkpt>
      <trkpt lon="-76.446196" lat="39.347098"><ele>22.581261</ele><time>2022-02-23T22:30:01Z</time><extensions><speed>1.256365</speed><course>301.773499</course><hAcc>1.640040</hAcc><vAcc>0.803986</vAcc></extensions></trkpt>
      <trkpt lon="-76.446208" lat="39.347104"><ele>22.595394</ele><time>2022-02-23T22:30:02Z</time><extensions><speed>1.181944</speed><course>301.292328</course><hAcc>1.646421</hAcc><vAcc>0.804192</vAcc></extensions></trkpt>
      <trkpt lon="-76.446219" lat="39.347109"><ele>22.588335</ele><time>2022-02-23T22:30:03Z</time><extensions><speed>1.105323</speed><course>302.636292</course><hAcc>1.664691</hAcc><vAcc>0.804397</vAcc></extensions></trkpt>
      <trkpt lon="-76.446231" lat="39.347115"><ele>22.597679</ele><time>2022-02-23T22:30:04Z</time><extensions><speed>1.214538</speed><course>298.749847</course><hAcc>1.665483</hAcc><vAcc>0.804546</vAcc></extensions></trkpt>
      <trkpt lon="-76.446244" lat="39.347120"><ele>22.616804</ele><time>2022-02-23T22:30:05Z</time><extensions><speed>1.319209</speed><course>295.600830</course><hAcc>1.678426</hAcc><vAcc>0.804620</vAcc></extensions></trkpt>
      <trkpt lon="-76.446258" lat="39.347125"><ele>22.628342</ele><time>2022-02-23T22:30:06Z</time><extensions><speed>1.353019</speed><course>293.274078</course><hAcc>1.706967</hAcc><vAcc>0.804588</vAcc></extensions></trkpt>
      <trkpt lon="-76.446272" lat="39.347129"><ele>22.635332</ele><time>2022-02-23T22:30:07Z</time><extensions><speed>1.291982</speed><course>292.710754</course><hAcc>1.688631</hAcc><vAcc>0.804466</vAcc></extensions></trkpt>
      <trkpt lon="-76.446287" lat="39.347134"><ele>22.647648</ele><time>2022-02-23T22:30:08Z</time><extensions><speed>1.365845</speed><course>288.571960</course><hAcc>1.677663</hAcc><vAcc>0.804253</vAcc></extensions></trkpt>
      <trkpt lon="-76.446302" lat="39.347137"><ele>22.657116</ele><time>2022-02-23T22:30:09Z</time><extensions><speed>1.456186</speed><course>285.847290</course><hAcc>1.685496</hAcc><vAcc>0.803925</vAcc></extensions></trkpt>
      <trkpt lon="-76.446319" lat="39.347141"><ele>22.676941</ele><time>2022-02-23T22:30:10Z</time><extensions><speed>1.469289</speed><course>282.307922</course><hAcc>1.686082</hAcc><vAcc>0.803477</vAcc></extensions></trkpt>
      <trkpt lon="-76.446336" lat="39.347143"><ele>22.703533</ele><time>2022-02-23T22:30:11Z</time><extensions><speed>1.485973</speed><course>279.009491</course><hAcc>1.678430</hAcc><vAcc>0.802970</vAcc></extensions></trkpt>
      <trkpt lon="-76.446353" lat="39.347145"><ele>22.738789</ele><time>2022-02-23T22:30:12Z</time><extensions><speed>1.483587</speed><course>278.633362</course><hAcc>1.690529</hAcc><vAcc>0.802404</vAcc></extensions></trkpt>
      <trkpt lon="-76.446369" lat="39.347147"><ele>22.782852</ele><time>2022-02-23T22:30:13Z</time><extensions><speed>1.450003</speed><course>280.494690</course><hAcc>1.698654</hAcc><vAcc>0.801823</vAcc></extensions></trkpt>
      <trkpt lon="-76.446386" lat="39.347149"><ele>22.829233</ele><time>2022-02-23T22:30:14Z</time><extensions><speed>1.403449</speed><course>278.029785</course><hAcc>1.707284</hAcc><vAcc>0.801233</vAcc></extensions></trkpt>
      <trkpt lon="-76.446402" lat="39.347151"><ele>22.881535</ele><time>2022-02-23T22:30:15Z</time><extensions><speed>1.436490</speed><course>275.865417</course><hAcc>1.687466</hAcc><vAcc>0.800652</vAcc></extensions></trkpt>
      <trkpt lon="-76.446419" lat="39.347152"><ele>22.917845</ele><time>2022-02-23T22:30:16Z</time><extensions><speed>1.491196</speed><course>276.440186</course><hAcc>1.668430</hAcc><vAcc>0.800083</vAcc></extensions></trkpt>
      <trkpt lon="-76.446437" lat="39.347154"><ele>22.970089</ele><time>2022-02-23T22:30:17Z</time><extensions><speed>1.568964</speed><course>273.825867</course><hAcc>1.666145</hAcc><vAcc>0.799565</vAcc></extensions></trkpt>
      <trkpt lon="-76.446454" lat="39.347154"><ele>23.019773</ele><time>2022-02-23T22:30:18Z</time><extensions><speed>1.494976</speed><course>269.271576</course><hAcc>1.669569</hAcc><vAcc>0.799121</vAcc></extensions></trkpt>
      <trkpt lon="-76.446472" lat="39.347154"><ele>23.058132</ele><time>2022-02-23T22:30:19Z</time><extensions><speed>1.474807</speed><course>267.274780</course><hAcc>1.634082</hAcc><vAcc>0.798757</vAcc></extensions></trkpt>
      <trkpt lon="-76.446489" lat="39.347153"><ele>23.107790</ele><time>2022-02-23T22:30:20Z</time><extensions><speed>1.474672</speed><course>268.492401</course><hAcc>1.604935</hAcc><vAcc>0.798510</vAcc></extensions></trkpt>
      <trkpt lon="-76.446506" lat="39.347153"><ele>23.136772</ele><time>2022-02-23T22:30:21Z</time><extensions><speed>1.436051</speed><course>271.053986</course><hAcc>1.629433</hAcc><vAcc>0.798382</vAcc></extensions></trkpt>
      <trkpt lon="-76.446522" lat="39.347153"><ele>23.182045</ele><time>2022-02-23T22:30:22Z</time><extensions><speed>1.414175</speed><course>273.095215</course><hAcc>1.622012</hAcc><vAcc>0.798337</vAcc></extensions></trkpt>
      <trkpt lon="-76.446538" lat="39.347154"><ele>23.224920</ele><time>2022-02-23T22:30:23Z</time><extensions><speed>1.358671</speed><course>275.753601</course><hAcc>1.545073</hAcc><vAcc>0.798368</vAcc></extensions></trkpt>
      <trkpt lon="-76.446554" lat="39.347156"><ele>23.256279</ele><time>2022-02-23T22:30:24Z</time><extensions><speed>1.411897</speed><course>277.443237</course><hAcc>1.526605</hAcc><vAcc>0.798475</vAcc></extensions></trkpt>
      <trkpt lon="-76.446571" lat="39.347157"><ele>23.265039</ele><time>2022-02-23T22:30:25Z</time><extensions><speed>1.435614</speed><course>278.190613</course><hAcc>1.589426</hAcc><vAcc>0.798665</vAcc></extensions></trkpt>
      <trkpt lon="-76.446587" lat="39.347159"><ele>23.280212</ele><time>2022-02-23T22:30:26Z</time><extensions><speed>1.432524</speed><course>275.994202</course><hAcc>1.601800</hAcc><vAcc>0.798910</vAcc></extensions></trkpt>
      <trkpt lon="-76.446604" lat="39.347160"><ele>23.293800</ele><time>2022-02-23T22:30:27Z</time><extensions><speed>1.443425</speed><course>276.483765</course><hAcc>1.584780</hAcc><vAcc>0.799214</vAcc></extensions></trkpt>
      <trkpt lon="-76.446620" lat="39.347161"><ele>23.302660</ele><time>2022-02-23T22:30:28Z</time><extensions><speed>1.451910</speed><course>276.250031</course><hAcc>1.575396</hAcc><vAcc>0.799532</vAcc></extensions></trkpt>
      <trkpt lon="-76.446637" lat="39.347163"><ele>23.304649</ele><time>2022-02-23T22:30:29Z</time><extensions><speed>1.437192</speed><course>276.842133</course><hAcc>1.584385</hAcc><vAcc>0.799889</vAcc></extensions></trkpt>
      <trkpt lon="-76.446654" lat="39.347164"><ele>23.307066</ele><time>2022-02-23T22:30:30Z</time><extensions><speed>1.461231</speed><course>277.002045</course><hAcc>1.626677</hAcc><vAcc>0.800258</vAcc></extensions></trkpt>
      <trkpt lon="-76.446671" lat="39.347166"><ele>23.325466</ele><time>2022-02-23T22:30:31Z</time><extensions><speed>1.442618</speed><course>278.148560</course><hAcc>1.684626</hAcc><vAcc>0.800636</vAcc></extensions></trkpt>
      <trkpt lon="-76.446687" lat="39.347168"><ele>23.338337</ele><time>2022-02-23T22:30:32Z</time><extensions><speed>1.427410</speed><course>275.514191</course><hAcc>1.699398</hAcc><vAcc>0.801004</vAcc></extensions></trkpt>
      <trkpt lon="-76.446703" lat="39.347169"><ele>23.346479</ele><time>2022-02-23T22:30:33Z</time><extensions><speed>1.396973</speed><course>273.647034</course><hAcc>1.703430</hAcc><vAcc>0.801412</vAcc></extensions></trkpt>
      <trkpt lon="-76.446719" lat="39.347169"><ele>23.343376</ele><time>2022-02-23T22:30:34Z</time><extensions><speed>1.374548</speed><course>273.085907</course><hAcc>1.709255</hAcc><vAcc>0.801822</vAcc></extensions></trkpt>
      <trkpt lon="-76.446736" lat="39.347170"><ele>23.348169</ele><time>2022-02-23T22:30:35Z</time><extensions><speed>1.400223</speed><course>274.838745</course><hAcc>1.723047</hAcc><vAcc>0.802254</vAcc></extensions></trkpt>
      <trkpt lon="-76.446752" lat="39.347172"><ele>23.372799</ele><time>2022-02-23T22:30:36Z</time><extensions><speed>1.427489</speed><course>276.152252</course><hAcc>1.741172</hAcc><vAcc>0.802685</vAcc></extensions></trkpt>
      <trkpt lon="-76.446768" lat="39.347173"><ele>23.407604</ele><time>2022-02-23T22:30:38Z</time><extensions><speed>1.438816</speed><course>277.898468</course><hAcc>1.738758</hAcc><vAcc>0.803152</vAcc></extensions></trkpt>
      <trkpt lon="-76.446785" lat="39.347175"><ele>23.458519</ele><time>2022-02-23T22:30:39Z</time><extensions><speed>1.432056</speed><course>279.536072</course><hAcc>1.711288</hAcc><vAcc>0.803582</vAcc></extensions></trkpt>
      <trkpt lon="-76.446801" lat="39.347178"><ele>23.502743</ele><time>2022-02-23T22:30:40Z</time><extensions><speed>1.432978</speed><course>281.341827</course><hAcc>1.683643</hAcc><vAcc>0.803965</vAcc></extensions></trkpt>
      <trkpt lon="-76.446818" lat="39.347180"><ele>23.562338</ele><time>2022-02-23T22:30:41Z</time><extensions><speed>1.460230</speed><course>284.038849</course><hAcc>1.662186</hAcc><vAcc>0.804337</vAcc></extensions></trkpt>
      <trkpt lon="-76.446834" lat="39.347184"><ele>23.606455</ele><time>2022-02-23T22:30:42Z</time><extensions><speed>1.472436</speed><course>286.976685</course><hAcc>1.659088</hAcc><vAcc>0.804666</vAcc></extensions></trkpt>
      <trkpt lon="-76.446850" lat="39.347188"><ele>23.639219</ele><time>2022-02-23T22:30:43Z</time><extensions><speed>1.476895</speed><course>285.414673</course><hAcc>1.664207</hAcc><vAcc>0.804986</vAcc></extensions></trkpt>
      <trkpt lon="-76.446867" lat="39.347191"><ele>23.651508</ele><time>2022-02-23T22:30:44Z</time><extensions><speed>1.434193</speed><course>280.790924</course><hAcc>1.685404</hAcc><vAcc>0.805270</vAcc></extensions></trkpt>
      <trkpt lon="-76.446882" lat="39.347194"><ele>23.676027</ele><time>2022-02-23T22:30:45Z</time><extensions><speed>1.364344</speed><course>287.012360</course><hAcc>1.648096</hAcc><vAcc>0.805497</vAcc></extensions></trkpt>
      <trkpt lon="-76.446897" lat="39.347198"><ele>23.696543</ele><time>2022-02-23T22:30:46Z</time><extensions><speed>1.295670</speed><course>290.579926</course><hAcc>1.598120</hAcc><vAcc>0.805676</vAcc></extensions></trkpt>
      <trkpt lon="-76.446911" lat="39.347202"><ele>23.722755</ele><time>2022-02-23T22:30:47Z</time><extensions><speed>1.255945</speed><course>294.600555</course><hAcc>1.577677</hAcc><vAcc>0.805773</vAcc></extensions></trkpt>
      <trkpt lon="-76.446924" lat="39.347207"><ele>23.743773</ele><time>2022-02-23T22:30:48Z</time><extensions><speed>1.305807</speed><course>297.694397</course><hAcc>1.595251</hAcc><vAcc>0.805769</vAcc></extensions></trkpt>
      <trkpt lon="-76.446937" lat="39.347213"><ele>23.748459</ele><time>2022-02-23T22:30:49Z</time><extensions><speed>1.367310</speed><course>300.368073</course><hAcc>1.640368</hAcc><vAcc>0.805669</vAcc></extensions></trkpt>
      <trkpt lon="-76.446951" lat="39.347219"><ele>23.745024</ele><time>2022-02-23T22:30:50Z</time><extensions><speed>1.411372</speed><course>300.592468</course><hAcc>1.610581</hAcc><vAcc>0.805545</vAcc></extensions></trkpt>
      <trkpt lon="-76.446965" lat="39.347226"><ele>23.722656</ele><time>2022-02-23T22:30:51Z</time><extensions><speed>1.420332</speed><course>299.543976</course><hAcc>1.636504</hAcc><vAcc>0.805361</vAcc></extensions></trkpt>
      <trkpt lon="-76.446979" lat="39.347232"><ele>23.727268</ele><time>2022-02-23T22:30:52Z</time><extensions><speed>1.435455</speed><course>304.483978</course><hAcc>1.609473</hAcc><vAcc>0.805161</vAcc></extensions></trkpt>
      <trkpt lon="-76.446993" lat="39.347240"><ele>23.714273</ele><time>2022-02-23T22:30:53Z</time><extensions><speed>1.407045</speed><course>306.992615</course><hAcc>1.610608</hAcc><vAcc>0.804961</vAcc></extensions></trkpt>
      <trkpt lon="-76.447006" lat="39.347248"><ele>23.702347</ele><time>2022-02-23T22:30:54Z</time><extensions><speed>1.400066</speed><course>306.709595</course><hAcc>1.619426</hAcc><vAcc>0.804762</vAcc></extensions></trkpt>
      <trkpt lon="-76.447019" lat="39.347255"><ele>23.677986</ele><time>2022-02-23T22:30:55Z</time><extensions><speed>1.399506</speed><course>303.855774</course><hAcc>1.647580</hAcc><vAcc>0.804581</vAcc></extensions></trkpt>
      <trkpt lon="-76.447033" lat="39.347261"><ele>23.666300</ele><time>2022-02-23T22:30:56Z</time><extensions><speed>1.375694</speed><course>299.215607</course><hAcc>1.680579</hAcc><vAcc>0.804428</vAcc></extensions></trkpt>
      <trkpt lon="-76.447046" lat="39.347268"><ele>23.650930</ele><time>2022-02-23T22:30:57Z</time><extensions><speed>1.338127</speed><course>301.479980</course><hAcc>1.694428</hAcc><vAcc>0.804305</vAcc></extensions></trkpt>
      <trkpt lon="-76.447059" lat="39.347274"><ele>23.630325</ele><time>2022-02-23T22:30:58Z</time><extensions><speed>1.308437</speed><course>306.681580</course><hAcc>1.681409</hAcc><vAcc>0.804235</vAcc></extensions></trkpt>
      <trkpt lon="-76.447071" lat="39.347282"><ele>23.604048</ele><time>2022-02-23T22:30:59Z</time><extensions><speed>1.286514</speed><course>311.321625</course><hAcc>1.685780</hAcc><vAcc>0.804216</vAcc></extensions></trkpt>
      <trkpt lon="-76.447082" lat="39.347290"><ele>23.580225</ele><time>2022-02-23T22:31:00Z</time><extensions><speed>1.303789</speed><course>315.873291</course><hAcc>1.704569</hAcc><vAcc>0.804277</vAcc></extensions></trkpt>
      <trkpt lon="-76.447092" lat="39.347298"><ele>23.559622</ele><time>2022-02-23T22:31:01Z</time><extensions><speed>1.313507</speed><course>319.650757</course><hAcc>1.714681</hAcc><vAcc>0.804384</vAcc></extensions></trkpt>
      <trkpt lon="-76.447102" lat="39.347308"><ele>23.520634</ele><time>2022-02-23T22:31:02Z</time><extensions><speed>1.363026</speed><course>321.387817</course><hAcc>1.717886</hAcc><vAcc>0.804522</vAcc></extensions></trkpt>
      <trkpt lon="-76.447112" lat="39.347318"><ele>23.493982</ele><time>2022-02-23T22:31:03Z</time><extensions><speed>1.413175</speed><course>322.297028</course><hAcc>1.727425</hAcc><vAcc>0.804707</vAcc></extensions></trkpt>
      <trkpt lon="-76.447122" lat="39.347328"><ele>23.466587</ele><time>2022-02-23T22:31:04Z</time><extensions><speed>1.427635</speed><course>320.932373</course><hAcc>1.727124</hAcc><vAcc>0.804921</vAcc></extensions></trkpt>
      <trkpt lon="-76.447132" lat="39.347337"><ele>23.446558</ele><time>2022-02-23T22:31:05Z</time><extensions><speed>1.411921</speed><course>319.303375</course><hAcc>1.718567</hAcc><vAcc>0.805131</vAcc></extensions></trkpt>
      <trkpt lon="-76.447143" lat="39.347347"><ele>23.440670</ele><time>2022-02-23T22:31:06Z</time><extensions><speed>1.420174</speed><course>320.050751</course><hAcc>1.716153</hAcc><vAcc>0.805326</vAcc></extensions></trkpt>
      <trkpt lon="-76.447153" lat="39.347357"><ele>23.404884</ele><time>2022-02-23T22:31:07Z</time><extensions><speed>1.405099</speed><course>322.455719</course><hAcc>1.716756</hAcc><vAcc>0.805551</vAcc></extensions></trkpt>
      <trkpt lon="-76.447163" lat="39.347367"><ele>23.370134</ele><time>2022-02-23T22:31:08Z</time><extensions><speed>1.374588</speed><course>324.223755</course><hAcc>1.711625</hAcc><vAcc>0.805793</vAcc></extensions></trkpt>
      <trkpt lon="-76.447172" lat="39.347377"><ele>23.333086</ele><time>2022-02-23T22:31:09Z</time><extensions><speed>1.350599</speed><course>323.856659</course><hAcc>1.698393</hAcc><vAcc>0.806009</vAcc></extensions></trkpt>
      <trkpt lon="-76.447181" lat="39.347387"><ele>23.293093</ele><time>2022-02-23T22:31:10Z</time><extensions><speed>1.399720</speed><course>323.142456</course><hAcc>1.674716</hAcc><vAcc>0.806271</vAcc></extensions></trkpt>
      <trkpt lon="-76.447191" lat="39.347398"><ele>23.252451</ele><time>2022-02-23T22:31:11Z</time><extensions><speed>1.459006</speed><course>326.245178</course><hAcc>1.635889</hAcc><vAcc>0.806527</vAcc></extensions></trkpt>
      <trkpt lon="-76.447199" lat="39.347409"><ele>23.234791</ele><time>2022-02-23T22:31:12Z</time><extensions><speed>1.487101</speed><course>329.462891</course><hAcc>1.607030</hAcc><vAcc>0.806825</vAcc></extensions></trkpt>
      <trkpt lon="-76.447207" lat="39.347421"><ele>23.183414</ele><time>2022-02-23T22:31:13Z</time><extensions><speed>1.471549</speed><course>332.827118</course><hAcc>1.605138</hAcc><vAcc>0.807156</vAcc></extensions></trkpt>
      <trkpt lon="-76.447214" lat="39.347433"><ele>23.123053</ele><time>2022-02-23T22:31:14Z</time><extensions><speed>1.459582</speed><course>336.314697</course><hAcc>1.598688</hAcc><vAcc>0.807433</vAcc></extensions></trkpt>
      <trkpt lon="-76.447220" lat="39.347445"><ele>23.074778</ele><time>2022-02-23T22:31:15Z</time><extensions><speed>1.456525</speed><course>341.168335</course><hAcc>1.579967</hAcc><vAcc>0.807627</vAcc></extensions></trkpt>
      <trkpt lon="-76.447224" lat="39.347458"><ele>23.046190</ele><time>2022-02-23T22:31:16Z</time><extensions><speed>1.540448</speed><course>350.959351</course><hAcc>1.527786</hAcc><vAcc>0.807687</vAcc></extensions></trkpt>
      <trkpt lon="-76.447227" lat="39.347472"><ele>23.004742</ele><time>2022-02-23T22:31:17Z</time><extensions><speed>1.540798</speed><course>354.764618</course><hAcc>1.540546</hAcc><vAcc>0.807564</vAcc></extensions></trkpt>
      <trkpt lon="-76.447228" lat="39.347486"><ele>22.976025</ele><time>2022-02-23T22:31:18Z</time><extensions><speed>1.488716</speed><course>356.353302</course><hAcc>1.566347</hAcc><vAcc>0.807252</vAcc></extensions></trkpt>
      <trkpt lon="-76.447228" lat="39.347500"><ele>22.943251</ele><time>2022-02-23T22:31:19Z</time><extensions><speed>1.609101</speed><course>359.394470</course><hAcc>1.544163</hAcc><vAcc>0.806643</vAcc></extensions></trkpt>
      <trkpt lon="-76.447229" lat="39.347514"><ele>22.924839</ele><time>2022-02-23T22:31:20Z</time><extensions><speed>1.484283</speed><course>358.554413</course><hAcc>1.573618</hAcc><vAcc>0.805900</vAcc></extensions></trkpt>
      <trkpt lon="-76.447228" lat="39.347527"><ele>22.876574</ele><time>2022-02-23T22:31:21Z</time><extensions><speed>1.520730</speed><course>5.348186</course><hAcc>1.558923</hAcc><vAcc>0.805014</vAcc></extensions></trkpt>
      <trkpt lon="-76.447226" lat="39.347541"><ele>22.840351</ele><time>2022-02-23T22:31:22Z</time><extensions><speed>1.533258</speed><course>8.133673</course><hAcc>1.594677</hAcc><vAcc>0.804012</vAcc></extensions></trkpt>
      <trkpt lon="-76.447223" lat="39.347554"><ele>22.811901</ele><time>2022-02-23T22:31:23Z</time><extensions><speed>1.505571</speed><course>8.764490</course><hAcc>1.651330</hAcc><vAcc>0.802855</vAcc></extensions></trkpt>
      <trkpt lon="-76.447220" lat="39.347568"><ele>22.790291</ele><time>2022-02-23T22:31:24Z</time><extensions><speed>1.565125</speed><course>12.672889</course><hAcc>1.649303</hAcc><vAcc>0.801562</vAcc></extensions></trkpt>
      <trkpt lon="-76.447216" lat="39.347582"><ele>22.770821</ele><time>2022-02-23T22:31:25Z</time><extensions><speed>1.562740</speed><course>13.438910</course><hAcc>1.664225</hAcc><vAcc>0.800137</vAcc></extensions></trkpt>
      <trkpt lon="-76.447212" lat="39.347595"><ele>22.749441</ele><time>2022-02-23T22:31:26Z</time><extensions><speed>1.528764</speed><course>12.816981</course><hAcc>1.695351</hAcc><vAcc>0.798779</vAcc></extensions></trkpt>
      <trkpt lon="-76.447208" lat="39.347609"><ele>22.697001</ele><time>2022-02-23T22:31:27Z</time><extensions><speed>1.492402</speed><course>10.797117</course><hAcc>1.725249</hAcc><vAcc>0.797555</vAcc></extensions></trkpt>
      <trkpt lon="-76.447205" lat="39.347622"><ele>22.642580</ele><time>2022-02-23T22:31:28Z</time><extensions><speed>1.504007</speed><course>9.149172</course><hAcc>1.742062</hAcc><vAcc>0.796520</vAcc></extensions></trkpt>
      <trkpt lon="-76.447203" lat="39.347635"><ele>22.606531</ele><time>2022-02-23T22:31:29Z</time><extensions><speed>1.476407</speed><course>6.811344</course><hAcc>1.747350</hAcc><vAcc>0.795795</vAcc></extensions></trkpt>
      <trkpt lon="-76.447201" lat="39.347649"><ele>22.575274</ele><time>2022-02-23T22:31:30Z</time><extensions><speed>1.465105</speed><course>3.828360</course><hAcc>1.752225</hAcc><vAcc>0.795377</vAcc></extensions></trkpt>
      <trkpt lon="-76.447201" lat="39.347662"><ele>22.571386</ele><time>2022-02-23T22:31:31Z</time><extensions><speed>1.433804</speed><course>0.573130</course><hAcc>1.752402</hAcc><vAcc>0.795248</vAcc></extensions></trkpt>
      <trkpt lon="-76.447201" lat="39.347675"><ele>22.551479</ele><time>2022-02-23T22:31:32Z</time><extensions><speed>1.479293</speed><course>356.653687</course><hAcc>1.744324</hAcc><vAcc>0.795354</vAcc></extensions></trkpt>
      <trkpt lon="-76.447203" lat="39.347689"><ele>22.546417</ele><time>2022-02-23T22:31:33Z</time><extensions><speed>1.528284</speed><course>353.517334</course><hAcc>1.731434</hAcc><vAcc>0.795639</vAcc></extensions></trkpt>
      <trkpt lon="-76.447205" lat="39.347702"><ele>22.539940</ele><time>2022-02-23T22:31:34Z</time><extensions><speed>1.587096</speed><course>351.318604</course><hAcc>1.723308</hAcc><vAcc>0.796115</vAcc></extensions></trkpt>
      <trkpt lon="-76.447208" lat="39.347717"><ele>22.543859</ele><time>2022-02-23T22:31:35Z</time><extensions><speed>1.616832</speed><course>351.368439</course><hAcc>1.710752</hAcc><vAcc>0.796696</vAcc></extensions></trkpt>
      <trkpt lon="-76.447210" lat="39.347731"><ele>22.552757</ele><time>2022-02-23T22:31:36Z</time><extensions><speed>1.592524</speed><course>351.975891</course><hAcc>1.700420</hAcc><vAcc>0.797316</vAcc></extensions></trkpt>
      <trkpt lon="-76.447212" lat="39.347745"><ele>22.575832</ele><time>2022-02-23T22:31:37Z</time><extensions><speed>1.509694</speed><course>354.514435</course><hAcc>1.693544</hAcc><vAcc>0.797969</vAcc></extensions></trkpt>
      <trkpt lon="-76.447214" lat="39.347758"><ele>22.591381</ele><time>2022-02-23T22:31:38Z</time><extensions><speed>1.389468</speed><course>355.824005</course><hAcc>1.698622</hAcc><vAcc>0.798666</vAcc></extensions></trkpt>
      <trkpt lon="-76.447215" lat="39.347770"><ele>22.635233</ele><time>2022-02-23T22:31:39Z</time><extensions><speed>1.288423</speed><course>355.643188</course><hAcc>1.719339</hAcc><vAcc>0.799402</vAcc></extensions></trkpt>
      <trkpt lon="-76.447216" lat="39.347782"><ele>22.679857</ele><time>2022-02-23T22:31:40Z</time><extensions><speed>1.445024</speed><course>356.054291</course><hAcc>1.685666</hAcc><vAcc>0.800168</vAcc></extensions></trkpt>
      <trkpt lon="-76.447218" lat="39.347796"><ele>22.752243</ele><time>2022-02-23T22:31:41Z</time><extensions><speed>1.542708</speed><course>352.272614</course><hAcc>1.661967</hAcc><vAcc>0.800943</vAcc></extensions></trkpt>
      <trkpt lon="-76.447221" lat="39.347810"><ele>22.806311</ele><time>2022-02-23T22:31:42Z</time><extensions><speed>1.639594</speed><course>350.069702</course><hAcc>1.654308</hAcc><vAcc>0.801779</vAcc></extensions></trkpt>
      <trkpt lon="-76.447225" lat="39.347825"><ele>22.863657</ele><time>2022-02-23T22:31:43Z</time><extensions><speed>1.678946</speed><course>346.760681</course><hAcc>1.659215</hAcc><vAcc>0.802665</vAcc></extensions></trkpt>
      <trkpt lon="-76.447229" lat="39.347839"><ele>22.916801</ele><time>2022-02-23T22:31:44Z</time><extensions><speed>1.503437</speed><course>343.767578</course><hAcc>1.675139</hAcc><vAcc>0.803546</vAcc></extensions></trkpt>
      <trkpt lon="-76.447234" lat="39.347851"><ele>22.968138</ele><time>2022-02-23T22:31:45Z</time><extensions><speed>1.465454</speed><course>344.254211</course><hAcc>1.630523</hAcc><vAcc>0.804391</vAcc></extensions></trkpt>
      <trkpt lon="-76.447238" lat="39.347864"><ele>23.021261</ele><time>2022-02-23T22:31:46Z</time><extensions><speed>1.501498</speed><course>345.209808</course><hAcc>1.592300</hAcc><vAcc>0.805186</vAcc></extensions></trkpt>
      <trkpt lon="-76.447243" lat="39.347877"><ele>23.066500</ele><time>2022-02-23T22:31:46Z</time><extensions><speed>1.525969</speed><course>345.384888</course><hAcc>1.589144</hAcc><vAcc>0.805915</vAcc></extensions></trkpt>
      <trkpt lon="-76.447247" lat="39.347891"><ele>23.110283</ele><time>2022-02-23T22:31:47Z</time><extensions><speed>1.523492</speed><course>344.104980</course><hAcc>1.595341</hAcc><vAcc>0.806575</vAcc></extensions></trkpt>
      <trkpt lon="-76.447252" lat="39.347904"><ele>23.153189</ele><time>2022-02-23T22:31:48Z</time><extensions><speed>1.474065</speed><course>343.242920</course><hAcc>1.568291</hAcc><vAcc>0.807180</vAcc></extensions></trkpt>
      <trkpt lon="-76.447257" lat="39.347916"><ele>23.223114</ele><time>2022-02-23T22:31:49Z</time><extensions><speed>1.412686</speed><course>341.261688</course><hAcc>1.568279</hAcc><vAcc>0.807678</vAcc></extensions></trkpt>
      <trkpt lon="-76.447263" lat="39.347928"><ele>23.275625</ele><time>2022-02-23T22:31:50Z</time><extensions><speed>1.399856</speed><course>341.192993</course><hAcc>1.570594</hAcc><vAcc>0.808142</vAcc></extensions></trkpt>
      <trkpt lon="-76.447268" lat="39.347940"><ele>23.327364</ele><time>2022-02-23T22:31:51Z</time><extensions><speed>1.386043</speed><course>340.400146</course><hAcc>1.617869</hAcc><vAcc>0.808505</vAcc></extensions></trkpt>
      <trkpt lon="-76.447273" lat="39.347952"><ele>23.370989</ele><time>2022-02-23T22:31:52Z</time><extensions><speed>1.290958</speed><course>337.680634</course><hAcc>1.587099</hAcc><vAcc>0.808857</vAcc></extensions></trkpt>
      <trkpt lon="-76.447278" lat="39.347962"><ele>23.436028</ele><time>2022-02-23T22:31:53Z</time><extensions><speed>1.158941</speed><course>340.834351</course><hAcc>1.575387</hAcc><vAcc>0.809152</vAcc></extensions></trkpt>
      <trkpt lon="-76.447282" lat="39.347971"><ele>23.481007</ele><time>2022-02-23T22:31:54Z</time><extensions><speed>1.078161</speed><course>343.948730</course><hAcc>1.592542</hAcc><vAcc>0.809465</vAcc></extensions></trkpt>
      <trkpt lon="-76.447286" lat="39.347981"><ele>23.492601</ele><time>2022-02-23T22:31:55Z</time><extensions><speed>1.168539</speed><course>346.099274</course><hAcc>1.605096</hAcc><vAcc>0.809783</vAcc></extensions></trkpt>
      <trkpt lon="-76.447289" lat="39.347992"><ele>23.483541</ele><time>2022-02-23T22:31:56Z</time><extensions><speed>1.319047</speed><course>347.644318</course><hAcc>1.612548</hAcc><vAcc>0.810057</vAcc></extensions></trkpt>
      <trkpt lon="-76.447292" lat="39.348004"><ele>23.498400</ele><time>2022-02-23T22:31:57Z</time><extensions><speed>1.406602</speed><course>349.299866</course><hAcc>1.634864</hAcc><vAcc>0.810328</vAcc></extensions></trkpt>
      <trkpt lon="-76.447295" lat="39.348017"><ele>23.526888</ele><time>2022-02-23T22:31:58Z</time><extensions><speed>1.413923</speed><course>351.091492</course><hAcc>1.683504</hAcc><vAcc>0.810683</vAcc></extensions></trkpt>
      <trkpt lon="-76.447298" lat="39.348030"><ele>23.555405</ele><time>2022-02-23T22:31:59Z</time><extensions><speed>1.552566</speed><course>349.065186</course><hAcc>1.638090</hAcc><vAcc>0.811045</vAcc></extensions></trkpt>
      <trkpt lon="-76.447302" lat="39.348044"><ele>23.584480</ele><time>2022-02-23T22:32:00Z</time><extensions><speed>1.593258</speed><course>345.249786</course><hAcc>1.629501</hAcc><vAcc>0.811413</vAcc></extensions></trkpt>
      <trkpt lon="-76.447307" lat="39.348058"><ele>23.612411</ele><time>2022-02-23T22:32:01Z</time><extensions><speed>1.611105</speed><course>346.074188</course><hAcc>1.633089</hAcc><vAcc>0.811725</vAcc></extensions></trkpt>
      <trkpt lon="-76.447311" lat="39.348072"><ele>23.627396</ele><time>2022-02-23T22:32:02Z</time><extensions><speed>1.490305</speed><course>347.981476</course><hAcc>1.650962</hAcc><vAcc>0.812009</vAcc></extensions></trkpt>
      <trkpt lon="-76.447315" lat="39.348085"><ele>23.636887</ele><time>2022-02-23T22:32:03Z</time><extensions><speed>1.403811</speed><course>347.262207</course><hAcc>1.649270</hAcc><vAcc>0.812268</vAcc></extensions></trkpt>
      <trkpt lon="-76.447318" lat="39.348096"><ele>23.632587</ele><time>2022-02-23T22:32:04Z</time><extensions><speed>1.294962</speed><course>346.703827</course><hAcc>1.649269</hAcc><vAcc>0.812477</vAcc></extensions></trkpt>
      <trkpt lon="-76.447322" lat="39.348108"><ele>23.630112</ele><time>2022-02-23T22:32:05Z</time><extensions><speed>1.255137</speed><course>345.299591</course><hAcc>1.641880</hAcc><vAcc>0.812674</vAcc></extensions></trkpt>
      <trkpt lon="-76.447325" lat="39.348119"><ele>23.632320</ele><time>2022-02-23T22:32:06Z</time><extensions><speed>1.380073</speed><course>345.402893</course><hAcc>1.612323</hAcc><vAcc>0.812858</vAcc></extensions></trkpt>
      <trkpt lon="-76.447330" lat="39.348133"><ele>23.648693</ele><time>2022-02-23T22:32:07Z</time><extensions><speed>1.609063</speed><course>345.672272</course><hAcc>1.585250</hAcc><vAcc>0.813085</vAcc></extensions></trkpt>
      <trkpt lon="-76.447334" lat="39.348146"><ele>23.676847</ele><time>2022-02-23T22:32:08Z</time><extensions><speed>1.540360</speed><course>346.722443</course><hAcc>1.592833</hAcc><vAcc>0.813310</vAcc></extensions></trkpt>
      <trkpt lon="-76.447338" lat="39.348160"><ele>23.704300</ele><time>2022-02-23T22:32:09Z</time><extensions><speed>1.470422</speed><course>346.806122</course><hAcc>1.606305</hAcc><vAcc>0.813490</vAcc></extensions></trkpt>
      <trkpt lon="-76.447343" lat="39.348173"><ele>23.712332</ele><time>2022-02-23T22:32:10Z</time><extensions><speed>1.576825</speed><course>343.572693</course><hAcc>1.553355</hAcc><vAcc>0.813625</vAcc></extensions></trkpt>
      <trkpt lon="-76.447349" lat="39.348187"><ele>23.724047</ele><time>2022-02-23T22:32:11Z</time><extensions><speed>1.687699</speed><course>339.917786</course><hAcc>1.505545</hAcc><vAcc>0.813822</vAcc></extensions></trkpt>
      <trkpt lon="-76.447356" lat="39.348200"><ele>23.730045</ele><time>2022-02-23T22:32:12Z</time><extensions><speed>1.589398</speed><course>333.142670</course><hAcc>1.522013</hAcc><vAcc>0.813944</vAcc></extensions></trkpt>
      <trkpt lon="-76.447364" lat="39.348213"><ele>23.772894</ele><time>2022-02-23T22:32:13Z</time><extensions><speed>1.492266</speed><course>334.113403</course><hAcc>1.534280</hAcc><vAcc>0.814016</vAcc></extensions></trkpt>
      <trkpt lon="-76.447372" lat="39.348226"><ele>23.835396</ele><time>2022-02-23T22:32:14Z</time><extensions><speed>1.583406</speed><course>336.119629</course><hAcc>1.505169</hAcc><vAcc>0.814022</vAcc></extensions></trkpt>
      <trkpt lon="-76.447379" lat="39.348239"><ele>23.879248</ele><time>2022-02-23T22:32:15Z</time><extensions><speed>1.507154</speed><course>338.506012</course><hAcc>1.543670</hAcc><vAcc>0.813914</vAcc></extensions></trkpt>
      <trkpt lon="-76.447385" lat="39.348252"><ele>23.916494</ele><time>2022-02-23T22:32:16Z</time><extensions><speed>1.596449</speed><course>340.456696</course><hAcc>1.533740</hAcc><vAcc>0.813754</vAcc></extensions></trkpt>
      <trkpt lon="-76.447391" lat="39.348265"><ele>23.955235</ele><time>2022-02-23T22:32:17Z</time><extensions><speed>1.418932</speed><course>341.700500</course><hAcc>1.578349</hAcc><vAcc>0.813531</vAcc></extensions></trkpt>
      <trkpt lon="-76.447396" lat="39.348276"><ele>23.996290</ele><time>2022-02-23T22:32:18Z</time><extensions><speed>1.227816</speed><course>338.228394</course><hAcc>1.549407</hAcc><vAcc>0.813259</vAcc></extensions></trkpt>
      <trkpt lon="-76.447402" lat="39.348286"><ele>24.033171</ele><time>2022-02-23T22:32:19Z</time><extensions><speed>1.098969</speed><course>336.167969</course><hAcc>1.559446</hAcc><vAcc>0.812932</vAcc></extensions></trkpt>
      <trkpt lon="-76.447407" lat="39.348295"><ele>24.090120</ele><time>2022-02-23T22:32:20Z</time><extensions><speed>1.157342</speed><course>332.790710</course><hAcc>1.603619</hAcc><vAcc>0.812609</vAcc></extensions></trkpt>
      <trkpt lon="-76.447414" lat="39.348304"><ele>24.144403</ele><time>2022-02-23T22:32:21Z</time><extensions><speed>1.199085</speed><course>328.176025</course><hAcc>1.646809</hAcc><vAcc>0.812288</vAcc></extensions></trkpt>
      <trkpt lon="-76.447423" lat="39.348315"><ele>24.189211</ele><time>2022-02-23T22:32:22Z</time><extensions><speed>1.497124</speed><course>325.373077</course><hAcc>1.634158</hAcc><vAcc>0.811955</vAcc></extensions></trkpt>
      <trkpt lon="-76.447433" lat="39.348326"><ele>24.230312</ele><time>2022-02-23T22:32:23Z</time><extensions><speed>1.656120</speed><course>326.157104</course><hAcc>1.632721</hAcc><vAcc>0.811688</vAcc></extensions></trkpt>
      <trkpt lon="-76.447444" lat="39.348339"><ele>24.278893</ele><time>2022-02-23T22:32:24Z</time><extensions><speed>1.730053</speed><course>327.833191</course><hAcc>1.629664</hAcc><vAcc>0.811474</vAcc></extensions></trkpt>
      <trkpt lon="-76.447455" lat="39.348353"><ele>24.312407</ele><time>2022-02-23T22:32:25Z</time><extensions><speed>1.872500</speed><course>327.291840</course><hAcc>1.610720</hAcc><vAcc>0.811332</vAcc></extensions></trkpt>
      <trkpt lon="-76.447467" lat="39.348367"><ele>24.355139</ele><time>2022-02-23T22:32:26Z</time><extensions><speed>1.766626</speed><course>326.597290</course><hAcc>1.606125</hAcc><vAcc>0.811271</vAcc></extensions></trkpt>
      <trkpt lon="-76.447479" lat="39.348381"><ele>24.392788</ele><time>2022-02-23T22:32:27Z</time><extensions><speed>1.856212</speed><course>325.633972</course><hAcc>1.561375</hAcc><vAcc>0.811277</vAcc></extensions></trkpt>
      <trkpt lon="-76.447491" lat="39.348394"><ele>24.431540</ele><time>2022-02-23T22:32:28Z</time><extensions><speed>1.746384</speed><course>325.929138</course><hAcc>1.549712</hAcc><vAcc>0.811326</vAcc></extensions></trkpt>
      <trkpt lon="-76.447503" lat="39.348407"><ele>24.483158</ele><time>2022-02-23T22:32:29Z</time><extensions><speed>1.816768</speed><course>324.931824</course><hAcc>1.540190</hAcc><vAcc>0.811410</vAcc></extensions></trkpt>
      <trkpt lon="-76.447514" lat="39.348420"><ele>24.527533</ele><time>2022-02-23T22:32:30Z</time><extensions><speed>1.681358</speed><course>324.980011</course><hAcc>1.521788</hAcc><vAcc>0.811523</vAcc></extensions></trkpt>
      <trkpt lon="-76.447525" lat="39.348432"><ele>24.624422</ele><time>2022-02-23T22:32:31Z</time><extensions><speed>1.504548</speed><course>324.123444</course><hAcc>1.536054</hAcc><vAcc>0.811631</vAcc></extensions></trkpt>
      <trkpt lon="-76.447537" lat="39.348444"><ele>24.700472</ele><time>2022-02-23T22:32:32Z</time><extensions><speed>1.731735</speed><course>321.835876</course><hAcc>1.483599</hAcc><vAcc>0.811721</vAcc></extensions></trkpt>
      <trkpt lon="-76.447549" lat="39.348455"><ele>24.753929</ele><time>2022-02-23T22:32:33Z</time><extensions><speed>1.600553</speed><course>317.702515</course><hAcc>1.499624</hAcc><vAcc>0.811767</vAcc></extensions></trkpt>
      <trkpt lon="-76.447562" lat="39.348466"><ele>24.787199</ele><time>2022-02-23T22:32:34Z</time><extensions><speed>1.601176</speed><course>315.428772</course><hAcc>1.508102</hAcc><vAcc>0.811738</vAcc></extensions></trkpt>
      <trkpt lon="-76.447575" lat="39.348476"><ele>24.804134</ele><time>2022-02-23T22:32:35Z</time><extensions><speed>1.640962</speed><course>314.708923</course><hAcc>1.493365</hAcc><vAcc>0.811609</vAcc></extensions></trkpt>
      <trkpt lon="-76.447589" lat="39.348486"><ele>24.822081</ele><time>2022-02-23T22:32:36Z</time><extensions><speed>1.562877</speed><course>314.054657</course><hAcc>1.521424</hAcc><vAcc>0.811371</vAcc></extensions></trkpt>
      <trkpt lon="-76.447603" lat="39.348496"><ele>24.841002</ele><time>2022-02-23T22:32:37Z</time><extensions><speed>1.636466</speed><course>309.295441</course><hAcc>1.498365</hAcc><vAcc>0.810985</vAcc></extensions></trkpt>
      <trkpt lon="-76.447618" lat="39.348505"><ele>24.856014</ele><time>2022-02-23T22:32:38Z</time><extensions><speed>1.597511</speed><course>305.800232</course><hAcc>1.510560</hAcc><vAcc>0.810431</vAcc></extensions></trkpt>
      <trkpt lon="-76.447633" lat="39.348513"><ele>24.862524</ele><time>2022-02-23T22:32:39Z</time><extensions><speed>1.606670</speed><course>303.010132</course><hAcc>1.521392</hAcc><vAcc>0.809717</vAcc></extensions></trkpt>
      <trkpt lon="-76.447649" lat="39.348521"><ele>24.858767</ele><time>2022-02-23T22:32:40Z</time><extensions><speed>1.539064</speed><course>302.687866</course><hAcc>1.567663</hAcc><vAcc>0.808868</vAcc></extensions></trkpt>
      <trkpt lon="-76.447664" lat="39.348529"><ele>24.846643</ele><time>2022-02-23T22:32:41Z</time><extensions><speed>1.632398</speed><course>306.984436</course><hAcc>1.539134</hAcc><vAcc>0.807929</vAcc></extensions></trkpt>
      <trkpt lon="-76.447679" lat="39.348538"><ele>24.829926</ele><time>2022-02-23T22:32:42Z</time><extensions><speed>1.634193</speed><course>309.184448</course><hAcc>1.547335</hAcc><vAcc>0.806890</vAcc></extensions></trkpt>
      <trkpt lon="-76.447693" lat="39.348548"><ele>24.802443</ele><time>2022-02-23T22:32:44Z</time><extensions><speed>1.642383</speed><course>308.677948</course><hAcc>1.570918</hAcc><vAcc>0.805752</vAcc></extensions></trkpt>
      <trkpt lon="-76.447708" lat="39.348557"><ele>24.797274</ele><time>2022-02-23T22:32:45Z</time><extensions><speed>1.621036</speed><course>307.726898</course><hAcc>1.591654</hAcc><vAcc>0.804578</vAcc></extensions></trkpt>
      <trkpt lon="-76.447724" lat="39.348566"><ele>24.790920</ele><time>2022-02-23T22:32:46Z</time><extensions><speed>1.619848</speed><course>304.580627</course><hAcc>1.591482</hAcc><vAcc>0.803415</vAcc></extensions></trkpt>
      <trkpt lon="-76.447740" lat="39.348574"><ele>24.755945</ele><time>2022-02-23T22:32:47Z</time><extensions><speed>1.715630</speed><course>300.105469</course><hAcc>1.583495</hAcc><vAcc>0.802255</vAcc></extensions></trkpt>
      <trkpt lon="-76.447757" lat="39.348581"><ele>24.718355</ele><time>2022-02-23T22:32:48Z</time><extensions><speed>1.657057</speed><course>296.393494</course><hAcc>1.619484</hAcc><vAcc>0.801142</vAcc></extensions></trkpt>
      <trkpt lon="-76.447775" lat="39.348587"><ele>24.703808</ele><time>2022-02-23T22:32:49Z</time><extensions><speed>1.612070</speed><course>292.008240</course><hAcc>1.646416</hAcc><vAcc>0.800100</vAcc></extensions></trkpt>
      <trkpt lon="-76.447793" lat="39.348592"><ele>24.650467</ele><time>2022-02-23T22:32:50Z</time><extensions><speed>1.648318</speed><course>284.921997</course><hAcc>1.632603</hAcc><vAcc>0.799136</vAcc></extensions></trkpt>
      <trkpt lon="-76.447812" lat="39.348595"><ele>24.611042</ele><time>2022-02-23T22:32:51Z</time><extensions><speed>1.679642</speed><course>281.892975</course><hAcc>1.644584</hAcc><vAcc>0.798246</vAcc></extensions></trkpt>
      <trkpt lon="-76.447830" lat="39.348598"><ele>24.580723</ele><time>2022-02-23T22:32:52Z</time><extensions><speed>1.579978</speed><course>279.786346</course><hAcc>1.691882</hAcc><vAcc>0.797451</vAcc></extensions></trkpt>
      <trkpt lon="-76.447848" lat="39.348601"><ele>24.594749</ele><time>2022-02-23T22:32:53Z</time><extensions><speed>1.622985</speed><course>283.965576</course><hAcc>1.670109</hAcc><vAcc>0.796734</vAcc></extensions></trkpt>
      <trkpt lon="-76.447867" lat="39.348605"><ele>24.600300</ele><time>2022-02-23T22:32:54Z</time><extensions><speed>1.689645</speed><course>287.035156</course><hAcc>1.650527</hAcc><vAcc>0.796087</vAcc></extensions></trkpt>
      <trkpt lon="-76.447886" lat="39.348610"><ele>24.611025</ele><time>2022-02-23T22:32:55Z</time><extensions><speed>1.727626</speed><course>288.754517</course><hAcc>1.670501</hAcc><vAcc>0.795506</vAcc></extensions></trkpt>
      <trkpt lon="-76.447905" lat="39.348614"><ele>24.626671</ele><time>2022-02-23T22:32:56Z</time><extensions><speed>1.656292</speed><course>287.019745</course><hAcc>1.703441</hAcc><vAcc>0.794994</vAcc></extensions></trkpt>
      <trkpt lon="-76.447923" lat="39.348618"><ele>24.660671</ele><time>2022-02-23T22:32:57Z</time><extensions><speed>1.694865</speed><course>285.757507</course><hAcc>1.683872</hAcc><vAcc>0.794543</vAcc></extensions></trkpt>
      <trkpt lon="-76.447943" lat="39.348622"><ele>24.690638</ele><time>2022-02-23T22:32:58Z</time><extensions><speed>1.680480</speed><course>282.155304</course><hAcc>1.670316</hAcc><vAcc>0.794150</vAcc></extensions></trkpt>
      <trkpt lon="-76.447962" lat="39.348624"><ele>24.748447</ele><time>2022-02-23T22:32:59Z</time><extensions><speed>1.671618</speed><course>275.018494</course><hAcc>1.672878</hAcc><vAcc>0.793795</vAcc></extensions></trkpt>
      <trkpt lon="-76.447981" lat="39.348624"><ele>24.817177</ele><time>2022-02-23T22:33:00Z</time><extensions><speed>1.542438</speed><course>268.031921</course><hAcc>1.703988</hAcc><vAcc>0.793517</vAcc></extensions></trkpt>
      <trkpt lon="-76.447999" lat="39.348623"><ele>24.861494</ele><time>2022-02-23T22:33:01Z</time><extensions><speed>1.614354</speed><course>263.459534</course><hAcc>1.673911</hAcc><vAcc>0.793313</vAcc></extensions></trkpt>
      <trkpt lon="-76.448018" lat="39.348621"><ele>24.914232</ele><time>2022-02-23T22:33:02Z</time><extensions><speed>1.623681</speed><course>260.613556</course><hAcc>1.644372</hAcc><vAcc>0.793206</vAcc></extensions></trkpt>
      <trkpt lon="-76.448037" lat="39.348618"><ele>24.960901</ele><time>2022-02-23T22:33:03Z</time><extensions><speed>1.651440</speed><course>256.532196</course><hAcc>1.609299</hAcc><vAcc>0.793225</vAcc></extensions></trkpt>
      <trkpt lon="-76.448056" lat="39.348614"><ele>25.023640</ele><time>2022-02-23T22:33:04Z</time><extensions><speed>1.752191</speed><course>252.489044</course><hAcc>1.578674</hAcc><vAcc>0.793391</vAcc></extensions></trkpt>
      <trkpt lon="-76.448075" lat="39.348609"><ele>25.095345</ele><time>2022-02-23T22:33:05Z</time><extensions><speed>1.722532</speed><course>250.118820</course><hAcc>1.574952</hAcc><vAcc>0.793728</vAcc></extensions></trkpt>
      <trkpt lon="-76.448093" lat="39.348603"><ele>25.144991</ele><time>2022-02-23T22:33:06Z</time><extensions><speed>1.647016</speed><course>248.839432</course><hAcc>1.589914</hAcc><vAcc>0.794232</vAcc></extensions></trkpt>
      <trkpt lon="-76.448112" lat="39.348597"><ele>25.205906</ele><time>2022-02-23T22:33:07Z</time><extensions><speed>1.712372</speed><course>245.605316</course><hAcc>1.558071</hAcc><vAcc>0.794893</vAcc></extensions></trkpt>
      <trkpt lon="-76.448129" lat="39.348591"><ele>25.243423</ele><time>2022-02-23T22:33:08Z</time><extensions><speed>1.610095</speed><course>247.350021</course><hAcc>1.568362</hAcc><vAcc>0.795710</vAcc></extensions></trkpt>
      <trkpt lon="-76.448147" lat="39.348585"><ele>25.303038</ele><time>2022-02-23T22:33:09Z</time><extensions><speed>1.616090</speed><course>248.079895</course><hAcc>1.562930</hAcc><vAcc>0.796628</vAcc></extensions></trkpt>
      <trkpt lon="-76.448165" lat="39.348579"><ele>25.357378</ele><time>2022-02-23T22:33:10Z</time><extensions><speed>1.724258</speed><course>247.345840</course><hAcc>1.529627</hAcc><vAcc>0.797666</vAcc></extensions></trkpt>
      <trkpt lon="-76.448184" lat="39.348573"><ele>25.382528</ele><time>2022-02-23T22:33:11Z</time><extensions><speed>1.786062</speed><course>246.956909</course><hAcc>1.514781</hAcc><vAcc>0.798740</vAcc></extensions></trkpt>
      <trkpt lon="-76.448203" lat="39.348566"><ele>25.401779</ele><time>2022-02-23T22:33:12Z</time><extensions><speed>1.864301</speed><course>245.396164</course><hAcc>1.504914</hAcc><vAcc>0.799894</vAcc></extensions></trkpt>
      <trkpt lon="-76.448222" lat="39.348559"><ele>25.419737</ele><time>2022-02-23T22:33:13Z</time><extensions><speed>1.762000</speed><course>242.851959</course><hAcc>1.529359</hAcc><vAcc>0.801076</vAcc></extensions></trkpt>
      <trkpt lon="-76.448239" lat="39.348551"><ele>25.438293</ele><time>2022-02-23T22:33:14Z</time><extensions><speed>1.661561</speed><course>239.071060</course><hAcc>1.554497</hAcc><vAcc>0.802249</vAcc></extensions></trkpt>
      <trkpt lon="-76.448256" lat="39.348542"><ele>25.462954</ele><time>2022-02-23T22:33:15Z</time><extensions><speed>1.694536</speed><course>232.544479</course><hAcc>1.531477</hAcc><vAcc>0.803393</vAcc></extensions></trkpt>
      <trkpt lon="-76.448271" lat="39.348533"><ele>25.485306</ele><time>2022-02-23T22:33:16Z</time><extensions><speed>1.675728</speed><course>230.244553</course><hAcc>1.531756</hAcc><vAcc>0.804462</vAcc></extensions></trkpt>
      <trkpt lon="-76.448286" lat="39.348522"><ele>25.500080</ele><time>2022-02-23T22:33:17Z</time><extensions><speed>1.791313</speed><course>226.163330</course><hAcc>1.509077</hAcc><vAcc>0.805460</vAcc></extensions></trkpt>
      <trkpt lon="-76.448301" lat="39.348511"><ele>25.502079</ele><time>2022-02-23T22:33:18Z</time><extensions><speed>1.676135</speed><course>224.252594</course><hAcc>1.536879</hAcc><vAcc>0.806334</vAcc></extensions></trkpt>
      <trkpt lon="-76.448315" lat="39.348500"><ele>25.513258</ele><time>2022-02-23T22:33:19Z</time><extensions><speed>1.828539</speed><course>223.411026</course><hAcc>1.506905</hAcc><vAcc>0.807106</vAcc></extensions></trkpt>
      <trkpt lon="-76.448330" lat="39.348488"><ele>25.524921</ele><time>2022-02-23T22:33:20Z</time><extensions><speed>1.771464</speed><course>226.535095</course><hAcc>1.514961</hAcc><vAcc>0.807834</vAcc></extensions></trkpt>
      <trkpt lon="-76.448345" lat="39.348476"><ele>25.537941</ele><time>2022-02-23T22:33:21Z</time><extensions><speed>1.870103</speed><course>226.663376</course><hAcc>1.498162</hAcc><vAcc>0.808497</vAcc></extensions></trkpt>
      <trkpt lon="-76.448361" lat="39.348465"><ele>25.512028</ele><time>2022-02-23T22:33:22Z</time><extensions><speed>1.789552</speed><course>227.341034</course><hAcc>1.510677</hAcc><vAcc>0.809089</vAcc></extensions></trkpt>
      <trkpt lon="-76.448376" lat="39.348454"><ele>25.480036</ele><time>2022-02-23T22:33:23Z</time><extensions><speed>1.762705</speed><course>226.838669</course><hAcc>1.514252</hAcc><vAcc>0.809650</vAcc></extensions></trkpt>
      <trkpt lon="-76.448391" lat="39.348443"><ele>25.456034</ele><time>2022-02-23T22:33:24Z</time><extensions><speed>1.757746</speed><course>229.286774</course><hAcc>1.498813</hAcc><vAcc>0.810231</vAcc></extensions></trkpt>
      <trkpt lon="-76.448407" lat="39.348433"><ele>25.423893</ele><time>2022-02-23T22:33:25Z</time><extensions><speed>1.644641</speed><course>232.551834</course><hAcc>1.502683</hAcc><vAcc>0.810768</vAcc></extensions></trkpt>
      <trkpt lon="-76.448423" lat="39.348424"><ele>25.372780</ele><time>2022-02-23T22:33:26Z</time><extensions><speed>1.735390</speed><course>232.445404</course><hAcc>1.453783</hAcc><vAcc>0.811294</vAcc></extensions></trkpt>
      <trkpt lon="-76.448439" lat="39.348414"><ele>25.317654</ele><time>2022-02-23T22:33:27Z</time><extensions><speed>1.663965</speed><course>232.340897</course><hAcc>1.454987</hAcc><vAcc>0.811825</vAcc></extensions></trkpt>
      <trkpt lon="-76.448455" lat="39.348404"><ele>25.293812</ele><time>2022-02-23T22:33:28Z</time><extensions><speed>1.735143</speed><course>229.892868</course><hAcc>1.411844</hAcc><vAcc>0.812371</vAcc></extensions></trkpt>
      <trkpt lon="-76.448470" lat="39.348394"><ele>25.250546</ele><time>2022-02-23T22:33:29Z</time><extensions><speed>1.593416</speed><course>229.300018</course><hAcc>1.436098</hAcc><vAcc>0.812919</vAcc></extensions></trkpt>
      <trkpt lon="-76.448483" lat="39.348385"><ele>25.207369</ele><time>2022-02-23T22:33:30Z</time><extensions><speed>1.576813</speed><course>226.974487</course><hAcc>1.430511</hAcc><vAcc>0.813474</vAcc></extensions></trkpt>
      <trkpt lon="-76.448496" lat="39.348373"><ele>25.161663</ele><time>2022-02-23T22:33:31Z</time><extensions><speed>1.687480</speed><course>218.878983</course><hAcc>1.386669</hAcc><vAcc>0.814029</vAcc></extensions></trkpt>
      <trkpt lon="-76.448508" lat="39.348361"><ele>25.154737</ele><time>2022-02-23T22:33:32Z</time><extensions><speed>1.649132</speed><course>214.244293</course><hAcc>1.389737</hAcc><vAcc>0.814549</vAcc></extensions></trkpt>
      <trkpt lon="-76.448519" lat="39.348349"><ele>25.142706</ele><time>2022-02-23T22:33:33Z</time><extensions><speed>1.599248</speed><course>219.529694</course><hAcc>1.395572</hAcc><vAcc>0.815023</vAcc></extensions></trkpt>
      <trkpt lon="-76.448531" lat="39.348338"><ele>25.130804</ele><time>2022-02-23T22:33:34Z</time><extensions><speed>1.626349</speed><course>220.513977</course><hAcc>1.387146</hAcc><vAcc>0.815461</vAcc></extensions></trkpt>
      <trkpt lon="-76.448545" lat="39.348327"><ele>25.115376</ele><time>2022-02-23T22:33:35Z</time><extensions><speed>1.715327</speed><course>226.304504</course><hAcc>1.361851</hAcc><vAcc>0.815828</vAcc></extensions></trkpt>
      <trkpt lon="-76.448559" lat="39.348316"><ele>25.104631</ele><time>2022-02-23T22:33:36Z</time><extensions><speed>1.640044</speed><course>228.783554</course><hAcc>1.381652</hAcc><vAcc>0.816171</vAcc></extensions></trkpt>
      <trkpt lon="-76.448573" lat="39.348306"><ele>25.110716</ele><time>2022-02-23T22:33:37Z</time><extensions><speed>1.693754</speed><course>227.952866</course><hAcc>1.369964</hAcc><vAcc>0.816498</vAcc></extensions></trkpt>
      <trkpt lon="-76.448588" lat="39.348296"><ele>25.131231</ele><time>2022-02-23T22:33:38Z</time><extensions><speed>1.554962</speed><course>233.118790</course><hAcc>1.396176</hAcc><vAcc>0.816834</vAcc></extensions></trkpt>
      <trkpt lon="-76.448602" lat="39.348287"><ele>25.147261</ele><time>2022-02-23T22:33:39Z</time><extensions><speed>1.659476</speed><course>229.252686</course><hAcc>1.377798</hAcc><vAcc>0.817095</vAcc></extensions></trkpt>
      <trkpt lon="-76.448616" lat="39.348278"><ele>25.181984</ele><time>2022-02-23T22:33:40Z</time><extensions><speed>1.620613</speed><course>229.381531</course><hAcc>1.386588</hAcc><vAcc>0.817247</vAcc></extensions></trkpt>
      <trkpt lon="-76.448629" lat="39.348268"><ele>25.258640</ele><time>2022-02-23T22:33:41Z</time><extensions><speed>1.572209</speed><course>223.199432</course><hAcc>1.399113</hAcc><vAcc>0.817294</vAcc></extensions></trkpt>
      <trkpt lon="-76.448641" lat="39.348257"><ele>25.337978</ele><time>2022-02-23T22:33:42Z</time><extensions><speed>1.558882</speed><course>218.092972</course><hAcc>1.379789</hAcc><vAcc>0.817295</vAcc></extensions></trkpt>
      <trkpt lon="-76.448652" lat="39.348246"><ele>25.367321</ele><time>2022-02-23T22:33:43Z</time><extensions><speed>1.552334</speed><course>219.085358</course><hAcc>1.417717</hAcc><vAcc>0.817277</vAcc></extensions></trkpt>
      <trkpt lon="-76.448663" lat="39.348235"><ele>25.418215</ele><time>2022-02-23T22:33:44Z</time><extensions><speed>1.575367</speed><course>214.614792</course><hAcc>1.435827</hAcc><vAcc>0.817208</vAcc></extensions></trkpt>
      <trkpt lon="-76.448673" lat="39.348223"><ele>25.463978</ele><time>2022-02-23T22:33:45Z</time><extensions><speed>1.537527</speed><course>211.685928</course><hAcc>1.466197</hAcc><vAcc>0.817061</vAcc></extensions></trkpt>
      <trkpt lon="-76.448682" lat="39.348211"><ele>25.471598</ele><time>2022-02-23T22:33:46Z</time><extensions><speed>1.498957</speed><course>211.949310</course><hAcc>1.487043</hAcc><vAcc>0.816761</vAcc></extensions></trkpt>
      <trkpt lon="-76.448691" lat="39.348200"><ele>25.492569</ele><time>2022-02-23T22:33:47Z</time><extensions><speed>1.401177</speed><course>207.200546</course><hAcc>1.481249</hAcc><vAcc>0.816368</vAcc></extensions></trkpt>
      <trkpt lon="-76.448697" lat="39.348189"><ele>25.560610</ele><time>2022-02-23T22:33:48Z</time><extensions><speed>1.162585</speed><course>205.600128</course><hAcc>1.518458</hAcc><vAcc>0.815921</vAcc></extensions></trkpt>
      <trkpt lon="-76.448702" lat="39.348181"><ele>25.622967</ele><time>2022-02-23T22:33:48Z</time><extensions><speed>0.844546</speed><course>198.170883</course><hAcc>1.566590</hAcc><vAcc>0.815457</vAcc></extensions></trkpt>
      <trkpt lon="-76.448704" lat="39.348174"><ele>25.685104</ele><time>2022-02-23T22:33:49Z</time><extensions><speed>0.720235</speed><course>190.202377</course><hAcc>1.596822</hAcc><vAcc>0.814926</vAcc></extensions></trkpt>
      <trkpt lon="-76.448706" lat="39.348166"><ele>25.724377</ele><time>2022-02-23T22:33:50Z</time><extensions><speed>1.061312</speed><course>191.346344</course><hAcc>1.618047</hAcc><vAcc>0.814405</vAcc></extensions></trkpt>
      <trkpt lon="-76.448709" lat="39.348156"><ele>25.757095</ele><time>2022-02-23T22:33:51Z</time><extensions><speed>1.301463</speed><course>195.645203</course><hAcc>1.649574</hAcc><vAcc>0.813916</vAcc></extensions></trkpt>
      <trkpt lon="-76.448714" lat="39.348144"><ele>25.785299</ele><time>2022-02-23T22:33:52Z</time><extensions><speed>1.460029</speed><course>200.145065</course><hAcc>1.690101</hAcc><vAcc>0.813495</vAcc></extensions></trkpt>
      <trkpt lon="-76.448720" lat="39.348131"><ele>25.812702</ele><time>2022-02-23T22:33:53Z</time><extensions><speed>1.621566</speed><course>196.913910</course><hAcc>1.657683</hAcc><vAcc>0.813140</vAcc></extensions></trkpt>
      <trkpt lon="-76.448725" lat="39.348117"><ele>25.804459</ele><time>2022-02-23T22:33:54Z</time><extensions><speed>1.584996</speed><course>194.529312</course><hAcc>1.630072</hAcc><vAcc>0.812893</vAcc></extensions></trkpt>
      <trkpt lon="-76.448730" lat="39.348104"><ele>25.778719</ele><time>2022-02-23T22:33:55Z</time><extensions><speed>1.527240</speed><course>193.906525</course><hAcc>1.620375</hAcc><vAcc>0.812729</vAcc></extensions></trkpt>
      <trkpt lon="-76.448734" lat="39.348090"><ele>25.790403</ele><time>2022-02-23T22:33:56Z</time><extensions><speed>1.574326</speed><course>196.289810</course><hAcc>1.624674</hAcc><vAcc>0.812633</vAcc></extensions></trkpt>
      <trkpt lon="-76.448740" lat="39.348076"><ele>25.827730</ele><time>2022-02-23T22:33:57Z</time><extensions><speed>1.608538</speed><course>199.180038</course><hAcc>1.633966</hAcc><vAcc>0.812596</vAcc></extensions></trkpt>
      <trkpt lon="-76.448747" lat="39.348063"><ele>25.817501</ele><time>2022-02-23T22:33:58Z</time><extensions><speed>1.558963</speed><course>205.909164</course><hAcc>1.643689</hAcc><vAcc>0.812570</vAcc></extensions></trkpt>
      <trkpt lon="-76.448756" lat="39.348051"><ele>25.807365</ele><time>2022-02-23T22:33:59Z</time><extensions><speed>1.610429</speed><course>215.244614</course><hAcc>1.615211</hAcc><vAcc>0.812527</vAcc></extensions></trkpt>
      <trkpt lon="-76.448769" lat="39.348040"><ele>25.795671</ele><time>2022-02-23T22:34:00Z</time><extensions><speed>1.671591</speed><course>223.309479</course><hAcc>1.601744</hAcc><vAcc>0.812414</vAcc></extensions></trkpt>
      <trkpt lon="-76.448783" lat="39.348029"><ele>25.791523</ele><time>2022-02-23T22:34:01Z</time><extensions><speed>1.691585</speed><course>229.525284</course><hAcc>1.601029</hAcc><vAcc>0.812203</vAcc></extensions></trkpt>
      <trkpt lon="-76.448798" lat="39.348019"><ele>25.790970</ele><time>2022-02-23T22:34:02Z</time><extensions><speed>1.731222</speed><course>229.042740</course><hAcc>1.562238</hAcc><vAcc>0.811906</vAcc></extensions></trkpt>
      <trkpt lon="-76.448813" lat="39.348009"><ele>25.776424</ele><time>2022-02-23T22:34:03Z</time><extensions><speed>1.682580</speed><course>232.134338</course><hAcc>1.518669</hAcc><vAcc>0.811539</vAcc></extensions></trkpt>
      <trkpt lon="-76.448829" lat="39.348000"><ele>25.766859</ele><time>2022-02-23T22:34:04Z</time><extensions><speed>1.636628</speed><course>234.601517</course><hAcc>1.504619</hAcc><vAcc>0.811105</vAcc></extensions></trkpt>
      <trkpt lon="-76.448844" lat="39.347992"><ele>25.758474</ele><time>2022-02-23T22:34:05Z</time><extensions><speed>1.517671</speed><course>235.933136</course><hAcc>1.522818</hAcc><vAcc>0.810616</vAcc></extensions></trkpt>
      <trkpt lon="-76.448858" lat="39.347984"><ele>25.741110</ele><time>2022-02-23T22:34:06Z</time><extensions><speed>1.503624</speed><course>232.958832</course><hAcc>1.511435</hAcc><vAcc>0.810086</vAcc></extensions></trkpt>
      <trkpt lon="-76.448872" lat="39.347976"><ele>25.721535</ele><time>2022-02-23T22:34:07Z</time><extensions><speed>1.482505</speed><course>235.123901</course><hAcc>1.507163</hAcc><vAcc>0.809525</vAcc></extensions></trkpt>
      <trkpt lon="-76.448887" lat="39.347969"><ele>25.702854</ele><time>2022-02-23T22:34:08Z</time><extensions><speed>1.573491</speed><course>238.328583</course><hAcc>1.508861</hAcc><vAcc>0.808912</vAcc></extensions></trkpt>
      <trkpt lon="-76.448902" lat="39.347961"><ele>25.687044</ele><time>2022-02-23T22:34:09Z</time><extensions><speed>1.599790</speed><course>236.216553</course><hAcc>1.506445</hAcc><vAcc>0.808306</vAcc></extensions></trkpt>
      <trkpt lon="-76.448918" lat="39.347953"><ele>25.645687</ele><time>2022-02-23T22:34:10Z</time><extensions><speed>1.650059</speed><course>236.548462</course><hAcc>1.480128</hAcc><vAcc>0.807718</vAcc></extensions></trkpt>
      <trkpt lon="-76.448934" lat="39.347944"><ele>25.598953</ele><time>2022-02-23T22:34:11Z</time><extensions><speed>1.629644</speed><course>236.449265</course><hAcc>1.492259</hAcc><vAcc>0.807168</vAcc></extensions></trkpt>
      <trkpt lon="-76.448949" lat="39.347936"><ele>25.568090</ele><time>2022-02-23T22:34:12Z</time><extensions><speed>1.617608</speed><course>238.251297</course><hAcc>1.501626</hAcc><vAcc>0.806667</vAcc></extensions></trkpt>
      <trkpt lon="-76.448965" lat="39.347929"><ele>25.534300</ele><time>2022-02-23T22:34:13Z</time><extensions><speed>1.625151</speed><course>239.064255</course><hAcc>1.537421</hAcc><vAcc>0.806272</vAcc></extensions></trkpt>
      <trkpt lon="-76.448981" lat="39.347921"><ele>25.509579</ele><time>2022-02-23T22:34:14Z</time><extensions><speed>1.590552</speed><course>234.915710</course><hAcc>1.520062</hAcc><vAcc>0.805975</vAcc></extensions></trkpt>
      <trkpt lon="-76.448995" lat="39.347912"><ele>25.489901</ele><time>2022-02-23T22:34:15Z</time><extensions><speed>1.552690</speed><course>231.617462</course><hAcc>1.487733</hAcc><vAcc>0.805795</vAcc></extensions></trkpt>
      <trkpt lon="-76.449010" lat="39.347904"><ele>25.453455</ele><time>2022-02-23T22:34:16Z</time><extensions><speed>1.538834</speed><course>233.670990</course><hAcc>1.497417</hAcc><vAcc>0.805680</vAcc></extensions></trkpt>
      <trkpt lon="-76.449024" lat="39.347895"><ele>25.444187</ele><time>2022-02-23T22:34:17Z</time><extensions><speed>1.538452</speed><course>230.974289</course><hAcc>1.490359</hAcc><vAcc>0.805633</vAcc></extensions></trkpt>
      <trkpt lon="-76.449037" lat="39.347886"><ele>25.412123</ele><time>2022-02-23T22:34:18Z</time><extensions><speed>1.557189</speed><course>225.113617</course><hAcc>1.443586</hAcc><vAcc>0.805677</vAcc></extensions></trkpt>
      <trkpt lon="-76.449049" lat="39.347876"><ele>25.368309</ele><time>2022-02-23T22:34:19Z</time><extensions><speed>1.552742</speed><course>221.849930</course><hAcc>1.464468</hAcc><vAcc>0.805833</vAcc></extensions></trkpt>
      <trkpt lon="-76.449061" lat="39.347866"><ele>25.311377</ele><time>2022-02-23T22:34:20Z</time><extensions><speed>1.524290</speed><course>226.479233</course><hAcc>1.469949</hAcc><vAcc>0.806058</vAcc></extensions></trkpt>
      <trkpt lon="-76.449074" lat="39.347856"><ele>25.263973</ele><time>2022-02-23T22:34:21Z</time><extensions><speed>1.505571</speed><course>224.231445</course><hAcc>1.461021</hAcc><vAcc>0.806395</vAcc></extensions></trkpt>
      <trkpt lon="-76.449086" lat="39.347846"><ele>25.225019</ele><time>2022-02-23T22:34:22Z</time><extensions><speed>1.525287</speed><course>219.864731</course><hAcc>1.448045</hAcc><vAcc>0.806798</vAcc></extensions></trkpt>
      <trkpt lon="-76.449097" lat="39.347835"><ele>25.179869</ele><time>2022-02-23T22:34:23Z</time><extensions><speed>1.526746</speed><course>217.542847</course><hAcc>1.511046</hAcc><vAcc>0.807307</vAcc></extensions></trkpt>
      <trkpt lon="-76.449107" lat="39.347824"><ele>25.144037</ele><time>2022-02-23T22:34:24Z</time><extensions><speed>1.508889</speed><course>215.275879</course><hAcc>1.526753</hAcc><vAcc>0.807897</vAcc></extensions></trkpt>
      <trkpt lon="-76.449116" lat="39.347813"><ele>25.121305</ele><time>2022-02-23T22:34:25Z</time><extensions><speed>1.443330</speed><course>212.172729</course><hAcc>1.500455</hAcc><vAcc>0.808563</vAcc></extensions></trkpt>
      <trkpt lon="-76.449125" lat="39.347802"><ele>25.095863</ele><time>2022-02-23T22:34:26Z</time><extensions><speed>1.414122</speed><course>209.651245</course><hAcc>1.512249</hAcc><vAcc>0.809315</vAcc></extensions></trkpt>
      <trkpt lon="-76.449133" lat="39.347791"><ele>25.067873</ele><time>2022-02-23T22:34:27Z</time><extensions><speed>1.462192</speed><course>206.675125</course><hAcc>1.535139</hAcc><vAcc>0.810098</vAcc></extensions></trkpt>
      <trkpt lon="-76.449140" lat="39.347778"><ele>25.041754</ele><time>2022-02-23T22:34:28Z</time><extensions><speed>1.496337</speed><course>205.476883</course><hAcc>1.549703</hAcc><vAcc>0.810964</vAcc></extensions></trkpt>
      <trkpt lon="-76.449147" lat="39.347766"><ele>25.018320</ele><time>2022-02-23T22:34:29Z</time><extensions><speed>1.515478</speed><course>203.510757</course><hAcc>1.557206</hAcc><vAcc>0.811880</vAcc></extensions></trkpt>
      <trkpt lon="-76.449153" lat="39.347753"><ele>24.994900</ele><time>2022-02-23T22:34:30Z</time><extensions><speed>1.594801</speed><course>195.494995</course><hAcc>1.540469</hAcc><vAcc>0.812815</vAcc></extensions></trkpt>
      <trkpt lon="-76.449158" lat="39.347739"><ele>24.957640</ele><time>2022-02-23T22:34:31Z</time><extensions><speed>1.532051</speed><course>194.393112</course><hAcc>1.555995</hAcc><vAcc>0.813740</vAcc></extensions></trkpt>
      <trkpt lon="-76.449162" lat="39.347725"><ele>24.911890</ele><time>2022-02-23T22:34:32Z</time><extensions><speed>1.601845</speed><course>191.313126</course><hAcc>1.515881</hAcc><vAcc>0.814615</vAcc></extensions></trkpt>
      <trkpt lon="-76.449165" lat="39.347711"><ele>24.862738</ele><time>2022-02-23T22:34:33Z</time><extensions><speed>1.565550</speed><course>192.298721</course><hAcc>1.529526</hAcc><vAcc>0.815441</vAcc></extensions></trkpt>
      <trkpt lon="-76.449169" lat="39.347697"><ele>24.819227</ele><time>2022-02-23T22:34:34Z</time><extensions><speed>1.577658</speed><course>193.660492</course><hAcc>1.496894</hAcc><vAcc>0.816217</vAcc></extensions></trkpt>
      <trkpt lon="-76.449174" lat="39.347684"><ele>24.773146</ele><time>2022-02-23T22:34:35Z</time><extensions><speed>1.587600</speed><course>197.377869</course><hAcc>1.472281</hAcc><vAcc>0.816940</vAcc></extensions></trkpt>
      <trkpt lon="-76.449180" lat="39.347670"><ele>24.715973</ele><time>2022-02-23T22:34:36Z</time><extensions><speed>1.567645</speed><course>200.872864</course><hAcc>1.490339</hAcc><vAcc>0.817593</vAcc></extensions></trkpt>
      <trkpt lon="-76.449186" lat="39.347657"><ele>24.670158</ele><time>2022-02-23T22:34:37Z</time><extensions><speed>1.627553</speed><course>200.258530</course><hAcc>1.439617</hAcc><vAcc>0.818169</vAcc></extensions></trkpt>
      <trkpt lon="-76.449193" lat="39.347644"><ele>24.604677</ele><time>2022-02-23T22:34:38Z</time><extensions><speed>1.554758</speed><course>205.381454</course><hAcc>1.439217</hAcc><vAcc>0.818615</vAcc></extensions></trkpt>
      <trkpt lon="-76.449201" lat="39.347631"><ele>24.548428</ele><time>2022-02-23T22:34:39Z</time><extensions><speed>1.521141</speed><course>211.578369</course><hAcc>1.472006</hAcc><vAcc>0.818988</vAcc></extensions></trkpt>
      <trkpt lon="-76.449210" lat="39.347620"><ele>24.502903</ele><time>2022-02-23T22:34:40Z</time><extensions><speed>1.507688</speed><course>210.790054</course><hAcc>1.458341</hAcc><vAcc>0.819217</vAcc></extensions></trkpt>
      <trkpt lon="-76.449218" lat="39.347608"><ele>24.457582</ele><time>2022-02-23T22:34:41Z</time><extensions><speed>1.484346</speed><course>206.998032</course><hAcc>1.430509</hAcc><vAcc>0.819324</vAcc></extensions></trkpt>
      <trkpt lon="-76.449225" lat="39.347596"><ele>24.414356</ele><time>2022-02-23T22:34:42Z</time><extensions><speed>1.467784</speed><course>197.622482</course><hAcc>1.411920</hAcc><vAcc>0.819411</vAcc></extensions></trkpt>
      <trkpt lon="-76.449229" lat="39.347583"><ele>24.374046</ele><time>2022-02-23T22:34:43Z</time><extensions><speed>1.503556</speed><course>191.714310</course><hAcc>1.426692</hAcc><vAcc>0.819436</vAcc></extensions></trkpt>
      <trkpt lon="-76.449231" lat="39.347569"><ele>24.357958</ele><time>2022-02-23T22:34:44Z</time><extensions><speed>1.572293</speed><course>182.579041</course><hAcc>1.415786</hAcc><vAcc>0.819413</vAcc></extensions></trkpt>
      <trkpt lon="-76.449231" lat="39.347555"><ele>24.346912</ele><time>2022-02-23T22:34:45Z</time><extensions><speed>1.570227</speed><course>179.494263</course><hAcc>1.453097</hAcc><vAcc>0.819322</vAcc></extensions></trkpt>
      <trkpt lon="-76.449231" lat="39.347541"><ele>24.339527</ele><time>2022-02-23T22:34:46Z</time><extensions><speed>1.532123</speed><course>179.160477</course><hAcc>1.462435</hAcc><vAcc>0.819178</vAcc></extensions></trkpt>
      <trkpt lon="-76.449230" lat="39.347527"><ele>24.323446</ele><time>2022-02-23T22:34:47Z</time><extensions><speed>1.491196</speed><course>176.229813</course><hAcc>1.453202</hAcc><vAcc>0.818996</vAcc></extensions></trkpt>
      <trkpt lon="-76.449229" lat="39.347514"><ele>24.338224</ele><time>2022-02-23T22:34:48Z</time><extensions><speed>1.316574</speed><course>177.047729</course><hAcc>1.438610</hAcc><vAcc>0.818790</vAcc></extensions></trkpt>
      <trkpt lon="-76.449229" lat="39.347503"><ele>24.339842</ele><time>2022-02-23T22:34:50Z</time><extensions><speed>1.091708</speed><course>183.249802</course><hAcc>1.481892</hAcc><vAcc>0.818573</vAcc></extensions></trkpt>
      <trkpt lon="-76.449229" lat="39.347493"><ele>24.336596</ele><time>2022-02-23T22:34:51Z</time><extensions><speed>1.307073</speed><course>175.639175</course><hAcc>1.445368</hAcc><vAcc>0.818402</vAcc></extensions></trkpt>
      <trkpt lon="-76.449227" lat="39.347480"><ele>24.338749</ele><time>2022-02-23T22:34:52Z</time><extensions><speed>1.508738</speed><course>173.702667</course><hAcc>1.437681</hAcc><vAcc>0.818286</vAcc></extensions></trkpt>
      <trkpt lon="-76.449225" lat="39.347466"><ele>24.344187</ele><time>2022-02-23T22:34:53Z</time><extensions><speed>1.588814</speed><course>173.182831</course><hAcc>1.476699</hAcc><vAcc>0.818230</vAcc></extensions></trkpt>
      <trkpt lon="-76.449223" lat="39.347452"><ele>24.330502</ele><time>2022-02-23T22:34:54Z</time><extensions><speed>1.597263</speed><course>172.582062</course><hAcc>1.474570</hAcc><vAcc>0.818250</vAcc></extensions></trkpt>
      <trkpt lon="-76.449220" lat="39.347438"><ele>24.312370</ele><time>2022-02-23T22:34:55Z</time><extensions><speed>1.578626</speed><course>171.388031</course><hAcc>1.469966</hAcc><vAcc>0.818321</vAcc></extensions></trkpt>
      <trkpt lon="-76.449217" lat="39.347424"><ele>24.284544</ele><time>2022-02-23T22:34:56Z</time><extensions><speed>1.614939</speed><course>166.403061</course><hAcc>1.453171</hAcc><vAcc>0.818411</vAcc></extensions></trkpt>
      <trkpt lon="-76.449214" lat="39.347410"><ele>24.273176</ele><time>2022-02-23T22:34:57Z</time><extensions><speed>1.564454</speed><course>174.281921</course><hAcc>1.432030</hAcc><vAcc>0.818550</vAcc></extensions></trkpt>
      <trkpt lon="-76.449213" lat="39.347396"><ele>24.241480</ele><time>2022-02-23T22:34:58Z</time><extensions><speed>1.556555</speed><course>177.870499</course><hAcc>1.400181</hAcc><vAcc>0.818714</vAcc></extensions></trkpt>
      <trkpt lon="-76.449211" lat="39.347382"><ele>24.201704</ele><time>2022-02-23T22:34:59Z</time><extensions><speed>1.575873</speed><course>173.538330</course><hAcc>1.392087</hAcc><vAcc>0.818878</vAcc></extensions></trkpt>
      <trkpt lon="-76.449208" lat="39.347368"><ele>24.165096</ele><time>2022-02-23T22:35:00Z</time><extensions><speed>1.570350</speed><course>165.690460</course><hAcc>1.397375</hAcc><vAcc>0.819050</vAcc></extensions></trkpt>
      <trkpt lon="-76.449202" lat="39.347354"><ele>24.126478</ele><time>2022-02-23T22:35:01Z</time><extensions><speed>1.536217</speed><course>158.319885</course><hAcc>1.397244</hAcc><vAcc>0.819200</vAcc></extensions></trkpt>
      <trkpt lon="-76.449196" lat="39.347342"><ele>24.051981</ele><time>2022-02-23T22:35:02Z</time><extensions><speed>1.534687</speed><course>155.269333</course><hAcc>1.390679</hAcc><vAcc>0.819319</vAcc></extensions></trkpt>
      <trkpt lon="-76.449188" lat="39.347329"><ele>24.008865</ele><time>2022-02-23T22:35:03Z</time><extensions><speed>1.537830</speed><course>156.480804</course><hAcc>1.379167</hAcc><vAcc>0.819414</vAcc></extensions></trkpt>
      <trkpt lon="-76.449182" lat="39.347316"><ele>23.958818</ele><time>2022-02-23T22:35:04Z</time><extensions><speed>1.533999</speed><course>163.016083</course><hAcc>1.378365</hAcc><vAcc>0.819493</vAcc></extensions></trkpt>
      <trkpt lon="-76.449177" lat="39.347303"><ele>23.918001</ele><time>2022-02-23T22:35:05Z</time><extensions><speed>1.527867</speed><course>160.749390</course><hAcc>1.366725</hAcc><vAcc>0.819548</vAcc></extensions></trkpt>
      <trkpt lon="-76.449172" lat="39.347289"><ele>23.875587</ele><time>2022-02-23T22:35:06Z</time><extensions><speed>1.531987</speed><course>163.177246</course><hAcc>1.329767</hAcc><vAcc>0.819578</vAcc></extensions></trkpt>
      <trkpt lon="-76.449166" lat="39.347276"><ele>23.849766</ele><time>2022-02-23T22:35:07Z</time><extensions><speed>1.541747</speed><course>160.637527</course><hAcc>1.361602</hAcc><vAcc>0.819604</vAcc></extensions></trkpt>
      <trkpt lon="-76.449160" lat="39.347263"><ele>23.803173</ele><time>2022-02-23T22:35:08Z</time><extensions><speed>1.536196</speed><course>159.008926</course><hAcc>1.382130</hAcc><vAcc>0.819623</vAcc></extensions></trkpt>
      <trkpt lon="-76.449155" lat="39.347250"><ele>23.758965</ele><time>2022-02-23T22:35:09Z</time><extensions><speed>1.542933</speed><course>161.836395</course><hAcc>1.382185</hAcc><vAcc>0.819645</vAcc></extensions></trkpt>
      <trkpt lon="-76.449149" lat="39.347237"><ele>23.699812</ele><time>2022-02-23T22:35:10Z</time><extensions><speed>1.554605</speed><course>163.811890</course><hAcc>1.368200</hAcc><vAcc>0.819662</vAcc></extensions></trkpt>
      <trkpt lon="-76.449145" lat="39.347223"><ele>23.636818</ele><time>2022-02-23T22:35:11Z</time><extensions><speed>1.561442</speed><course>166.461670</course><hAcc>1.377635</hAcc><vAcc>0.819717</vAcc></extensions></trkpt>
      <trkpt lon="-76.449141" lat="39.347209"><ele>23.593325</ele><time>2022-02-23T22:35:12Z</time><extensions><speed>1.542106</speed><course>170.941330</course><hAcc>1.387421</hAcc><vAcc>0.819798</vAcc></extensions></trkpt>
      <trkpt lon="-76.449139" lat="39.347195"><ele>23.574358</ele><time>2022-02-23T22:35:13Z</time><extensions><speed>1.613159</speed><course>174.390076</course><hAcc>1.386824</hAcc><vAcc>0.819888</vAcc></extensions></trkpt>
      <trkpt lon="-76.449138" lat="39.347181"><ele>23.554201</ele><time>2022-02-23T22:35:14Z</time><extensions><speed>1.610684</speed><course>179.947388</course><hAcc>1.373102</hAcc><vAcc>0.820000</vAcc></extensions></trkpt>
      <trkpt lon="-76.449139" lat="39.347166"><ele>23.515511</ele><time>2022-02-23T22:35:15Z</time><extensions><speed>1.607219</speed><course>181.769531</course><hAcc>1.369102</hAcc><vAcc>0.820123</vAcc></extensions></trkpt>
      <trkpt lon="-76.449139" lat="39.347152"><ele>23.472328</ele><time>2022-02-23T22:35:16Z</time><extensions><speed>1.586974</speed><course>178.718628</course><hAcc>1.383793</hAcc><vAcc>0.820249</vAcc></extensions></trkpt>
      <trkpt lon="-76.449138" lat="39.347137"><ele>23.423193</ele><time>2022-02-23T22:35:17Z</time><extensions><speed>1.566219</speed><course>172.676819</course><hAcc>1.398816</hAcc><vAcc>0.820376</vAcc></extensions></trkpt>
      <trkpt lon="-76.449136" lat="39.347123"><ele>23.391331</ele><time>2022-02-23T22:35:18Z</time><extensions><speed>1.541511</speed><course>173.913727</course><hAcc>1.393478</hAcc><vAcc>0.820511</vAcc></extensions></trkpt>
      <trkpt lon="-76.449134" lat="39.347109"><ele>23.342661</ele><time>2022-02-23T22:35:19Z</time><extensions><speed>1.554359</speed><course>175.700409</course><hAcc>1.372803</hAcc><vAcc>0.820635</vAcc></extensions></trkpt>
      <trkpt lon="-76.449134" lat="39.347095"><ele>23.318996</ele><time>2022-02-23T22:35:20Z</time><extensions><speed>1.550289</speed><course>179.485306</course><hAcc>1.358980</hAcc><vAcc>0.820740</vAcc></extensions></trkpt>
      <trkpt lon="-76.449133" lat="39.347081"><ele>23.292641</ele><time>2022-02-23T22:35:21Z</time><extensions><speed>1.574768</speed><course>178.444077</course><hAcc>1.340708</hAcc><vAcc>0.820837</vAcc></extensions></trkpt>
      <trkpt lon="-76.449132" lat="39.347067"><ele>23.280043</ele><time>2022-02-23T22:35:22Z</time><extensions><speed>1.581083</speed><course>170.483826</course><hAcc>1.362625</hAcc><vAcc>0.820916</vAcc></extensions></trkpt>
      <trkpt lon="-76.449129" lat="39.347053"><ele>23.251638</ele><time>2022-02-23T22:35:23Z</time><extensions><speed>1.560902</speed><course>170.630661</course><hAcc>1.353839</hAcc><vAcc>0.820954</vAcc></extensions></trkpt>
      <trkpt lon="-76.449127" lat="39.347039"><ele>23.188869</ele><time>2022-02-23T22:35:24Z</time><extensions><speed>1.562350</speed><course>175.361862</course><hAcc>1.355767</hAcc><vAcc>0.820962</vAcc></extensions></trkpt>
      <trkpt lon="-76.449127" lat="39.347025"><ele>23.118015</ele><time>2022-02-23T22:35:25Z</time><extensions><speed>1.544469</speed><course>182.221771</course><hAcc>1.358235</hAcc><vAcc>0.820933</vAcc></extensions></trkpt>
      <trkpt lon="-76.449128" lat="39.347011"><ele>23.043438</ele><time>2022-02-23T22:35:26Z</time><extensions><speed>1.561809</speed><course>185.184464</course><hAcc>1.354021</hAcc><vAcc>0.820860</vAcc></extensions></trkpt>
      <trkpt lon="-76.449130" lat="39.346997"><ele>22.963511</ele><time>2022-02-23T22:35:27Z</time><extensions><speed>1.554393</speed><course>188.356293</course><hAcc>1.358508</hAcc><vAcc>0.820728</vAcc></extensions></trkpt>
      <trkpt lon="-76.449133" lat="39.346983"><ele>22.882591</ele><time>2022-02-23T22:35:28Z</time><extensions><speed>1.613307</speed><course>192.105896</course><hAcc>1.340498</hAcc><vAcc>0.820580</vAcc></extensions></trkpt>
      <trkpt lon="-76.449137" lat="39.346969"><ele>22.819674</ele><time>2022-02-23T22:35:29Z</time><extensions><speed>1.568656</speed><course>191.359756</course><hAcc>1.368976</hAcc><vAcc>0.820380</vAcc></extensions></trkpt>
      <trkpt lon="-76.449140" lat="39.346955"><ele>22.748817</ele><time>2022-02-23T22:35:30Z</time><extensions><speed>1.574990</speed><course>190.073151</course><hAcc>1.372123</hAcc><vAcc>0.820080</vAcc></extensions></trkpt>
      <trkpt lon="-76.449144" lat="39.346941"><ele>22.692440</ele><time>2022-02-23T22:35:31Z</time><extensions><speed>1.566086</speed><course>194.433090</course><hAcc>1.391039</hAcc><vAcc>0.819775</vAcc></extensions></trkpt>
      <trkpt lon="-76.449149" lat="39.346928"><ele>22.655655</ele><time>2022-02-23T22:35:32Z</time><extensions><speed>1.550924</speed><course>199.961060</course><hAcc>1.412753</hAcc><vAcc>0.819450</vAcc></extensions></trkpt>
      <trkpt lon="-76.449155" lat="39.346915"><ele>22.600918</ele><time>2022-02-23T22:35:33Z</time><extensions><speed>1.550007</speed><course>203.437531</course><hAcc>1.423383</hAcc><vAcc>0.819120</vAcc></extensions></trkpt>
      <trkpt lon="-76.449163" lat="39.346902"><ele>22.585543</ele><time>2022-02-23T22:35:34Z</time><extensions><speed>1.499551</speed><course>206.565079</course><hAcc>1.424785</hAcc><vAcc>0.818782</vAcc></extensions></trkpt>
      <trkpt lon="-76.449170" lat="39.346890"><ele>22.547903</ele><time>2022-02-23T22:35:35Z</time><extensions><speed>1.518008</speed><course>203.301147</course><hAcc>1.437012</hAcc><vAcc>0.818435</vAcc></extensions></trkpt>
      <trkpt lon="-76.449176" lat="39.346877"><ele>22.534029</ele><time>2022-02-23T22:35:36Z</time><extensions><speed>1.534619</speed><course>199.607819</course><hAcc>1.481828</hAcc><vAcc>0.818126</vAcc></extensions></trkpt>
      <trkpt lon="-76.449181" lat="39.346864"><ele>22.521904</ele><time>2022-02-23T22:35:37Z</time><extensions><speed>1.574234</speed><course>192.841614</course><hAcc>1.479948</hAcc><vAcc>0.817884</vAcc></extensions></trkpt>
      <trkpt lon="-76.449184" lat="39.346850"><ele>22.521561</ele><time>2022-02-23T22:35:38Z</time><extensions><speed>1.588808</speed><course>186.889267</course><hAcc>1.487139</hAcc><vAcc>0.817735</vAcc></extensions></trkpt>
      <trkpt lon="-76.449185" lat="39.346835"><ele>22.527832</ele><time>2022-02-23T22:35:39Z</time><extensions><speed>1.623488</speed><course>178.997940</course><hAcc>1.471069</hAcc><vAcc>0.817645</vAcc></extensions></trkpt>
      <trkpt lon="-76.449184" lat="39.346820"><ele>22.548199</ele><time>2022-02-23T22:35:40Z</time><extensions><speed>1.656770</speed><course>174.622742</course><hAcc>1.452235</hAcc><vAcc>0.817598</vAcc></extensions></trkpt>
      <trkpt lon="-76.449182" lat="39.346806"><ele>22.593319</ele><time>2022-02-23T22:35:41Z</time><extensions><speed>1.583549</speed><course>174.139343</course><hAcc>1.475744</hAcc><vAcc>0.817589</vAcc></extensions></trkpt>
      <trkpt lon="-76.449179" lat="39.346791"><ele>22.638662</ele><time>2022-02-23T22:35:42Z</time><extensions><speed>1.562976</speed><course>170.677078</course><hAcc>1.467501</hAcc><vAcc>0.817680</vAcc></extensions></trkpt>
      <trkpt lon="-76.449176" lat="39.346778"><ele>22.669092</ele><time>2022-02-23T22:35:43Z</time><extensions><speed>1.557638</speed><course>168.243057</course><hAcc>1.450128</hAcc><vAcc>0.817811</vAcc></extensions></trkpt>
      <trkpt lon="-76.449172" lat="39.346764"><ele>22.694607</ele><time>2022-02-23T22:35:44Z</time><extensions><speed>1.549835</speed><course>166.292862</course><hAcc>1.433447</hAcc><vAcc>0.817905</vAcc></extensions></trkpt>
      <trkpt lon="-76.449168" lat="39.346750"><ele>22.714058</ele><time>2022-02-23T22:35:45Z</time><extensions><speed>1.596095</speed><course>169.008316</course><hAcc>1.408796</hAcc><vAcc>0.818051</vAcc></extensions></trkpt>
      <trkpt lon="-76.449164" lat="39.346736"><ele>22.752224</ele><time>2022-02-23T22:35:45Z</time><extensions><speed>1.523764</speed><course>169.199936</course><hAcc>1.427789</hAcc><vAcc>0.818200</vAcc></extensions></trkpt>
      <trkpt lon="-76.449161" lat="39.346722"><ele>22.764259</ele><time>2022-02-23T22:35:46Z</time><extensions><speed>1.559283</speed><course>170.529068</course><hAcc>1.418917</hAcc><vAcc>0.818304</vAcc></extensions></trkpt>
      <trkpt lon="-76.449158" lat="39.346709"><ele>22.778675</ele><time>2022-02-23T22:35:47Z</time><extensions><speed>1.541684</speed><course>171.136108</course><hAcc>1.452018</hAcc><vAcc>0.818333</vAcc></extensions></trkpt>
      <trkpt lon="-76.449156" lat="39.346695"><ele>22.809378</ele><time>2022-02-23T22:35:48Z</time><extensions><speed>1.508306</speed><course>173.907928</course><hAcc>1.455403</hAcc><vAcc>0.818245</vAcc></extensions></trkpt>
      <trkpt lon="-76.449154" lat="39.346682"><ele>22.840506</ele><time>2022-02-23T22:35:49Z</time><extensions><speed>1.486151</speed><course>176.346634</course><hAcc>1.429433</hAcc><vAcc>0.817989</vAcc></extensions></trkpt>
      <trkpt lon="-76.449153" lat="39.346668"><ele>22.861370</ele><time>2022-02-23T22:35:50Z</time><extensions><speed>1.545628</speed><course>176.959213</course><hAcc>1.450482</hAcc><vAcc>0.817701</vAcc></extensions></trkpt>
      <trkpt lon="-76.449152" lat="39.346654"><ele>22.902920</ele><time>2022-02-23T22:35:51Z</time><extensions><speed>1.507042</speed><course>179.304062</course><hAcc>1.509786</hAcc><vAcc>0.817370</vAcc></extensions></trkpt>
      <trkpt lon="-76.449150" lat="39.346641"><ele>22.923357</ele><time>2022-02-23T22:35:52Z</time><extensions><speed>1.462123</speed><course>169.614014</course><hAcc>1.460946</hAcc><vAcc>0.816983</vAcc></extensions></trkpt>
      <trkpt lon="-76.449147" lat="39.346628"><ele>22.936499</ele><time>2022-02-23T22:35:53Z</time><extensions><speed>1.527657</speed><course>166.803574</course><hAcc>1.451218</hAcc><vAcc>0.816552</vAcc></extensions></trkpt>
      <trkpt lon="-76.449143" lat="39.346614"><ele>22.971025</ele><time>2022-02-23T22:35:54Z</time><extensions><speed>1.526667</speed><course>167.842468</course><hAcc>1.510407</hAcc><vAcc>0.816067</vAcc></extensions></trkpt>
      <trkpt lon="-76.449139" lat="39.346601"><ele>23.008608</ele><time>2022-02-23T22:35:55Z</time><extensions><speed>1.531243</speed><course>168.777130</course><hAcc>1.516639</hAcc><vAcc>0.815495</vAcc></extensions></trkpt>
      <trkpt lon="-76.449136" lat="39.346587"><ele>23.052040</ele><time>2022-02-23T22:35:56Z</time><extensions><speed>1.515874</speed><course>171.376236</course><hAcc>1.510032</hAcc><vAcc>0.814859</vAcc></extensions></trkpt>
      <trkpt lon="-76.449132" lat="39.346574"><ele>23.097288</ele><time>2022-02-23T22:35:57Z</time><extensions><speed>1.533938</speed><course>165.911530</course><hAcc>1.465260</hAcc><vAcc>0.814104</vAcc></extensions></trkpt>
      <trkpt lon="-76.449127" lat="39.346561"><ele>23.141014</ele><time>2022-02-23T22:35:58Z</time><extensions><speed>1.560034</speed><course>161.950897</course><hAcc>1.458370</hAcc><vAcc>0.813312</vAcc></extensions></trkpt>
      <trkpt lon="-76.449121" lat="39.346547"><ele>23.189104</ele><time>2022-02-23T22:35:59Z</time><extensions><speed>1.575262</speed><course>159.852386</course><hAcc>1.473760</hAcc><vAcc>0.812495</vAcc></extensions></trkpt>
      <trkpt lon="-76.449116" lat="39.346534"><ele>23.238949</ele><time>2022-02-23T22:36:00Z</time><extensions><speed>1.550840</speed><course>163.931610</course><hAcc>1.538276</hAcc><vAcc>0.811636</vAcc></extensions></trkpt>
      <trkpt lon="-76.449110" lat="39.346521"><ele>23.283037</ele><time>2022-02-23T22:36:01Z</time><extensions><speed>1.495653</speed><course>161.155823</course><hAcc>1.546105</hAcc><vAcc>0.810760</vAcc></extensions></trkpt>
      <trkpt lon="-76.449103" lat="39.346508"><ele>23.355448</ele><time>2022-02-23T22:36:02Z</time><extensions><speed>1.536403</speed><course>151.706375</course><hAcc>1.507942</hAcc><vAcc>0.809864</vAcc></extensions></trkpt>
      <trkpt lon="-76.449094" lat="39.346497"><ele>23.453819</ele><time>2022-02-23T22:36:03Z</time><extensions><speed>1.524960</speed><course>144.203583</course><hAcc>1.509433</hAcc><vAcc>0.808941</vAcc></extensions></trkpt>
      <trkpt lon="-76.449083" lat="39.346486"><ele>23.569342</ele><time>2022-02-23T22:36:04Z</time><extensions><speed>1.516477</speed><course>140.940857</course><hAcc>1.547047</hAcc><vAcc>0.808022</vAcc></extensions></trkpt>
      <trkpt lon="-76.449072" lat="39.346476"><ele>23.688457</ele><time>2022-02-23T22:36:05Z</time><extensions><speed>1.500278</speed><course>141.431213</course><hAcc>1.538884</hAcc><vAcc>0.807148</vAcc></extensions></trkpt>
      <trkpt lon="-76.449061" lat="39.346465"><ele>23.793056</ele><time>2022-02-23T22:36:06Z</time><extensions><speed>1.460013</speed><course>142.247864</course><hAcc>1.516197</hAcc><vAcc>0.806305</vAcc></extensions></trkpt>
      <trkpt lon="-76.449051" lat="39.346455"><ele>23.896297</ele><time>2022-02-23T22:36:07Z</time><extensions><speed>1.473716</speed><course>142.045975</course><hAcc>1.521798</hAcc><vAcc>0.805558</vAcc></extensions></trkpt>
      <trkpt lon="-76.449040" lat="39.346444"><ele>23.993826</ele><time>2022-02-23T22:36:08Z</time><extensions><speed>1.501322</speed><course>141.817490</course><hAcc>1.563969</hAcc><vAcc>0.804939</vAcc></extensions></trkpt>
      <trkpt lon="-76.449029" lat="39.346434"><ele>24.093483</ele><time>2022-02-23T22:36:09Z</time><extensions><speed>1.509383</speed><course>137.432159</course><hAcc>1.538320</hAcc><vAcc>0.804457</vAcc></extensions></trkpt>
      <trkpt lon="-76.449018" lat="39.346424"><ele>24.199091</ele><time>2022-02-23T22:36:10Z</time><extensions><speed>1.510285</speed><course>138.929764</course><hAcc>1.512827</hAcc><vAcc>0.804087</vAcc></extensions></trkpt>
      <trkpt lon="-76.449007" lat="39.346413"><ele>24.306681</ele><time>2022-02-23T22:36:11Z</time><extensions><speed>1.490182</speed><course>142.507462</course><hAcc>1.491906</hAcc><vAcc>0.803869</vAcc></extensions></trkpt>
      <trkpt lon="-76.448996" lat="39.346402"><ele>24.395016</ele><time>2022-02-23T22:36:12Z</time><extensions><speed>1.475398</speed><course>142.744446</course><hAcc>1.504325</hAcc><vAcc>0.803806</vAcc></extensions></trkpt>
      <trkpt lon="-76.448986" lat="39.346392"><ele>24.474007</ele><time>2022-02-23T22:36:13Z</time><extensions><speed>1.374545</speed><course>137.530579</course><hAcc>1.507767</hAcc><vAcc>0.803873</vAcc></extensions></trkpt>
      <trkpt lon="-76.448976" lat="39.346383"><ele>24.558311</ele><time>2022-02-23T22:36:14Z</time><extensions><speed>1.367071</speed><course>138.098083</course><hAcc>1.484439</hAcc><vAcc>0.804031</vAcc></extensions></trkpt>
      <trkpt lon="-76.448965" lat="39.346374"><ele>24.603386</ele><time>2022-02-23T22:36:15Z</time><extensions><speed>1.423473</speed><course>139.398804</course><hAcc>1.484490</hAcc><vAcc>0.804278</vAcc></extensions></trkpt>
      <trkpt lon="-76.448955" lat="39.346363"><ele>24.650642</ele><time>2022-02-23T22:36:16Z</time><extensions><speed>1.479650</speed><course>145.012177</course><hAcc>1.465458</hAcc><vAcc>0.804600</vAcc></extensions></trkpt>
      <trkpt lon="-76.448945" lat="39.346352"><ele>24.685740</ele><time>2022-02-23T22:36:17Z</time><extensions><speed>1.508309</speed><course>148.325012</course><hAcc>1.509056</hAcc><vAcc>0.805027</vAcc></extensions></trkpt>
      <trkpt lon="-76.448937" lat="39.346340"><ele>24.732647</ele><time>2022-02-23T22:36:18Z</time><extensions><speed>1.517604</speed><course>154.554047</course><hAcc>1.507336</hAcc><vAcc>0.805444</vAcc></extensions></trkpt>
      <trkpt lon="-76.448930" lat="39.346327"><ele>24.750137</ele><time>2022-02-23T22:36:19Z</time><extensions><speed>1.522764</speed><course>157.674591</course><hAcc>1.481126</hAcc><vAcc>0.805807</vAcc></extensions></trkpt>
      <trkpt lon="-76.448924" lat="39.346315"><ele>24.779186</ele><time>2022-02-23T22:36:20Z</time><extensions><speed>1.531640</speed><course>158.773758</course><hAcc>1.466750</hAcc><vAcc>0.806118</vAcc></extensions></trkpt>
      <trkpt lon="-76.448917" lat="39.346302"><ele>24.809404</ele><time>2022-02-23T22:36:21Z</time><extensions><speed>1.526708</speed><course>156.570480</course><hAcc>1.494910</hAcc><vAcc>0.806496</vAcc></extensions></trkpt>
      <trkpt lon="-76.448910" lat="39.346289"><ele>24.833355</ele><time>2022-02-23T22:36:22Z</time><extensions><speed>1.510460</speed><course>153.787170</course><hAcc>1.522189</hAcc><vAcc>0.806847</vAcc></extensions></trkpt>
      <trkpt lon="-76.448902" lat="39.346277"><ele>24.847486</ele><time>2022-02-23T22:36:23Z</time><extensions><speed>1.530975</speed><course>158.892746</course><hAcc>1.491638</hAcc><vAcc>0.807184</vAcc></extensions></trkpt>
      <trkpt lon="-76.448896" lat="39.346263"><ele>24.901501</ele><time>2022-02-23T22:36:24Z</time><extensions><speed>1.590894</speed><course>162.543030</course><hAcc>1.483228</hAcc><vAcc>0.807474</vAcc></extensions></trkpt>
      <trkpt lon="-76.448891" lat="39.346250"><ele>24.942814</ele><time>2022-02-23T22:36:25Z</time><extensions><speed>1.535861</speed><course>164.115372</course><hAcc>1.527779</hAcc><vAcc>0.807724</vAcc></extensions></trkpt>
      <trkpt lon="-76.448887" lat="39.346236"><ele>24.995182</ele><time>2022-02-23T22:36:26Z</time><extensions><speed>1.533926</speed><course>167.218170</course><hAcc>1.535034</hAcc><vAcc>0.807957</vAcc></extensions></trkpt>
      <trkpt lon="-76.448883" lat="39.346223"><ele>25.037132</ele><time>2022-02-23T22:36:27Z</time><extensions><speed>1.511981</speed><course>168.934021</course><hAcc>1.545927</hAcc><vAcc>0.808163</vAcc></extensions></trkpt>
      <trkpt lon="-76.448880" lat="39.346209"><ele>25.066841</ele><time>2022-02-23T22:36:28Z</time><extensions><speed>1.534450</speed><course>171.101303</course><hAcc>1.515111</hAcc><vAcc>0.808337</vAcc></extensions></trkpt>
      <trkpt lon="-76.448877" lat="39.346196"><ele>25.088560</ele><time>2022-02-23T22:36:29Z</time><extensions><speed>1.571638</speed><course>172.401108</course><hAcc>1.513453</hAcc><vAcc>0.808467</vAcc></extensions></trkpt>
      <trkpt lon="-76.448875" lat="39.346181"><ele>25.110516</ele><time>2022-02-23T22:36:30Z</time><extensions><speed>1.593738</speed><course>172.199173</course><hAcc>1.531162</hAcc><vAcc>0.808554</vAcc></extensions></trkpt>
      <trkpt lon="-76.448872" lat="39.346167"><ele>25.110266</ele><time>2022-02-23T22:36:31Z</time><extensions><speed>1.554902</speed><course>171.463715</course><hAcc>1.544581</hAcc><vAcc>0.808558</vAcc></extensions></trkpt>
      <trkpt lon="-76.448869" lat="39.346153"><ele>25.099949</ele><time>2022-02-23T22:36:32Z</time><extensions><speed>1.594210</speed><course>168.036362</course><hAcc>1.521655</hAcc><vAcc>0.808456</vAcc></extensions></trkpt>
      <trkpt lon="-76.448864" lat="39.346140"><ele>25.089382</ele><time>2022-02-23T22:36:33Z</time><extensions><speed>1.528659</speed><course>164.060089</course><hAcc>1.546965</hAcc><vAcc>0.808217</vAcc></extensions></trkpt>
      <trkpt lon="-76.448859" lat="39.346127"><ele>25.076365</ele><time>2022-02-23T22:36:34Z</time><extensions><speed>1.467967</speed><course>160.372803</course><hAcc>1.514068</hAcc><vAcc>0.807854</vAcc></extensions></trkpt>
      <trkpt lon="-76.448854" lat="39.346114"><ele>25.058929</ele><time>2022-02-23T22:36:35Z</time><extensions><speed>1.515327</speed><course>165.423065</course><hAcc>1.484885</hAcc><vAcc>0.807324</vAcc></extensions></trkpt>
      <trkpt lon="-76.448851" lat="39.346101"><ele>25.038403</ele><time>2022-02-23T22:36:36Z</time><extensions><speed>1.482943</speed><course>174.790680</course><hAcc>1.518835</hAcc><vAcc>0.806652</vAcc></extensions></trkpt>
      <trkpt lon="-76.448850" lat="39.346087"><ele>24.988562</ele><time>2022-02-23T22:36:37Z</time><extensions><speed>1.512617</speed><course>181.622116</course><hAcc>1.534876</hAcc><vAcc>0.805839</vAcc></extensions></trkpt>
      <trkpt lon="-76.448851" lat="39.346074"><ele>24.946775</ele><time>2022-02-23T22:36:38Z</time><extensions><speed>1.501550</speed><course>183.039856</course><hAcc>1.549493</hAcc><vAcc>0.804953</vAcc></extensions></trkpt>
      <trkpt lon="-76.448851" lat="39.346060"><ele>24.882164</ele><time>2022-02-23T22:36:39Z</time><extensions><speed>1.475773</speed><course>177.747345</course><hAcc>1.534129</hAcc><vAcc>0.803998</vAcc></extensions></trkpt>
      <trkpt lon="-76.448850" lat="39.346047"><ele>24.796507</ele><time>2022-02-23T22:36:40Z</time><extensions><speed>1.424831</speed><course>172.006210</course><hAcc>1.568518</hAcc><vAcc>0.803002</vAcc></extensions></trkpt>
      <trkpt lon="-76.448847" lat="39.346035"><ele>24.724657</ele><time>2022-02-23T22:36:41Z</time><extensions><speed>1.408617</speed><course>170.053055</course><hAcc>1.614273</hAcc><vAcc>0.802007</vAcc></extensions></trkpt>
      <trkpt lon="-76.448844" lat="39.346022"><ele>24.660086</ele><time>2022-02-23T22:36:42Z</time><extensions><speed>1.420234</speed><course>168.773987</course><hAcc>1.658704</hAcc><vAcc>0.801071</vAcc></extensions></trkpt>
      <trkpt lon="-76.448841" lat="39.346010"><ele>24.584492</ele><time>2022-02-23T22:36:43Z</time><extensions><speed>1.382851</speed><course>168.111633</course><hAcc>1.684152</hAcc><vAcc>0.800197</vAcc></extensions></trkpt>
      <trkpt lon="-76.448838" lat="39.345998"><ele>24.515631</ele><time>2022-02-23T22:36:44Z</time><extensions><speed>1.325038</speed><course>169.455811</course><hAcc>1.682110</hAcc><vAcc>0.799386</vAcc></extensions></trkpt>
      <trkpt lon="-76.448835" lat="39.345987"><ele>24.419491</ele><time>2022-02-23T22:36:45Z</time><extensions><speed>1.285240</speed><course>169.262024</course><hAcc>1.649250</hAcc><vAcc>0.798744</vAcc></extensions></trkpt>
      <trkpt lon="-76.448832" lat="39.345976"><ele>24.350973</ele><time>2022-02-23T22:36:46Z</time><extensions><speed>1.253183</speed><course>168.880127</course><hAcc>1.597791</hAcc><vAcc>0.798302</vAcc></extensions></trkpt>
      <trkpt lon="-76.448829" lat="39.345965"><ele>24.258804</ele><time>2022-02-23T22:36:47Z</time><extensions><speed>1.300312</speed><course>166.929962</course><hAcc>1.565802</hAcc><vAcc>0.798047</vAcc></extensions></trkpt>
      <trkpt lon="-76.448825" lat="39.345953"><ele>24.171860</ele><time>2022-02-23T22:36:48Z</time><extensions><speed>1.420241</speed><course>164.162689</course><hAcc>1.587749</hAcc><vAcc>0.797949</vAcc></extensions></trkpt>
      <trkpt lon="-76.448820" lat="39.345941"><ele>24.122341</ele><time>2022-02-23T22:36:49Z</time><extensions><speed>1.385138</speed><course>160.895386</course><hAcc>1.566869</hAcc><vAcc>0.797935</vAcc></extensions></trkpt>
      <trkpt lon="-76.448814" lat="39.345930"><ele>24.081209</ele><time>2022-02-23T22:36:50Z</time><extensions><speed>1.385121</speed><course>156.385040</course><hAcc>1.560815</hAcc><vAcc>0.797995</vAcc></extensions></trkpt>
      <trkpt lon="-76.448807" lat="39.345918"><ele>24.017614</ele><time>2022-02-23T22:36:51Z</time><extensions><speed>1.457194</speed><course>155.363037</course><hAcc>1.552153</hAcc><vAcc>0.798092</vAcc></extensions></trkpt>
      <trkpt lon="-76.448799" lat="39.345907"><ele>23.964880</ele><time>2022-02-23T22:36:52Z</time><extensions><speed>1.360332</speed><course>144.627655</course><hAcc>1.524159</hAcc><vAcc>0.798187</vAcc></extensions></trkpt>
      <trkpt lon="-76.448789" lat="39.345898"><ele>23.928095</ele><time>2022-02-23T22:36:53Z</time><extensions><speed>1.317140</speed><course>132.936020</course><hAcc>1.500859</hAcc><vAcc>0.798268</vAcc></extensions></trkpt>
      <trkpt lon="-76.448777" lat="39.345890"><ele>23.904972</ele><time>2022-02-23T22:36:54Z</time><extensions><speed>1.409103</speed><course>124.946442</course><hAcc>1.494451</hAcc><vAcc>0.798352</vAcc></extensions></trkpt>
      <trkpt lon="-76.448762" lat="39.345883"><ele>23.856379</ele><time>2022-02-23T22:36:56Z</time><extensions><speed>1.504615</speed><course>122.282318</course><hAcc>1.527493</hAcc><vAcc>0.798435</vAcc></extensions></trkpt>
      <trkpt lon="-76.448748" lat="39.345875"><ele>23.810198</ele><time>2022-02-23T22:36:57Z</time><extensions><speed>1.516297</speed><course>126.280853</course><hAcc>1.567937</hAcc><vAcc>0.798508</vAcc></extensions></trkpt>
      <trkpt lon="-76.448734" lat="39.345867"><ele>23.762613</ele><time>2022-02-23T22:36:58Z</time><extensions><speed>1.516124</speed><course>132.632568</course><hAcc>1.526320</hAcc><vAcc>0.798609</vAcc></extensions></trkpt>
      <trkpt lon="-76.448721" lat="39.345857"><ele>23.710367</ele><time>2022-02-23T22:36:59Z</time><extensions><speed>1.523875</speed><course>137.767181</course><hAcc>1.505219</hAcc><vAcc>0.798662</vAcc></extensions></trkpt>
      <trkpt lon="-76.448710" lat="39.345846"><ele>23.659771</ele><time>2022-02-23T22:37:00Z</time><extensions><speed>1.580845</speed><course>140.189728</course><hAcc>1.446209</hAcc><vAcc>0.798718</vAcc></extensions></trkpt>
      <trkpt lon="-76.448698" lat="39.345835"><ele>23.598349</ele><time>2022-02-23T22:37:01Z</time><extensions><speed>1.588547</speed><course>142.297791</course><hAcc>1.439465</hAcc><vAcc>0.798750</vAcc></extensions></trkpt>
      <trkpt lon="-76.448686" lat="39.345824"><ele>23.575050</ele><time>2022-02-23T22:37:02Z</time><extensions><speed>1.640435</speed><course>139.259003</course><hAcc>1.461850</hAcc><vAcc>0.798767</vAcc></extensions></trkpt>
      <trkpt lon="-76.448674" lat="39.345813"><ele>23.540764</ele><time>2022-02-23T22:37:03Z</time><extensions><speed>1.576318</speed><course>141.545914</course><hAcc>1.447747</hAcc><vAcc>0.798762</vAcc></extensions></trkpt>
      <trkpt lon="-76.448663" lat="39.345801"><ele>23.544600</ele><time>2022-02-23T22:37:04Z</time><extensions><speed>1.557407</speed><course>146.481995</course><hAcc>1.439556</hAcc><vAcc>0.798679</vAcc></extensions></trkpt>
      <trkpt lon="-76.448653" lat="39.345789"><ele>23.532755</ele><time>2022-02-23T22:37:05Z</time><extensions><speed>1.559110</speed><course>149.830643</course><hAcc>1.433961</hAcc><vAcc>0.798555</vAcc></extensions></trkpt>
      <trkpt lon="-76.448644" lat="39.345777"><ele>23.515429</ele><time>2022-02-23T22:37:06Z</time><extensions><speed>1.600131</speed><course>145.423935</course><hAcc>1.435054</hAcc><vAcc>0.798396</vAcc></extensions></trkpt>
      <trkpt lon="-76.448633" lat="39.345766"><ele>23.518791</ele><time>2022-02-23T22:37:07Z</time><extensions><speed>1.540369</speed><course>141.832428</course><hAcc>1.458274</hAcc><vAcc>0.798153</vAcc></extensions></trkpt>
      <trkpt lon="-76.448621" lat="39.345755"><ele>23.518314</ele><time>2022-02-23T22:37:08Z</time><extensions><speed>1.586246</speed><course>141.976273</course><hAcc>1.439893</hAcc><vAcc>0.797830</vAcc></extensions></trkpt>
      <trkpt lon="-76.448610" lat="39.345743"><ele>23.509203</ele><time>2022-02-23T22:37:09Z</time><extensions><speed>1.613642</speed><course>142.351761</course><hAcc>1.454025</hAcc><vAcc>0.797437</vAcc></extensions></trkpt>
      <trkpt lon="-76.448599" lat="39.345732"><ele>23.496477</ele><time>2022-02-23T22:37:10Z</time><extensions><speed>1.607712</speed><course>143.458771</course><hAcc>1.472522</hAcc><vAcc>0.797057</vAcc></extensions></trkpt>
      <trkpt lon="-76.448588" lat="39.345720"><ele>23.537586</ele><time>2022-02-23T22:37:11Z</time><extensions><speed>1.592505</speed><course>147.400635</course><hAcc>1.467679</hAcc><vAcc>0.796650</vAcc></extensions></trkpt>
      <trkpt lon="-76.448578" lat="39.345708"><ele>23.580366</ele><time>2022-02-23T22:37:12Z</time><extensions><speed>1.564758</speed><course>148.235886</course><hAcc>1.504229</hAcc><vAcc>0.796256</vAcc></extensions></trkpt>
      <trkpt lon="-76.448568" lat="39.345696"><ele>23.622189</ele><time>2022-02-23T22:37:13Z</time><extensions><speed>1.544224</speed><course>143.094498</course><hAcc>1.532177</hAcc><vAcc>0.795897</vAcc></extensions></trkpt>
      <trkpt lon="-76.448557" lat="39.345686"><ele>23.655403</ele><time>2022-02-23T22:37:14Z</time><extensions><speed>1.513820</speed><course>140.614120</course><hAcc>1.539245</hAcc><vAcc>0.795596</vAcc></extensions></trkpt>
      <trkpt lon="-76.448546" lat="39.345674"><ele>23.674067</ele><time>2022-02-23T22:37:15Z</time><extensions><speed>1.642909</speed><course>142.649155</course><hAcc>1.537277</hAcc><vAcc>0.795330</vAcc></extensions></trkpt>
      <trkpt lon="-76.448534" lat="39.345663"><ele>23.688730</ele><time>2022-02-23T22:37:16Z</time><extensions><speed>1.578967</speed><course>143.778183</course><hAcc>1.571821</hAcc><vAcc>0.795137</vAcc></extensions></trkpt>
      <trkpt lon="-76.448523" lat="39.345652"><ele>23.699226</ele><time>2022-02-23T22:37:17Z</time><extensions><speed>1.555751</speed><course>141.466553</course><hAcc>1.569057</hAcc><vAcc>0.794935</vAcc></extensions></trkpt>
      <trkpt lon="-76.448512" lat="39.345641"><ele>23.703104</ele><time>2022-02-23T22:37:18Z</time><extensions><speed>1.527627</speed><course>139.956116</course><hAcc>1.591034</hAcc><vAcc>0.794813</vAcc></extensions></trkpt>
      <trkpt lon="-76.448501" lat="39.345630"><ele>23.700298</ele><time>2022-02-23T22:37:19Z</time><extensions><speed>1.522416</speed><course>139.810547</course><hAcc>1.637383</hAcc><vAcc>0.794780</vAcc></extensions></trkpt>
      <trkpt lon="-76.448489" lat="39.345620"><ele>23.683950</ele><time>2022-02-23T22:37:20Z</time><extensions><speed>1.482155</speed><course>137.104904</course><hAcc>1.679846</hAcc><vAcc>0.794829</vAcc></extensions></trkpt>
      <trkpt lon="-76.448477" lat="39.345611"><ele>23.660580</ele><time>2022-02-23T22:37:21Z</time><extensions><speed>1.486888</speed><course>132.620453</course><hAcc>1.703074</hAcc><vAcc>0.795062</vAcc></extensions></trkpt>
      <trkpt lon="-76.448464" lat="39.345602"><ele>23.570381</ele><time>2022-02-23T22:37:22Z</time><extensions><speed>1.496436</speed><course>130.102463</course><hAcc>1.730646</hAcc><vAcc>0.795364</vAcc></extensions></trkpt>
      <trkpt lon="-76.448450" lat="39.345593"><ele>23.471779</ele><time>2022-02-23T22:37:23Z</time><extensions><speed>1.525933</speed><course>129.788406</course><hAcc>1.734180</hAcc><vAcc>0.795717</vAcc></extensions></trkpt>
      <trkpt lon="-76.448437" lat="39.345584"><ele>23.357433</ele><time>2022-02-23T22:37:24Z</time><extensions><speed>1.524299</speed><course>130.917984</course><hAcc>1.734920</hAcc><vAcc>0.796089</vAcc></extensions></trkpt>
      <trkpt lon="-76.448424" lat="39.345575"><ele>23.270205</ele><time>2022-02-23T22:37:25Z</time><extensions><speed>1.513313</speed><course>132.903137</course><hAcc>1.739399</hAcc><vAcc>0.796431</vAcc></extensions></trkpt>
      <trkpt lon="-76.448411" lat="39.345566"><ele>23.153280</ele><time>2022-02-23T22:37:26Z</time><extensions><speed>1.490547</speed><course>135.032028</course><hAcc>1.747170</hAcc><vAcc>0.796815</vAcc></extensions></trkpt>
      <trkpt lon="-76.448400" lat="39.345556"><ele>23.015535</ele><time>2022-02-23T22:37:27Z</time><extensions><speed>1.441986</speed><course>138.248611</course><hAcc>1.749038</hAcc><vAcc>0.797185</vAcc></extensions></trkpt>
      <trkpt lon="-76.448389" lat="39.345546"><ele>22.906553</ele><time>2022-02-23T22:37:28Z</time><extensions><speed>1.421326</speed><course>142.930695</course><hAcc>1.745475</hAcc><vAcc>0.797589</vAcc></extensions></trkpt>
      <trkpt lon="-76.448379" lat="39.345535"><ele>22.805307</ele><time>2022-02-23T22:37:29Z</time><extensions><speed>1.449459</speed><course>146.274292</course><hAcc>1.731931</hAcc><vAcc>0.798032</vAcc></extensions></trkpt>
      <trkpt lon="-76.448370" lat="39.345524"><ele>22.706667</ele><time>2022-02-23T22:37:30Z</time><extensions><speed>1.503260</speed><course>148.993591</course><hAcc>1.713657</hAcc><vAcc>0.798475</vAcc></extensions></trkpt>
      <trkpt lon="-76.448361" lat="39.345512"><ele>22.615160</ele><time>2022-02-23T22:37:31Z</time><extensions><speed>1.477671</speed><course>150.947754</course><hAcc>1.709398</hAcc><vAcc>0.798978</vAcc></extensions></trkpt>
      <trkpt lon="-76.448354" lat="39.345501"><ele>22.529669</ele><time>2022-02-23T22:37:32Z</time><extensions><speed>1.340651</speed><course>152.277954</course><hAcc>1.720600</hAcc><vAcc>0.799512</vAcc></extensions></trkpt>
      <trkpt lon="-76.448346" lat="39.345490"><ele>22.466213</ele><time>2022-02-23T22:37:33Z</time><extensions><speed>1.455062</speed><course>151.822327</course><hAcc>1.675696</hAcc><vAcc>0.800030</vAcc></extensions></trkpt>
      <trkpt lon="-76.448337" lat="39.345478"><ele>22.441614</ele><time>2022-02-23T22:37:34Z</time><extensions><speed>1.538951</speed><course>149.769318</course><hAcc>1.629536</hAcc><vAcc>0.800603</vAcc></extensions></trkpt>
      <trkpt lon="-76.448328" lat="39.345466"><ele>22.413866</ele><time>2022-02-23T22:37:35Z</time><extensions><speed>1.578681</speed><course>149.014023</course><hAcc>1.631506</hAcc><vAcc>0.801210</vAcc></extensions></trkpt>
      <trkpt lon="-76.448319" lat="39.345454"><ele>22.374607</ele><time>2022-02-23T22:37:36Z</time><extensions><speed>1.506332</speed><course>147.803574</course><hAcc>1.674724</hAcc><vAcc>0.801888</vAcc></extensions></trkpt>
      <trkpt lon="-76.448310" lat="39.345442"><ele>22.345648</ele><time>2022-02-23T22:37:37Z</time><extensions><speed>1.602584</speed><course>149.845703</course><hAcc>1.624882</hAcc><vAcc>0.802649</vAcc></extensions></trkpt>
      <trkpt lon="-76.448301" lat="39.345429"><ele>22.316525</ele><time>2022-02-23T22:37:38Z</time><extensions><speed>1.593746</speed><course>151.578491</course><hAcc>1.612041</hAcc><vAcc>0.803453</vAcc></extensions></trkpt>
      <trkpt lon="-76.448292" lat="39.345417"><ele>22.282789</ele><time>2022-02-23T22:37:39Z</time><extensions><speed>1.576028</speed><course>149.372101</course><hAcc>1.602267</hAcc><vAcc>0.804248</vAcc></extensions></trkpt>
      <trkpt lon="-76.448282" lat="39.345405"><ele>22.287985</ele><time>2022-02-23T22:37:40Z</time><extensions><speed>1.675565</speed><course>145.752518</course><hAcc>1.580963</hAcc><vAcc>0.805084</vAcc></extensions></trkpt>
      <trkpt lon="-76.448271" lat="39.345393"><ele>22.291882</ele><time>2022-02-23T22:37:41Z</time><extensions><speed>1.581222</speed><course>142.895050</course><hAcc>1.594109</hAcc><vAcc>0.805891</vAcc></extensions></trkpt>
      <trkpt lon="-76.448260" lat="39.345381"><ele>22.283995</ele><time>2022-02-23T22:37:42Z</time><extensions><speed>1.539547</speed><course>141.883316</course><hAcc>1.592502</hAcc><vAcc>0.806665</vAcc></extensions></trkpt>
      <trkpt lon="-76.448249" lat="39.345370"><ele>22.285019</ele><time>2022-02-23T22:37:43Z</time><extensions><speed>1.627378</speed><course>143.703415</course><hAcc>1.553545</hAcc><vAcc>0.807375</vAcc></extensions></trkpt>
      <trkpt lon="-76.448238" lat="39.345359"><ele>22.279760</ele><time>2022-02-23T22:37:44Z</time><extensions><speed>1.584079</speed><course>143.237152</course><hAcc>1.545716</hAcc><vAcc>0.807992</vAcc></extensions></trkpt>
      <trkpt lon="-76.448227" lat="39.345347"><ele>22.275892</ele><time>2022-02-23T22:37:45Z</time><extensions><speed>1.553525</speed><course>145.965240</course><hAcc>1.543723</hAcc><vAcc>0.808517</vAcc></extensions></trkpt>
      <trkpt lon="-76.448218" lat="39.345335"><ele>22.264425</ele><time>2022-02-23T22:37:46Z</time><extensions><speed>1.523053</speed><course>149.319138</course><hAcc>1.538052</hAcc><vAcc>0.808947</vAcc></extensions></trkpt>
      <trkpt lon="-76.448209" lat="39.345323"><ele>22.260643</ele><time>2022-02-23T22:37:47Z</time><extensions><speed>1.517686</speed><course>154.343872</course><hAcc>1.546865</hAcc><vAcc>0.809262</vAcc></extensions></trkpt>
      <trkpt lon="-76.448201" lat="39.345311"><ele>22.259357</ele><time>2022-02-23T22:37:48Z</time><extensions><speed>1.513306</speed><course>151.205750</course><hAcc>1.522437</hAcc><vAcc>0.809486</vAcc></extensions></trkpt>
      <trkpt lon="-76.448192" lat="39.345299"><ele>22.239450</ele><time>2022-02-23T22:37:49Z</time><extensions><speed>1.545504</speed><course>146.561966</course><hAcc>1.510427</hAcc><vAcc>0.809600</vAcc></extensions></trkpt>
      <trkpt lon="-76.448181" lat="39.345289"><ele>22.214602</ele><time>2022-02-23T22:37:50Z</time><extensions><speed>1.479921</speed><course>138.156464</course><hAcc>1.560732</hAcc><vAcc>0.809646</vAcc></extensions></trkpt>
      <trkpt lon="-76.448171" lat="39.345279"><ele>22.182415</ele><time>2022-02-23T22:37:51Z</time><extensions><speed>1.429680</speed><course>140.933426</course><hAcc>1.559007</hAcc><vAcc>0.809590</vAcc></extensions></trkpt>
      <trkpt lon="-76.448160" lat="39.345269"><ele>22.151949</ele><time>2022-02-23T22:37:52Z</time><extensions><speed>1.417516</speed><course>141.590912</course><hAcc>1.611210</hAcc><vAcc>0.809496</vAcc></extensions></trkpt>
      <trkpt lon="-76.448150" lat="39.345259"><ele>22.143951</ele><time>2022-02-23T22:37:53Z</time><extensions><speed>1.260573</speed><course>141.487869</course><hAcc>1.585253</hAcc><vAcc>0.809356</vAcc></extensions></trkpt>
      <trkpt lon="-76.448142" lat="39.345251"><ele>22.115097</ele><time>2022-02-23T22:37:54Z</time><extensions><speed>1.125748</speed><course>140.919525</course><hAcc>1.597375</hAcc><vAcc>0.809203</vAcc></extensions></trkpt>
      <trkpt lon="-76.448134" lat="39.345243"><ele>22.084841</ele><time>2022-02-23T22:37:55Z</time><extensions><speed>1.095702</speed><course>141.510620</course><hAcc>1.642261</hAcc><vAcc>0.809048</vAcc></extensions></trkpt>
      <trkpt lon="-76.448126" lat="39.345235"><ele>22.068203</ele><time>2022-02-23T22:37:56Z</time><extensions><speed>1.139441</speed><course>142.405823</course><hAcc>1.679486</hAcc><vAcc>0.808898</vAcc></extensions></trkpt>
      <trkpt lon="-76.448118" lat="39.345227"><ele>22.047672</ele><time>2022-02-23T22:37:57Z</time><extensions><speed>1.129617</speed><course>141.349365</course><hAcc>1.700807</hAcc><vAcc>0.808758</vAcc></extensions></trkpt>
      <trkpt lon="-76.448109" lat="39.345219"><ele>22.022249</ele><time>2022-02-23T22:37:57Z</time><extensions><speed>1.167216</speed><course>135.716125</course><hAcc>1.709261</hAcc><vAcc>0.808655</vAcc></extensions></trkpt>
      <trkpt lon="-76.448099" lat="39.345212"><ele>21.989397</ele><time>2022-02-23T22:37:58Z</time><extensions><speed>1.151514</speed><course>129.389679</course><hAcc>1.711366</hAcc><vAcc>0.808593</vAcc></extensions></trkpt>
      <trkpt lon="-76.448088" lat="39.345206"><ele>21.967945</ele><time>2022-02-23T22:37:59Z</time><extensions><speed>1.220989</speed><course>123.356277</course><hAcc>1.709479</hAcc><vAcc>0.808547</vAcc></extensions></trkpt>
      <trkpt lon="-76.448075" lat="39.345200"><ele>21.921093</ele><time>2022-02-23T22:38:00Z</time><extensions><speed>1.354103</speed><course>118.664886</course><hAcc>1.693131</hAcc><vAcc>0.808501</vAcc></extensions></trkpt>
      <trkpt lon="-76.448060" lat="39.345194"><ele>21.880911</ele><time>2022-02-23T22:38:01Z</time><extensions><speed>1.473624</speed><course>114.869240</course><hAcc>1.680775</hAcc><vAcc>0.808468</vAcc></extensions></trkpt>
      <trkpt lon="-76.448044" lat="39.345189"><ele>21.855083</ele><time>2022-02-23T22:38:02Z</time><extensions><speed>1.532694</speed><course>111.439514</course><hAcc>1.696575</hAcc><vAcc>0.808451</vAcc></extensions></trkpt>
      <trkpt lon="-76.448028" lat="39.345184"><ele>21.817942</ele><time>2022-02-23T22:38:03Z</time><extensions><speed>1.503886</speed><course>108.325668</course><hAcc>1.740357</hAcc><vAcc>0.808460</vAcc></extensions></trkpt>
      <trkpt lon="-76.448011" lat="39.345180"><ele>21.779768</ele><time>2022-02-23T22:38:04Z</time><extensions><speed>1.426023</speed><course>107.802437</course><hAcc>1.700219</hAcc><vAcc>0.808501</vAcc></extensions></trkpt>
      <trkpt lon="-76.447996" lat="39.345176"><ele>21.754198</ele><time>2022-02-23T22:38:05Z</time><extensions><speed>1.336061</speed><course>108.800209</course><hAcc>1.670435</hAcc><vAcc>0.808569</vAcc></extensions></trkpt>
      <trkpt lon="-76.447981" lat="39.345172"><ele>21.737928</ele><time>2022-02-23T22:38:06Z</time><extensions><speed>1.359241</speed><course>110.703011</course><hAcc>1.670856</hAcc><vAcc>0.808651</vAcc></extensions></trkpt>
      <trkpt lon="-76.447967" lat="39.345168"><ele>21.710163</ele><time>2022-02-23T22:38:07Z</time><extensions><speed>1.369982</speed><course>113.113701</course><hAcc>1.687053</hAcc><vAcc>0.808705</vAcc></extensions></trkpt>
      <trkpt lon="-76.447952" lat="39.345163"><ele>21.686989</ele><time>2022-02-23T22:38:08Z</time><extensions><speed>1.348008</speed><course>115.060646</course><hAcc>1.699903</hAcc><vAcc>0.808689</vAcc></extensions></trkpt>
      <trkpt lon="-76.447938" lat="39.345157"><ele>21.672569</ele><time>2022-02-23T22:38:09Z</time><extensions><speed>1.334052</speed><course>115.887840</course><hAcc>1.713290</hAcc><vAcc>0.808562</vAcc></extensions></trkpt>
      <trkpt lon="-76.447924" lat="39.345152"><ele>21.666538</ele><time>2022-02-23T22:38:10Z</time><extensions><speed>1.285134</speed><course>114.141235</course><hAcc>1.709311</hAcc><vAcc>0.808427</vAcc></extensions></trkpt>
      <trkpt lon="-76.447911" lat="39.345148"><ele>21.654510</ele><time>2022-02-23T22:38:11Z</time><extensions><speed>1.275955</speed><course>111.809181</course><hAcc>1.684094</hAcc><vAcc>0.808178</vAcc></extensions></trkpt>
      <trkpt lon="-76.447896" lat="39.345144"><ele>21.607658</ele><time>2022-02-23T22:38:12Z</time><extensions><speed>1.336796</speed><course>108.334450</course><hAcc>1.669988</hAcc><vAcc>0.807891</vAcc></extensions></trkpt>
      <trkpt lon="-76.447881" lat="39.345140"><ele>21.585457</ele><time>2022-02-23T22:38:13Z</time><extensions><speed>1.417314</speed><course>103.842316</course><hAcc>1.673252</hAcc><vAcc>0.807555</vAcc></extensions></trkpt>
      <trkpt lon="-76.447864" lat="39.345138"><ele>21.543009</ele><time>2022-02-23T22:38:14Z</time><extensions><speed>1.540635</speed><course>100.006035</course><hAcc>1.697326</hAcc><vAcc>0.807168</vAcc></extensions></trkpt>
      <trkpt lon="-76.447846" lat="39.345135"><ele>21.503284</ele><time>2022-02-23T22:38:15Z</time><extensions><speed>1.578952</speed><course>99.301460</course><hAcc>1.735623</hAcc><vAcc>0.806732</vAcc></extensions></trkpt>
      <trkpt lon="-76.447828" lat="39.345133"><ele>21.452848</ele><time>2022-02-23T22:38:16Z</time><extensions><speed>1.626123</speed><course>98.211845</course><hAcc>1.720326</hAcc><vAcc>0.806276</vAcc></extensions></trkpt>
      <trkpt lon="-76.447809" lat="39.345131"><ele>21.424873</ele><time>2022-02-23T22:38:17Z</time><extensions><speed>1.671193</speed><course>98.327507</course><hAcc>1.699877</hAcc><vAcc>0.805839</vAcc></extensions></trkpt>
      <trkpt lon="-76.447790" lat="39.345129"><ele>21.401176</ele><time>2022-02-23T22:38:18Z</time><extensions><speed>1.643477</speed><course>98.458633</course><hAcc>1.698795</hAcc><vAcc>0.805487</vAcc></extensions></trkpt>
      <trkpt lon="-76.447771" lat="39.345126"><ele>21.385471</ele><time>2022-02-23T22:38:19Z</time><extensions><speed>1.590914</speed><course>98.972794</course><hAcc>1.696253</hAcc><vAcc>0.805257</vAcc></extensions></trkpt>
      <trkpt lon="-76.447753" lat="39.345124"><ele>21.404810</ele><time>2022-02-23T22:38:20Z</time><extensions><speed>1.538334</speed><course>98.444725</course><hAcc>1.679250</hAcc><vAcc>0.805184</vAcc></extensions></trkpt>
      <trkpt lon="-76.447735" lat="39.345122"><ele>21.404793</ele><time>2022-02-23T22:38:21Z</time><extensions><speed>1.520609</speed><course>98.809090</course><hAcc>1.647557</hAcc><vAcc>0.805279</vAcc></extensions></trkpt>
      <trkpt lon="-76.447717" lat="39.345120"><ele>21.402143</ele><time>2022-02-23T22:38:22Z</time><extensions><speed>1.555726</speed><course>99.634270</course><hAcc>1.626393</hAcc><vAcc>0.805523</vAcc></extensions></trkpt>
      <trkpt lon="-76.447700" lat="39.345118"><ele>21.379007</ele><time>2022-02-23T22:38:23Z</time><extensions><speed>1.544760</speed><course>96.978371</course><hAcc>1.637002</hAcc><vAcc>0.805903</vAcc></extensions></trkpt>
      <trkpt lon="-76.447682" lat="39.345117"><ele>21.370502</ele><time>2022-02-23T22:38:24Z</time><extensions><speed>1.511647</speed><course>97.100365</course><hAcc>1.650958</hAcc><vAcc>0.806391</vAcc></extensions></trkpt>
      <trkpt lon="-76.447664" lat="39.345115"><ele>21.360676</ele><time>2022-02-23T22:38:25Z</time><extensions><speed>1.538309</speed><course>96.945473</course><hAcc>1.614508</hAcc><vAcc>0.806938</vAcc></extensions></trkpt>
      <trkpt lon="-76.447646" lat="39.345113"><ele>21.360029</ele><time>2022-02-23T22:38:26Z</time><extensions><speed>1.585814</speed><course>96.170731</course><hAcc>1.573829</hAcc><vAcc>0.807499</vAcc></extensions></trkpt>
      <trkpt lon="-76.447628" lat="39.345112"><ele>21.367395</ele><time>2022-02-23T22:38:27Z</time><extensions><speed>1.603050</speed><course>92.493416</course><hAcc>1.587094</hAcc><vAcc>0.808058</vAcc></extensions></trkpt>
      <trkpt lon="-76.447609" lat="39.345112"><ele>21.371410</ele><time>2022-02-23T22:38:28Z</time><extensions><speed>1.644725</speed><course>86.689392</course><hAcc>1.563997</hAcc><vAcc>0.808599</vAcc></extensions></trkpt>
      <trkpt lon="-76.447590" lat="39.345114"><ele>21.390551</ele><time>2022-02-23T22:38:29Z</time><extensions><speed>1.634092</speed><course>82.589996</course><hAcc>1.557500</hAcc><vAcc>0.809097</vAcc></extensions></trkpt>
      <trkpt lon="-76.447571" lat="39.345116"><ele>21.414066</ele><time>2022-02-23T22:38:30Z</time><extensions><speed>1.599115</speed><course>77.302460</course><hAcc>1.565028</hAcc><vAcc>0.809601</vAcc></extensions></trkpt>
      <trkpt lon="-76.447553" lat="39.345120"><ele>21.425364</ele><time>2022-02-23T22:38:31Z</time><extensions><speed>1.617511</speed><course>74.430992</course><hAcc>1.587790</hAcc><vAcc>0.810092</vAcc></extensions></trkpt>
      <trkpt lon="-76.447535" lat="39.345124"><ele>21.421524</ele><time>2022-02-23T22:38:32Z</time><extensions><speed>1.616154</speed><course>74.228401</course><hAcc>1.573581</hAcc><vAcc>0.810589</vAcc></extensions></trkpt>
      <trkpt lon="-76.447518" lat="39.345128"><ele>21.434212</ele><time>2022-02-23T22:38:33Z</time><extensions><speed>1.536001</speed><course>76.412224</course><hAcc>1.583834</hAcc><vAcc>0.811041</vAcc></extensions></trkpt>
      <trkpt lon="-76.447500" lat="39.345131"><ele>21.432358</ele><time>2022-02-23T22:38:34Z</time><extensions><speed>1.607731</speed><course>75.539467</course><hAcc>1.565255</hAcc><vAcc>0.811437</vAcc></extensions></trkpt>
      <trkpt lon="-76.447483" lat="39.345135"><ele>21.429819</ele><time>2022-02-23T22:38:35Z</time><extensions><speed>1.562831</speed><course>79.339951</course><hAcc>1.601502</hAcc><vAcc>0.811772</vAcc></extensions></trkpt>
      <trkpt lon="-76.447465" lat="39.345137"><ele>21.426432</ele><time>2022-02-23T22:38:36Z</time><extensions><speed>1.543161</speed><course>79.608643</course><hAcc>1.584036</hAcc><vAcc>0.812073</vAcc></extensions></trkpt>
      <trkpt lon="-76.447448" lat="39.345140"><ele>21.428923</ele><time>2022-02-23T22:38:37Z</time><extensions><speed>1.484307</speed><course>78.635574</course><hAcc>1.573165</hAcc><vAcc>0.812338</vAcc></extensions></trkpt>
      <trkpt lon="-76.447431" lat="39.345143"><ele>21.428116</ele><time>2022-02-23T22:38:38Z</time><extensions><speed>1.430116</speed><course>78.125633</course><hAcc>1.555931</hAcc><vAcc>0.812589</vAcc></extensions></trkpt>
      <trkpt lon="-76.447415" lat="39.345145"><ele>21.425816</ele><time>2022-02-23T22:38:39Z</time><extensions><speed>1.459518</speed><course>78.368279</course><hAcc>1.572806</hAcc><vAcc>0.812808</vAcc></extensions></trkpt>
      <trkpt lon="-76.447398" lat="39.345148"><ele>21.425848</ele><time>2022-02-23T22:38:40Z</time><extensions><speed>1.394817</speed><course>81.778595</course><hAcc>1.631475</hAcc><vAcc>0.812996</vAcc></extensions></trkpt>
      <trkpt lon="-76.447383" lat="39.345150"><ele>21.413111</ele><time>2022-02-23T22:38:41Z</time><extensions><speed>1.288224</speed><course>72.822159</course><hAcc>1.623029</hAcc><vAcc>0.813132</vAcc></extensions></trkpt>
      <trkpt lon="-76.447370" lat="39.345154"><ele>21.398287</ele><time>2022-02-23T22:38:42Z</time><extensions><speed>1.029274</speed><course>65.560501</course><hAcc>1.614946</hAcc><vAcc>0.813209</vAcc></extensions></trkpt>
      <trkpt lon="-76.447363" lat="39.345158"><ele>21.395435</ele><time>2022-02-23T22:38:43Z</time><extensions><speed>0.546823</speed><course>40.103821</course><hAcc>1.590551</hAcc><vAcc>0.813241</vAcc></extensions></trkpt>
      <trkpt lon="-76.447360" lat="39.345161"><ele>21.391909</ele><time>2022-02-23T22:38:44Z</time><extensions><speed>0.352725</speed><course>19.808027</course><hAcc>1.605006</hAcc><vAcc>0.813234</vAcc></extensions></trkpt>
      <trkpt lon="-76.447358" lat="39.345164"><ele>21.370037</ele><time>2022-02-23T22:38:45Z</time><extensions><speed>0.386015</speed><course>27.551081</course><hAcc>1.622324</hAcc><vAcc>0.813132</vAcc></extensions></trkpt>
      <trkpt lon="-76.447355" lat="39.345168"><ele>21.338243</ele><time>2022-02-23T22:38:46Z</time><extensions><speed>0.601904</speed><course>46.305782</course><hAcc>1.629570</hAcc><vAcc>0.812982</vAcc></extensions></trkpt>
      <trkpt lon="-76.447347" lat="39.345172"><ele>21.334259</ele><time>2022-02-23T22:38:47Z</time><extensions><speed>1.143537</speed><course>56.685036</course><hAcc>1.627225</hAcc><vAcc>0.812787</vAcc></extensions></trkpt>
      <trkpt lon="-76.447333" lat="39.345178"><ele>21.334728</ele><time>2022-02-23T22:38:48Z</time><extensions><speed>1.500370</speed><course>66.172623</course><hAcc>1.659655</hAcc><vAcc>0.812504</vAcc></extensions></trkpt>
      <trkpt lon="-76.447317" lat="39.345183"><ele>21.319803</ele><time>2022-02-23T22:38:49Z</time><extensions><speed>1.502462</speed><course>71.789734</course><hAcc>1.711228</hAcc><vAcc>0.812151</vAcc></extensions></trkpt>
      <trkpt lon="-76.447301" lat="39.345187"><ele>21.313839</ele><time>2022-02-23T22:38:50Z</time><extensions><speed>1.461659</speed><course>71.551605</course><hAcc>1.662028</hAcc><vAcc>0.811704</vAcc></extensions></trkpt>
      <trkpt lon="-76.447285" lat="39.345192"><ele>21.345518</ele><time>2022-02-23T22:38:51Z</time><extensions><speed>1.400326</speed><course>67.637581</course><hAcc>1.638643</hAcc><vAcc>0.811240</vAcc></extensions></trkpt>
      <trkpt lon="-76.447270" lat="39.345197"><ele>21.364853</ele><time>2022-02-23T22:38:52Z</time><extensions><speed>1.472644</speed><course>63.452175</course><hAcc>1.648977</hAcc><vAcc>0.810742</vAcc></extensions></trkpt>
      <trkpt lon="-76.447255" lat="39.345203"><ele>21.399895</ele><time>2022-02-23T22:38:53Z</time><extensions><speed>1.524568</speed><course>59.488438</course><hAcc>1.678214</hAcc><vAcc>0.810254</vAcc></extensions></trkpt>
      <trkpt lon="-76.447240" lat="39.345211"><ele>21.426632</ele><time>2022-02-23T22:38:54Z</time><extensions><speed>1.443974</speed><course>56.825108</course><hAcc>1.717488</hAcc><vAcc>0.809745</vAcc></extensions></trkpt>
      <trkpt lon="-76.447227" lat="39.345218"><ele>21.448444</ele><time>2022-02-23T22:38:55Z</time><extensions><speed>1.363849</speed><course>54.558529</course><hAcc>1.701401</hAcc><vAcc>0.809293</vAcc></extensions></trkpt>
      <trkpt lon="-76.447214" lat="39.345225"><ele>21.476633</ele><time>2022-02-23T22:38:56Z</time><extensions><speed>1.353846</speed><course>50.063576</course><hAcc>1.694048</hAcc><vAcc>0.808873</vAcc></extensions></trkpt>
      <trkpt lon="-76.447203" lat="39.345233"><ele>21.514851</ele><time>2022-02-23T22:38:57Z</time><extensions><speed>1.383377</speed><course>46.892689</course><hAcc>1.698108</hAcc><vAcc>0.808561</vAcc></extensions></trkpt>
      <trkpt lon="-76.447191" lat="39.345242"><ele>21.578739</ele><time>2022-02-23T22:38:58Z</time><extensions><speed>1.394229</speed><course>45.036510</course><hAcc>1.699488</hAcc><vAcc>0.808400</vAcc></extensions></trkpt>
      <trkpt lon="-76.447180" lat="39.345251"><ele>21.653904</ele><time>2022-02-23T22:38:59Z</time><extensions><speed>1.363459</speed><course>43.610382</course><hAcc>1.691975</hAcc><vAcc>0.808423</vAcc></extensions></trkpt>
      <trkpt lon="-76.447169" lat="39.345260"><ele>21.726929</ele><time>2022-02-23T22:39:00Z</time><extensions><speed>1.366389</speed><course>41.846119</course><hAcc>1.672332</hAcc><vAcc>0.808631</vAcc></extensions></trkpt>
      <trkpt lon="-76.447158" lat="39.345269"><ele>21.763866</ele><time>2022-02-23T22:39:02Z</time><extensions><speed>1.415889</speed><course>42.046600</course><hAcc>1.650206</hAcc><vAcc>0.809012</vAcc></extensions></trkpt>
      <trkpt lon="-76.447146" lat="39.345279"><ele>21.801142</ele><time>2022-02-23T22:39:03Z</time><extensions><speed>1.542441</speed><course>44.654957</course><hAcc>1.641808</hAcc><vAcc>0.809542</vAcc></extensions></trkpt>
      <trkpt lon="-76.447133" lat="39.345289"><ele>21.849644</ele><time>2022-02-23T22:39:04Z</time><extensions><speed>1.537071</speed><course>47.849777</course><hAcc>1.658442</hAcc><vAcc>0.810226</vAcc></extensions></trkpt>
      <trkpt lon="-76.447121" lat="39.345298"><ele>21.906265</ele><time>2022-02-23T22:39:05Z</time><extensions><speed>1.556739</speed><course>43.928993</course><hAcc>1.630626</hAcc><vAcc>0.810993</vAcc></extensions></trkpt>
      <trkpt lon="-76.447109" lat="39.345309"><ele>21.952955</ele><time>2022-02-23T22:39:06Z</time><extensions><speed>1.532260</speed><course>39.977940</course><hAcc>1.622393</hAcc><vAcc>0.811778</vAcc></extensions></trkpt>
      <trkpt lon="-76.447097" lat="39.345319"><ele>21.981804</ele><time>2022-02-23T22:39:07Z</time><extensions><speed>1.492640</speed><course>40.642414</course><hAcc>1.584418</hAcc><vAcc>0.812548</vAcc></extensions></trkpt>
      <trkpt lon="-76.447086" lat="39.345329"><ele>22.015465</ele><time>2022-02-23T22:39:08Z</time><extensions><speed>1.390132</speed><course>41.435448</course><hAcc>1.571326</hAcc><vAcc>0.813278</vAcc></extensions></trkpt>
      <trkpt lon="-76.447075" lat="39.345338"><ele>22.031006</ele><time>2022-02-23T22:39:09Z</time><extensions><speed>1.438219</speed><course>44.430527</course><hAcc>1.588836</hAcc><vAcc>0.813947</vAcc></extensions></trkpt>
      <trkpt lon="-76.447063" lat="39.345347"><ele>22.040720</ele><time>2022-02-23T22:39:10Z</time><extensions><speed>1.391809</speed><course>47.139923</course><hAcc>1.631733</hAcc><vAcc>0.814547</vAcc></extensions></trkpt>
      <trkpt lon="-76.447051" lat="39.345355"><ele>22.056135</ele><time>2022-02-23T22:39:11Z</time><extensions><speed>1.343712</speed><course>48.589809</course><hAcc>1.579206</hAcc><vAcc>0.815056</vAcc></extensions></trkpt>
      <trkpt lon="-76.447039" lat="39.345363"><ele>22.057610</ele><time>2022-02-23T22:39:12Z</time><extensions><speed>1.355122</speed><course>50.240662</course><hAcc>1.550039</hAcc><vAcc>0.815478</vAcc></extensions></trkpt>
      <trkpt lon="-76.447027" lat="39.345371"><ele>22.073778</ele><time>2022-02-23T22:39:13Z</time><extensions><speed>1.453351</speed><course>50.032589</course><hAcc>1.568410</hAcc><vAcc>0.815787</vAcc></extensions></trkpt>
      <trkpt lon="-76.447014" lat="39.345379"><ele>22.079466</ele><time>2022-02-23T22:39:14Z</time><extensions><speed>1.437509</speed><course>49.957031</course><hAcc>1.604791</hAcc><vAcc>0.816005</vAcc></extensions></trkpt>
      <trkpt lon="-76.447001" lat="39.345387"><ele>22.076736</ele><time>2022-02-23T22:39:15Z</time><extensions><speed>1.353784</speed><course>48.746159</course><hAcc>1.593692</hAcc><vAcc>0.816110</vAcc></extensions></trkpt>
      <trkpt lon="-76.446990" lat="39.345395"><ele>22.068857</ele><time>2022-02-23T22:39:16Z</time><extensions><speed>1.290911</speed><course>50.307186</course><hAcc>1.618245</hAcc><vAcc>0.816115</vAcc></extensions></trkpt>
      <trkpt lon="-76.446977" lat="39.345402"><ele>22.067133</ele><time>2022-02-23T22:39:17Z</time><extensions><speed>1.284248</speed><course>56.694290</course><hAcc>1.595384</hAcc><vAcc>0.816035</vAcc></extensions></trkpt>
      <trkpt lon="-76.446965" lat="39.345408"><ele>22.087420</ele><time>2022-02-23T22:39:18Z</time><extensions><speed>1.359499</speed><course>57.724060</course><hAcc>1.596204</hAcc><vAcc>0.815917</vAcc></extensions></trkpt>
      <trkpt lon="-76.446950" lat="39.345415"><ele>22.100945</ele><time>2022-02-23T22:39:19Z</time><extensions><speed>1.457900</speed><course>60.678928</course><hAcc>1.611290</hAcc><vAcc>0.815743</vAcc></extensions></trkpt>
      <trkpt lon="-76.446935" lat="39.345421"><ele>22.122143</ele><time>2022-02-23T22:39:20Z</time><extensions><speed>1.512720</speed><course>60.872147</course><hAcc>1.621882</hAcc><vAcc>0.815543</vAcc></extensions></trkpt>
      <trkpt lon="-76.446920" lat="39.345428"><ele>22.154190</ele><time>2022-02-23T22:39:21Z</time><extensions><speed>1.547414</speed><course>61.156532</course><hAcc>1.637291</hAcc><vAcc>0.815315</vAcc></extensions></trkpt>
      <trkpt lon="-76.446904" lat="39.345435"><ele>22.156620</ele><time>2022-02-23T22:39:22Z</time><extensions><speed>1.537830</speed><course>59.108150</course><hAcc>1.659636</hAcc><vAcc>0.815057</vAcc></extensions></trkpt>
      <trkpt lon="-76.446888" lat="39.345442"><ele>22.142004</ele><time>2022-02-23T22:39:23Z</time><extensions><speed>1.595583</speed><course>60.565800</course><hAcc>1.638951</hAcc><vAcc>0.814853</vAcc></extensions></trkpt>
      <trkpt lon="-76.446873" lat="39.345448"><ele>22.164934</ele><time>2022-02-23T22:39:24Z</time><extensions><speed>1.534079</speed><course>60.581997</course><hAcc>1.643076</hAcc><vAcc>0.814716</vAcc></extensions></trkpt>
      <trkpt lon="-76.446857" lat="39.345455"><ele>22.175632</ele><time>2022-02-23T22:39:25Z</time><extensions><speed>1.525542</speed><course>64.334892</course><hAcc>1.611004</hAcc><vAcc>0.814616</vAcc></extensions></trkpt>
      <trkpt lon="-76.446841" lat="39.345460"><ele>22.189610</ele><time>2022-02-23T22:39:26Z</time><extensions><speed>1.517861</speed><course>67.513176</course><hAcc>1.580839</hAcc><vAcc>0.814533</vAcc></extensions></trkpt>
      <trkpt lon="-76.446824" lat="39.345465"><ele>22.198328</ele><time>2022-02-23T22:39:27Z</time><extensions><speed>1.529063</speed><course>70.825928</course><hAcc>1.557532</hAcc><vAcc>0.814506</vAcc></extensions></trkpt>
      <trkpt lon="-76.446807" lat="39.345470"><ele>22.200035</ele><time>2022-02-23T22:39:28Z</time><extensions><speed>1.495966</speed><course>68.727753</course><hAcc>1.558308</hAcc><vAcc>0.814507</vAcc></extensions></trkpt>
      <trkpt lon="-76.446791" lat="39.345475"><ele>22.204544</ele><time>2022-02-23T22:39:29Z</time><extensions><speed>1.485212</speed><course>63.618629</course><hAcc>1.563974</hAcc><vAcc>0.814555</vAcc></extensions></trkpt>
      <trkpt lon="-76.446776" lat="39.345481"><ele>22.211662</ele><time>2022-02-23T22:39:30Z</time><extensions><speed>1.450938</speed><course>61.524364</course><hAcc>1.550519</hAcc><vAcc>0.814623</vAcc></extensions></trkpt>
      <trkpt lon="-76.446761" lat="39.345487"><ele>22.235449</ele><time>2022-02-23T22:39:31Z</time><extensions><speed>1.443539</speed><course>64.184303</course><hAcc>1.487084</hAcc><vAcc>0.814679</vAcc></extensions></trkpt>
      <trkpt lon="-76.446746" lat="39.345492"><ele>22.236568</ele><time>2022-02-23T22:39:32Z</time><extensions><speed>1.449990</speed><course>63.198925</course><hAcc>1.459585</hAcc><vAcc>0.814731</vAcc></extensions></trkpt>
      <trkpt lon="-76.446731" lat="39.345498"><ele>22.234053</ele><time>2022-02-23T22:39:33Z</time><extensions><speed>1.374192</speed><course>61.761852</course><hAcc>1.511152</hAcc><vAcc>0.814756</vAcc></extensions></trkpt>
      <trkpt lon="-76.446717" lat="39.345505"><ele>22.239094</ele><time>2022-02-23T22:39:34Z</time><extensions><speed>1.434928</speed><course>56.953918</course><hAcc>1.502743</hAcc><vAcc>0.814743</vAcc></extensions></trkpt>
      <trkpt lon="-76.446703" lat="39.345512"><ele>22.253752</ele><time>2022-02-23T22:39:35Z</time><extensions><speed>1.482721</speed><course>57.463581</course><hAcc>1.457602</hAcc><vAcc>0.814673</vAcc></extensions></trkpt>
      <trkpt lon="-76.446688" lat="39.345519"><ele>22.282417</ele><time>2022-02-23T22:39:36Z</time><extensions><speed>1.497501</speed><course>55.773914</course><hAcc>1.463466</hAcc><vAcc>0.814534</vAcc></extensions></trkpt>
      <trkpt lon="-76.446674" lat="39.345527"><ele>22.311090</ele><time>2022-02-23T22:39:37Z</time><extensions><speed>1.466149</speed><course>54.566803</course><hAcc>1.515826</hAcc><vAcc>0.814366</vAcc></extensions></trkpt>
      <trkpt lon="-76.446660" lat="39.345535"><ele>22.325556</ele><time>2022-02-23T22:39:38Z</time><extensions><speed>1.467031</speed><course>55.835495</course><hAcc>1.503748</hAcc><vAcc>0.814105</vAcc></extensions></trkpt>
      <trkpt lon="-76.446646" lat="39.345542"><ele>22.330790</ele><time>2022-02-23T22:39:39Z</time><extensions><speed>1.452644</speed><course>56.120312</course><hAcc>1.554460</hAcc><vAcc>0.813830</vAcc></extensions></trkpt>
      <trkpt lon="-76.446631" lat="39.345549"><ele>22.331301</ele><time>2022-02-23T22:39:40Z</time><extensions><speed>1.452031</speed><course>61.645695</course><hAcc>1.531029</hAcc><vAcc>0.813525</vAcc></extensions></trkpt>
      <trkpt lon="-76.446616" lat="39.345555"><ele>22.373238</ele><time>2022-02-23T22:39:41Z</time><extensions><speed>1.501267</speed><course>60.834137</course><hAcc>1.524355</hAcc><vAcc>0.813204</vAcc></extensions></trkpt>
      <trkpt lon="-76.446601" lat="39.345562"><ele>22.429844</ele><time>2022-02-23T22:39:42Z</time><extensions><speed>1.474586</speed><course>58.499805</course><hAcc>1.545038</hAcc><vAcc>0.812863</vAcc></extensions></trkpt>
      <trkpt lon="-76.446588" lat="39.345570"><ele>22.495018</ele><time>2022-02-23T22:39:43Z</time><extensions><speed>1.411939</speed><course>53.647671</course><hAcc>1.568502</hAcc><vAcc>0.812567</vAcc></extensions></trkpt>
      <trkpt lon="-76.446575" lat="39.345577"><ele>22.565884</ele><time>2022-02-23T22:39:44Z</time><extensions><speed>1.292623</speed><course>48.348976</course><hAcc>1.601710</hAcc><vAcc>0.812277</vAcc></extensions></trkpt>
      <trkpt lon="-76.446564" lat="39.345586"><ele>22.646667</ele><time>2022-02-23T22:39:45Z</time><extensions><speed>1.401216</speed><course>46.006027</course><hAcc>1.590965</hAcc><vAcc>0.812025</vAcc></extensions></trkpt>
      <trkpt lon="-76.446552" lat="39.345595"><ele>22.708988</ele><time>2022-02-23T22:39:46Z</time><extensions><speed>1.558685</speed><course>44.688095</course><hAcc>1.541515</hAcc><vAcc>0.811856</vAcc></extensions></trkpt>
      <trkpt lon="-76.446539" lat="39.345605"><ele>22.750719</ele><time>2022-02-23T22:39:47Z</time><extensions><speed>1.555199</speed><course>44.095291</course><hAcc>1.516140</hAcc><vAcc>0.811699</vAcc></extensions></trkpt>
      <trkpt lon="-76.446527" lat="39.345616"><ele>22.780348</ele><time>2022-02-23T22:39:48Z</time><extensions><speed>1.578040</speed><course>44.412834</course><hAcc>1.491372</hAcc><vAcc>0.811551</vAcc></extensions></trkpt>
      <trkpt lon="-76.446514" lat="39.345625"><ele>22.798702</ele><time>2022-02-23T22:39:49Z</time><extensions><speed>1.486597</speed><course>46.446484</course><hAcc>1.522738</hAcc><vAcc>0.811446</vAcc></extensions></trkpt>
      <trkpt lon="-76.446501" lat="39.345634"><ele>22.818878</ele><time>2022-02-23T22:39:50Z</time><extensions><speed>1.473899</speed><course>47.746990</course><hAcc>1.515218</hAcc><vAcc>0.811336</vAcc></extensions></trkpt>
      <trkpt lon="-76.446489" lat="39.345644"><ele>22.853928</ele><time>2022-02-23T22:39:51Z</time><extensions><speed>1.495268</speed><course>46.222458</course><hAcc>1.505988</hAcc><vAcc>0.811263</vAcc></extensions></trkpt>
      <trkpt lon="-76.446477" lat="39.345653"><ele>22.865889</ele><time>2022-02-23T22:39:52Z</time><extensions><speed>1.385153</speed><course>45.357174</course><hAcc>1.520184</hAcc><vAcc>0.811177</vAcc></extensions></trkpt>
      <trkpt lon="-76.446465" lat="39.345662"><ele>22.884233</ele><time>2022-02-23T22:39:53Z</time><extensions><speed>1.485384</speed><course>41.357048</course><hAcc>1.511260</hAcc><vAcc>0.811046</vAcc></extensions></trkpt>
      <trkpt lon="-76.446454" lat="39.345673"><ele>22.883066</ele><time>2022-02-23T22:39:54Z</time><extensions><speed>1.609901</speed><course>40.866055</course><hAcc>1.497433</hAcc><vAcc>0.810892</vAcc></extensions></trkpt>
      <trkpt lon="-76.446441" lat="39.345684"><ele>22.852190</ele><time>2022-02-23T22:39:55Z</time><extensions><speed>1.615799</speed><course>40.335754</course><hAcc>1.542505</hAcc><vAcc>0.810709</vAcc></extensions></trkpt>
      <trkpt lon="-76.446430" lat="39.345694"><ele>22.823195</ele><time>2022-02-23T22:39:56Z</time><extensions><speed>1.497786</speed><course>41.217243</course><hAcc>1.612694</hAcc><vAcc>0.810505</vAcc></extensions></trkpt>
      <trkpt lon="-76.446418" lat="39.345704"><ele>22.789589</ele><time>2022-02-23T22:39:57Z</time><extensions><speed>1.494174</speed><course>41.072174</course><hAcc>1.590167</hAcc><vAcc>0.810339</vAcc></extensions></trkpt>
      <trkpt lon="-76.446407" lat="39.345715"><ele>22.750422</ele><time>2022-02-23T22:39:58Z</time><extensions><speed>1.551518</speed><course>39.165142</course><hAcc>1.587223</hAcc><vAcc>0.810194</vAcc></extensions></trkpt>
      <trkpt lon="-76.446396" lat="39.345726"><ele>22.732597</ele><time>2022-02-23T22:39:59Z</time><extensions><speed>1.579174</speed><course>38.117859</course><hAcc>1.605218</hAcc><vAcc>0.810090</vAcc></extensions></trkpt>
      <trkpt lon="-76.446384" lat="39.345737"><ele>22.691149</ele><time>2022-02-23T22:39:59Z</time><extensions><speed>1.629577</speed><course>36.478371</course><hAcc>1.622745</hAcc><vAcc>0.810053</vAcc></extensions></trkpt>
      <trkpt lon="-76.446374" lat="39.345749"><ele>22.653330</ele><time>2022-02-23T22:40:00Z</time><extensions><speed>1.520470</speed><course>34.436947</course><hAcc>1.650399</hAcc><vAcc>0.810042</vAcc></extensions></trkpt>
      <trkpt lon="-76.446364" lat="39.345760"><ele>22.622021</ele><time>2022-02-23T22:40:01Z</time><extensions><speed>1.459106</speed><course>33.133423</course><hAcc>1.635892</hAcc><vAcc>0.810081</vAcc></extensions></trkpt>
      <trkpt lon="-76.446356" lat="39.345771"><ele>22.577656</ele><time>2022-02-23T22:40:02Z</time><extensions><speed>1.384425</speed><course>32.687431</course><hAcc>1.614827</hAcc><vAcc>0.810168</vAcc></extensions></trkpt>
      <trkpt lon="-76.446347" lat="39.345782"><ele>22.537708</ele><time>2022-02-23T22:40:03Z</time><extensions><speed>1.381912</speed><course>32.176720</course><hAcc>1.583346</hAcc><vAcc>0.810297</vAcc></extensions></trkpt>
      <trkpt lon="-76.446338" lat="39.345793"><ele>22.516077</ele><time>2022-02-23T22:40:04Z</time><extensions><speed>1.444412</speed><course>31.095144</course><hAcc>1.549492</hAcc><vAcc>0.810440</vAcc></extensions></trkpt>
      <trkpt lon="-76.446329" lat="39.345804"><ele>22.483816</ele><time>2022-02-23T22:40:05Z</time><extensions><speed>1.537944</speed><course>31.051010</course><hAcc>1.532763</hAcc><vAcc>0.810668</vAcc></extensions></trkpt>
      <trkpt lon="-76.446320" lat="39.345816"><ele>22.451326</ele><time>2022-02-23T22:40:06Z</time><extensions><speed>1.503132</speed><course>31.343782</course><hAcc>1.546162</hAcc><vAcc>0.810911</vAcc></extensions></trkpt>
      <trkpt lon="-76.446311" lat="39.345828"><ele>22.421253</ele><time>2022-02-23T22:40:07Z</time><extensions><speed>1.524370</speed><course>29.618958</course><hAcc>1.492981</hAcc><vAcc>0.811212</vAcc></extensions></trkpt>
      <trkpt lon="-76.446303" lat="39.345840"><ele>22.383091</ele><time>2022-02-23T22:40:08Z</time><extensions><speed>1.455315</speed><course>31.695723</course><hAcc>1.503074</hAcc><vAcc>0.811507</vAcc></extensions></trkpt>
      <trkpt lon="-76.446294" lat="39.345852"><ele>22.367426</ele><time>2022-02-23T22:40:09Z</time><extensions><speed>1.480127</speed><course>29.319807</course><hAcc>1.479957</hAcc><vAcc>0.811803</vAcc></extensions></trkpt>
      <trkpt lon="-76.446286" lat="39.345864"><ele>22.339521</ele><time>2022-02-23T22:40:10Z</time><extensions><speed>1.515324</speed><course>26.158798</course><hAcc>1.433174</hAcc><vAcc>0.812069</vAcc></extensions></trkpt>
      <trkpt lon="-76.446279" lat="39.345876"><ele>22.308950</ele><time>2022-02-23T22:40:11Z</time><extensions><speed>1.451082</speed><course>26.006754</course><hAcc>1.458315</hAcc><vAcc>0.812303</vAcc></extensions></trkpt>
      <trkpt lon="-76.446272" lat="39.345888"><ele>22.312576</ele><time>2022-02-23T22:40:12Z</time><extensions><speed>1.365826</speed><course>25.093792</course><hAcc>1.465575</hAcc><vAcc>0.812517</vAcc></extensions></trkpt>
      <trkpt lon="-76.446265" lat="39.345900"><ele>22.295383</ele><time>2022-02-23T22:40:13Z</time><extensions><speed>1.509842</speed><course>24.862881</course><hAcc>1.448810</hAcc><vAcc>0.812742</vAcc></extensions></trkpt>
      <trkpt lon="-76.446257" lat="39.345912"><ele>22.286495</ele><time>2022-02-23T22:40:14Z</time><extensions><speed>1.607017</speed><course>26.954857</course><hAcc>1.434672</hAcc><vAcc>0.812955</vAcc></extensions></trkpt>
      <trkpt lon="-76.446248" lat="39.345925"><ele>22.279430</ele><time>2022-02-23T22:40:15Z</time><extensions><speed>1.566694</speed><course>30.129139</course><hAcc>1.482430</hAcc><vAcc>0.813127</vAcc></extensions></trkpt>
      <trkpt lon="-76.446239" lat="39.345938"><ele>22.279978</ele><time>2022-02-23T22:40:16Z</time><extensions><speed>1.692590</speed><course>25.981388</course><hAcc>1.463896</hAcc><vAcc>0.813311</vAcc></extensions></trkpt>
      <trkpt lon="-76.446231" lat="39.345951"><ele>22.288002</ele><time>2022-02-23T22:40:17Z</time><extensions><speed>1.570544</speed><course>25.612381</course><hAcc>1.504349</hAcc><vAcc>0.813464</vAcc></extensions></trkpt>
      <trkpt lon="-76.446224" lat="39.345964"><ele>22.304619</ele><time>2022-02-23T22:40:18Z</time><extensions><speed>1.535298</speed><course>24.179472</course><hAcc>1.499647</hAcc><vAcc>0.813631</vAcc></extensions></trkpt>
      <trkpt lon="-76.446217" lat="39.345977"><ele>22.298368</ele><time>2022-02-23T22:40:19Z</time><extensions><speed>1.442297</speed><course>24.345833</course><hAcc>1.541007</hAcc><vAcc>0.813819</vAcc></extensions></trkpt>
      <trkpt lon="-76.446210" lat="39.345989"><ele>22.293982</ele><time>2022-02-23T22:40:20Z</time><extensions><speed>1.477876</speed><course>22.070625</course><hAcc>1.516454</hAcc><vAcc>0.814026</vAcc></extensions></trkpt>
      <trkpt lon="-76.446204" lat="39.346001"><ele>22.285097</ele><time>2022-02-23T22:40:21Z</time><extensions><speed>1.494551</speed><course>21.570461</course><hAcc>1.521943</hAcc><vAcc>0.814249</vAcc></extensions></trkpt>
      <trkpt lon="-76.446197" lat="39.346014"><ele>22.267435</ele><time>2022-02-23T22:40:22Z</time><extensions><speed>1.539796</speed><course>23.889095</course><hAcc>1.568014</hAcc><vAcc>0.814454</vAcc></extensions></trkpt>
      <trkpt lon="-76.446190" lat="39.346026"><ele>22.224106</ele><time>2022-02-23T22:40:23Z</time><extensions><speed>1.512794</speed><course>26.214319</course><hAcc>1.626688</hAcc><vAcc>0.814711</vAcc></extensions></trkpt>
      <trkpt lon="-76.446183" lat="39.346039"><ele>22.171934</ele><time>2022-02-23T22:40:24Z</time><extensions><speed>1.544129</speed><course>23.239521</course><hAcc>1.593400</hAcc><vAcc>0.815017</vAcc></extensions></trkpt>
      <trkpt lon="-76.446176" lat="39.346052"><ele>22.102318</ele><time>2022-02-23T22:40:25Z</time><extensions><speed>1.568403</speed><course>22.398237</course><hAcc>1.572365</hAcc><vAcc>0.815313</vAcc></extensions></trkpt>
      <trkpt lon="-76.446169" lat="39.346065"><ele>22.044209</ele><time>2022-02-23T22:40:26Z</time><extensions><speed>1.548315</speed><course>22.290316</course><hAcc>1.573059</hAcc><vAcc>0.815612</vAcc></extensions></trkpt>
      <trkpt lon="-76.446162" lat="39.346078"><ele>21.994970</ele><time>2022-02-23T22:40:27Z</time><extensions><speed>1.491002</speed><course>21.037846</course><hAcc>1.569742</hAcc><vAcc>0.815918</vAcc></extensions></trkpt>
      <trkpt lon="-76.446156" lat="39.346090"><ele>21.928661</ele><time>2022-02-23T22:40:28Z</time><extensions><speed>1.395426</speed><course>21.436234</course><hAcc>1.582902</hAcc><vAcc>0.816273</vAcc></extensions></trkpt>
      <trkpt lon="-76.446150" lat="39.346102"><ele>21.845219</ele><time>2022-02-23T22:40:29Z</time><extensions><speed>1.336108</speed><course>21.864149</course><hAcc>1.613083</hAcc><vAcc>0.816585</vAcc></extensions></trkpt>
      <trkpt lon="-76.446145" lat="39.346113"><ele>21.763912</ele><time>2022-02-23T22:40:30Z</time><extensions><speed>1.354755</speed><course>21.258497</course><hAcc>1.619357</hAcc><vAcc>0.816900</vAcc></extensions></trkpt>
      <trkpt lon="-76.446139" lat="39.346125"><ele>21.705053</ele><time>2022-02-23T22:40:31Z</time><extensions><speed>1.388039</speed><course>17.354712</course><hAcc>1.586944</hAcc><vAcc>0.817128</vAcc></extensions></trkpt>
      <trkpt lon="-76.446135" lat="39.346137"><ele>21.638096</ele><time>2022-02-23T22:40:32Z</time><extensions><speed>1.391926</speed><course>15.474989</course><hAcc>1.584040</hAcc><vAcc>0.817220</vAcc></extensions></trkpt>
      <trkpt lon="-76.446131" lat="39.346148"><ele>21.622786</ele><time>2022-02-23T22:40:33Z</time><extensions><speed>1.298905</speed><course>15.234573</course><hAcc>1.606761</hAcc><vAcc>0.817261</vAcc></extensions></trkpt>
      <trkpt lon="-76.446127" lat="39.346160"><ele>21.593769</ele><time>2022-02-23T22:40:34Z</time><extensions><speed>1.354580</speed><course>15.387059</course><hAcc>1.615590</hAcc><vAcc>0.817226</vAcc></extensions></trkpt>
      <trkpt lon="-76.446122" lat="39.346172"><ele>21.568110</ele><time>2022-02-23T22:40:35Z</time><extensions><speed>1.389295</speed><course>16.043344</course><hAcc>1.617377</hAcc><vAcc>0.817137</vAcc></extensions></trkpt>
      <trkpt lon="-76.446118" lat="39.346185"><ele>21.541286</ele><time>2022-02-23T22:40:36Z</time><extensions><speed>1.508325</speed><course>17.548306</course><hAcc>1.606015</hAcc><vAcc>0.817051</vAcc></extensions></trkpt>
      <trkpt lon="-76.446112" lat="39.346198"><ele>21.522884</ele><time>2022-02-23T22:40:37Z</time><extensions><speed>1.551583</speed><course>20.093777</course><hAcc>1.609798</hAcc><vAcc>0.816989</vAcc></extensions></trkpt>
      <trkpt lon="-76.446105" lat="39.346210"><ele>21.511692</ele><time>2022-02-23T22:40:38Z</time><extensions><speed>1.370358</speed><course>23.813828</course><hAcc>1.633616</hAcc><vAcc>0.816917</vAcc></extensions></trkpt>
      <trkpt lon="-76.446098" lat="39.346222"><ele>21.500889</ele><time>2022-02-23T22:40:39Z</time><extensions><speed>1.444946</speed><course>25.800608</course><hAcc>1.617451</hAcc><vAcc>0.816797</vAcc></extensions></trkpt>
      <trkpt lon="-76.446091" lat="39.346233"><ele>21.510511</ele><time>2022-02-23T22:40:40Z</time><extensions><speed>1.293880</speed><course>26.582546</course><hAcc>1.640430</hAcc><vAcc>0.816693</vAcc></extensions></trkpt>
      <trkpt lon="-76.446084" lat="39.346244"><ele>21.506840</ele><time>2022-02-23T22:40:41Z</time><extensions><speed>1.490260</speed><course>24.039291</course><hAcc>1.599831</hAcc><vAcc>0.816590</vAcc></extensions></trkpt>
      <trkpt lon="-76.446077" lat="39.346257"><ele>21.522226</ele><time>2022-02-23T22:40:42Z</time><extensions><speed>1.595794</speed><course>24.499523</course><hAcc>1.581168</hAcc><vAcc>0.816519</vAcc></extensions></trkpt>
      <trkpt lon="-76.446069" lat="39.346270"><ele>21.536753</ele><time>2022-02-23T22:40:43Z</time><extensions><speed>1.595196</speed><course>23.845108</course><hAcc>1.587842</hAcc><vAcc>0.816520</vAcc></extensions></trkpt>
      <trkpt lon="-76.446062" lat="39.346283"><ele>21.476374</ele><time>2022-02-23T22:40:44Z</time><extensions><speed>1.593676</speed><course>22.199404</course><hAcc>1.594137</hAcc><vAcc>0.816550</vAcc></extensions></trkpt>
      <trkpt lon="-76.446055" lat="39.346297"><ele>21.400654</ele><time>2022-02-23T22:40:45Z</time><extensions><speed>1.634731</speed><course>23.971893</course><hAcc>1.570125</hAcc><vAcc>0.816592</vAcc></extensions></trkpt>
      <trkpt lon="-76.446047" lat="39.346310"><ele>21.348835</ele><time>2022-02-23T22:40:46Z</time><extensions><speed>1.539625</speed><course>22.823744</course><hAcc>1.577421</hAcc><vAcc>0.816590</vAcc></extensions></trkpt>
      <trkpt lon="-76.446041" lat="39.346322"><ele>21.296783</ele><time>2022-02-23T22:40:47Z</time><extensions><speed>1.427619</speed><course>24.404560</course><hAcc>1.599780</hAcc><vAcc>0.816426</vAcc></extensions></trkpt>
      <trkpt lon="-76.446033" lat="39.346334"><ele>21.271511</ele><time>2022-02-23T22:40:48Z</time><extensions><speed>1.422591</speed><course>28.586853</course><hAcc>1.562794</hAcc><vAcc>0.816072</vAcc></extensions></trkpt>
      <trkpt lon="-76.446025" lat="39.346345"><ele>21.237383</ele><time>2022-02-23T22:40:49Z</time><extensions><speed>1.436522</speed><course>30.245224</course><hAcc>1.542557</hAcc><vAcc>0.815553</vAcc></extensions></trkpt>
      <trkpt lon="-76.446017" lat="39.346356"><ele>21.231533</ele><time>2022-02-23T22:40:50Z</time><extensions><speed>1.340234</speed><course>31.431978</course><hAcc>1.568328</hAcc><vAcc>0.814818</vAcc></extensions></trkpt>
      <trkpt lon="-76.446009" lat="39.346367"><ele>21.246769</ele><time>2022-02-23T22:40:51Z</time><extensions><speed>1.422268</speed><course>27.910990</course><hAcc>1.549118</hAcc><vAcc>0.813895</vAcc></extensions></trkpt>
      <trkpt lon="-76.446001" lat="39.346378"><ele>21.277599</ele><time>2022-02-23T22:40:52Z</time><extensions><speed>1.463664</speed><course>27.145615</course><hAcc>1.573370</hAcc><vAcc>0.812872</vAcc></extensions></trkpt>
      <trkpt lon="-76.445994" lat="39.346390"><ele>21.309256</ele><time>2022-02-23T22:40:53Z</time><extensions><speed>1.373520</speed><course>26.180107</course><hAcc>1.636157</hAcc><vAcc>0.811677</vAcc></extensions></trkpt>
      <trkpt lon="-76.445987" lat="39.346401"><ele>21.352522</ele><time>2022-02-23T22:40:54Z</time><extensions><speed>1.353791</speed><course>22.289494</course><hAcc>1.614323</hAcc><vAcc>0.810369</vAcc></extensions></trkpt>
      <trkpt lon="-76.445981" lat="39.346412"><ele>21.409742</ele><time>2022-02-23T22:40:55Z</time><extensions><speed>1.292424</speed><course>21.965559</course><hAcc>1.623069</hAcc><vAcc>0.809042</vAcc></extensions></trkpt>
      <trkpt lon="-76.445975" lat="39.346423"><ele>21.445135</ele><time>2022-02-23T22:40:56Z</time><extensions><speed>1.433589</speed><course>23.315056</course><hAcc>1.639182</hAcc><vAcc>0.807667</vAcc></extensions></trkpt>
      <trkpt lon="-76.445968" lat="39.346436"><ele>21.565973</ele><time>2022-02-23T22:40:57Z</time><extensions><speed>1.524179</speed><course>24.076490</course><hAcc>1.663090</hAcc><vAcc>0.806244</vAcc></extensions></trkpt>
      <trkpt lon="-76.445961" lat="39.346448"><ele>21.675888</ele><time>2022-02-23T22:40:58Z</time><extensions><speed>1.556246</speed><course>24.883101</course><hAcc>1.686992</hAcc><vAcc>0.805022</vAcc></extensions></trkpt>
      <trkpt lon="-76.445953" lat="39.346461"><ele>21.793163</ele><time>2022-02-23T22:40:59Z</time><extensions><speed>1.571336</speed><course>24.115168</course><hAcc>1.697387</hAcc><vAcc>0.803941</vAcc></extensions></trkpt>
      <trkpt lon="-76.445946" lat="39.346474"><ele>21.904909</ele><time>2022-02-23T22:41:00Z</time><extensions><speed>1.571113</speed><course>24.844688</course><hAcc>1.696144</hAcc><vAcc>0.803022</vAcc></extensions></trkpt>
      <trkpt lon="-76.445938" lat="39.346487"><ele>22.058287</ele><time>2022-02-23T22:41:01Z</time><extensions><speed>1.570600</speed><course>26.301315</course><hAcc>1.707914</hAcc><vAcc>0.802310</vAcc></extensions></trkpt>
      <trkpt lon="-76.445930" lat="39.346499"><ele>22.144245</ele><time>2022-02-23T22:41:02Z</time><extensions><speed>1.492374</speed><course>27.176493</course><hAcc>1.731545</hAcc><vAcc>0.801836</vAcc></extensions></trkpt>
      <trkpt lon="-76.445922" lat="39.346511"><ele>22.195601</ele><time>2022-02-23T22:41:03Z</time><extensions><speed>1.501958</speed><course>27.054647</course><hAcc>1.703222</hAcc><vAcc>0.801589</vAcc></extensions></trkpt>
      <trkpt lon="-76.445914" lat="39.346523"><ele>22.245674</ele><time>2022-02-23T22:41:04Z</time><extensions><speed>1.499257</speed><course>25.947090</course><hAcc>1.683030</hAcc><vAcc>0.801448</vAcc></extensions></trkpt>
      <trkpt lon="-76.445907" lat="39.346535"><ele>22.297203</ele><time>2022-02-23T22:41:05Z</time><extensions><speed>1.473473</speed><course>25.150795</course><hAcc>1.676473</hAcc><vAcc>0.801453</vAcc></extensions></trkpt>
      <trkpt lon="-76.445900" lat="39.346547"><ele>22.330362</ele><time>2022-02-23T22:41:06Z</time><extensions><speed>1.428025</speed><course>24.563345</course><hAcc>1.671494</hAcc><vAcc>0.801507</vAcc></extensions></trkpt>
      <trkpt lon="-76.445893" lat="39.346559"><ele>22.343006</ele><time>2022-02-23T22:41:08Z</time><extensions><speed>1.495427</speed><course>25.467991</course><hAcc>1.676185</hAcc><vAcc>0.801708</vAcc></extensions></trkpt>
      <trkpt lon="-76.445885" lat="39.346571"><ele>22.345860</ele><time>2022-02-23T22:41:09Z</time><extensions><speed>1.456985</speed><course>28.056921</course><hAcc>1.700584</hAcc><vAcc>0.801946</vAcc></extensions></trkpt>
      <trkpt lon="-76.445877" lat="39.346582"><ele>22.355131</ele><time>2022-02-23T22:41:10Z</time><extensions><speed>1.427026</speed><course>33.567352</course><hAcc>1.675980</hAcc><vAcc>0.802244</vAcc></extensions></trkpt>
      <trkpt lon="-76.445867" lat="39.346593"><ele>22.364151</ele><time>2022-02-23T22:41:11Z</time><extensions><speed>1.436591</speed><course>34.202946</course><hAcc>1.666109</hAcc><vAcc>0.802629</vAcc></extensions></trkpt>
      <trkpt lon="-76.445858" lat="39.346604"><ele>22.346247</ele><time>2022-02-23T22:41:12Z</time><extensions><speed>1.442605</speed><course>31.693600</course><hAcc>1.654477</hAcc><vAcc>0.803164</vAcc></extensions></trkpt>
      <trkpt lon="-76.445850" lat="39.346616"><ele>22.328072</ele><time>2022-02-23T22:41:13Z</time><extensions><speed>1.541127</speed><course>25.553549</course><hAcc>1.657534</hAcc><vAcc>0.803778</vAcc></extensions></trkpt>
      <trkpt lon="-76.445844" lat="39.346628"><ele>22.305315</ele><time>2022-02-23T22:41:14Z</time><extensions><speed>1.355800</speed><course>17.207142</course><hAcc>1.664567</hAcc><vAcc>0.804435</vAcc></extensions></trkpt>
      <trkpt lon="-76.445840" lat="39.346640"><ele>22.311171</ele><time>2022-02-23T22:41:15Z</time><extensions><speed>1.467969</speed><course>8.971558</course><hAcc>1.640066</hAcc><vAcc>0.805170</vAcc></extensions></trkpt>
      <trkpt lon="-76.445838" lat="39.346654"><ele>22.312080</ele><time>2022-02-23T22:41:16Z</time><extensions><speed>1.511832</speed><course>3.759979</course><hAcc>1.628436</hAcc><vAcc>0.805946</vAcc></extensions></trkpt>
      <trkpt lon="-76.445838" lat="39.346668"><ele>22.296148</ele><time>2022-02-23T22:41:17Z</time><extensions><speed>1.582389</speed><course>0.236027</course><hAcc>1.639442</hAcc><vAcc>0.806693</vAcc></extensions></trkpt>
      <trkpt lon="-76.445838" lat="39.346682"><ele>22.289248</ele><time>2022-02-23T22:41:18Z</time><extensions><speed>1.499537</speed><course>358.408508</course><hAcc>1.676870</hAcc><vAcc>0.807469</vAcc></extensions></trkpt>
      <trkpt lon="-76.445839" lat="39.346695"><ele>22.292925</ele><time>2022-02-23T22:41:19Z</time><extensions><speed>1.511300</speed><course>357.954559</course><hAcc>1.628822</hAcc><vAcc>0.808245</vAcc></extensions></trkpt>
      <trkpt lon="-76.445839" lat="39.346709"><ele>22.302593</ele><time>2022-02-23T22:41:20Z</time><extensions><speed>1.528320</speed><course>356.792358</course><hAcc>1.599037</hAcc><vAcc>0.809005</vAcc></extensions></trkpt>
      <trkpt lon="-76.445841" lat="39.346722"><ele>22.317429</ele><time>2022-02-23T22:41:21Z</time><extensions><speed>1.501374</speed><course>354.427399</course><hAcc>1.605754</hAcc><vAcc>0.809713</vAcc></extensions></trkpt>
      <trkpt lon="-76.445843" lat="39.346736"><ele>22.316942</ele><time>2022-02-23T22:41:22Z</time><extensions><speed>1.436076</speed><course>354.527496</course><hAcc>1.629220</hAcc><vAcc>0.810357</vAcc></extensions></trkpt>
      <trkpt lon="-76.445844" lat="39.346749"><ele>22.325785</ele><time>2022-02-23T22:41:23Z</time><extensions><speed>1.452642</speed><course>356.155151</course><hAcc>1.595829</hAcc><vAcc>0.810919</vAcc></extensions></trkpt>
      <trkpt lon="-76.445845" lat="39.346762"><ele>22.350630</ele><time>2022-02-23T22:41:24Z</time><extensions><speed>1.454107</speed><course>358.095154</course><hAcc>1.589848</hAcc><vAcc>0.811420</vAcc></extensions></trkpt>
      <trkpt lon="-76.445846" lat="39.346775"><ele>22.360054</ele><time>2022-02-23T22:41:25Z</time><extensions><speed>1.436402</speed><course>0.952488</course><hAcc>1.623764</hAcc><vAcc>0.811844</vAcc></extensions></trkpt>
      <trkpt lon="-76.445845" lat="39.346788"><ele>22.354670</ele><time>2022-02-23T22:41:26Z</time><extensions><speed>1.459953</speed><course>1.509060</course><hAcc>1.565922</hAcc><vAcc>0.812186</vAcc></extensions></trkpt>
      <trkpt lon="-76.445846" lat="39.346802"><ele>22.352997</ele><time>2022-02-23T22:41:27Z</time><extensions><speed>1.481506</speed><course>359.295776</course><hAcc>1.515086</hAcc><vAcc>0.812401</vAcc></extensions></trkpt>
      <trkpt lon="-76.445846" lat="39.346815"><ele>22.353203</ele><time>2022-02-23T22:41:28Z</time><extensions><speed>1.530748</speed><course>358.591797</course><hAcc>1.515676</hAcc><vAcc>0.812588</vAcc></extensions></trkpt>
      <trkpt lon="-76.445847" lat="39.346829"><ele>22.347370</ele><time>2022-02-23T22:41:29Z</time><extensions><speed>1.463742</speed><course>359.512512</course><hAcc>1.564246</hAcc><vAcc>0.812691</vAcc></extensions></trkpt>
      <trkpt lon="-76.445847" lat="39.346842"><ele>22.344704</ele><time>2022-02-23T22:41:30Z</time><extensions><speed>1.488784</speed><course>356.109619</course><hAcc>1.549999</hAcc><vAcc>0.812775</vAcc></extensions></trkpt>
      <trkpt lon="-76.445849" lat="39.346855"><ele>22.337458</ele><time>2022-02-23T22:41:31Z</time><extensions><speed>1.507926</speed><course>351.599823</course><hAcc>1.512314</hAcc><vAcc>0.812761</vAcc></extensions></trkpt>
      <trkpt lon="-76.445852" lat="39.346869"><ele>22.330341</ele><time>2022-02-23T22:41:32Z</time><extensions><speed>1.473734</speed><course>350.737823</course><hAcc>1.539982</hAcc><vAcc>0.812669</vAcc></extensions></trkpt>
      <trkpt lon="-76.445857" lat="39.346882"><ele>22.318739</ele><time>2022-02-23T22:41:33Z</time><extensions><speed>1.588805</speed><course>340.937500</course><hAcc>1.513819</hAcc><vAcc>0.812491</vAcc></extensions></trkpt>
      <trkpt lon="-76.445863" lat="39.346895"><ele>22.292173</ele><time>2022-02-23T22:41:34Z</time><extensions><speed>1.573817</speed><course>338.106659</course><hAcc>1.538677</hAcc><vAcc>0.812245</vAcc></extensions></trkpt>
      <trkpt lon="-76.445870" lat="39.346908"><ele>22.234489</ele><time>2022-02-23T22:41:35Z</time><extensions><speed>1.520047</speed><course>337.472015</course><hAcc>1.588275</hAcc><vAcc>0.811885</vAcc></extensions></trkpt>
      <trkpt lon="-76.445878" lat="39.346921"><ele>22.178553</ele><time>2022-02-23T22:41:36Z</time><extensions><speed>1.591487</speed><course>330.775970</course><hAcc>1.559487</hAcc><vAcc>0.811514</vAcc></extensions></trkpt>
      <trkpt lon="-76.445887" lat="39.346934"><ele>22.109722</ele><time>2022-02-23T22:41:37Z</time><extensions><speed>1.651816</speed><course>330.002625</course><hAcc>1.547300</hAcc><vAcc>0.811076</vAcc></extensions></trkpt>
      <trkpt lon="-76.445897" lat="39.346946"><ele>22.019997</ele><time>2022-02-23T22:41:38Z</time><extensions><speed>1.634808</speed><course>330.489899</course><hAcc>1.559653</hAcc><vAcc>0.810567</vAcc></extensions></trkpt>
      <trkpt lon="-76.445907" lat="39.346959"><ele>21.937641</ele><time>2022-02-23T22:41:39Z</time><extensions><speed>1.637071</speed><course>328.923859</course><hAcc>1.549481</hAcc><vAcc>0.809991</vAcc></extensions></trkpt>
      <trkpt lon="-76.445916" lat="39.346972"><ele>21.892397</ele><time>2022-02-23T22:41:40Z</time><extensions><speed>1.547981</speed><course>329.377258</course><hAcc>1.571667</hAcc><vAcc>0.809409</vAcc></extensions></trkpt>
      <trkpt lon="-76.445925" lat="39.346983"><ele>21.863211</ele><time>2022-02-23T22:41:41Z</time><extensions><speed>1.498733</speed><course>327.796600</course><hAcc>1.601056</hAcc><vAcc>0.808808</vAcc></extensions></trkpt>
      <trkpt lon="-76.445935" lat="39.346995"><ele>21.846075</ele><time>2022-02-23T22:41:42Z</time><extensions><speed>1.525641</speed><course>327.111328</course><hAcc>1.578167</hAcc><vAcc>0.808158</vAcc></extensions></trkpt>
      <trkpt lon="-76.445944" lat="39.347006"><ele>21.841534</ele><time>2022-02-23T22:41:43Z</time><extensions><speed>1.507450</speed><course>327.445190</course><hAcc>1.612057</hAcc><vAcc>0.807505</vAcc></extensions></trkpt>
      <trkpt lon="-76.445954" lat="39.347017"><ele>21.853054</ele><time>2022-02-23T22:41:44Z</time><extensions><speed>1.481876</speed><course>322.366333</course><hAcc>1.595860</hAcc><vAcc>0.806893</vAcc></extensions></trkpt>
      <trkpt lon="-76.445966" lat="39.347027"><ele>21.866070</ele><time>2022-02-23T22:41:45Z</time><extensions><speed>1.478245</speed><course>317.359528</course><hAcc>1.590170</hAcc><vAcc>0.806263</vAcc></extensions></trkpt>
      <trkpt lon="-76.445978" lat="39.347037"><ele>21.862564</ele><time>2022-02-23T22:41:46Z</time><extensions><speed>1.489936</speed><course>314.971436</course><hAcc>1.609859</hAcc><vAcc>0.805664</vAcc></extensions></trkpt>
      <trkpt lon="-76.445990" lat="39.347047"><ele>21.851900</ele><time>2022-02-23T22:41:47Z</time><extensions><speed>1.538045</speed><course>314.812744</course><hAcc>1.627429</hAcc><vAcc>0.805095</vAcc></extensions></trkpt>
      <trkpt lon="-76.446003" lat="39.347057"><ele>21.857386</ele><time>2022-02-23T22:41:48Z</time><extensions><speed>1.536291</speed><course>317.248657</course><hAcc>1.636994</hAcc><vAcc>0.804553</vAcc></extensions></trkpt>
      <trkpt lon="-76.446014" lat="39.347067"><ele>21.874992</ele><time>2022-02-23T22:41:49Z</time><extensions><speed>1.556699</speed><course>319.516083</course><hAcc>1.662961</hAcc><vAcc>0.804077</vAcc></extensions></trkpt>
      <trkpt lon="-76.446025" lat="39.347078"><ele>21.913836</ele><time>2022-02-23T22:41:50Z</time><extensions><speed>1.446378</speed><course>325.175323</course><hAcc>1.710953</hAcc><vAcc>0.803635</vAcc></extensions></trkpt>
      <trkpt lon="-76.446036" lat="39.347088"><ele>21.978867</ele><time>2022-02-23T22:41:51Z</time><extensions><speed>1.499398</speed><course>317.930084</course><hAcc>1.667598</hAcc><vAcc>0.803202</vAcc></extensions></trkpt>
      <trkpt lon="-76.446048" lat="39.347098"><ele>22.032934</ele><time>2022-02-23T22:41:52Z</time><extensions><speed>1.570632</speed><course>312.288605</course><hAcc>1.641607</hAcc><vAcc>0.802775</vAcc></extensions></trkpt>
      <trkpt lon="-76.446062" lat="39.347107"><ele>22.090408</ele><time>2022-02-23T22:41:53Z</time><extensions><speed>1.620468</speed><course>309.103546</course><hAcc>1.654385</hAcc><vAcc>0.802322</vAcc></extensions></trkpt>
      <trkpt lon="-76.446077" lat="39.347116"><ele>22.099890</ele><time>2022-02-23T22:41:54Z</time><extensions><speed>1.627778</speed><course>306.675751</course><hAcc>1.681143</hAcc><vAcc>0.801838</vAcc></extensions></trkpt>
      <trkpt lon="-76.446093" lat="39.347125"><ele>22.121578</ele><time>2022-02-23T22:41:55Z</time><extensions><speed>1.707325</speed><course>302.658844</course><hAcc>1.678631</hAcc><vAcc>0.801283</vAcc></extensions></trkpt>
      <trkpt lon="-76.446109" lat="39.347133"><ele>22.190014</ele><time>2022-02-23T22:41:56Z</time><extensions><speed>1.592592</speed><course>301.605133</course><hAcc>1.694279</hAcc><vAcc>0.800666</vAcc></extensions></trkpt>
      <trkpt lon="-76.446125" lat="39.347140"><ele>22.238848</ele><time>2022-02-23T22:41:57Z</time><extensions><speed>1.568434</speed><course>302.472900</course><hAcc>1.696673</hAcc><vAcc>0.800025</vAcc></extensions></trkpt>
      <trkpt lon="-76.446140" lat="39.347148"><ele>22.285341</ele><time>2022-02-23T22:41:58Z</time><extensions><speed>1.493872</speed><course>302.452606</course><hAcc>1.714173</hAcc><vAcc>0.799341</vAcc></extensions></trkpt>
      <trkpt lon="-76.446154" lat="39.347155"><ele>22.348612</ele><time>2022-02-23T22:41:59Z</time><extensions><speed>1.425971</speed><course>302.139496</course><hAcc>1.713391</hAcc><vAcc>0.798598</vAcc></extensions></trkpt>
      <trkpt lon="-76.446168" lat="39.347161"><ele>22.434071</ele><time>2022-02-23T22:42:00Z</time><extensions><speed>1.346224</speed><course>300.383392</course><hAcc>1.718986</hAcc><vAcc>0.797826</vAcc></extensions></trkpt>
      <trkpt lon="-76.446182" lat="39.347167"><ele>22.511391</ele><time>2022-02-23T22:42:01Z</time><extensions><speed>1.367267</speed><course>296.926453</course><hAcc>1.725343</hAcc><vAcc>0.797001</vAcc></extensions></trkpt>
      <trkpt lon="-76.446197" lat="39.347172"><ele>22.548988</ele><time>2022-02-23T22:42:02Z</time><extensions><speed>1.421602</speed><course>291.957031</course><hAcc>1.723565</hAcc><vAcc>0.796104</vAcc></extensions></trkpt>
      <trkpt lon="-76.446212" lat="39.347177"><ele>22.603174</ele><time>2022-02-23T22:42:03Z</time><extensions><speed>1.451104</speed><course>288.340271</course><hAcc>1.719731</hAcc><vAcc>0.795151</vAcc></extensions></trkpt>
      <trkpt lon="-76.446229" lat="39.347181"><ele>22.665205</ele><time>2022-02-23T22:42:04Z</time><extensions><speed>1.560210</speed><course>287.605621</course><hAcc>1.720934</hAcc><vAcc>0.794136</vAcc></extensions></trkpt>
      <trkpt lon="-76.446246" lat="39.347185"><ele>22.728695</ele><time>2022-02-23T22:42:05Z</time><extensions><speed>1.531970</speed><course>287.588440</course><hAcc>1.732931</hAcc><vAcc>0.793117</vAcc></extensions></trkpt>
      <trkpt lon="-76.446263" lat="39.347189"><ele>22.783445</ele><time>2022-02-23T22:42:05Z</time><extensions><speed>1.523117</speed><course>289.917297</course><hAcc>1.729563</hAcc><vAcc>0.792072</vAcc></extensions></trkpt>
      <trkpt lon="-76.446279" lat="39.347194"><ele>22.832727</ele><time>2022-02-23T22:42:06Z</time><extensions><speed>1.439800</speed><course>293.116516</course><hAcc>1.735729</hAcc><vAcc>0.791047</vAcc></extensions></trkpt>
      <trkpt lon="-76.446294" lat="39.347199"><ele>22.861685</ele><time>2022-02-23T22:42:07Z</time><extensions><speed>1.374017</speed><course>293.191956</course><hAcc>1.715024</hAcc><vAcc>0.790027</vAcc></extensions></trkpt>
      <trkpt lon="-76.446309" lat="39.347204"><ele>22.858315</ele><time>2022-02-23T22:42:08Z</time><extensions><speed>1.379681</speed><course>290.687042</course><hAcc>1.711728</hAcc><vAcc>0.789038</vAcc></extensions></trkpt>
      <trkpt lon="-76.446324" lat="39.347208"><ele>22.882149</ele><time>2022-02-23T22:42:09Z</time><extensions><speed>1.413809</speed><course>287.147186</course><hAcc>1.732482</hAcc><vAcc>0.788079</vAcc></extensions></trkpt>
      <trkpt lon="-76.446340" lat="39.347211"><ele>22.891817</ele><time>2022-02-23T22:42:10Z</time><extensions><speed>1.390742</speed><course>285.455627</course><hAcc>1.762919</hAcc><vAcc>0.787180</vAcc></extensions></trkpt>
      <trkpt lon="-76.446355" lat="39.347215"><ele>22.895615</ele><time>2022-02-23T22:42:11Z</time><extensions><speed>1.341764</speed><course>285.339600</course><hAcc>1.749849</hAcc><vAcc>0.786358</vAcc></extensions></trkpt>
      <trkpt lon="-76.446370" lat="39.347218"><ele>22.884508</ele><time>2022-02-23T22:42:12Z</time><extensions><speed>1.332026</speed><course>283.436218</course><hAcc>1.745993</hAcc><vAcc>0.785644</vAcc></extensions></trkpt>
      <trkpt lon="-76.446385" lat="39.347220"><ele>22.875992</ele><time>2022-02-23T22:42:13Z</time><extensions><speed>1.357496</speed><course>278.512543</course><hAcc>1.752223</hAcc><vAcc>0.785069</vAcc></extensions></trkpt>
      <trkpt lon="-76.446401" lat="39.347221"><ele>22.849058</ele><time>2022-02-23T22:42:14Z</time><extensions><speed>1.454838</speed><course>275.392090</course><hAcc>1.753779</hAcc><vAcc>0.784627</vAcc></extensions></trkpt>
      <trkpt lon="-76.446419" lat="39.347222"><ele>22.837564</ele><time>2022-02-23T22:42:15Z</time><extensions><speed>1.533793</speed><course>273.824249</course><hAcc>1.744596</hAcc><vAcc>0.784323</vAcc></extensions></trkpt>
      <trkpt lon="-76.446437" lat="39.347223"><ele>22.860092</ele><time>2022-02-23T22:42:16Z</time><extensions><speed>1.584588</speed><course>271.853668</course><hAcc>1.735389</hAcc><vAcc>0.784187</vAcc></extensions></trkpt>
      <trkpt lon="-76.446455" lat="39.347223"><ele>22.884401</ele><time>2022-02-23T22:42:17Z</time><extensions><speed>1.530077</speed><course>271.440247</course><hAcc>1.735751</hAcc><vAcc>0.784187</vAcc></extensions></trkpt>
      <trkpt lon="-76.446472" lat="39.347224"><ele>22.886120</ele><time>2022-02-23T22:42:18Z</time><extensions><speed>1.496982</speed><course>269.845428</course><hAcc>1.738712</hAcc><vAcc>0.784231</vAcc></extensions></trkpt>
      <trkpt lon="-76.446489" lat="39.347223"><ele>22.895819</ele><time>2022-02-23T22:42:19Z</time><extensions><speed>1.445820</speed><course>268.245819</course><hAcc>1.770118</hAcc><vAcc>0.784324</vAcc></extensions></trkpt>
      <trkpt lon="-76.446506" lat="39.347223"><ele>22.902426</ele><time>2022-02-23T22:42:20Z</time><extensions><speed>1.408458</speed><course>267.566498</course><hAcc>1.735601</hAcc><vAcc>0.784410</vAcc></extensions></trkpt>
      <trkpt lon="-76.446522" lat="39.347223"><ele>22.916716</ele><time>2022-02-23T22:42:21Z</time><extensions><speed>1.366229</speed><course>268.793121</course><hAcc>1.719394</hAcc><vAcc>0.784422</vAcc></extensions></trkpt>
      <trkpt lon="-76.446538" lat="39.347222"><ele>22.922220</ele><time>2022-02-23T22:42:22Z</time><extensions><speed>1.328679</speed><course>270.627930</course><hAcc>1.729906</hAcc><vAcc>0.784379</vAcc></extensions></trkpt>
      <trkpt lon="-76.446554" lat="39.347223"><ele>22.911261</ele><time>2022-02-23T22:42:23Z</time><extensions><speed>1.398375</speed><course>272.321350</course><hAcc>1.744168</hAcc><vAcc>0.784256</vAcc></extensions></trkpt>
      <trkpt lon="-76.446570" lat="39.347223"><ele>22.885239</ele><time>2022-02-23T22:42:24Z</time><extensions><speed>1.420805</speed><course>272.287384</course><hAcc>1.754416</hAcc><vAcc>0.784057</vAcc></extensions></trkpt>
      <trkpt lon="-76.446586" lat="39.347224"><ele>22.854622</ele><time>2022-02-23T22:42:25Z</time><extensions><speed>1.391934</speed><course>273.201843</course><hAcc>1.756730</hAcc><vAcc>0.783828</vAcc></extensions></trkpt>
      <trkpt lon="-76.446602" lat="39.347225"><ele>22.839750</ele><time>2022-02-23T22:42:26Z</time><extensions><speed>1.350001</speed><course>272.392609</course><hAcc>1.757617</hAcc><vAcc>0.783556</vAcc></extensions></trkpt>
      <trkpt lon="-76.446618" lat="39.347225"><ele>22.829800</ele><time>2022-02-23T22:42:27Z</time><extensions><speed>1.409429</speed><course>270.920929</course><hAcc>1.748972</hAcc><vAcc>0.783311</vAcc></extensions></trkpt>
      <trkpt lon="-76.446635" lat="39.347225"><ele>22.808277</ele><time>2022-02-23T22:42:28Z</time><extensions><speed>1.504400</speed><course>271.575287</course><hAcc>1.747718</hAcc><vAcc>0.783134</vAcc></extensions></trkpt>
      <trkpt lon="-76.446652" lat="39.347226"><ele>22.785669</ele><time>2022-02-23T22:42:29Z</time><extensions><speed>1.514286</speed><course>270.165466</course><hAcc>1.760139</hAcc><vAcc>0.783060</vAcc></extensions></trkpt>
      <trkpt lon="-76.446670" lat="39.347226"><ele>22.767235</ele><time>2022-02-23T22:42:30Z</time><extensions><speed>1.521898</speed><course>272.166901</course><hAcc>1.741291</hAcc><vAcc>0.783118</vAcc></extensions></trkpt>
      <trkpt lon="-76.446688" lat="39.347227"><ele>22.760448</ele><time>2022-02-23T22:42:31Z</time><extensions><speed>1.523091</speed><course>275.056641</course><hAcc>1.739730</hAcc><vAcc>0.783335</vAcc></extensions></trkpt>
      <trkpt lon="-76.446705" lat="39.347228"><ele>22.751631</ele><time>2022-02-23T22:42:32Z</time><extensions><speed>1.456369</speed><course>278.508301</course><hAcc>1.757173</hAcc><vAcc>0.783698</vAcc></extensions></trkpt>
      <trkpt lon="-76.446721" lat="39.347231"><ele>22.723726</ele><time>2022-02-23T22:42:33Z</time><extensions><speed>1.395922</speed><course>284.480652</course><hAcc>1.738480</hAcc><vAcc>0.784221</vAcc></extensions></trkpt>
      <trkpt lon="-76.446736" lat="39.347235"><ele>22.774899</ele><time>2022-02-23T22:42:34Z</time><extensions><speed>1.340373</speed><course>290.429993</course><hAcc>1.720826</hAcc><vAcc>0.784914</vAcc></extensions></trkpt>
      <trkpt lon="-76.446750" lat="39.347239"><ele>22.850147</ele><time>2022-02-23T22:42:35Z</time><extensions><speed>1.353138</speed><course>294.333466</course><hAcc>1.711909</hAcc><vAcc>0.785756</vAcc></extensions></trkpt>
      <trkpt lon="-76.446765" lat="39.347245"><ele>22.942854</ele><time>2022-02-23T22:42:36Z</time><extensions><speed>1.445396</speed><course>295.664093</course><hAcc>1.725851</hAcc><vAcc>0.786679</vAcc></extensions></trkpt>
      <trkpt lon="-76.446780" lat="39.347250"><ele>23.039619</ele><time>2022-02-23T22:42:37Z</time><extensions><speed>1.456741</speed><course>295.717438</course><hAcc>1.755215</hAcc><vAcc>0.787652</vAcc></extensions></trkpt>
      <trkpt lon="-76.446795" lat="39.347256"><ele>23.126429</ele><time>2022-02-23T22:42:38Z</time><extensions><speed>1.411108</speed><course>298.486847</course><hAcc>1.727354</hAcc><vAcc>0.788636</vAcc></extensions></trkpt>
      <trkpt lon="-76.446809" lat="39.347262"><ele>23.228540</ele><time>2022-02-23T22:42:39Z</time><extensions><speed>1.303917</speed><course>299.435303</course><hAcc>1.703906</hAcc><vAcc>0.789579</vAcc></extensions></trkpt>
      <trkpt lon="-76.446822" lat="39.347268"><ele>23.324890</ele><time>2022-02-23T22:42:40Z</time><extensions><speed>1.288684</speed><course>298.427917</course><hAcc>1.692186</hAcc><vAcc>0.790452</vAcc></extensions></trkpt>
      <trkpt lon="-76.446835" lat="39.347273"><ele>23.437630</ele><time>2022-02-23T22:42:41Z</time><extensions><speed>1.273324</speed><course>298.946747</course><hAcc>1.675198</hAcc><vAcc>0.791241</vAcc></extensions></trkpt>
      <trkpt lon="-76.446848" lat="39.347278"><ele>23.556820</ele><time>2022-02-23T22:42:42Z</time><extensions><speed>1.244625</speed><course>299.116882</course><hAcc>1.646485</hAcc><vAcc>0.791938</vAcc></extensions></trkpt>
      <trkpt lon="-76.446861" lat="39.347284"><ele>23.671532</ele><time>2022-02-23T22:42:43Z</time><extensions><speed>1.214468</speed><course>300.218445</course><hAcc>1.632403</hAcc><vAcc>0.792545</vAcc></extensions></trkpt>
      <trkpt lon="-76.446873" lat="39.347290"><ele>23.762255</ele><time>2022-02-23T22:42:44Z</time><extensions><speed>1.253583</speed><course>304.028412</course><hAcc>1.658345</hAcc><vAcc>0.793091</vAcc></extensions></trkpt>
      <trkpt lon="-76.446885" lat="39.347296"><ele>23.829721</ele><time>2022-02-23T22:42:45Z</time><extensions><speed>1.272472</speed><course>307.054901</course><hAcc>1.668578</hAcc><vAcc>0.793586</vAcc></extensions></trkpt>
      <trkpt lon="-76.446897" lat="39.347303"><ele>23.868189</ele><time>2022-02-23T22:42:46Z</time><extensions><speed>1.360126</speed><course>304.541473</course><hAcc>1.672626</hAcc><vAcc>0.793988</vAcc></extensions></trkpt>
      <trkpt lon="-76.446911" lat="39.347309"><ele>23.884880</ele><time>2022-02-23T22:42:47Z</time><extensions><speed>1.399826</speed><course>297.492584</course><hAcc>1.633556</hAcc><vAcc>0.794363</vAcc></extensions></trkpt>
      <trkpt lon="-76.446925" lat="39.347315"><ele>23.844511</ele><time>2022-02-23T22:42:48Z</time><extensions><speed>1.331706</speed><course>294.201355</course><hAcc>1.638731</hAcc><vAcc>0.794666</vAcc></extensions></trkpt>
      <trkpt lon="-76.446939" lat="39.347319"><ele>23.800308</ele><time>2022-02-23T22:42:49Z</time><extensions><speed>1.238792</speed><course>292.276642</course><hAcc>1.666099</hAcc><vAcc>0.794913</vAcc></extensions></trkpt>
      <trkpt lon="-76.446952" lat="39.347323"><ele>23.749338</ele><time>2022-02-23T22:42:50Z</time><extensions><speed>1.229352</speed><course>290.249878</course><hAcc>1.691126</hAcc><vAcc>0.795178</vAcc></extensions></trkpt>
      <trkpt lon="-76.446966" lat="39.347327"><ele>23.683985</ele><time>2022-02-23T22:42:51Z</time><extensions><speed>1.265677</speed><course>287.103760</course><hAcc>1.705066</hAcc><vAcc>0.795414</vAcc></extensions></trkpt>
      <trkpt lon="-76.446980" lat="39.347330"><ele>23.591278</ele><time>2022-02-23T22:42:52Z</time><extensions><speed>1.348386</speed><course>287.818329</course><hAcc>1.708582</hAcc><vAcc>0.795637</vAcc></extensions></trkpt>
      <trkpt lon="-76.446995" lat="39.347335"><ele>23.505911</ele><time>2022-02-23T22:42:53Z</time><extensions><speed>1.391972</speed><course>290.856842</course><hAcc>1.701500</hAcc><vAcc>0.795878</vAcc></extensions></trkpt>
      <trkpt lon="-76.447010" lat="39.347339"><ele>23.399443</ele><time>2022-02-23T22:42:54Z</time><extensions><speed>1.399249</speed><course>292.426941</course><hAcc>1.695194</hAcc><vAcc>0.796135</vAcc></extensions></trkpt>
      <trkpt lon="-76.447025" lat="39.347344"><ele>23.292887</ele><time>2022-02-23T22:42:55Z</time><extensions><speed>1.351577</speed><course>297.970490</course><hAcc>1.701706</hAcc><vAcc>0.796400</vAcc></extensions></trkpt>
      <trkpt lon="-76.447038" lat="39.347350"><ele>23.219864</ele><time>2022-02-23T22:42:56Z</time><extensions><speed>1.307526</speed><course>302.224274</course><hAcc>1.669352</hAcc><vAcc>0.796612</vAcc></extensions></trkpt>
      <trkpt lon="-76.447050" lat="39.347357"><ele>23.124161</ele><time>2022-02-23T22:42:57Z</time><extensions><speed>1.270873</speed><course>307.493378</course><hAcc>1.662751</hAcc><vAcc>0.796748</vAcc></extensions></trkpt>
      <trkpt lon="-76.447062" lat="39.347364"><ele>23.040401</ele><time>2022-02-23T22:42:58Z</time><extensions><speed>1.256387</speed><course>312.618927</course><hAcc>1.692183</hAcc><vAcc>0.796800</vAcc></extensions></trkpt>
      <trkpt lon="-76.447072" lat="39.347372"><ele>22.958502</ele><time>2022-02-23T22:42:59Z</time><extensions><speed>1.304634</speed><course>317.762024</course><hAcc>1.657072</hAcc><vAcc>0.796745</vAcc></extensions></trkpt>
      <trkpt lon="-76.447082" lat="39.347381"><ele>22.874699</ele><time>2022-02-23T22:43:00Z</time><extensions><speed>1.269862</speed><course>318.081879</course><hAcc>1.630088</hAcc><vAcc>0.796605</vAcc></extensions></trkpt>
      <trkpt lon="-76.447092" lat="39.347389"><ele>22.818954</ele><time>2022-02-23T22:43:01Z</time><extensions><speed>1.193058</speed><course>314.801178</course><hAcc>1.613544</hAcc><vAcc>0.796319</vAcc></extensions></trkpt>
      <trkpt lon="-76.447102" lat="39.347397"><ele>22.767786</ele><time>2022-02-23T22:43:02Z</time><extensions><speed>1.313676</speed><course>311.711792</course><hAcc>1.638150</hAcc><vAcc>0.795910</vAcc></extensions></trkpt>
      <trkpt lon="-76.447114" lat="39.347405"><ele>22.726458</ele><time>2022-02-23T22:43:03Z</time><extensions><speed>1.424943</speed><course>311.767151</course><hAcc>1.695759</hAcc><vAcc>0.795367</vAcc></extensions></trkpt>
      <trkpt lon="-76.447127" lat="39.347414"><ele>22.685366</ele><time>2022-02-23T22:43:04Z</time><extensions><speed>1.460092</speed><course>311.667175</course><hAcc>1.661134</hAcc><vAcc>0.794846</vAcc></extensions></trkpt>
      <trkpt lon="-76.447139" lat="39.347422"><ele>22.656029</ele><time>2022-02-23T22:43:05Z</time><extensions><speed>1.421349</speed><course>309.323975</course><hAcc>1.662936</hAcc><vAcc>0.794300</vAcc></extensions></trkpt>
      <trkpt lon="-76.447152" lat="39.347430"><ele>22.655960</ele><time>2022-02-23T22:43:06Z</time><extensions><speed>1.399910</speed><course>307.493958</course><hAcc>1.658864</hAcc><vAcc>0.793742</vAcc></extensions></trkpt>
      <trkpt lon="-76.447165" lat="39.347438"><ele>22.639065</ele><time>2022-02-23T22:43:07Z</time><extensions><speed>1.387976</speed><course>307.632324</course><hAcc>1.671575</hAcc><vAcc>0.793320</vAcc></extensions></trkpt>
      <trkpt lon="-76.447177" lat="39.347446"><ele>22.626345</ele><time>2022-02-23T22:43:08Z</time><extensions><speed>1.363207</speed><course>313.509888</course><hAcc>1.695741</hAcc><vAcc>0.793036</vAcc></extensions></trkpt>
      <trkpt lon="-76.447187" lat="39.347454"><ele>22.611778</ele><time>2022-02-23T22:43:09Z</time><extensions><speed>1.282485</speed><course>320.712555</course><hAcc>1.716327</hAcc><vAcc>0.792941</vAcc></extensions></trkpt>
      <trkpt lon="-76.447196" lat="39.347464"><ele>22.619453</ele><time>2022-02-23T22:43:10Z</time><extensions><speed>1.262823</speed><course>328.539581</course><hAcc>1.710432</hAcc><vAcc>0.793080</vAcc></extensions></trkpt>
      <trkpt lon="-76.447203" lat="39.347474"><ele>22.617588</ele><time>2022-02-23T22:43:11Z</time><extensions><speed>1.318112</speed><course>335.218414</course><hAcc>1.692406</hAcc><vAcc>0.793444</vAcc></extensions></trkpt>
      <trkpt lon="-76.447209" lat="39.347485"><ele>22.601091</ele><time>2022-02-23T22:43:12Z</time><extensions><speed>1.450189</speed><course>341.498749</course><hAcc>1.677159</hAcc><vAcc>0.794068</vAcc></extensions></trkpt>
      <trkpt lon="-76.447213" lat="39.347498"><ele>22.595930</ele><time>2022-02-23T22:43:14Z</time><extensions><speed>1.581071</speed><course>346.863953</course><hAcc>1.676485</hAcc><vAcc>0.794853</vAcc></extensions></trkpt>
      <trkpt lon="-76.447217" lat="39.347512"><ele>22.585255</ele><time>2022-02-23T22:43:15Z</time><extensions><speed>1.507681</speed><course>350.226318</course><hAcc>1.702402</hAcc><vAcc>0.795645</vAcc></extensions></trkpt>
      <trkpt lon="-76.447219" lat="39.347525"><ele>22.598091</ele><time>2022-02-23T22:43:16Z</time><extensions><speed>1.419327</speed><course>352.635681</course><hAcc>1.698474</hAcc><vAcc>0.796408</vAcc></extensions></trkpt>
      <trkpt lon="-76.447220" lat="39.347538"><ele>22.609041</ele><time>2022-02-23T22:43:17Z</time><extensions><speed>1.343889</speed><course>0.264330</course><hAcc>1.669975</hAcc><vAcc>0.797042</vAcc></extensions></trkpt>
      <trkpt lon="-76.447220" lat="39.347549"><ele>22.634012</ele><time>2022-02-23T22:43:18Z</time><extensions><speed>1.286473</speed><course>5.298214</course><hAcc>1.675099</hAcc><vAcc>0.797407</vAcc></extensions></trkpt>
      <trkpt lon="-76.447218" lat="39.347561"><ele>22.633846</ele><time>2022-02-23T22:43:19Z</time><extensions><speed>1.250746</speed><course>9.390989</course><hAcc>1.681893</hAcc><vAcc>0.797447</vAcc></extensions></trkpt>
      <trkpt lon="-76.447215" lat="39.347572"><ele>22.689766</ele><time>2022-02-23T22:43:20Z</time><extensions><speed>1.235146</speed><course>11.275488</course><hAcc>1.693185</hAcc><vAcc>0.797182</vAcc></extensions></trkpt>
      <trkpt lon="-76.447212" lat="39.347583"><ele>22.722898</ele><time>2022-02-23T22:43:21Z</time><extensions><speed>1.222802</speed><course>12.693264</course><hAcc>1.704922</hAcc><vAcc>0.796629</vAcc></extensions></trkpt>
      <trkpt lon="-76.447209" lat="39.347593"><ele>22.738855</ele><time>2022-02-23T22:43:22Z</time><extensions><speed>1.170072</speed><course>13.583105</course><hAcc>1.718549</hAcc><vAcc>0.795783</vAcc></extensions></trkpt>
      <trkpt lon="-76.447206" lat="39.347603"><ele>22.740902</ele><time>2022-02-23T22:43:23Z</time><extensions><speed>1.141091</speed><course>15.714862</course><hAcc>1.734360</hAcc><vAcc>0.794684</vAcc></extensions></trkpt>
      <trkpt lon="-76.447203" lat="39.347613"><ele>22.739044</ele><time>2022-02-23T22:43:24Z</time><extensions><speed>1.163875</speed><course>12.800710</course><hAcc>1.740665</hAcc><vAcc>0.793418</vAcc></extensions></trkpt>
      <trkpt lon="-76.447200" lat="39.347624"><ele>22.761108</ele><time>2022-02-23T22:43:25Z</time><extensions><speed>1.181109</speed><course>9.053295</course><hAcc>1.741304</hAcc><vAcc>0.792064</vAcc></extensions></trkpt>
      <trkpt lon="-76.447198" lat="39.347635"><ele>22.791641</ele><time>2022-02-23T22:43:26Z</time><extensions><speed>1.277274</speed><course>6.146883</course><hAcc>1.734047</hAcc><vAcc>0.790756</vAcc></extensions></trkpt>
      <trkpt lon="-76.447197" lat="39.347646"><ele>22.829990</ele><time>2022-02-23T22:43:27Z</time><extensions><speed>1.347181</speed><course>4.793287</course><hAcc>1.719090</hAcc><vAcc>0.789580</vAcc></extensions></trkpt>
      <trkpt lon="-76.447196" lat="39.347659"><ele>22.837925</ele><time>2022-02-23T22:43:28Z</time><extensions><speed>1.369199</speed><course>3.760463</course><hAcc>1.693020</hAcc><vAcc>0.788686</vAcc></extensions></trkpt>
      <trkpt lon="-76.447195" lat="39.347671"><ele>22.858456</ele><time>2022-02-23T22:43:29Z</time><extensions><speed>1.418571</speed><course>0.843431</course><hAcc>1.654863</hAcc><vAcc>0.788172</vAcc></extensions></trkpt>
      <trkpt lon="-76.447196" lat="39.347684"><ele>22.880955</ele><time>2022-02-23T22:43:30Z</time><extensions><speed>1.506957</speed><course>357.263977</course><hAcc>1.637308</hAcc><vAcc>0.788074</vAcc></extensions></trkpt>
      <trkpt lon="-76.447197" lat="39.347698"><ele>22.897699</ele><time>2022-02-23T22:43:31Z</time><extensions><speed>1.515282</speed><course>355.383606</course><hAcc>1.662716</hAcc><vAcc>0.788367</vAcc></extensions></trkpt>
      <trkpt lon="-76.447199" lat="39.347711"><ele>22.921534</ele><time>2022-02-23T22:43:32Z</time><extensions><speed>1.493581</speed><course>352.884033</course><hAcc>1.634375</hAcc><vAcc>0.789066</vAcc></extensions></trkpt>
      <trkpt lon="-76.447201" lat="39.347724"><ele>22.947922</ele><time>2022-02-23T22:43:33Z</time><extensions><speed>1.406815</speed><course>354.101898</course><hAcc>1.634338</hAcc><vAcc>0.790030</vAcc></extensions></trkpt>
      <trkpt lon="-76.447203" lat="39.347737"><ele>22.959322</ele><time>2022-02-23T22:43:34Z</time><extensions><speed>1.455947</speed><course>351.133362</course><hAcc>1.610722</hAcc><vAcc>0.791186</vAcc></extensions></trkpt>
      <trkpt lon="-76.447206" lat="39.347750"><ele>22.988907</ele><time>2022-02-23T22:43:35Z</time><extensions><speed>1.435699</speed><course>349.742188</course><hAcc>1.635577</hAcc><vAcc>0.792476</vAcc></extensions></trkpt>
      <trkpt lon="-76.447209" lat="39.347763"><ele>23.006073</ele><time>2022-02-23T22:43:36Z</time><extensions><speed>1.428435</speed><course>345.886230</course><hAcc>1.619865</hAcc><vAcc>0.793874</vAcc></extensions></trkpt>
      <trkpt lon="-76.447213" lat="39.347775"><ele>23.027746</ele><time>2022-02-23T22:43:37Z</time><extensions><speed>1.395615</speed><course>343.847839</course><hAcc>1.624061</hAcc><vAcc>0.795274</vAcc></extensions></trkpt>
      <trkpt lon="-76.447218" lat="39.347787"><ele>23.049154</ele><time>2022-02-23T22:43:38Z</time><extensions><speed>1.395887</speed><course>342.243622</course><hAcc>1.642343</hAcc><vAcc>0.796611</vAcc></extensions></trkpt>
      <trkpt lon="-76.447223" lat="39.347799"><ele>23.058617</ele><time>2022-02-23T22:43:39Z</time><extensions><speed>1.462579</speed><course>341.484833</course><hAcc>1.650177</hAcc><vAcc>0.797858</vAcc></extensions></trkpt>
      <trkpt lon="-76.447229" lat="39.347812"><ele>23.065296</ele><time>2022-02-23T22:43:40Z</time><extensions><speed>1.478300</speed><course>341.751251</course><hAcc>1.654934</hAcc><vAcc>0.798948</vAcc></extensions></trkpt>
      <trkpt lon="-76.447234" lat="39.347824"><ele>23.070391</ele><time>2022-02-23T22:43:41Z</time><extensions><speed>1.516249</speed><course>340.142273</course><hAcc>1.666955</hAcc><vAcc>0.799898</vAcc></extensions></trkpt>
      <trkpt lon="-76.447240" lat="39.347837"><ele>23.069799</ele><time>2022-02-23T22:43:42Z</time><extensions><speed>1.454620</speed><course>339.999847</course><hAcc>1.698338</hAcc><vAcc>0.800678</vAcc></extensions></trkpt>
      <trkpt lon="-76.447246" lat="39.347849"><ele>23.059677</ele><time>2022-02-23T22:43:43Z</time><extensions><speed>1.415560</speed><course>339.448303</course><hAcc>1.662132</hAcc><vAcc>0.801339</vAcc></extensions></trkpt>
      <trkpt lon="-76.447252" lat="39.347861"><ele>23.049223</ele><time>2022-02-23T22:43:44Z</time><extensions><speed>1.426275</speed><course>340.151184</course><hAcc>1.649519</hAcc><vAcc>0.801833</vAcc></extensions></trkpt>
      <trkpt lon="-76.447257" lat="39.347873"><ele>23.048462</ele><time>2022-02-23T22:43:45Z</time><extensions><speed>1.480124</speed><course>340.910400</course><hAcc>1.665447</hAcc><vAcc>0.802172</vAcc></extensions></trkpt>
      <trkpt lon="-76.447263" lat="39.347886"><ele>23.047220</ele><time>2022-02-23T22:43:46Z</time><extensions><speed>1.472873</speed><course>342.451538</course><hAcc>1.689740</hAcc><vAcc>0.802456</vAcc></extensions></trkpt>
      <trkpt lon="-76.447268" lat="39.347899"><ele>23.033049</ele><time>2022-02-23T22:43:47Z</time><extensions><speed>1.485159</speed><course>343.767853</course><hAcc>1.683861</hAcc><vAcc>0.802589</vAcc></extensions></trkpt>
      <trkpt lon="-76.447273" lat="39.347912"><ele>23.056578</ele><time>2022-02-23T22:43:48Z</time><extensions><speed>1.524846</speed><course>343.354828</course><hAcc>1.678869</hAcc><vAcc>0.802682</vAcc></extensions></trkpt>
      <trkpt lon="-76.447278" lat="39.347925"><ele>23.079882</ele><time>2022-02-23T22:43:49Z</time><extensions><speed>1.508451</speed><course>342.431580</course><hAcc>1.674790</hAcc><vAcc>0.802747</vAcc></extensions></trkpt>
      <trkpt lon="-76.447284" lat="39.347938"><ele>23.109495</ele><time>2022-02-23T22:43:50Z</time><extensions><speed>1.541652</speed><course>340.448090</course><hAcc>1.664312</hAcc><vAcc>0.802771</vAcc></extensions></trkpt>
      <trkpt lon="-76.447290" lat="39.347951"><ele>23.125923</ele><time>2022-02-23T22:43:51Z</time><extensions><speed>1.551988</speed><course>338.847748</course><hAcc>1.652020</hAcc><vAcc>0.802842</vAcc></extensions></trkpt>
      <trkpt lon="-76.447297" lat="39.347964"><ele>23.155354</ele><time>2022-02-23T22:43:52Z</time><extensions><speed>1.634352</speed><course>336.903809</course><hAcc>1.657828</hAcc><vAcc>0.802882</vAcc></extensions></trkpt>
      <trkpt lon="-76.447304" lat="39.347977"><ele>23.194479</ele><time>2022-02-23T22:43:53Z</time><extensions><speed>1.480350</speed><course>339.181091</course><hAcc>1.685029</hAcc><vAcc>0.802925</vAcc></extensions></trkpt>
      <trkpt lon="-76.447309" lat="39.347989"><ele>23.234804</ele><time>2022-02-23T22:43:54Z</time><extensions><speed>1.444911</speed><course>340.068359</course><hAcc>1.638900</hAcc><vAcc>0.803014</vAcc></extensions></trkpt>
      <trkpt lon="-76.447315" lat="39.348002"><ele>23.324549</ele><time>2022-02-23T22:43:55Z</time><extensions><speed>1.490801</speed><course>341.517151</course><hAcc>1.625183</hAcc><vAcc>0.802932</vAcc></extensions></trkpt>
      <trkpt lon="-76.447321" lat="39.348014"><ele>23.392298</ele><time>2022-02-23T22:43:56Z</time><extensions><speed>1.481227</speed><course>339.618103</course><hAcc>1.645756</hAcc><vAcc>0.802809</vAcc></extensions></trkpt>
      <trkpt lon="-76.447326" lat="39.348027"><ele>23.444071</ele><time>2022-02-23T22:43:57Z</time><extensions><speed>1.499785</speed><course>340.855988</course><hAcc>1.634067</hAcc><vAcc>0.802653</vAcc></extensions></trkpt>
      <trkpt lon="-76.447332" lat="39.348040"><ele>23.501585</ele><time>2022-02-23T22:43:58Z</time><extensions><speed>1.460459</speed><course>341.331146</course><hAcc>1.646349</hAcc><vAcc>0.802418</vAcc></extensions></trkpt>
      <trkpt lon="-76.447337" lat="39.348052"><ele>23.575768</ele><time>2022-02-23T22:43:59Z</time><extensions><speed>1.433893</speed><course>341.596771</course><hAcc>1.646969</hAcc><vAcc>0.802058</vAcc></extensions></trkpt>
      <trkpt lon="-76.447342" lat="39.348065"><ele>23.654184</ele><time>2022-02-23T22:44:00Z</time><extensions><speed>1.512467</speed><course>343.740540</course><hAcc>1.649414</hAcc><vAcc>0.801624</vAcc></extensions></trkpt>
      <trkpt lon="-76.447347" lat="39.348078"><ele>23.700399</ele><time>2022-02-23T22:44:01Z</time><extensions><speed>1.451556</speed><course>347.075226</course><hAcc>1.675480</hAcc><vAcc>0.801095</vAcc></extensions></trkpt>
      <trkpt lon="-76.447350" lat="39.348090"><ele>23.750195</ele><time>2022-02-23T22:44:02Z</time><extensions><speed>1.326765</speed><course>350.296722</course><hAcc>1.648944</hAcc><vAcc>0.800457</vAcc></extensions></trkpt>
      <trkpt lon="-76.447352" lat="39.348101"><ele>23.796444</ele><time>2022-02-23T22:44:03Z</time><extensions><speed>1.211226</speed><course>350.797241</course><hAcc>1.625501</hAcc><vAcc>0.799697</vAcc></extensions></trkpt>
      <trkpt lon="-76.447355" lat="39.348112"><ele>23.827255</ele><time>2022-02-23T22:44:04Z</time><extensions><speed>1.234886</speed><course>348.640228</course><hAcc>1.613427</hAcc><vAcc>0.798784</vAcc></extensions></trkpt>
      <trkpt lon="-76.447358" lat="39.348123"><ele>23.848021</ele><time>2022-02-23T22:44:05Z</time><extensions><speed>1.368907</speed><course>345.544556</course><hAcc>1.625013</hAcc><vAcc>0.797698</vAcc></extensions></trkpt>
      <trkpt lon="-76.447363" lat="39.348136"><ele>23.867741</ele><time>2022-02-23T22:44:06Z</time><extensions><speed>1.473367</speed><course>345.160248</course><hAcc>1.680392</hAcc><vAcc>0.796533</vAcc></extensions></trkpt>
      <trkpt lon="-76.447366" lat="39.348149"><ele>23.882517</ele><time>2022-02-23T22:44:07Z</time><extensions><speed>1.453297</speed><course>350.079346</course><hAcc>1.687717</hAcc><vAcc>0.795259</vAcc></extensions></trkpt>
      <trkpt lon="-76.447369" lat="39.348161"><ele>23.888258</ele><time>2022-02-23T22:44:08Z</time><extensions><speed>1.415991</speed><course>350.124725</course><hAcc>1.651888</hAcc><vAcc>0.793923</vAcc></extensions></trkpt>
      <trkpt lon="-76.447372" lat="39.348174"><ele>23.889439</ele><time>2022-02-23T22:44:09Z</time><extensions><speed>1.352492</speed><course>346.919678</course><hAcc>1.641329</hAcc><vAcc>0.792542</vAcc></extensions></trkpt>
      <trkpt lon="-76.447377" lat="39.348185"><ele>23.895710</ele><time>2022-02-23T22:44:10Z</time><extensions><speed>1.305735</speed><course>341.831635</course><hAcc>1.667563</hAcc><vAcc>0.791182</vAcc></extensions></trkpt>
      <trkpt lon="-76.447382" lat="39.348196"><ele>23.890263</ele><time>2022-02-23T22:44:11Z</time><extensions><speed>1.301715</speed><course>338.894043</course><hAcc>1.703435</hAcc><vAcc>0.789883</vAcc></extensions></trkpt>
      <trkpt lon="-76.447388" lat="39.348207"><ele>23.887724</ele><time>2022-02-23T22:44:12Z</time><extensions><speed>1.320572</speed><course>335.401123</course><hAcc>1.728058</hAcc><vAcc>0.788628</vAcc></extensions></trkpt>
      <trkpt lon="-76.447394" lat="39.348218"><ele>23.877769</ele><time>2022-02-23T22:44:13Z</time><extensions><speed>1.364690</speed><course>333.698425</course><hAcc>1.742574</hAcc><vAcc>0.787461</vAcc></extensions></trkpt>
      <trkpt lon="-76.447401" lat="39.348229"><ele>23.859543</ele><time>2022-02-23T22:44:14Z</time><extensions><speed>1.355028</speed><course>333.332733</course><hAcc>1.747535</hAcc><vAcc>0.786401</vAcc></extensions></trkpt>
      <trkpt lon="-76.447409" lat="39.348240"><ele>23.844482</ele><time>2022-02-23T22:44:15Z</time><extensions><speed>1.327451</speed><course>333.202209</course><hAcc>1.751676</hAcc><vAcc>0.785523</vAcc></extensions></trkpt>
      <trkpt lon="-76.447416" lat="39.348250"><ele>23.836126</ele><time>2022-02-23T22:44:16Z</time><extensions><speed>1.274961</speed><course>331.358765</course><hAcc>1.755569</hAcc><vAcc>0.784834</vAcc></extensions></trkpt>
      <trkpt lon="-76.447423" lat="39.348260"><ele>23.832537</ele><time>2022-02-23T22:44:16Z</time><extensions><speed>1.211672</speed><course>327.285706</course><hAcc>1.755911</hAcc><vAcc>0.784429</vAcc></extensions></trkpt>
      <trkpt lon="-76.447431" lat="39.348269"><ele>23.823269</ele><time>2022-02-23T22:44:17Z</time><extensions><speed>1.211874</speed><course>324.227386</course><hAcc>1.756353</hAcc><vAcc>0.784283</vAcc></extensions></trkpt>
      <trkpt lon="-76.447439" lat="39.348277"><ele>23.815565</ele><time>2022-02-23T22:44:18Z</time><extensions><speed>1.227811</speed><course>320.450256</course><hAcc>1.753923</hAcc><vAcc>0.784442</vAcc></extensions></trkpt>
      <trkpt lon="-76.447449" lat="39.348286"><ele>23.798151</ele><time>2022-02-23T22:44:19Z</time><extensions><speed>1.257910</speed><course>319.110352</course><hAcc>1.751449</hAcc><vAcc>0.784834</vAcc></extensions></trkpt>
      <trkpt lon="-76.447459" lat="39.348294"><ele>23.789053</ele><time>2022-02-23T22:44:20Z</time><extensions><speed>1.247086</speed><course>316.892944</course><hAcc>1.747832</hAcc><vAcc>0.785425</vAcc></extensions></trkpt>
      <trkpt lon="-76.447468" lat="39.348302"><ele>23.784227</ele><time>2022-02-23T22:44:21Z</time><extensions><speed>1.159938</speed><course>315.963348</course><hAcc>1.740093</hAcc><vAcc>0.786182</vAcc></extensions></trkpt>
      <trkpt lon="-76.447477" lat="39.348309"><ele>23.768900</ele><time>2022-02-23T22:44:22Z</time><extensions><speed>0.946376</speed><course>313.778595</course><hAcc>1.730010</hAcc><vAcc>0.787085</vAcc></extensions></trkpt>
      <trkpt lon="-76.447483" lat="39.348314"><ele>23.773329</ele><time>2022-02-23T22:44:23Z</time><extensions><speed>0.636302</speed><course>314.826508</course><hAcc>1.720162</hAcc><vAcc>0.788112</vAcc></extensions></trkpt>
      <trkpt lon="-76.447487" lat="39.348317"><ele>23.796398</ele><time>2022-02-23T22:44:24Z</time><extensions><speed>0.388979</speed><course>316.344635</course><hAcc>1.706809</hAcc><vAcc>0.789233</vAcc></extensions></trkpt>
      <trkpt lon="-76.447491" lat="39.348320"><ele>23.760386</ele><time>2022-02-23T22:44:25Z</time><extensions><speed>0.441340</speed><course>323.240631</course><hAcc>1.684397</hAcc><vAcc>0.790358</vAcc></extensions></trkpt>
      <trkpt lon="-76.447494" lat="39.348325"><ele>23.748497</ele><time>2022-02-23T22:44:26Z</time><extensions><speed>0.741405</speed><course>327.211761</course><hAcc>1.675229</hAcc><vAcc>0.791452</vAcc></extensions></trkpt>
      <trkpt lon="-76.447500" lat="39.348331"><ele>23.750338</ele><time>2022-02-23T22:44:27Z</time><extensions><speed>0.890598</speed><course>327.302765</course><hAcc>1.702884</hAcc><vAcc>0.792377</vAcc></extensions></trkpt>
      <trkpt lon="-76.447506" lat="39.348338"><ele>23.749762</ele><time>2022-02-23T22:44:28Z</time><extensions><speed>0.959008</speed><course>325.161224</course><hAcc>1.710122</hAcc><vAcc>0.793146</vAcc></extensions></trkpt>
      <trkpt lon="-76.447512" lat="39.348345"><ele>23.735258</ele><time>2022-02-23T22:44:29Z</time><extensions><speed>1.011340</speed><course>323.548523</course><hAcc>1.673311</hAcc><vAcc>0.793638</vAcc></extensions></trkpt>
      <trkpt lon="-76.447519" lat="39.348352"><ele>23.729353</ele><time>2022-02-23T22:44:30Z</time><extensions><speed>1.015036</speed><course>324.599304</course><hAcc>1.670122</hAcc><vAcc>0.793813</vAcc></extensions></trkpt>
      <trkpt lon="-76.447526" lat="39.348360"><ele>23.721571</ele><time>2022-02-23T22:44:31Z</time><extensions><speed>1.051365</speed><course>326.628754</course><hAcc>1.693316</hAcc><vAcc>0.793752</vAcc></extensions></trkpt>
      <trkpt lon="-76.447533" lat="39.348368"><ele>23.747406</ele><time>2022-02-23T22:44:32Z</time><extensions><speed>1.034186</speed><course>323.731384</course><hAcc>1.712662</hAcc><vAcc>0.793369</vAcc></extensions></trkpt>
      <trkpt lon="-76.447540" lat="39.348375"><ele>23.750822</ele><time>2022-02-23T22:44:33Z</time><extensions><speed>1.010988</speed><course>322.221161</course><hAcc>1.722563</hAcc><vAcc>0.792749</vAcc></extensions></trkpt>
      <trkpt lon="-76.447547" lat="39.348382"><ele>23.744656</ele><time>2022-02-23T22:44:34Z</time><extensions><speed>0.972545</speed><course>323.082916</course><hAcc>1.734995</hAcc><vAcc>0.791971</vAcc></extensions></trkpt>
      <trkpt lon="-76.447554" lat="39.348389"><ele>23.735958</ele><time>2022-02-23T22:44:35Z</time><extensions><speed>0.972671</speed><course>325.369385</course><hAcc>1.742344</hAcc><vAcc>0.790975</vAcc></extensions></trkpt>
      <trkpt lon="-76.447560" lat="39.348397"><ele>23.734936</ele><time>2022-02-23T22:44:36Z</time><extensions><speed>0.949095</speed><course>328.440033</course><hAcc>1.747356</hAcc><vAcc>0.789900</vAcc></extensions></trkpt>
      <trkpt lon="-76.447566" lat="39.348404"><ele>23.750145</ele><time>2022-02-23T22:44:37Z</time><extensions><speed>1.054753</speed><course>330.205292</course><hAcc>1.753179</hAcc><vAcc>0.788809</vAcc></extensions></trkpt>
      <trkpt lon="-76.447572" lat="39.348413"><ele>23.755997</ele><time>2022-02-23T22:44:38Z</time><extensions><speed>1.167849</speed><course>332.348999</course><hAcc>1.759943</hAcc><vAcc>0.787766</vAcc></extensions></trkpt>
      <trkpt lon="-76.447579" lat="39.348423"><ele>23.782143</ele><time>2022-02-23T22:44:39Z</time><extensions><speed>1.216387</speed><course>329.634735</course><hAcc>1.759969</hAcc><vAcc>0.786814</vAcc></extensions></trkpt>
      <trkpt lon="-76.447586" lat="39.348432"><ele>23.794201</ele><time>2022-02-23T22:44:40Z</time><extensions><speed>1.221731</speed><course>323.536285</course><hAcc>1.751893</hAcc><vAcc>0.785989</vAcc></extensions></trkpt>
      <trkpt lon="-76.447595" lat="39.348440"><ele>23.830105</ele><time>2022-02-23T22:44:41Z</time><extensions><speed>1.231524</speed><course>317.604828</course><hAcc>1.739389</hAcc><vAcc>0.785266</vAcc></extensions></trkpt>
      <trkpt lon="-76.447606" lat="39.348449"><ele>23.865959</ele><time>2022-02-23T22:44:42Z</time><extensions><speed>1.329300</speed><course>316.463287</course><hAcc>1.728729</hAcc><vAcc>0.784662</vAcc></extensions></trkpt>
      <trkpt lon="-76.447617" lat="39.348458"><ele>23.907362</ele><time>2022-02-23T22:44:43Z</time><extensions><speed>1.456066</speed><course>318.552216</course><hAcc>1.741173</hAcc><vAcc>0.784180</vAcc></extensions></trkpt>
      <trkpt lon="-76.447627" lat="39.348467"><ele>23.929276</ele><time>2022-02-23T22:44:44Z</time><extensions><speed>1.361421</speed><course>318.775879</course><hAcc>1.771117</hAcc><vAcc>0.783771</vAcc></extensions></trkpt>
      <trkpt lon="-76.447638" lat="39.348477"><ele>23.970699</ele><time>2022-02-23T22:44:45Z</time><extensions><speed>1.418590</speed><course>317.735138</course><hAcc>1.744486</hAcc><vAcc>0.783384</vAcc></extensions></trkpt>
      <trkpt lon="-76.447649" lat="39.348486"><ele>23.981224</ele><time>2022-02-23T22:44:46Z</time><extensions><speed>1.411861</speed><course>315.151764</course><hAcc>1.735018</hAcc><vAcc>0.782949</vAcc></extensions></trkpt>
      <trkpt lon="-76.447661" lat="39.348494"><ele>24.025419</ele><time>2022-02-23T22:44:47Z</time><extensions><speed>1.329268</speed><course>308.971771</course><hAcc>1.737594</hAcc><vAcc>0.782450</vAcc></extensions></trkpt>
      <trkpt lon="-76.447673" lat="39.348501"><ele>24.069157</ele><time>2022-02-23T22:44:48Z</time><extensions><speed>1.273347</speed><course>302.440582</course><hAcc>1.744483</hAcc><vAcc>0.781823</vAcc></extensions></trkpt>
      <trkpt lon="-76.447686" lat="39.348507"><ele>24.110100</ele><time>2022-02-23T22:44:49Z</time><extensions><speed>1.256664</speed><course>299.794342</course><hAcc>1.751767</hAcc><vAcc>0.781067</vAcc></extensions></trkpt>
      <trkpt lon="-76.447699" lat="39.348513"><ele>24.140551</ele><time>2022-02-23T22:44:50Z</time><extensions><speed>1.287905</speed><course>299.155182</course><hAcc>1.752617</hAcc><vAcc>0.780150</vAcc></extensions></trkpt>
      <trkpt lon="-76.447712" lat="39.348518"><ele>24.152279</ele><time>2022-02-23T22:44:51Z</time><extensions><speed>1.309497</speed><course>298.162537</course><hAcc>1.751781</hAcc><vAcc>0.779067</vAcc></extensions></trkpt>
      <trkpt lon="-76.447726" lat="39.348524"><ele>24.165848</ele><time>2022-02-23T22:44:52Z</time><extensions><speed>1.383086</speed><course>296.814209</course><hAcc>1.754570</hAcc><vAcc>0.777778</vAcc></extensions></trkpt>
      <trkpt lon="-76.447740" lat="39.348530"><ele>24.184551</ele><time>2022-02-23T22:44:53Z</time><extensions><speed>1.391143</speed><course>297.285217</course><hAcc>1.758453</hAcc><vAcc>0.776306</vAcc></extensions></trkpt>
      <trkpt lon="-76.447754" lat="39.348535"><ele>24.207458</ele><time>2022-02-23T22:44:54Z</time><extensions><speed>1.327082</speed><course>297.380096</course><hAcc>1.741460</hAcc><vAcc>0.774689</vAcc></extensions></trkpt>
      <trkpt lon="-76.447768" lat="39.348541"><ele>24.233284</ele><time>2022-02-23T22:44:55Z</time><extensions><speed>1.325964</speed><course>296.276489</course><hAcc>1.733530</hAcc><vAcc>0.772972</vAcc></extensions></trkpt>
      <trkpt lon="-76.447782" lat="39.348546"><ele>24.251541</ele><time>2022-02-23T22:44:56Z</time><extensions><speed>1.320689</speed><course>296.727631</course><hAcc>1.742288</hAcc><vAcc>0.771136</vAcc></extensions></trkpt>
      <trkpt lon="-76.447795" lat="39.348551"><ele>24.251923</ele><time>2022-02-23T22:44:57Z</time><extensions><speed>1.283222</speed><course>297.842926</course><hAcc>1.755674</hAcc><vAcc>0.769302</vAcc></extensions></trkpt>
      <trkpt lon="-76.447808" lat="39.348557"><ele>24.244526</ele><time>2022-02-23T22:44:58Z</time><extensions><speed>1.235133</speed><course>297.782745</course><hAcc>1.732010</hAcc><vAcc>0.767412</vAcc></extensions></trkpt>
      <trkpt lon="-76.447821" lat="39.348562"><ele>24.246956</ele><time>2022-02-23T22:44:59Z</time><extensions><speed>1.243906</speed><course>295.522308</course><hAcc>1.715860</hAcc><vAcc>0.765525</vAcc></extensions></trkpt>
      <trkpt lon="-76.447834" lat="39.348566"><ele>24.253639</ele><time>2022-02-23T22:45:00Z</time><extensions><speed>1.272212</speed><course>289.341156</course><hAcc>1.715975</hAcc><vAcc>0.763678</vAcc></extensions></trkpt>
      <trkpt lon="-76.447849" lat="39.348569"><ele>24.255928</ele><time>2022-02-23T22:45:01Z</time><extensions><speed>1.305505</speed><course>282.741486</course><hAcc>1.737422</hAcc><vAcc>0.761926</vAcc></extensions></trkpt>
      <trkpt lon="-76.447863" lat="39.348571"><ele>24.241112</ele><time>2022-02-23T22:45:02Z</time><extensions><speed>1.287890</speed><course>279.265442</course><hAcc>1.779943</hAcc><vAcc>0.760199</vAcc></extensions></trkpt>
      <trkpt lon="-76.447878" lat="39.348573"><ele>24.211798</ele><time>2022-02-23T22:45:03Z</time><extensions><speed>1.233125</speed><course>278.195068</course><hAcc>1.744907</hAcc><vAcc>0.758534</vAcc></extensions></trkpt>
      <trkpt lon="-76.447892" lat="39.348575"><ele>24.215851</ele><time>2022-02-23T22:45:04Z</time><extensions><speed>1.216466</speed><course>278.815399</course><hAcc>1.729993</hAcc><vAcc>0.756964</vAcc></extensions></trkpt>
      <trkpt lon="-76.447906" lat="39.348576"><ele>24.206430</ele><time>2022-02-23T22:45:05Z</time><extensions><speed>1.281743</speed><course>279.080383</course><hAcc>1.740507</hAcc><vAcc>0.755608</vAcc></extensions></trkpt>
      <trkpt lon="-76.447922" lat="39.348578"><ele>24.201574</ele><time>2022-02-23T22:45:06Z</time><extensions><speed>1.359785</speed><course>277.806793</course><hAcc>1.747121</hAcc><vAcc>0.754485</vAcc></extensions></trkpt>
      <trkpt lon="-76.447938" lat="39.348579"><ele>24.189148</ele><time>2022-02-23T22:45:07Z</time><extensions><speed>1.415561</speed><course>275.222260</course><hAcc>1.762280</hAcc><vAcc>0.753728</vAcc></extensions></trkpt>
      <trkpt lon="-76.447955" lat="39.348580"><ele>24.173529</ele><time>2022-02-23T22:45:08Z</time><extensions><speed>1.516478</speed><course>273.947571</course><hAcc>1.791423</hAcc><vAcc>0.753373</vAcc></extensions></trkpt>
      <trkpt lon="-76.447972" lat="39.348581"><ele>24.161837</ele><time>2022-02-23T22:45:09Z</time><extensions><speed>1.482409</speed><course>273.134186</course><hAcc>1.803876</hAcc><vAcc>0.753462</vAcc></extensions></trkpt>
      <trkpt lon="-76.447989" lat="39.348581"><ele>24.167013</ele><time>2022-02-23T22:45:10Z</time><extensions><speed>1.472138</speed><course>267.682922</course><hAcc>1.787483</hAcc><vAcc>0.754044</vAcc></extensions></trkpt>
      <trkpt lon="-76.448006" lat="39.348580"><ele>24.171469</ele><time>2022-02-23T22:45:11Z</time><extensions><speed>1.483593</speed><course>262.837982</course><hAcc>1.784589</hAcc><vAcc>0.755118</vAcc></extensions></trkpt>
      <trkpt lon="-76.448023" lat="39.348578"><ele>24.189108</ele><time>2022-02-23T22:45:12Z</time><extensions><speed>1.479790</speed><course>260.099579</course><hAcc>1.789665</hAcc><vAcc>0.756660</vAcc></extensions></trkpt>
      <trkpt lon="-76.448040" lat="39.348576"><ele>24.226156</ele><time>2022-02-23T22:45:13Z</time><extensions><speed>1.437858</speed><course>259.289642</course><hAcc>1.790645</hAcc><vAcc>0.758647</vAcc></extensions></trkpt>
      <trkpt lon="-76.448056" lat="39.348573"><ele>24.277884</ele><time>2022-02-23T22:45:14Z</time><extensions><speed>1.399898</speed><course>257.630005</course><hAcc>1.787605</hAcc><vAcc>0.761048</vAcc></extensions></trkpt>
      <trkpt lon="-76.448071" lat="39.348571"><ele>24.324766</ele><time>2022-02-23T22:45:15Z</time><extensions><speed>1.340278</speed><course>256.437439</course><hAcc>1.783419</hAcc><vAcc>0.763768</vAcc></extensions></trkpt>
      <trkpt lon="-76.448086" lat="39.348568"><ele>24.365610</ele><time>2022-02-23T22:45:16Z</time><extensions><speed>1.329860</speed><course>253.862320</course><hAcc>1.785462</hAcc><vAcc>0.766710</vAcc></extensions></trkpt>
      <trkpt lon="-76.448101" lat="39.348564"><ele>24.402729</ele><time>2022-02-23T22:45:17Z</time><extensions><speed>1.346971</speed><course>251.637238</course><hAcc>1.790958</hAcc><vAcc>0.769817</vAcc></extensions></trkpt>
      <trkpt lon="-76.448117" lat="39.348560"><ele>24.444038</ele><time>2022-02-23T22:45:18Z</time><extensions><speed>1.400584</speed><course>251.394180</course><hAcc>1.762953</hAcc><vAcc>0.772953</vAcc></extensions></trkpt>
      <trkpt lon="-76.448132" lat="39.348556"><ele>24.481438</ele><time>2022-02-23T22:45:20Z</time><extensions><speed>1.382391</speed><course>250.919159</course><hAcc>1.736161</hAcc><vAcc>0.776014</vAcc></extensions></trkpt>
      <trkpt lon="-76.448147" lat="39.348552"><ele>24.528963</ele><time>2022-02-23T22:45:21Z</time><extensions><speed>1.326461</speed><course>250.736496</course><hAcc>1.725310</hAcc><vAcc>0.778931</vAcc></extensions></trkpt>
      <trkpt lon="-76.448161" lat="39.348548"><ele>24.585552</ele><time>2022-02-23T22:45:22Z</time><extensions><speed>1.214882</speed><course>252.378601</course><hAcc>1.722308</hAcc><vAcc>0.781702</vAcc></extensions></trkpt>
      <trkpt lon="-76.448174" lat="39.348545"><ele>24.655666</ele><time>2022-02-23T22:45:23Z</time><extensions><speed>1.089247</speed><course>254.909103</course><hAcc>1.720907</hAcc><vAcc>0.784334</vAcc></extensions></trkpt>
      <trkpt lon="-76.448186" lat="39.348543"><ele>24.720137</ele><time>2022-02-23T22:45:24Z</time><extensions><speed>1.082919</speed><course>255.227402</course><hAcc>1.701922</hAcc><vAcc>0.786761</vAcc></extensions></trkpt>
      <trkpt lon="-76.448198" lat="39.348540"><ele>24.742064</ele><time>2022-02-23T22:45:25Z</time><extensions><speed>1.115663</speed><course>254.631866</course><hAcc>1.676936</hAcc><vAcc>0.788969</vAcc></extensions></trkpt>
      <trkpt lon="-76.448211" lat="39.348537"><ele>24.763958</ele><time>2022-02-23T22:45:26Z</time><extensions><speed>1.178635</speed><course>253.780518</course><hAcc>1.654082</hAcc><vAcc>0.790979</vAcc></extensions></trkpt>
      <trkpt lon="-76.448224" lat="39.348534"><ele>24.773239</ele><time>2022-02-23T22:45:27Z</time><extensions><speed>1.229417</speed><course>252.836502</course><hAcc>1.643073</hAcc><vAcc>0.792772</vAcc></extensions></trkpt>
      <trkpt lon="-76.448238" lat="39.348530"><ele>24.781027</ele><time>2022-02-23T22:45:28Z</time><extensions><speed>1.242661</speed><course>250.378174</course><hAcc>1.674809</hAcc><vAcc>0.794376</vAcc></extensions></trkpt>
      <trkpt lon="-76.448252" lat="39.348526"><ele>24.798138</ele><time>2022-02-23T22:45:29Z</time><extensions><speed>1.300081</speed><course>246.662094</course><hAcc>1.686227</hAcc><vAcc>0.795765</vAcc></extensions></trkpt>
      <trkpt lon="-76.448266" lat="39.348521"><ele>24.846546</ele><time>2022-02-23T22:45:30Z</time><extensions><speed>1.408241</speed><course>242.296875</course><hAcc>1.639050</hAcc><vAcc>0.796967</vAcc></extensions></trkpt>
      <trkpt lon="-76.448280" lat="39.348514"><ele>24.869295</ele><time>2022-02-23T22:45:31Z</time><extensions><speed>1.462324</speed><course>236.874359</course><hAcc>1.621696</hAcc><vAcc>0.797977</vAcc></extensions></trkpt>
      <trkpt lon="-76.448294" lat="39.348506"><ele>24.833731</ele><time>2022-02-23T22:45:32Z</time><extensions><speed>1.510321</speed><course>232.566818</course><hAcc>1.629831</hAcc><vAcc>0.798825</vAcc></extensions></trkpt>
      <trkpt lon="-76.448308" lat="39.348498"><ele>24.772421</ele><time>2022-02-23T22:45:33Z</time><extensions><speed>1.479057</speed><course>228.943146</course><hAcc>1.641928</hAcc><vAcc>0.799515</vAcc></extensions></trkpt>
      <trkpt lon="-76.448321" lat="39.348489"><ele>24.701227</ele><time>2022-02-23T22:45:34Z</time><extensions><speed>1.512933</speed><course>226.592529</course><hAcc>1.618277</hAcc><vAcc>0.800095</vAcc></extensions></trkpt>
      <trkpt lon="-76.448333" lat="39.348479"><ele>24.629225</ele><time>2022-02-23T22:45:35Z</time><extensions><speed>1.515712</speed><course>227.424805</course><hAcc>1.627133</hAcc><vAcc>0.800588</vAcc></extensions></trkpt>
      <trkpt lon="-76.448346" lat="39.348470"><ele>24.569828</ele><time>2022-02-23T22:45:36Z</time><extensions><speed>1.444421</speed><course>230.294022</course><hAcc>1.668538</hAcc><vAcc>0.801014</vAcc></extensions></trkpt>
      <trkpt lon="-76.448359" lat="39.348462"><ele>24.529404</ele><time>2022-02-23T22:45:37Z</time><extensions><speed>1.482790</speed><course>228.053329</course><hAcc>1.628256</hAcc><vAcc>0.801381</vAcc></extensions></trkpt>
      <trkpt lon="-76.448372" lat="39.348453"><ele>24.469681</ele><time>2022-02-23T22:45:38Z</time><extensions><speed>1.424348</speed><course>226.012482</course><hAcc>1.625631</hAcc><vAcc>0.801711</vAcc></extensions></trkpt>
      <trkpt lon="-76.448383" lat="39.348444"><ele>24.424309</ele><time>2022-02-23T22:45:39Z</time><extensions><speed>1.343798</speed><course>223.355087</course><hAcc>1.621260</hAcc><vAcc>0.802057</vAcc></extensions></trkpt>
      <trkpt lon="-76.448394" lat="39.348435"><ele>24.390800</ele><time>2022-02-23T22:45:40Z</time><extensions><speed>1.399568</speed><course>223.911957</course><hAcc>1.601888</hAcc><vAcc>0.802409</vAcc></extensions></trkpt>
      <trkpt lon="-76.448406" lat="39.348426"><ele>24.349264</ele><time>2022-02-23T22:45:41Z</time><extensions><speed>1.459361</speed><course>225.597702</course><hAcc>1.589268</hAcc><vAcc>0.802804</vAcc></extensions></trkpt>
      <trkpt lon="-76.448418" lat="39.348417"><ele>24.323238</ele><time>2022-02-23T22:45:42Z</time><extensions><speed>1.407478</speed><course>228.314957</course><hAcc>1.602434</hAcc><vAcc>0.803229</vAcc></extensions></trkpt>
      <trkpt lon="-76.448429" lat="39.348409"><ele>24.299475</ele><time>2022-02-23T22:45:43Z</time><extensions><speed>1.237360</speed><course>231.280609</course><hAcc>1.642767</hAcc><vAcc>0.803722</vAcc></extensions></trkpt>
      <trkpt lon="-76.448441" lat="39.348402"><ele>24.284182</ele><time>2022-02-23T22:45:44Z</time><extensions><speed>1.311473</speed><course>231.669861</course><hAcc>1.642998</hAcc><vAcc>0.804286</vAcc></extensions></trkpt>
      <trkpt lon="-76.448453" lat="39.348394"><ele>24.282511</ele><time>2022-02-23T22:45:45Z</time><extensions><speed>1.411936</speed><course>229.181793</course><hAcc>1.625854</hAcc><vAcc>0.804908</vAcc></extensions></trkpt>
      <trkpt lon="-76.448465" lat="39.348385"><ele>24.305746</ele><time>2022-02-23T22:45:46Z</time><extensions><speed>1.418639</speed><course>226.337616</course><hAcc>1.610062</hAcc><vAcc>0.805548</vAcc></extensions></trkpt>
      <trkpt lon="-76.448477" lat="39.348376"><ele>24.337158</ele><time>2022-02-23T22:45:47Z</time><extensions><speed>1.364473</speed><course>227.482758</course><hAcc>1.623204</hAcc><vAcc>0.806261</vAcc></extensions></trkpt>
      <trkpt lon="-76.448489" lat="39.348368"><ele>24.384241</ele><time>2022-02-23T22:45:48Z</time><extensions><speed>1.370125</speed><course>226.400284</course><hAcc>1.629741</hAcc><vAcc>0.806984</vAcc></extensions></trkpt>
      <trkpt lon="-76.448500" lat="39.348359"><ele>24.442102</ele><time>2022-02-23T22:45:49Z</time><extensions><speed>1.340239</speed><course>225.326416</course><hAcc>1.629598</hAcc><vAcc>0.807749</vAcc></extensions></trkpt>
      <trkpt lon="-76.448511" lat="39.348350"><ele>24.507359</ele><time>2022-02-23T22:45:50Z</time><extensions><speed>1.376242</speed><course>222.807251</course><hAcc>1.614110</hAcc><vAcc>0.808463</vAcc></extensions></trkpt>
      <trkpt lon="-76.448521" lat="39.348341"><ele>24.574421</ele><time>2022-02-23T22:45:51Z</time><extensions><speed>1.371095</speed><course>220.484879</course><hAcc>1.599531</hAcc><vAcc>0.809148</vAcc></extensions></trkpt>
      <trkpt lon="-76.448532" lat="39.348331"><ele>24.633947</ele><time>2022-02-23T22:45:52Z</time><extensions><speed>1.498584</speed><course>220.576309</course><hAcc>1.591854</hAcc><vAcc>0.809782</vAcc></extensions></trkpt>
      <trkpt lon="-76.448544" lat="39.348321"><ele>24.689064</ele><time>2022-02-23T22:45:53Z</time><extensions><speed>1.541156</speed><course>222.075348</course><hAcc>1.626153</hAcc><vAcc>0.810366</vAcc></extensions></trkpt>
      <trkpt lon="-76.448556" lat="39.348310"><ele>24.755346</ele><time>2022-02-23T22:45:54Z</time><extensions><speed>1.620086</speed><course>220.265778</course><hAcc>1.583649</hAcc><vAcc>0.810828</vAcc></extensions></trkpt>
      <trkpt lon="-76.448568" lat="39.348299"><ele>24.803383</ele><time>2022-02-23T22:45:55Z</time><extensions><speed>1.610216</speed><course>218.496918</course><hAcc>1.559637</hAcc><vAcc>0.811202</vAcc></extensions></trkpt>
      <trkpt lon="-76.448579" lat="39.348287"><ele>24.867458</ele><time>2022-02-23T22:45:56Z</time><extensions><speed>1.667955</speed><course>215.464386</course><hAcc>1.540094</hAcc><vAcc>0.811460</vAcc></extensions></trkpt>
      <trkpt lon="-76.448590" lat="39.348275"><ele>24.915300</ele><time>2022-02-23T22:45:57Z</time><extensions><speed>1.588124</speed><course>215.587692</course><hAcc>1.555257</hAcc><vAcc>0.811609</vAcc></extensions></trkpt>
      <trkpt lon="-76.448601" lat="39.348263"><ele>24.960938</ele><time>2022-02-23T22:45:58Z</time><extensions><speed>1.653540</speed><course>214.325867</course><hAcc>1.531173</hAcc><vAcc>0.811722</vAcc></extensions></trkpt>
      <trkpt lon="-76.448611" lat="39.348251"><ele>25.002483</ele><time>2022-02-23T22:45:59Z</time><extensions><speed>1.578491</speed><course>214.996475</course><hAcc>1.544824</hAcc><vAcc>0.811763</vAcc></extensions></trkpt>
      <trkpt lon="-76.448622" lat="39.348239"><ele>25.058611</ele><time>2022-02-23T22:46:00Z</time><extensions><speed>1.565064</speed><course>215.685959</course><hAcc>1.572057</hAcc><vAcc>0.811715</vAcc></extensions></trkpt>
      <trkpt lon="-76.448632" lat="39.348227"><ele>25.087833</ele><time>2022-02-23T22:46:01Z</time><extensions><speed>1.581602</speed><course>213.894394</course><hAcc>1.544519</hAcc><vAcc>0.811597</vAcc></extensions></trkpt>
      <trkpt lon="-76.448642" lat="39.348215"><ele>25.138966</ele><time>2022-02-23T22:46:02Z</time><extensions><speed>1.567538</speed><course>212.775299</course><hAcc>1.543387</hAcc><vAcc>0.811414</vAcc></extensions></trkpt>
      <trkpt lon="-76.448652" lat="39.348203"><ele>25.165714</ele><time>2022-02-23T22:46:03Z</time><extensions><speed>1.529065</speed><course>210.217453</course><hAcc>1.548395</hAcc><vAcc>0.811158</vAcc></extensions></trkpt>
      <trkpt lon="-76.448660" lat="39.348191"><ele>25.195747</ele><time>2022-02-23T22:46:04Z</time><extensions><speed>1.504960</speed><course>207.269669</course><hAcc>1.543323</hAcc><vAcc>0.810828</vAcc></extensions></trkpt>
      <trkpt lon="-76.448668" lat="39.348179"><ele>25.211773</ele><time>2022-02-23T22:46:05Z</time><extensions><speed>1.464465</speed><course>205.784698</course><hAcc>1.573788</hAcc><vAcc>0.810507</vAcc></extensions></trkpt>
      <trkpt lon="-76.448675" lat="39.348167"><ele>25.247126</ele><time>2022-02-23T22:46:06Z</time><extensions><speed>1.493402</speed><course>204.814529</course><hAcc>1.561274</hAcc><vAcc>0.810219</vAcc></extensions></trkpt>
      <trkpt lon="-76.448683" lat="39.348155"><ele>25.262182</ele><time>2022-02-23T22:46:07Z</time><extensions><speed>1.536187</speed><course>205.934845</course><hAcc>1.579980</hAcc><vAcc>0.809907</vAcc></extensions></trkpt>
      <trkpt lon="-76.448691" lat="39.348143"><ele>25.273384</ele><time>2022-02-23T22:46:08Z</time><extensions><speed>1.450255</speed><course>207.950592</course><hAcc>1.645055</hAcc><vAcc>0.809602</vAcc></extensions></trkpt>
      <trkpt lon="-76.448698" lat="39.348131"><ele>25.287180</ele><time>2022-02-23T22:46:09Z</time><extensions><speed>1.471171</speed><course>203.145935</course><hAcc>1.606119</hAcc><vAcc>0.809318</vAcc></extensions></trkpt>
      <trkpt lon="-76.448705" lat="39.348119"><ele>25.297430</ele><time>2022-02-23T22:46:10Z</time><extensions><speed>1.464391</speed><course>201.545517</course><hAcc>1.596899</hAcc><vAcc>0.809084</vAcc></extensions></trkpt>
      <trkpt lon="-76.448711" lat="39.348106"><ele>25.311899</ele><time>2022-02-23T22:46:11Z</time><extensions><speed>1.507063</speed><course>201.248230</course><hAcc>1.615821</hAcc><vAcc>0.808890</vAcc></extensions></trkpt>
      <trkpt lon="-76.448718" lat="39.348094"><ele>25.328865</ele><time>2022-02-23T22:46:12Z</time><extensions><speed>1.468785</speed><course>203.419922</course><hAcc>1.627672</hAcc><vAcc>0.808775</vAcc></extensions></trkpt>
      <trkpt lon="-76.448726" lat="39.348082"><ele>25.338200</ele><time>2022-02-23T22:46:13Z</time><extensions><speed>1.480364</speed><course>208.776062</course><hAcc>1.623194</hAcc><vAcc>0.808724</vAcc></extensions></trkpt>
      <trkpt lon="-76.448735" lat="39.348071"><ele>25.335363</ele><time>2022-02-23T22:46:14Z</time><extensions><speed>1.527368</speed><course>213.465698</course><hAcc>1.624514</hAcc><vAcc>0.808710</vAcc></extensions></trkpt>
      <trkpt lon="-76.448745" lat="39.348059"><ele>25.327633</ele><time>2022-02-23T22:46:15Z</time><extensions><speed>1.624051</speed><course>215.025192</course><hAcc>1.656082</hAcc><vAcc>0.808724</vAcc></extensions></trkpt>
      <trkpt lon="-76.448756" lat="39.348048"><ele>25.376295</ele><time>2022-02-23T22:46:16Z</time><extensions><speed>1.500156</speed><course>219.027344</course><hAcc>1.676311</hAcc><vAcc>0.808769</vAcc></extensions></trkpt>
      <trkpt lon="-76.448769" lat="39.348038"><ele>25.449371</ele><time>2022-02-23T22:46:17Z</time><extensions><speed>1.524406</speed><course>231.841324</course><hAcc>1.623189</hAcc><vAcc>0.808859</vAcc></extensions></trkpt>
      <trkpt lon="-76.448783" lat="39.348030"><ele>25.504387</ele><time>2022-02-23T22:46:18Z</time><extensions><speed>1.579631</speed><course>237.540588</course><hAcc>1.590355</hAcc><vAcc>0.808976</vAcc></extensions></trkpt>
      <trkpt lon="-76.448799" lat="39.348023"><ele>25.556797</ele><time>2022-02-23T22:46:19Z</time><extensions><speed>1.610185</speed><course>239.554535</course><hAcc>1.585126</hAcc><vAcc>0.809090</vAcc></extensions></trkpt>
      <trkpt lon="-76.448815" lat="39.348015"><ele>25.629633</ele><time>2022-02-23T22:46:20Z</time><extensions><speed>1.599784</speed><course>240.310883</course><hAcc>1.603892</hAcc><vAcc>0.809157</vAcc></extensions></trkpt>
      <trkpt lon="-76.448831" lat="39.348008"><ele>25.697538</ele><time>2022-02-23T22:46:21Z</time><extensions><speed>1.548833</speed><course>238.799713</course><hAcc>1.640530</hAcc><vAcc>0.809185</vAcc></extensions></trkpt>
      <trkpt lon="-76.448847" lat="39.348001"><ele>25.767532</ele><time>2022-02-23T22:46:22Z</time><extensions><speed>1.570569</speed><course>239.565338</course><hAcc>1.619927</hAcc><vAcc>0.809160</vAcc></extensions></trkpt>
      <trkpt lon="-76.448863" lat="39.347994"><ele>25.839748</ele><time>2022-02-23T22:46:23Z</time><extensions><speed>1.554846</speed><course>244.811630</course><hAcc>1.569030</hAcc><vAcc>0.809066</vAcc></extensions></trkpt>
      <trkpt lon="-76.448879" lat="39.347989"><ele>25.911564</ele><time>2022-02-23T22:46:24Z</time><extensions><speed>1.501714</speed><course>247.520645</course><hAcc>1.522490</hAcc><vAcc>0.808909</vAcc></extensions></trkpt>
      <trkpt lon="-76.448895" lat="39.347984"><ele>25.981520</ele><time>2022-02-23T22:46:25Z</time><extensions><speed>1.480218</speed><course>248.118332</course><hAcc>1.518740</hAcc><vAcc>0.808697</vAcc></extensions></trkpt>
      <trkpt lon="-76.448910" lat="39.347979"><ele>26.049393</ele><time>2022-02-23T22:46:26Z</time><extensions><speed>1.287543</speed><course>245.966278</course><hAcc>1.562909</hAcc><vAcc>0.808471</vAcc></extensions></trkpt>
      <trkpt lon="-76.448924" lat="39.347974"><ele>26.107637</ele><time>2022-02-23T22:46:26Z</time><extensions><speed>1.269979</speed><course>244.899551</course><hAcc>1.540823</hAcc><vAcc>0.808245</vAcc></extensions></trkpt>
      <trkpt lon="-76.448938" lat="39.347968"><ele>26.161280</ele><time>2022-02-23T22:46:27Z</time><extensions><speed>1.467813</speed><course>238.845123</course><hAcc>1.522207</hAcc><vAcc>0.807972</vAcc></extensions></trkpt>
      <trkpt lon="-76.448952" lat="39.347961"><ele>26.220657</ele><time>2022-02-23T22:46:28Z</time><extensions><speed>1.505083</speed><course>240.041153</course><hAcc>1.541682</hAcc><vAcc>0.807714</vAcc></extensions></trkpt>
      <trkpt lon="-76.448967" lat="39.347954"><ele>26.271559</ele><time>2022-02-23T22:46:29Z</time><extensions><speed>1.466563</speed><course>239.774078</course><hAcc>1.561868</hAcc><vAcc>0.807490</vAcc></extensions></trkpt>
      <trkpt lon="-76.448982" lat="39.347947"><ele>26.282562</ele><time>2022-02-23T22:46:30Z</time><extensions><speed>1.462361</speed><course>238.203293</course><hAcc>1.534835</hAcc><vAcc>0.807291</vAcc></extensions></trkpt>
      <trkpt lon="-76.448996" lat="39.347940"><ele>26.267803</ele><time>2022-02-23T22:46:31Z</time><extensions><speed>1.438888</speed><course>235.980957</course><hAcc>1.544199</hAcc><vAcc>0.807151</vAcc></extensions></trkpt>
      <trkpt lon="-76.449009" lat="39.347933"><ele>26.258368</ele><time>2022-02-23T22:46:32Z</time><extensions><speed>1.386437</speed><course>233.024475</course><hAcc>1.557243</hAcc><vAcc>0.807089</vAcc></extensions></trkpt>
      <trkpt lon="-76.449022" lat="39.347925"><ele>26.253403</ele><time>2022-02-23T22:46:33Z</time><extensions><speed>1.453286</speed><course>229.776459</course><hAcc>1.569265</hAcc><vAcc>0.807069</vAcc></extensions></trkpt>
      <trkpt lon="-76.449035" lat="39.347916"><ele>26.241886</ele><time>2022-02-23T22:46:34Z</time><extensions><speed>1.538498</speed><course>227.292755</course><hAcc>1.585968</hAcc><vAcc>0.807169</vAcc></extensions></trkpt>
      <trkpt lon="-76.449049" lat="39.347906"><ele>26.213240</ele><time>2022-02-23T22:46:35Z</time><extensions><speed>1.587792</speed><course>227.138947</course><hAcc>1.630822</hAcc><vAcc>0.807353</vAcc></extensions></trkpt>
      <trkpt lon="-76.449061" lat="39.347896"><ele>26.151424</ele><time>2022-02-23T22:46:36Z</time><extensions><speed>1.545729</speed><course>222.865906</course><hAcc>1.635150</hAcc><vAcc>0.807564</vAcc></extensions></trkpt>
      <trkpt lon="-76.449073" lat="39.347885"><ele>26.099735</ele><time>2022-02-23T22:46:37Z</time><extensions><speed>1.625184</speed><course>217.888931</course><hAcc>1.584252</hAcc><vAcc>0.807887</vAcc></extensions></trkpt>
      <trkpt lon="-76.449085" lat="39.347873"><ele>26.031334</ele><time>2022-02-23T22:46:38Z</time><extensions><speed>1.607839</speed><course>216.084732</course><hAcc>1.578397</hAcc><vAcc>0.808217</vAcc></extensions></trkpt>
      <trkpt lon="-76.449095" lat="39.347862"><ele>25.960930</ele><time>2022-02-23T22:46:39Z</time><extensions><speed>1.568516</speed><course>216.690887</course><hAcc>1.596890</hAcc><vAcc>0.808597</vAcc></extensions></trkpt>
      <trkpt lon="-76.449107" lat="39.347850"><ele>25.902643</ele><time>2022-02-23T22:46:40Z</time><extensions><speed>1.573436</speed><course>217.952789</course><hAcc>1.590503</hAcc><vAcc>0.808968</vAcc></extensions></trkpt>
      <trkpt lon="-76.449118" lat="39.347839"><ele>25.855303</ele><time>2022-02-23T22:46:41Z</time><extensions><speed>1.520032</speed><course>219.880234</course><hAcc>1.591658</hAcc><vAcc>0.809323</vAcc></extensions></trkpt>
      <trkpt lon="-76.449129" lat="39.347829"><ele>25.790571</ele><time>2022-02-23T22:46:42Z</time><extensions><speed>1.549111</speed><course>218.981949</course><hAcc>1.576750</hAcc><vAcc>0.809614</vAcc></extensions></trkpt>
      <trkpt lon="-76.449140" lat="39.347818"><ele>25.723417</ele><time>2022-02-23T22:46:43Z</time><extensions><speed>1.546703</speed><course>215.666885</course><hAcc>1.583383</hAcc><vAcc>0.809824</vAcc></extensions></trkpt>
      <trkpt lon="-76.449150" lat="39.347806"><ele>25.648973</ele><time>2022-02-23T22:46:44Z</time><extensions><speed>1.522047</speed><course>214.948593</course><hAcc>1.625973</hAcc><vAcc>0.809952</vAcc></extensions></trkpt>
      <trkpt lon="-76.449160" lat="39.347794"><ele>25.573101</ele><time>2022-02-23T22:46:45Z</time><extensions><speed>1.619247</speed><course>211.299286</course><hAcc>1.584089</hAcc><vAcc>0.810070</vAcc></extensions></trkpt>
      <trkpt lon="-76.449170" lat="39.347781"><ele>25.495073</ele><time>2022-02-23T22:46:46Z</time><extensions><speed>1.698187</speed><course>208.156189</course><hAcc>1.556365</hAcc><vAcc>0.810093</vAcc></extensions></trkpt>
      <trkpt lon="-76.449179" lat="39.347768"><ele>25.450169</ele><time>2022-02-23T22:46:47Z</time><extensions><speed>1.616148</speed><course>206.294876</course><hAcc>1.566320</hAcc><vAcc>0.810047</vAcc></extensions></trkpt>
      <trkpt lon="-76.449187" lat="39.347755"><ele>25.375582</ele><time>2022-02-23T22:46:48Z</time><extensions><speed>1.559032</speed><course>203.987503</course><hAcc>1.563057</hAcc><vAcc>0.809933</vAcc></extensions></trkpt>
      <trkpt lon="-76.449193" lat="39.347742"><ele>25.302912</ele><time>2022-02-23T22:46:49Z</time><extensions><speed>1.416366</speed><course>203.160019</course><hAcc>1.592112</hAcc><vAcc>0.809822</vAcc></extensions></trkpt>
      <trkpt lon="-76.449200" lat="39.347731"><ele>25.225836</ele><time>2022-02-23T22:46:50Z</time><extensions><speed>1.431508</speed><course>204.028976</course><hAcc>1.606462</hAcc><vAcc>0.809708</vAcc></extensions></trkpt>
      <trkpt lon="-76.449206" lat="39.347719"><ele>25.174503</ele><time>2022-02-23T22:46:51Z</time><extensions><speed>1.413270</speed><course>202.075165</course><hAcc>1.628561</hAcc><vAcc>0.809639</vAcc></extensions></trkpt>
      <trkpt lon="-76.449213" lat="39.347707"><ele>25.135239</ele><time>2022-02-23T22:46:52Z</time><extensions><speed>1.437931</speed><course>201.253876</course><hAcc>1.596570</hAcc><vAcc>0.809597</vAcc></extensions></trkpt>
      <trkpt lon="-76.449218" lat="39.347694"><ele>25.120485</ele><time>2022-02-23T22:46:53Z</time><extensions><speed>1.507718</speed><course>197.298157</course><hAcc>1.600713</hAcc><vAcc>0.809639</vAcc></extensions></trkpt>
      <trkpt lon="-76.449223" lat="39.347681"><ele>25.090477</ele><time>2022-02-23T22:46:54Z</time><extensions><speed>1.590099</speed><course>195.109772</course><hAcc>1.632648</hAcc><vAcc>0.809708</vAcc></extensions></trkpt>
      <trkpt lon="-76.449228" lat="39.347667"><ele>25.051451</ele><time>2022-02-23T22:46:55Z</time><extensions><speed>1.561978</speed><course>193.696732</course><hAcc>1.666014</hAcc><vAcc>0.809876</vAcc></extensions></trkpt>
      <trkpt lon="-76.449232" lat="39.347653"><ele>25.023308</ele><time>2022-02-23T22:46:56Z</time><extensions><speed>1.550340</speed><course>194.203827</course><hAcc>1.668394</hAcc><vAcc>0.810134</vAcc></extensions></trkpt>
      <trkpt lon="-76.449237" lat="39.347640"><ele>25.006931</ele><time>2022-02-23T22:46:57Z</time><extensions><speed>1.550460</speed><course>194.976425</course><hAcc>1.665153</hAcc><vAcc>0.810499</vAcc></extensions></trkpt>
      <trkpt lon="-76.449241" lat="39.347626"><ele>24.982441</ele><time>2022-02-23T22:46:58Z</time><extensions><speed>1.599434</speed><course>194.035858</course><hAcc>1.660513</hAcc><vAcc>0.810949</vAcc></extensions></trkpt>
      <trkpt lon="-76.449246" lat="39.347612"><ele>24.952690</ele><time>2022-02-23T22:46:59Z</time><extensions><speed>1.597454</speed><course>191.487946</course><hAcc>1.655183</hAcc><vAcc>0.811474</vAcc></extensions></trkpt>
      <trkpt lon="-76.449249" lat="39.347598"><ele>24.937954</ele><time>2022-02-23T22:47:00Z</time><extensions><speed>1.623688</speed><course>191.008591</course><hAcc>1.635509</hAcc><vAcc>0.812066</vAcc></extensions></trkpt>
      <trkpt lon="-76.449253" lat="39.347584"><ele>24.893877</ele><time>2022-02-23T22:47:01Z</time><extensions><speed>1.539494</speed><course>190.452393</course><hAcc>1.616640</hAcc><vAcc>0.812677</vAcc></extensions></trkpt>
      <trkpt lon="-76.449256" lat="39.347570"><ele>24.865215</ele><time>2022-02-23T22:47:02Z</time><extensions><speed>1.583029</speed><course>186.535980</course><hAcc>1.578982</hAcc><vAcc>0.813298</vAcc></extensions></trkpt>
      <trkpt lon="-76.449257" lat="39.347556"><ele>24.827126</ele><time>2022-02-23T22:47:03Z</time><extensions><speed>1.505471</speed><course>178.665894</course><hAcc>1.559155</hAcc><vAcc>0.813915</vAcc></extensions></trkpt>
      <trkpt lon="-76.449257" lat="39.347542"><ele>24.803343</ele><time>2022-02-23T22:47:04Z</time><extensions><speed>1.535691</speed><course>177.912292</course><hAcc>1.507409</hAcc><vAcc>0.814514</vAcc></extensions></trkpt>
      <trkpt lon="-76.449256" lat="39.347528"><ele>24.785614</ele><time>2022-02-23T22:47:05Z</time><extensions><speed>1.581866</speed><course>177.834366</course><hAcc>1.503583</hAcc><vAcc>0.815101</vAcc></extensions></trkpt>
      <trkpt lon="-76.449256" lat="39.347514"><ele>24.751919</ele><time>2022-02-23T22:47:06Z</time><extensions><speed>1.667639</speed><course>180.625107</course><hAcc>1.464288</hAcc><vAcc>0.815656</vAcc></extensions></trkpt>
      <trkpt lon="-76.449256" lat="39.347499"><ele>24.712112</ele><time>2022-02-23T22:47:07Z</time><extensions><speed>1.715980</speed><course>182.768234</course><hAcc>1.453753</hAcc><vAcc>0.816191</vAcc></extensions></trkpt>
      <trkpt lon="-76.449258" lat="39.347483"><ele>24.689039</ele><time>2022-02-23T22:47:08Z</time><extensions><speed>1.742138</speed><course>188.470200</course><hAcc>1.432111</hAcc><vAcc>0.816688</vAcc></extensions></trkpt>
      <trkpt lon="-76.449261" lat="39.347468"><ele>24.694704</ele><time>2022-02-23T22:47:09Z</time><extensions><speed>1.726288</speed><course>188.178391</course><hAcc>1.413618</hAcc><vAcc>0.817165</vAcc></extensions></trkpt>
      <trkpt lon="-76.449263" lat="39.347453"><ele>24.645657</ele><time>2022-02-23T22:47:10Z</time><extensions><speed>1.700492</speed><course>188.690704</course><hAcc>1.398251</hAcc><vAcc>0.817609</vAcc></extensions></trkpt>
      <trkpt lon="-76.449266" lat="39.347438"><ele>24.627501</ele><time>2022-02-23T22:47:11Z</time><extensions><speed>1.668336</speed><course>188.641296</course><hAcc>1.396036</hAcc><vAcc>0.818037</vAcc></extensions></trkpt>
      <trkpt lon="-76.449268" lat="39.347423"><ele>24.611078</ele><time>2022-02-23T22:47:12Z</time><extensions><speed>1.663574</speed><course>186.075638</course><hAcc>1.377683</hAcc><vAcc>0.818442</vAcc></extensions></trkpt>
      <trkpt lon="-76.449269" lat="39.347408"><ele>24.589098</ele><time>2022-02-23T22:47:13Z</time><extensions><speed>1.643862</speed><course>184.667099</course><hAcc>1.375039</hAcc><vAcc>0.818807</vAcc></extensions></trkpt>
      <trkpt lon="-76.449271" lat="39.347394"><ele>24.563719</ele><time>2022-02-23T22:47:14Z</time><extensions><speed>1.642626</speed><course>184.367188</course><hAcc>1.379039</hAcc><vAcc>0.819155</vAcc></extensions></trkpt>
      <trkpt lon="-76.449271" lat="39.347379"><ele>24.529619</ele><time>2022-02-23T22:47:15Z</time><extensions><speed>1.613952</speed><course>179.326004</course><hAcc>1.367891</hAcc><vAcc>0.819459</vAcc></extensions></trkpt>
      <trkpt lon="-76.449270" lat="39.347364"><ele>24.501883</ele><time>2022-02-23T22:47:16Z</time><extensions><speed>1.680576</speed><course>173.137405</course><hAcc>1.364711</hAcc><vAcc>0.819749</vAcc></extensions></trkpt>
      <trkpt lon="-76.449267" lat="39.347349"><ele>24.479691</ele><time>2022-02-23T22:47:17Z</time><extensions><speed>1.662328</speed><course>171.955963</course><hAcc>1.359260</hAcc><vAcc>0.820004</vAcc></extensions></trkpt>
      <trkpt lon="-76.449264" lat="39.347334"><ele>24.456844</ele><time>2022-02-23T22:47:18Z</time><extensions><speed>1.681173</speed><course>168.124146</course><hAcc>1.368046</hAcc><vAcc>0.820242</vAcc></extensions></trkpt>
      <trkpt lon="-76.449259" lat="39.347320"><ele>24.430119</ele><time>2022-02-23T22:47:19Z</time><extensions><speed>1.594835</speed><course>159.601761</course><hAcc>1.359667</hAcc><vAcc>0.820413</vAcc></extensions></trkpt>
      <trkpt lon="-76.449252" lat="39.347307"><ele>24.357803</ele><time>2022-02-23T22:47:20Z</time><extensions><speed>1.631215</speed><course>157.542969</course><hAcc>1.349423</hAcc><vAcc>0.820475</vAcc></extensions></trkpt>
      <trkpt lon="-76.449244" lat="39.347293"><ele>24.310930</ele><time>2022-02-23T22:47:21Z</time><extensions><speed>1.655610</speed><course>150.385742</course><hAcc>1.351872</hAcc><vAcc>0.820499</vAcc></extensions></trkpt>
      <trkpt lon="-76.449235" lat="39.347281"><ele>24.281570</ele><time>2022-02-23T22:47:22Z</time><extensions><speed>1.634240</speed><course>148.383698</course><hAcc>1.348886</hAcc><vAcc>0.820481</vAcc></extensions></trkpt>
      <trkpt lon="-76.449225" lat="39.347268"><ele>24.252254</ele><time>2022-02-23T22:47:23Z</time><extensions><speed>1.624483</speed><course>151.035553</course><hAcc>1.360254</hAcc><vAcc>0.820415</vAcc></extensions></trkpt>
      <trkpt lon="-76.449217" lat="39.347255"><ele>24.216978</ele><time>2022-02-23T22:47:24Z</time><extensions><speed>1.620385</speed><course>155.167374</course><hAcc>1.361486</hAcc><vAcc>0.820320</vAcc></extensions></trkpt>
      <trkpt lon="-76.449208" lat="39.347243"><ele>24.185251</ele><time>2022-02-23T22:47:26Z</time><extensions><speed>1.600214</speed><course>149.394821</course><hAcc>1.366367</hAcc><vAcc>0.820176</vAcc></extensions></trkpt>
      <trkpt lon="-76.449199" lat="39.347230"><ele>24.134138</ele><time>2022-02-23T22:47:27Z</time><extensions><speed>1.600507</speed><course>150.865402</course><hAcc>1.383271</hAcc><vAcc>0.819990</vAcc></extensions></trkpt>
      <trkpt lon="-76.449191" lat="39.347217"><ele>24.082392</ele><time>2022-02-23T22:47:28Z</time><extensions><speed>1.594957</speed><course>159.548737</course><hAcc>1.396701</hAcc><vAcc>0.819766</vAcc></extensions></trkpt>
      <trkpt lon="-76.449186" lat="39.347204"><ele>24.053265</ele><time>2022-02-23T22:47:29Z</time><extensions><speed>1.591866</speed><course>167.609467</course><hAcc>1.399354</hAcc><vAcc>0.819546</vAcc></extensions></trkpt>
      <trkpt lon="-76.449183" lat="39.347190"><ele>24.034788</ele><time>2022-02-23T22:47:30Z</time><extensions><speed>1.471500</speed><course>171.528870</course><hAcc>1.360516</hAcc><vAcc>0.819367</vAcc></extensions></trkpt>
      <trkpt lon="-76.449181" lat="39.347178"><ele>24.009588</ele><time>2022-02-23T22:47:31Z</time><extensions><speed>1.399527</speed><course>175.917725</course><hAcc>1.365816</hAcc><vAcc>0.819236</vAcc></extensions></trkpt>
      <trkpt lon="-76.449180" lat="39.347165"><ele>24.010567</ele><time>2022-02-23T22:47:32Z</time><extensions><speed>1.522011</speed><course>178.170700</course><hAcc>1.418746</hAcc><vAcc>0.819175</vAcc></extensions></trkpt>
      <trkpt lon="-76.449181" lat="39.347151"><ele>23.996765</ele><time>2022-02-23T22:47:33Z</time><extensions><speed>1.524564</speed><course>181.269699</course><hAcc>1.413552</hAcc><vAcc>0.819174</vAcc></extensions></trkpt>
      <trkpt lon="-76.449182" lat="39.347137"><ele>23.978924</ele><time>2022-02-23T22:47:34Z</time><extensions><speed>1.544803</speed><course>182.133987</course><hAcc>1.394359</hAcc><vAcc>0.819242</vAcc></extensions></trkpt>
      <trkpt lon="-76.449183" lat="39.347124"><ele>23.974781</ele><time>2022-02-23T22:47:35Z</time><extensions><speed>1.568880</speed><course>182.377716</course><hAcc>1.381936</hAcc><vAcc>0.819371</vAcc></extensions></trkpt>
      <trkpt lon="-76.449183" lat="39.347110"><ele>23.968706</ele><time>2022-02-23T22:47:36Z</time><extensions><speed>1.551099</speed><course>178.029221</course><hAcc>1.365583</hAcc><vAcc>0.819538</vAcc></extensions></trkpt>
      <trkpt lon="-76.449183" lat="39.347096"><ele>23.978241</ele><time>2022-02-23T22:47:37Z</time><extensions><speed>1.549779</speed><course>174.697372</course><hAcc>1.356467</hAcc><vAcc>0.819649</vAcc></extensions></trkpt>
      <trkpt lon="-76.449181" lat="39.347082"><ele>23.987537</ele><time>2022-02-23T22:47:38Z</time><extensions><speed>1.545838</speed><course>172.187637</course><hAcc>1.353849</hAcc><vAcc>0.819778</vAcc></extensions></trkpt>
      <trkpt lon="-76.449179" lat="39.347068"><ele>23.995111</ele><time>2022-02-23T22:47:39Z</time><extensions><speed>1.588127</speed><course>171.082077</course><hAcc>1.357998</hAcc><vAcc>0.819840</vAcc></extensions></trkpt>
      <trkpt lon="-76.449177" lat="39.347054"><ele>23.997391</ele><time>2022-02-23T22:47:40Z</time><extensions><speed>1.573820</speed><course>176.072327</course><hAcc>1.364850</hAcc><vAcc>0.819846</vAcc></extensions></trkpt>
      <trkpt lon="-76.449176" lat="39.347040"><ele>24.013517</ele><time>2022-02-23T22:47:41Z</time><extensions><speed>1.593740</speed><course>180.888412</course><hAcc>1.372029</hAcc><vAcc>0.819868</vAcc></extensions></trkpt>
      <trkpt lon="-76.449176" lat="39.347026"><ele>24.005692</ele><time>2022-02-23T22:47:42Z</time><extensions><speed>1.567378</speed><course>179.000259</course><hAcc>1.385071</hAcc><vAcc>0.819761</vAcc></extensions></trkpt>
      <trkpt lon="-76.449176" lat="39.347012"><ele>23.985428</ele><time>2022-02-23T22:47:43Z</time><extensions><speed>1.559055</speed><course>180.242889</course><hAcc>1.403993</hAcc><vAcc>0.819508</vAcc></extensions></trkpt>
      <trkpt lon="-76.449176" lat="39.346998"><ele>23.968502</ele><time>2022-02-23T22:47:44Z</time><extensions><speed>1.520538</speed><course>180.336624</course><hAcc>1.437886</hAcc><vAcc>0.819169</vAcc></extensions></trkpt>
      <trkpt lon="-76.449177" lat="39.346985"><ele>23.959091</ele><time>2022-02-23T22:47:45Z</time><extensions><speed>1.389611</speed><course>184.221695</course><hAcc>1.474666</hAcc><vAcc>0.818743</vAcc></extensions></trkpt>
      <trkpt lon="-76.449179" lat="39.346973"><ele>23.948923</ele><time>2022-02-23T22:47:46Z</time><extensions><speed>1.293116</speed><course>190.676056</course><hAcc>1.474443</hAcc><vAcc>0.818279</vAcc></extensions></trkpt>
      <trkpt lon="-76.449182" lat="39.346962"><ele>23.922863</ele><time>2022-02-23T22:47:47Z</time><extensions><speed>1.249784</speed><course>193.845108</course><hAcc>1.504858</hAcc><vAcc>0.817736</vAcc></extensions></trkpt>
      <trkpt lon="-76.449186" lat="39.346952"><ele>23.883690</ele><time>2022-02-23T22:47:48Z</time><extensions><speed>1.157430</speed><course>196.138794</course><hAcc>1.552539</hAcc><vAcc>0.817178</vAcc></extensions></trkpt>
      <trkpt lon="-76.449189" lat="39.346942"><ele>23.841446</ele><time>2022-02-23T22:47:49Z</time><extensions><speed>1.126799</speed><course>197.871460</course><hAcc>1.585248</hAcc><vAcc>0.816621</vAcc></extensions></trkpt>
      <trkpt lon="-76.449193" lat="39.346932"><ele>23.820169</ele><time>2022-02-23T22:47:50Z</time><extensions><speed>1.222050</speed><course>193.738434</course><hAcc>1.628841</hAcc><vAcc>0.816063</vAcc></extensions></trkpt>
      <trkpt lon="-76.449196" lat="39.346921"><ele>23.797203</ele><time>2022-02-23T22:47:51Z</time><extensions><speed>1.260596</speed><course>192.104996</course><hAcc>1.685954</hAcc><vAcc>0.815537</vAcc></extensions></trkpt>
      <trkpt lon="-76.449199" lat="39.346911"><ele>23.769552</ele><time>2022-02-23T22:47:52Z</time><extensions><speed>1.033700</speed><course>195.702911</course><hAcc>1.647503</hAcc><vAcc>0.815033</vAcc></extensions></trkpt>
      <trkpt lon="-76.449203" lat="39.346902"><ele>23.732391</ele><time>2022-02-23T22:47:53Z</time><extensions><speed>0.952471</speed><course>196.676056</course><hAcc>1.635929</hAcc><vAcc>0.814535</vAcc></extensions></trkpt>
      <trkpt lon="-76.449206" lat="39.346894"><ele>23.699713</ele><time>2022-02-23T22:47:54Z</time><extensions><speed>0.972257</speed><course>195.648941</course><hAcc>1.655365</hAcc><vAcc>0.814091</vAcc></extensions></trkpt>
      <trkpt lon="-76.449209" lat="39.346885"><ele>23.661650</ele><time>2022-02-23T22:47:55Z</time><extensions><speed>1.036415</speed><course>194.756241</course><hAcc>1.675380</hAcc><vAcc>0.813707</vAcc></extensions></trkpt>
      <trkpt lon="-76.449212" lat="39.346876"><ele>23.630863</ele><time>2022-02-23T22:47:56Z</time><extensions><speed>1.064191</speed><course>194.859436</course><hAcc>1.687176</hAcc><vAcc>0.813369</vAcc></extensions></trkpt>
      <trkpt lon="-76.449215" lat="39.346867"><ele>23.588671</ele><time>2022-02-23T22:47:57Z</time><extensions><speed>1.102536</speed><course>194.466843</course><hAcc>1.694905</hAcc><vAcc>0.813096</vAcc></extensions></trkpt>
      <trkpt lon="-76.449218" lat="39.346857"><ele>23.570175</ele><time>2022-02-23T22:47:58Z</time><extensions><speed>1.169093</speed><course>190.043976</course><hAcc>1.698146</hAcc><vAcc>0.812850</vAcc></extensions></trkpt>
      <trkpt lon="-76.449219" lat="39.346846"><ele>23.536057</ele><time>2022-02-23T22:47:59Z</time><extensions><speed>1.205893</speed><course>185.264511</course><hAcc>1.700169</hAcc><vAcc>0.812682</vAcc></extensions></trkpt>
      <trkpt lon="-76.449220" lat="39.346835"><ele>23.509104</ele><time>2022-02-23T22:48:00Z</time><extensions><speed>1.266696</speed><course>180.246231</course><hAcc>1.701803</hAcc><vAcc>0.812602</vAcc></extensions></trkpt>
      <trkpt lon="-76.449220" lat="39.346823"><ele>23.484091</ele><time>2022-02-23T22:48:01Z</time><extensions><speed>1.274007</speed><course>177.500259</course><hAcc>1.700890</hAcc><vAcc>0.812527</vAcc></extensions></trkpt>
      <trkpt lon="-76.449219" lat="39.346812"><ele>23.449522</ele><time>2022-02-23T22:48:02Z</time><extensions><speed>1.305760</speed><course>176.980850</course><hAcc>1.694959</hAcc><vAcc>0.812450</vAcc></extensions></trkpt>
      <trkpt lon="-76.449218" lat="39.346800"><ele>23.414507</ele><time>2022-02-23T22:48:03Z</time><extensions><speed>1.305592</speed><course>177.431641</course><hAcc>1.682919</hAcc><vAcc>0.812408</vAcc></extensions></trkpt>
      <trkpt lon="-76.449217" lat="39.346788"><ele>23.374243</ele><time>2022-02-23T22:48:04Z</time><extensions><speed>1.362602</speed><course>175.225021</course><hAcc>1.664955</hAcc><vAcc>0.812385</vAcc></extensions></trkpt>
      <trkpt lon="-76.449216" lat="39.346776"><ele>23.345037</ele><time>2022-02-23T22:48:05Z</time><extensions><speed>1.379662</speed><course>174.526123</course><hAcc>1.641435</hAcc><vAcc>0.812387</vAcc></extensions></trkpt>
      <trkpt lon="-76.449214" lat="39.346763"><ele>23.310396</ele><time>2022-02-23T22:48:06Z</time><extensions><speed>1.426643</speed><course>174.400803</course><hAcc>1.627252</hAcc><vAcc>0.812384</vAcc></extensions></trkpt>
      <trkpt lon="-76.449213" lat="39.346750"><ele>23.269529</ele><time>2022-02-23T22:48:07Z</time><extensions><speed>1.416624</speed><course>178.006546</course><hAcc>1.635134</hAcc><vAcc>0.812379</vAcc></extensions></trkpt>
      <trkpt lon="-76.449213" lat="39.346738"><ele>23.230968</ele><time>2022-02-23T22:48:08Z</time><extensions><speed>1.437799</speed><course>179.039719</course><hAcc>1.618922</hAcc><vAcc>0.812332</vAcc></extensions></trkpt>
      <trkpt lon="-76.449213" lat="39.346724"><ele>23.218792</ele><time>2022-02-23T22:48:09Z</time><extensions><speed>1.513103</speed><course>180.512573</course><hAcc>1.651341</hAcc><vAcc>0.812293</vAcc></extensions></trkpt>
      <trkpt lon="-76.449213" lat="39.346711"><ele>23.193836</ele><time>2022-02-23T22:48:10Z</time><extensions><speed>1.401686</speed><course>179.923264</course><hAcc>1.642130</hAcc><vAcc>0.812182</vAcc></extensions></trkpt>
      <trkpt lon="-76.449212" lat="39.346699"><ele>23.177734</ele><time>2022-02-23T22:48:11Z</time><extensions><speed>1.282148</speed><course>177.879761</course><hAcc>1.616948</hAcc><vAcc>0.812024</vAcc></extensions></trkpt>
      <trkpt lon="-76.449212" lat="39.346688"><ele>23.169962</ele><time>2022-02-23T22:48:12Z</time><extensions><speed>1.231862</speed><course>179.269211</course><hAcc>1.629433</hAcc><vAcc>0.811846</vAcc></extensions></trkpt>
      <trkpt lon="-76.449212" lat="39.346677"><ele>23.157003</ele><time>2022-02-23T22:48:13Z</time><extensions><speed>1.106390</speed><course>181.643738</course><hAcc>1.661277</hAcc><vAcc>0.811651</vAcc></extensions></trkpt>
      <trkpt lon="-76.449212" lat="39.346667"><ele>23.135597</ele><time>2022-02-23T22:48:14Z</time><extensions><speed>1.168679</speed><course>180.283875</course><hAcc>1.682850</hAcc><vAcc>0.811456</vAcc></extensions></trkpt>
      <trkpt lon="-76.449212" lat="39.346657"><ele>23.107162</ele><time>2022-02-23T22:48:15Z</time><extensions><speed>1.153222</speed><course>179.660782</course><hAcc>1.693079</hAcc><vAcc>0.811266</vAcc></extensions></trkpt>
      <trkpt lon="-76.449212" lat="39.346646"><ele>23.090097</ele><time>2022-02-23T22:48:16Z</time><extensions><speed>1.207875</speed><course>178.038681</course><hAcc>1.696708</hAcc><vAcc>0.811086</vAcc></extensions></trkpt>
      <trkpt lon="-76.449211" lat="39.346635"><ele>23.073511</ele><time>2022-02-23T22:48:17Z</time><extensions><speed>1.268658</speed><course>174.296890</course><hAcc>1.698066</hAcc><vAcc>0.811000</vAcc></extensions></trkpt>
      <trkpt lon="-76.449208" lat="39.346623"><ele>23.132271</ele><time>2022-02-23T22:48:18Z</time><extensions><speed>1.343174</speed><course>168.313004</course><hAcc>1.704089</hAcc><vAcc>0.810890</vAcc></extensions></trkpt>
      <trkpt lon="-76.449204" lat="39.346611"><ele>23.184563</ele><time>2022-02-23T22:48:19Z</time><extensions><speed>1.397749</speed><course>164.578140</course><hAcc>1.716430</hAcc><vAcc>0.810723</vAcc></extensions></trkpt>
      <trkpt lon="-76.449200" lat="39.346599"><ele>23.268852</ele><time>2022-02-23T22:48:20Z</time><extensions><speed>1.368853</speed><course>160.606995</course><hAcc>1.710378</hAcc><vAcc>0.810446</vAcc></extensions></trkpt>
      <trkpt lon="-76.449194" lat="39.346588"><ele>23.346659</ele><time>2022-02-23T22:48:21Z</time><extensions><speed>1.319583</speed><course>158.098587</course><hAcc>1.707379</hAcc><vAcc>0.810095</vAcc></extensions></trkpt>
      <trkpt lon="-76.449188" lat="39.346577"><ele>23.423998</ele><time>2022-02-23T22:48:22Z</time><extensions><speed>1.268694</speed><course>157.393585</course><hAcc>1.712009</hAcc><vAcc>0.809677</vAcc></extensions></trkpt>
      <trkpt lon="-76.449183" lat="39.346567"><ele>23.517790</ele><time>2022-02-23T22:48:23Z</time><extensions><speed>1.215745</speed><course>157.311020</course><hAcc>1.714295</hAcc><vAcc>0.809182</vAcc></extensions></trkpt>
      <trkpt lon="-76.449177" lat="39.346557"><ele>23.612278</ele><time>2022-02-23T22:48:24Z</time><extensions><speed>1.159374</speed><course>157.915329</course><hAcc>1.716323</hAcc><vAcc>0.808637</vAcc></extensions></trkpt>
      <trkpt lon="-76.449172" lat="39.346547"><ele>23.719728</ele><time>2022-02-23T22:48:25Z</time><extensions><speed>1.194305</speed><course>157.396835</course><hAcc>1.713057</hAcc><vAcc>0.808041</vAcc></extensions></trkpt>
      <trkpt lon="-76.449167" lat="39.346537"><ele>23.835482</ele><time>2022-02-23T22:48:26Z</time><extensions><speed>1.255654</speed><course>155.062286</course><hAcc>1.707642</hAcc><vAcc>0.807441</vAcc></extensions></trkpt>
      <trkpt lon="-76.449160" lat="39.346527"><ele>23.949022</ele><time>2022-02-23T22:48:27Z</time><extensions><speed>1.325904</speed><course>151.133194</course><hAcc>1.701986</hAcc><vAcc>0.806803</vAcc></extensions></trkpt>
      <trkpt lon="-76.449152" lat="39.346516"><ele>24.058670</ele><time>2022-02-23T22:48:28Z</time><extensions><speed>1.450654</speed><course>147.625153</course><hAcc>1.702421</hAcc><vAcc>0.806140</vAcc></extensions></trkpt>
      <trkpt lon="-76.449143" lat="39.346505"><ele>24.130371</ele><time>2022-02-23T22:48:29Z</time><extensions><speed>1.454120</speed><course>148.169754</course><hAcc>1.708018</hAcc><vAcc>0.805474</vAcc></extensions></trkpt>
      <trkpt lon="-76.449134" lat="39.346493"><ele>24.205328</ele><time>2022-02-23T22:48:30Z</time><extensions><speed>1.479022</speed><course>148.107117</course><hAcc>1.679254</hAcc><vAcc>0.804840</vAcc></extensions></trkpt>
      <trkpt lon="-76.449125" lat="39.346482"><ele>24.283415</ele><time>2022-02-23T22:48:30Z</time><extensions><speed>1.458655</speed><course>147.752563</course><hAcc>1.651822</hAcc><vAcc>0.804289</vAcc></extensions></trkpt>
      <trkpt lon="-76.449115" lat="39.346471"><ele>24.351215</ele><time>2022-02-23T22:48:31Z</time><extensions><speed>1.513978</speed><course>147.183899</course><hAcc>1.614993</hAcc><vAcc>0.803863</vAcc></extensions></trkpt>
      <trkpt lon="-76.449106" lat="39.346459"><ele>24.408371</ele><time>2022-02-23T22:48:32Z</time><extensions><speed>1.542106</speed><course>147.953354</course><hAcc>1.596027</hAcc><vAcc>0.803578</vAcc></extensions></trkpt>
      <trkpt lon="-76.449096" lat="39.346448"><ele>24.421474</ele><time>2022-02-23T22:48:33Z</time><extensions><speed>1.529758</speed><course>145.809280</course><hAcc>1.608369</hAcc><vAcc>0.803426</vAcc></extensions></trkpt>
      <trkpt lon="-76.449087" lat="39.346436"><ele>24.454540</ele><time>2022-02-23T22:48:34Z</time><extensions><speed>1.536408</speed><course>148.545059</course><hAcc>1.583021</hAcc><vAcc>0.803413</vAcc></extensions></trkpt>
      <trkpt lon="-76.449078" lat="39.346425"><ele>24.490774</ele><time>2022-02-23T22:48:35Z</time><extensions><speed>1.442132</speed><course>146.706894</course><hAcc>1.592920</hAcc><vAcc>0.803546</vAcc></extensions></trkpt>
      <trkpt lon="-76.449069" lat="39.346414"><ele>24.489931</ele><time>2022-02-23T22:48:36Z</time><extensions><speed>1.447899</speed><course>149.866745</course><hAcc>1.580471</hAcc><vAcc>0.803791</vAcc></extensions></trkpt>
      <trkpt lon="-76.449061" lat="39.346403"><ele>24.475605</ele><time>2022-02-23T22:48:37Z</time><extensions><speed>1.392294</speed><course>150.753159</course><hAcc>1.622686</hAcc><vAcc>0.804094</vAcc></extensions></trkpt>
      <trkpt lon="-76.449054" lat="39.346392"><ele>24.460674</ele><time>2022-02-23T22:48:38Z</time><extensions><speed>1.316383</speed><course>153.871292</course><hAcc>1.584427</hAcc><vAcc>0.804437</vAcc></extensions></trkpt>
      <trkpt lon="-76.449047" lat="39.346382"><ele>24.440594</ele><time>2022-02-23T22:48:39Z</time><extensions><speed>1.221901</speed><course>155.082397</course><hAcc>1.586200</hAcc><vAcc>0.804821</vAcc></extensions></trkpt>
      <trkpt lon="-76.449041" lat="39.346372"><ele>24.418436</ele><time>2022-02-23T22:48:40Z</time><extensions><speed>1.133948</speed><course>152.890259</course><hAcc>1.622269</hAcc><vAcc>0.805272</vAcc></extensions></trkpt>
      <trkpt lon="-76.449035" lat="39.346363"><ele>24.396358</ele><time>2022-02-23T22:48:41Z</time><extensions><speed>1.048145</speed><course>152.797943</course><hAcc>1.649786</hAcc><vAcc>0.805718</vAcc></extensions></trkpt>
      <trkpt lon="-76.449030" lat="39.346355"><ele>24.358751</ele><time>2022-02-23T22:48:42Z</time><extensions><speed>1.001563</speed><course>155.409561</course><hAcc>1.655466</hAcc><vAcc>0.806176</vAcc></extensions></trkpt>
      <trkpt lon="-76.449026" lat="39.346347"><ele>24.302637</ele><time>2022-02-23T22:48:43Z</time><extensions><speed>0.948314</speed><course>156.377350</course><hAcc>1.646489</hAcc><vAcc>0.806664</vAcc></extensions></trkpt>
      <trkpt lon="-76.449021" lat="39.346339"><ele>24.257090</ele><time>2022-02-23T22:48:44Z</time><extensions><speed>0.943195</speed><course>156.609985</course><hAcc>1.646904</hAcc><vAcc>0.807134</vAcc></extensions></trkpt>
      <trkpt lon="-76.449017" lat="39.346331"><ele>24.206287</ele><time>2022-02-23T22:48:45Z</time><extensions><speed>0.976473</speed><course>155.994370</course><hAcc>1.672696</hAcc><vAcc>0.807578</vAcc></extensions></trkpt>
      <trkpt lon="-76.449012" lat="39.346323"><ele>24.145226</ele><time>2022-02-23T22:48:46Z</time><extensions><speed>0.999805</speed><course>156.046524</course><hAcc>1.690585</hAcc><vAcc>0.807998</vAcc></extensions></trkpt>
      <trkpt lon="-76.449007" lat="39.346315"><ele>24.103001</ele><time>2022-02-23T22:48:47Z</time><extensions><speed>1.011145</speed><course>153.394760</course><hAcc>1.651311</hAcc><vAcc>0.808419</vAcc></extensions></trkpt>
      <trkpt lon="-76.449002" lat="39.346307"><ele>24.056637</ele><time>2022-02-23T22:48:48Z</time><extensions><speed>1.043308</speed><course>152.250366</course><hAcc>1.640432</hAcc><vAcc>0.808772</vAcc></extensions></trkpt>
      <trkpt lon="-76.448996" lat="39.346298"><ele>24.006624</ele><time>2022-02-23T22:48:49Z</time><extensions><speed>1.028465</speed><course>151.094299</course><hAcc>1.652614</hAcc><vAcc>0.809066</vAcc></extensions></trkpt>
      <trkpt lon="-76.448991" lat="39.346290"><ele>23.980892</ele><time>2022-02-23T22:48:50Z</time><extensions><speed>1.010732</speed><course>152.854095</course><hAcc>1.666286</hAcc><vAcc>0.809300</vAcc></extensions></trkpt>
      <trkpt lon="-76.448985" lat="39.346282"><ele>23.925434</ele><time>2022-02-23T22:48:51Z</time><extensions><speed>1.094078</speed><course>153.680893</course><hAcc>1.669632</hAcc><vAcc>0.809478</vAcc></extensions></trkpt>
      <trkpt lon="-76.448980" lat="39.346272"><ele>23.864882</ele><time>2022-02-23T22:48:52Z</time><extensions><speed>1.199845</speed><course>156.592758</course><hAcc>1.677062</hAcc><vAcc>0.809681</vAcc></extensions></trkpt>
      <trkpt lon="-76.448975" lat="39.346262"><ele>23.811710</ele><time>2022-02-23T22:48:53Z</time><extensions><speed>1.257560</speed><course>160.517166</course><hAcc>1.693303</hAcc><vAcc>0.809815</vAcc></extensions></trkpt>
      <trkpt lon="-76.448970" lat="39.346251"><ele>23.772257</ele><time>2022-02-23T22:48:54Z</time><extensions><speed>1.356975</speed><course>167.524185</course><hAcc>1.682121</hAcc><vAcc>0.809900</vAcc></extensions></trkpt>
      <trkpt lon="-76.448968" lat="39.346238"><ele>23.741751</ele><time>2022-02-23T22:48:55Z</time><extensions><speed>1.396168</speed><course>172.592758</course><hAcc>1.676272</hAcc><vAcc>0.810012</vAcc></extensions></trkpt>
      <trkpt lon="-76.448966" lat="39.346226"><ele>23.708765</ele><time>2022-02-23T22:48:56Z</time><extensions><speed>1.454581</speed><course>174.815186</course><hAcc>1.679451</hAcc><vAcc>0.810048</vAcc></extensions></trkpt>
      <trkpt lon="-76.448964" lat="39.346213"><ele>23.679949</ele><time>2022-02-23T22:48:57Z</time><extensions><speed>1.416008</speed><course>176.279419</course><hAcc>1.684594</hAcc><vAcc>0.810030</vAcc></extensions></trkpt>
      <trkpt lon="-76.448963" lat="39.346200"><ele>23.635057</ele><time>2022-02-23T22:48:58Z</time><extensions><speed>1.377366</speed><course>175.894989</course><hAcc>1.680810</hAcc><vAcc>0.810009</vAcc></extensions></trkpt>
      <trkpt lon="-76.448962" lat="39.346188"><ele>23.601311</ele><time>2022-02-23T22:48:59Z</time><extensions><speed>1.407626</speed><course>173.957809</course><hAcc>1.676032</hAcc><vAcc>0.809921</vAcc></extensions></trkpt>
      <trkpt lon="-76.448960" lat="39.346175"><ele>23.569569</ele><time>2022-02-23T22:49:00Z</time><extensions><speed>1.463459</speed><course>172.770782</course><hAcc>1.673114</hAcc><vAcc>0.809770</vAcc></extensions></trkpt>
      <trkpt lon="-76.448958" lat="39.346162"><ele>23.551428</ele><time>2022-02-23T22:49:01Z</time><extensions><speed>1.517091</speed><course>174.410873</course><hAcc>1.677123</hAcc><vAcc>0.809657</vAcc></extensions></trkpt>
      <trkpt lon="-76.448956" lat="39.346148"><ele>23.525219</ele><time>2022-02-23T22:49:02Z</time><extensions><speed>1.420491</speed><course>177.171890</course><hAcc>1.690999</hAcc><vAcc>0.809486</vAcc></extensions></trkpt>
      <trkpt lon="-76.448955" lat="39.346136"><ele>23.506823</ele><time>2022-02-23T22:49:03Z</time><extensions><speed>1.348484</speed><course>174.599045</course><hAcc>1.666732</hAcc><vAcc>0.809264</vAcc></extensions></trkpt>
      <trkpt lon="-76.448954" lat="39.346124"><ele>23.485647</ele><time>2022-02-23T22:49:04Z</time><extensions><speed>1.366584</speed><course>175.508163</course><hAcc>1.651021</hAcc><vAcc>0.809037</vAcc></extensions></trkpt>
      <trkpt lon="-76.448952" lat="39.346111"><ele>23.426437</ele><time>2022-02-23T22:49:05Z</time><extensions><speed>1.394187</speed><course>174.894318</course><hAcc>1.644854</hAcc><vAcc>0.808790</vAcc></extensions></trkpt>
      <trkpt lon="-76.448950" lat="39.346098"><ele>23.384846</ele><time>2022-02-23T22:49:06Z</time><extensions><speed>1.447663</speed><course>167.184875</course><hAcc>1.629547</hAcc><vAcc>0.808588</vAcc></extensions></trkpt>
      <trkpt lon="-76.448945" lat="39.346086"><ele>23.361187</ele><time>2022-02-23T22:49:07Z</time><extensions><speed>1.492018</speed><course>159.126389</course><hAcc>1.647408</hAcc><vAcc>0.808414</vAcc></extensions></trkpt>
      <trkpt lon="-76.448939" lat="39.346074"><ele>23.339928</ele><time>2022-02-23T22:49:08Z</time><extensions><speed>1.402357</speed><course>156.479126</course><hAcc>1.694194</hAcc><vAcc>0.808281</vAcc></extensions></trkpt>
      <trkpt lon="-76.448933" lat="39.346062"><ele>23.319653</ele><time>2022-02-23T22:49:09Z</time><extensions><speed>1.413755</speed><course>159.854416</course><hAcc>1.650971</hAcc><vAcc>0.808136</vAcc></extensions></trkpt>
      <trkpt lon="-76.448928" lat="39.346050"><ele>23.309864</ele><time>2022-02-23T22:49:10Z</time><extensions><speed>1.322716</speed><course>164.882477</course><hAcc>1.636697</hAcc><vAcc>0.808003</vAcc></extensions></trkpt>
      <trkpt lon="-76.448924" lat="39.346038"><ele>23.296928</ele><time>2022-02-23T22:49:11Z</time><extensions><speed>1.304660</speed><course>167.454300</course><hAcc>1.647590</hAcc><vAcc>0.807892</vAcc></extensions></trkpt>
      <trkpt lon="-76.448921" lat="39.346027"><ele>23.258181</ele><time>2022-02-23T22:49:12Z</time><extensions><speed>1.382900</speed><course>168.203339</course><hAcc>1.636187</hAcc><vAcc>0.807804</vAcc></extensions></trkpt>
      <trkpt lon="-76.448917" lat="39.346014"><ele>23.234350</ele><time>2022-02-23T22:49:13Z</time><extensions><speed>1.448290</speed><course>168.999359</course><hAcc>1.612262</hAcc><vAcc>0.807700</vAcc></extensions></trkpt>
      <trkpt lon="-76.448914" lat="39.346001"><ele>23.222528</ele><time>2022-02-23T22:49:14Z</time><extensions><speed>1.394507</speed><course>170.320938</course><hAcc>1.584030</hAcc><vAcc>0.807590</vAcc></extensions></trkpt>
      <trkpt lon="-76.448912" lat="39.345989"><ele>23.255907</ele><time>2022-02-23T22:49:15Z</time><extensions><speed>1.341589</speed><course>172.515839</course><hAcc>1.585139</hAcc><vAcc>0.807479</vAcc></extensions></trkpt>
      <trkpt lon="-76.448910" lat="39.345979"><ele>23.291183</ele><time>2022-02-23T22:49:16Z</time><extensions><speed>0.997977</speed><course>174.931259</course><hAcc>1.639247</hAcc><vAcc>0.807297</vAcc></extensions></trkpt>
      <trkpt lon="-76.448909" lat="39.345969"><ele>23.346024</ele><time>2022-02-23T22:49:17Z</time><extensions><speed>1.181576</speed><course>173.405136</course><hAcc>1.638473</hAcc><vAcc>0.807050</vAcc></extensions></trkpt>
      <trkpt lon="-76.448907" lat="39.345958"><ele>23.390806</ele><time>2022-02-23T22:49:18Z</time><extensions><speed>1.394118</speed><course>170.555878</course><hAcc>1.605357</hAcc><vAcc>0.806746</vAcc></extensions></trkpt>
      <trkpt lon="-76.448903" lat="39.345945"><ele>23.441614</ele><time>2022-02-23T22:49:19Z</time><extensions><speed>1.433232</speed><course>167.706207</course><hAcc>1.586806</hAcc><vAcc>0.806383</vAcc></extensions></trkpt>
      <trkpt lon="-76.448899" lat="39.345933"><ele>23.499329</ele><time>2022-02-23T22:49:20Z</time><extensions><speed>1.359476</speed><course>163.589890</course><hAcc>1.611562</hAcc><vAcc>0.805928</vAcc></extensions></trkpt>
      <trkpt lon="-76.448894" lat="39.345922"><ele>23.550852</ele><time>2022-02-23T22:49:21Z</time><extensions><speed>1.330979</speed><course>154.638962</course><hAcc>1.641934</hAcc><vAcc>0.805415</vAcc></extensions></trkpt>
      <trkpt lon="-76.448886" lat="39.345911"><ele>23.602015</ele><time>2022-02-23T22:49:22Z</time><extensions><speed>1.363597</speed><course>144.033096</course><hAcc>1.661278</hAcc><vAcc>0.804922</vAcc></extensions></trkpt>
      <trkpt lon="-76.448875" lat="39.345901"><ele>23.659731</ele><time>2022-02-23T22:49:23Z</time><extensions><speed>1.503646</speed><course>137.577515</course><hAcc>1.675532</hAcc><vAcc>0.804425</vAcc></extensions></trkpt>
      <trkpt lon="-76.448863" lat="39.345891"><ele>23.717524</ele><time>2022-02-23T22:49:24Z</time><extensions><speed>1.559595</speed><course>134.560974</course><hAcc>1.694364</hAcc><vAcc>0.803943</vAcc></extensions></trkpt>
      <trkpt lon="-76.448851" lat="39.345882"><ele>23.759203</ele><time>2022-02-23T22:49:25Z</time><extensions><speed>1.364722</speed><course>134.700073</course><hAcc>1.720177</hAcc><vAcc>0.803508</vAcc></extensions></trkpt>
      <trkpt lon="-76.448839" lat="39.345873"><ele>23.793322</ele><time>2022-02-23T22:49:26Z</time><extensions><speed>1.412830</speed><course>134.568237</course><hAcc>1.703743</hAcc><vAcc>0.803182</vAcc></extensions></trkpt>
      <trkpt lon="-76.448828" lat="39.345864"><ele>23.842442</ele><time>2022-02-23T22:49:27Z</time><extensions><speed>1.401612</speed><course>134.047592</course><hAcc>1.695584</hAcc><vAcc>0.802899</vAcc></extensions></trkpt>
      <trkpt lon="-76.448816" lat="39.345855"><ele>23.873726</ele><time>2022-02-23T22:49:28Z</time><extensions><speed>1.429985</speed><course>134.840866</course><hAcc>1.706087</hAcc><vAcc>0.802697</vAcc></extensions></trkpt>
      <trkpt lon="-76.448804" lat="39.345846"><ele>23.916826</ele><time>2022-02-23T22:49:29Z</time><extensions><speed>1.410736</speed><course>135.634003</course><hAcc>1.724142</hAcc><vAcc>0.802534</vAcc></extensions></trkpt>
      <trkpt lon="-76.448792" lat="39.345837"><ele>23.905800</ele><time>2022-02-23T22:49:30Z</time><extensions><speed>1.464553</speed><course>135.655579</course><hAcc>1.722248</hAcc><vAcc>0.802422</vAcc></extensions></trkpt>
      <trkpt lon="-76.448780" lat="39.345827"><ele>23.900763</ele><time>2022-02-23T22:49:32Z</time><extensions><speed>1.495436</speed><course>135.498520</course><hAcc>1.716194</hAcc><vAcc>0.802347</vAcc></extensions></trkpt>
      <trkpt lon="-76.448768" lat="39.345817"><ele>23.883287</ele><time>2022-02-23T22:49:33Z</time><extensions><speed>1.597037</speed><course>136.212646</course><hAcc>1.708137</hAcc><vAcc>0.802302</vAcc></extensions></trkpt>
      <trkpt lon="-76.448755" lat="39.345807"><ele>23.863628</ele><time>2022-02-23T22:49:34Z</time><extensions><speed>1.637380</speed><course>137.243927</course><hAcc>1.691100</hAcc><vAcc>0.802315</vAcc></extensions></trkpt>
      <trkpt lon="-76.448742" lat="39.345796"><ele>23.839130</ele><time>2022-02-23T22:49:35Z</time><extensions><speed>1.621348</speed><course>138.609344</course><hAcc>1.668333</hAcc><vAcc>0.802357</vAcc></extensions></trkpt>
      <trkpt lon="-76.448730" lat="39.345785"><ele>23.801922</ele><time>2022-02-23T22:49:36Z</time><extensions><speed>1.611318</speed><course>139.057739</course><hAcc>1.656190</hAcc><vAcc>0.802434</vAcc></extensions></trkpt>
      <trkpt lon="-76.448718" lat="39.345774"><ele>23.774111</ele><time>2022-02-23T22:49:37Z</time><extensions><speed>1.505580</speed><course>140.268753</course><hAcc>1.663286</hAcc><vAcc>0.802562</vAcc></extensions></trkpt>
      <trkpt lon="-76.448707" lat="39.345763"><ele>23.734680</ele><time>2022-02-23T22:49:38Z</time><extensions><speed>1.569687</speed><course>140.322098</course><hAcc>1.639428</hAcc><vAcc>0.802679</vAcc></extensions></trkpt>
      <trkpt lon="-76.448696" lat="39.345753"><ele>23.694561</ele><time>2022-02-23T22:49:39Z</time><extensions><speed>1.432085</speed><course>143.470276</course><hAcc>1.657819</hAcc><vAcc>0.802773</vAcc></extensions></trkpt>
      <trkpt lon="-76.448685" lat="39.345742"><ele>23.647804</ele><time>2022-02-23T22:49:40Z</time><extensions><speed>1.506900</speed><course>142.218063</course><hAcc>1.631252</hAcc><vAcc>0.802841</vAcc></extensions></trkpt>
      <trkpt lon="-76.448675" lat="39.345732"><ele>23.610165</ele><time>2022-02-23T22:49:41Z</time><extensions><speed>1.417467</speed><course>143.184387</course><hAcc>1.651442</hAcc><vAcc>0.802907</vAcc></extensions></trkpt>
      <trkpt lon="-76.448665" lat="39.345721"><ele>23.592911</ele><time>2022-02-23T22:49:42Z</time><extensions><speed>1.434708</speed><course>144.170410</course><hAcc>1.647388</hAcc><vAcc>0.802967</vAcc></extensions></trkpt>
      <trkpt lon="-76.448655" lat="39.345711"><ele>23.576258</ele><time>2022-02-23T22:49:43Z</time><extensions><speed>1.442780</speed><course>143.614532</course><hAcc>1.652401</hAcc><vAcc>0.803078</vAcc></extensions></trkpt>
      <trkpt lon="-76.448646" lat="39.345701"><ele>23.535362</ele><time>2022-02-23T22:49:44Z</time><extensions><speed>1.397537</speed><course>144.764740</course><hAcc>1.671924</hAcc><vAcc>0.803214</vAcc></extensions></trkpt>
      <trkpt lon="-76.448636" lat="39.345690"><ele>23.493761</ele><time>2022-02-23T22:49:45Z</time><extensions><speed>1.396582</speed><course>144.555145</course><hAcc>1.690387</hAcc><vAcc>0.803378</vAcc></extensions></trkpt>
      <trkpt lon="-76.448627" lat="39.345680"><ele>23.467457</ele><time>2022-02-23T22:49:46Z</time><extensions><speed>1.387240</speed><course>144.327667</course><hAcc>1.707703</hAcc><vAcc>0.803567</vAcc></extensions></trkpt>
      <trkpt lon="-76.448617" lat="39.345670"><ele>23.432850</ele><time>2022-02-23T22:49:47Z</time><extensions><speed>1.337497</speed><course>144.318298</course><hAcc>1.720237</hAcc><vAcc>0.803786</vAcc></extensions></trkpt>
      <trkpt lon="-76.448608" lat="39.345661"><ele>23.384565</ele><time>2022-02-23T22:49:48Z</time><extensions><speed>1.359796</speed><course>140.313965</course><hAcc>1.717869</hAcc><vAcc>0.804032</vAcc></extensions></trkpt>
      <trkpt lon="-76.448597" lat="39.345652"><ele>23.342548</ele><time>2022-02-23T22:49:49Z</time><extensions><speed>1.393857</speed><course>134.442062</course><hAcc>1.712145</hAcc><vAcc>0.804321</vAcc></extensions></trkpt>
      <trkpt lon="-76.448585" lat="39.345643"><ele>23.302814</ele><time>2022-02-23T22:49:50Z</time><extensions><speed>1.431707</speed><course>129.302399</course><hAcc>1.708432</hAcc><vAcc>0.804624</vAcc></extensions></trkpt>
      <trkpt lon="-76.448571" lat="39.345635"><ele>23.267302</ele><time>2022-02-23T22:49:51Z</time><extensions><speed>1.489856</speed><course>126.222359</course><hAcc>1.710169</hAcc><vAcc>0.804921</vAcc></extensions></trkpt>
      <trkpt lon="-76.448557" lat="39.345627"><ele>23.236378</ele><time>2022-02-23T22:49:52Z</time><extensions><speed>1.524249</speed><course>125.849007</course><hAcc>1.721914</hAcc><vAcc>0.805194</vAcc></extensions></trkpt>
      <trkpt lon="-76.448544" lat="39.345619"><ele>23.194904</ele><time>2022-02-23T22:49:53Z</time><extensions><speed>1.385715</speed><course>127.572815</course><hAcc>1.744822</hAcc><vAcc>0.805393</vAcc></extensions></trkpt>
      <trkpt lon="-76.448531" lat="39.345612"><ele>23.099852</ele><time>2022-02-23T22:49:54Z</time><extensions><speed>1.245090</speed><course>125.252655</course><hAcc>1.728743</hAcc><vAcc>0.805483</vAcc></extensions></trkpt>
      <trkpt lon="-76.448519" lat="39.345606"><ele>22.999586</ele><time>2022-02-23T22:49:55Z</time><extensions><speed>1.209991</speed><course>123.216057</course><hAcc>1.724923</hAcc><vAcc>0.805497</vAcc></extensions></trkpt>
      <trkpt lon="-76.448508" lat="39.345600"><ele>22.915222</ele><time>2022-02-23T22:49:56Z</time><extensions><speed>1.212788</speed><course>123.384430</course><hAcc>1.735776</hAcc><vAcc>0.805395</vAcc></extensions></trkpt>
      <trkpt lon="-76.448496" lat="39.345594"><ele>22.846222</ele><time>2022-02-23T22:49:57Z</time><extensions><speed>1.231080</speed><course>123.932785</course><hAcc>1.748919</hAcc><vAcc>0.805177</vAcc></extensions></trkpt>
      <trkpt lon="-76.448484" lat="39.345587"><ele>22.774212</ele><time>2022-02-23T22:49:58Z</time><extensions><speed>1.267235</speed><course>124.922119</course><hAcc>1.757925</hAcc><vAcc>0.804913</vAcc></extensions></trkpt>
      <trkpt lon="-76.448472" lat="39.345580"><ele>22.709242</ele><time>2022-02-23T22:49:59Z</time><extensions><speed>1.329084</speed><course>128.308853</course><hAcc>1.761142</hAcc><vAcc>0.804550</vAcc></extensions></trkpt>
      <trkpt lon="-76.448460" lat="39.345572"><ele>22.633036</ele><time>2022-02-23T22:50:00Z</time><extensions><speed>1.406443</speed><course>131.759781</course><hAcc>1.762027</hAcc><vAcc>0.804173</vAcc></extensions></trkpt>
      <trkpt lon="-76.448447" lat="39.345564"><ele>22.549562</ele><time>2022-02-23T22:50:01Z</time><extensions><speed>1.478401</speed><course>134.489120</course><hAcc>1.759804</hAcc><vAcc>0.803831</vAcc></extensions></trkpt>
      <trkpt lon="-76.448435" lat="39.345554"><ele>22.468929</ele><time>2022-02-23T22:50:02Z</time><extensions><speed>1.516014</speed><course>137.027267</course><hAcc>1.752913</hAcc><vAcc>0.803540</vAcc></extensions></trkpt>
      <trkpt lon="-76.448424" lat="39.345543"><ele>22.400434</ele><time>2022-02-23T22:50:03Z</time><extensions><speed>1.535790</speed><course>141.659698</course><hAcc>1.743112</hAcc><vAcc>0.803359</vAcc></extensions></trkpt>
      <trkpt lon="-76.448413" lat="39.345532"><ele>22.295483</ele><time>2022-02-23T22:50:04Z</time><extensions><speed>1.492976</speed><course>147.574661</course><hAcc>1.730743</hAcc><vAcc>0.803269</vAcc></extensions></trkpt>
      <trkpt lon="-76.448404" lat="39.345520"><ele>22.192728</ele><time>2022-02-23T22:50:05Z</time><extensions><speed>1.593068</speed><course>152.655762</course><hAcc>1.707612</hAcc><vAcc>0.803283</vAcc></extensions></trkpt>
      <trkpt lon="-76.448396" lat="39.345507"><ele>22.085817</ele><time>2022-02-23T22:50:06Z</time><extensions><speed>1.696879</speed><course>153.128494</course><hAcc>1.678420</hAcc><vAcc>0.803424</vAcc></extensions></trkpt>
      <trkpt lon="-76.448387" lat="39.345493"><ele>22.008686</ele><time>2022-02-23T22:50:07Z</time><extensions><speed>1.746578</speed><course>154.017242</course><hAcc>1.663118</hAcc><vAcc>0.803644</vAcc></extensions></trkpt>
      <trkpt lon="-76.448378" lat="39.345479"><ele>21.943113</ele><time>2022-02-23T22:50:08Z</time><extensions><speed>1.636603</speed><course>155.545227</course><hAcc>1.667192</hAcc><vAcc>0.803950</vAcc></extensions></trkpt>
      <trkpt lon="-76.448371" lat="39.345466"><ele>21.904749</ele><time>2022-02-23T22:50:09Z</time><extensions><speed>1.610772</speed><course>155.056366</course><hAcc>1.653701</hAcc><vAcc>0.804371</vAcc></extensions></trkpt>
      <trkpt lon="-76.448363" lat="39.345453"><ele>21.868382</ele><time>2022-02-23T22:50:10Z</time><extensions><speed>1.538557</speed><course>154.429016</course><hAcc>1.683149</hAcc><vAcc>0.804794</vAcc></extensions></trkpt>
      <trkpt lon="-76.448354" lat="39.345441"><ele>21.839153</ele><time>2022-02-23T22:50:11Z</time><extensions><speed>1.494648</speed><course>149.005508</course><hAcc>1.660788</hAcc><vAcc>0.805237</vAcc></extensions></trkpt>
      <trkpt lon="-76.448345" lat="39.345430"><ele>21.842115</ele><time>2022-02-23T22:50:12Z</time><extensions><speed>1.426875</speed><course>146.436584</course><hAcc>1.643436</hAcc><vAcc>0.805643</vAcc></extensions></trkpt>
      <trkpt lon="-76.448336" lat="39.345419"><ele>21.838381</ele><time>2022-02-23T22:50:13Z</time><extensions><speed>1.434182</speed><course>145.590500</course><hAcc>1.655525</hAcc><vAcc>0.805979</vAcc></extensions></trkpt>
      <trkpt lon="-76.448327" lat="39.345408"><ele>21.854296</ele><time>2022-02-23T22:50:14Z</time><extensions><speed>1.467771</speed><course>147.050232</course><hAcc>1.671075</hAcc><vAcc>0.806240</vAcc></extensions></trkpt>
      <trkpt lon="-76.448318" lat="39.345397"><ele>21.868120</ele><time>2022-02-23T22:50:15Z</time><extensions><speed>1.518836</speed><course>148.587341</course><hAcc>1.678177</hAcc><vAcc>0.806450</vAcc></extensions></trkpt>
      <trkpt lon="-76.448308" lat="39.345385"><ele>21.893030</ele><time>2022-02-23T22:50:16Z</time><extensions><speed>1.542804</speed><course>149.228760</course><hAcc>1.676524</hAcc><vAcc>0.806592</vAcc></extensions></trkpt>
      <trkpt lon="-76.448299" lat="39.345373"><ele>21.927168</ele><time>2022-02-23T22:50:17Z</time><extensions><speed>1.608519</speed><course>149.217102</course><hAcc>1.663276</hAcc><vAcc>0.806678</vAcc></extensions></trkpt>
      <trkpt lon="-76.448289" lat="39.345360"><ele>21.976030</ele><time>2022-02-23T22:50:18Z</time><extensions><speed>1.642477</speed><course>149.646133</course><hAcc>1.659963</hAcc><vAcc>0.806729</vAcc></extensions></trkpt>
      <trkpt lon="-76.448280" lat="39.345348"><ele>22.012234</ele><time>2022-02-23T22:50:19Z</time><extensions><speed>1.527005</speed><course>151.094742</course><hAcc>1.670370</hAcc><vAcc>0.806728</vAcc></extensions></trkpt>
      <trkpt lon="-76.448272" lat="39.345336"><ele>22.042763</ele><time>2022-02-23T22:50:20Z</time><extensions><speed>1.489500</speed><course>149.319427</course><hAcc>1.661694</hAcc><vAcc>0.806758</vAcc></extensions></trkpt>
      <trkpt lon="-76.448263" lat="39.345325"><ele>22.051550</ele><time>2022-02-23T22:50:21Z</time><extensions><speed>1.437097</speed><course>145.635056</course><hAcc>1.691451</hAcc><vAcc>0.806756</vAcc></extensions></trkpt>
      <trkpt lon="-76.448253" lat="39.345315"><ele>22.055891</ele><time>2022-02-23T22:50:22Z</time><extensions><speed>1.393301</speed><course>145.699097</course><hAcc>1.663593</hAcc><vAcc>0.806761</vAcc></extensions></trkpt>
      <trkpt lon="-76.448244" lat="39.345305"><ele>22.026628</ele><time>2022-02-23T22:50:23Z</time><extensions><speed>1.320566</speed><course>143.910828</course><hAcc>1.655087</hAcc><vAcc>0.806783</vAcc></extensions></trkpt>
      <trkpt lon="-76.448235" lat="39.345295"><ele>22.026428</ele><time>2022-02-23T22:50:24Z</time><extensions><speed>1.276356</speed><course>141.727448</course><hAcc>1.669228</hAcc><vAcc>0.806822</vAcc></extensions></trkpt>
      <trkpt lon="-76.448226" lat="39.345286"><ele>22.020393</ele><time>2022-02-23T22:50:25Z</time><extensions><speed>1.247447</speed><course>142.106384</course><hAcc>1.687379</hAcc><vAcc>0.806880</vAcc></extensions></trkpt>
      <trkpt lon="-76.448218" lat="39.345277"><ele>21.995214</ele><time>2022-02-23T22:50:26Z</time><extensions><speed>1.233578</speed><course>143.417053</course><hAcc>1.693367</hAcc><vAcc>0.806980</vAcc></extensions></trkpt>
      <trkpt lon="-76.448209" lat="39.345269"><ele>21.975124</ele><time>2022-02-23T22:50:27Z</time><extensions><speed>1.207699</speed><course>144.755981</course><hAcc>1.689172</hAcc><vAcc>0.807088</vAcc></extensions></trkpt>
      <trkpt lon="-76.448201" lat="39.345260"><ele>21.939508</ele><time>2022-02-23T22:50:28Z</time><extensions><speed>1.206910</speed><course>144.366470</course><hAcc>1.684282</hAcc><vAcc>0.807206</vAcc></extensions></trkpt>
      <trkpt lon="-76.448192" lat="39.345251"><ele>21.896402</ele><time>2022-02-23T22:50:29Z</time><extensions><speed>1.323412</speed><course>141.522263</course><hAcc>1.690026</hAcc><vAcc>0.807433</vAcc></extensions></trkpt>
      <trkpt lon="-76.448182" lat="39.345242"><ele>21.794729</ele><time>2022-02-23T22:50:30Z</time><extensions><speed>1.338122</speed><course>138.935196</course><hAcc>1.709273</hAcc><vAcc>0.807610</vAcc></extensions></trkpt>
      <trkpt lon="-76.448172" lat="39.345233"><ele>21.689796</ele><time>2022-02-23T22:50:31Z</time><extensions><speed>1.220405</speed><course>136.160141</course><hAcc>1.684495</hAcc><vAcc>0.807694</vAcc></extensions></trkpt>
      <trkpt lon="-76.448162" lat="39.345226"><ele>21.593910</ele><time>2022-02-23T22:50:32Z</time><extensions><speed>1.149568</speed><course>132.287033</course><hAcc>1.657943</hAcc><vAcc>0.807646</vAcc></extensions></trkpt>
      <trkpt lon="-76.448152" lat="39.345219"><ele>21.509212</ele><time>2022-02-23T22:50:33Z</time><extensions><speed>1.157344</speed><course>129.079391</course><hAcc>1.643093</hAcc><vAcc>0.807438</vAcc></extensions></trkpt>
      <trkpt lon="-76.448140" lat="39.345213"><ele>21.419714</ele><time>2022-02-23T22:50:34Z</time><extensions><speed>1.310044</speed><course>125.784615</course><hAcc>1.633945</hAcc><vAcc>0.807051</vAcc></extensions></trkpt>
      <trkpt lon="-76.448127" lat="39.345206"><ele>21.365307</ele><time>2022-02-23T22:50:35Z</time><extensions><speed>1.460837</speed><course>122.290955</course><hAcc>1.649702</hAcc><vAcc>0.806442</vAcc></extensions></trkpt>
      <trkpt lon="-76.448112" lat="39.345199"><ele>21.301657</ele><time>2022-02-23T22:50:35Z</time><extensions><speed>1.515054</speed><course>120.754356</course><hAcc>1.692206</hAcc><vAcc>0.805680</vAcc></extensions></trkpt>
      <trkpt lon="-76.448096" lat="39.345192"><ele>21.238527</ele><time>2022-02-23T22:50:36Z</time><extensions><speed>1.541916</speed><course>112.837173</course><hAcc>1.643551</hAcc><vAcc>0.804666</vAcc></extensions></trkpt>
      <trkpt lon="-76.448080" lat="39.345188"><ele>21.187765</ele><time>2022-02-23T22:50:37Z</time><extensions><speed>1.503670</speed><course>107.264427</course><hAcc>1.626541</hAcc><vAcc>0.803316</vAcc></extensions></trkpt>
      <trkpt lon="-76.448063" lat="39.345185"><ele>21.144819</ele><time>2022-02-23T22:50:38Z</time><extensions><speed>1.425414</speed><course>99.936905</course><hAcc>1.651444</hAcc><vAcc>0.801701</vAcc></extensions></trkpt>
      <trkpt lon="-76.448048" lat="39.345183"><ele>21.113359</ele><time>2022-02-23T22:50:39Z</time><extensions><speed>1.236912</speed><course>94.084679</course><hAcc>1.697855</hAcc><vAcc>0.799917</vAcc></extensions></trkpt>
      <trkpt lon="-76.448034" lat="39.345183"><ele>21.095745</ele><time>2022-02-23T22:50:40Z</time><extensions><speed>1.213776</speed><course>91.401886</course><hAcc>1.683038</hAcc><vAcc>0.797822</vAcc></extensions></trkpt>
      <trkpt lon="-76.448020" lat="39.345182"><ele>21.108934</ele><time>2022-02-23T22:50:41Z</time><extensions><speed>1.156059</speed><course>92.303040</course><hAcc>1.681514</hAcc><vAcc>0.795416</vAcc></extensions></trkpt>
      <trkpt lon="-76.448007" lat="39.345182"><ele>21.136797</ele><time>2022-02-23T22:50:42Z</time><extensions><speed>1.074372</speed><course>94.587624</course><hAcc>1.701812</hAcc><vAcc>0.792886</vAcc></extensions></trkpt>
      <trkpt lon="-76.447996" lat="39.345181"><ele>21.206743</ele><time>2022-02-23T22:50:43Z</time><extensions><speed>0.827418</speed><course>94.648438</course><hAcc>1.726553</hAcc><vAcc>0.790400</vAcc></extensions></trkpt>
      <trkpt lon="-76.447988" lat="39.345181"><ele>21.277430</ele><time>2022-02-23T22:50:44Z</time><extensions><speed>0.483168</speed><course>83.744995</course><hAcc>1.754923</hAcc><vAcc>0.788023</vAcc></extensions></trkpt>
      <trkpt lon="-76.447984" lat="39.345182"><ele>21.348043</ele><time>2022-02-23T22:50:45Z</time><extensions><speed>0.294856</speed><course>71.993164</course><hAcc>1.774668</hAcc><vAcc>0.785638</vAcc></extensions></trkpt>
      <trkpt lon="-76.447980" lat="39.345183"><ele>21.422670</ele><time>2022-02-23T22:50:46Z</time><extensions><speed>0.306059</speed><course>66.630760</course><hAcc>1.764169</hAcc><vAcc>0.783291</vAcc></extensions></trkpt>
      <trkpt lon="-76.447977" lat="39.345184"><ele>21.503746</ele><time>2022-02-23T22:50:47Z</time><extensions><speed>0.334148</speed><course>69.195740</course><hAcc>1.762990</hAcc><vAcc>0.780918</vAcc></extensions></trkpt>
      <trkpt lon="-76.447973" lat="39.345185"><ele>21.586079</ele><time>2022-02-23T22:50:48Z</time><extensions><speed>0.359905</speed><course>74.421310</course><hAcc>1.768818</hAcc><vAcc>0.778279</vAcc></extensions></trkpt>
      <trkpt lon="-76.447969" lat="39.345185"><ele>21.669281</ele><time>2022-02-23T22:50:49Z</time><extensions><speed>0.374774</speed><course>79.337959</course><hAcc>1.768692</hAcc><vAcc>0.775443</vAcc></extensions></trkpt>
      <trkpt lon="-76.447964" lat="39.345186"><ele>21.767548</ele><time>2022-02-23T22:50:50Z</time><extensions><speed>0.371933</speed><course>82.439819</course><hAcc>1.753505</hAcc><vAcc>0.772475</vAcc></extensions></trkpt>
      <trkpt lon="-76.447960" lat="39.345187"><ele>21.809050</ele><time>2022-02-23T22:50:51Z</time><extensions><speed>0.354572</speed><course>82.385948</course><hAcc>1.717692</hAcc><vAcc>0.769413</vAcc></extensions></trkpt>
      <trkpt lon="-76.447956" lat="39.345187"><ele>21.861958</ele><time>2022-02-23T22:50:52Z</time><extensions><speed>0.336467</speed><course>80.340225</course><hAcc>1.668089</hAcc><vAcc>0.765876</vAcc></extensions></trkpt>
      <trkpt lon="-76.447952" lat="39.345188"><ele>21.931866</ele><time>2022-02-23T22:50:53Z</time><extensions><speed>0.285824</speed><course>77.963020</course><hAcc>1.641538</hAcc><vAcc>0.761630</vAcc></extensions></trkpt>
      <trkpt lon="-76.447949" lat="39.345188"><ele>22.031590</ele><time>2022-02-23T22:50:54Z</time><extensions><speed>0.186239</speed><course>77.246979</course><hAcc>1.649522</hAcc><vAcc>0.757056</vAcc></extensions></trkpt>
      <trkpt lon="-76.447947" lat="39.345188"><ele>22.140347</ele><time>2022-02-23T22:50:55Z</time><extensions><speed>0.165089</speed><course>78.297615</course><hAcc>1.632816</hAcc><vAcc>0.752084</vAcc></extensions></trkpt>
      <trkpt lon="-76.447945" lat="39.345189"><ele>22.244961</ele><time>2022-02-23T22:50:56Z</time><extensions><speed>0.157452</speed><course>80.066841</course><hAcc>1.616632</hAcc><vAcc>0.746804</vAcc></extensions></trkpt>
      <trkpt lon="-76.447943" lat="39.345189"><ele>22.343689</ele><time>2022-02-23T22:50:57Z</time><extensions><speed>0.157436</speed><course>80.945068</course><hAcc>1.613604</hAcc><vAcc>0.741432</vAcc></extensions></trkpt>
      <trkpt lon="-76.447941" lat="39.345189"><ele>22.439648</ele><time>2022-02-23T22:50:58Z</time><extensions><speed>0.162442</speed><course>80.685966</course><hAcc>1.625706</hAcc><vAcc>0.736185</vAcc></extensions></trkpt>
      <trkpt lon="-76.447939" lat="39.345189"><ele>22.533205</ele><time>2022-02-23T22:50:59Z</time><extensions><speed>0.165461</speed><course>80.459427</course><hAcc>1.651917</hAcc><vAcc>0.731318</vAcc></extensions></trkpt>
      <trkpt lon="-76.447937" lat="39.345190"><ele>22.620436</ele><time>2022-02-23T22:51:00Z</time><extensions><speed>0.190339</speed><course>81.509232</course><hAcc>1.672281</hAcc><vAcc>0.727067</vAcc></extensions></trkpt>
      <trkpt lon="-76.447934" lat="39.345190"><ele>22.703470</ele><time>2022-02-23T22:51:01Z</time><extensions><speed>0.312308</speed><course>85.323471</course><hAcc>1.668469</hAcc><vAcc>0.723594</vAcc></extensions></trkpt>
      <trkpt lon="-76.447930" lat="39.345190"><ele>22.779146</ele><time>2022-02-23T22:51:02Z</time><extensions><speed>0.345876</speed><course>91.032028</course><hAcc>1.713073</hAcc><vAcc>0.721140</vAcc></extensions></trkpt>
      <trkpt lon="-76.447926" lat="39.345190"><ele>22.831484</ele><time>2022-02-23T22:51:03Z</time><extensions><speed>0.383868</speed><course>97.080353</course><hAcc>1.754608</hAcc><vAcc>0.719778</vAcc></extensions></trkpt>
      <trkpt lon="-76.447921" lat="39.345189"><ele>22.880806</ele><time>2022-02-23T22:51:04Z</time><extensions><speed>0.410107</speed><course>101.867485</course><hAcc>1.783421</hAcc><vAcc>0.719527</vAcc></extensions></trkpt>
      <trkpt lon="-76.447916" lat="39.345188"><ele>22.914885</ele><time>2022-02-23T22:51:05Z</time><extensions><speed>0.401351</speed><course>103.210907</course><hAcc>1.812718</hAcc><vAcc>0.720181</vAcc></extensions></trkpt>
      <trkpt lon="-76.447912" lat="39.345187"><ele>22.937746</ele><time>2022-02-23T22:51:06Z</time><extensions><speed>0.386591</speed><course>101.339073</course><hAcc>1.833723</hAcc><vAcc>0.721477</vAcc></extensions></trkpt>
      <trkpt lon="-76.447907" lat="39.345187"><ele>22.936853</ele><time>2022-02-23T22:51:07Z</time><extensions><speed>0.422118</speed><course>98.188965</course><hAcc>1.831489</hAcc><vAcc>0.723096</vAcc></extensions></trkpt>
      <trkpt lon="-76.447902" lat="39.345186"><ele>22.916407</ele><time>2022-02-23T22:51:08Z</time><extensions><speed>0.461278</speed><course>95.650505</course><hAcc>1.826908</hAcc><vAcc>0.724905</vAcc></extensions></trkpt>
      <trkpt lon="-76.447897" lat="39.345186"><ele>22.877983</ele><time>2022-02-23T22:51:09Z</time><extensions><speed>0.482863</speed><course>94.810097</course><hAcc>1.830839</hAcc><vAcc>0.726773</vAcc></extensions></trkpt>
      <trkpt lon="-76.447891" lat="39.345186"><ele>22.836153</ele><time>2022-02-23T22:51:10Z</time><extensions><speed>0.515467</speed><course>95.307808</course><hAcc>1.835921</hAcc><vAcc>0.728752</vAcc></extensions></trkpt>
      <trkpt lon="-76.447885" lat="39.345185"><ele>22.764778</ele><time>2022-02-23T22:51:11Z</time><extensions><speed>0.522256</speed><course>96.965164</course><hAcc>1.845100</hAcc><vAcc>0.730856</vAcc></extensions></trkpt>
      <trkpt lon="-76.447879" lat="39.345184"><ele>22.677006</ele><time>2022-02-23T22:51:12Z</time><extensions><speed>0.538352</speed><course>99.681580</course><hAcc>1.847286</hAcc><vAcc>0.733080</vAcc></extensions></trkpt>
      <trkpt lon="-76.447873" lat="39.345183"><ele>22.574297</ele><time>2022-02-23T22:51:13Z</time><extensions><speed>0.549823</speed><course>104.583313</course><hAcc>1.846466</hAcc><vAcc>0.735523</vAcc></extensions></trkpt>
      <trkpt lon="-76.447867" lat="39.345181"><ele>22.461802</ele><time>2022-02-23T22:51:14Z</time><extensions><speed>0.545445</speed><course>113.488129</course><hAcc>1.845034</hAcc><vAcc>0.738275</vAcc></extensions></trkpt>
      <trkpt lon="-76.447861" lat="39.345179"><ele>22.335093</ele><time>2022-02-23T22:51:15Z</time><extensions><speed>0.573595</speed><course>127.054916</course><hAcc>1.828771</hAcc><vAcc>0.741253</vAcc></extensions></trkpt>
      <trkpt lon="-76.447856" lat="39.345175"><ele>22.196741</ele><time>2022-02-23T22:51:16Z</time><extensions><speed>0.704554</speed><course>143.976868</course><hAcc>1.801090</hAcc><vAcc>0.744479</vAcc></extensions></trkpt>
      <trkpt lon="-76.447853" lat="39.345169"><ele>22.071945</ele><time>2022-02-23T22:51:17Z</time><extensions><speed>0.824455</speed><course>166.081589</course><hAcc>1.802934</hAcc><vAcc>0.747893</vAcc></extensions></trkpt>
      <trkpt lon="-76.447853" lat="39.345160"><ele>21.907454</ele><time>2022-02-23T22:51:18Z</time><extensions><speed>1.061559</speed><course>191.535828</course><hAcc>1.809148</hAcc><vAcc>0.751442</vAcc></extensions></trkpt>
      <trkpt lon="-76.447857" lat="39.345150"><ele>21.784611</ele><time>2022-02-23T22:51:19Z</time><extensions><speed>1.419210</speed><course>201.742783</course><hAcc>1.785565</hAcc><vAcc>0.755077</vAcc></extensions></trkpt>
      <trkpt lon="-76.447864" lat="39.345137"><ele>21.670439</ele><time>2022-02-23T22:51:20Z</time><extensions><speed>1.641651</speed><course>204.966980</course><hAcc>1.759204</hAcc><vAcc>0.758825</vAcc></extensions></trkpt>
      <trkpt lon="-76.447872" lat="39.345124"><ele>21.631552</ele><time>2022-02-23T22:51:21Z</time><extensions><speed>1.667686</speed><course>205.342896</course><hAcc>1.733136</hAcc><vAcc>0.762518</vAcc></extensions></trkpt>
      <trkpt lon="-76.447880" lat="39.345110"><ele>21.544903</ele><time>2022-02-23T22:51:22Z</time><extensions><speed>1.656003</speed><course>205.951935</course><hAcc>1.706297</hAcc><vAcc>0.766166</vAcc></extensions></trkpt>
      <trkpt lon="-76.447888" lat="39.345097"><ele>21.480007</ele><time>2022-02-23T22:51:23Z</time><extensions><speed>1.589679</speed><course>210.018143</course><hAcc>1.694852</hAcc><vAcc>0.769648</vAcc></extensions></trkpt>
      <trkpt lon="-76.447897" lat="39.345086"><ele>21.453785</ele><time>2022-02-23T22:51:24Z</time><extensions><speed>1.240551</speed><course>215.831528</course><hAcc>1.701477</hAcc><vAcc>0.772982</vAcc></extensions></trkpt>
      <trkpt lon="-76.447905" lat="39.345078"><ele>21.375223</ele><time>2022-02-23T22:51:25Z</time><extensions><speed>1.057506</speed><course>219.827713</course><hAcc>1.687710</hAcc><vAcc>0.776125</vAcc></extensions></trkpt>
      <trkpt lon="-76.447912" lat="39.345072"><ele>21.296329</ele><time>2022-02-23T22:51:26Z</time><extensions><speed>0.684908</speed><course>221.310043</course><hAcc>1.710939</hAcc><vAcc>0.779019</vAcc></extensions></trkpt>
      <trkpt lon="-76.447915" lat="39.345068"><ele>21.224796</ele><time>2022-02-23T22:51:27Z</time><extensions><speed>0.231709</speed><course>182.782745</course><hAcc>1.712421</hAcc><vAcc>0.781578</vAcc></extensions></trkpt>
      <trkpt lon="-76.447914" lat="39.345066"><ele>21.158247</ele><time>2022-02-23T22:51:28Z</time><extensions><speed>0.303838</speed><course>143.386292</course><hAcc>1.696360</hAcc><vAcc>0.783794</vAcc></extensions></trkpt>
      <trkpt lon="-76.447911" lat="39.345064"><ele>21.123465</ele><time>2022-02-23T22:51:29Z</time><extensions><speed>0.423642</speed><course>143.648453</course><hAcc>1.699876</hAcc><vAcc>0.785697</vAcc></extensions></trkpt>
      <trkpt lon="-76.447908" lat="39.345060"><ele>21.073528</ele><time>2022-02-23T22:51:30Z</time><extensions><speed>0.535231</speed><course>154.657318</course><hAcc>1.714514</hAcc><vAcc>0.787307</vAcc></extensions></trkpt>
      <trkpt lon="-76.447906" lat="39.345055"><ele>21.049957</ele><time>2022-02-23T22:51:31Z</time><extensions><speed>0.652700</speed><course>168.285355</course><hAcc>1.729308</hAcc><vAcc>0.788604</vAcc></extensions></trkpt>
      <trkpt lon="-76.447906" lat="39.345048"><ele>21.006618</ele><time>2022-02-23T22:51:32Z</time><extensions><speed>0.779681</speed><course>182.648438</course><hAcc>1.745093</hAcc><vAcc>0.789586</vAcc></extensions></trkpt>
      <trkpt lon="-76.447908" lat="39.345040"><ele>20.948597</ele><time>2022-02-23T22:51:33Z</time><extensions><speed>1.001147</speed><course>195.827759</course><hAcc>1.755931</hAcc><vAcc>0.790377</vAcc></extensions></trkpt>
      <trkpt lon="-76.447912" lat="39.345031"><ele>20.867535</ele><time>2022-02-23T22:51:34Z</time><extensions><speed>1.136547</speed><course>202.688385</course><hAcc>1.751900</hAcc><vAcc>0.790973</vAcc></extensions></trkpt>
      <trkpt lon="-76.447918" lat="39.345022"><ele>20.770899</ele><time>2022-02-23T22:51:35Z</time><extensions><speed>1.211627</speed><course>209.093948</course><hAcc>1.735572</hAcc><vAcc>0.791513</vAcc></extensions></trkpt>
      <trkpt lon="-76.447925" lat="39.345012"><ele>20.692225</ele><time>2022-02-23T22:51:36Z</time><extensions><speed>1.263875</speed><course>212.034744</course><hAcc>1.710471</hAcc><vAcc>0.791933</vAcc></extensions></trkpt>
      <trkpt lon="-76.447933" lat="39.345003"><ele>20.605415</ele><time>2022-02-23T22:51:38Z</time><extensions><speed>1.284768</speed><course>212.447876</course><hAcc>1.676672</hAcc><vAcc>0.792329</vAcc></extensions></trkpt>
      <trkpt lon="-76.447940" lat="39.344993"><ele>20.517035</ele><time>2022-02-23T22:51:39Z</time><extensions><speed>1.215924</speed><course>210.533051</course><hAcc>1.650719</hAcc><vAcc>0.792706</vAcc></extensions></trkpt>
      <trkpt lon="-76.447947" lat="39.344984"><ele>20.428476</ele><time>2022-02-23T22:51:40Z</time><extensions><speed>1.167087</speed><course>207.731476</course><hAcc>1.669431</hAcc><vAcc>0.793111</vAcc></extensions></trkpt>
      <trkpt lon="-76.447952" lat="39.344976"><ele>20.351908</ele><time>2022-02-23T22:51:41Z</time><extensions><speed>0.944979</speed><course>203.800201</course><hAcc>1.723345</hAcc><vAcc>0.793580</vAcc></extensions></trkpt>
      <trkpt lon="-76.447957" lat="39.344968"><ele>20.245939</ele><time>2022-02-23T22:51:42Z</time><extensions><speed>1.001255</speed><course>204.081223</course><hAcc>1.681202</hAcc><vAcc>0.794040</vAcc></extensions></trkpt>
      <trkpt lon="-76.447962" lat="39.344959"><ele>20.180067</ele><time>2022-02-23T22:51:43Z</time><extensions><speed>1.027709</speed><course>203.949814</course><hAcc>1.653268</hAcc><vAcc>0.794490</vAcc></extensions></trkpt>
      <trkpt lon="-76.447966" lat="39.344952"><ele>20.112459</ele><time>2022-02-23T22:51:44Z</time><extensions><speed>0.831378</speed><course>204.014404</course><hAcc>1.669663</hAcc><vAcc>0.794878</vAcc></extensions></trkpt>
      <trkpt lon="-76.447969" lat="39.344947"><ele>20.050737</ele><time>2022-02-23T22:51:45Z</time><extensions><speed>0.441832</speed><course>207.823990</course><hAcc>1.704391</hAcc><vAcc>0.795243</vAcc></extensions></trkpt>
      <trkpt lon="-76.447971" lat="39.344945"><ele>19.993618</ele><time>2022-02-23T22:51:46Z</time><extensions><speed>0.131226</speed><course>318.700928</course><hAcc>1.737193</hAcc><vAcc>0.795597</vAcc></extensions></trkpt>
      <trkpt lon="-76.447972" lat="39.344947"><ele>19.952940</ele><time>2022-02-23T22:51:47Z</time><extensions><speed>0.350509</speed><course>342.959290</course><hAcc>1.748963</hAcc><vAcc>0.795891</vAcc></extensions></trkpt>
      <trkpt lon="-76.447974" lat="39.344950"><ele>19.934778</ele><time>2022-02-23T22:51:48Z</time><extensions><speed>0.463366</speed><course>328.033752</course><hAcc>1.761900</hAcc><vAcc>0.796101</vAcc></extensions></trkpt>
      <trkpt lon="-76.447979" lat="39.344954"><ele>19.921709</ele><time>2022-02-23T22:51:49Z</time><extensions><speed>0.634876</speed><course>304.120483</course><hAcc>1.765568</hAcc><vAcc>0.796231</vAcc></extensions></trkpt>
      <trkpt lon="-76.447988" lat="39.344957"><ele>19.916899</ele><time>2022-02-23T22:51:50Z</time><extensions><speed>1.015705</speed><course>286.773254</course><hAcc>1.755914</hAcc><vAcc>0.796295</vAcc></extensions></trkpt>
      <trkpt lon="-76.448001" lat="39.344959"><ele>19.916843</ele><time>2022-02-23T22:51:51Z</time><extensions><speed>1.324822</speed><course>279.579224</course><hAcc>1.761513</hAcc><vAcc>0.796268</vAcc></extensions></trkpt>
      <trkpt lon="-76.448017" lat="39.344961"><ele>19.920870</ele><time>2022-02-23T22:51:52Z</time><extensions><speed>1.377733</speed><course>278.655365</course><hAcc>1.749457</hAcc><vAcc>0.796208</vAcc></extensions></trkpt>
      <trkpt lon="-76.448032" lat="39.344962"><ele>19.921358</ele><time>2022-02-23T22:51:53Z</time><extensions><speed>1.332755</speed><course>274.724091</course><hAcc>1.727787</hAcc><vAcc>0.796095</vAcc></extensions></trkpt>
      <trkpt lon="-76.448048" lat="39.344962"><ele>19.937006</ele><time>2022-02-23T22:51:54Z</time><extensions><speed>1.342034</speed><course>268.506256</course><hAcc>1.698050</hAcc><vAcc>0.795897</vAcc></extensions></trkpt>
      <trkpt lon="-76.448063" lat="39.344962"><ele>19.949982</ele><time>2022-02-23T22:51:55Z</time><extensions><speed>1.321150</speed><course>263.364044</course><hAcc>1.703901</hAcc><vAcc>0.795614</vAcc></extensions></trkpt>
      <trkpt lon="-76.448077" lat="39.344960"><ele>19.986462</ele><time>2022-02-23T22:51:56Z</time><extensions><speed>1.038945</speed><course>258.630585</course><hAcc>1.744477</hAcc><vAcc>0.795199</vAcc></extensions></trkpt>
      <trkpt lon="-76.448089" lat="39.344957"><ele>20.016865</ele><time>2022-02-23T22:51:57Z</time><extensions><speed>1.096957</speed><course>249.076096</course><hAcc>1.713073</hAcc><vAcc>0.794690</vAcc></extensions></trkpt>
      <trkpt lon="-76.448101" lat="39.344953"><ele>20.009960</ele><time>2022-02-23T22:51:58Z</time><extensions><speed>1.249455</speed><course>245.263321</course><hAcc>1.687570</hAcc><vAcc>0.794040</vAcc></extensions></trkpt>
      <trkpt lon="-76.448115" lat="39.344948"><ele>19.996805</ele><time>2022-02-23T22:51:59Z</time><extensions><speed>1.294019</speed><course>245.700653</course><hAcc>1.697583</hAcc><vAcc>0.793234</vAcc></extensions></trkpt>
      <trkpt lon="-76.448128" lat="39.344944"><ele>19.971828</ele><time>2022-02-23T22:52:00Z</time><extensions><speed>1.297531</speed><course>246.006973</course><hAcc>1.722654</hAcc><vAcc>0.792278</vAcc></extensions></trkpt>
      <trkpt lon="-76.448142" lat="39.344939"><ele>19.943085</ele><time>2022-02-23T22:52:01Z</time><extensions><speed>1.306108</speed><course>248.149628</course><hAcc>1.741814</hAcc><vAcc>0.791120</vAcc></extensions></trkpt>
      <trkpt lon="-76.448157" lat="39.344935"><ele>19.911255</ele><time>2022-02-23T22:52:02Z</time><extensions><speed>1.388461</speed><course>251.309067</course><hAcc>1.753099</hAcc><vAcc>0.789843</vAcc></extensions></trkpt>
      <trkpt lon="-76.448172" lat="39.344931"><ele>19.865438</ele><time>2022-02-23T22:52:03Z</time><extensions><speed>1.436207</speed><course>254.956467</course><hAcc>1.761075</hAcc><vAcc>0.788418</vAcc></extensions></trkpt>
      <trkpt lon="-76.448189" lat="39.344928"><ele>19.806406</ele><time>2022-02-23T22:52:04Z</time><extensions><speed>1.433464</speed><course>257.997925</course><hAcc>1.766186</hAcc><vAcc>0.786827</vAcc></extensions></trkpt>
      <trkpt lon="-76.448205" lat="39.344926"><ele>19.744781</ele><time>2022-02-23T22:52:05Z</time><extensions><speed>1.411573</speed><course>259.228729</course><hAcc>1.770217</hAcc><vAcc>0.785050</vAcc></extensions></trkpt>
      <trkpt lon="-76.448221" lat="39.344923"><ele>19.688189</ele><time>2022-02-23T22:52:06Z</time><extensions><speed>1.380071</speed><course>260.831726</course><hAcc>1.771148</hAcc><vAcc>0.783149</vAcc></extensions></trkpt>
      <trkpt lon="-76.448237" lat="39.344921"><ele>19.622004</ele><time>2022-02-23T22:52:07Z</time><extensions><speed>1.428197</speed><course>260.869873</course><hAcc>1.768586</hAcc><vAcc>0.781213</vAcc></extensions></trkpt>
      <trkpt lon="-76.448253" lat="39.344919"><ele>19.552372</ele><time>2022-02-23T22:52:08Z</time><extensions><speed>1.459819</speed><course>259.390015</course><hAcc>1.766852</hAcc><vAcc>0.779267</vAcc></extensions></trkpt>
      <trkpt lon="-76.448270" lat="39.344916"><ele>19.501272</ele><time>2022-02-23T22:52:09Z</time><extensions><speed>1.441554</speed><course>258.016479</course><hAcc>1.760301</hAcc><vAcc>0.777396</vAcc></extensions></trkpt>
      <trkpt lon="-76.448286" lat="39.344913"><ele>19.461113</ele><time>2022-02-23T22:52:10Z</time><extensions><speed>1.421974</speed><course>255.960403</course><hAcc>1.730103</hAcc><vAcc>0.775738</vAcc></extensions></trkpt>
      <trkpt lon="-76.448302" lat="39.344910"><ele>19.405260</ele><time>2022-02-23T22:52:11Z</time><extensions><speed>1.434897</speed><course>253.571640</course><hAcc>1.706203</hAcc><vAcc>0.774327</vAcc></extensions></trkpt>
      <trkpt lon="-76.448318" lat="39.344906"><ele>19.356190</ele><time>2022-02-23T22:52:12Z</time><extensions><speed>1.464453</speed><course>251.650681</course><hAcc>1.716161</hAcc><vAcc>0.773240</vAcc></extensions></trkpt>
      <trkpt lon="-76.448334" lat="39.344902"><ele>19.311008</ele><time>2022-02-23T22:52:13Z</time><extensions><speed>1.459462</speed><course>251.331512</course><hAcc>1.755816</hAcc><vAcc>0.772501</vAcc></extensions></trkpt>
      <trkpt lon="-76.448350" lat="39.344897"><ele>19.271887</ele><time>2022-02-23T22:52:14Z</time><extensions><speed>1.451337</speed><course>249.064667</course><hAcc>1.706036</hAcc><vAcc>0.772003</vAcc></extensions></trkpt>
      <trkpt lon="-76.448366" lat="39.344892"><ele>19.234404</ele><time>2022-02-23T22:52:15Z</time><extensions><speed>1.479490</speed><course>246.692215</course><hAcc>1.647965</hAcc><vAcc>0.771761</vAcc></extensions></trkpt>
      <trkpt lon="-76.448382" lat="39.344886"><ele>19.160570</ele><time>2022-02-23T22:52:16Z</time><extensions><speed>1.515117</speed><course>246.057755</course><hAcc>1.613763</hAcc><vAcc>0.771155</vAcc></extensions></trkpt>
      <trkpt lon="-76.448398" lat="39.344881"><ele>19.135660</ele><time>2022-02-23T22:52:17Z</time><extensions><speed>1.534955</speed><course>245.470840</course><hAcc>1.612435</hAcc><vAcc>0.769245</vAcc></extensions></trkpt>
      <trkpt lon="-76.448414" lat="39.344875"><ele>19.084381</ele><time>2022-02-23T22:52:18Z</time><extensions><speed>1.536372</speed><course>248.316010</course><hAcc>1.647586</hAcc><vAcc>0.765441</vAcc></extensions></trkpt>
      <trkpt lon="-76.448431" lat="39.344870"><ele>19.032354</ele><time>2022-02-23T22:52:19Z</time><extensions><speed>1.528183</speed><course>249.645264</course><hAcc>1.631746</hAcc><vAcc>0.760719</vAcc></extensions></trkpt>
      <trkpt lon="-76.448447" lat="39.344866"><ele>18.987955</ele><time>2022-02-23T22:52:20Z</time><extensions><speed>1.474187</speed><course>250.598923</course><hAcc>1.652461</hAcc><vAcc>0.754608</vAcc></extensions></trkpt>
      <trkpt lon="-76.448463" lat="39.344861"><ele>18.956656</ele><time>2022-02-23T22:52:21Z</time><extensions><speed>1.490646</speed><course>250.155029</course><hAcc>1.650838</hAcc><vAcc>0.746610</vAcc></extensions></trkpt>
      <trkpt lon="-76.448479" lat="39.344856"><ele>18.916315</ele><time>2022-02-23T22:52:22Z</time><extensions><speed>1.477572</speed><course>247.294357</course><hAcc>1.668423</hAcc><vAcc>0.736266</vAcc></extensions></trkpt>
      <trkpt lon="-76.448495" lat="39.344850"><ele>18.879488</ele><time>2022-02-23T22:52:23Z</time><extensions><speed>1.459798</speed><course>239.241669</course><hAcc>1.688586</hAcc><vAcc>0.723365</vAcc></extensions></trkpt>
      <trkpt lon="-76.448509" lat="39.344843"><ele>18.847214</ele><time>2022-02-23T22:52:24Z</time><extensions><speed>1.432491</speed><course>232.621948</course><hAcc>1.754494</hAcc><vAcc>0.707919</vAcc></extensions></trkpt>
      <trkpt lon="-76.448521" lat="39.344835"><ele>18.822321</ele><time>2022-02-23T22:52:25Z</time><extensions><speed>1.368342</speed><course>226.398087</course><hAcc>1.859596</hAcc><vAcc>0.690214</vAcc></extensions></trkpt>
      <trkpt lon="-76.448531" lat="39.344826"><ele>18.807749</ele><time>2022-02-23T22:52:26Z</time><extensions><speed>1.242260</speed><course>220.618912</course><hAcc>1.996905</hAcc><vAcc>0.670894</vAcc></extensions></trkpt>
      <trkpt lon="-76.448539" lat="39.344818"><ele>18.804298</ele><time>2022-02-23T22:52:27Z</time><extensions><speed>1.104920</speed><course>212.846191</course><hAcc>2.167257</hAcc><vAcc>0.650912</vAcc></extensions></trkpt>
      <trkpt lon="-76.448545" lat="39.344810"><ele>18.810078</ele><time>2022-02-23T22:52:28Z</time><extensions><speed>1.004113</speed><course>203.793625</course><hAcc>2.366482</hAcc><vAcc>0.631495</vAcc></extensions></trkpt>
      <trkpt lon="-76.448549" lat="39.344801"><ele>18.824060</ele><time>2022-02-23T22:52:29Z</time><extensions><speed>0.944889</speed><course>194.169937</course><hAcc>2.579218</hAcc><vAcc>0.613829</vAcc></extensions></trkpt>
      <trkpt lon="-76.448551" lat="39.344793"><ele>18.844296</ele><time>2022-02-23T22:52:30Z</time><extensions><speed>0.916315</speed><course>184.489059</course><hAcc>2.773203</hAcc><vAcc>0.598748</vAcc></extensions></trkpt>
      <trkpt lon="-76.448551" lat="39.344785"><ele>18.865566</ele><time>2022-02-23T22:52:31Z</time><extensions><speed>0.904527</speed><course>176.156631</course><hAcc>2.925780</hAcc><vAcc>0.586623</vAcc></extensions></trkpt>
      <trkpt lon="-76.448549" lat="39.344776"><ele>18.883942</ele><time>2022-02-23T22:52:32Z</time><extensions><speed>0.890882</speed><course>169.838928</course><hAcc>3.032486</hAcc><vAcc>0.577480</vAcc></extensions></trkpt>
      <trkpt lon="-76.448547" lat="39.344769"><ele>18.895058</ele><time>2022-02-23T22:52:33Z</time><extensions><speed>0.855840</speed><course>165.541550</course><hAcc>3.101890</hAcc><vAcc>0.571086</vAcc></extensions></trkpt>
      <trkpt lon="-76.448545" lat="39.344761"><ele>18.898918</ele><time>2022-02-23T22:52:34Z</time><extensions><speed>0.808705</speed><course>163.279907</course><hAcc>3.145634</hAcc><vAcc>0.567075</vAcc></extensions></trkpt>
      <trkpt lon="-76.448542" lat="39.344754"><ele>18.902245</ele><time>2022-02-23T22:52:35Z</time><extensions><speed>0.741313</speed><course>162.974930</course><hAcc>3.195776</hAcc><vAcc>0.565042</vAcc></extensions></trkpt>
      <trkpt lon="-76.448540" lat="39.344748"><ele>18.910227</ele><time>2022-02-23T22:52:36Z</time><extensions><speed>0.648898</speed><course>163.988342</course><hAcc>3.272190</hAcc><vAcc>0.564563</vAcc></extensions></trkpt>
      <trkpt lon="-76.448538" lat="39.344743"><ele>18.931150</ele><time>2022-02-23T22:52:37Z</time><extensions><speed>0.527119</speed><course>165.635941</course><hAcc>3.382254</hAcc><vAcc>0.565209</vAcc></extensions></trkpt>
      <trkpt lon="-76.448537" lat="39.344738"><ele>18.956814</ele><time>2022-02-23T22:52:37Z</time><extensions><speed>0.504737</speed><course>169.396027</course><hAcc>3.512487</hAcc><vAcc>0.566532</vAcc></extensions></trkpt>
      <trkpt lon="-76.448536" lat="39.344733"><ele>18.984123</ele><time>2022-02-23T22:52:38Z</time><extensions><speed>0.526094</speed><course>173.355515</course><hAcc>3.673260</hAcc><vAcc>0.568108</vAcc></extensions></trkpt>
      <trkpt lon="-76.448535" lat="39.344728"><ele>19.012514</ele><time>2022-02-23T22:52:39Z</time><extensions><speed>0.560770</speed><course>176.528854</course><hAcc>3.862050</hAcc><vAcc>0.569597</vAcc></extensions></trkpt>
      <trkpt lon="-76.448535" lat="39.344723"><ele>19.045315</ele><time>2022-02-23T22:52:40Z</time><extensions><speed>0.599709</speed><course>178.673737</course><hAcc>4.071536</hAcc><vAcc>0.570747</vAcc></extensions></trkpt>
      <trkpt lon="-76.448534" lat="39.344716"><ele>19.081854</ele><time>2022-02-23T22:52:41Z</time><extensions><speed>0.650704</speed><course>179.689346</course><hAcc>4.283139</hAcc><vAcc>0.571404</vAcc></extensions></trkpt>
      <trkpt lon="-76.448534" lat="39.344709"><ele>19.121387</ele><time>2022-02-23T22:52:42Z</time><extensions><speed>0.736467</speed><course>180.104843</course><hAcc>4.478925</hAcc><vAcc>0.571519</vAcc></extensions></trkpt>
      <trkpt lon="-76.448534" lat="39.344701"><ele>19.161133</ele><time>2022-02-23T22:52:43Z</time><extensions><speed>0.852180</speed><course>180.078690</course><hAcc>4.650762</hAcc><vAcc>0.571131</vAcc></extensions></trkpt>
      <trkpt lon="-76.448534" lat="39.344692"><ele>19.196665</ele><time>2022-02-23T22:52:44Z</time><extensions><speed>0.991473</speed><course>179.718674</course><hAcc>4.796514</hAcc><vAcc>0.570308</vAcc></extensions></trkpt>
      <trkpt lon="-76.448533" lat="39.344681"><ele>19.223068</ele><time>2022-02-23T22:52:45Z</time><extensions><speed>1.143505</speed><course>179.218658</course><hAcc>4.918665</hAcc><vAcc>0.569115</vAcc></extensions></trkpt>
      <trkpt lon="-76.448533" lat="39.344669"><ele>19.235582</ele><time>2022-02-23T22:52:46Z</time><extensions><speed>1.295681</speed><course>179.031967</course><hAcc>5.031803</hAcc><vAcc>0.567635</vAcc></extensions></trkpt>
      <trkpt lon="-76.448532" lat="39.344657"><ele>19.232222</ele><time>2022-02-23T22:52:47Z</time><extensions><speed>1.360776</speed><course>178.848511</course><hAcc>5.137820</hAcc><vAcc>0.565980</vAcc></extensions></trkpt>
      <trkpt lon="-76.448531" lat="39.344644"><ele>19.213285</ele><time>2022-02-23T22:52:48Z</time><extensions><speed>1.349229</speed><course>178.465714</course><hAcc>5.223056</hAcc><vAcc>0.564288</vAcc></extensions></trkpt>
      <trkpt lon="-76.448529" lat="39.344632"><ele>19.179432</ele><time>2022-02-23T22:52:49Z</time><extensions><speed>1.281129</speed><course>177.591904</course><hAcc>5.279139</hAcc><vAcc>0.562674</vAcc></extensions></trkpt>
      <trkpt lon="-76.448526" lat="39.344619"><ele>19.135193</ele><time>2022-02-23T22:52:50Z</time><extensions><speed>1.237809</speed><course>174.483505</course><hAcc>5.288184</hAcc><vAcc>0.561207</vAcc></extensions></trkpt>
      <trkpt lon="-76.448522" lat="39.344608"><ele>19.085848</ele><time>2022-02-23T22:52:51Z</time><extensions><speed>1.230165</speed><course>169.799637</course><hAcc>5.274099</hAcc><vAcc>0.559931</vAcc></extensions></trkpt>
      <trkpt lon="-76.448516" lat="39.344596"><ele>19.035692</ele><time>2022-02-23T22:52:52Z</time><extensions><speed>1.219016</speed><course>164.268402</course><hAcc>5.269073</hAcc><vAcc>0.558869</vAcc></extensions></trkpt>
      <trkpt lon="-76.448509" lat="39.344586"><ele>18.988262</ele><time>2022-02-23T22:52:53Z</time><extensions><speed>1.180113</speed><course>157.214218</course><hAcc>5.281815</hAcc><vAcc>0.557999</vAcc></extensions></trkpt>
      <trkpt lon="-76.448501" lat="39.344576"><ele>18.945488</ele><time>2022-02-23T22:52:54Z</time><extensions><speed>1.107259</speed><course>148.925247</course><hAcc>5.324591</hAcc><vAcc>0.557300</vAcc></extensions></trkpt>
      <trkpt lon="-76.448491" lat="39.344568"><ele>18.908783</ele><time>2022-02-23T22:52:55Z</time><extensions><speed>1.003559</speed><course>138.585342</course><hAcc>5.371421</hAcc><vAcc>0.556799</vAcc></extensions></trkpt>
      <trkpt lon="-76.448480" lat="39.344561"><ele>18.886030</ele><time>2022-02-23T22:52:56Z</time><extensions><speed>1.015848</speed><course>128.693665</course><hAcc>5.401899</hAcc><vAcc>0.556499</vAcc></extensions></trkpt>
      <trkpt lon="-76.448468" lat="39.344556"><ele>18.874233</ele><time>2022-02-23T22:52:57Z</time><extensions><speed>1.079142</speed><course>120.527832</course><hAcc>5.412282</hAcc><vAcc>0.556306</vAcc></extensions></trkpt>
      <trkpt lon="-76.448454" lat="39.344552"><ele>18.871424</ele><time>2022-02-23T22:52:58Z</time><extensions><speed>1.172544</speed><course>113.761124</course><hAcc>5.390358</hAcc><vAcc>0.556044</vAcc></extensions></trkpt>
      <trkpt lon="-76.448436" lat="39.344551"><ele>18.877598</ele><time>2022-02-23T22:52:59Z</time><extensions><speed>1.323890</speed><course>106.582657</course><hAcc>5.306988</hAcc><vAcc>0.555539</vAcc></extensions></trkpt>
      <trkpt lon="-76.448414" lat="39.344551"><ele>18.888163</ele><time>2022-02-23T22:53:00Z</time><extensions><speed>1.542207</speed><course>100.402138</course><hAcc>5.166514</hAcc><vAcc>0.554684</vAcc></extensions></trkpt>
      <trkpt lon="-76.448388" lat="39.344552"><ele>18.892216</ele><time>2022-02-23T22:53:01Z</time><extensions><speed>1.808427</speed><course>96.214645</course><hAcc>4.984929</hAcc><vAcc>0.553410</vAcc></extensions></trkpt>
      <trkpt lon="-76.448361" lat="39.344553"><ele>18.882185</ele><time>2022-02-23T22:53:02Z</time><extensions><speed>1.976600</speed><course>92.418182</course><hAcc>4.790481</hAcc><vAcc>0.551544</vAcc></extensions></trkpt>
      <trkpt lon="-76.448334" lat="39.344556"><ele>18.853756</ele><time>2022-02-23T22:53:03Z</time><extensions><speed>2.017241</speed><course>88.946602</course><hAcc>4.591197</hAcc><vAcc>0.548849</vAcc></extensions></trkpt>
      <trkpt lon="-76.448308" lat="39.344559"><ele>18.805355</ele><time>2022-02-23T22:53:04Z</time><extensions><speed>1.992576</speed><course>85.403534</course><hAcc>4.391706</hAcc><vAcc>0.545026</vAcc></extensions></trkpt>
      <trkpt lon="-76.448282" lat="39.344564"><ele>18.737295</ele><time>2022-02-23T22:53:05Z</time><extensions><speed>1.904789</speed><course>82.144333</course><hAcc>4.192446</hAcc><vAcc>0.539723</vAcc></extensions></trkpt>
      <trkpt lon="-76.448258" lat="39.344569"><ele>18.616903</ele><time>2022-02-23T22:53:06Z</time><extensions><speed>1.894675</speed><course>78.689125</course><hAcc>3.966028</hAcc><vAcc>0.532688</vAcc></extensions></trkpt>
      <trkpt lon="-76.448235" lat="39.344575"><ele>18.510620</ele><time>2022-02-23T22:53:07Z</time><extensions><speed>1.972951</speed><course>74.919777</course><hAcc>3.685256</hAcc><vAcc>0.523778</vAcc></extensions></trkpt>
      <trkpt lon="-76.448212" lat="39.344582"><ele>18.400492</ele><time>2022-02-23T22:53:08Z</time><extensions><speed>2.010062</speed><course>72.239502</course><hAcc>3.370865</hAcc><vAcc>0.513020</vAcc></extensions></trkpt>
      <trkpt lon="-76.448190" lat="39.344588"><ele>18.299015</ele><time>2022-02-23T22:53:09Z</time><extensions><speed>1.914454</speed><course>71.459633</course><hAcc>3.073280</hAcc><vAcc>0.500781</vAcc></extensions></trkpt>
      <trkpt lon="-76.448170" lat="39.344594"><ele>18.204124</ele><time>2022-02-23T22:53:10Z</time><extensions><speed>1.743958</speed><course>69.772919</course><hAcc>2.820134</hAcc><vAcc>0.487967</vAcc></extensions></trkpt>
      <trkpt lon="-76.448152" lat="39.344599"><ele>18.125496</ele><time>2022-02-23T22:53:11Z</time><extensions><speed>1.557820</speed><course>70.808426</course><hAcc>2.632094</hAcc><vAcc>0.475985</vAcc></extensions></trkpt>
      <trkpt lon="-76.448135" lat="39.344605"><ele>18.071543</ele><time>2022-02-23T22:53:12Z</time><extensions><speed>1.529009</speed><course>66.182579</course><hAcc>2.485035</hAcc><vAcc>0.466671</vAcc></extensions></trkpt>
      <trkpt lon="-76.448119" lat="39.344611"><ele>18.055891</ele><time>2022-02-23T22:53:13Z</time><extensions><speed>1.474235</speed><course>61.150047</course><hAcc>2.377566</hAcc><vAcc>0.461629</vAcc></extensions></trkpt>
      <trkpt lon="-76.448102" lat="39.344619"><ele>18.088640</ele><time>2022-02-23T22:53:14Z</time><extensions><speed>1.855351</speed><course>56.327003</course><hAcc>2.242297</hAcc><vAcc>0.461656</vAcc></extensions></trkpt>
      <trkpt lon="-76.448083" lat="39.344629"><ele>18.160658</ele><time>2022-02-23T22:53:15Z</time><extensions><speed>2.102342</speed><course>55.418327</course><hAcc>2.114588</hAcc><vAcc>0.466727</vAcc></extensions></trkpt>
      <trkpt lon="-76.448063" lat="39.344639"><ele>18.264206</ele><time>2022-02-23T22:53:16Z</time><extensions><speed>2.149847</speed><course>56.722034</course><hAcc>2.025993</hAcc><vAcc>0.476199</vAcc></extensions></trkpt>
      <trkpt lon="-76.448043" lat="39.344649"><ele>18.384804</ele><time>2022-02-23T22:53:17Z</time><extensions><speed>1.943988</speed><course>58.951981</course><hAcc>1.984309</hAcc><vAcc>0.488815</vAcc></extensions></trkpt>
      <trkpt lon="-76.448024" lat="39.344657"><ele>18.510807</ele><time>2022-02-23T22:53:18Z</time><extensions><speed>1.716998</speed><course>63.978603</course><hAcc>1.967128</hAcc><vAcc>0.503038</vAcc></extensions></trkpt>
      <trkpt lon="-76.448007" lat="39.344664"><ele>18.636538</ele><time>2022-02-23T22:53:19Z</time><extensions><speed>1.515294</speed><course>65.230072</course><hAcc>1.929064</hAcc><vAcc>0.517306</vAcc></extensions></trkpt>
      <trkpt lon="-76.447992" lat="39.344669"><ele>18.755306</ele><time>2022-02-23T22:53:20Z</time><extensions><speed>1.351020</speed><course>67.733429</course><hAcc>1.902637</hAcc><vAcc>0.530233</vAcc></extensions></trkpt>
      <trkpt lon="-76.447979" lat="39.344673"><ele>18.864639</ele><time>2022-02-23T22:53:21Z</time><extensions><speed>1.103154</speed><course>69.559883</course><hAcc>1.894365</hAcc><vAcc>0.540575</vAcc></extensions></trkpt>
      <trkpt lon="-76.447969" lat="39.344676"><ele>18.959204</ele><time>2022-02-23T22:53:22Z</time><extensions><speed>0.763715</speed><course>65.468140</course><hAcc>1.890563</hAcc><vAcc>0.547335</vAcc></extensions></trkpt>
      <trkpt lon="-76.447963" lat="39.344679"><ele>19.034012</ele><time>2022-02-23T22:53:23Z</time><extensions><speed>0.411621</speed><course>56.408699</course><hAcc>1.913323</hAcc><vAcc>0.550873</vAcc></extensions></trkpt>
      <trkpt lon="-76.447960" lat="39.344681"><ele>19.087597</ele><time>2022-02-23T22:53:24Z</time><extensions><speed>0.300612</speed><course>49.195961</course><hAcc>1.924194</hAcc><vAcc>0.550008</vAcc></extensions></trkpt>
      <trkpt lon="-76.447958" lat="39.344683"><ele>19.118729</ele><time>2022-02-23T22:53:25Z</time><extensions><speed>0.281210</speed><course>11.488900</course><hAcc>1.946302</hAcc><vAcc>0.545216</vAcc></extensions></trkpt>
      <trkpt lon="-76.447958" lat="39.344686"><ele>19.128164</ele><time>2022-02-23T22:53:26Z</time><extensions><speed>0.345105</speed><course>355.361023</course><hAcc>1.968949</hAcc><vAcc>0.538098</vAcc></extensions></trkpt>
      <trkpt lon="-76.447958" lat="39.344689"><ele>19.117863</ele><time>2022-02-23T22:53:27Z</time><extensions><speed>0.388852</speed><course>349.441528</course><hAcc>2.014304</hAcc><vAcc>0.532004</vAcc></extensions></trkpt>
      <trkpt lon="-76.447959" lat="39.344692"><ele>19.090864</ele><time>2022-02-23T22:53:28Z</time><extensions><speed>0.356739</speed><course>346.455597</course><hAcc>2.111341</hAcc><vAcc>0.532636</vAcc></extensions></trkpt>
      <trkpt lon="-76.447960" lat="39.344695"><ele>19.051159</ele><time>2022-02-23T22:53:29Z</time><extensions><speed>0.299575</speed><course>344.805389</course><hAcc>2.260656</hAcc><vAcc>0.548153</vAcc></extensions></trkpt>
      <trkpt lon="-76.447961" lat="39.344697"><ele>19.003153</ele><time>2022-02-23T22:53:30Z</time><extensions><speed>0.205243</speed><course>343.856049</course><hAcc>2.480714</hAcc><vAcc>0.588046</vAcc></extensions></trkpt>
      <trkpt lon="-76.447962" lat="39.344699"><ele>18.950912</ele><time>2022-02-23T22:53:31Z</time><extensions><speed>0.136531</speed><course>343.292480</course><hAcc>2.770905</hAcc><vAcc>0.660491</vAcc></extensions></trkpt>
      <trkpt lon="-76.447962" lat="39.344700"><ele>18.897264</ele><time>2022-02-23T22:53:32Z</time><extensions><speed>0.097695</speed><course>343.085022</course><hAcc>3.212752</hAcc><vAcc>0.769740</vAcc></extensions></trkpt>
    </trkseg>
  </trk>
</gpx>