<?xml version="1.0" encoding="UTF-8"?>
<gpx version="1.1" creator="Apple Health Export" xmlns="http://www.topografix.com/GPX/1/1" xmlns:xsi="http://www.w3.org/2001/XMLSchema-instance" xsi:schemaLocation="http://www.topografix.com/GPX/1/1 http://www.topografix.com/GPX/1/1/gpx.xsd">
  <metadata>
    <time>2026-04-21T05:05:50Z</time>
  </metadata>
  <trk>
    <name>Route 2022-04-12 12:05pm</name>
    <trkseg>
      <trkpt lon="-76.447470" lat="39.344674"><ele>19.223553</ele><time>2022-04-12T15:30:10Z</time><extensions><speed>1.026955</speed><course>69.830505</course><hAcc>1.781849</hAcc><vAcc>2.474890</vAcc></extensions></trkpt>
      <trkpt lon="-76.447455" lat="39.344678"><ele>19.217583</ele><time>2022-04-12T15:30:11Z</time><extensions><speed>1.059677</speed><course>70.393303</course><hAcc>1.622387</hAcc><vAcc>2.192045</vAcc></extensions></trkpt>
      <trkpt lon="-76.447447" lat="39.344680"><ele>19.208942</ele><time>2022-04-12T15:30:12Z</time><extensions><speed>1.096199</speed><course>71.241348</course><hAcc>1.581994</hAcc><vAcc>2.030119</vAcc></extensions></trkpt>
      <trkpt lon="-76.447435" lat="39.344683"><ele>19.246948</ele><time>2022-04-12T15:30:13Z</time><extensions><speed>1.111367</speed><course>75.797836</course><hAcc>1.540734</hAcc><vAcc>1.850013</vAcc></extensions></trkpt>
      <trkpt lon="-76.447423" lat="39.344685"><ele>19.230797</ele><time>2022-04-12T15:30:14Z</time><extensions><speed>1.093344</speed><course>86.590637</course><hAcc>1.502649</hAcc><vAcc>1.691302</vAcc></extensions></trkpt>
      <trkpt lon="-76.447412" lat="39.344686"><ele>19.210304</ele><time>2022-04-12T15:30:15Z</time><extensions><speed>0.965749</speed><course>75.493706</course><hAcc>1.482363</hAcc><vAcc>1.551214</vAcc></extensions></trkpt>
      <trkpt lon="-76.447401" lat="39.344688"><ele>19.193789</ele><time>2022-04-12T15:30:16Z</time><extensions><speed>0.944140</speed><course>75.319908</course><hAcc>1.475486</hAcc><vAcc>1.425650</vAcc></extensions></trkpt>
      <trkpt lon="-76.447391" lat="39.344691"><ele>19.167566</ele><time>2022-04-12T15:30:17Z</time><extensions><speed>0.941812</speed><course>70.884445</course><hAcc>1.460045</hAcc><vAcc>1.311751</vAcc></extensions></trkpt>
      <trkpt lon="-76.447379" lat="39.344693"><ele>19.131699</ele><time>2022-04-12T15:30:18Z</time><extensions><speed>1.106142</speed><course>77.590691</course><hAcc>1.481518</hAcc><vAcc>1.212035</vAcc></extensions></trkpt>
      <trkpt lon="-76.447367" lat="39.344695"><ele>19.088360</ele><time>2022-04-12T15:30:19Z</time><extensions><speed>1.123405</speed><course>78.635231</course><hAcc>1.492525</hAcc><vAcc>1.125450</vAcc></extensions></trkpt>
      <trkpt lon="-76.447353" lat="39.344697"><ele>19.016308</ele><time>2022-04-12T15:30:20Z</time><extensions><speed>1.241829</speed><course>78.824913</course><hAcc>1.435387</hAcc><vAcc>1.051365</vAcc></extensions></trkpt>
      <trkpt lon="-76.447339" lat="39.344699"><ele>18.938139</ele><time>2022-04-12T15:30:21Z</time><extensions><speed>1.281335</speed><course>80.604706</course><hAcc>1.511333</hAcc><vAcc>0.989373</vAcc></extensions></trkpt>
      <trkpt lon="-76.447324" lat="39.344701"><ele>18.858341</ele><time>2022-04-12T15:30:22Z</time><extensions><speed>1.262219</speed><course>84.296417</course><hAcc>1.644712</hAcc><vAcc>0.938837</vAcc></extensions></trkpt>
      <trkpt lon="-76.447310" lat="39.344702"><ele>18.778671</ele><time>2022-04-12T15:30:23Z</time><extensions><speed>1.209902</speed><course>83.877190</course><hAcc>1.739568</hAcc><vAcc>0.898712</vAcc></extensions></trkpt>
      <trkpt lon="-76.447296" lat="39.344704"><ele>18.686451</ele><time>2022-04-12T15:30:24Z</time><extensions><speed>1.205375</speed><course>79.506325</course><hAcc>1.777665</hAcc><vAcc>0.867642</vAcc></extensions></trkpt>
      <trkpt lon="-76.447282" lat="39.344706"><ele>18.604418</ele><time>2022-04-12T15:30:25Z</time><extensions><speed>1.226714</speed><course>76.006943</course><hAcc>1.777795</hAcc><vAcc>0.844166</vAcc></extensions></trkpt>
      <trkpt lon="-76.447268" lat="39.344709"><ele>18.540865</ele><time>2022-04-12T15:30:26Z</time><extensions><speed>1.207196</speed><course>73.325508</course><hAcc>1.767379</hAcc><vAcc>0.826810</vAcc></extensions></trkpt>
      <trkpt lon="-76.447255" lat="39.344712"><ele>18.480152</ele><time>2022-04-12T15:30:27Z</time><extensions><speed>1.154473</speed><course>69.910400</course><hAcc>1.761204</hAcc><vAcc>0.814224</vAcc></extensions></trkpt>
      <trkpt lon="-76.447243" lat="39.344716"><ele>18.431711</ele><time>2022-04-12T15:30:28Z</time><extensions><speed>1.122319</speed><course>69.147453</course><hAcc>1.754739</hAcc><vAcc>0.805244</vAcc></extensions></trkpt>
      <trkpt lon="-76.447231" lat="39.344719"><ele>18.402515</ele><time>2022-04-12T15:30:29Z</time><extensions><speed>1.150336</speed><course>72.530624</course><hAcc>1.753654</hAcc><vAcc>0.798865</vAcc></extensions></trkpt>
      <trkpt lon="-76.447218" lat="39.344722"><ele>18.388706</ele><time>2022-04-12T15:30:30Z</time><extensions><speed>1.164357</speed><course>75.974876</course><hAcc>1.761349</hAcc><vAcc>0.794339</vAcc></extensions></trkpt>
      <trkpt lon="-76.447204" lat="39.344724"><ele>18.390032</ele><time>2022-04-12T15:30:31Z</time><extensions><speed>1.226255</speed><course>80.555504</course><hAcc>1.763756</hAcc><vAcc>0.791088</vAcc></extensions></trkpt>
      <trkpt lon="-76.447190" lat="39.344725"><ele>18.396917</ele><time>2022-04-12T15:30:32Z</time><extensions><speed>1.239773</speed><course>85.594490</course><hAcc>1.758907</hAcc><vAcc>0.788713</vAcc></extensions></trkpt>
      <trkpt lon="-76.447175" lat="39.344726"><ele>18.430090</ele><time>2022-04-12T15:30:33Z</time><extensions><speed>1.392736</speed><course>84.875610</course><hAcc>1.758178</hAcc><vAcc>0.786859</vAcc></extensions></trkpt>
      <trkpt lon="-76.447158" lat="39.344728"><ele>18.467676</ele><time>2022-04-12T15:30:34Z</time><extensions><speed>1.491154</speed><course>82.843704</course><hAcc>1.763617</hAcc><vAcc>0.785307</vAcc></extensions></trkpt>
      <trkpt lon="-76.447141" lat="39.344730"><ele>18.516577</ele><time>2022-04-12T15:30:35Z</time><extensions><speed>1.505910</speed><course>79.995346</course><hAcc>1.769407</hAcc><vAcc>0.783955</vAcc></extensions></trkpt>
      <trkpt lon="-76.447123" lat="39.344732"><ele>18.584639</ele><time>2022-04-12T15:30:36Z</time><extensions><speed>1.532094</speed><course>79.059929</course><hAcc>1.774173</hAcc><vAcc>0.782742</vAcc></extensions></trkpt>
      <trkpt lon="-76.447106" lat="39.344735"><ele>18.650061</ele><time>2022-04-12T15:30:37Z</time><extensions><speed>1.544850</speed><course>78.470490</course><hAcc>1.777187</hAcc><vAcc>0.781597</vAcc></extensions></trkpt>
      <trkpt lon="-76.447089" lat="39.344738"><ele>18.711699</ele><time>2022-04-12T15:30:38Z</time><extensions><speed>1.497609</speed><course>77.860672</course><hAcc>1.776558</hAcc><vAcc>0.780576</vAcc></extensions></trkpt>
      <trkpt lon="-76.447072" lat="39.344741"><ele>18.808025</ele><time>2022-04-12T15:30:39Z</time><extensions><speed>1.439500</speed><course>76.718857</course><hAcc>1.774539</hAcc><vAcc>0.779639</vAcc></extensions></trkpt>
      <trkpt lon="-76.447056" lat="39.344744"><ele>18.858423</ele><time>2022-04-12T15:30:40Z</time><extensions><speed>1.445642</speed><course>77.020462</course><hAcc>1.776428</hAcc><vAcc>0.778763</vAcc></extensions></trkpt>
      <trkpt lon="-76.447040" lat="39.344747"><ele>18.900736</ele><time>2022-04-12T15:30:41Z</time><extensions><speed>1.332386</speed><course>76.624756</course><hAcc>1.783171</hAcc><vAcc>0.777945</vAcc></extensions></trkpt>
      <trkpt lon="-76.447025" lat="39.344750"><ele>18.937052</ele><time>2022-04-12T15:30:42Z</time><extensions><speed>1.247266</speed><course>75.661484</course><hAcc>1.780496</hAcc><vAcc>0.777201</vAcc></extensions></trkpt>
      <trkpt lon="-76.447011" lat="39.344752"><ele>18.968016</ele><time>2022-04-12T15:30:43Z</time><extensions><speed>1.257865</speed><course>76.546875</course><hAcc>1.774724</hAcc><vAcc>0.776552</vAcc></extensions></trkpt>
      <trkpt lon="-76.446997" lat="39.344755"><ele>18.996164</ele><time>2022-04-12T15:30:44Z</time><extensions><speed>1.229914</speed><course>77.310951</course><hAcc>1.768902</hAcc><vAcc>0.776008</vAcc></extensions></trkpt>
      <trkpt lon="-76.446983" lat="39.344758"><ele>19.004045</ele><time>2022-04-12T15:30:45Z</time><extensions><speed>1.252469</speed><course>77.081696</course><hAcc>1.761395</hAcc><vAcc>0.775599</vAcc></extensions></trkpt>
      <trkpt lon="-76.446969" lat="39.344760"><ele>19.005421</ele><time>2022-04-12T15:30:46Z</time><extensions><speed>1.222026</speed><course>77.508789</course><hAcc>1.748590</hAcc><vAcc>0.775324</vAcc></extensions></trkpt>
      <trkpt lon="-76.446956" lat="39.344763"><ele>19.026320</ele><time>2022-04-12T15:30:47Z</time><extensions><speed>1.212460</speed><course>77.548553</course><hAcc>1.724427</hAcc><vAcc>0.775229</vAcc></extensions></trkpt>
      <trkpt lon="-76.446942" lat="39.344765"><ele>19.031229</ele><time>2022-04-12T15:30:48Z</time><extensions><speed>1.260754</speed><course>77.672401</course><hAcc>1.704742</hAcc><vAcc>0.775297</vAcc></extensions></trkpt>
      <trkpt lon="-76.446927" lat="39.344768"><ele>19.014456</ele><time>2022-04-12T15:30:49Z</time><extensions><speed>1.281087</speed><course>78.693748</course><hAcc>1.721107</hAcc><vAcc>0.775509</vAcc></extensions></trkpt>
      <trkpt lon="-76.446913" lat="39.344770"><ele>19.021713</ele><time>2022-04-12T15:30:50Z</time><extensions><speed>1.222205</speed><course>79.969025</course><hAcc>1.767041</hAcc><vAcc>0.775858</vAcc></extensions></trkpt>
      <trkpt lon="-76.446900" lat="39.344773"><ele>19.012009</ele><time>2022-04-12T15:30:51Z</time><extensions><speed>1.170145</speed><course>68.111023</course><hAcc>1.711976</hAcc><vAcc>0.776381</vAcc></extensions></trkpt>
      <trkpt lon="-76.446888" lat="39.344777"><ele>18.993315</ele><time>2022-04-12T15:30:52Z</time><extensions><speed>1.155316</speed><course>58.531414</course><hAcc>1.678708</hAcc><vAcc>0.777117</vAcc></extensions></trkpt>
      <trkpt lon="-76.446877" lat="39.344783"><ele>18.968338</ele><time>2022-04-12T15:30:53Z</time><extensions><speed>1.108013</speed><course>46.788124</course><hAcc>1.678143</hAcc><vAcc>0.778156</vAcc></extensions></trkpt>
      <trkpt lon="-76.446869" lat="39.344791"><ele>18.956671</ele><time>2022-04-12T15:30:54Z</time><extensions><speed>1.067348</speed><course>33.473919</course><hAcc>1.682348</hAcc><vAcc>0.779352</vAcc></extensions></trkpt>
      <trkpt lon="-76.446863" lat="39.344800"><ele>18.962805</ele><time>2022-04-12T15:30:55Z</time><extensions><speed>1.244623</speed><course>24.478092</course><hAcc>1.669367</hAcc><vAcc>0.780661</vAcc></extensions></trkpt>
      <trkpt lon="-76.446857" lat="39.344811"><ele>18.975327</ele><time>2022-04-12T15:30:56Z</time><extensions><speed>1.462490</speed><course>21.678804</course><hAcc>1.650870</hAcc><vAcc>0.782051</vAcc></extensions></trkpt>
      <trkpt lon="-76.446851" lat="39.344824"><ele>19.007935</ele><time>2022-04-12T15:30:57Z</time><extensions><speed>1.475556</speed><course>21.645826</course><hAcc>1.663549</hAcc><vAcc>0.783462</vAcc></extensions></trkpt>
      <trkpt lon="-76.446845" lat="39.344836"><ele>19.044050</ele><time>2022-04-12T15:30:58Z</time><extensions><speed>1.377145</speed><course>23.374273</course><hAcc>1.695132</hAcc><vAcc>0.784926</vAcc></extensions></trkpt>
      <trkpt lon="-76.446838" lat="39.344847"><ele>19.099718</ele><time>2022-04-12T15:30:59Z</time><extensions><speed>1.358910</speed><course>28.175819</course><hAcc>1.637279</hAcc><vAcc>0.786371</vAcc></extensions></trkpt>
      <trkpt lon="-76.446830" lat="39.344858"><ele>19.155991</ele><time>2022-04-12T15:31:00Z</time><extensions><speed>1.370872</speed><course>30.722813</course><hAcc>1.606374</hAcc><vAcc>0.787791</vAcc></extensions></trkpt>
      <trkpt lon="-76.446822" lat="39.344868"><ele>19.169756</ele><time>2022-04-12T15:31:01Z</time><extensions><speed>1.401229</speed><course>29.544147</course><hAcc>1.634376</hAcc><vAcc>0.789152</vAcc></extensions></trkpt>
      <trkpt lon="-76.446815" lat="39.344879"><ele>19.195589</ele><time>2022-04-12T15:31:02Z</time><extensions><speed>1.379197</speed><course>26.794813</course><hAcc>1.695269</hAcc><vAcc>0.790465</vAcc></extensions></trkpt>
      <trkpt lon="-76.446810" lat="39.344891"><ele>19.229437</ele><time>2022-04-12T15:31:03Z</time><extensions><speed>1.374109</speed><course>8.471203</course><hAcc>1.669974</hAcc><vAcc>0.791634</vAcc></extensions></trkpt>
      <trkpt lon="-76.446810" lat="39.344903"><ele>19.264284</ele><time>2022-04-12T15:31:04Z</time><extensions><speed>1.328527</speed><course>352.977936</course><hAcc>1.646778</hAcc><vAcc>0.792636</vAcc></extensions></trkpt>
      <trkpt lon="-76.446813" lat="39.344915"><ele>19.295013</ele><time>2022-04-12T15:31:05Z</time><extensions><speed>1.300748</speed><course>341.361511</course><hAcc>1.647492</hAcc><vAcc>0.793441</vAcc></extensions></trkpt>
      <trkpt lon="-76.446819" lat="39.344925"><ele>19.368580</ele><time>2022-04-12T15:31:06Z</time><extensions><speed>1.289999</speed><course>333.291809</course><hAcc>1.647343</hAcc><vAcc>0.794048</vAcc></extensions></trkpt>
      <trkpt lon="-76.446826" lat="39.344936"><ele>19.408890</ele><time>2022-04-12T15:31:07Z</time><extensions><speed>1.349816</speed><course>329.691925</course><hAcc>1.640615</hAcc><vAcc>0.794444</vAcc></extensions></trkpt>
      <trkpt lon="-76.446834" lat="39.344947"><ele>19.443903</ele><time>2022-04-12T15:31:08Z</time><extensions><speed>1.426287</speed><course>329.194946</course><hAcc>1.656840</hAcc><vAcc>0.794729</vAcc></extensions></trkpt>
      <trkpt lon="-76.446843" lat="39.344958"><ele>19.474358</ele><time>2022-04-12T15:31:09Z</time><extensions><speed>1.439963</speed><course>331.253143</course><hAcc>1.703418</hAcc><vAcc>0.794842</vAcc></extensions></trkpt>
      <trkpt lon="-76.446850" lat="39.344970"><ele>19.564184</ele><time>2022-04-12T15:31:10Z</time><extensions><speed>1.454280</speed><course>335.971008</course><hAcc>1.671021</hAcc><vAcc>0.794772</vAcc></extensions></trkpt>
      <trkpt lon="-76.446857" lat="39.344982"><ele>19.659748</ele><time>2022-04-12T15:31:11Z</time><extensions><speed>1.449046</speed><course>338.175385</course><hAcc>1.650927</hAcc><vAcc>0.794547</vAcc></extensions></trkpt>
      <trkpt lon="-76.446862" lat="39.344993"><ele>19.728300</ele><time>2022-04-12T15:31:12Z</time><extensions><speed>1.298799</speed><course>338.771637</course><hAcc>1.673215</hAcc><vAcc>0.794069</vAcc></extensions></trkpt>
      <trkpt lon="-76.446868" lat="39.345004"><ele>19.779423</ele><time>2022-04-12T15:31:13Z</time><extensions><speed>1.178801</speed><course>339.663483</course><hAcc>1.672584</hAcc><vAcc>0.793326</vAcc></extensions></trkpt>
      <trkpt lon="-76.446872" lat="39.345013"><ele>19.829229</ele><time>2022-04-12T15:31:14Z</time><extensions><speed>1.165669</speed><course>338.561646</course><hAcc>1.683722</hAcc><vAcc>0.792404</vAcc></extensions></trkpt>
      <trkpt lon="-76.446878" lat="39.345024"><ele>19.884346</ele><time>2022-04-12T15:31:15Z</time><extensions><speed>1.277951</speed><course>336.485565</course><hAcc>1.702306</hAcc><vAcc>0.791420</vAcc></extensions></trkpt>
      <trkpt lon="-76.446884" lat="39.345034"><ele>19.941046</ele><time>2022-04-12T15:31:16Z</time><extensions><speed>1.327709</speed><course>334.741516</course><hAcc>1.717974</hAcc><vAcc>0.790379</vAcc></extensions></trkpt>
      <trkpt lon="-76.446891" lat="39.345045"><ele>19.997566</ele><time>2022-04-12T15:31:17Z</time><extensions><speed>1.352160</speed><course>333.001831</course><hAcc>1.735082</hAcc><vAcc>0.789301</vAcc></extensions></trkpt>
      <trkpt lon="-76.446898" lat="39.345056"><ele>20.067478</ele><time>2022-04-12T15:31:18Z</time><extensions><speed>1.318287</speed><course>332.514893</course><hAcc>1.746269</hAcc><vAcc>0.788237</vAcc></extensions></trkpt>
      <trkpt lon="-76.446905" lat="39.345066"><ele>20.125238</ele><time>2022-04-12T15:31:19Z</time><extensions><speed>1.249362</speed><course>329.265533</course><hAcc>1.740452</hAcc><vAcc>0.787246</vAcc></extensions></trkpt>
      <trkpt lon="-76.446913" lat="39.345075"><ele>20.176847</ele><time>2022-04-12T15:31:20Z</time><extensions><speed>1.219976</speed><course>325.678467</course><hAcc>1.739204</hAcc><vAcc>0.786319</vAcc></extensions></trkpt>
      <trkpt lon="-76.446921" lat="39.345085"><ele>20.227112</ele><time>2022-04-12T15:31:21Z</time><extensions><speed>1.280973</speed><course>324.863068</course><hAcc>1.739486</hAcc><vAcc>0.785479</vAcc></extensions></trkpt>
      <trkpt lon="-76.446929" lat="39.345095"><ele>20.273027</ele><time>2022-04-12T15:31:22Z</time><extensions><speed>1.331010</speed><course>328.300079</course><hAcc>1.742510</hAcc><vAcc>0.784744</vAcc></extensions></trkpt>
      <trkpt lon="-76.446938" lat="39.345105"><ele>20.346596</ele><time>2022-04-12T15:31:23Z</time><extensions><speed>1.456806</speed><course>330.475677</course><hAcc>1.745603</hAcc><vAcc>0.784179</vAcc></extensions></trkpt>
      <trkpt lon="-76.446946" lat="39.345117"><ele>20.433985</ele><time>2022-04-12T15:31:24Z</time><extensions><speed>1.499287</speed><course>332.406769</course><hAcc>1.749795</hAcc><vAcc>0.783832</vAcc></extensions></trkpt>
      <trkpt lon="-76.446954" lat="39.345128"><ele>20.516590</ele><time>2022-04-12T15:31:25Z</time><extensions><speed>1.419068</speed><course>329.415436</course><hAcc>1.752655</hAcc><vAcc>0.783687</vAcc></extensions></trkpt>
      <trkpt lon="-76.446963" lat="39.345139"><ele>20.569605</ele><time>2022-04-12T15:31:26Z</time><extensions><speed>1.362017</speed><course>328.805389</course><hAcc>1.745803</hAcc><vAcc>0.783736</vAcc></extensions></trkpt>
      <trkpt lon="-76.446971" lat="39.345150"><ele>20.617496</ele><time>2022-04-12T15:31:27Z</time><extensions><speed>1.346399</speed><course>328.084747</course><hAcc>1.742308</hAcc><vAcc>0.783921</vAcc></extensions></trkpt>
      <trkpt lon="-76.446979" lat="39.345160"><ele>20.673349</ele><time>2022-04-12T15:31:28Z</time><extensions><speed>1.300889</speed><course>325.478943</course><hAcc>1.743131</hAcc><vAcc>0.784198</vAcc></extensions></trkpt>
      <trkpt lon="-76.446988" lat="39.345169"><ele>20.743874</ele><time>2022-04-12T15:31:29Z</time><extensions><speed>1.319690</speed><course>324.336365</course><hAcc>1.741362</hAcc><vAcc>0.784538</vAcc></extensions></trkpt>
      <trkpt lon="-76.446997" lat="39.345179"><ele>20.861603</ele><time>2022-04-12T15:31:30Z</time><extensions><speed>1.306428</speed><course>320.403870</course><hAcc>1.738577</hAcc><vAcc>0.784910</vAcc></extensions></trkpt>
      <trkpt lon="-76.447007" lat="39.345187"><ele>20.991598</ele><time>2022-04-12T15:31:31Z</time><extensions><speed>1.265431</speed><course>317.483582</course><hAcc>1.739175</hAcc><vAcc>0.785327</vAcc></extensions></trkpt>
      <trkpt lon="-76.447017" lat="39.345195"><ele>21.078600</ele><time>2022-04-12T15:31:32Z</time><extensions><speed>1.180911</speed><course>313.721527</course><hAcc>1.741571</hAcc><vAcc>0.785737</vAcc></extensions></trkpt>
      <trkpt lon="-76.447027" lat="39.345202"><ele>21.177473</ele><time>2022-04-12T15:31:33Z</time><extensions><speed>1.124088</speed><course>308.550476</course><hAcc>1.744855</hAcc><vAcc>0.786076</vAcc></extensions></trkpt>
      <trkpt lon="-76.447038" lat="39.345208"><ele>21.294195</ele><time>2022-04-12T15:31:34Z</time><extensions><speed>1.163672</speed><course>305.394287</course><hAcc>1.739320</hAcc><vAcc>0.786321</vAcc></extensions></trkpt>
      <trkpt lon="-76.447049" lat="39.345214"><ele>21.398674</ele><time>2022-04-12T15:31:35Z</time><extensions><speed>1.192060</speed><course>304.968384</course><hAcc>1.732658</hAcc><vAcc>0.786488</vAcc></extensions></trkpt>
      <trkpt lon="-76.447060" lat="39.345221"><ele>21.514910</ele><time>2022-04-12T15:31:36Z</time><extensions><speed>1.223522</speed><course>307.631927</course><hAcc>1.726879</hAcc><vAcc>0.786544</vAcc></extensions></trkpt>
      <trkpt lon="-76.447071" lat="39.345228"><ele>21.607704</ele><time>2022-04-12T15:31:37Z</time><extensions><speed>1.256293</speed><course>309.683594</course><hAcc>1.710142</hAcc><vAcc>0.786544</vAcc></extensions></trkpt>
      <trkpt lon="-76.447082" lat="39.345235"><ele>21.686371</ele><time>2022-04-12T15:31:38Z</time><extensions><speed>1.269835</speed><course>309.770050</course><hAcc>1.686761</hAcc><vAcc>0.786525</vAcc></extensions></trkpt>
      <trkpt lon="-76.447094" lat="39.345242"><ele>21.756897</ele><time>2022-04-12T15:31:39Z</time><extensions><speed>1.291328</speed><course>308.146698</course><hAcc>1.662353</hAcc><vAcc>0.786532</vAcc></extensions></trkpt>
      <trkpt lon="-76.447106" lat="39.345249"><ele>21.837027</ele><time>2022-04-12T15:31:40Z</time><extensions><speed>1.306106</speed><course>305.524567</course><hAcc>1.662086</hAcc><vAcc>0.786581</vAcc></extensions></trkpt>
      <trkpt lon="-76.447118" lat="39.345256"><ele>21.920494</ele><time>2022-04-12T15:31:41Z</time><extensions><speed>1.269435</speed><course>304.631134</course><hAcc>1.685616</hAcc><vAcc>0.786765</vAcc></extensions></trkpt>
      <trkpt lon="-76.447130" lat="39.345263"><ele>21.968281</ele><time>2022-04-12T15:31:42Z</time><extensions><speed>1.356133</speed><course>306.761871</course><hAcc>1.641195</hAcc><vAcc>0.787034</vAcc></extensions></trkpt>
      <trkpt lon="-76.447142" lat="39.345270"><ele>22.019012</ele><time>2022-04-12T15:31:43Z</time><extensions><speed>1.289451</speed><course>306.736938</course><hAcc>1.611299</hAcc><vAcc>0.787389</vAcc></extensions></trkpt>
      <trkpt lon="-76.447153" lat="39.345277"><ele>22.056471</ele><time>2022-04-12T15:31:44Z</time><extensions><speed>1.216069</speed><course>310.278870</course><hAcc>1.606478</hAcc><vAcc>0.787894</vAcc></extensions></trkpt>
      <trkpt lon="-76.447163" lat="39.345284"><ele>22.089153</ele><time>2022-04-12T15:31:45Z</time><extensions><speed>1.205007</speed><course>311.107269</course><hAcc>1.646736</hAcc><vAcc>0.788557</vAcc></extensions></trkpt>
      <trkpt lon="-76.447173" lat="39.345291"><ele>22.115429</ele><time>2022-04-12T15:31:46Z</time><extensions><speed>1.054319</speed><course>317.916443</course><hAcc>1.592383</hAcc><vAcc>0.789439</vAcc></extensions></trkpt>
      <trkpt lon="-76.447180" lat="39.345298"><ele>22.136852</ele><time>2022-04-12T15:31:47Z</time><extensions><speed>1.028629</speed><course>323.917572</course><hAcc>1.582754</hAcc><vAcc>0.790437</vAcc></extensions></trkpt>
      <trkpt lon="-76.447187" lat="39.345306"><ele>22.141779</ele><time>2022-04-12T15:31:48Z</time><extensions><speed>1.096177</speed><course>326.880493</course><hAcc>1.636368</hAcc><vAcc>0.791563</vAcc></extensions></trkpt>
      <trkpt lon="-76.447193" lat="39.345314"><ele>22.155327</ele><time>2022-04-12T15:31:49Z</time><extensions><speed>1.029356</speed><course>329.827179</course><hAcc>1.660141</hAcc><vAcc>0.792681</vAcc></extensions></trkpt>
      <trkpt lon="-76.447197" lat="39.345322"><ele>22.134333</ele><time>2022-04-12T15:31:50Z</time><extensions><speed>0.936850</speed><course>349.641632</course><hAcc>1.621091</hAcc><vAcc>0.793750</vAcc></extensions></trkpt>
      <trkpt lon="-76.447197" lat="39.345331"><ele>22.125462</ele><time>2022-04-12T15:31:51Z</time><extensions><speed>0.987109</speed><course>9.945310</course><hAcc>1.620821</hAcc><vAcc>0.794793</vAcc></extensions></trkpt>
      <trkpt lon="-76.447193" lat="39.345340"><ele>22.104353</ele><time>2022-04-12T15:31:52Z</time><extensions><speed>1.189283</speed><course>29.558107</course><hAcc>1.630540</hAcc><vAcc>0.795693</vAcc></extensions></trkpt>
      <trkpt lon="-76.447184" lat="39.345349"><ele>22.106335</ele><time>2022-04-12T15:31:53Z</time><extensions><speed>1.403389</speed><course>44.125702</course><hAcc>1.632457</hAcc><vAcc>0.796527</vAcc></extensions></trkpt>
      <trkpt lon="-76.447171" lat="39.345358"><ele>22.095999</ele><time>2022-04-12T15:31:54Z</time><extensions><speed>1.532290</speed><course>50.754601</course><hAcc>1.628771</hAcc><vAcc>0.797189</vAcc></extensions></trkpt>
      <trkpt lon="-76.447157" lat="39.345367"><ele>22.067274</ele><time>2022-04-12T15:31:55Z</time><extensions><speed>1.560885</speed><course>51.439362</course><hAcc>1.641880</hAcc><vAcc>0.797675</vAcc></extensions></trkpt>
      <trkpt lon="-76.447144" lat="39.345375"><ele>22.054190</ele><time>2022-04-12T15:31:56Z</time><extensions><speed>1.434149</speed><course>47.587101</course><hAcc>1.676874</hAcc><vAcc>0.798053</vAcc></extensions></trkpt>
      <trkpt lon="-76.447132" lat="39.345384"><ele>22.045612</ele><time>2022-04-12T15:31:57Z</time><extensions><speed>1.329525</speed><course>47.312088</course><hAcc>1.652468</hAcc><vAcc>0.798248</vAcc></extensions></trkpt>
      <trkpt lon="-76.447121" lat="39.345392"><ele>22.040779</ele><time>2022-04-12T15:31:58Z</time><extensions><speed>1.223941</speed><course>45.410622</course><hAcc>1.663823</hAcc><vAcc>0.798331</vAcc></extensions></trkpt>
      <trkpt lon="-76.447111" lat="39.345399"><ele>22.033569</ele><time>2022-04-12T15:31:59Z</time><extensions><speed>1.238497</speed><course>47.042725</course><hAcc>1.647417</hAcc><vAcc>0.798330</vAcc></extensions></trkpt>
      <trkpt lon="-76.447100" lat="39.345407"><ele>22.027876</ele><time>2022-04-12T15:32:00Z</time><extensions><speed>1.366226</speed><course>46.485668</course><hAcc>1.656272</hAcc><vAcc>0.798282</vAcc></extensions></trkpt>
      <trkpt lon="-76.447088" lat="39.345416"><ele>22.024452</ele><time>2022-04-12T15:32:01Z</time><extensions><speed>1.395043</speed><course>45.572926</course><hAcc>1.681582</hAcc><vAcc>0.798277</vAcc></extensions></trkpt>
      <trkpt lon="-76.447077" lat="39.345425"><ele>22.010677</ele><time>2022-04-12T15:32:02Z</time><extensions><speed>1.346384</speed><course>46.886669</course><hAcc>1.694740</hAcc><vAcc>0.798254</vAcc></extensions></trkpt>
      <trkpt lon="-76.447065" lat="39.345432"><ele>22.005684</ele><time>2022-04-12T15:32:03Z</time><extensions><speed>1.341169</speed><course>51.549004</course><hAcc>1.706394</hAcc><vAcc>0.798227</vAcc></extensions></trkpt>
      <trkpt lon="-76.447052" lat="39.345439"><ele>22.017967</ele><time>2022-04-12T15:32:04Z</time><extensions><speed>1.351129</speed><course>56.432629</course><hAcc>1.709590</hAcc><vAcc>0.798195</vAcc></extensions></trkpt>
      <trkpt lon="-76.447039" lat="39.345446"><ele>22.026987</ele><time>2022-04-12T15:32:05Z</time><extensions><speed>1.327004</speed><course>61.055431</course><hAcc>1.714128</hAcc><vAcc>0.798190</vAcc></extensions></trkpt>
      <trkpt lon="-76.447025" lat="39.345451"><ele>22.026854</ele><time>2022-04-12T15:32:06Z</time><extensions><speed>1.339502</speed><course>62.322353</course><hAcc>1.722061</hAcc><vAcc>0.798202</vAcc></extensions></trkpt>
      <trkpt lon="-76.447012" lat="39.345457"><ele>22.037958</ele><time>2022-04-12T15:32:07Z</time><extensions><speed>1.264617</speed><course>62.984081</course><hAcc>1.720094</hAcc><vAcc>0.798213</vAcc></extensions></trkpt>
      <trkpt lon="-76.446999" lat="39.345462"><ele>22.039715</ele><time>2022-04-12T15:32:08Z</time><extensions><speed>1.182173</speed><course>63.989872</course><hAcc>1.719740</hAcc><vAcc>0.798165</vAcc></extensions></trkpt>
      <trkpt lon="-76.446987" lat="39.345466"><ele>22.055130</ele><time>2022-04-12T15:32:09Z</time><extensions><speed>1.165647</speed><course>64.465561</course><hAcc>1.716353</hAcc><vAcc>0.798094</vAcc></extensions></trkpt>
      <trkpt lon="-76.446974" lat="39.345471"><ele>22.076448</ele><time>2022-04-12T15:32:10Z</time><extensions><speed>1.232305</speed><course>65.620323</course><hAcc>1.716606</hAcc><vAcc>0.797976</vAcc></extensions></trkpt>
      <trkpt lon="-76.446961" lat="39.345475"><ele>22.108566</ele><time>2022-04-12T15:32:11Z</time><extensions><speed>1.245392</speed><course>64.898582</course><hAcc>1.721435</hAcc><vAcc>0.797838</vAcc></extensions></trkpt>
      <trkpt lon="-76.446948" lat="39.345480"><ele>22.153313</ele><time>2022-04-12T15:32:12Z</time><extensions><speed>1.232631</speed><course>64.523506</course><hAcc>1.708824</hAcc><vAcc>0.797656</vAcc></extensions></trkpt>
      <trkpt lon="-76.446936" lat="39.345485"><ele>22.203608</ele><time>2022-04-12T15:32:13Z</time><extensions><speed>1.189942</speed><course>63.324081</course><hAcc>1.686131</hAcc><vAcc>0.797454</vAcc></extensions></trkpt>
      <trkpt lon="-76.446924" lat="39.345490"><ele>22.253189</ele><time>2022-04-12T15:32:14Z</time><extensions><speed>1.159628</speed><course>61.343044</course><hAcc>1.658928</hAcc><vAcc>0.797258</vAcc></extensions></trkpt>
      <trkpt lon="-76.446912" lat="39.345495"><ele>22.301409</ele><time>2022-04-12T15:32:15Z</time><extensions><speed>1.192822</speed><course>59.753487</course><hAcc>1.633690</hAcc><vAcc>0.797091</vAcc></extensions></trkpt>
      <trkpt lon="-76.446899" lat="39.345501"><ele>22.352386</ele><time>2022-04-12T15:32:16Z</time><extensions><speed>1.307874</speed><course>58.991859</course><hAcc>1.637736</hAcc><vAcc>0.797004</vAcc></extensions></trkpt>
      <trkpt lon="-76.446886" lat="39.345507"><ele>22.388811</ele><time>2022-04-12T15:32:17Z</time><extensions><speed>1.419170</speed><course>57.721088</course><hAcc>1.671759</hAcc><vAcc>0.796997</vAcc></extensions></trkpt>
      <trkpt lon="-76.446871" lat="39.345514"><ele>22.427696</ele><time>2022-04-12T15:32:18Z</time><extensions><speed>1.493869</speed><course>59.776917</course><hAcc>1.618844</hAcc><vAcc>0.797068</vAcc></extensions></trkpt>
      <trkpt lon="-76.446857" lat="39.345521"><ele>22.457821</ele><time>2022-04-12T15:32:19Z</time><extensions><speed>1.385087</speed><course>57.384708</course><hAcc>1.608857</hAcc><vAcc>0.797239</vAcc></extensions></trkpt>
      <trkpt lon="-76.446844" lat="39.345528"><ele>22.489170</ele><time>2022-04-12T15:32:20Z</time><extensions><speed>1.314946</speed><course>56.098591</course><hAcc>1.616553</hAcc><vAcc>0.797484</vAcc></extensions></trkpt>
      <trkpt lon="-76.446832" lat="39.345534"><ele>22.522396</ele><time>2022-04-12T15:32:21Z</time><extensions><speed>1.242791</speed><course>54.144157</course><hAcc>1.661744</hAcc><vAcc>0.797807</vAcc></extensions></trkpt>
      <trkpt lon="-76.446820" lat="39.345541"><ele>22.541788</ele><time>2022-04-12T15:32:22Z</time><extensions><speed>1.209275</speed><course>53.459522</course><hAcc>1.638448</hAcc><vAcc>0.798200</vAcc></extensions></trkpt>
      <trkpt lon="-76.446809" lat="39.345547"><ele>22.596661</ele><time>2022-04-12T15:32:23Z</time><extensions><speed>1.202125</speed><course>54.280609</course><hAcc>1.640174</hAcc><vAcc>0.798610</vAcc></extensions></trkpt>
      <trkpt lon="-76.446797" lat="39.345553"><ele>22.613979</ele><time>2022-04-12T15:32:24Z</time><extensions><speed>1.244897</speed><course>55.843857</course><hAcc>1.661990</hAcc><vAcc>0.799065</vAcc></extensions></trkpt>
      <trkpt lon="-76.446785" lat="39.345560"><ele>22.624723</ele><time>2022-04-12T15:32:25Z</time><extensions><speed>1.341820</speed><course>54.812069</course><hAcc>1.681701</hAcc><vAcc>0.799581</vAcc></extensions></trkpt>
      <trkpt lon="-76.446772" lat="39.345567"><ele>22.635910</ele><time>2022-04-12T15:32:26Z</time><extensions><speed>1.362745</speed><course>53.651684</course><hAcc>1.697454</hAcc><vAcc>0.800093</vAcc></extensions></trkpt>
      <trkpt lon="-76.446760" lat="39.345574"><ele>22.645750</ele><time>2022-04-12T15:32:27Z</time><extensions><speed>1.344700</speed><course>50.815670</course><hAcc>1.697175</hAcc><vAcc>0.800554</vAcc></extensions></trkpt>
      <trkpt lon="-76.446748" lat="39.345582"><ele>22.652472</ele><time>2022-04-12T15:32:28Z</time><extensions><speed>1.263676</speed><course>50.746231</course><hAcc>1.691270</hAcc><vAcc>0.800966</vAcc></extensions></trkpt>
      <trkpt lon="-76.446737" lat="39.345589"><ele>22.634356</ele><time>2022-04-12T15:32:29Z</time><extensions><speed>1.239112</speed><course>52.919064</course><hAcc>1.675081</hAcc><vAcc>0.801313</vAcc></extensions></trkpt>
      <trkpt lon="-76.446725" lat="39.345595"><ele>22.601095</ele><time>2022-04-12T15:32:30Z</time><extensions><speed>1.219024</speed><course>54.433796</course><hAcc>1.653101</hAcc><vAcc>0.801586</vAcc></extensions></trkpt>
      <trkpt lon="-76.446714" lat="39.345602"><ele>22.609522</ele><time>2022-04-12T15:32:31Z</time><extensions><speed>1.229262</speed><course>55.458042</course><hAcc>1.639371</hAcc><vAcc>0.801806</vAcc></extensions></trkpt>
      <trkpt lon="-76.446702" lat="39.345608"><ele>22.582224</ele><time>2022-04-12T15:32:32Z</time><extensions><speed>1.238148</speed><course>55.444477</course><hAcc>1.644353</hAcc><vAcc>0.801977</vAcc></extensions></trkpt>
      <trkpt lon="-76.446690" lat="39.345615"><ele>22.589855</ele><time>2022-04-12T15:32:33Z</time><extensions><speed>1.327639</speed><course>55.204803</course><hAcc>1.625792</hAcc><vAcc>0.802110</vAcc></extensions></trkpt>
      <trkpt lon="-76.446677" lat="39.345621"><ele>22.594545</ele><time>2022-04-12T15:32:34Z</time><extensions><speed>1.311640</speed><course>53.730629</course><hAcc>1.653799</hAcc><vAcc>0.802186</vAcc></extensions></trkpt>
      <trkpt lon="-76.446665" lat="39.345628"><ele>22.603294</ele><time>2022-04-12T15:32:35Z</time><extensions><speed>1.235475</speed><course>51.893074</course><hAcc>1.641911</hAcc><vAcc>0.802179</vAcc></extensions></trkpt>
      <trkpt lon="-76.446654" lat="39.345635"><ele>22.600422</ele><time>2022-04-12T15:32:36Z</time><extensions><speed>1.309528</speed><course>52.122215</course><hAcc>1.625360</hAcc><vAcc>0.802123</vAcc></extensions></trkpt>
      <trkpt lon="-76.446642" lat="39.345643"><ele>22.601934</ele><time>2022-04-12T15:32:37Z</time><extensions><speed>1.284087</speed><course>50.951210</course><hAcc>1.620078</hAcc><vAcc>0.802045</vAcc></extensions></trkpt>
      <trkpt lon="-76.446630" lat="39.345650"><ele>22.609617</ele><time>2022-04-12T15:32:38Z</time><extensions><speed>1.313824</speed><course>50.588463</course><hAcc>1.625655</hAcc><vAcc>0.801993</vAcc></extensions></trkpt>
      <trkpt lon="-76.446619" lat="39.345658"><ele>22.619492</ele><time>2022-04-12T15:32:39Z</time><extensions><speed>1.296018</speed><course>48.201431</course><hAcc>1.628692</hAcc><vAcc>0.801912</vAcc></extensions></trkpt>
      <trkpt lon="-76.446608" lat="39.345666"><ele>22.629393</ele><time>2022-04-12T15:32:40Z</time><extensions><speed>1.280786</speed><course>46.810524</course><hAcc>1.629170</hAcc><vAcc>0.801786</vAcc></extensions></trkpt>
      <trkpt lon="-76.446597" lat="39.345673"><ele>22.662096</ele><time>2022-04-12T15:32:41Z</time><extensions><speed>1.231175</speed><course>47.046577</course><hAcc>1.647132</hAcc><vAcc>0.801643</vAcc></extensions></trkpt>
      <trkpt lon="-76.446586" lat="39.345681"><ele>22.680916</ele><time>2022-04-12T15:32:42Z</time><extensions><speed>1.382609</speed><course>48.292179</course><hAcc>1.664230</hAcc><vAcc>0.801554</vAcc></extensions></trkpt>
      <trkpt lon="-76.446574" lat="39.345690"><ele>22.687611</ele><time>2022-04-12T15:32:43Z</time><extensions><speed>1.297950</speed><course>47.944458</course><hAcc>1.669041</hAcc><vAcc>0.801489</vAcc></extensions></trkpt>
      <trkpt lon="-76.446563" lat="39.345698"><ele>22.700260</ele><time>2022-04-12T15:32:44Z</time><extensions><speed>1.335879</speed><course>46.716843</course><hAcc>1.642264</hAcc><vAcc>0.801529</vAcc></extensions></trkpt>
      <trkpt lon="-76.446552" lat="39.345706"><ele>22.709156</ele><time>2022-04-12T15:32:45Z</time><extensions><speed>1.383077</speed><course>45.251587</course><hAcc>1.638294</hAcc><vAcc>0.801615</vAcc></extensions></trkpt>
      <trkpt lon="-76.446541" lat="39.345715"><ele>22.710972</ele><time>2022-04-12T15:32:46Z</time><extensions><speed>1.345671</speed><course>43.559513</course><hAcc>1.655422</hAcc><vAcc>0.801754</vAcc></extensions></trkpt>
      <trkpt lon="-76.446530" lat="39.345724"><ele>22.730217</ele><time>2022-04-12T15:32:47Z</time><extensions><speed>1.294595</speed><course>40.706596</course><hAcc>1.674849</hAcc><vAcc>0.801965</vAcc></extensions></trkpt>
      <trkpt lon="-76.446521" lat="39.345733"><ele>22.757122</ele><time>2022-04-12T15:32:48Z</time><extensions><speed>1.243978</speed><course>38.631569</course><hAcc>1.697308</hAcc><vAcc>0.802297</vAcc></extensions></trkpt>
      <trkpt lon="-76.446512" lat="39.345742"><ele>22.761988</ele><time>2022-04-12T15:32:49Z</time><extensions><speed>1.244655</speed><course>36.944443</course><hAcc>1.684904</hAcc><vAcc>0.802710</vAcc></extensions></trkpt>
      <trkpt lon="-76.446503" lat="39.345751"><ele>22.766003</ele><time>2022-04-12T15:32:50Z</time><extensions><speed>1.295152</speed><course>36.052536</course><hAcc>1.667698</hAcc><vAcc>0.803275</vAcc></extensions></trkpt>
      <trkpt lon="-76.446495" lat="39.345760"><ele>22.772905</ele><time>2022-04-12T15:32:51Z</time><extensions><speed>1.317638</speed><course>36.820595</course><hAcc>1.655466</hAcc><vAcc>0.803953</vAcc></extensions></trkpt>
      <trkpt lon="-76.446485" lat="39.345770"><ele>22.794014</ele><time>2022-04-12T15:32:52Z</time><extensions><speed>1.357687</speed><course>38.064648</course><hAcc>1.648847</hAcc><vAcc>0.804686</vAcc></extensions></trkpt>
      <trkpt lon="-76.446475" lat="39.345780"><ele>22.810148</ele><time>2022-04-12T15:32:53Z</time><extensions><speed>1.426388</speed><course>39.650860</course><hAcc>1.665677</hAcc><vAcc>0.805416</vAcc></extensions></trkpt>
      <trkpt lon="-76.446465" lat="39.345789"><ele>22.825905</ele><time>2022-04-12T15:32:54Z</time><extensions><speed>1.326595</speed><course>39.644241</course><hAcc>1.708214</hAcc><vAcc>0.806154</vAcc></extensions></trkpt>
      <trkpt lon="-76.446455" lat="39.345799"><ele>22.836658</ele><time>2022-04-12T15:32:55Z</time><extensions><speed>1.400863</speed><course>38.046528</course><hAcc>1.655379</hAcc><vAcc>0.806849</vAcc></extensions></trkpt>
      <trkpt lon="-76.446445" lat="39.345809"><ele>22.851622</ele><time>2022-04-12T15:32:56Z</time><extensions><speed>1.439415</speed><course>35.383255</course><hAcc>1.626448</hAcc><vAcc>0.807390</vAcc></extensions></trkpt>
      <trkpt lon="-76.446436" lat="39.345820"><ele>22.859968</ele><time>2022-04-12T15:32:57Z</time><extensions><speed>1.461252</speed><course>30.994347</course><hAcc>1.626089</hAcc><vAcc>0.807794</vAcc></extensions></trkpt>
      <trkpt lon="-76.446427" lat="39.345831"><ele>22.907902</ele><time>2022-04-12T15:32:58Z</time><extensions><speed>1.478783</speed><course>31.301802</course><hAcc>1.627715</hAcc><vAcc>0.808052</vAcc></extensions></trkpt>
      <trkpt lon="-76.446418" lat="39.345843"><ele>22.923532</ele><time>2022-04-12T15:32:59Z</time><extensions><speed>1.493158</speed><course>30.972075</course><hAcc>1.639777</hAcc><vAcc>0.808144</vAcc></extensions></trkpt>
      <trkpt lon="-76.446409" lat="39.345854"><ele>22.935213</ele><time>2022-04-12T15:33:00Z</time><extensions><speed>1.399375</speed><course>30.425323</course><hAcc>1.676595</hAcc><vAcc>0.808059</vAcc></extensions></trkpt>
      <trkpt lon="-76.446401" lat="39.345865"><ele>22.941519</ele><time>2022-04-12T15:33:01Z</time><extensions><speed>1.411058</speed><course>30.791941</course><hAcc>1.683204</hAcc><vAcc>0.807778</vAcc></extensions></trkpt>
      <trkpt lon="-76.446393" lat="39.345875"><ele>22.950727</ele><time>2022-04-12T15:33:02Z</time><extensions><speed>1.322918</speed><course>30.156908</course><hAcc>1.657176</hAcc><vAcc>0.807314</vAcc></extensions></trkpt>
      <trkpt lon="-76.446385" lat="39.345886"><ele>22.951761</ele><time>2022-04-12T15:33:03Z</time><extensions><speed>1.297204</speed><course>30.236160</course><hAcc>1.660881</hAcc><vAcc>0.806679</vAcc></extensions></trkpt>
      <trkpt lon="-76.446378" lat="39.345896"><ele>22.950748</ele><time>2022-04-12T15:33:04Z</time><extensions><speed>1.290044</speed><course>31.248571</course><hAcc>1.684071</hAcc><vAcc>0.805881</vAcc></extensions></trkpt>
      <trkpt lon="-76.446370" lat="39.345906"><ele>22.944786</ele><time>2022-04-12T15:33:05Z</time><extensions><speed>1.270842</speed><course>32.465599</course><hAcc>1.704666</hAcc><vAcc>0.805008</vAcc></extensions></trkpt>
      <trkpt lon="-76.446362" lat="39.345915"><ele>22.928152</ele><time>2022-04-12T15:33:06Z</time><extensions><speed>1.302129</speed><course>33.734936</course><hAcc>1.720409</hAcc><vAcc>0.803954</vAcc></extensions></trkpt>
      <trkpt lon="-76.446353" lat="39.345925"><ele>22.902452</ele><time>2022-04-12T15:33:07Z</time><extensions><speed>1.356815</speed><course>33.377167</course><hAcc>1.732918</hAcc><vAcc>0.802830</vAcc></extensions></trkpt>
      <trkpt lon="-76.446344" lat="39.345936"><ele>22.871277</ele><time>2022-04-12T15:33:08Z</time><extensions><speed>1.394705</speed><course>32.922947</course><hAcc>1.740382</hAcc><vAcc>0.801676</vAcc></extensions></trkpt>
      <trkpt lon="-76.446335" lat="39.345946"><ele>22.770622</ele><time>2022-04-12T15:33:09Z</time><extensions><speed>1.407226</speed><course>33.678089</course><hAcc>1.744600</hAcc><vAcc>0.800472</vAcc></extensions></trkpt>
      <trkpt lon="-76.446327" lat="39.345957"><ele>22.653925</ele><time>2022-04-12T15:33:10Z</time><extensions><speed>1.402677</speed><course>33.295013</course><hAcc>1.745239</hAcc><vAcc>0.799302</vAcc></extensions></trkpt>
      <trkpt lon="-76.446318" lat="39.345967"><ele>22.539619</ele><time>2022-04-12T15:33:11Z</time><extensions><speed>1.379699</speed><course>32.375568</course><hAcc>1.746166</hAcc><vAcc>0.798131</vAcc></extensions></trkpt>
      <trkpt lon="-76.446309" lat="39.345978"><ele>22.446352</ele><time>2022-04-12T15:33:12Z</time><extensions><speed>1.384162</speed><course>31.370689</course><hAcc>1.744949</hAcc><vAcc>0.796717</vAcc></extensions></trkpt>
      <trkpt lon="-76.446301" lat="39.345989"><ele>22.358889</ele><time>2022-04-12T15:33:13Z</time><extensions><speed>1.412843</speed><course>30.854330</course><hAcc>1.743498</hAcc><vAcc>0.795176</vAcc></extensions></trkpt>
      <trkpt lon="-76.446293" lat="39.346000"><ele>22.265686</ele><time>2022-04-12T15:33:14Z</time><extensions><speed>1.400219</speed><course>30.137430</course><hAcc>1.742833</hAcc><vAcc>0.793635</vAcc></extensions></trkpt>
      <trkpt lon="-76.446285" lat="39.346011"><ele>22.102348</ele><time>2022-04-12T15:33:15Z</time><extensions><speed>1.405902</speed><course>29.603437</course><hAcc>1.740197</hAcc><vAcc>0.792016</vAcc></extensions></trkpt>
      <trkpt lon="-76.446277" lat="39.346022"><ele>21.944418</ele><time>2022-04-12T15:33:16Z</time><extensions><speed>1.429582</speed><course>27.246704</course><hAcc>1.729099</hAcc><vAcc>0.790380</vAcc></extensions></trkpt>
      <trkpt lon="-76.446270" lat="39.346034"><ele>21.803596</ele><time>2022-04-12T15:33:17Z</time><extensions><speed>1.424761</speed><course>25.059336</course><hAcc>1.718664</hAcc><vAcc>0.788715</vAcc></extensions></trkpt>
      <trkpt lon="-76.446263" lat="39.346045"><ele>21.685450</ele><time>2022-04-12T15:33:18Z</time><extensions><speed>1.394060</speed><course>23.998423</course><hAcc>1.723202</hAcc><vAcc>0.787163</vAcc></extensions></trkpt>
      <trkpt lon="-76.446256" lat="39.346056"><ele>21.572775</ele><time>2022-04-12T15:33:19Z</time><extensions><speed>1.275906</speed><course>24.755857</course><hAcc>1.744715</hAcc><vAcc>0.785755</vAcc></extensions></trkpt>
      <trkpt lon="-76.446251" lat="39.346067"><ele>21.473923</ele><time>2022-04-12T15:33:20Z</time><extensions><speed>1.297817</speed><course>21.407244</course><hAcc>1.733938</hAcc><vAcc>0.784626</vAcc></extensions></trkpt>
      <trkpt lon="-76.446245" lat="39.346078"><ele>21.398386</ele><time>2022-04-12T15:33:21Z</time><extensions><speed>1.293345</speed><course>20.060400</course><hAcc>1.723289</hAcc><vAcc>0.783812</vAcc></extensions></trkpt>
      <trkpt lon="-76.446240" lat="39.346089"><ele>21.316391</ele><time>2022-04-12T15:33:22Z</time><extensions><speed>1.281360</speed><course>20.705471</course><hAcc>1.698733</hAcc><vAcc>0.783322</vAcc></extensions></trkpt>
      <trkpt lon="-76.446235" lat="39.346100"><ele>21.239525</ele><time>2022-04-12T15:33:23Z</time><extensions><speed>1.310612</speed><course>21.739983</course><hAcc>1.688294</hAcc><vAcc>0.783183</vAcc></extensions></trkpt>
      <trkpt lon="-76.446228" lat="39.346111"><ele>21.200640</ele><time>2022-04-12T15:33:24Z</time><extensions><speed>1.368320</speed><course>25.430096</course><hAcc>1.685545</hAcc><vAcc>0.783384</vAcc></extensions></trkpt>
      <trkpt lon="-76.446221" lat="39.346122"><ele>21.176216</ele><time>2022-04-12T15:33:25Z</time><extensions><speed>1.363601</speed><course>28.102983</course><hAcc>1.691490</hAcc><vAcc>0.783895</vAcc></extensions></trkpt>
      <trkpt lon="-76.446214" lat="39.346132"><ele>21.168978</ele><time>2022-04-12T15:33:26Z</time><extensions><speed>1.258556</speed><course>29.690939</course><hAcc>1.713335</hAcc><vAcc>0.784730</vAcc></extensions></trkpt>
      <trkpt lon="-76.446207" lat="39.346142"><ele>21.172319</ele><time>2022-04-12T15:33:27Z</time><extensions><speed>1.292481</speed><course>25.166954</course><hAcc>1.683462</hAcc><vAcc>0.785765</vAcc></extensions></trkpt>
      <trkpt lon="-76.446201" lat="39.346153"><ele>21.190662</ele><time>2022-04-12T15:33:28Z</time><extensions><speed>1.337579</speed><course>23.043070</course><hAcc>1.684233</hAcc><vAcc>0.786945</vAcc></extensions></trkpt>
      <trkpt lon="-76.446195" lat="39.346164"><ele>21.225245</ele><time>2022-04-12T15:33:29Z</time><extensions><speed>1.360420</speed><course>22.705343</course><hAcc>1.676089</hAcc><vAcc>0.788215</vAcc></extensions></trkpt>
      <trkpt lon="-76.446189" lat="39.346176"><ele>21.277222</ele><time>2022-04-12T15:33:30Z</time><extensions><speed>1.357243</speed><course>22.573612</course><hAcc>1.686902</hAcc><vAcc>0.789507</vAcc></extensions></trkpt>
      <trkpt lon="-76.446182" lat="39.346187"><ele>21.340092</ele><time>2022-04-12T15:33:31Z</time><extensions><speed>1.344179</speed><course>24.930386</course><hAcc>1.690149</hAcc><vAcc>0.790716</vAcc></extensions></trkpt>
      <trkpt lon="-76.446176" lat="39.346198"><ele>21.413197</ele><time>2022-04-12T15:33:32Z</time><extensions><speed>1.328004</speed><course>25.654310</course><hAcc>1.694015</hAcc><vAcc>0.791809</vAcc></extensions></trkpt>
      <trkpt lon="-76.446169" lat="39.346208"><ele>21.486944</ele><time>2022-04-12T15:33:33Z</time><extensions><speed>1.332992</speed><course>27.219116</course><hAcc>1.695637</hAcc><vAcc>0.792794</vAcc></extensions></trkpt>
      <trkpt lon="-76.446162" lat="39.346219"><ele>21.560570</ele><time>2022-04-12T15:33:34Z</time><extensions><speed>1.356529</speed><course>27.634855</course><hAcc>1.695764</hAcc><vAcc>0.793661</vAcc></extensions></trkpt>
      <trkpt lon="-76.446154" lat="39.346230"><ele>21.637917</ele><time>2022-04-12T15:33:35Z</time><extensions><speed>1.378745</speed><course>28.639141</course><hAcc>1.702487</hAcc><vAcc>0.794410</vAcc></extensions></trkpt>
      <trkpt lon="-76.446147" lat="39.346241"><ele>21.715826</ele><time>2022-04-12T15:33:36Z</time><extensions><speed>1.363698</speed><course>28.889919</course><hAcc>1.718622</hAcc><vAcc>0.795086</vAcc></extensions></trkpt>
      <trkpt lon="-76.446139" lat="39.346251"><ele>21.803701</ele><time>2022-04-12T15:33:37Z</time><extensions><speed>1.307015</speed><course>27.252026</course><hAcc>1.704800</hAcc><vAcc>0.795732</vAcc></extensions></trkpt>
      <trkpt lon="-76.446133" lat="39.346262"><ele>21.882002</ele><time>2022-04-12T15:33:38Z</time><extensions><speed>1.282623</speed><course>25.385530</course><hAcc>1.696479</hAcc><vAcc>0.796375</vAcc></extensions></trkpt>
      <trkpt lon="-76.446127" lat="39.346272"><ele>21.961487</ele><time>2022-04-12T15:33:39Z</time><extensions><speed>1.294569</speed><course>22.428162</course><hAcc>1.703367</hAcc><vAcc>0.796997</vAcc></extensions></trkpt>
      <trkpt lon="-76.446121" lat="39.346283"><ele>22.046373</ele><time>2022-04-12T15:33:40Z</time><extensions><speed>1.289021</speed><course>20.692301</course><hAcc>1.709962</hAcc><vAcc>0.797611</vAcc></extensions></trkpt>
      <trkpt lon="-76.446116" lat="39.346294"><ele>22.118975</ele><time>2022-04-12T15:33:41Z</time><extensions><speed>1.308487</speed><course>20.468565</course><hAcc>1.702995</hAcc><vAcc>0.798209</vAcc></extensions></trkpt>
      <trkpt lon="-76.446111" lat="39.346305"><ele>22.198874</ele><time>2022-04-12T15:33:42Z</time><extensions><speed>1.240566</speed><course>21.432903</course><hAcc>1.699633</hAcc><vAcc>0.798790</vAcc></extensions></trkpt>
      <trkpt lon="-76.446105" lat="39.346315"><ele>22.273142</ele><time>2022-04-12T15:33:43Z</time><extensions><speed>1.226099</speed><course>22.737885</course><hAcc>1.693396</hAcc><vAcc>0.799371</vAcc></extensions></trkpt>
      <trkpt lon="-76.446100" lat="39.346325"><ele>22.357576</ele><time>2022-04-12T15:33:44Z</time><extensions><speed>1.201082</speed><course>23.978058</course><hAcc>1.672291</hAcc><vAcc>0.800020</vAcc></extensions></trkpt>
      <trkpt lon="-76.446094" lat="39.346335"><ele>22.417843</ele><time>2022-04-12T15:33:45Z</time><extensions><speed>1.166975</speed><course>26.217083</course><hAcc>1.638375</hAcc><vAcc>0.800631</vAcc></extensions></trkpt>
      <trkpt lon="-76.446088" lat="39.346344"><ele>22.475527</ele><time>2022-04-12T15:33:46Z</time><extensions><speed>1.142541</speed><course>28.982639</course><hAcc>1.602452</hAcc><vAcc>0.801194</vAcc></extensions></trkpt>
      <trkpt lon="-76.446081" lat="39.346353"><ele>22.525120</ele><time>2022-04-12T15:33:47Z</time><extensions><speed>1.234663</speed><course>30.027878</course><hAcc>1.595338</hAcc><vAcc>0.801727</vAcc></extensions></trkpt>
      <trkpt lon="-76.446074" lat="39.346363"><ele>22.575003</ele><time>2022-04-12T15:33:48Z</time><extensions><speed>1.270059</speed><course>29.023020</course><hAcc>1.627416</hAcc><vAcc>0.802159</vAcc></extensions></trkpt>
      <trkpt lon="-76.446067" lat="39.346373"><ele>22.622690</ele><time>2022-04-12T15:33:49Z</time><extensions><speed>1.163764</speed><course>25.598032</course><hAcc>1.615944</hAcc><vAcc>0.802506</vAcc></extensions></trkpt>
      <trkpt lon="-76.446062" lat="39.346382"><ele>22.669106</ele><time>2022-04-12T15:33:50Z</time><extensions><speed>1.012445</speed><course>23.401516</course><hAcc>1.624608</hAcc><vAcc>0.802712</vAcc></extensions></trkpt>
      <trkpt lon="-76.446057" lat="39.346390"><ele>22.717058</ele><time>2022-04-12T15:33:51Z</time><extensions><speed>1.019666</speed><course>28.060381</course><hAcc>1.585246</hAcc><vAcc>0.802767</vAcc></extensions></trkpt>
      <trkpt lon="-76.446051" lat="39.346399"><ele>22.753145</ele><time>2022-04-12T15:33:52Z</time><extensions><speed>1.092692</speed><course>29.998837</course><hAcc>1.590509</hAcc><vAcc>0.802683</vAcc></extensions></trkpt>
      <trkpt lon="-76.446044" lat="39.346407"><ele>22.784269</ele><time>2022-04-12T15:33:53Z</time><extensions><speed>1.206291</speed><course>31.445532</course><hAcc>1.631152</hAcc><vAcc>0.802558</vAcc></extensions></trkpt>
      <trkpt lon="-76.446037" lat="39.346417"><ele>22.787590</ele><time>2022-04-12T15:33:54Z</time><extensions><speed>1.228431</speed><course>32.138603</course><hAcc>1.674540</hAcc><vAcc>0.802396</vAcc></extensions></trkpt>
      <trkpt lon="-76.446029" lat="39.346426"><ele>22.817654</ele><time>2022-04-12T15:33:55Z</time><extensions><speed>1.284157</speed><course>32.983002</course><hAcc>1.684083</hAcc><vAcc>0.802127</vAcc></extensions></trkpt>
      <trkpt lon="-76.446021" lat="39.346436"><ele>22.882607</ele><time>2022-04-12T15:33:56Z</time><extensions><speed>1.259071</speed><course>32.392273</course><hAcc>1.693063</hAcc><vAcc>0.801880</vAcc></extensions></trkpt>
      <trkpt lon="-76.446013" lat="39.346446"><ele>22.915579</ele><time>2022-04-12T15:33:57Z</time><extensions><speed>1.249205</speed><course>30.716785</course><hAcc>1.702758</hAcc><vAcc>0.801607</vAcc></extensions></trkpt>
      <trkpt lon="-76.446006" lat="39.346455"><ele>22.888000</ele><time>2022-04-12T15:33:58Z</time><extensions><speed>1.253006</speed><course>29.301018</course><hAcc>1.707843</hAcc><vAcc>0.801222</vAcc></extensions></trkpt>
      <trkpt lon="-76.445999" lat="39.346465"><ele>22.891409</ele><time>2022-04-12T15:33:59Z</time><extensions><speed>1.278396</speed><course>28.709995</course><hAcc>1.704983</hAcc><vAcc>0.800958</vAcc></extensions></trkpt>
      <trkpt lon="-76.445992" lat="39.346476"><ele>22.881721</ele><time>2022-04-12T15:34:00Z</time><extensions><speed>1.270419</speed><course>28.254034</course><hAcc>1.693776</hAcc><vAcc>0.800719</vAcc></extensions></trkpt>
      <trkpt lon="-76.445985" lat="39.346486"><ele>22.885162</ele><time>2022-04-12T15:34:01Z</time><extensions><speed>1.352046</speed><course>28.050533</course><hAcc>1.679746</hAcc><vAcc>0.800496</vAcc></extensions></trkpt>
      <trkpt lon="-76.445977" lat="39.346497"><ele>22.877998</ele><time>2022-04-12T15:34:02Z</time><extensions><speed>1.380930</speed><course>27.451458</course><hAcc>1.672739</hAcc><vAcc>0.800290</vAcc></extensions></trkpt>
      <trkpt lon="-76.445970" lat="39.346509"><ele>22.898016</ele><time>2022-04-12T15:34:03Z</time><extensions><speed>1.490237</speed><course>23.475233</course><hAcc>1.687007</hAcc><vAcc>0.800048</vAcc></extensions></trkpt>
      <trkpt lon="-76.445964" lat="39.346520"><ele>22.902100</ele><time>2022-04-12T15:34:04Z</time><extensions><speed>1.323691</speed><course>23.116585</course><hAcc>1.707695</hAcc><vAcc>0.799774</vAcc></extensions></trkpt>
      <trkpt lon="-76.445958" lat="39.346531"><ele>22.906263</ele><time>2022-04-12T15:34:05Z</time><extensions><speed>1.202968</speed><course>21.951794</course><hAcc>1.682346</hAcc><vAcc>0.799457</vAcc></extensions></trkpt>
      <trkpt lon="-76.445953" lat="39.346540"><ele>22.893831</ele><time>2022-04-12T15:34:06Z</time><extensions><speed>1.088126</speed><course>22.926334</course><hAcc>1.682629</hAcc><vAcc>0.799159</vAcc></extensions></trkpt>
      <trkpt lon="-76.445948" lat="39.346549"><ele>22.882000</ele><time>2022-04-12T15:34:07Z</time><extensions><speed>1.132136</speed><course>25.524260</course><hAcc>1.685077</hAcc><vAcc>0.798905</vAcc></extensions></trkpt>
      <trkpt lon="-76.445942" lat="39.346559"><ele>22.893240</ele><time>2022-04-12T15:34:08Z</time><extensions><speed>1.181816</speed><course>27.086042</course><hAcc>1.695821</hAcc><vAcc>0.798674</vAcc></extensions></trkpt>
      <trkpt lon="-76.445936" lat="39.346568"><ele>22.890175</ele><time>2022-04-12T15:34:09Z</time><extensions><speed>1.182175</speed><course>25.605652</course><hAcc>1.709771</hAcc><vAcc>0.798475</vAcc></extensions></trkpt>
      <trkpt lon="-76.445930" lat="39.346578"><ele>22.880825</ele><time>2022-04-12T15:34:10Z</time><extensions><speed>1.205446</speed><course>26.258881</course><hAcc>1.713741</hAcc><vAcc>0.798402</vAcc></extensions></trkpt>
      <trkpt lon="-76.445923" lat="39.346588"><ele>22.870714</ele><time>2022-04-12T15:34:11Z</time><extensions><speed>1.192810</speed><course>26.545782</course><hAcc>1.708233</hAcc><vAcc>0.798469</vAcc></extensions></trkpt>
      <trkpt lon="-76.445917" lat="39.346598"><ele>22.876543</ele><time>2022-04-12T15:34:12Z</time><extensions><speed>1.285933</speed><course>26.664385</course><hAcc>1.695468</hAcc><vAcc>0.798677</vAcc></extensions></trkpt>
      <trkpt lon="-76.445911" lat="39.346608"><ele>22.880117</ele><time>2022-04-12T15:34:13Z</time><extensions><speed>1.386662</speed><course>24.076515</course><hAcc>1.671280</hAcc><vAcc>0.799007</vAcc></extensions></trkpt>
      <trkpt lon="-76.445904" lat="39.346620"><ele>22.890747</ele><time>2022-04-12T15:34:14Z</time><extensions><speed>1.425645</speed><course>22.145611</course><hAcc>1.647373</hAcc><vAcc>0.799451</vAcc></extensions></trkpt>
      <trkpt lon="-76.445898" lat="39.346632"><ele>22.891933</ele><time>2022-04-12T15:34:15Z</time><extensions><speed>1.420479</speed><course>21.516655</course><hAcc>1.654401</hAcc><vAcc>0.800069</vAcc></extensions></trkpt>
      <trkpt lon="-76.445892" lat="39.346644"><ele>22.906029</ele><time>2022-04-12T15:34:16Z</time><extensions><speed>1.351714</speed><course>18.940973</course><hAcc>1.697852</hAcc><vAcc>0.800786</vAcc></extensions></trkpt>
      <trkpt lon="-76.445888" lat="39.346655"><ele>22.929092</ele><time>2022-04-12T15:34:17Z</time><extensions><speed>1.292149</speed><course>15.218124</course><hAcc>1.672671</hAcc><vAcc>0.801501</vAcc></extensions></trkpt>
      <trkpt lon="-76.445885" lat="39.346666"><ele>22.965797</ele><time>2022-04-12T15:34:18Z</time><extensions><speed>1.259921</speed><course>8.333213</course><hAcc>1.643974</hAcc><vAcc>0.802264</vAcc></extensions></trkpt>
      <trkpt lon="-76.445884" lat="39.346678"><ele>23.011484</ele><time>2022-04-12T15:34:19Z</time><extensions><speed>1.278944</speed><course>2.447208</course><hAcc>1.642132</hAcc><vAcc>0.803047</vAcc></extensions></trkpt>
      <trkpt lon="-76.445884" lat="39.346689"><ele>23.019485</ele><time>2022-04-12T15:34:20Z</time><extensions><speed>1.302566</speed><course>357.004547</course><hAcc>1.659590</hAcc><vAcc>0.803889</vAcc></extensions></trkpt>
      <trkpt lon="-76.445885" lat="39.346701"><ele>23.037943</ele><time>2022-04-12T15:34:21Z</time><extensions><speed>1.332905</speed><course>352.403442</course><hAcc>1.674010</hAcc><vAcc>0.804693</vAcc></extensions></trkpt>
      <trkpt lon="-76.445887" lat="39.346713"><ele>23.052725</ele><time>2022-04-12T15:34:22Z</time><extensions><speed>1.359400</speed><course>351.483093</course><hAcc>1.673042</hAcc><vAcc>0.805430</vAcc></extensions></trkpt>
      <trkpt lon="-76.445889" lat="39.346725"><ele>23.042608</ele><time>2022-04-12T15:34:23Z</time><extensions><speed>1.392534</speed><course>352.591888</course><hAcc>1.669058</hAcc><vAcc>0.806087</vAcc></extensions></trkpt>
      <trkpt lon="-76.445891" lat="39.346738"><ele>23.035105</ele><time>2022-04-12T15:34:24Z</time><extensions><speed>1.398483</speed><course>354.120117</course><hAcc>1.670380</hAcc><vAcc>0.806711</vAcc></extensions></trkpt>
      <trkpt lon="-76.445893" lat="39.346750"><ele>23.035950</ele><time>2022-04-12T15:34:25Z</time><extensions><speed>1.375905</speed><course>356.366516</course><hAcc>1.681986</hAcc><vAcc>0.807258</vAcc></extensions></trkpt>
      <trkpt lon="-76.445894" lat="39.346763"><ele>23.039288</ele><time>2022-04-12T15:34:26Z</time><extensions><speed>1.405189</speed><course>356.684631</course><hAcc>1.677685</hAcc><vAcc>0.807726</vAcc></extensions></trkpt>
      <trkpt lon="-76.445895" lat="39.346775"><ele>23.012325</ele><time>2022-04-12T15:34:27Z</time><extensions><speed>1.396286</speed><course>356.003906</course><hAcc>1.642390</hAcc><vAcc>0.808124</vAcc></extensions></trkpt>
      <trkpt lon="-76.445896" lat="39.346788"><ele>23.001017</ele><time>2022-04-12T15:34:28Z</time><extensions><speed>1.431616</speed><course>356.551758</course><hAcc>1.625743</hAcc><vAcc>0.808482</vAcc></extensions></trkpt>
      <trkpt lon="-76.445897" lat="39.346801"><ele>23.010214</ele><time>2022-04-12T15:34:29Z</time><extensions><speed>1.439444</speed><course>356.350037</course><hAcc>1.633078</hAcc><vAcc>0.808800</vAcc></extensions></trkpt>
      <trkpt lon="-76.445898" lat="39.346813"><ele>23.021370</ele><time>2022-04-12T15:34:30Z</time><extensions><speed>1.334457</speed><course>356.958191</course><hAcc>1.656081</hAcc><vAcc>0.809088</vAcc></extensions></trkpt>
      <trkpt lon="-76.445899" lat="39.346825"><ele>22.985281</ele><time>2022-04-12T15:34:31Z</time><extensions><speed>1.255987</speed><course>358.591095</course><hAcc>1.608911</hAcc><vAcc>0.809344</vAcc></extensions></trkpt>
      <trkpt lon="-76.445899" lat="39.346837"><ele>22.937983</ele><time>2022-04-12T15:34:32Z</time><extensions><speed>1.294696</speed><course>356.951385</course><hAcc>1.580577</hAcc><vAcc>0.809541</vAcc></extensions></trkpt>
      <trkpt lon="-76.445901" lat="39.346849"><ele>22.868637</ele><time>2022-04-12T15:34:33Z</time><extensions><speed>1.382557</speed><course>353.989105</course><hAcc>1.602008</hAcc><vAcc>0.809751</vAcc></extensions></trkpt>
      <trkpt lon="-76.445902" lat="39.346861"><ele>22.847525</ele><time>2022-04-12T15:34:34Z</time><extensions><speed>1.336144</speed><course>353.048401</course><hAcc>1.653502</hAcc><vAcc>0.809882</vAcc></extensions></trkpt>
      <trkpt lon="-76.445905" lat="39.346873"><ele>22.813816</ele><time>2022-04-12T15:34:35Z</time><extensions><speed>1.332291</speed><course>347.951904</course><hAcc>1.618873</hAcc><vAcc>0.809967</vAcc></extensions></trkpt>
      <trkpt lon="-76.445909" lat="39.346884"><ele>22.759756</ele><time>2022-04-12T15:34:36Z</time><extensions><speed>1.320167</speed><course>343.519745</course><hAcc>1.600264</hAcc><vAcc>0.809939</vAcc></extensions></trkpt>
      <trkpt lon="-76.445914" lat="39.346896"><ele>22.745943</ele><time>2022-04-12T15:34:37Z</time><extensions><speed>1.326381</speed><course>340.505615</course><hAcc>1.613753</hAcc><vAcc>0.809841</vAcc></extensions></trkpt>
      <trkpt lon="-76.445919" lat="39.346906"><ele>22.750107</ele><time>2022-04-12T15:34:38Z</time><extensions><speed>1.297492</speed><course>335.900421</course><hAcc>1.634839</hAcc><vAcc>0.809689</vAcc></extensions></trkpt>
      <trkpt lon="-76.445926" lat="39.346917"><ele>22.704920</ele><time>2022-04-12T15:34:39Z</time><extensions><speed>1.284941</speed><course>330.655334</course><hAcc>1.638800</hAcc><vAcc>0.809426</vAcc></extensions></trkpt>
      <trkpt lon="-76.445934" lat="39.346927"><ele>22.655210</ele><time>2022-04-12T15:34:40Z</time><extensions><speed>1.306973</speed><course>329.709595</course><hAcc>1.646229</hAcc><vAcc>0.809102</vAcc></extensions></trkpt>
      <trkpt lon="-76.445941" lat="39.346938"><ele>22.607651</ele><time>2022-04-12T15:34:41Z</time><extensions><speed>1.421534</speed><course>331.829071</course><hAcc>1.652262</hAcc><vAcc>0.808683</vAcc></extensions></trkpt>
      <trkpt lon="-76.445949" lat="39.346950"><ele>22.536028</ele><time>2022-04-12T15:34:42Z</time><extensions><speed>1.548186</speed><course>332.991180</course><hAcc>1.647313</hAcc><vAcc>0.808164</vAcc></extensions></trkpt>
      <trkpt lon="-76.445958" lat="39.346962"><ele>22.449314</ele><time>2022-04-12T15:34:43Z</time><extensions><speed>1.506573</speed><course>330.420807</course><hAcc>1.651410</hAcc><vAcc>0.807648</vAcc></extensions></trkpt>
      <trkpt lon="-76.445967" lat="39.346973"><ele>22.358007</ele><time>2022-04-12T15:34:44Z</time><extensions><speed>1.549725</speed><course>325.933502</course><hAcc>1.628256</hAcc><vAcc>0.807183</vAcc></extensions></trkpt>
      <trkpt lon="-76.445977" lat="39.346984"><ele>22.309633</ele><time>2022-04-12T15:34:45Z</time><extensions><speed>1.455495</speed><course>322.942871</course><hAcc>1.633445</hAcc><vAcc>0.806669</vAcc></extensions></trkpt>
      <trkpt lon="-76.445988" lat="39.346994"><ele>22.261925</ele><time>2022-04-12T15:34:46Z</time><extensions><speed>1.427055</speed><course>318.292114</course><hAcc>1.639420</hAcc><vAcc>0.806129</vAcc></extensions></trkpt>
      <trkpt lon="-76.445999" lat="39.347003"><ele>22.198875</ele><time>2022-04-12T15:34:47Z</time><extensions><speed>1.307741</speed><course>313.326294</course><hAcc>1.673592</hAcc><vAcc>0.805626</vAcc></extensions></trkpt>
      <trkpt lon="-76.446010" lat="39.347011"><ele>22.136822</ele><time>2022-04-12T15:34:48Z</time><extensions><speed>1.295076</speed><course>313.560089</course><hAcc>1.654822</hAcc><vAcc>0.805122</vAcc></extensions></trkpt>
      <trkpt lon="-76.446021" lat="39.347020"><ele>22.081463</ele><time>2022-04-12T15:34:49Z</time><extensions><speed>1.314838</speed><course>316.158081</course><hAcc>1.642783</hAcc><vAcc>0.804690</vAcc></extensions></trkpt>
      <trkpt lon="-76.446031" lat="39.347028"><ele>22.052616</ele><time>2022-04-12T15:34:50Z</time><extensions><speed>1.325870</speed><course>318.780609</course><hAcc>1.653317</hAcc><vAcc>0.804331</vAcc></extensions></trkpt>
      <trkpt lon="-76.446041" lat="39.347038"><ele>22.032753</ele><time>2022-04-12T15:34:51Z</time><extensions><speed>1.365195</speed><course>320.375397</course><hAcc>1.661388</hAcc><vAcc>0.804019</vAcc></extensions></trkpt>
      <trkpt lon="-76.446051" lat="39.347047"><ele>22.001057</ele><time>2022-04-12T15:34:52Z</time><extensions><speed>1.413832</speed><course>323.093292</course><hAcc>1.664014</hAcc><vAcc>0.803761</vAcc></extensions></trkpt>
      <trkpt lon="-76.446061" lat="39.347058"><ele>22.008440</ele><time>2022-04-12T15:34:53Z</time><extensions><speed>1.428144</speed><course>323.434082</course><hAcc>1.671327</hAcc><vAcc>0.803606</vAcc></extensions></trkpt>
      <trkpt lon="-76.446071" lat="39.347068"><ele>21.990950</ele><time>2022-04-12T15:34:54Z</time><extensions><speed>1.374550</speed><course>323.250031</course><hAcc>1.684846</hAcc><vAcc>0.803503</vAcc></extensions></trkpt>
      <trkpt lon="-76.446082" lat="39.347078"><ele>21.980562</ele><time>2022-04-12T15:34:55Z</time><extensions><speed>1.479687</speed><course>317.590240</course><hAcc>1.644060</hAcc><vAcc>0.803428</vAcc></extensions></trkpt>
      <trkpt lon="-76.446094" lat="39.347087"><ele>22.006729</ele><time>2022-04-12T15:34:56Z</time><extensions><speed>1.517003</speed><course>315.067017</course><hAcc>1.623493</hAcc><vAcc>0.803364</vAcc></extensions></trkpt>
      <trkpt lon="-76.446106" lat="39.347097"><ele>22.043934</ele><time>2022-04-12T15:34:57Z</time><extensions><speed>1.421625</speed><course>314.139923</course><hAcc>1.633640</hAcc><vAcc>0.803296</vAcc></extensions></trkpt>
      <trkpt lon="-76.446118" lat="39.347105"><ele>22.109890</ele><time>2022-04-12T15:34:58Z</time><extensions><speed>1.413200</speed><course>311.998657</course><hAcc>1.625319</hAcc><vAcc>0.803189</vAcc></extensions></trkpt>
      <trkpt lon="-76.446130" lat="39.347113"><ele>22.164288</ele><time>2022-04-12T15:34:59Z</time><extensions><speed>1.302688</speed><course>313.123138</course><hAcc>1.660543</hAcc><vAcc>0.803049</vAcc></extensions></trkpt>
      <trkpt lon="-76.446141" lat="39.347121"><ele>22.213743</ele><time>2022-04-12T15:35:00Z</time><extensions><speed>1.333311</speed><course>307.874207</course><hAcc>1.645546</hAcc><vAcc>0.802871</vAcc></extensions></trkpt>
      <trkpt lon="-76.446154" lat="39.347128"><ele>22.249741</ele><time>2022-04-12T15:35:01Z</time><extensions><speed>1.322492</speed><course>302.657532</course><hAcc>1.643152</hAcc><vAcc>0.802631</vAcc></extensions></trkpt>
      <trkpt lon="-76.446167" lat="39.347134"><ele>22.273014</ele><time>2022-04-12T15:35:02Z</time><extensions><speed>1.368415</speed><course>298.675140</course><hAcc>1.636575</hAcc><vAcc>0.802330</vAcc></extensions></trkpt>
      <trkpt lon="-76.446181" lat="39.347140"><ele>22.315012</ele><time>2022-04-12T15:35:03Z</time><extensions><speed>1.392255</speed><course>298.257355</course><hAcc>1.649568</hAcc><vAcc>0.801890</vAcc></extensions></trkpt>
      <trkpt lon="-76.446196" lat="39.347146"><ele>22.357109</ele><time>2022-04-12T15:35:04Z</time><extensions><speed>1.416308</speed><course>298.293549</course><hAcc>1.670879</hAcc><vAcc>0.801343</vAcc></extensions></trkpt>
      <trkpt lon="-76.446211" lat="39.347152"><ele>22.419815</ele><time>2022-04-12T15:35:05Z</time><extensions><speed>1.463583</speed><course>296.111176</course><hAcc>1.695421</hAcc><vAcc>0.800675</vAcc></extensions></trkpt>
      <trkpt lon="-76.446226" lat="39.347157"><ele>22.504000</ele><time>2022-04-12T15:35:06Z</time><extensions><speed>1.426184</speed><course>293.969971</course><hAcc>1.724757</hAcc><vAcc>0.799886</vAcc></extensions></trkpt>
      <trkpt lon="-76.446241" lat="39.347162"><ele>22.563251</ele><time>2022-04-12T15:35:07Z</time><extensions><speed>1.409313</speed><course>290.079498</course><hAcc>1.707239</hAcc><vAcc>0.799027</vAcc></extensions></trkpt>
      <trkpt lon="-76.446256" lat="39.347166"><ele>22.599463</ele><time>2022-04-12T15:35:08Z</time><extensions><speed>1.352847</speed><course>285.958435</course><hAcc>1.700682</hAcc><vAcc>0.798094</vAcc></extensions></trkpt>
      <trkpt lon="-76.446271" lat="39.347169"><ele>22.635406</ele><time>2022-04-12T15:35:09Z</time><extensions><speed>1.315079</speed><course>283.747803</course><hAcc>1.714634</hAcc><vAcc>0.797094</vAcc></extensions></trkpt>
      <trkpt lon="-76.446286" lat="39.347172"><ele>22.675558</ele><time>2022-04-12T15:35:10Z</time><extensions><speed>1.317625</speed><course>283.348053</course><hAcc>1.743964</hAcc><vAcc>0.796053</vAcc></extensions></trkpt>
      <trkpt lon="-76.446301" lat="39.347174"><ele>22.742683</ele><time>2022-04-12T15:35:11Z</time><extensions><speed>1.312733</speed><course>282.754791</course><hAcc>1.738719</hAcc><vAcc>0.795012</vAcc></extensions></trkpt>
      <trkpt lon="-76.446316" lat="39.347177"><ele>22.792158</ele><time>2022-04-12T15:35:12Z</time><extensions><speed>1.291746</speed><course>283.960541</course><hAcc>1.728335</hAcc><vAcc>0.793971</vAcc></extensions></trkpt>
      <trkpt lon="-76.446330" lat="39.347180"><ele>22.848747</ele><time>2022-04-12T15:35:13Z</time><extensions><speed>1.298194</speed><course>284.206360</course><hAcc>1.731960</hAcc><vAcc>0.792926</vAcc></extensions></trkpt>
      <trkpt lon="-76.446345" lat="39.347183"><ele>22.901304</ele><time>2022-04-12T15:35:14Z</time><extensions><speed>1.260479</speed><course>284.146240</course><hAcc>1.747190</hAcc><vAcc>0.791885</vAcc></extensions></trkpt>
      <trkpt lon="-76.446359" lat="39.347185"><ele>22.918976</ele><time>2022-04-12T15:35:15Z</time><extensions><speed>1.269331</speed><course>281.011749</course><hAcc>1.737385</hAcc><vAcc>0.790858</vAcc></extensions></trkpt>
      <trkpt lon="-76.446374" lat="39.347187"><ele>22.914154</ele><time>2022-04-12T15:35:16Z</time><extensions><speed>1.341007</speed><course>277.893036</course><hAcc>1.730550</hAcc><vAcc>0.789925</vAcc></extensions></trkpt>
      <trkpt lon="-76.446390" lat="39.347189"><ele>22.910486</ele><time>2022-04-12T15:35:17Z</time><extensions><speed>1.407108</speed><course>278.475952</course><hAcc>1.737094</hAcc><vAcc>0.789081</vAcc></extensions></trkpt>
      <trkpt lon="-76.446406" lat="39.347191"><ele>22.909184</ele><time>2022-04-12T15:35:18Z</time><extensions><speed>1.376363</speed><course>278.957245</course><hAcc>1.757727</hAcc><vAcc>0.788296</vAcc></extensions></trkpt>
      <trkpt lon="-76.446421" lat="39.347193"><ele>22.905584</ele><time>2022-04-12T15:35:19Z</time><extensions><speed>1.363452</speed><course>276.179718</course><hAcc>1.735029</hAcc><vAcc>0.787623</vAcc></extensions></trkpt>
      <trkpt lon="-76.446437" lat="39.347194"><ele>22.888340</ele><time>2022-04-12T15:35:20Z</time><extensions><speed>1.339888</speed><course>273.194885</course><hAcc>1.727258</hAcc><vAcc>0.787023</vAcc></extensions></trkpt>
      <trkpt lon="-76.446452" lat="39.347194"><ele>22.853197</ele><time>2022-04-12T15:35:21Z</time><extensions><speed>1.327512</speed><course>270.196808</course><hAcc>1.743751</hAcc><vAcc>0.786507</vAcc></extensions></trkpt>
      <trkpt lon="-76.446468" lat="39.347194"><ele>22.835625</ele><time>2022-04-12T15:35:22Z</time><extensions><speed>1.291069</speed><course>271.317322</course><hAcc>1.762779</hAcc><vAcc>0.786080</vAcc></extensions></trkpt>
      <trkpt lon="-76.446482" lat="39.347194"><ele>22.775385</ele><time>2022-04-12T15:35:23Z</time><extensions><speed>1.230737</speed><course>273.592224</course><hAcc>1.754072</hAcc><vAcc>0.785728</vAcc></extensions></trkpt>
      <trkpt lon="-76.446496" lat="39.347195"><ele>22.721497</ele><time>2022-04-12T15:35:24Z</time><extensions><speed>1.216389</speed><course>276.529480</course><hAcc>1.752694</hAcc><vAcc>0.785447</vAcc></extensions></trkpt>
      <trkpt lon="-76.446510" lat="39.347197"><ele>22.645182</ele><time>2022-04-12T15:35:25Z</time><extensions><speed>1.241222</speed><course>277.445435</course><hAcc>1.758679</hAcc><vAcc>0.785200</vAcc></extensions></trkpt>
      <trkpt lon="-76.446525" lat="39.347198"><ele>22.574768</ele><time>2022-04-12T15:35:26Z</time><extensions><speed>1.298006</speed><course>277.729919</course><hAcc>1.766817</hAcc><vAcc>0.785086</vAcc></extensions></trkpt>
      <trkpt lon="-76.446540" lat="39.347200"><ele>22.524197</ele><time>2022-04-12T15:35:27Z</time><extensions><speed>1.336119</speed><course>277.333740</course><hAcc>1.778263</hAcc><vAcc>0.785052</vAcc></extensions></trkpt>
      <trkpt lon="-76.446556" lat="39.347201"><ele>22.542116</ele><time>2022-04-12T15:35:28Z</time><extensions><speed>1.348930</speed><course>275.046448</course><hAcc>1.784455</hAcc><vAcc>0.785079</vAcc></extensions></trkpt>
      <trkpt lon="-76.446572" lat="39.347202"><ele>22.566490</ele><time>2022-04-12T15:35:29Z</time><extensions><speed>1.390636</speed><course>270.902039</course><hAcc>1.778073</hAcc><vAcc>0.785136</vAcc></extensions></trkpt>
      <trkpt lon="-76.446588" lat="39.347202"><ele>22.606203</ele><time>2022-04-12T15:35:30Z</time><extensions><speed>1.390675</speed><course>267.818939</course><hAcc>1.777278</hAcc><vAcc>0.785228</vAcc></extensions></trkpt>
      <trkpt lon="-76.446604" lat="39.347201"><ele>22.625589</ele><time>2022-04-12T15:35:31Z</time><extensions><speed>1.377490</speed><course>268.048004</course><hAcc>1.783950</hAcc><vAcc>0.785321</vAcc></extensions></trkpt>
      <trkpt lon="-76.446619" lat="39.347201"><ele>22.605343</ele><time>2022-04-12T15:35:32Z</time><extensions><speed>1.326552</speed><course>270.183746</course><hAcc>1.790157</hAcc><vAcc>0.785396</vAcc></extensions></trkpt>
      <trkpt lon="-76.446635" lat="39.347201"><ele>22.623064</ele><time>2022-04-12T15:35:33Z</time><extensions><speed>1.299568</speed><course>274.488586</course><hAcc>1.786558</hAcc><vAcc>0.785458</vAcc></extensions></trkpt>
      <trkpt lon="-76.446650" lat="39.347203"><ele>22.661068</ele><time>2022-04-12T15:35:34Z</time><extensions><speed>1.325526</speed><course>277.519684</course><hAcc>1.781025</hAcc><vAcc>0.785592</vAcc></extensions></trkpt>
      <trkpt lon="-76.446665" lat="39.347204"><ele>22.691523</ele><time>2022-04-12T15:35:35Z</time><extensions><speed>1.341674</speed><course>279.637238</course><hAcc>1.774013</hAcc><vAcc>0.785793</vAcc></extensions></trkpt>
      <trkpt lon="-76.446680" lat="39.347206"><ele>22.728178</ele><time>2022-04-12T15:35:36Z</time><extensions><speed>1.331354</speed><course>277.725494</course><hAcc>1.762744</hAcc><vAcc>0.786031</vAcc></extensions></trkpt>
      <trkpt lon="-76.446696" lat="39.347208"><ele>22.779570</ele><time>2022-04-12T15:35:37Z</time><extensions><speed>1.359586</speed><course>275.371887</course><hAcc>1.755080</hAcc><vAcc>0.786286</vAcc></extensions></trkpt>
      <trkpt lon="-76.446712" lat="39.347209"><ele>22.823500</ele><time>2022-04-12T15:35:38Z</time><extensions><speed>1.411226</speed><course>273.105316</course><hAcc>1.760384</hAcc><vAcc>0.786508</vAcc></extensions></trkpt>
      <trkpt lon="-76.446728" lat="39.347209"><ele>22.874550</ele><time>2022-04-12T15:35:39Z</time><extensions><speed>1.334459</speed><course>272.814148</course><hAcc>1.758844</hAcc><vAcc>0.786781</vAcc></extensions></trkpt>
      <trkpt lon="-76.446743" lat="39.347210"><ele>22.848761</ele><time>2022-04-12T15:35:40Z</time><extensions><speed>1.299249</speed><course>276.592102</course><hAcc>1.729812</hAcc><vAcc>0.786988</vAcc></extensions></trkpt>
      <trkpt lon="-76.446758" lat="39.347212"><ele>22.835342</ele><time>2022-04-12T15:35:41Z</time><extensions><speed>1.323333</speed><course>281.146515</course><hAcc>1.710411</hAcc><vAcc>0.787230</vAcc></extensions></trkpt>
      <trkpt lon="-76.446774" lat="39.347215"><ele>22.786739</ele><time>2022-04-12T15:35:42Z</time><extensions><speed>1.390663</speed><course>285.384216</course><hAcc>1.720119</hAcc><vAcc>0.787550</vAcc></extensions></trkpt>
      <trkpt lon="-76.446790" lat="39.347218"><ele>22.715889</ele><time>2022-04-12T15:35:43Z</time><extensions><speed>1.464833</speed><course>287.400574</course><hAcc>1.748666</hAcc><vAcc>0.788043</vAcc></extensions></trkpt>
      <trkpt lon="-76.446805" lat="39.347222"><ele>22.633686</ele><time>2022-04-12T15:35:44Z</time><extensions><speed>1.346911</speed><course>287.775940</course><hAcc>1.759317</hAcc><vAcc>0.788678</vAcc></extensions></trkpt>
      <trkpt lon="-76.446819" lat="39.347226"><ele>22.569517</ele><time>2022-04-12T15:35:45Z</time><extensions><speed>1.218378</speed><course>287.958069</course><hAcc>1.722477</hAcc><vAcc>0.789459</vAcc></extensions></trkpt>
      <trkpt lon="-76.446832" lat="39.347229"><ele>22.510086</ele><time>2022-04-12T15:35:46Z</time><extensions><speed>1.090168</speed><course>286.703125</course><hAcc>1.705158</hAcc><vAcc>0.790347</vAcc></extensions></trkpt>
      <trkpt lon="-76.446844" lat="39.347231"><ele>22.446989</ele><time>2022-04-12T15:35:47Z</time><extensions><speed>0.983741</speed><course>284.595764</course><hAcc>1.704937</hAcc><vAcc>0.791362</vAcc></extensions></trkpt>
      <trkpt lon="-76.446855" lat="39.347234"><ele>22.382315</ele><time>2022-04-12T15:35:48Z</time><extensions><speed>1.055262</speed><course>285.378784</course><hAcc>1.698189</hAcc><vAcc>0.792441</vAcc></extensions></trkpt>
      <trkpt lon="-76.446868" lat="39.347236"><ele>22.333172</ele><time>2022-04-12T15:35:49Z</time><extensions><speed>1.228800</speed><course>287.099915</course><hAcc>1.713314</hAcc><vAcc>0.793573</vAcc></extensions></trkpt>
      <trkpt lon="-76.446881" lat="39.347240"><ele>22.296099</ele><time>2022-04-12T15:35:50Z</time><extensions><speed>1.180546</speed><course>290.706604</course><hAcc>1.744535</hAcc><vAcc>0.794690</vAcc></extensions></trkpt>
      <trkpt lon="-76.446894" lat="39.347244"><ele>22.267347</ele><time>2022-04-12T15:35:51Z</time><extensions><speed>1.200440</speed><course>285.589874</course><hAcc>1.691882</hAcc><vAcc>0.795732</vAcc></extensions></trkpt>
      <trkpt lon="-76.446906" lat="39.347246"><ele>22.246283</ele><time>2022-04-12T15:35:52Z</time><extensions><speed>1.032898</speed><course>285.764221</course><hAcc>1.647469</hAcc><vAcc>0.796692</vAcc></extensions></trkpt>
      <trkpt lon="-76.446916" lat="39.347249"><ele>22.239679</ele><time>2022-04-12T15:35:53Z</time><extensions><speed>0.740076</speed><course>285.806488</course><hAcc>1.616569</hAcc><vAcc>0.797499</vAcc></extensions></trkpt>
      <trkpt lon="-76.446923" lat="39.347250"><ele>22.232544</ele><time>2022-04-12T15:35:54Z</time><extensions><speed>0.407869</speed><course>284.361725</course><hAcc>1.603639</hAcc><vAcc>0.798131</vAcc></extensions></trkpt>
      <trkpt lon="-76.446926" lat="39.347251"><ele>22.270756</ele><time>2022-04-12T15:35:55Z</time><extensions><speed>0.082224</speed><course>283.992371</course><hAcc>1.622471</hAcc><vAcc>0.798555</vAcc></extensions></trkpt>
      <trkpt lon="-76.446926" lat="39.347251"><ele>22.293528</ele><time>2022-04-12T15:35:56Z</time><extensions><speed>0.014339</speed><course>15.941495</course><hAcc>1.634066</hAcc><vAcc>0.798778</vAcc></extensions></trkpt>
      <trkpt lon="-76.446926" lat="39.347251"><ele>22.319319</ele><time>2022-04-12T15:35:57Z</time><extensions><speed>0.042719</speed><course>4.815852</course><hAcc>1.631412</hAcc><vAcc>0.798928</vAcc></extensions></trkpt>
      <trkpt lon="-76.446926" lat="39.347252"><ele>22.304270</ele><time>2022-04-12T15:35:58Z</time><extensions><speed>0.122889</speed><course>336.378357</course><hAcc>1.627248</hAcc><vAcc>0.798884</vAcc></extensions></trkpt>
      <trkpt lon="-76.446928" lat="39.347253"><ele>22.246218</ele><time>2022-04-12T15:35:59Z</time><extensions><speed>0.318513</speed><course>321.504791</course><hAcc>1.630009</hAcc><vAcc>0.798694</vAcc></extensions></trkpt>
      <trkpt lon="-76.446932" lat="39.347257"><ele>22.198954</ele><time>2022-04-12T15:36:00Z</time><extensions><speed>0.798140</speed><course>314.269226</course><hAcc>1.627243</hAcc><vAcc>0.798429</vAcc></extensions></trkpt>
      <trkpt lon="-76.446940" lat="39.347263"><ele>22.154278</ele><time>2022-04-12T15:36:01Z</time><extensions><speed>1.085359</speed><course>313.266815</course><hAcc>1.661084</hAcc><vAcc>0.798118</vAcc></extensions></trkpt>
      <trkpt lon="-76.446951" lat="39.347270"><ele>22.079052</ele><time>2022-04-12T15:36:02Z</time><extensions><speed>1.257429</speed><course>309.246887</course><hAcc>1.694273</hAcc><vAcc>0.797687</vAcc></extensions></trkpt>
      <trkpt lon="-76.446963" lat="39.347277"><ele>22.000059</ele><time>2022-04-12T15:36:03Z</time><extensions><speed>1.352549</speed><course>305.976074</course><hAcc>1.715262</hAcc><vAcc>0.797250</vAcc></extensions></trkpt>
      <trkpt lon="-76.446976" lat="39.347284"><ele>21.934956</ele><time>2022-04-12T15:36:04Z</time><extensions><speed>1.422927</speed><course>304.247803</course><hAcc>1.727491</hAcc><vAcc>0.796812</vAcc></extensions></trkpt>
      <trkpt lon="-76.446990" lat="39.347292"><ele>21.845764</ele><time>2022-04-12T15:36:05Z</time><extensions><speed>1.451718</speed><course>304.099915</course><hAcc>1.738431</hAcc><vAcc>0.796362</vAcc></extensions></trkpt>
      <trkpt lon="-76.447003" lat="39.347299"><ele>21.775806</ele><time>2022-04-12T15:36:06Z</time><extensions><speed>1.333711</speed><course>304.344910</course><hAcc>1.735250</hAcc><vAcc>0.795927</vAcc></extensions></trkpt>
      <trkpt lon="-76.447015" lat="39.347305"><ele>21.714506</ele><time>2022-04-12T15:36:07Z</time><extensions><speed>1.254035</speed><course>305.471191</course><hAcc>1.735297</hAcc><vAcc>0.795541</vAcc></extensions></trkpt>
      <trkpt lon="-76.447027" lat="39.347312"><ele>21.656370</ele><time>2022-04-12T15:36:08Z</time><extensions><speed>1.260862</speed><course>307.470306</course><hAcc>1.734414</hAcc><vAcc>0.795230</vAcc></extensions></trkpt>
      <trkpt lon="-76.447039" lat="39.347319"><ele>21.610994</ele><time>2022-04-12T15:36:09Z</time><extensions><speed>1.389216</speed><course>309.500732</course><hAcc>1.725123</hAcc><vAcc>0.795021</vAcc></extensions></trkpt>
      <trkpt lon="-76.447052" lat="39.347328"><ele>21.583263</ele><time>2022-04-12T15:36:10Z</time><extensions><speed>1.444650</speed><course>311.514191</course><hAcc>1.713911</hAcc><vAcc>0.794948</vAcc></extensions></trkpt>
      <trkpt lon="-76.447064" lat="39.347337"><ele>21.575291</ele><time>2022-04-12T15:36:11Z</time><extensions><speed>1.491007</speed><course>313.386719</course><hAcc>1.706008</hAcc><vAcc>0.794981</vAcc></extensions></trkpt>
      <trkpt lon="-76.447077" lat="39.347346"><ele>21.592979</ele><time>2022-04-12T15:36:12Z</time><extensions><speed>1.495994</speed><course>314.933441</course><hAcc>1.718466</hAcc><vAcc>0.795141</vAcc></extensions></trkpt>
      <trkpt lon="-76.447088" lat="39.347356"><ele>21.632313</ele><time>2022-04-12T15:36:13Z</time><extensions><speed>1.423666</speed><course>318.103729</course><hAcc>1.744439</hAcc><vAcc>0.795426</vAcc></extensions></trkpt>
      <trkpt lon="-76.447099" lat="39.347365"><ele>21.716770</ele><time>2022-04-12T15:36:14Z</time><extensions><speed>1.432700</speed><course>317.481750</course><hAcc>1.723124</hAcc><vAcc>0.795791</vAcc></extensions></trkpt>
      <trkpt lon="-76.447111" lat="39.347374"><ele>21.790438</ele><time>2022-04-12T15:36:15Z</time><extensions><speed>1.363572</speed><course>316.476105</course><hAcc>1.713742</hAcc><vAcc>0.796193</vAcc></extensions></trkpt>
      <trkpt lon="-76.447121" lat="39.347383"><ele>21.855400</ele><time>2022-04-12T15:36:16Z</time><extensions><speed>1.349497</speed><course>315.858734</course><hAcc>1.719157</hAcc><vAcc>0.796695</vAcc></extensions></trkpt>
      <trkpt lon="-76.447132" lat="39.347392"><ele>21.945110</ele><time>2022-04-12T15:36:17Z</time><extensions><speed>1.342061</speed><course>316.692017</course><hAcc>1.727701</hAcc><vAcc>0.797301</vAcc></extensions></trkpt>
      <trkpt lon="-76.447143" lat="39.347401"><ele>22.033041</ele><time>2022-04-12T15:36:18Z</time><extensions><speed>1.320565</speed><course>317.944611</course><hAcc>1.732844</hAcc><vAcc>0.797962</vAcc></extensions></trkpt>
      <trkpt lon="-76.447153" lat="39.347410"><ele>22.128487</ele><time>2022-04-12T15:36:19Z</time><extensions><speed>1.314463</speed><course>319.581970</course><hAcc>1.734454</hAcc><vAcc>0.798658</vAcc></extensions></trkpt>
      <trkpt lon="-76.447163" lat="39.347419"><ele>22.216398</ele><time>2022-04-12T15:36:20Z</time><extensions><speed>1.379798</speed><course>321.882050</course><hAcc>1.736592</hAcc><vAcc>0.799363</vAcc></extensions></trkpt>
      <trkpt lon="-76.447172" lat="39.347429"><ele>22.309834</ele><time>2022-04-12T15:36:21Z</time><extensions><speed>1.343453</speed><course>323.282043</course><hAcc>1.735016</hAcc><vAcc>0.800022</vAcc></extensions></trkpt>
      <trkpt lon="-76.447181" lat="39.347439"><ele>22.398123</ele><time>2022-04-12T15:36:22Z</time><extensions><speed>1.271287</speed><course>324.869781</course><hAcc>1.736378</hAcc><vAcc>0.800598</vAcc></extensions></trkpt>
      <trkpt lon="-76.447189" lat="39.347448"><ele>22.475805</ele><time>2022-04-12T15:36:23Z</time><extensions><speed>1.213294</speed><course>326.472046</course><hAcc>1.732440</hAcc><vAcc>0.801078</vAcc></extensions></trkpt>
      <trkpt lon="-76.447197" lat="39.347457"><ele>22.552790</ele><time>2022-04-12T15:36:24Z</time><extensions><speed>1.175214</speed><course>328.521881</course><hAcc>1.727592</hAcc><vAcc>0.801490</vAcc></extensions></trkpt>
      <trkpt lon="-76.447204" lat="39.347466"><ele>22.629951</ele><time>2022-04-12T15:36:25Z</time><extensions><speed>1.244781</speed><course>332.127136</course><hAcc>1.726701</hAcc><vAcc>0.801872</vAcc></extensions></trkpt>
      <trkpt lon="-76.447210" lat="39.347477"><ele>22.667681</ele><time>2022-04-12T15:36:26Z</time><extensions><speed>1.307162</speed><course>335.375549</course><hAcc>1.729357</hAcc><vAcc>0.802293</vAcc></extensions></trkpt>
      <trkpt lon="-76.447216" lat="39.347488"><ele>22.706539</ele><time>2022-04-12T15:36:27Z</time><extensions><speed>1.318722</speed><course>337.777222</course><hAcc>1.727986</hAcc><vAcc>0.802679</vAcc></extensions></trkpt>
      <trkpt lon="-76.447221" lat="39.347498"><ele>22.748053</ele><time>2022-04-12T15:36:28Z</time><extensions><speed>1.271646</speed><course>341.485565</course><hAcc>1.724771</hAcc><vAcc>0.803025</vAcc></extensions></trkpt>
      <trkpt lon="-76.447226" lat="39.347509"><ele>22.779963</ele><time>2022-04-12T15:36:29Z</time><extensions><speed>1.245456</speed><course>346.049042</course><hAcc>1.723725</hAcc><vAcc>0.807239</vAcc></extensions></trkpt>
      <trkpt lon="-76.447229" lat="39.347520"><ele>22.806150</ele><time>2022-04-12T15:36:30Z</time><extensions><speed>1.230597</speed><course>351.322266</course><hAcc>1.719659</hAcc><vAcc>0.814133</vAcc></extensions></trkpt>
      <trkpt lon="-76.447230" lat="39.347531"><ele>22.833345</ele><time>2022-04-12T15:36:31Z</time><extensions><speed>1.237336</speed><course>356.168732</course><hAcc>1.704547</hAcc><vAcc>0.817064</vAcc></extensions></trkpt>
      <trkpt lon="-76.447231" lat="39.347543"><ele>22.876429</ele><time>2022-04-12T15:36:32Z</time><extensions><speed>1.259633</speed><course>358.981934</course><hAcc>1.682201</hAcc><vAcc>0.820303</vAcc></extensions></trkpt>
      <trkpt lon="-76.447231" lat="39.347554"><ele>22.924219</ele><time>2022-04-12T15:36:33Z</time><extensions><speed>1.284115</speed><course>359.507385</course><hAcc>1.647728</hAcc><vAcc>0.823834</vAcc></extensions></trkpt>
      <trkpt lon="-76.447231" lat="39.347566"><ele>22.952309</ele><time>2022-04-12T15:36:34Z</time><extensions><speed>1.305282</speed><course>359.770294</course><hAcc>1.602256</hAcc><vAcc>0.827697</vAcc></extensions></trkpt>
      <trkpt lon="-76.447231" lat="39.347578"><ele>22.985775</ele><time>2022-04-12T15:36:35Z</time><extensions><speed>1.423957</speed><course>0.243734</course><hAcc>1.571068</hAcc><vAcc>0.831751</vAcc></extensions></trkpt>
      <trkpt lon="-76.447231" lat="39.347590"><ele>23.024302</ele><time>2022-04-12T15:36:36Z</time><extensions><speed>1.351683</speed><course>1.016158</course><hAcc>1.567898</hAcc><vAcc>0.835621</vAcc></extensions></trkpt>
      <trkpt lon="-76.447231" lat="39.347603"><ele>23.083637</ele><time>2022-04-12T15:36:37Z</time><extensions><speed>1.392616</speed><course>1.149921</course><hAcc>1.465543</hAcc><vAcc>0.838966</vAcc></extensions></trkpt>
      <trkpt lon="-76.447230" lat="39.347616"><ele>23.121910</ele><time>2022-04-12T15:36:38Z</time><extensions><speed>1.534262</speed><course>2.975217</course><hAcc>1.408884</hAcc><vAcc>0.841453</vAcc></extensions></trkpt>
      <trkpt lon="-76.447228" lat="39.347630"><ele>23.155699</ele><time>2022-04-12T15:36:39Z</time><extensions><speed>1.599760</speed><course>10.932322</course><hAcc>1.462342</hAcc><vAcc>0.842543</vAcc></extensions></trkpt>
      <trkpt lon="-76.447225" lat="39.347644"><ele>23.192694</ele><time>2022-04-12T15:36:40Z</time><extensions><speed>1.578214</speed><course>5.627515</course><hAcc>1.463384</hAcc><vAcc>0.841972</vAcc></extensions></trkpt>
      <trkpt lon="-76.447225" lat="39.347657"><ele>23.238325</ele><time>2022-04-12T15:36:41Z</time><extensions><speed>1.330346</speed><course>353.629120</course><hAcc>1.439348</hAcc><vAcc>0.839651</vAcc></extensions></trkpt>
      <trkpt lon="-76.447227" lat="39.347669"><ele>23.253084</ele><time>2022-04-12T15:36:42Z</time><extensions><speed>1.249410</speed><course>353.495605</course><hAcc>1.409143</hAcc><vAcc>0.836105</vAcc></extensions></trkpt>
      <trkpt lon="-76.447228" lat="39.347680"><ele>23.247952</ele><time>2022-04-12T15:36:43Z</time><extensions><speed>1.317141</speed><course>355.304993</course><hAcc>1.473747</hAcc><vAcc>0.831892</vAcc></extensions></trkpt>
      <trkpt lon="-76.447229" lat="39.347692"><ele>23.267719</ele><time>2022-04-12T15:36:44Z</time><extensions><speed>1.361834</speed><course>358.013702</course><hAcc>1.573641</hAcc><vAcc>0.827420</vAcc></extensions></trkpt>
      <trkpt lon="-76.447229" lat="39.347705"><ele>23.288877</ele><time>2022-04-12T15:36:45Z</time><extensions><speed>1.377691</speed><course>358.107483</course><hAcc>1.563892</hAcc><vAcc>0.823094</vAcc></extensions></trkpt>
      <trkpt lon="-76.447230" lat="39.347717"><ele>23.275682</ele><time>2022-04-12T15:36:46Z</time><extensions><speed>1.412660</speed><course>358.175568</course><hAcc>1.563208</hAcc><vAcc>0.819152</vAcc></extensions></trkpt>
      <trkpt lon="-76.447230" lat="39.347730"><ele>23.270849</ele><time>2022-04-12T15:36:47Z</time><extensions><speed>1.421093</speed><course>356.996582</course><hAcc>1.575243</hAcc><vAcc>0.815711</vAcc></extensions></trkpt>
      <trkpt lon="-76.447231" lat="39.347743"><ele>23.254236</ele><time>2022-04-12T15:36:48Z</time><extensions><speed>1.480016</speed><course>355.688080</course><hAcc>1.582840</hAcc><vAcc>0.812878</vAcc></extensions></trkpt>
      <trkpt lon="-76.447233" lat="39.347757"><ele>23.255569</ele><time>2022-04-12T15:36:49Z</time><extensions><speed>1.496293</speed><course>352.891266</course><hAcc>1.596651</hAcc><vAcc>0.810581</vAcc></extensions></trkpt>
      <trkpt lon="-76.447236" lat="39.347769"><ele>23.245626</ele><time>2022-04-12T15:36:50Z</time><extensions><speed>1.396290</speed><course>347.290955</course><hAcc>1.627933</hAcc><vAcc>0.808789</vAcc></extensions></trkpt>
      <trkpt lon="-76.447239" lat="39.347782"><ele>23.244240</ele><time>2022-04-12T15:36:51Z</time><extensions><speed>1.443385</speed><course>346.864990</course><hAcc>1.582464</hAcc><vAcc>0.807433</vAcc></extensions></trkpt>
      <trkpt lon="-76.447243" lat="39.347794"><ele>23.240675</ele><time>2022-04-12T15:36:52Z</time><extensions><speed>1.406480</speed><course>346.992432</course><hAcc>1.583721</hAcc><vAcc>0.806372</vAcc></extensions></trkpt>
      <trkpt lon="-76.447246" lat="39.347807"><ele>23.232456</ele><time>2022-04-12T15:36:53Z</time><extensions><speed>1.382267</speed><course>350.405151</course><hAcc>1.563900</hAcc><vAcc>0.805545</vAcc></extensions></trkpt>
      <trkpt lon="-76.447249" lat="39.347819"><ele>23.236435</ele><time>2022-04-12T15:36:54Z</time><extensions><speed>1.418435</speed><course>348.332123</course><hAcc>1.569162</hAcc><vAcc>0.804836</vAcc></extensions></trkpt>
      <trkpt lon="-76.447253" lat="39.347831"><ele>23.262306</ele><time>2022-04-12T15:36:55Z</time><extensions><speed>1.363675</speed><course>345.191711</course><hAcc>1.631053</hAcc><vAcc>0.804139</vAcc></extensions></trkpt>
      <trkpt lon="-76.447257" lat="39.347844"><ele>23.271629</ele><time>2022-04-12T15:36:56Z</time><extensions><speed>1.405349</speed><course>348.464355</course><hAcc>1.592997</hAcc><vAcc>0.803492</vAcc></extensions></trkpt>
      <trkpt lon="-76.447260" lat="39.347856"><ele>23.274611</ele><time>2022-04-12T15:36:57Z</time><extensions><speed>1.368826</speed><course>348.329437</course><hAcc>1.587839</hAcc><vAcc>0.802855</vAcc></extensions></trkpt>
      <trkpt lon="-76.447263" lat="39.347868"><ele>23.312229</ele><time>2022-04-12T15:36:58Z</time><extensions><speed>1.312144</speed><course>347.084900</course><hAcc>1.618043</hAcc><vAcc>0.802167</vAcc></extensions></trkpt>
      <trkpt lon="-76.447267" lat="39.347879"><ele>23.340096</ele><time>2022-04-12T15:36:59Z</time><extensions><speed>1.227752</speed><course>346.449951</course><hAcc>1.625821</hAcc><vAcc>0.801451</vAcc></extensions></trkpt>
      <trkpt lon="-76.447270" lat="39.347889"><ele>23.385057</ele><time>2022-04-12T15:37:00Z</time><extensions><speed>1.238197</speed><course>345.297058</course><hAcc>1.648284</hAcc><vAcc>0.800718</vAcc></extensions></trkpt>
      <trkpt lon="-76.447274" lat="39.347900"><ele>23.440107</ele><time>2022-04-12T15:37:01Z</time><extensions><speed>1.265194</speed><course>344.819977</course><hAcc>1.673536</hAcc><vAcc>0.800032</vAcc></extensions></trkpt>
      <trkpt lon="-76.447278" lat="39.347912"><ele>23.448526</ele><time>2022-04-12T15:37:02Z</time><extensions><speed>1.328624</speed><course>342.101257</course><hAcc>1.656475</hAcc><vAcc>0.799394</vAcc></extensions></trkpt>
      <trkpt lon="-76.447283" lat="39.347923"><ele>23.467686</ele><time>2022-04-12T15:37:03Z</time><extensions><speed>1.284003</speed><course>339.873047</course><hAcc>1.658274</hAcc><vAcc>0.798819</vAcc></extensions></trkpt>
      <trkpt lon="-76.447288" lat="39.347934"><ele>23.469166</ele><time>2022-04-12T15:37:04Z</time><extensions><speed>1.344967</speed><course>339.360718</course><hAcc>1.632596</hAcc><vAcc>0.798336</vAcc></extensions></trkpt>
      <trkpt lon="-76.447294" lat="39.347945"><ele>23.518528</ele><time>2022-04-12T15:37:05Z</time><extensions><speed>1.382985</speed><course>339.448517</course><hAcc>1.610755</hAcc><vAcc>0.797944</vAcc></extensions></trkpt>
      <trkpt lon="-76.447299" lat="39.347957"><ele>23.536621</ele><time>2022-04-12T15:37:06Z</time><extensions><speed>1.351990</speed><course>340.551025</course><hAcc>1.621293</hAcc><vAcc>0.797650</vAcc></extensions></trkpt>
      <trkpt lon="-76.447304" lat="39.347968"><ele>23.551912</ele><time>2022-04-12T15:37:07Z</time><extensions><speed>1.346855</speed><course>341.469330</course><hAcc>1.647275</hAcc><vAcc>0.797332</vAcc></extensions></trkpt>
      <trkpt lon="-76.447309" lat="39.347980"><ele>23.595800</ele><time>2022-04-12T15:37:08Z</time><extensions><speed>1.362035</speed><course>342.067566</course><hAcc>1.631992</hAcc><vAcc>0.797062</vAcc></extensions></trkpt>
      <trkpt lon="-76.447314" lat="39.347992"><ele>23.616093</ele><time>2022-04-12T15:37:09Z</time><extensions><speed>1.345315</speed><course>344.712677</course><hAcc>1.668675</hAcc><vAcc>0.796829</vAcc></extensions></trkpt>
      <trkpt lon="-76.447318" lat="39.348003"><ele>23.612925</ele><time>2022-04-12T15:37:10Z</time><extensions><speed>1.293425</speed><course>345.039154</course><hAcc>1.631539</hAcc><vAcc>0.796648</vAcc></extensions></trkpt>
      <trkpt lon="-76.447322" lat="39.348014"><ele>23.621653</ele><time>2022-04-12T15:37:11Z</time><extensions><speed>1.263984</speed><course>345.482025</course><hAcc>1.628660</hAcc><vAcc>0.796517</vAcc></extensions></trkpt>
      <trkpt lon="-76.447326" lat="39.348025"><ele>23.619995</ele><time>2022-04-12T15:37:12Z</time><extensions><speed>1.289185</speed><course>344.894043</course><hAcc>1.657495</hAcc><vAcc>0.796395</vAcc></extensions></trkpt>
      <trkpt lon="-76.447330" lat="39.348037"><ele>23.617619</ele><time>2022-04-12T15:37:13Z</time><extensions><speed>1.327159</speed><course>344.312347</course><hAcc>1.683526</hAcc><vAcc>0.796228</vAcc></extensions></trkpt>
      <trkpt lon="-76.447334" lat="39.348048"><ele>23.621630</ele><time>2022-04-12T15:37:14Z</time><extensions><speed>1.333846</speed><course>343.459045</course><hAcc>1.698521</hAcc><vAcc>0.796026</vAcc></extensions></trkpt>
      <trkpt lon="-76.447338" lat="39.348059"><ele>23.621904</ele><time>2022-04-12T15:37:15Z</time><extensions><speed>1.303524</speed><course>342.420044</course><hAcc>1.703227</hAcc><vAcc>0.795880</vAcc></extensions></trkpt>
      <trkpt lon="-76.447343" lat="39.348070"><ele>23.618052</ele><time>2022-04-12T15:37:16Z</time><extensions><speed>1.266131</speed><course>344.593079</course><hAcc>1.701128</hAcc><vAcc>0.795771</vAcc></extensions></trkpt>
      <trkpt lon="-76.447346" lat="39.348081"><ele>23.616190</ele><time>2022-04-12T15:37:17Z</time><extensions><speed>1.137158</speed><course>344.073059</course><hAcc>1.675848</hAcc><vAcc>0.795640</vAcc></extensions></trkpt>
      <trkpt lon="-76.447351" lat="39.348091"><ele>23.609386</ele><time>2022-04-12T15:37:18Z</time><extensions><speed>1.108373</speed><course>339.328308</course><hAcc>1.647969</hAcc><vAcc>0.795590</vAcc></extensions></trkpt>
      <trkpt lon="-76.447356" lat="39.348100"><ele>23.609354</ele><time>2022-04-12T15:37:19Z</time><extensions><speed>1.200409</speed><course>338.798676</course><hAcc>1.633083</hAcc><vAcc>0.795612</vAcc></extensions></trkpt>
      <trkpt lon="-76.447361" lat="39.348111"><ele>23.624567</ele><time>2022-04-12T15:37:20Z</time><extensions><speed>1.364823</speed><course>339.246033</course><hAcc>1.652461</hAcc><vAcc>0.795698</vAcc></extensions></trkpt>
      <trkpt lon="-76.447367" lat="39.348122"><ele>23.628853</ele><time>2022-04-12T15:37:21Z</time><extensions><speed>1.338441</speed><course>338.009125</course><hAcc>1.680117</hAcc><vAcc>0.795803</vAcc></extensions></trkpt>
      <trkpt lon="-76.447372" lat="39.348134"><ele>23.624571</ele><time>2022-04-12T15:37:22Z</time><extensions><speed>1.335016</speed><course>340.193237</course><hAcc>1.616382</hAcc><vAcc>0.795896</vAcc></extensions></trkpt>
      <trkpt lon="-76.447378" lat="39.348145"><ele>23.624912</ele><time>2022-04-12T15:37:23Z</time><extensions><speed>1.364885</speed><course>341.991852</course><hAcc>1.583164</hAcc><vAcc>0.795972</vAcc></extensions></trkpt>
      <trkpt lon="-76.447382" lat="39.348157"><ele>23.604494</ele><time>2022-04-12T15:37:24Z</time><extensions><speed>1.399424</speed><course>343.712982</course><hAcc>1.612956</hAcc><vAcc>0.796079</vAcc></extensions></trkpt>
      <trkpt lon="-76.447386" lat="39.348169"><ele>23.600830</ele><time>2022-04-12T15:37:25Z</time><extensions><speed>1.299364</speed><course>350.320709</course><hAcc>1.676663</hAcc><vAcc>0.796174</vAcc></extensions></trkpt>
      <trkpt lon="-76.447389" lat="39.348180"><ele>23.604877</ele><time>2022-04-12T15:37:26Z</time><extensions><speed>1.184035</speed><course>349.192627</course><hAcc>1.648806</hAcc><vAcc>0.796266</vAcc></extensions></trkpt>
      <trkpt lon="-76.447392" lat="39.348191"><ele>23.607029</ele><time>2022-04-12T15:37:27Z</time><extensions><speed>1.244179</speed><course>346.232880</course><hAcc>1.634965</hAcc><vAcc>0.796327</vAcc></extensions></trkpt>
      <trkpt lon="-76.447396" lat="39.348202"><ele>23.598942</ele><time>2022-04-12T15:37:28Z</time><extensions><speed>1.296561</speed><course>342.376648</course><hAcc>1.652233</hAcc><vAcc>0.796368</vAcc></extensions></trkpt>
      <trkpt lon="-76.447401" lat="39.348213"><ele>23.591633</ele><time>2022-04-12T15:37:29Z</time><extensions><speed>1.396391</speed><course>339.479034</course><hAcc>1.663430</hAcc><vAcc>0.796395</vAcc></extensions></trkpt>
      <trkpt lon="-76.447407" lat="39.348225"><ele>23.580767</ele><time>2022-04-12T15:37:30Z</time><extensions><speed>1.421340</speed><course>336.214325</course><hAcc>1.658856</hAcc><vAcc>0.796391</vAcc></extensions></trkpt>
      <trkpt lon="-76.447414" lat="39.348237"><ele>23.579350</ele><time>2022-04-12T15:37:31Z</time><extensions><speed>1.458102</speed><course>335.842896</course><hAcc>1.629770</hAcc><vAcc>0.796372</vAcc></extensions></trkpt>
      <trkpt lon="-76.447421" lat="39.348249"><ele>23.590666</ele><time>2022-04-12T15:37:32Z</time><extensions><speed>1.510766</speed><course>336.426025</course><hAcc>1.590088</hAcc><vAcc>0.796356</vAcc></extensions></trkpt>
      <trkpt lon="-76.447428" lat="39.348262"><ele>23.593767</ele><time>2022-04-12T15:37:33Z</time><extensions><speed>1.519612</speed><course>335.830048</course><hAcc>1.573840</hAcc><vAcc>0.796355</vAcc></extensions></trkpt>
      <trkpt lon="-76.447435" lat="39.348273"><ele>23.595972</ele><time>2022-04-12T15:37:34Z</time><extensions><speed>1.351897</speed><course>334.242371</course><hAcc>1.599738</hAcc><vAcc>0.796401</vAcc></extensions></trkpt>
      <trkpt lon="-76.447443" lat="39.348284"><ele>23.607342</ele><time>2022-04-12T15:37:35Z</time><extensions><speed>1.430128</speed><course>329.090881</course><hAcc>1.560440</hAcc><vAcc>0.796490</vAcc></extensions></trkpt>
      <trkpt lon="-76.447451" lat="39.348295"><ele>23.627657</ele><time>2022-04-12T15:37:36Z</time><extensions><speed>1.341991</speed><course>328.375977</course><hAcc>1.582936</hAcc><vAcc>0.796567</vAcc></extensions></trkpt>
      <trkpt lon="-76.447460" lat="39.348305"><ele>23.654207</ele><time>2022-04-12T15:37:37Z</time><extensions><speed>1.337351</speed><course>329.180786</course><hAcc>1.545999</hAcc><vAcc>0.796598</vAcc></extensions></trkpt>
      <trkpt lon="-76.447467" lat="39.348316"><ele>23.679241</ele><time>2022-04-12T15:37:38Z</time><extensions><speed>1.329183</speed><course>331.168579</course><hAcc>1.582186</hAcc><vAcc>0.796593</vAcc></extensions></trkpt>
      <trkpt lon="-76.447475" lat="39.348326"><ele>23.715935</ele><time>2022-04-12T15:37:39Z</time><extensions><speed>1.303831</speed><course>329.724762</course><hAcc>1.562856</hAcc><vAcc>0.796549</vAcc></extensions></trkpt>
      <trkpt lon="-76.447483" lat="39.348336"><ele>23.738077</ele><time>2022-04-12T15:37:40Z</time><extensions><speed>1.244289</speed><course>324.728699</course><hAcc>1.567168</hAcc><vAcc>0.796448</vAcc></extensions></trkpt>
      <trkpt lon="-76.447491" lat="39.348345"><ele>23.775078</ele><time>2022-04-12T15:37:41Z</time><extensions><speed>1.244382</speed><course>322.283295</course><hAcc>1.595865</hAcc><vAcc>0.796320</vAcc></extensions></trkpt>
      <trkpt lon="-76.447501" lat="39.348354"><ele>23.807117</ele><time>2022-04-12T15:37:42Z</time><extensions><speed>1.321039</speed><course>322.458374</course><hAcc>1.607932</hAcc><vAcc>0.796188</vAcc></extensions></trkpt>
      <trkpt lon="-76.447510" lat="39.348363"><ele>23.844267</ele><time>2022-04-12T15:37:43Z</time><extensions><speed>1.396120</speed><course>321.331207</course><hAcc>1.616210</hAcc><vAcc>0.796062</vAcc></extensions></trkpt>
      <trkpt lon="-76.447521" lat="39.348373"><ele>23.893972</ele><time>2022-04-12T15:37:44Z</time><extensions><speed>1.414288</speed><course>320.134888</course><hAcc>1.638836</hAcc><vAcc>0.795929</vAcc></extensions></trkpt>
      <trkpt lon="-76.447531" lat="39.348383"><ele>23.944008</ele><time>2022-04-12T15:37:45Z</time><extensions><speed>1.373029</speed><course>318.481750</course><hAcc>1.694571</hAcc><vAcc>0.795798</vAcc></extensions></trkpt>
      <trkpt lon="-76.447542" lat="39.348392"><ele>23.987638</ele><time>2022-04-12T15:37:46Z</time><extensions><speed>1.405456</speed><course>316.533051</course><hAcc>1.658497</hAcc><vAcc>0.795662</vAcc></extensions></trkpt>
      <trkpt lon="-76.447553" lat="39.348401"><ele>24.030392</ele><time>2022-04-12T15:37:47Z</time><extensions><speed>1.359621</speed><course>316.887177</course><hAcc>1.633340</hAcc><vAcc>0.795507</vAcc></extensions></trkpt>
      <trkpt lon="-76.447564" lat="39.348410"><ele>24.058270</ele><time>2022-04-12T15:37:48Z</time><extensions><speed>1.318374</speed><course>318.705627</course><hAcc>1.648755</hAcc><vAcc>0.795358</vAcc></extensions></trkpt>
      <trkpt lon="-76.447574" lat="39.348419"><ele>24.069912</ele><time>2022-04-12T15:37:49Z</time><extensions><speed>1.287791</speed><course>318.142487</course><hAcc>1.677362</hAcc><vAcc>0.795180</vAcc></extensions></trkpt>
      <trkpt lon="-76.447584" lat="39.348428"><ele>24.075399</ele><time>2022-04-12T15:37:50Z</time><extensions><speed>1.352257</speed><course>318.735626</course><hAcc>1.697436</hAcc><vAcc>0.795020</vAcc></extensions></trkpt>
      <trkpt lon="-76.447594" lat="39.348437"><ele>24.074112</ele><time>2022-04-12T15:37:51Z</time><extensions><speed>1.361147</speed><course>318.688934</course><hAcc>1.702357</hAcc><vAcc>0.794881</vAcc></extensions></trkpt>
      <trkpt lon="-76.447605" lat="39.348446"><ele>24.067848</ele><time>2022-04-12T15:37:52Z</time><extensions><speed>1.397259</speed><course>318.639160</course><hAcc>1.694639</hAcc><vAcc>0.794797</vAcc></extensions></trkpt>
      <trkpt lon="-76.447616" lat="39.348456"><ele>24.053766</ele><time>2022-04-12T15:37:53Z</time><extensions><speed>1.431695</speed><course>316.916565</course><hAcc>1.685964</hAcc><vAcc>0.794768</vAcc></extensions></trkpt>
      <trkpt lon="-76.447628" lat="39.348465"><ele>24.038565</ele><time>2022-04-12T15:37:54Z</time><extensions><speed>1.447994</speed><course>315.312531</course><hAcc>1.679035</hAcc><vAcc>0.794751</vAcc></extensions></trkpt>
      <trkpt lon="-76.447639" lat="39.348475"><ele>24.025696</ele><time>2022-04-12T15:37:55Z</time><extensions><speed>1.418670</speed><course>315.941772</course><hAcc>1.681280</hAcc><vAcc>0.794708</vAcc></extensions></trkpt>
      <trkpt lon="-76.447651" lat="39.348484"><ele>23.986126</ele><time>2022-04-12T15:37:56Z</time><extensions><speed>1.426875</speed><course>313.247925</course><hAcc>1.688969</hAcc><vAcc>0.794632</vAcc></extensions></trkpt>
      <trkpt lon="-76.447664" lat="39.348492"><ele>23.993422</ele><time>2022-04-12T15:37:57Z</time><extensions><speed>1.428138</speed><course>308.569550</course><hAcc>1.725697</hAcc><vAcc>0.794626</vAcc></extensions></trkpt>
      <trkpt lon="-76.447676" lat="39.348501"><ele>23.978447</ele><time>2022-04-12T15:37:58Z</time><extensions><speed>1.455701</speed><course>311.461792</course><hAcc>1.704505</hAcc><vAcc>0.794649</vAcc></extensions></trkpt>
      <trkpt lon="-76.447689" lat="39.348510"><ele>23.983412</ele><time>2022-04-12T15:37:59Z</time><extensions><speed>1.468580</speed><course>313.541687</course><hAcc>1.691005</hAcc><vAcc>0.794716</vAcc></extensions></trkpt>
      <trkpt lon="-76.447702" lat="39.348519"><ele>24.019159</ele><time>2022-04-12T15:38:00Z</time><extensions><speed>1.531990</speed><course>313.776733</course><hAcc>1.705499</hAcc><vAcc>0.794835</vAcc></extensions></trkpt>
      <trkpt lon="-76.447715" lat="39.348529"><ele>24.071329</ele><time>2022-04-12T15:38:01Z</time><extensions><speed>1.587708</speed><course>313.924011</course><hAcc>1.724172</hAcc><vAcc>0.795074</vAcc></extensions></trkpt>
      <trkpt lon="-76.447728" lat="39.348539"><ele>24.098852</ele><time>2022-04-12T15:38:02Z</time><extensions><speed>1.628215</speed><course>313.606415</course><hAcc>1.740158</hAcc><vAcc>0.799225</vAcc></extensions></trkpt>
      <trkpt lon="-76.447742" lat="39.348549"><ele>24.159079</ele><time>2022-04-12T15:38:03Z</time><extensions><speed>1.673640</speed><course>312.279602</course><hAcc>1.750894</hAcc><vAcc>0.800927</vAcc></extensions></trkpt>
      <trkpt lon="-76.447757" lat="39.348559"><ele>24.195881</ele><time>2022-04-12T15:38:04Z</time><extensions><speed>1.679876</speed><course>310.340912</course><hAcc>1.755544</hAcc><vAcc>0.802821</vAcc></extensions></trkpt>
      <trkpt lon="-76.447772" lat="39.348569"><ele>24.235207</ele><time>2022-04-12T15:38:05Z</time><extensions><speed>1.647969</speed><course>309.422852</course><hAcc>1.748899</hAcc><vAcc>0.804829</vAcc></extensions></trkpt>
      <trkpt lon="-76.447786" lat="39.348578"><ele>24.277456</ele><time>2022-04-12T15:38:06Z</time><extensions><speed>1.608719</speed><course>308.836792</course><hAcc>1.739860</hAcc><vAcc>0.807013</vAcc></extensions></trkpt>
      <trkpt lon="-76.447801" lat="39.348587"><ele>24.326244</ele><time>2022-04-12T15:38:07Z</time><extensions><speed>1.545588</speed><course>307.815979</course><hAcc>1.722405</hAcc><vAcc>0.809121</vAcc></extensions></trkpt>
      <trkpt lon="-76.447815" lat="39.348595"><ele>24.375113</ele><time>2022-04-12T15:38:08Z</time><extensions><speed>1.476198</speed><course>305.577271</course><hAcc>1.680723</hAcc><vAcc>0.811371</vAcc></extensions></trkpt>
      <trkpt lon="-76.447829" lat="39.348602"><ele>24.420321</ele><time>2022-04-12T15:38:09Z</time><extensions><speed>1.427696</speed><course>301.264862</course><hAcc>1.636396</hAcc><vAcc>0.813434</vAcc></extensions></trkpt>
      <trkpt lon="-76.447843" lat="39.348608"><ele>24.462938</ele><time>2022-04-12T15:38:10Z</time><extensions><speed>1.326259</speed><course>295.481354</course><hAcc>1.611755</hAcc><vAcc>0.815062</vAcc></extensions></trkpt>
      <trkpt lon="-76.447857" lat="39.348613"><ele>24.433075</ele><time>2022-04-12T15:38:11Z</time><extensions><speed>1.346012</speed><course>291.265015</course><hAcc>1.633816</hAcc><vAcc>0.815976</vAcc></extensions></trkpt>
      <trkpt lon="-76.447872" lat="39.348617"><ele>24.383692</ele><time>2022-04-12T15:38:12Z</time><extensions><speed>1.369528</speed><course>289.160767</course><hAcc>1.711695</hAcc><vAcc>0.815991</vAcc></extensions></trkpt>
      <trkpt lon="-76.447887" lat="39.348621"><ele>24.326338</ele><time>2022-04-12T15:38:13Z</time><extensions><speed>1.325863</speed><course>292.983429</course><hAcc>1.623716</hAcc><vAcc>0.814909</vAcc></extensions></trkpt>
      <trkpt lon="-76.447901" lat="39.348626"><ele>24.257757</ele><time>2022-04-12T15:38:14Z</time><extensions><speed>1.313894</speed><course>293.239960</course><hAcc>1.606724</hAcc><vAcc>0.812936</vAcc></extensions></trkpt>
      <trkpt lon="-76.447915" lat="39.348630"><ele>24.193457</ele><time>2022-04-12T15:38:15Z</time><extensions><speed>1.346788</speed><course>291.455322</course><hAcc>1.658242</hAcc><vAcc>0.810426</vAcc></extensions></trkpt>
      <trkpt lon="-76.447930" lat="39.348634"><ele>24.146931</ele><time>2022-04-12T15:38:16Z</time><extensions><speed>1.388101</speed><course>288.854645</course><hAcc>1.694049</hAcc><vAcc>0.807697</vAcc></extensions></trkpt>
      <trkpt lon="-76.447946" lat="39.348637"><ele>24.082846</ele><time>2022-04-12T15:38:17Z</time><extensions><speed>1.398489</speed><course>282.534515</course><hAcc>1.713052</hAcc><vAcc>0.805056</vAcc></extensions></trkpt>
      <trkpt lon="-76.447962" lat="39.348639"><ele>24.021206</ele><time>2022-04-12T15:38:18Z</time><extensions><speed>1.371054</speed><course>273.913513</course><hAcc>1.719064</hAcc><vAcc>0.802719</vAcc></extensions></trkpt>
      <trkpt lon="-76.447978" lat="39.348639"><ele>23.981033</ele><time>2022-04-12T15:38:19Z</time><extensions><speed>1.392678</speed><course>268.192383</course><hAcc>1.714491</hAcc><vAcc>0.800820</vAcc></extensions></trkpt>
      <trkpt lon="-76.447994" lat="39.348638"><ele>23.958467</ele><time>2022-04-12T15:38:20Z</time><extensions><speed>1.378949</speed><course>266.314026</course><hAcc>1.721121</hAcc><vAcc>0.799410</vAcc></extensions></trkpt>
      <trkpt lon="-76.448008" lat="39.348637"><ele>23.958158</ele><time>2022-04-12T15:38:21Z</time><extensions><speed>1.139131</speed><course>267.090363</course><hAcc>1.743105</hAcc><vAcc>0.798502</vAcc></extensions></trkpt>
      <trkpt lon="-76.448022" lat="39.348635"><ele>23.963011</ele><time>2022-04-12T15:38:22Z</time><extensions><speed>1.328850</speed><course>251.060806</course><hAcc>1.698877</hAcc><vAcc>0.798095</vAcc></extensions></trkpt>
      <trkpt lon="-76.448037" lat="39.348630"><ele>24.011263</ele><time>2022-04-12T15:38:23Z</time><extensions><speed>1.477704</speed><course>241.532791</course><hAcc>1.661010</hAcc><vAcc>0.798071</vAcc></extensions></trkpt>
      <trkpt lon="-76.448053" lat="39.348623"><ele>24.044085</ele><time>2022-04-12T15:38:24Z</time><extensions><speed>1.612778</speed><course>240.398849</course><hAcc>1.638945</hAcc><vAcc>0.798361</vAcc></extensions></trkpt>
      <trkpt lon="-76.448070" lat="39.348616"><ele>24.090801</ele><time>2022-04-12T15:38:25Z</time><extensions><speed>1.651731</speed><course>242.610703</course><hAcc>1.653474</hAcc><vAcc>0.798906</vAcc></extensions></trkpt>
      <trkpt lon="-76.448086" lat="39.348610"><ele>24.146017</ele><time>2022-04-12T15:38:26Z</time><extensions><speed>1.475146</speed><course>248.665451</course><hAcc>1.698764</hAcc><vAcc>0.799640</vAcc></extensions></trkpt>
      <trkpt lon="-76.448103" lat="39.348604"><ele>24.185534</ele><time>2022-04-12T15:38:27Z</time><extensions><speed>1.635244</speed><course>242.289337</course><hAcc>1.637536</hAcc><vAcc>0.800445</vAcc></extensions></trkpt>
      <trkpt lon="-76.448120" lat="39.348596"><ele>24.233891</ele><time>2022-04-12T15:38:28Z</time><extensions><speed>1.754093</speed><course>237.786835</course><hAcc>1.591379</hAcc><vAcc>0.801301</vAcc></extensions></trkpt>
      <trkpt lon="-76.448137" lat="39.348588"><ele>24.305168</ele><time>2022-04-12T15:38:29Z</time><extensions><speed>1.752390</speed><course>236.522156</course><hAcc>1.590698</hAcc><vAcc>0.802148</vAcc></extensions></trkpt>
      <trkpt lon="-76.448153" lat="39.348579"><ele>24.413595</ele><time>2022-04-12T15:38:30Z</time><extensions><speed>1.601171</speed><course>237.280655</course><hAcc>1.626312</hAcc><vAcc>0.802961</vAcc></extensions></trkpt>
      <trkpt lon="-76.448168" lat="39.348572"><ele>24.528948</ele><time>2022-04-12T15:38:31Z</time><extensions><speed>1.489954</speed><course>238.097641</course><hAcc>1.662774</hAcc><vAcc>0.803758</vAcc></extensions></trkpt>
      <trkpt lon="-76.448183" lat="39.348564"><ele>24.665222</ele><time>2022-04-12T15:38:32Z</time><extensions><speed>1.510349</speed><course>234.875793</course><hAcc>1.643372</hAcc><vAcc>0.804482</vAcc></extensions></trkpt>
      <trkpt lon="-76.448198" lat="39.348556"><ele>24.756502</ele><time>2022-04-12T15:38:33Z</time><extensions><speed>1.546571</speed><course>237.007004</course><hAcc>1.613947</hAcc><vAcc>0.805140</vAcc></extensions></trkpt>
      <trkpt lon="-76.448213" lat="39.348549"><ele>24.858276</ele><time>2022-04-12T15:38:34Z</time><extensions><speed>1.545729</speed><course>241.101639</course><hAcc>1.616866</hAcc><vAcc>0.805751</vAcc></extensions></trkpt>
      <trkpt lon="-76.448229" lat="39.348543"><ele>24.960083</ele><time>2022-04-12T15:38:35Z</time><extensions><speed>1.559770</speed><course>244.800064</course><hAcc>1.627384</hAcc><vAcc>0.806336</vAcc></extensions></trkpt>
      <trkpt lon="-76.448246" lat="39.348536"><ele>25.016241</ele><time>2022-04-12T15:38:36Z</time><extensions><speed>1.603957</speed><course>243.921616</course><hAcc>1.606744</hAcc><vAcc>0.806873</vAcc></extensions></trkpt>
      <trkpt lon="-76.448262" lat="39.348530"><ele>25.092127</ele><time>2022-04-12T15:38:37Z</time><extensions><speed>1.577239</speed><course>241.862473</course><hAcc>1.595088</hAcc><vAcc>0.807339</vAcc></extensions></trkpt>
      <trkpt lon="-76.448278" lat="39.348523"><ele>25.150339</ele><time>2022-04-12T15:38:38Z</time><extensions><speed>1.523202</speed><course>238.716080</course><hAcc>1.605846</hAcc><vAcc>0.807718</vAcc></extensions></trkpt>
      <trkpt lon="-76.448293" lat="39.348515"><ele>25.259808</ele><time>2022-04-12T15:38:39Z</time><extensions><speed>1.582625</speed><course>235.402664</course><hAcc>1.572717</hAcc><vAcc>0.808056</vAcc></extensions></trkpt>
      <trkpt lon="-76.448307" lat="39.348507"><ele>25.368439</ele><time>2022-04-12T15:38:40Z</time><extensions><speed>1.434670</speed><course>232.104828</course><hAcc>1.595482</hAcc><vAcc>0.808363</vAcc></extensions></trkpt>
      <trkpt lon="-76.448320" lat="39.348498"><ele>25.450991</ele><time>2022-04-12T15:38:41Z</time><extensions><speed>1.567179</speed><course>226.958450</course><hAcc>1.546784</hAcc><vAcc>0.808590</vAcc></extensions></trkpt>
      <trkpt lon="-76.448333" lat="39.348488"><ele>25.506937</ele><time>2022-04-12T15:38:42Z</time><extensions><speed>1.487452</speed><course>226.260696</course><hAcc>1.543576</hAcc><vAcc>0.808735</vAcc></extensions></trkpt>
      <trkpt lon="-76.448346" lat="39.348478"><ele>25.548780</ele><time>2022-04-12T15:38:43Z</time><extensions><speed>1.613084</speed><course>224.255981</course><hAcc>1.517835</hAcc><vAcc>0.808752</vAcc></extensions></trkpt>
      <trkpt lon="-76.448359" lat="39.348468"><ele>25.574087</ele><time>2022-04-12T15:38:44Z</time><extensions><speed>1.550165</speed><course>222.220688</course><hAcc>1.543430</hAcc><vAcc>0.808739</vAcc></extensions></trkpt>
      <trkpt lon="-76.448371" lat="39.348458"><ele>25.586021</ele><time>2022-04-12T15:38:45Z</time><extensions><speed>1.486136</speed><course>223.244537</course><hAcc>1.579751</hAcc><vAcc>0.808683</vAcc></extensions></trkpt>
      <trkpt lon="-76.448383" lat="39.348448"><ele>25.570501</ele><time>2022-04-12T15:38:46Z</time><extensions><speed>1.515105</speed><course>222.859863</course><hAcc>1.548744</hAcc><vAcc>0.808628</vAcc></extensions></trkpt>
      <trkpt lon="-76.448395" lat="39.348438"><ele>25.563677</ele><time>2022-04-12T15:38:47Z</time><extensions><speed>1.525626</speed><course>222.060471</course><hAcc>1.535109</hAcc><vAcc>0.808588</vAcc></extensions></trkpt>
      <trkpt lon="-76.448407" lat="39.348427"><ele>25.556250</ele><time>2022-04-12T15:38:48Z</time><extensions><speed>1.562274</speed><course>221.418793</course><hAcc>1.521320</hAcc><vAcc>0.808566</vAcc></extensions></trkpt>
      <trkpt lon="-76.448419" lat="39.348417"><ele>25.535524</ele><time>2022-04-12T15:38:49Z</time><extensions><speed>1.596297</speed><course>221.472763</course><hAcc>1.547701</hAcc><vAcc>0.808575</vAcc></extensions></trkpt>
      <trkpt lon="-76.448430" lat="39.348407"><ele>25.522221</ele><time>2022-04-12T15:38:50Z</time><extensions><speed>1.404520</speed><course>220.748871</course><hAcc>1.610715</hAcc><vAcc>0.808611</vAcc></extensions></trkpt>
      <trkpt lon="-76.448441" lat="39.348397"><ele>25.468842</ele><time>2022-04-12T15:38:51Z</time><extensions><speed>1.448998</speed><course>222.959198</course><hAcc>1.613968</hAcc><vAcc>0.808716</vAcc></extensions></trkpt>
      <trkpt lon="-76.448453" lat="39.348387"><ele>25.442427</ele><time>2022-04-12T15:38:52Z</time><extensions><speed>1.504314</speed><course>222.155060</course><hAcc>1.573943</hAcc><vAcc>0.808835</vAcc></extensions></trkpt>
      <trkpt lon="-76.448465" lat="39.348377"><ele>25.400051</ele><time>2022-04-12T15:38:53Z</time><extensions><speed>1.506191</speed><course>220.676193</course><hAcc>1.559277</hAcc><vAcc>0.809044</vAcc></extensions></trkpt>
      <trkpt lon="-76.448476" lat="39.348367"><ele>25.354893</ele><time>2022-04-12T15:38:54Z</time><extensions><speed>1.481921</speed><course>222.178955</course><hAcc>1.571363</hAcc><vAcc>0.809256</vAcc></extensions></trkpt>
      <trkpt lon="-76.448488" lat="39.348357"><ele>25.313351</ele><time>2022-04-12T15:38:55Z</time><extensions><speed>1.457271</speed><course>222.824417</course><hAcc>1.587836</hAcc><vAcc>0.809431</vAcc></extensions></trkpt>
      <trkpt lon="-76.448499" lat="39.348348"><ele>25.276646</ele><time>2022-04-12T15:38:56Z</time><extensions><speed>1.403182</speed><course>223.882507</course><hAcc>1.620581</hAcc><vAcc>0.809535</vAcc></extensions></trkpt>
      <trkpt lon="-76.448510" lat="39.348339"><ele>25.247873</ele><time>2022-04-12T15:38:57Z</time><extensions><speed>1.414390</speed><course>221.357239</course><hAcc>1.668533</hAcc><vAcc>0.809567</vAcc></extensions></trkpt>
      <trkpt lon="-76.448522" lat="39.348329"><ele>25.225803</ele><time>2022-04-12T15:38:58Z</time><extensions><speed>1.472333</speed><course>225.295578</course><hAcc>1.626706</hAcc><vAcc>0.809516</vAcc></extensions></trkpt>
      <trkpt lon="-76.448534" lat="39.348320"><ele>25.210333</ele><time>2022-04-12T15:38:59Z</time><extensions><speed>1.449474</speed><course>225.461197</course><hAcc>1.601224</hAcc><vAcc>0.809479</vAcc></extensions></trkpt>
      <trkpt lon="-76.448546" lat="39.348311"><ele>25.212198</ele><time>2022-04-12T15:39:00Z</time><extensions><speed>1.403651</speed><course>225.892868</course><hAcc>1.607171</hAcc><vAcc>0.809364</vAcc></extensions></trkpt>
      <trkpt lon="-76.448557" lat="39.348302"><ele>25.224897</ele><time>2022-04-12T15:39:01Z</time><extensions><speed>1.364573</speed><course>226.971237</course><hAcc>1.625288</hAcc><vAcc>0.809193</vAcc></extensions></trkpt>
      <trkpt lon="-76.448569" lat="39.348294"><ele>25.216551</ele><time>2022-04-12T15:39:02Z</time><extensions><speed>1.440467</speed><course>226.703751</course><hAcc>1.656193</hAcc><vAcc>0.809017</vAcc></extensions></trkpt>
      <trkpt lon="-76.448581" lat="39.348285"><ele>25.221977</ele><time>2022-04-12T15:39:03Z</time><extensions><speed>1.392156</speed><course>227.205505</course><hAcc>1.703022</hAcc><vAcc>0.808783</vAcc></extensions></trkpt>
      <trkpt lon="-76.448593" lat="39.348277"><ele>25.225973</ele><time>2022-04-12T15:39:04Z</time><extensions><speed>1.342187</speed><course>228.147644</course><hAcc>1.671250</hAcc><vAcc>0.808478</vAcc></extensions></trkpt>
      <trkpt lon="-76.448604" lat="39.348269"><ele>25.215023</ele><time>2022-04-12T15:39:05Z</time><extensions><speed>1.291725</speed><course>228.410706</course><hAcc>1.660747</hAcc><vAcc>0.808138</vAcc></extensions></trkpt>
      <trkpt lon="-76.448615" lat="39.348261"><ele>25.221212</ele><time>2022-04-12T15:39:06Z</time><extensions><speed>1.243569</speed><course>228.635971</course><hAcc>1.674918</hAcc><vAcc>0.807737</vAcc></extensions></trkpt>
      <trkpt lon="-76.448626" lat="39.348254"><ele>25.227642</ele><time>2022-04-12T15:39:07Z</time><extensions><speed>1.203441</speed><course>228.486267</course><hAcc>1.692077</hAcc><vAcc>0.807313</vAcc></extensions></trkpt>
      <trkpt lon="-76.448636" lat="39.348247"><ele>25.245443</ele><time>2022-04-12T15:39:08Z</time><extensions><speed>1.121601</speed><course>227.109589</course><hAcc>1.701015</hAcc><vAcc>0.806843</vAcc></extensions></trkpt>
      <trkpt lon="-76.448645" lat="39.348240"><ele>25.279675</ele><time>2022-04-12T15:39:09Z</time><extensions><speed>1.076155</speed><course>224.354401</course><hAcc>1.701780</hAcc><vAcc>0.806306</vAcc></extensions></trkpt>
      <trkpt lon="-76.448653" lat="39.348233"><ele>25.313530</ele><time>2022-04-12T15:39:10Z</time><extensions><speed>1.093647</speed><course>221.673508</course><hAcc>1.691746</hAcc><vAcc>0.805706</vAcc></extensions></trkpt>
      <trkpt lon="-76.448662" lat="39.348225"><ele>25.348898</ele><time>2022-04-12T15:39:11Z</time><extensions><speed>1.094308</speed><course>218.589584</course><hAcc>1.690728</hAcc><vAcc>0.805033</vAcc></extensions></trkpt>
      <trkpt lon="-76.448669" lat="39.348217"><ele>25.346380</ele><time>2022-04-12T15:39:12Z</time><extensions><speed>1.113535</speed><course>215.471603</course><hAcc>1.704107</hAcc><vAcc>0.804280</vAcc></extensions></trkpt>
      <trkpt lon="-76.448677" lat="39.348209"><ele>25.376524</ele><time>2022-04-12T15:39:13Z</time><extensions><speed>1.155592</speed><course>213.461395</course><hAcc>1.710447</hAcc><vAcc>0.803495</vAcc></extensions></trkpt>
      <trkpt lon="-76.448684" lat="39.348200"><ele>25.402647</ele><time>2022-04-12T15:39:14Z</time><extensions><speed>1.233453</speed><course>209.982178</course><hAcc>1.691468</hAcc><vAcc>0.802620</vAcc></extensions></trkpt>
      <trkpt lon="-76.448691" lat="39.348190"><ele>25.412197</ele><time>2022-04-12T15:39:15Z</time><extensions><speed>1.197517</speed><course>210.825165</course><hAcc>1.692272</hAcc><vAcc>0.801703</vAcc></extensions></trkpt>
      <trkpt lon="-76.448698" lat="39.348181"><ele>25.421350</ele><time>2022-04-12T15:39:16Z</time><extensions><speed>1.230819</speed><course>210.029312</course><hAcc>1.702644</hAcc><vAcc>0.800739</vAcc></extensions></trkpt>
      <trkpt lon="-76.448705" lat="39.348171"><ele>25.432850</ele><time>2022-04-12T15:39:17Z</time><extensions><speed>1.243583</speed><course>208.659607</course><hAcc>1.714333</hAcc><vAcc>0.799841</vAcc></extensions></trkpt>
      <trkpt lon="-76.448712" lat="39.348161"><ele>25.431776</ele><time>2022-04-12T15:39:18Z</time><extensions><speed>1.219729</speed><course>206.443954</course><hAcc>1.715108</hAcc><vAcc>0.799008</vAcc></extensions></trkpt>
      <trkpt lon="-76.448718" lat="39.348151"><ele>25.451328</ele><time>2022-04-12T15:39:19Z</time><extensions><speed>1.188295</speed><course>204.578354</course><hAcc>1.707736</hAcc><vAcc>0.798364</vAcc></extensions></trkpt>
      <trkpt lon="-76.448724" lat="39.348141"><ele>25.461761</ele><time>2022-04-12T15:39:20Z</time><extensions><speed>1.193449</speed><course>203.842514</course><hAcc>1.696790</hAcc><vAcc>0.797926</vAcc></extensions></trkpt>
      <trkpt lon="-76.448730" lat="39.348131"><ele>25.457905</ele><time>2022-04-12T15:39:21Z</time><extensions><speed>1.392514</speed><course>202.849625</course><hAcc>1.688058</hAcc><vAcc>0.797692</vAcc></extensions></trkpt>
      <trkpt lon="-76.448736" lat="39.348119"><ele>25.449440</ele><time>2022-04-12T15:39:22Z</time><extensions><speed>1.499222</speed><course>201.723770</course><hAcc>1.701248</hAcc><vAcc>0.797669</vAcc></extensions></trkpt>
      <trkpt lon="-76.448742" lat="39.348106"><ele>25.450586</ele><time>2022-04-12T15:39:23Z</time><extensions><speed>1.476981</speed><course>201.691711</course><hAcc>1.731982</hAcc><vAcc>0.797819</vAcc></extensions></trkpt>
      <trkpt lon="-76.448749" lat="39.348094"><ele>25.425920</ele><time>2022-04-12T15:39:24Z</time><extensions><speed>1.430057</speed><course>203.705688</course><hAcc>1.695211</hAcc><vAcc>0.798111</vAcc></extensions></trkpt>
      <trkpt lon="-76.448756" lat="39.348083"><ele>25.397360</ele><time>2022-04-12T15:39:25Z</time><extensions><speed>1.316575</speed><course>206.947388</course><hAcc>1.675683</hAcc><vAcc>0.798535</vAcc></extensions></trkpt>
      <trkpt lon="-76.448763" lat="39.348073"><ele>25.404047</ele><time>2022-04-12T15:39:26Z</time><extensions><speed>1.271682</speed><course>211.904144</course><hAcc>1.674820</hAcc><vAcc>0.799078</vAcc></extensions></trkpt>
      <trkpt lon="-76.448772" lat="39.348063"><ele>25.392313</ele><time>2022-04-12T15:39:27Z</time><extensions><speed>1.316508</speed><course>218.756317</course><hAcc>1.678715</hAcc><vAcc>0.799724</vAcc></extensions></trkpt>
      <trkpt lon="-76.448782" lat="39.348054"><ele>25.388538</ele><time>2022-04-12T15:39:28Z</time><extensions><speed>1.344533</speed><course>222.562408</course><hAcc>1.679099</hAcc><vAcc>0.800428</vAcc></extensions></trkpt>
      <trkpt lon="-76.448793" lat="39.348046"><ele>25.371225</ele><time>2022-04-12T15:39:29Z</time><extensions><speed>1.313909</speed><course>226.405457</course><hAcc>1.690506</hAcc><vAcc>0.801163</vAcc></extensions></trkpt>
      <trkpt lon="-76.448804" lat="39.348038"><ele>25.368536</ele><time>2022-04-12T15:39:30Z</time><extensions><speed>1.228613</speed><course>229.817780</course><hAcc>1.717052</hAcc><vAcc>0.801875</vAcc></extensions></trkpt>
      <trkpt lon="-76.448815" lat="39.348031"><ele>25.377489</ele><time>2022-04-12T15:39:31Z</time><extensions><speed>1.165961</speed><course>233.815323</course><hAcc>1.695891</hAcc><vAcc>0.802541</vAcc></extensions></trkpt>
      <trkpt lon="-76.448826" lat="39.348025"><ele>25.378235</ele><time>2022-04-12T15:39:32Z</time><extensions><speed>1.195572</speed><course>239.664642</course><hAcc>1.672848</hAcc><vAcc>0.803167</vAcc></extensions></trkpt>
      <trkpt lon="-76.448839" lat="39.348020"><ele>25.400078</ele><time>2022-04-12T15:39:33Z</time><extensions><speed>1.341331</speed><course>240.198029</course><hAcc>1.664841</hAcc><vAcc>0.803753</vAcc></extensions></trkpt>
      <trkpt lon="-76.448853" lat="39.348013"><ele>25.411264</ele><time>2022-04-12T15:39:34Z</time><extensions><speed>1.429764</speed><course>238.917404</course><hAcc>1.665243</hAcc><vAcc>0.804314</vAcc></extensions></trkpt>
      <trkpt lon="-76.448867" lat="39.348007"><ele>25.426477</ele><time>2022-04-12T15:39:35Z</time><extensions><speed>1.470386</speed><course>238.653030</course><hAcc>1.665824</hAcc><vAcc>0.804909</vAcc></extensions></trkpt>
      <trkpt lon="-76.448882" lat="39.348000"><ele>25.439829</ele><time>2022-04-12T15:39:36Z</time><extensions><speed>1.514591</speed><course>239.170273</course><hAcc>1.689875</hAcc><vAcc>0.805378</vAcc></extensions></trkpt>
      <trkpt lon="-76.448897" lat="39.347993"><ele>25.451014</ele><time>2022-04-12T15:39:37Z</time><extensions><speed>1.369383</speed><course>244.528305</course><hAcc>1.720921</hAcc><vAcc>0.805696</vAcc></extensions></trkpt>
      <trkpt lon="-76.448911" lat="39.347988"><ele>25.455767</ele><time>2022-04-12T15:39:38Z</time><extensions><speed>1.315726</speed><course>245.115860</course><hAcc>1.682557</hAcc><vAcc>0.805910</vAcc></extensions></trkpt>
      <trkpt lon="-76.448924" lat="39.347983"><ele>25.475008</ele><time>2022-04-12T15:39:39Z</time><extensions><speed>1.271380</speed><course>242.847961</course><hAcc>1.667350</hAcc><vAcc>0.806064</vAcc></extensions></trkpt>
      <trkpt lon="-76.448937" lat="39.347978"><ele>25.455025</ele><time>2022-04-12T15:39:40Z</time><extensions><speed>1.261338</speed><course>239.567902</course><hAcc>1.677076</hAcc><vAcc>0.806160</vAcc></extensions></trkpt>
      <trkpt lon="-76.448949" lat="39.347972"><ele>25.425497</ele><time>2022-04-12T15:39:41Z</time><extensions><speed>1.226475</speed><course>236.633118</course><hAcc>1.686772</hAcc><vAcc>0.806303</vAcc></extensions></trkpt>
      <trkpt lon="-76.448961" lat="39.347965"><ele>25.382311</ele><time>2022-04-12T15:39:42Z</time><extensions><speed>1.240707</speed><course>235.280533</course><hAcc>1.689411</hAcc><vAcc>0.806393</vAcc></extensions></trkpt>
      <trkpt lon="-76.448973" lat="39.347959"><ele>25.343113</ele><time>2022-04-12T15:39:43Z</time><extensions><speed>1.358725</speed><course>234.516785</course><hAcc>1.695912</hAcc><vAcc>0.806435</vAcc></extensions></trkpt>
      <trkpt lon="-76.448987" lat="39.347951"><ele>25.307625</ele><time>2022-04-12T15:39:44Z</time><extensions><speed>1.430032</speed><course>234.440323</course><hAcc>1.713229</hAcc><vAcc>0.806441</vAcc></extensions></trkpt>
      <trkpt lon="-76.449000" lat="39.347944"><ele>25.280935</ele><time>2022-04-12T15:39:45Z</time><extensions><speed>1.400377</speed><course>233.022400</course><hAcc>1.719289</hAcc><vAcc>0.806379</vAcc></extensions></trkpt>
      <trkpt lon="-76.449013" lat="39.347936"><ele>25.251308</ele><time>2022-04-12T15:39:46Z</time><extensions><speed>1.387700</speed><course>232.113953</course><hAcc>1.699628</hAcc><vAcc>0.806263</vAcc></extensions></trkpt>
      <trkpt lon="-76.449025" lat="39.347928"><ele>25.213720</ele><time>2022-04-12T15:39:47Z</time><extensions><speed>1.368785</speed><course>230.953903</course><hAcc>1.689982</hAcc><vAcc>0.806168</vAcc></extensions></trkpt>
      <trkpt lon="-76.449037" lat="39.347921"><ele>25.190271</ele><time>2022-04-12T15:39:48Z</time><extensions><speed>1.318366</speed><course>229.525330</course><hAcc>1.691346</hAcc><vAcc>0.806048</vAcc></extensions></trkpt>
      <trkpt lon="-76.449048" lat="39.347913"><ele>25.163635</ele><time>2022-04-12T15:39:49Z</time><extensions><speed>1.301723</speed><course>227.909668</course><hAcc>1.691724</hAcc><vAcc>0.806014</vAcc></extensions></trkpt>
      <trkpt lon="-76.449060" lat="39.347905"><ele>25.168156</ele><time>2022-04-12T15:39:50Z</time><extensions><speed>1.295205</speed><course>227.349960</course><hAcc>1.691911</hAcc><vAcc>0.806017</vAcc></extensions></trkpt>
      <trkpt lon="-76.449071" lat="39.347897"><ele>25.162054</ele><time>2022-04-12T15:39:51Z</time><extensions><speed>1.318792</speed><course>226.429611</course><hAcc>1.694879</hAcc><vAcc>0.806128</vAcc></extensions></trkpt>
      <trkpt lon="-76.449082" lat="39.347889"><ele>25.147766</ele><time>2022-04-12T15:39:52Z</time><extensions><speed>1.344018</speed><course>225.329193</course><hAcc>1.691433</hAcc><vAcc>0.806278</vAcc></extensions></trkpt>
      <trkpt lon="-76.449093" lat="39.347880"><ele>25.130064</ele><time>2022-04-12T15:39:53Z</time><extensions><speed>1.379545</speed><course>224.328506</course><hAcc>1.672835</hAcc><vAcc>0.806465</vAcc></extensions></trkpt>
      <trkpt lon="-76.449104" lat="39.347871"><ele>25.148558</ele><time>2022-04-12T15:39:54Z</time><extensions><speed>1.328575</speed><course>224.321213</course><hAcc>1.656729</hAcc><vAcc>0.806659</vAcc></extensions></trkpt>
      <trkpt lon="-76.449114" lat="39.347862"><ele>25.146225</ele><time>2022-04-12T15:39:55Z</time><extensions><speed>1.335968</speed><course>224.415710</course><hAcc>1.640156</hAcc><vAcc>0.806879</vAcc></extensions></trkpt>
      <trkpt lon="-76.449125" lat="39.347854"><ele>25.145008</ele><time>2022-04-12T15:39:56Z</time><extensions><speed>1.385188</speed><course>224.593369</course><hAcc>1.640523</hAcc><vAcc>0.807057</vAcc></extensions></trkpt>
      <trkpt lon="-76.449136" lat="39.347845"><ele>25.123739</ele><time>2022-04-12T15:39:57Z</time><extensions><speed>1.353766</speed><course>225.086380</course><hAcc>1.656620</hAcc><vAcc>0.807207</vAcc></extensions></trkpt>
      <trkpt lon="-76.449148" lat="39.347836"><ele>25.136442</ele><time>2022-04-12T15:39:58Z</time><extensions><speed>1.370152</speed><course>226.514481</course><hAcc>1.615106</hAcc><vAcc>0.807303</vAcc></extensions></trkpt>
      <trkpt lon="-76.449159" lat="39.347827"><ele>25.141546</ele><time>2022-04-12T15:39:59Z</time><extensions><speed>1.376232</speed><course>223.788635</course><hAcc>1.594915</hAcc><vAcc>0.807479</vAcc></extensions></trkpt>
      <trkpt lon="-76.449169" lat="39.347818"><ele>25.146231</ele><time>2022-04-12T15:40:00Z</time><extensions><speed>1.416149</speed><course>218.752213</course><hAcc>1.605890</hAcc><vAcc>0.807621</vAcc></extensions></trkpt>
      <trkpt lon="-76.449179" lat="39.347808"><ele>25.128910</ele><time>2022-04-12T15:40:01Z</time><extensions><speed>1.357835</speed><course>215.876251</course><hAcc>1.651406</hAcc><vAcc>0.807794</vAcc></extensions></trkpt>
      <trkpt lon="-76.449188" lat="39.347798"><ele>25.101791</ele><time>2022-04-12T15:40:02Z</time><extensions><speed>1.313101</speed><course>212.041962</course><hAcc>1.594307</hAcc><vAcc>0.807986</vAcc></extensions></trkpt>
      <trkpt lon="-76.449195" lat="39.347787"><ele>25.073078</ele><time>2022-04-12T15:40:03Z</time><extensions><speed>1.358541</speed><course>206.928268</course><hAcc>1.566565</hAcc><vAcc>0.808227</vAcc></extensions></trkpt>
      <trkpt lon="-76.449202" lat="39.347776"><ele>25.051765</ele><time>2022-04-12T15:40:04Z</time><extensions><speed>1.494142</speed><course>201.256577</course><hAcc>1.592136</hAcc><vAcc>0.808451</vAcc></extensions></trkpt>
      <trkpt lon="-76.449208" lat="39.347763"><ele>25.009281</ele><time>2022-04-12T15:40:05Z</time><extensions><speed>1.410485</speed><course>197.866989</course><hAcc>1.641427</hAcc><vAcc>0.808700</vAcc></extensions></trkpt>
      <trkpt lon="-76.449212" lat="39.347751"><ele>24.966061</ele><time>2022-04-12T15:40:06Z</time><extensions><speed>1.481589</speed><course>193.538940</course><hAcc>1.593845</hAcc><vAcc>0.808930</vAcc></extensions></trkpt>
      <trkpt lon="-76.449216" lat="39.347737"><ele>24.947750</ele><time>2022-04-12T15:40:07Z</time><extensions><speed>1.539932</speed><course>193.241348</course><hAcc>1.573370</hAcc><vAcc>0.809188</vAcc></extensions></trkpt>
      <trkpt lon="-76.449220" lat="39.347724"><ele>24.938219</ele><time>2022-04-12T15:40:08Z</time><extensions><speed>1.609428</speed><course>194.145004</course><hAcc>1.597803</hAcc><vAcc>0.809486</vAcc></extensions></trkpt>
      <trkpt lon="-76.449225" lat="39.347710"><ele>24.927839</ele><time>2022-04-12T15:40:09Z</time><extensions><speed>1.488479</speed><course>198.857834</course><hAcc>1.643979</hAcc><vAcc>0.809852</vAcc></extensions></trkpt>
      <trkpt lon="-76.449231" lat="39.347697"><ele>24.905739</ele><time>2022-04-12T15:40:10Z</time><extensions><speed>1.547582</speed><course>197.279175</course><hAcc>1.614195</hAcc><vAcc>0.810182</vAcc></extensions></trkpt>
      <trkpt lon="-76.449236" lat="39.347684"><ele>24.887848</ele><time>2022-04-12T15:40:11Z</time><extensions><speed>1.525578</speed><course>200.820679</course><hAcc>1.609580</hAcc><vAcc>0.810582</vAcc></extensions></trkpt>
      <trkpt lon="-76.449242" lat="39.347671"><ele>24.867260</ele><time>2022-04-12T15:40:12Z</time><extensions><speed>1.568384</speed><course>198.626236</course><hAcc>1.584004</hAcc><vAcc>0.810995</vAcc></extensions></trkpt>
      <trkpt lon="-76.449248" lat="39.347657"><ele>24.832972</ele><time>2022-04-12T15:40:13Z</time><extensions><speed>1.586271</speed><course>199.425095</course><hAcc>1.562825</hAcc><vAcc>0.811413</vAcc></extensions></trkpt>
      <trkpt lon="-76.449254" lat="39.347644"><ele>24.786871</ele><time>2022-04-12T15:40:14Z</time><extensions><speed>1.580252</speed><course>199.692627</course><hAcc>1.559210</hAcc><vAcc>0.811821</vAcc></extensions></trkpt>
      <trkpt lon="-76.449259" lat="39.347630"><ele>24.756170</ele><time>2022-04-12T15:40:15Z</time><extensions><speed>1.520972</speed><course>196.403381</course><hAcc>1.569060</hAcc><vAcc>0.812191</vAcc></extensions></trkpt>
      <trkpt lon="-76.449263" lat="39.347617"><ele>24.741142</ele><time>2022-04-12T15:40:16Z</time><extensions><speed>1.625493</speed><course>193.344849</course><hAcc>1.512646</hAcc><vAcc>0.812420</vAcc></extensions></trkpt>
      <trkpt lon="-76.449268" lat="39.347603"><ele>24.712284</ele><time>2022-04-12T15:40:17Z</time><extensions><speed>1.526336</speed><course>195.335037</course><hAcc>1.494317</hAcc><vAcc>0.812562</vAcc></extensions></trkpt>
      <trkpt lon="-76.449272" lat="39.347590"><ele>24.700233</ele><time>2022-04-12T15:40:18Z</time><extensions><speed>1.502728</speed><course>193.907150</course><hAcc>1.479924</hAcc><vAcc>0.812620</vAcc></extensions></trkpt>
      <trkpt lon="-76.449276" lat="39.347576"><ele>24.710938</ele><time>2022-04-12T15:40:19Z</time><extensions><speed>1.518782</speed><course>191.516022</course><hAcc>1.477073</hAcc><vAcc>0.812556</vAcc></extensions></trkpt>
      <trkpt lon="-76.449279" lat="39.347562"><ele>24.666668</ele><time>2022-04-12T15:40:20Z</time><extensions><speed>1.606694</speed><course>187.048584</course><hAcc>1.475089</hAcc><vAcc>0.812374</vAcc></extensions></trkpt>
      <trkpt lon="-76.449281" lat="39.347548"><ele>24.611456</ele><time>2022-04-12T15:40:21Z</time><extensions><speed>1.501927</speed><course>186.141602</course><hAcc>1.482797</hAcc><vAcc>0.812051</vAcc></extensions></trkpt>
      <trkpt lon="-76.449282" lat="39.347535"><ele>24.588892</ele><time>2022-04-12T15:40:22Z</time><extensions><speed>1.543968</speed><course>182.176453</course><hAcc>1.483435</hAcc><vAcc>0.811615</vAcc></extensions></trkpt>
      <trkpt lon="-76.449283" lat="39.347521"><ele>24.544380</ele><time>2022-04-12T15:40:23Z</time><extensions><speed>1.490599</speed><course>180.778992</course><hAcc>1.522462</hAcc><vAcc>0.811030</vAcc></extensions></trkpt>
      <trkpt lon="-76.449282" lat="39.347508"><ele>24.517952</ele><time>2022-04-12T15:40:24Z</time><extensions><speed>1.486268</speed><course>173.014954</course><hAcc>1.527212</hAcc><vAcc>0.810228</vAcc></extensions></trkpt>
      <trkpt lon="-76.449279" lat="39.347494"><ele>24.457716</ele><time>2022-04-12T15:40:25Z</time><extensions><speed>1.473871</speed><course>170.910217</course><hAcc>1.543414</hAcc><vAcc>0.809196</vAcc></extensions></trkpt>
      <trkpt lon="-76.449277" lat="39.347481"><ele>24.408220</ele><time>2022-04-12T15:40:26Z</time><extensions><speed>1.429000</speed><course>172.121674</course><hAcc>1.585256</hAcc><vAcc>0.807999</vAcc></extensions></trkpt>
      <trkpt lon="-76.449274" lat="39.347468"><ele>24.361166</ele><time>2022-04-12T15:40:27Z</time><extensions><speed>1.462621</speed><course>172.833679</course><hAcc>1.630412</hAcc><vAcc>0.806754</vAcc></extensions></trkpt>
      <trkpt lon="-76.449272" lat="39.347455"><ele>24.304621</ele><time>2022-04-12T15:40:28Z</time><extensions><speed>1.454559</speed><course>171.590958</course><hAcc>1.658466</hAcc><vAcc>0.805461</vAcc></extensions></trkpt>
      <trkpt lon="-76.449269" lat="39.347442"><ele>24.228296</ele><time>2022-04-12T15:40:29Z</time><extensions><speed>1.508317</speed><course>170.862747</course><hAcc>1.663475</hAcc><vAcc>0.804193</vAcc></extensions></trkpt>
      <trkpt lon="-76.449266" lat="39.347429"><ele>24.155956</ele><time>2022-04-12T15:40:30Z</time><extensions><speed>1.501020</speed><course>169.913406</course><hAcc>1.664177</hAcc><vAcc>0.802936</vAcc></extensions></trkpt>
      <trkpt lon="-76.449263" lat="39.347416"><ele>24.094646</ele><time>2022-04-12T15:40:31Z</time><extensions><speed>1.450081</speed><course>171.152847</course><hAcc>1.684025</hAcc><vAcc>0.801775</vAcc></extensions></trkpt>
      <trkpt lon="-76.449261" lat="39.347403"><ele>24.032984</ele><time>2022-04-12T15:40:32Z</time><extensions><speed>1.422490</speed><course>172.120300</course><hAcc>1.724337</hAcc><vAcc>0.800686</vAcc></extensions></trkpt>
      <trkpt lon="-76.449258" lat="39.347390"><ele>23.980371</ele><time>2022-04-12T15:40:33Z</time><extensions><speed>1.461313</speed><course>166.816803</course><hAcc>1.708732</hAcc><vAcc>0.799670</vAcc></extensions></trkpt>
      <trkpt lon="-76.449253" lat="39.347377"><ele>23.961655</ele><time>2022-04-12T15:40:34Z</time><extensions><speed>1.534616</speed><course>160.262665</course><hAcc>1.685151</hAcc><vAcc>0.798755</vAcc></extensions></trkpt>
      <trkpt lon="-76.449246" lat="39.347364"><ele>23.905354</ele><time>2022-04-12T15:40:35Z</time><extensions><speed>1.548832</speed><course>155.392548</course><hAcc>1.693184</hAcc><vAcc>0.797946</vAcc></extensions></trkpt>
      <trkpt lon="-76.449238" lat="39.347352"><ele>23.860905</ele><time>2022-04-12T15:40:36Z</time><extensions><speed>1.541321</speed><course>153.635437</course><hAcc>1.718180</hAcc><vAcc>0.797290</vAcc></extensions></trkpt>
      <trkpt lon="-76.449230" lat="39.347339"><ele>23.821005</ele><time>2022-04-12T15:40:37Z</time><extensions><speed>1.532585</speed><course>153.378677</course><hAcc>1.738188</hAcc><vAcc>0.796781</vAcc></extensions></trkpt>
      <trkpt lon="-76.449223" lat="39.347327"><ele>23.790255</ele><time>2022-04-12T15:40:38Z</time><extensions><speed>1.463548</speed><course>153.851868</course><hAcc>1.746325</hAcc><vAcc>0.796471</vAcc></extensions></trkpt>
      <trkpt lon="-76.449216" lat="39.347316"><ele>23.755543</ele><time>2022-04-12T15:40:39Z</time><extensions><speed>1.394063</speed><course>155.050446</course><hAcc>1.747565</hAcc><vAcc>0.796345</vAcc></extensions></trkpt>
      <trkpt lon="-76.449209" lat="39.347304"><ele>23.745544</ele><time>2022-04-12T15:40:40Z</time><extensions><speed>1.381547</speed><course>155.368027</course><hAcc>1.746284</hAcc><vAcc>0.796336</vAcc></extensions></trkpt>
      <trkpt lon="-76.449202" lat="39.347293"><ele>23.734097</ele><time>2022-04-12T15:40:41Z</time><extensions><speed>1.385137</speed><course>157.680054</course><hAcc>1.747121</hAcc><vAcc>0.796434</vAcc></extensions></trkpt>
      <trkpt lon="-76.449196" lat="39.347281"><ele>23.732594</ele><time>2022-04-12T15:40:42Z</time><extensions><speed>1.421365</speed><course>159.427505</course><hAcc>1.734663</hAcc><vAcc>0.796592</vAcc></extensions></trkpt>
      <trkpt lon="-76.449191" lat="39.347269"><ele>23.736216</ele><time>2022-04-12T15:40:43Z</time><extensions><speed>1.428202</speed><course>162.997604</course><hAcc>1.716669</hAcc><vAcc>0.796774</vAcc></extensions></trkpt>
      <trkpt lon="-76.449187" lat="39.347257"><ele>23.742060</ele><time>2022-04-12T15:40:44Z</time><extensions><speed>1.377512</speed><course>168.973236</course><hAcc>1.690440</hAcc><vAcc>0.796963</vAcc></extensions></trkpt>
      <trkpt lon="-76.449184" lat="39.347244"><ele>23.754601</ele><time>2022-04-12T15:40:45Z</time><extensions><speed>1.406099</speed><course>172.904282</course><hAcc>1.637671</hAcc><vAcc>0.797165</vAcc></extensions></trkpt>
      <trkpt lon="-76.449182" lat="39.347231"><ele>23.773771</ele><time>2022-04-12T15:40:46Z</time><extensions><speed>1.492504</speed><course>174.981674</course><hAcc>1.574864</hAcc><vAcc>0.797423</vAcc></extensions></trkpt>
      <trkpt lon="-76.449181" lat="39.347218"><ele>23.796673</ele><time>2022-04-12T15:40:47Z</time><extensions><speed>1.501397</speed><course>176.016663</course><hAcc>1.540751</hAcc><vAcc>0.797763</vAcc></extensions></trkpt>
      <trkpt lon="-76.449180" lat="39.347204"><ele>23.811930</ele><time>2022-04-12T15:40:48Z</time><extensions><speed>1.501227</speed><course>177.267776</course><hAcc>1.567180</hAcc><vAcc>0.798156</vAcc></extensions></trkpt>
      <trkpt lon="-76.449179" lat="39.347191"><ele>23.823839</ele><time>2022-04-12T15:40:49Z</time><extensions><speed>1.495915</speed><course>177.494308</course><hAcc>1.540844</hAcc><vAcc>0.798584</vAcc></extensions></trkpt>
      <trkpt lon="-76.449178" lat="39.347178"><ele>23.827406</ele><time>2022-04-12T15:40:50Z</time><extensions><speed>1.492915</speed><course>172.496964</course><hAcc>1.539500</hAcc><vAcc>0.799033</vAcc></extensions></trkpt>
      <trkpt lon="-76.449175" lat="39.347165"><ele>23.824799</ele><time>2022-04-12T15:40:51Z</time><extensions><speed>1.468885</speed><course>172.302551</course><hAcc>1.551659</hAcc><vAcc>0.799508</vAcc></extensions></trkpt>
      <trkpt lon="-76.449174" lat="39.347152"><ele>23.824150</ele><time>2022-04-12T15:40:52Z</time><extensions><speed>1.396208</speed><course>175.719177</course><hAcc>1.545346</hAcc><vAcc>0.799900</vAcc></extensions></trkpt>
      <trkpt lon="-76.449172" lat="39.347140"><ele>23.824923</ele><time>2022-04-12T15:40:53Z</time><extensions><speed>1.214870</speed><course>173.144028</course><hAcc>1.523023</hAcc><vAcc>0.800239</vAcc></extensions></trkpt>
      <trkpt lon="-76.449171" lat="39.347130"><ele>23.817749</ele><time>2022-04-12T15:40:54Z</time><extensions><speed>1.138921</speed><course>171.948715</course><hAcc>1.562557</hAcc><vAcc>0.800513</vAcc></extensions></trkpt>
      <trkpt lon="-76.449169" lat="39.347119"><ele>23.808107</ele><time>2022-04-12T15:40:55Z</time><extensions><speed>1.132232</speed><course>172.569260</course><hAcc>1.613850</hAcc><vAcc>0.800724</vAcc></extensions></trkpt>
      <trkpt lon="-76.449167" lat="39.347109"><ele>23.800642</ele><time>2022-04-12T15:40:56Z</time><extensions><speed>1.116551</speed><course>173.465485</course><hAcc>1.655465</hAcc><vAcc>0.800869</vAcc></extensions></trkpt>
      <trkpt lon="-76.449166" lat="39.347099"><ele>23.782597</ele><time>2022-04-12T15:40:57Z</time><extensions><speed>1.096208</speed><course>174.595245</course><hAcc>1.676101</hAcc><vAcc>0.800972</vAcc></extensions></trkpt>
      <trkpt lon="-76.449165" lat="39.347089"><ele>23.755064</ele><time>2022-04-12T15:40:58Z</time><extensions><speed>1.134559</speed><course>173.514542</course><hAcc>1.675744</hAcc><vAcc>0.801061</vAcc></extensions></trkpt>
      <trkpt lon="-76.449163" lat="39.347079"><ele>23.729324</ele><time>2022-04-12T15:40:59Z</time><extensions><speed>1.204324</speed><course>172.060516</course><hAcc>1.675524</hAcc><vAcc>0.801131</vAcc></extensions></trkpt>
      <trkpt lon="-76.449161" lat="39.347068"><ele>23.687305</ele><time>2022-04-12T15:41:00Z</time><extensions><speed>1.266816</speed><course>171.689362</course><hAcc>1.684609</hAcc><vAcc>0.801200</vAcc></extensions></trkpt>
      <trkpt lon="-76.449159" lat="39.347057"><ele>23.644501</ele><time>2022-04-12T15:41:01Z</time><extensions><speed>1.252713</speed><course>172.166779</course><hAcc>1.692358</hAcc><vAcc>0.801294</vAcc></extensions></trkpt>
      <trkpt lon="-76.449158" lat="39.347046"><ele>23.609718</ele><time>2022-04-12T15:41:02Z</time><extensions><speed>1.205707</speed><course>175.436539</course><hAcc>1.668726</hAcc><vAcc>0.801400</vAcc></extensions></trkpt>
      <trkpt lon="-76.449157" lat="39.347035"><ele>23.594791</ele><time>2022-04-12T15:41:03Z</time><extensions><speed>1.158388</speed><course>180.816620</course><hAcc>1.664835</hAcc><vAcc>0.801580</vAcc></extensions></trkpt>
      <trkpt lon="-76.449158" lat="39.347025"><ele>23.562023</ele><time>2022-04-12T15:41:04Z</time><extensions><speed>1.131145</speed><course>185.578552</course><hAcc>1.675645</hAcc><vAcc>0.801791</vAcc></extensions></trkpt>
      <trkpt lon="-76.449160" lat="39.347014"><ele>23.544161</ele><time>2022-04-12T15:41:05Z</time><extensions><speed>1.211076</speed><course>190.199387</course><hAcc>1.664030</hAcc><vAcc>0.801974</vAcc></extensions></trkpt>
      <trkpt lon="-76.449163" lat="39.347003"><ele>23.522310</ele><time>2022-04-12T15:41:06Z</time><extensions><speed>1.261997</speed><course>191.798431</course><hAcc>1.668898</hAcc><vAcc>0.802130</vAcc></extensions></trkpt>
      <trkpt lon="-76.449166" lat="39.346992"><ele>23.512075</ele><time>2022-04-12T15:41:07Z</time><extensions><speed>1.347028</speed><course>193.972229</course><hAcc>1.688376</hAcc><vAcc>0.802245</vAcc></extensions></trkpt>
      <trkpt lon="-76.449170" lat="39.346980"><ele>23.518684</ele><time>2022-04-12T15:41:08Z</time><extensions><speed>1.403548</speed><course>197.751984</course><hAcc>1.679119</hAcc><vAcc>0.802295</vAcc></extensions></trkpt>
      <trkpt lon="-76.449175" lat="39.346967"><ele>23.537405</ele><time>2022-04-12T15:41:09Z</time><extensions><speed>1.470913</speed><course>199.051361</course><hAcc>1.671619</hAcc><vAcc>0.802240</vAcc></extensions></trkpt>
      <trkpt lon="-76.449181" lat="39.346955"><ele>23.588190</ele><time>2022-04-12T15:41:10Z</time><extensions><speed>1.518174</speed><course>198.573273</course><hAcc>1.664986</hAcc><vAcc>0.802037</vAcc></extensions></trkpt>
      <trkpt lon="-76.449186" lat="39.346942"><ele>23.614420</ele><time>2022-04-12T15:41:11Z</time><extensions><speed>1.541157</speed><course>196.801437</course><hAcc>1.659964</hAcc><vAcc>0.801768</vAcc></extensions></trkpt>
      <trkpt lon="-76.449191" lat="39.346928"><ele>23.642633</ele><time>2022-04-12T15:41:12Z</time><extensions><speed>1.514088</speed><course>194.866821</course><hAcc>1.672157</hAcc><vAcc>0.801421</vAcc></extensions></trkpt>
      <trkpt lon="-76.449195" lat="39.346916"><ele>23.663591</ele><time>2022-04-12T15:41:13Z</time><extensions><speed>1.355943</speed><course>194.185730</course><hAcc>1.706289</hAcc><vAcc>0.800979</vAcc></extensions></trkpt>
      <trkpt lon="-76.449199" lat="39.346904"><ele>23.686029</ele><time>2022-04-12T15:41:14Z</time><extensions><speed>1.295880</speed><course>193.515259</course><hAcc>1.680999</hAcc><vAcc>0.800409</vAcc></extensions></trkpt>
      <trkpt lon="-76.449202" lat="39.346894"><ele>23.705631</ele><time>2022-04-12T15:41:15Z</time><extensions><speed>1.126865</speed><course>192.621124</course><hAcc>1.671185</hAcc><vAcc>0.799720</vAcc></extensions></trkpt>
      <trkpt lon="-76.449205" lat="39.346885"><ele>23.718740</ele><time>2022-04-12T15:41:16Z</time><extensions><speed>0.949091</speed><course>193.073761</course><hAcc>1.687745</hAcc><vAcc>0.798781</vAcc></extensions></trkpt>
      <trkpt lon="-76.449207" lat="39.346876"><ele>23.728611</ele><time>2022-04-12T15:41:17Z</time><extensions><speed>0.912036</speed><course>190.338623</course><hAcc>1.699715</hAcc><vAcc>0.797857</vAcc></extensions></trkpt>
      <trkpt lon="-76.449209" lat="39.346869"><ele>23.736689</ele><time>2022-04-12T15:41:18Z</time><extensions><speed>0.791694</speed><course>187.491608</course><hAcc>1.715279</hAcc><vAcc>0.796973</vAcc></extensions></trkpt>
      <trkpt lon="-76.449209" lat="39.346863"><ele>23.744329</ele><time>2022-04-12T15:41:19Z</time><extensions><speed>0.575913</speed><course>182.687225</course><hAcc>1.726975</hAcc><vAcc>0.796106</vAcc></extensions></trkpt>
      <trkpt lon="-76.449209" lat="39.346858"><ele>23.759708</ele><time>2022-04-12T15:41:20Z</time><extensions><speed>0.352388</speed><course>175.465637</course><hAcc>1.747375</hAcc><vAcc>0.795210</vAcc></extensions></trkpt>
      <trkpt lon="-76.449209" lat="39.346856"><ele>23.765360</ele><time>2022-04-12T15:41:21Z</time><extensions><speed>0.157995</speed><course>172.278305</course><hAcc>1.760491</hAcc><vAcc>0.794427</vAcc></extensions></trkpt>
      <trkpt lon="-76.449209" lat="39.346855"><ele>23.756252</ele><time>2022-04-12T15:41:22Z</time><extensions><speed>0.161686</speed><course>182.394150</course><hAcc>1.756730</hAcc><vAcc>0.793629</vAcc></extensions></trkpt>
      <trkpt lon="-76.449209" lat="39.346852"><ele>23.740747</ele><time>2022-04-12T15:41:23Z</time><extensions><speed>0.268283</speed><course>190.546844</course><hAcc>1.756376</hAcc><vAcc>0.792743</vAcc></extensions></trkpt>
      <trkpt lon="-76.449210" lat="39.346849"><ele>23.716198</ele><time>2022-04-12T15:41:24Z</time><extensions><speed>0.447867</speed><course>192.731644</course><hAcc>1.756189</hAcc><vAcc>0.791918</vAcc></extensions></trkpt>
      <trkpt lon="-76.449212" lat="39.346844"><ele>23.662600</ele><time>2022-04-12T15:41:25Z</time><extensions><speed>0.727942</speed><course>191.572739</course><hAcc>1.742306</hAcc><vAcc>0.791142</vAcc></extensions></trkpt>
      <trkpt lon="-76.449214" lat="39.346836"><ele>23.632835</ele><time>2022-04-12T15:41:26Z</time><extensions><speed>1.146354</speed><course>189.695419</course><hAcc>1.723200</hAcc><vAcc>0.790434</vAcc></extensions></trkpt>
      <trkpt lon="-76.449216" lat="39.346824"><ele>23.593855</ele><time>2022-04-12T15:41:27Z</time><extensions><speed>1.374134</speed><course>187.070786</course><hAcc>1.725310</hAcc><vAcc>0.789809</vAcc></extensions></trkpt>
      <trkpt lon="-76.449217" lat="39.346812"><ele>23.558615</ele><time>2022-04-12T15:41:28Z</time><extensions><speed>1.403401</speed><course>184.418365</course><hAcc>1.745757</hAcc><vAcc>0.789276</vAcc></extensions></trkpt>
      <trkpt lon="-76.449218" lat="39.346800"><ele>23.523838</ele><time>2022-04-12T15:41:29Z</time><extensions><speed>1.314870</speed><course>184.227448</course><hAcc>1.755350</hAcc><vAcc>0.788787</vAcc></extensions></trkpt>
      <trkpt lon="-76.449219" lat="39.346787"><ele>23.481949</ele><time>2022-04-12T15:41:30Z</time><extensions><speed>1.452030</speed><course>179.561584</course><hAcc>1.722366</hAcc><vAcc>0.788385</vAcc></extensions></trkpt>
      <trkpt lon="-76.449218" lat="39.346774"><ele>23.473593</ele><time>2022-04-12T15:41:31Z</time><extensions><speed>1.447995</speed><course>175.302322</course><hAcc>1.717681</hAcc><vAcc>0.788079</vAcc></extensions></trkpt>
      <trkpt lon="-76.449216" lat="39.346761"><ele>23.434256</ele><time>2022-04-12T15:41:32Z</time><extensions><speed>1.511670</speed><course>171.922226</course><hAcc>1.718527</hAcc><vAcc>0.787956</vAcc></extensions></trkpt>
      <trkpt lon="-76.449213" lat="39.346748"><ele>23.384878</ele><time>2022-04-12T15:41:33Z</time><extensions><speed>1.495888</speed><course>170.702759</course><hAcc>1.725707</hAcc><vAcc>0.788053</vAcc></extensions></trkpt>
      <trkpt lon="-76.449211" lat="39.346734"><ele>23.345108</ele><time>2022-04-12T15:41:34Z</time><extensions><speed>1.471870</speed><course>170.832596</course><hAcc>1.737227</hAcc><vAcc>0.788338</vAcc></extensions></trkpt>
      <trkpt lon="-76.449208" lat="39.346721"><ele>23.319054</ele><time>2022-04-12T15:41:35Z</time><extensions><speed>1.435973</speed><course>171.084610</course><hAcc>1.743871</hAcc><vAcc>0.788864</vAcc></extensions></trkpt>
      <trkpt lon="-76.449206" lat="39.346709"><ele>23.292562</ele><time>2022-04-12T15:41:36Z</time><extensions><speed>1.368201</speed><course>174.657913</course><hAcc>1.748629</hAcc><vAcc>0.789588</vAcc></extensions></trkpt>
      <trkpt lon="-76.449204" lat="39.346696"><ele>23.256645</ele><time>2022-04-12T15:41:37Z</time><extensions><speed>1.425942</speed><course>175.772461</course><hAcc>1.735171</hAcc><vAcc>0.790501</vAcc></extensions></trkpt>
      <trkpt lon="-76.449203" lat="39.346683"><ele>23.228960</ele><time>2022-04-12T15:41:38Z</time><extensions><speed>1.460083</speed><course>174.426407</course><hAcc>1.714099</hAcc><vAcc>0.791626</vAcc></extensions></trkpt>
      <trkpt lon="-76.449201" lat="39.346670"><ele>23.223349</ele><time>2022-04-12T15:41:39Z</time><extensions><speed>1.459179</speed><course>174.066269</course><hAcc>1.691341</hAcc><vAcc>0.792857</vAcc></extensions></trkpt>
      <trkpt lon="-76.449199" lat="39.346657"><ele>23.199789</ele><time>2022-04-12T15:41:40Z</time><extensions><speed>1.445207</speed><course>174.446167</course><hAcc>1.673144</hAcc><vAcc>0.794192</vAcc></extensions></trkpt>
      <trkpt lon="-76.449198" lat="39.346644"><ele>23.152657</ele><time>2022-04-12T15:41:41Z</time><extensions><speed>1.416860</speed><course>177.756454</course><hAcc>1.672435</hAcc><vAcc>0.795514</vAcc></extensions></trkpt>
      <trkpt lon="-76.449197" lat="39.346632"><ele>23.116583</ele><time>2022-04-12T15:41:42Z</time><extensions><speed>1.405094</speed><course>177.142960</course><hAcc>1.692963</hAcc><vAcc>0.796793</vAcc></extensions></trkpt>
      <trkpt lon="-76.449196" lat="39.346620"><ele>23.078886</ele><time>2022-04-12T15:41:43Z</time><extensions><speed>1.279115</speed><course>171.252121</course><hAcc>1.672347</hAcc><vAcc>0.797972</vAcc></extensions></trkpt>
      <trkpt lon="-76.449193" lat="39.346609"><ele>23.045353</ele><time>2022-04-12T15:41:44Z</time><extensions><speed>1.232842</speed><course>168.353058</course><hAcc>1.657851</hAcc><vAcc>0.799049</vAcc></extensions></trkpt>
      <trkpt lon="-76.449190" lat="39.346598"><ele>23.016445</ele><time>2022-04-12T15:41:45Z</time><extensions><speed>1.192868</speed><course>170.172195</course><hAcc>1.669773</hAcc><vAcc>0.799901</vAcc></extensions></trkpt>
      <trkpt lon="-76.449187" lat="39.346587"><ele>22.985083</ele><time>2022-04-12T15:41:46Z</time><extensions><speed>1.201320</speed><course>163.962540</course><hAcc>1.658619</hAcc><vAcc>0.800547</vAcc></extensions></trkpt>
      <trkpt lon="-76.449182" lat="39.346577"><ele>22.994080</ele><time>2022-04-12T15:41:47Z</time><extensions><speed>1.192127</speed><course>156.423569</course><hAcc>1.659158</hAcc><vAcc>0.801030</vAcc></extensions></trkpt>
      <trkpt lon="-76.449176" lat="39.346567"><ele>22.994101</ele><time>2022-04-12T15:41:48Z</time><extensions><speed>1.351861</speed><course>152.196655</course><hAcc>1.670787</hAcc><vAcc>0.801325</vAcc></extensions></trkpt>
      <trkpt lon="-76.449168" lat="39.346556"><ele>22.997171</ele><time>2022-04-12T15:41:49Z</time><extensions><speed>1.508472</speed><course>150.454453</course><hAcc>1.684511</hAcc><vAcc>0.801455</vAcc></extensions></trkpt>
      <trkpt lon="-76.449159" lat="39.346544"><ele>22.996866</ele><time>2022-04-12T15:41:50Z</time><extensions><speed>1.454203</speed><course>148.649399</course><hAcc>1.703630</hAcc><vAcc>0.801428</vAcc></extensions></trkpt>
      <trkpt lon="-76.449150" lat="39.346533"><ele>23.015070</ele><time>2022-04-12T15:41:51Z</time><extensions><speed>1.466390</speed><course>142.160751</course><hAcc>1.690472</hAcc><vAcc>0.801228</vAcc></extensions></trkpt>
      <trkpt lon="-76.449139" lat="39.346523"><ele>23.046156</ele><time>2022-04-12T15:41:52Z</time><extensions><speed>1.456357</speed><course>138.177490</course><hAcc>1.690994</hAcc><vAcc>0.800923</vAcc></extensions></trkpt>
      <trkpt lon="-76.449127" lat="39.346513"><ele>23.087658</ele><time>2022-04-12T15:41:53Z</time><extensions><speed>1.495318</speed><course>134.452240</course><hAcc>1.687486</hAcc><vAcc>0.800615</vAcc></extensions></trkpt>
      <trkpt lon="-76.449114" lat="39.346504"><ele>23.120691</ele><time>2022-04-12T15:41:54Z</time><extensions><speed>1.482215</speed><course>129.542160</course><hAcc>1.688700</hAcc><vAcc>0.800344</vAcc></extensions></trkpt>
      <trkpt lon="-76.449101" lat="39.346496"><ele>23.188499</ele><time>2022-04-12T15:41:55Z</time><extensions><speed>1.480193</speed><course>132.040237</course><hAcc>1.663653</hAcc><vAcc>0.800120</vAcc></extensions></trkpt>
      <trkpt lon="-76.449088" lat="39.346486"><ele>23.253502</ele><time>2022-04-12T15:41:56Z</time><extensions><speed>1.512045</speed><course>135.827225</course><hAcc>1.644532</hAcc><vAcc>0.799975</vAcc></extensions></trkpt>
      <trkpt lon="-76.449077" lat="39.346476"><ele>23.322014</ele><time>2022-04-12T15:41:57Z</time><extensions><speed>1.495512</speed><course>139.501801</course><hAcc>1.643744</hAcc><vAcc>0.799946</vAcc></extensions></trkpt>
      <trkpt lon="-76.449066" lat="39.346466"><ele>23.387754</ele><time>2022-04-12T15:41:58Z</time><extensions><speed>1.497769</speed><course>142.321640</course><hAcc>1.653175</hAcc><vAcc>0.800029</vAcc></extensions></trkpt>
      <trkpt lon="-76.449055" lat="39.346455"><ele>23.460451</ele><time>2022-04-12T15:41:59Z</time><extensions><speed>1.484902</speed><course>142.736465</course><hAcc>1.658944</hAcc><vAcc>0.800212</vAcc></extensions></trkpt>
      <trkpt lon="-76.449045" lat="39.346444"><ele>23.552355</ele><time>2022-04-12T15:42:00Z</time><extensions><speed>1.522185</speed><course>145.203003</course><hAcc>1.584799</hAcc><vAcc>0.800509</vAcc></extensions></trkpt>
      <trkpt lon="-76.449035" lat="39.346433"><ele>23.627247</ele><time>2022-04-12T15:42:01Z</time><extensions><speed>1.528118</speed><course>147.065414</course><hAcc>1.525890</hAcc><vAcc>0.800903</vAcc></extensions></trkpt>
      <trkpt lon="-76.449026" lat="39.346421"><ele>23.716049</ele><time>2022-04-12T15:42:02Z</time><extensions><speed>1.540662</speed><course>150.461685</course><hAcc>1.521868</hAcc><vAcc>0.801396</vAcc></extensions></trkpt>
      <trkpt lon="-76.449017" lat="39.346409"><ele>23.779760</ele><time>2022-04-12T15:42:03Z</time><extensions><speed>1.516159</speed><course>149.172211</course><hAcc>1.565599</hAcc><vAcc>0.801979</vAcc></extensions></trkpt>
      <trkpt lon="-76.449007" lat="39.346397"><ele>23.836643</ele><time>2022-04-12T15:42:04Z</time><extensions><speed>1.534528</speed><course>145.558563</course><hAcc>1.535819</hAcc><vAcc>0.802630</vAcc></extensions></trkpt>
      <trkpt lon="-76.448997" lat="39.346386"><ele>23.890184</ele><time>2022-04-12T15:42:05Z</time><extensions><speed>1.615861</speed><course>144.616241</course><hAcc>1.471214</hAcc><vAcc>0.803337</vAcc></extensions></trkpt>
      <trkpt lon="-76.448986" lat="39.346374"><ele>23.937206</ele><time>2022-04-12T15:42:06Z</time><extensions><speed>1.570950</speed><course>145.617935</course><hAcc>1.465921</hAcc><vAcc>0.804084</vAcc></extensions></trkpt>
      <trkpt lon="-76.448977" lat="39.346362"><ele>23.955912</ele><time>2022-04-12T15:42:07Z</time><extensions><speed>1.548876</speed><course>151.094498</course><hAcc>1.468061</hAcc><vAcc>0.804859</vAcc></extensions></trkpt>
      <trkpt lon="-76.448969" lat="39.346350"><ele>24.011969</ele><time>2022-04-12T15:42:08Z</time><extensions><speed>1.540903</speed><course>152.606262</course><hAcc>1.451080</hAcc><vAcc>0.805665</vAcc></extensions></trkpt>
      <trkpt lon="-76.448961" lat="39.346337"><ele>24.112228</ele><time>2022-04-12T15:42:09Z</time><extensions><speed>1.552147</speed><course>155.846481</course><hAcc>1.401752</hAcc><vAcc>0.806451</vAcc></extensions></trkpt>
      <trkpt lon="-76.448954" lat="39.346324"><ele>24.214659</ele><time>2022-04-12T15:42:10Z</time><extensions><speed>1.554308</speed><course>157.419983</course><hAcc>1.416729</hAcc><vAcc>0.807259</vAcc></extensions></trkpt>
      <trkpt lon="-76.448947" lat="39.346311"><ele>24.295141</ele><time>2022-04-12T15:42:11Z</time><extensions><speed>1.601051</speed><course>157.835907</course><hAcc>1.421588</hAcc><vAcc>0.808056</vAcc></extensions></trkpt>
      <trkpt lon="-76.448940" lat="39.346297"><ele>24.336617</ele><time>2022-04-12T15:42:12Z</time><extensions><speed>1.583563</speed><course>159.183975</course><hAcc>1.412429</hAcc><vAcc>0.808827</vAcc></extensions></trkpt>
      <trkpt lon="-76.448934" lat="39.346284"><ele>24.375343</ele><time>2022-04-12T15:42:13Z</time><extensions><speed>1.563969</speed><course>162.682434</course><hAcc>1.417545</hAcc><vAcc>0.809570</vAcc></extensions></trkpt>
      <trkpt lon="-76.448929" lat="39.346270"><ele>24.415911</ele><time>2022-04-12T15:42:14Z</time><extensions><speed>1.545842</speed><course>165.412949</course><hAcc>1.415127</hAcc><vAcc>0.810271</vAcc></extensions></trkpt>
      <trkpt lon="-76.448925" lat="39.346256"><ele>24.440395</ele><time>2022-04-12T15:42:15Z</time><extensions><speed>1.558447</speed><course>169.554718</course><hAcc>1.416487</hAcc><vAcc>0.810923</vAcc></extensions></trkpt>
      <trkpt lon="-76.448923" lat="39.346242"><ele>24.459070</ele><time>2022-04-12T15:42:16Z</time><extensions><speed>1.590319</speed><course>174.464798</course><hAcc>1.398175</hAcc><vAcc>0.811532</vAcc></extensions></trkpt>
      <trkpt lon="-76.448921" lat="39.346228"><ele>24.484589</ele><time>2022-04-12T15:42:17Z</time><extensions><speed>1.563473</speed><course>176.180161</course><hAcc>1.435793</hAcc><vAcc>0.812091</vAcc></extensions></trkpt>
      <trkpt lon="-76.448920" lat="39.346214"><ele>24.545427</ele><time>2022-04-12T15:42:18Z</time><extensions><speed>1.560993</speed><course>178.401459</course><hAcc>1.442966</hAcc><vAcc>0.812578</vAcc></extensions></trkpt>
      <trkpt lon="-76.448920" lat="39.346200"><ele>24.589533</ele><time>2022-04-12T15:42:19Z</time><extensions><speed>1.516211</speed><course>181.410614</course><hAcc>1.405324</hAcc><vAcc>0.813007</vAcc></extensions></trkpt>
      <trkpt lon="-76.448920" lat="39.346186"><ele>24.604292</ele><time>2022-04-12T15:42:20Z</time><extensions><speed>1.608675</speed><course>178.885803</course><hAcc>1.390105</hAcc><vAcc>0.813395</vAcc></extensions></trkpt>
      <trkpt lon="-76.448919" lat="39.346171"><ele>24.610352</ele><time>2022-04-12T15:42:21Z</time><extensions><speed>1.603474</speed><course>176.577713</course><hAcc>1.414336</hAcc><vAcc>0.813742</vAcc></extensions></trkpt>
      <trkpt lon="-76.448917" lat="39.346157"><ele>24.600531</ele><time>2022-04-12T15:42:22Z</time><extensions><speed>1.601833</speed><course>172.288528</course><hAcc>1.398329</hAcc><vAcc>0.814041</vAcc></extensions></trkpt>
      <trkpt lon="-76.448914" lat="39.346142"><ele>24.581495</ele><time>2022-04-12T15:42:23Z</time><extensions><speed>1.579327</speed><course>168.711990</course><hAcc>1.388996</hAcc><vAcc>0.814306</vAcc></extensions></trkpt>
      <trkpt lon="-76.448910" lat="39.346128"><ele>24.522751</ele><time>2022-04-12T15:42:23Z</time><extensions><speed>1.580292</speed><course>167.598892</course><hAcc>1.382280</hAcc><vAcc>0.814526</vAcc></extensions></trkpt>
      <trkpt lon="-76.448906" lat="39.346114"><ele>24.449535</ele><time>2022-04-12T15:42:24Z</time><extensions><speed>1.592528</speed><course>167.954575</course><hAcc>1.377360</hAcc><vAcc>0.814643</vAcc></extensions></trkpt>
      <trkpt lon="-76.448902" lat="39.346100"><ele>24.402956</ele><time>2022-04-12T15:42:25Z</time><extensions><speed>1.612272</speed><course>170.028152</course><hAcc>1.377937</hAcc><vAcc>0.814705</vAcc></extensions></trkpt>
      <trkpt lon="-76.448899" lat="39.346086"><ele>24.331461</ele><time>2022-04-12T15:42:26Z</time><extensions><speed>1.606180</speed><course>169.009094</course><hAcc>1.381263</hAcc><vAcc>0.814699</vAcc></extensions></trkpt>
      <trkpt lon="-76.448894" lat="39.346071"><ele>24.270023</ele><time>2022-04-12T15:42:27Z</time><extensions><speed>1.654935</speed><course>166.577118</course><hAcc>1.364474</hAcc><vAcc>0.814605</vAcc></extensions></trkpt>
      <trkpt lon="-76.448889" lat="39.346057"><ele>24.198755</ele><time>2022-04-12T15:42:28Z</time><extensions><speed>1.630818</speed><course>167.441437</course><hAcc>1.398252</hAcc><vAcc>0.814451</vAcc></extensions></trkpt>
      <trkpt lon="-76.448885" lat="39.346043"><ele>24.119341</ele><time>2022-04-12T15:42:29Z</time><extensions><speed>1.666327</speed><course>167.778061</course><hAcc>1.402974</hAcc><vAcc>0.814256</vAcc></extensions></trkpt>
      <trkpt lon="-76.448880" lat="39.346028"><ele>24.064240</ele><time>2022-04-12T15:42:30Z</time><extensions><speed>1.654328</speed><course>166.954102</course><hAcc>1.414917</hAcc><vAcc>0.813981</vAcc></extensions></trkpt>
      <trkpt lon="-76.448876" lat="39.346014"><ele>24.000795</ele><time>2022-04-12T15:42:31Z</time><extensions><speed>1.627430</speed><course>168.133377</course><hAcc>1.425913</hAcc><vAcc>0.813636</vAcc></extensions></trkpt>
      <trkpt lon="-76.448872" lat="39.345999"><ele>23.949360</ele><time>2022-04-12T15:42:32Z</time><extensions><speed>1.579167</speed><course>168.260086</course><hAcc>1.449534</hAcc><vAcc>0.813237</vAcc></extensions></trkpt>
      <trkpt lon="-76.448868" lat="39.345986"><ele>23.900623</ele><time>2022-04-12T15:42:33Z</time><extensions><speed>1.569558</speed><course>161.025345</course><hAcc>1.424553</hAcc><vAcc>0.812794</vAcc></extensions></trkpt>
      <trkpt lon="-76.448860" lat="39.345973"><ele>23.844145</ele><time>2022-04-12T15:42:34Z</time><extensions><speed>1.637061</speed><course>151.243912</course><hAcc>1.410067</hAcc><vAcc>0.812288</vAcc></extensions></trkpt>
      <trkpt lon="-76.448850" lat="39.345960"><ele>23.797298</ele><time>2022-04-12T15:42:35Z</time><extensions><speed>1.625635</speed><course>146.811249</course><hAcc>1.458187</hAcc><vAcc>0.811750</vAcc></extensions></trkpt>
      <trkpt lon="-76.448839" lat="39.345948"><ele>23.766115</ele><time>2022-04-12T15:42:36Z</time><extensions><speed>1.626079</speed><course>139.187592</course><hAcc>1.480808</hAcc><vAcc>0.811202</vAcc></extensions></trkpt>
      <trkpt lon="-76.448826" lat="39.345937"><ele>23.751873</ele><time>2022-04-12T15:42:37Z</time><extensions><speed>1.641173</speed><course>133.317444</course><hAcc>1.463550</hAcc><vAcc>0.810655</vAcc></extensions></trkpt>
      <trkpt lon="-76.448811" lat="39.345927"><ele>23.742353</ele><time>2022-04-12T15:42:39Z</time><extensions><speed>1.697318</speed><course>129.977646</course><hAcc>1.434196</hAcc><vAcc>0.810182</vAcc></extensions></trkpt>
      <trkpt lon="-76.448797" lat="39.345918"><ele>23.730429</ele><time>2022-04-12T15:42:40Z</time><extensions><speed>1.624588</speed><course>132.304153</course><hAcc>1.466892</hAcc><vAcc>0.809762</vAcc></extensions></trkpt>
      <trkpt lon="-76.448783" lat="39.345907"><ele>23.736614</ele><time>2022-04-12T15:42:41Z</time><extensions><speed>1.587707</speed><course>136.675690</course><hAcc>1.475278</hAcc><vAcc>0.809399</vAcc></extensions></trkpt>
      <trkpt lon="-76.448771" lat="39.345896"><ele>23.733667</ele><time>2022-04-12T15:42:42Z</time><extensions><speed>1.631996</speed><course>141.922867</course><hAcc>1.435114</hAcc><vAcc>0.809111</vAcc></extensions></trkpt>
      <trkpt lon="-76.448760" lat="39.345885"><ele>23.730366</ele><time>2022-04-12T15:42:43Z</time><extensions><speed>1.630207</speed><course>144.773926</course><hAcc>1.419480</hAcc><vAcc>0.808881</vAcc></extensions></trkpt>
      <trkpt lon="-76.448749" lat="39.345873"><ele>23.730455</ele><time>2022-04-12T15:42:44Z</time><extensions><speed>1.591912</speed><course>145.629715</course><hAcc>1.440177</hAcc><vAcc>0.808693</vAcc></extensions></trkpt>
      <trkpt lon="-76.448738" lat="39.345861"><ele>23.708923</ele><time>2022-04-12T15:42:45Z</time><extensions><speed>1.589660</speed><course>143.745834</course><hAcc>1.431487</hAcc><vAcc>0.808533</vAcc></extensions></trkpt>
      <trkpt lon="-76.448727" lat="39.345850"><ele>23.683084</ele><time>2022-04-12T15:42:46Z</time><extensions><speed>1.577691</speed><course>141.967407</course><hAcc>1.437579</hAcc><vAcc>0.808426</vAcc></extensions></trkpt>
      <trkpt lon="-76.448715" lat="39.345838"><ele>23.694498</ele><time>2022-04-12T15:42:47Z</time><extensions><speed>1.600143</speed><course>141.480698</course><hAcc>1.407751</hAcc><vAcc>0.808347</vAcc></extensions></trkpt>
      <trkpt lon="-76.448704" lat="39.345827"><ele>23.724188</ele><time>2022-04-12T15:42:48Z</time><extensions><speed>1.619109</speed><course>143.245071</course><hAcc>1.381089</hAcc><vAcc>0.808283</vAcc></extensions></trkpt>
      <trkpt lon="-76.448692" lat="39.345815"><ele>23.732996</ele><time>2022-04-12T15:42:49Z</time><extensions><speed>1.605287</speed><course>141.683273</course><hAcc>1.394593</hAcc><vAcc>0.808208</vAcc></extensions></trkpt>
      <trkpt lon="-76.448681" lat="39.345804"><ele>23.757637</ele><time>2022-04-12T15:42:50Z</time><extensions><speed>1.590622</speed><course>140.982620</course><hAcc>1.409976</hAcc><vAcc>0.808141</vAcc></extensions></trkpt>
      <trkpt lon="-76.448669" lat="39.345793"><ele>23.761269</ele><time>2022-04-12T15:42:51Z</time><extensions><speed>1.587728</speed><course>141.166794</course><hAcc>1.413455</hAcc><vAcc>0.808034</vAcc></extensions></trkpt>
      <trkpt lon="-76.448658" lat="39.345782"><ele>23.754963</ele><time>2022-04-12T15:42:52Z</time><extensions><speed>1.586577</speed><course>145.992523</course><hAcc>1.420261</hAcc><vAcc>0.807813</vAcc></extensions></trkpt>
      <trkpt lon="-76.448648" lat="39.345770"><ele>23.703283</ele><time>2022-04-12T15:42:53Z</time><extensions><speed>1.575333</speed><course>145.068314</course><hAcc>1.427670</hAcc><vAcc>0.807332</vAcc></extensions></trkpt>
      <trkpt lon="-76.448637" lat="39.345758"><ele>23.659416</ele><time>2022-04-12T15:42:54Z</time><extensions><speed>1.573277</speed><course>143.589478</course><hAcc>1.430898</hAcc><vAcc>0.806709</vAcc></extensions></trkpt>
      <trkpt lon="-76.448626" lat="39.345747"><ele>23.614620</ele><time>2022-04-12T15:42:55Z</time><extensions><speed>1.533461</speed><course>142.425766</course><hAcc>1.491372</hAcc><vAcc>0.806047</vAcc></extensions></trkpt>
      <trkpt lon="-76.448615" lat="39.345737"><ele>23.581408</ele><time>2022-04-12T15:42:56Z</time><extensions><speed>1.506982</speed><course>137.767227</course><hAcc>1.517920</hAcc><vAcc>0.805311</vAcc></extensions></trkpt>
      <trkpt lon="-76.448603" lat="39.345726"><ele>23.542154</ele><time>2022-04-12T15:42:57Z</time><extensions><speed>1.519236</speed><course>137.127213</course><hAcc>1.524102</hAcc><vAcc>0.804514</vAcc></extensions></trkpt>
      <trkpt lon="-76.448591" lat="39.345717"><ele>23.508272</ele><time>2022-04-12T15:42:58Z</time><extensions><speed>1.483618</speed><course>137.330658</course><hAcc>1.579809</hAcc><vAcc>0.803663</vAcc></extensions></trkpt>
      <trkpt lon="-76.448579" lat="39.345707"><ele>23.450575</ele><time>2022-04-12T15:42:59Z</time><extensions><speed>1.472620</speed><course>136.561905</course><hAcc>1.621023</hAcc><vAcc>0.802730</vAcc></extensions></trkpt>
      <trkpt lon="-76.448567" lat="39.345697"><ele>23.411720</ele><time>2022-04-12T15:43:00Z</time><extensions><speed>1.518317</speed><course>135.104111</course><hAcc>1.661182</hAcc><vAcc>0.801750</vAcc></extensions></trkpt>
      <trkpt lon="-76.448554" lat="39.345688"><ele>23.359068</ele><time>2022-04-12T15:43:01Z</time><extensions><speed>1.534759</speed><course>134.360001</course><hAcc>1.684773</hAcc><vAcc>0.800768</vAcc></extensions></trkpt>
      <trkpt lon="-76.448542" lat="39.345678"><ele>23.296534</ele><time>2022-04-12T15:43:02Z</time><extensions><speed>1.519231</speed><course>135.395340</course><hAcc>1.681379</hAcc><vAcc>0.799820</vAcc></extensions></trkpt>
      <trkpt lon="-76.448529" lat="39.345668"><ele>23.239269</ele><time>2022-04-12T15:43:03Z</time><extensions><speed>1.489024</speed><course>137.524765</course><hAcc>1.647844</hAcc><vAcc>0.798935</vAcc></extensions></trkpt>
      <trkpt lon="-76.448518" lat="39.345658"><ele>23.192629</ele><time>2022-04-12T15:43:04Z</time><extensions><speed>1.434039</speed><course>143.288605</course><hAcc>1.586534</hAcc><vAcc>0.798167</vAcc></extensions></trkpt>
      <trkpt lon="-76.448508" lat="39.345647"><ele>23.154385</ele><time>2022-04-12T15:43:05Z</time><extensions><speed>1.522001</speed><course>147.287949</course><hAcc>1.533063</hAcc><vAcc>0.797547</vAcc></extensions></trkpt>
      <trkpt lon="-76.448499" lat="39.345635"><ele>23.124258</ele><time>2022-04-12T15:43:06Z</time><extensions><speed>1.557141</speed><course>151.864105</course><hAcc>1.532355</hAcc><vAcc>0.797071</vAcc></extensions></trkpt>
      <trkpt lon="-76.448490" lat="39.345623"><ele>23.099022</ele><time>2022-04-12T15:43:07Z</time><extensions><speed>1.567542</speed><course>145.735367</course><hAcc>1.522006</hAcc><vAcc>0.796735</vAcc></extensions></trkpt>
      <trkpt lon="-76.448479" lat="39.345612"><ele>23.078016</ele><time>2022-04-12T15:43:08Z</time><extensions><speed>1.555016</speed><course>140.752029</course><hAcc>1.494116</hAcc><vAcc>0.796475</vAcc></extensions></trkpt>
      <trkpt lon="-76.448467" lat="39.345601"><ele>23.049395</ele><time>2022-04-12T15:43:09Z</time><extensions><speed>1.577727</speed><course>134.816986</course><hAcc>1.467695</hAcc><vAcc>0.796283</vAcc></extensions></trkpt>
      <trkpt lon="-76.448453" lat="39.345591"><ele>23.008617</ele><time>2022-04-12T15:43:10Z</time><extensions><speed>1.620859</speed><course>133.331009</course><hAcc>1.429777</hAcc><vAcc>0.796138</vAcc></extensions></trkpt>
      <trkpt lon="-76.448440" lat="39.345581"><ele>22.963223</ele><time>2022-04-12T15:43:11Z</time><extensions><speed>1.594294</speed><course>132.561005</course><hAcc>1.452977</hAcc><vAcc>0.796045</vAcc></extensions></trkpt>
      <trkpt lon="-76.448426" lat="39.345572"><ele>22.940527</ele><time>2022-04-12T15:43:12Z</time><extensions><speed>1.592878</speed><course>130.926620</course><hAcc>1.455471</hAcc><vAcc>0.796011</vAcc></extensions></trkpt>
      <trkpt lon="-76.448412" lat="39.345562"><ele>22.919546</ele><time>2022-04-12T15:43:13Z</time><extensions><speed>1.591295</speed><course>131.167404</course><hAcc>1.451102</hAcc><vAcc>0.796048</vAcc></extensions></trkpt>
      <trkpt lon="-76.448398" lat="39.345553"><ele>22.922113</ele><time>2022-04-12T15:43:14Z</time><extensions><speed>1.619231</speed><course>130.875809</course><hAcc>1.428187</hAcc><vAcc>0.796162</vAcc></extensions></trkpt>
      <trkpt lon="-76.448384" lat="39.345543"><ele>22.916235</ele><time>2022-04-12T15:43:15Z</time><extensions><speed>1.595317</speed><course>135.633896</course><hAcc>1.468017</hAcc><vAcc>0.796367</vAcc></extensions></trkpt>
      <trkpt lon="-76.448372" lat="39.345532"><ele>22.912848</ele><time>2022-04-12T15:43:16Z</time><extensions><speed>1.606698</speed><course>147.055634</course><hAcc>1.493299</hAcc><vAcc>0.796673</vAcc></extensions></trkpt>
      <trkpt lon="-76.448362" lat="39.345519"><ele>22.909157</ele><time>2022-04-12T15:43:17Z</time><extensions><speed>1.620554</speed><course>148.042221</course><hAcc>1.487244</hAcc><vAcc>0.797103</vAcc></extensions></trkpt>
      <trkpt lon="-76.448351" lat="39.345507"><ele>22.984386</ele><time>2022-04-12T15:43:18Z</time><extensions><speed>1.674564</speed><course>148.006409</course><hAcc>1.439222</hAcc><vAcc>0.797579</vAcc></extensions></trkpt>
      <trkpt lon="-76.448341" lat="39.345494"><ele>23.048326</ele><time>2022-04-12T15:43:19Z</time><extensions><speed>1.656695</speed><course>147.452133</course><hAcc>1.425576</hAcc><vAcc>0.798063</vAcc></extensions></trkpt>
      <trkpt lon="-76.448330" lat="39.345482"><ele>23.110579</ele><time>2022-04-12T15:43:20Z</time><extensions><speed>1.604261</speed><course>144.791046</course><hAcc>1.433635</hAcc><vAcc>0.798592</vAcc></extensions></trkpt>
      <trkpt lon="-76.448319" lat="39.345470"><ele>23.180670</ele><time>2022-04-12T15:43:21Z</time><extensions><speed>1.531365</speed><course>146.502853</course><hAcc>1.446318</hAcc><vAcc>0.799137</vAcc></extensions></trkpt>
      <trkpt lon="-76.448310" lat="39.345458"><ele>23.223244</ele><time>2022-04-12T15:43:22Z</time><extensions><speed>1.541006</speed><course>150.449493</course><hAcc>1.420028</hAcc><vAcc>0.799661</vAcc></extensions></trkpt>
      <trkpt lon="-76.448301" lat="39.345446"><ele>23.266136</ele><time>2022-04-12T15:43:23Z</time><extensions><speed>1.513253</speed><course>155.441544</course><hAcc>1.402569</hAcc><vAcc>0.800132</vAcc></extensions></trkpt>
      <trkpt lon="-76.448292" lat="39.345434"><ele>23.327965</ele><time>2022-04-12T15:43:24Z</time><extensions><speed>1.595020</speed><course>147.484146</course><hAcc>1.385417</hAcc><vAcc>0.800523</vAcc></extensions></trkpt>
      <trkpt lon="-76.448282" lat="39.345422"><ele>23.366060</ele><time>2022-04-12T15:43:25Z</time><extensions><speed>1.587798</speed><course>147.473007</course><hAcc>1.380858</hAcc><vAcc>0.800798</vAcc></extensions></trkpt>
      <trkpt lon="-76.448272" lat="39.345410"><ele>23.408592</ele><time>2022-04-12T15:43:26Z</time><extensions><speed>1.595413</speed><course>143.115540</course><hAcc>1.384869</hAcc><vAcc>0.800918</vAcc></extensions></trkpt>
      <trkpt lon="-76.448260" lat="39.345399"><ele>23.450287</ele><time>2022-04-12T15:43:27Z</time><extensions><speed>1.586664</speed><course>142.010681</course><hAcc>1.368778</hAcc><vAcc>0.800897</vAcc></extensions></trkpt>
      <trkpt lon="-76.448249" lat="39.345388"><ele>23.497049</ele><time>2022-04-12T15:43:28Z</time><extensions><speed>1.523972</speed><course>141.168213</course><hAcc>1.345439</hAcc><vAcc>0.800759</vAcc></extensions></trkpt>
      <trkpt lon="-76.448238" lat="39.345377"><ele>23.514051</ele><time>2022-04-12T15:43:29Z</time><extensions><speed>1.517001</speed><course>143.767929</course><hAcc>1.369534</hAcc><vAcc>0.800526</vAcc></extensions></trkpt>
      <trkpt lon="-76.448228" lat="39.345365"><ele>23.519516</ele><time>2022-04-12T15:43:30Z</time><extensions><speed>1.601383</speed><course>147.104416</course><hAcc>1.369799</hAcc><vAcc>0.800199</vAcc></extensions></trkpt>
      <trkpt lon="-76.448217" lat="39.345354"><ele>23.517025</ele><time>2022-04-12T15:43:31Z</time><extensions><speed>1.610479</speed><course>141.172424</course><hAcc>1.370628</hAcc><vAcc>0.799778</vAcc></extensions></trkpt>
      <trkpt lon="-76.448204" lat="39.345343"><ele>23.512566</ele><time>2022-04-12T15:43:32Z</time><extensions><speed>1.576913</speed><course>135.572952</course><hAcc>1.383017</hAcc><vAcc>0.799288</vAcc></extensions></trkpt>
      <trkpt lon="-76.448191" lat="39.345333"><ele>23.474340</ele><time>2022-04-12T15:43:33Z</time><extensions><speed>1.598660</speed><course>136.803619</course><hAcc>1.380090</hAcc><vAcc>0.798754</vAcc></extensions></trkpt>
      <trkpt lon="-76.448178" lat="39.345322"><ele>23.419487</ele><time>2022-04-12T15:43:34Z</time><extensions><speed>1.599363</speed><course>136.806412</course><hAcc>1.396553</hAcc><vAcc>0.798202</vAcc></extensions></trkpt>
      <trkpt lon="-76.448165" lat="39.345312"><ele>23.373409</ele><time>2022-04-12T15:43:35Z</time><extensions><speed>1.617189</speed><course>135.742538</course><hAcc>1.396508</hAcc><vAcc>0.797647</vAcc></extensions></trkpt>
      <trkpt lon="-76.448152" lat="39.345302"><ele>23.320210</ele><time>2022-04-12T15:43:36Z</time><extensions><speed>1.620698</speed><course>134.932449</course><hAcc>1.395617</hAcc><vAcc>0.797114</vAcc></extensions></trkpt>
      <trkpt lon="-76.448138" lat="39.345291"><ele>23.266371</ele><time>2022-04-12T15:43:37Z</time><extensions><speed>1.640002</speed><course>131.650803</course><hAcc>1.392447</hAcc><vAcc>0.796588</vAcc></extensions></trkpt>
      <trkpt lon="-76.448124" lat="39.345282"><ele>23.200504</ele><time>2022-04-12T15:43:38Z</time><extensions><speed>1.588975</speed><course>128.808777</course><hAcc>1.446933</hAcc><vAcc>0.796105</vAcc></extensions></trkpt>
      <trkpt lon="-76.448109" lat="39.345273"><ele>23.136299</ele><time>2022-04-12T15:43:39Z</time><extensions><speed>1.593202</speed><course>129.953217</course><hAcc>1.469414</hAcc><vAcc>0.795666</vAcc></extensions></trkpt>
      <trkpt lon="-76.448095" lat="39.345264"><ele>23.071657</ele><time>2022-04-12T15:43:40Z</time><extensions><speed>1.601702</speed><course>131.635788</course><hAcc>1.476757</hAcc><vAcc>0.795229</vAcc></extensions></trkpt>
      <trkpt lon="-76.448081" lat="39.345255"><ele>23.016699</ele><time>2022-04-12T15:43:41Z</time><extensions><speed>1.604985</speed><course>129.197296</course><hAcc>1.485329</hAcc><vAcc>0.794844</vAcc></extensions></trkpt>
      <trkpt lon="-76.448066" lat="39.345246"><ele>22.952961</ele><time>2022-04-12T15:43:42Z</time><extensions><speed>1.645245</speed><course>121.592514</course><hAcc>1.473717</hAcc><vAcc>0.794433</vAcc></extensions></trkpt>
      <trkpt lon="-76.448049" lat="39.345239"><ele>22.888918</ele><time>2022-04-12T15:43:43Z</time><extensions><speed>1.700069</speed><course>115.606529</course><hAcc>1.503366</hAcc><vAcc>0.794022</vAcc></extensions></trkpt>
      <trkpt lon="-76.448031" lat="39.345233"><ele>22.826754</ele><time>2022-04-12T15:43:44Z</time><extensions><speed>1.638607</speed><course>112.478645</course><hAcc>1.568365</hAcc><vAcc>0.793594</vAcc></extensions></trkpt>
      <trkpt lon="-76.448013" lat="39.345228"><ele>22.768749</ele><time>2022-04-12T15:43:45Z</time><extensions><speed>1.673840</speed><course>109.292107</course><hAcc>1.562521</hAcc><vAcc>0.793142</vAcc></extensions></trkpt>
      <trkpt lon="-76.447995" lat="39.345223"><ele>22.700205</ele><time>2022-04-12T15:43:46Z</time><extensions><speed>1.650393</speed><course>107.446686</course><hAcc>1.566070</hAcc><vAcc>0.792670</vAcc></extensions></trkpt>
      <trkpt lon="-76.447976" lat="39.345219"><ele>22.657938</ele><time>2022-04-12T15:43:47Z</time><extensions><speed>1.660204</speed><course>106.315613</course><hAcc>1.574635</hAcc><vAcc>0.792164</vAcc></extensions></trkpt>
      <trkpt lon="-76.447958" lat="39.345214"><ele>22.609417</ele><time>2022-04-12T15:43:48Z</time><extensions><speed>1.644211</speed><course>106.272789</course><hAcc>1.588136</hAcc><vAcc>0.791645</vAcc></extensions></trkpt>
      <trkpt lon="-76.447939" lat="39.345211"><ele>22.559484</ele><time>2022-04-12T15:43:49Z</time><extensions><speed>1.644738</speed><course>102.736725</course><hAcc>1.562619</hAcc><vAcc>0.791093</vAcc></extensions></trkpt>
      <trkpt lon="-76.447921" lat="39.345207"><ele>22.509434</ele><time>2022-04-12T15:43:50Z</time><extensions><speed>1.627647</speed><course>102.036171</course><hAcc>1.535946</hAcc><vAcc>0.790530</vAcc></extensions></trkpt>
      <trkpt lon="-76.447902" lat="39.345205"><ele>22.446190</ele><time>2022-04-12T15:43:51Z</time><extensions><speed>1.618769</speed><course>99.633736</course><hAcc>1.499410</hAcc><vAcc>0.789904</vAcc></extensions></trkpt>
      <trkpt lon="-76.447884" lat="39.345202"><ele>22.388094</ele><time>2022-04-12T15:43:52Z</time><extensions><speed>1.608285</speed><course>96.505142</course><hAcc>1.496431</hAcc><vAcc>0.789192</vAcc></extensions></trkpt>
      <trkpt lon="-76.447865" lat="39.345201"><ele>22.333305</ele><time>2022-04-12T15:43:53Z</time><extensions><speed>1.603711</speed><course>96.401505</course><hAcc>1.475157</hAcc><vAcc>0.788414</vAcc></extensions></trkpt>
      <trkpt lon="-76.447847" lat="39.345199"><ele>22.269049</ele><time>2022-04-12T15:43:54Z</time><extensions><speed>1.597116</speed><course>98.874207</course><hAcc>1.447618</hAcc><vAcc>0.787585</vAcc></extensions></trkpt>
      <trkpt lon="-76.447828" lat="39.345197"><ele>22.242092</ele><time>2022-04-12T15:43:55Z</time><extensions><speed>1.591662</speed><course>99.119247</course><hAcc>1.428884</hAcc><vAcc>0.786675</vAcc></extensions></trkpt>
      <trkpt lon="-76.447810" lat="39.345195"><ele>22.205788</ele><time>2022-04-12T15:43:56Z</time><extensions><speed>1.597779</speed><course>99.599602</course><hAcc>1.412983</hAcc><vAcc>0.785716</vAcc></extensions></trkpt>
      <trkpt lon="-76.447791" lat="39.345192"><ele>22.167933</ele><time>2022-04-12T15:43:57Z</time><extensions><speed>1.622196</speed><course>99.749252</course><hAcc>1.407444</hAcc><vAcc>0.784757</vAcc></extensions></trkpt>
      <trkpt lon="-76.447773" lat="39.345190"><ele>22.103716</ele><time>2022-04-12T15:43:58Z</time><extensions><speed>1.593544</speed><course>95.144905</course><hAcc>1.416471</hAcc><vAcc>0.783784</vAcc></extensions></trkpt>
      <trkpt lon="-76.447755" lat="39.345189"><ele>22.038519</ele><time>2022-04-12T15:43:59Z</time><extensions><speed>1.593628</speed><course>94.213203</course><hAcc>1.400992</hAcc><vAcc>0.782854</vAcc></extensions></trkpt>
      <trkpt lon="-76.447736" lat="39.345187"><ele>21.973038</ele><time>2022-04-12T15:44:00Z</time><extensions><speed>1.582821</speed><course>98.663490</course><hAcc>1.401491</hAcc><vAcc>0.781940</vAcc></extensions></trkpt>
      <trkpt lon="-76.447718" lat="39.345185"><ele>21.912632</ele><time>2022-04-12T15:44:01Z</time><extensions><speed>1.570605</speed><course>101.662590</course><hAcc>1.406915</hAcc><vAcc>0.781062</vAcc></extensions></trkpt>
      <trkpt lon="-76.447700" lat="39.345182"><ele>21.857824</ele><time>2022-04-12T15:44:02Z</time><extensions><speed>1.591221</speed><course>100.494331</course><hAcc>1.397048</hAcc><vAcc>0.780240</vAcc></extensions></trkpt>
      <trkpt lon="-76.447682" lat="39.345179"><ele>21.781000</ele><time>2022-04-12T15:44:03Z</time><extensions><speed>1.577997</speed><course>100.329536</course><hAcc>1.415506</hAcc><vAcc>0.779532</vAcc></extensions></trkpt>
      <trkpt lon="-76.447664" lat="39.345178"><ele>21.737965</ele><time>2022-04-12T15:44:04Z</time><extensions><speed>1.579509</speed><course>88.814240</course><hAcc>1.425457</hAcc><vAcc>0.778877</vAcc></extensions></trkpt>
      <trkpt lon="-76.447646" lat="39.345179"><ele>21.695257</ele><time>2022-04-12T15:44:05Z</time><extensions><speed>1.590778</speed><course>81.595879</course><hAcc>1.425461</hAcc><vAcc>0.778291</vAcc></extensions></trkpt>
      <trkpt lon="-76.447627" lat="39.345181"><ele>21.642988</ele><time>2022-04-12T15:44:06Z</time><extensions><speed>1.600302</speed><course>83.255836</course><hAcc>1.422682</hAcc><vAcc>0.777780</vAcc></extensions></trkpt>
      <trkpt lon="-76.447609" lat="39.345183"><ele>21.585014</ele><time>2022-04-12T15:44:07Z</time><extensions><speed>1.610937</speed><course>82.413391</course><hAcc>1.412652</hAcc><vAcc>0.777340</vAcc></extensions></trkpt>
      <trkpt lon="-76.447591" lat="39.345185"><ele>21.531750</ele><time>2022-04-12T15:44:08Z</time><extensions><speed>1.572582</speed><course>81.046852</course><hAcc>1.445618</hAcc><vAcc>0.776976</vAcc></extensions></trkpt>
      <trkpt lon="-76.447573" lat="39.345187"><ele>21.497725</ele><time>2022-04-12T15:44:09Z</time><extensions><speed>1.561095</speed><course>81.790207</course><hAcc>1.478299</hAcc><vAcc>0.776709</vAcc></extensions></trkpt>
      <trkpt lon="-76.447554" lat="39.345189"><ele>21.460711</ele><time>2022-04-12T15:44:10Z</time><extensions><speed>1.581881</speed><course>87.742622</course><hAcc>1.478083</hAcc><vAcc>0.776541</vAcc></extensions></trkpt>
      <trkpt lon="-76.447536" lat="39.345189"><ele>21.441269</ele><time>2022-04-12T15:44:11Z</time><extensions><speed>1.592953</speed><course>88.988373</course><hAcc>1.495208</hAcc><vAcc>0.776487</vAcc></extensions></trkpt>
      <trkpt lon="-76.447518" lat="39.345190"><ele>21.438593</ele><time>2022-04-12T15:44:12Z</time><extensions><speed>1.602787</speed><course>87.987839</course><hAcc>1.484914</hAcc><vAcc>0.776582</vAcc></extensions></trkpt>
      <trkpt lon="-76.447499" lat="39.345190"><ele>21.434860</ele><time>2022-04-12T15:44:13Z</time><extensions><speed>1.543712</speed><course>88.510246</course><hAcc>1.516348</hAcc><vAcc>0.776854</vAcc></extensions></trkpt>
      <trkpt lon="-76.447482" lat="39.345191"><ele>21.433744</ele><time>2022-04-12T15:44:14Z</time><extensions><speed>1.524781</speed><course>87.042061</course><hAcc>1.551277</hAcc><vAcc>0.777305</vAcc></extensions></trkpt>
      <trkpt lon="-76.447464" lat="39.345192"><ele>21.450338</ele><time>2022-04-12T15:44:15Z</time><extensions><speed>1.518141</speed><course>83.062813</course><hAcc>1.564613</hAcc><vAcc>0.777942</vAcc></extensions></trkpt>
      <trkpt lon="-76.447447" lat="39.345194"><ele>21.489124</ele><time>2022-04-12T15:44:16Z</time><extensions><speed>1.523407</speed><course>78.644577</course><hAcc>1.562107</hAcc><vAcc>0.778736</vAcc></extensions></trkpt>
      <trkpt lon="-76.447430" lat="39.345197"><ele>21.516771</ele><time>2022-04-12T15:44:17Z</time><extensions><speed>1.521629</speed><course>77.816032</course><hAcc>1.593366</hAcc><vAcc>0.779665</vAcc></extensions></trkpt>
      <trkpt lon="-76.447412" lat="39.345201"><ele>21.537174</ele><time>2022-04-12T15:44:18Z</time><extensions><speed>1.558390</speed><course>74.658112</course><hAcc>1.617485</hAcc><vAcc>0.780714</vAcc></extensions></trkpt>
      <trkpt lon="-76.447395" lat="39.345205"><ele>21.566484</ele><time>2022-04-12T15:44:19Z</time><extensions><speed>1.570201</speed><course>72.620773</course><hAcc>1.599772</hAcc><vAcc>0.781857</vAcc></extensions></trkpt>
      <trkpt lon="-76.447378" lat="39.345209"><ele>21.615463</ele><time>2022-04-12T15:44:20Z</time><extensions><speed>1.563161</speed><course>69.552963</course><hAcc>1.591038</hAcc><vAcc>0.783054</vAcc></extensions></trkpt>
      <trkpt lon="-76.447362" lat="39.345215"><ele>21.667807</ele><time>2022-04-12T15:44:21Z</time><extensions><speed>1.532254</speed><course>66.557442</course><hAcc>1.592874</hAcc><vAcc>0.784285</vAcc></extensions></trkpt>
      <trkpt lon="-76.447346" lat="39.345221"><ele>21.714243</ele><time>2022-04-12T15:44:22Z</time><extensions><speed>1.458139</speed><course>63.298515</course><hAcc>1.597622</hAcc><vAcc>0.785541</vAcc></extensions></trkpt>
      <trkpt lon="-76.447331" lat="39.345227"><ele>21.782349</ele><time>2022-04-12T15:44:23Z</time><extensions><speed>1.421509</speed><course>61.221733</course><hAcc>1.575632</hAcc><vAcc>0.786779</vAcc></extensions></trkpt>
      <trkpt lon="-76.447317" lat="39.345233"><ele>21.839914</ele><time>2022-04-12T15:44:24Z</time><extensions><speed>1.432769</speed><course>59.257187</course><hAcc>1.528875</hAcc><vAcc>0.787981</vAcc></extensions></trkpt>
      <trkpt lon="-76.447303" lat="39.345240"><ele>21.886755</ele><time>2022-04-12T15:44:25Z</time><extensions><speed>1.467459</speed><course>60.322304</course><hAcc>1.496092</hAcc><vAcc>0.789135</vAcc></extensions></trkpt>
      <trkpt lon="-76.447288" lat="39.345246"><ele>21.925554</ele><time>2022-04-12T15:44:26Z</time><extensions><speed>1.476608</speed><course>65.344971</course><hAcc>1.504556</hAcc><vAcc>0.790242</vAcc></extensions></trkpt>
      <trkpt lon="-76.447273" lat="39.345252"><ele>21.930517</ele><time>2022-04-12T15:44:27Z</time><extensions><speed>1.520703</speed><course>63.420082</course><hAcc>1.490692</hAcc><vAcc>0.791276</vAcc></extensions></trkpt>
      <trkpt lon="-76.447257" lat="39.345258"><ele>21.929899</ele><time>2022-04-12T15:44:28Z</time><extensions><speed>1.513152</speed><course>61.108753</course><hAcc>1.461381</hAcc><vAcc>0.792251</vAcc></extensions></trkpt>
      <trkpt lon="-76.447243" lat="39.345265"><ele>21.925070</ele><time>2022-04-12T15:44:29Z</time><extensions><speed>1.501019</speed><course>57.422951</course><hAcc>1.421010</hAcc><vAcc>0.793166</vAcc></extensions></trkpt>
      <trkpt lon="-76.447229" lat="39.345274"><ele>21.909397</ele><time>2022-04-12T15:44:30Z</time><extensions><speed>1.501610</speed><course>50.543339</course><hAcc>1.392680</hAcc><vAcc>0.794020</vAcc></extensions></trkpt>
      <trkpt lon="-76.447216" lat="39.345282"><ele>21.886595</ele><time>2022-04-12T15:44:31Z</time><extensions><speed>1.520286</speed><course>46.286625</course><hAcc>1.382011</hAcc><vAcc>0.794855</vAcc></extensions></trkpt>
      <trkpt lon="-76.447203" lat="39.345292"><ele>21.876780</ele><time>2022-04-12T15:44:32Z</time><extensions><speed>1.522171</speed><course>43.921329</course><hAcc>1.377583</hAcc><vAcc>0.795637</vAcc></extensions></trkpt>
      <trkpt lon="-76.447192" lat="39.345302"><ele>21.863686</ele><time>2022-04-12T15:44:33Z</time><extensions><speed>1.490650</speed><course>41.585495</course><hAcc>1.364702</hAcc><vAcc>0.796428</vAcc></extensions></trkpt>
      <trkpt lon="-76.447180" lat="39.345312"><ele>21.844454</ele><time>2022-04-12T15:44:34Z</time><extensions><speed>1.475330</speed><course>46.413074</course><hAcc>1.355901</hAcc><vAcc>0.797212</vAcc></extensions></trkpt>
      <trkpt lon="-76.447167" lat="39.345321"><ele>21.861286</ele><time>2022-04-12T15:44:35Z</time><extensions><speed>1.471716</speed><course>48.861576</course><hAcc>1.366413</hAcc><vAcc>0.797991</vAcc></extensions></trkpt>
      <trkpt lon="-76.447155" lat="39.345330"><ele>21.844461</ele><time>2022-04-12T15:44:36Z</time><extensions><speed>1.483563</speed><course>44.538059</course><hAcc>1.376560</hAcc><vAcc>0.798740</vAcc></extensions></trkpt>
      <trkpt lon="-76.447144" lat="39.345340"><ele>21.830688</ele><time>2022-04-12T15:44:37Z</time><extensions><speed>1.452501</speed><course>37.521980</course><hAcc>1.383569</hAcc><vAcc>0.799506</vAcc></extensions></trkpt>
      <trkpt lon="-76.447133" lat="39.345350"><ele>21.828890</ele><time>2022-04-12T15:44:38Z</time><extensions><speed>1.476170</speed><course>38.957996</course><hAcc>1.394568</hAcc><vAcc>0.800249</vAcc></extensions></trkpt>
      <trkpt lon="-76.447123" lat="39.345360"><ele>21.796284</ele><time>2022-04-12T15:44:39Z</time><extensions><speed>1.471431</speed><course>39.194511</course><hAcc>1.402739</hAcc><vAcc>0.800944</vAcc></extensions></trkpt>
      <trkpt lon="-76.447112" lat="39.345371"><ele>21.771887</ele><time>2022-04-12T15:44:40Z</time><extensions><speed>1.448208</speed><course>39.192589</course><hAcc>1.442510</hAcc><vAcc>0.801612</vAcc></extensions></trkpt>
      <trkpt lon="-76.447101" lat="39.345380"><ele>21.766701</ele><time>2022-04-12T15:44:41Z</time><extensions><speed>1.348737</speed><course>40.970287</course><hAcc>1.428977</hAcc><vAcc>0.802221</vAcc></extensions></trkpt>
      <trkpt lon="-76.447091" lat="39.345389"><ele>21.786966</ele><time>2022-04-12T15:44:42Z</time><extensions><speed>1.348125</speed><course>40.313385</course><hAcc>1.457646</hAcc><vAcc>0.802715</vAcc></extensions></trkpt>
      <trkpt lon="-76.447081" lat="39.345399"><ele>21.805279</ele><time>2022-04-12T15:44:43Z</time><extensions><speed>1.430256</speed><course>39.273975</course><hAcc>1.518178</hAcc><vAcc>0.803145</vAcc></extensions></trkpt>
      <trkpt lon="-76.447071" lat="39.345409"><ele>21.832617</ele><time>2022-04-12T15:44:44Z</time><extensions><speed>1.401938</speed><course>35.626938</course><hAcc>1.500482</hAcc><vAcc>0.803487</vAcc></extensions></trkpt>
      <trkpt lon="-76.447062" lat="39.345420"><ele>21.876879</ele><time>2022-04-12T15:44:45Z</time><extensions><speed>1.402261</speed><course>29.089672</course><hAcc>1.515460</hAcc><vAcc>0.803716</vAcc></extensions></trkpt>
      <trkpt lon="-76.447053" lat="39.345431"><ele>21.919559</ele><time>2022-04-12T15:44:46Z</time><extensions><speed>1.473778</speed><course>36.034462</course><hAcc>1.499497</hAcc><vAcc>0.803779</vAcc></extensions></trkpt>
      <trkpt lon="-76.447043" lat="39.345441"><ele>21.966503</ele><time>2022-04-12T15:44:47Z</time><extensions><speed>1.444172</speed><course>40.196068</course><hAcc>1.525058</hAcc><vAcc>0.803715</vAcc></extensions></trkpt>
      <trkpt lon="-76.447031" lat="39.345450"><ele>21.995264</ele><time>2022-04-12T15:44:48Z</time><extensions><speed>1.416457</speed><course>50.761902</course><hAcc>1.499374</hAcc><vAcc>0.803574</vAcc></extensions></trkpt>
      <trkpt lon="-76.447017" lat="39.345457"><ele>22.036385</ele><time>2022-04-12T15:44:49Z</time><extensions><speed>1.443847</speed><course>58.049789</course><hAcc>1.508741</hAcc><vAcc>0.803310</vAcc></extensions></trkpt>
      <trkpt lon="-76.447003" lat="39.345464"><ele>22.057217</ele><time>2022-04-12T15:44:50Z</time><extensions><speed>1.456635</speed><course>64.776100</course><hAcc>1.577699</hAcc><vAcc>0.802958</vAcc></extensions></trkpt>
      <trkpt lon="-76.446987" lat="39.345469"><ele>22.064768</ele><time>2022-04-12T15:44:51Z</time><extensions><speed>1.481478</speed><course>65.652939</course><hAcc>1.582129</hAcc><vAcc>0.802534</vAcc></extensions></trkpt>
      <trkpt lon="-76.446972" lat="39.345475"><ele>22.109127</ele><time>2022-04-12T15:44:52Z</time><extensions><speed>1.447199</speed><course>65.359566</course><hAcc>1.556517</hAcc><vAcc>0.802029</vAcc></extensions></trkpt>
      <trkpt lon="-76.446956" lat="39.345480"><ele>22.133476</ele><time>2022-04-12T15:44:53Z</time><extensions><speed>1.439624</speed><course>64.219467</course><hAcc>1.569475</hAcc><vAcc>0.801476</vAcc></extensions></trkpt>
      <trkpt lon="-76.446941" lat="39.345486"><ele>22.149853</ele><time>2022-04-12T15:44:54Z</time><extensions><speed>1.445582</speed><course>63.359478</course><hAcc>1.601347</hAcc><vAcc>0.800931</vAcc></extensions></trkpt>
      <trkpt lon="-76.446926" lat="39.345492"><ele>22.155857</ele><time>2022-04-12T15:44:55Z</time><extensions><speed>1.501905</speed><course>63.023464</course><hAcc>1.617595</hAcc><vAcc>0.800492</vAcc></extensions></trkpt>
      <trkpt lon="-76.446910" lat="39.345499"><ele>22.198118</ele><time>2022-04-12T15:44:56Z</time><extensions><speed>1.543306</speed><course>60.410278</course><hAcc>1.620737</hAcc><vAcc>0.800052</vAcc></extensions></trkpt>
      <trkpt lon="-76.446895" lat="39.345506"><ele>22.203535</ele><time>2022-04-12T15:44:57Z</time><extensions><speed>1.554431</speed><course>58.318169</course><hAcc>1.622584</hAcc><vAcc>0.799598</vAcc></extensions></trkpt>
      <trkpt lon="-76.446880" lat="39.345513"><ele>22.239126</ele><time>2022-04-12T15:44:58Z</time><extensions><speed>1.531174</speed><course>56.509052</course><hAcc>1.630304</hAcc><vAcc>0.799192</vAcc></extensions></trkpt>
      <trkpt lon="-76.446865" lat="39.345521"><ele>22.268578</ele><time>2022-04-12T15:44:59Z</time><extensions><speed>1.560636</speed><course>56.505611</course><hAcc>1.596538</hAcc><vAcc>0.798793</vAcc></extensions></trkpt>
      <trkpt lon="-76.446849" lat="39.345528"><ele>22.302807</ele><time>2022-04-12T15:45:00Z</time><extensions><speed>1.539552</speed><course>59.060066</course><hAcc>1.585824</hAcc><vAcc>0.798377</vAcc></extensions></trkpt>
      <trkpt lon="-76.446834" lat="39.345535"><ele>22.347029</ele><time>2022-04-12T15:45:01Z</time><extensions><speed>1.499995</speed><course>58.527454</course><hAcc>1.628384</hAcc><vAcc>0.797915</vAcc></extensions></trkpt>
      <trkpt lon="-76.446819" lat="39.345542"><ele>22.377321</ele><time>2022-04-12T15:45:02Z</time><extensions><speed>1.517786</speed><course>59.219967</course><hAcc>1.625825</hAcc><vAcc>0.797412</vAcc></extensions></trkpt>
      <trkpt lon="-76.446804" lat="39.345549"><ele>22.406036</ele><time>2022-04-12T15:45:03Z</time><extensions><speed>1.501172</speed><course>59.838512</course><hAcc>1.599663</hAcc><vAcc>0.796893</vAcc></extensions></trkpt>
      <trkpt lon="-76.446789" lat="39.345556"><ele>22.433914</ele><time>2022-04-12T15:45:04Z</time><extensions><speed>1.456612</speed><course>60.279411</course><hAcc>1.593988</hAcc><vAcc>0.796306</vAcc></extensions></trkpt>
      <trkpt lon="-76.446775" lat="39.345562"><ele>22.464613</ele><time>2022-04-12T15:45:05Z</time><extensions><speed>1.396798</speed><course>61.076759</course><hAcc>1.596714</hAcc><vAcc>0.795737</vAcc></extensions></trkpt>
      <trkpt lon="-76.446761" lat="39.345568"><ele>22.489384</ele><time>2022-04-12T15:45:06Z</time><extensions><speed>1.390086</speed><course>62.175098</course><hAcc>1.590517</hAcc><vAcc>0.795109</vAcc></extensions></trkpt>
      <trkpt lon="-76.446746" lat="39.345574"><ele>22.506655</ele><time>2022-04-12T15:45:07Z</time><extensions><speed>1.400344</speed><course>60.846493</course><hAcc>1.571583</hAcc><vAcc>0.794454</vAcc></extensions></trkpt>
      <trkpt lon="-76.446732" lat="39.345581"><ele>22.526775</ele><time>2022-04-12T15:45:08Z</time><extensions><speed>1.468481</speed><course>59.791622</course><hAcc>1.575181</hAcc><vAcc>0.793772</vAcc></extensions></trkpt>
      <trkpt lon="-76.446717" lat="39.345588"><ele>22.581499</ele><time>2022-04-12T15:45:09Z</time><extensions><speed>1.484588</speed><course>58.413857</course><hAcc>1.614969</hAcc><vAcc>0.793122</vAcc></extensions></trkpt>
      <trkpt lon="-76.446703" lat="39.345595"><ele>22.589201</ele><time>2022-04-12T15:45:10Z</time><extensions><speed>1.488472</speed><course>55.590599</course><hAcc>1.608702</hAcc><vAcc>0.792547</vAcc></extensions></trkpt>
      <trkpt lon="-76.446689" lat="39.345603"><ele>22.608952</ele><time>2022-04-12T15:45:11Z</time><extensions><speed>1.480828</speed><course>53.851704</course><hAcc>1.583002</hAcc><vAcc>0.792036</vAcc></extensions></trkpt>
      <trkpt lon="-76.446674" lat="39.345611"><ele>22.625160</ele><time>2022-04-12T15:45:12Z</time><extensions><speed>1.525025</speed><course>53.476170</course><hAcc>1.533893</hAcc><vAcc>0.791586</vAcc></extensions></trkpt>
      <trkpt lon="-76.446660" lat="39.345619"><ele>22.638018</ele><time>2022-04-12T15:45:13Z</time><extensions><speed>1.540248</speed><course>52.013802</course><hAcc>1.527603</hAcc><vAcc>0.791249</vAcc></extensions></trkpt>
      <trkpt lon="-76.446646" lat="39.345628"><ele>22.653042</ele><time>2022-04-12T15:45:14Z</time><extensions><speed>1.585762</speed><course>50.717331</course><hAcc>1.550455</hAcc><vAcc>0.791003</vAcc></extensions></trkpt>
      <trkpt lon="-76.446632" lat="39.345637"><ele>22.691967</ele><time>2022-04-12T15:45:15Z</time><extensions><speed>1.519857</speed><course>49.278316</course><hAcc>1.597205</hAcc><vAcc>0.790852</vAcc></extensions></trkpt>
      <trkpt lon="-76.446619" lat="39.345646"><ele>22.718529</ele><time>2022-04-12T15:45:16Z</time><extensions><speed>1.556607</speed><course>47.381058</course><hAcc>1.537344</hAcc><vAcc>0.790793</vAcc></extensions></trkpt>
      <trkpt lon="-76.446605" lat="39.345656"><ele>22.743885</ele><time>2022-04-12T15:45:17Z</time><extensions><speed>1.536719</speed><course>47.809620</course><hAcc>1.514123</hAcc><vAcc>0.790853</vAcc></extensions></trkpt>
      <trkpt lon="-76.446592" lat="39.345665"><ele>22.769194</ele><time>2022-04-12T15:45:18Z</time><extensions><speed>1.515624</speed><course>46.969757</course><hAcc>1.547999</hAcc><vAcc>0.790970</vAcc></extensions></trkpt>
      <trkpt lon="-76.446580" lat="39.345675"><ele>22.795324</ele><time>2022-04-12T15:45:19Z</time><extensions><speed>1.470920</speed><course>40.909012</course><hAcc>1.547997</hAcc><vAcc>0.791209</vAcc></extensions></trkpt>
      <trkpt lon="-76.446568" lat="39.345685"><ele>22.783405</ele><time>2022-04-12T15:45:20Z</time><extensions><speed>1.545049</speed><course>44.387341</course><hAcc>1.533375</hAcc><vAcc>0.791543</vAcc></extensions></trkpt>
      <trkpt lon="-76.446556" lat="39.345695"><ele>22.804569</ele><time>2022-04-12T15:45:21Z</time><extensions><speed>1.549981</speed><course>42.962204</course><hAcc>1.511375</hAcc><vAcc>0.791978</vAcc></extensions></trkpt>
      <trkpt lon="-76.446544" lat="39.345706"><ele>22.830374</ele><time>2022-04-12T15:45:22Z</time><extensions><speed>1.608095</speed><course>42.565632</course><hAcc>1.468405</hAcc><vAcc>0.792507</vAcc></extensions></trkpt>
      <trkpt lon="-76.446531" lat="39.345717"><ele>22.839750</ele><time>2022-04-12T15:45:23Z</time><extensions><speed>1.591130</speed><course>43.413498</course><hAcc>1.461079</hAcc><vAcc>0.793118</vAcc></extensions></trkpt>
      <trkpt lon="-76.446518" lat="39.345727"><ele>22.840523</ele><time>2022-04-12T15:45:24Z</time><extensions><speed>1.518537</speed><course>46.553829</course><hAcc>1.493584</hAcc><vAcc>0.793773</vAcc></extensions></trkpt>
      <trkpt lon="-76.446506" lat="39.345737"><ele>22.871967</ele><time>2022-04-12T15:45:25Z</time><extensions><speed>1.485243</speed><course>40.563667</course><hAcc>1.503722</hAcc><vAcc>0.794464</vAcc></extensions></trkpt>
      <trkpt lon="-76.446495" lat="39.345747"><ele>22.889412</ele><time>2022-04-12T15:45:26Z</time><extensions><speed>1.520559</speed><course>40.100082</course><hAcc>1.502351</hAcc><vAcc>0.795125</vAcc></extensions></trkpt>
      <trkpt lon="-76.446484" lat="39.345758"><ele>22.907104</ele><time>2022-04-12T15:45:27Z</time><extensions><speed>1.525535</speed><course>35.687019</course><hAcc>1.489123</hAcc><vAcc>0.795681</vAcc></extensions></trkpt>
      <trkpt lon="-76.446474" lat="39.345770"><ele>22.943258</ele><time>2022-04-12T15:45:28Z</time><extensions><speed>1.583796</speed><course>35.517551</course><hAcc>1.435018</hAcc><vAcc>0.796233</vAcc></extensions></trkpt>
      <trkpt lon="-76.446463" lat="39.345781"><ele>22.950468</ele><time>2022-04-12T15:45:29Z</time><extensions><speed>1.589898</speed><course>34.826748</course><hAcc>1.444770</hAcc><vAcc>0.796719</vAcc></extensions></trkpt>
      <trkpt lon="-76.446453" lat="39.345793"><ele>22.976099</ele><time>2022-04-12T15:45:30Z</time><extensions><speed>1.484344</speed><course>32.764946</course><hAcc>1.495024</hAcc><vAcc>0.797226</vAcc></extensions></trkpt>
      <trkpt lon="-76.446444" lat="39.345804"><ele>22.994328</ele><time>2022-04-12T15:45:31Z</time><extensions><speed>1.535098</speed><course>34.055267</course><hAcc>1.486386</hAcc><vAcc>0.797694</vAcc></extensions></trkpt>
      <trkpt lon="-76.446434" lat="39.345816"><ele>23.008493</ele><time>2022-04-12T15:45:32Z</time><extensions><speed>1.551235</speed><course>35.278900</course><hAcc>1.511362</hAcc><vAcc>0.798117</vAcc></extensions></trkpt>
      <trkpt lon="-76.446424" lat="39.345828"><ele>23.026373</ele><time>2022-04-12T15:45:33Z</time><extensions><speed>1.557897</speed><course>33.237591</course><hAcc>1.519213</hAcc><vAcc>0.798441</vAcc></extensions></trkpt>
      <trkpt lon="-76.446414" lat="39.345840"><ele>23.027281</ele><time>2022-04-12T15:45:34Z</time><extensions><speed>1.590904</speed><course>31.230593</course><hAcc>1.513946</hAcc><vAcc>0.798756</vAcc></extensions></trkpt>
      <trkpt lon="-76.446405" lat="39.345852"><ele>23.020826</ele><time>2022-04-12T15:45:35Z</time><extensions><speed>1.505230</speed><course>30.056143</course><hAcc>1.557707</hAcc><vAcc>0.799101</vAcc></extensions></trkpt>
      <trkpt lon="-76.446396" lat="39.345864"><ele>23.018387</ele><time>2022-04-12T15:45:36Z</time><extensions><speed>1.552514</speed><course>29.031080</course><hAcc>1.542809</hAcc><vAcc>0.799471</vAcc></extensions></trkpt>
      <trkpt lon="-76.446388" lat="39.345876"><ele>22.989965</ele><time>2022-04-12T15:45:37Z</time><extensions><speed>1.577645</speed><course>26.853527</course><hAcc>1.543769</hAcc><vAcc>0.799885</vAcc></extensions></trkpt>
      <trkpt lon="-76.446380" lat="39.345889"><ele>22.970383</ele><time>2022-04-12T15:45:38Z</time><extensions><speed>1.534160</speed><course>23.892061</course><hAcc>1.553824</hAcc><vAcc>0.800370</vAcc></extensions></trkpt>
      <trkpt lon="-76.446373" lat="39.345902"><ele>22.953411</ele><time>2022-04-12T15:45:39Z</time><extensions><speed>1.569980</speed><course>23.663181</course><hAcc>1.552252</hAcc><vAcc>0.800929</vAcc></extensions></trkpt>
      <trkpt lon="-76.446365" lat="39.345915"><ele>22.939547</ele><time>2022-04-12T15:45:40Z</time><extensions><speed>1.564983</speed><course>25.386475</course><hAcc>1.567167</hAcc><vAcc>0.801484</vAcc></extensions></trkpt>
      <trkpt lon="-76.446358" lat="39.345927"><ele>22.910433</ele><time>2022-04-12T15:45:41Z</time><extensions><speed>1.509771</speed><course>27.419338</course><hAcc>1.590971</hAcc><vAcc>0.802140</vAcc></extensions></trkpt>
      <trkpt lon="-76.446350" lat="39.345940"><ele>22.879118</ele><time>2022-04-12T15:45:42Z</time><extensions><speed>1.566642</speed><course>24.400862</course><hAcc>1.525453</hAcc><vAcc>0.802830</vAcc></extensions></trkpt>
      <trkpt lon="-76.446342" lat="39.345953"><ele>22.860216</ele><time>2022-04-12T15:45:43Z</time><extensions><speed>1.644147</speed><course>24.461708</course><hAcc>1.482315</hAcc><vAcc>0.803512</vAcc></extensions></trkpt>
      <trkpt lon="-76.446335" lat="39.345966"><ele>22.832029</ele><time>2022-04-12T15:45:44Z</time><extensions><speed>1.571051</speed><course>25.650743</course><hAcc>1.510568</hAcc><vAcc>0.804158</vAcc></extensions></trkpt>
      <trkpt lon="-76.446326" lat="39.345979"><ele>22.798946</ele><time>2022-04-12T15:45:45Z</time><extensions><speed>1.546279</speed><course>27.937521</course><hAcc>1.516273</hAcc><vAcc>0.804784</vAcc></extensions></trkpt>
      <trkpt lon="-76.446318" lat="39.345991"><ele>22.760439</ele><time>2022-04-12T15:45:46Z</time><extensions><speed>1.497847</speed><course>30.906385</course><hAcc>1.499568</hAcc><vAcc>0.805370</vAcc></extensions></trkpt>
      <trkpt lon="-76.446309" lat="39.346003"><ele>22.736492</ele><time>2022-04-12T15:45:47Z</time><extensions><speed>1.485082</speed><course>30.338253</course><hAcc>1.474640</hAcc><vAcc>0.805888</vAcc></extensions></trkpt>
      <trkpt lon="-76.446300" lat="39.346014"><ele>22.712049</ele><time>2022-04-12T15:45:48Z</time><extensions><speed>1.534793</speed><course>30.499008</course><hAcc>1.504005</hAcc><vAcc>0.806372</vAcc></extensions></trkpt>
      <trkpt lon="-76.446291" lat="39.346027"><ele>22.692448</ele><time>2022-04-12T15:45:49Z</time><extensions><speed>1.570640</speed><course>27.088383</course><hAcc>1.484811</hAcc><vAcc>0.806840</vAcc></extensions></trkpt>
      <trkpt lon="-76.446283" lat="39.346039"><ele>22.674259</ele><time>2022-04-12T15:45:50Z</time><extensions><speed>1.618646</speed><course>25.511427</course><hAcc>1.464567</hAcc><vAcc>0.807296</vAcc></extensions></trkpt>
      <trkpt lon="-76.446275" lat="39.346052"><ele>22.656994</ele><time>2022-04-12T15:45:51Z</time><extensions><speed>1.564737</speed><course>26.816368</course><hAcc>1.497053</hAcc><vAcc>0.807787</vAcc></extensions></trkpt>
      <trkpt lon="-76.446267" lat="39.346065"><ele>22.641884</ele><time>2022-04-12T15:45:52Z</time><extensions><speed>1.548878</speed><course>25.233051</course><hAcc>1.500334</hAcc><vAcc>0.808218</vAcc></extensions></trkpt>
      <trkpt lon="-76.446259" lat="39.346077"><ele>22.631348</ele><time>2022-04-12T15:45:53Z</time><extensions><speed>1.543805</speed><course>26.191044</course><hAcc>1.472425</hAcc><vAcc>0.808626</vAcc></extensions></trkpt>
      <trkpt lon="-76.446251" lat="39.346090"><ele>22.592613</ele><time>2022-04-12T15:45:54Z</time><extensions><speed>1.582451</speed><course>25.401154</course><hAcc>1.443616</hAcc><vAcc>0.808974</vAcc></extensions></trkpt>
      <trkpt lon="-76.446244" lat="39.346103"><ele>22.574024</ele><time>2022-04-12T15:45:55Z</time><extensions><speed>1.535076</speed><course>26.576820</course><hAcc>1.469917</hAcc><vAcc>0.809263</vAcc></extensions></trkpt>
      <trkpt lon="-76.446235" lat="39.346115"><ele>22.549852</ele><time>2022-04-12T15:45:56Z</time><extensions><speed>1.498463</speed><course>29.855658</course><hAcc>1.473062</hAcc><vAcc>0.809544</vAcc></extensions></trkpt>
      <trkpt lon="-76.446227" lat="39.346127"><ele>22.560200</ele><time>2022-04-12T15:45:57Z</time><extensions><speed>1.524343</speed><course>29.267101</course><hAcc>1.443436</hAcc><vAcc>0.809772</vAcc></extensions></trkpt>
      <trkpt lon="-76.446218" lat="39.346139"><ele>22.562464</ele><time>2022-04-12T15:45:58Z</time><extensions><speed>1.493263</speed><course>28.972481</course><hAcc>1.477962</hAcc><vAcc>0.809963</vAcc></extensions></trkpt>
      <trkpt lon="-76.446210" lat="39.346151"><ele>22.573561</ele><time>2022-04-12T15:45:59Z</time><extensions><speed>1.518616</speed><course>27.923254</course><hAcc>1.464052</hAcc><vAcc>0.810101</vAcc></extensions></trkpt>
      <trkpt lon="-76.446202" lat="39.346163"><ele>22.570763</ele><time>2022-04-12T15:46:00Z</time><extensions><speed>1.498583</speed><course>26.517824</course><hAcc>1.496565</hAcc><vAcc>0.810113</vAcc></extensions></trkpt>
      <trkpt lon="-76.446195" lat="39.346175"><ele>22.601654</ele><time>2022-04-12T15:46:01Z</time><extensions><speed>1.450419</speed><course>25.922331</course><hAcc>1.520552</hAcc><vAcc>0.810105</vAcc></extensions></trkpt>
      <trkpt lon="-76.446187" lat="39.346186"><ele>22.634508</ele><time>2022-04-12T15:46:02Z</time><extensions><speed>1.369260</speed><course>26.929970</course><hAcc>1.488494</hAcc><vAcc>0.810048</vAcc></extensions></trkpt>
      <trkpt lon="-76.446180" lat="39.346197"><ele>22.657907</ele><time>2022-04-12T15:46:03Z</time><extensions><speed>1.325166</speed><course>28.424864</course><hAcc>1.492882</hAcc><vAcc>0.809973</vAcc></extensions></trkpt>
      <trkpt lon="-76.446173" lat="39.346207"><ele>22.666733</ele><time>2022-04-12T15:46:04Z</time><extensions><speed>1.316946</speed><course>30.406429</course><hAcc>1.492236</hAcc><vAcc>0.809835</vAcc></extensions></trkpt>
      <trkpt lon="-76.446165" lat="39.346218"><ele>22.677141</ele><time>2022-04-12T15:46:05Z</time><extensions><speed>1.421597</speed><course>29.513130</course><hAcc>1.507931</hAcc><vAcc>0.809660</vAcc></extensions></trkpt>
      <trkpt lon="-76.446157" lat="39.346229"><ele>22.701349</ele><time>2022-04-12T15:46:06Z</time><extensions><speed>1.480878</speed><course>27.942728</course><hAcc>1.560646</hAcc><vAcc>0.809533</vAcc></extensions></trkpt>
      <trkpt lon="-76.446149" lat="39.346241"><ele>22.725870</ele><time>2022-04-12T15:46:07Z</time><extensions><speed>1.457331</speed><course>30.009336</course><hAcc>1.550765</hAcc><vAcc>0.809448</vAcc></extensions></trkpt>
      <trkpt lon="-76.446140" lat="39.346252"><ele>22.742846</ele><time>2022-04-12T15:46:08Z</time><extensions><speed>1.479278</speed><course>27.864965</course><hAcc>1.504259</hAcc><vAcc>0.809347</vAcc></extensions></trkpt>
      <trkpt lon="-76.446132" lat="39.346264"><ele>22.778532</ele><time>2022-04-12T15:46:09Z</time><extensions><speed>1.456423</speed><course>29.260656</course><hAcc>1.465667</hAcc><vAcc>0.809212</vAcc></extensions></trkpt>
      <trkpt lon="-76.446124" lat="39.346276"><ele>22.807011</ele><time>2022-04-12T15:46:10Z</time><extensions><speed>1.518417</speed><course>27.304428</course><hAcc>1.466034</hAcc><vAcc>0.809098</vAcc></extensions></trkpt>
      <trkpt lon="-76.446117" lat="39.346288"><ele>22.820244</ele><time>2022-04-12T15:46:11Z</time><extensions><speed>1.498172</speed><course>23.656683</course><hAcc>1.529292</hAcc><vAcc>0.809018</vAcc></extensions></trkpt>
      <trkpt lon="-76.446110" lat="39.346300"><ele>22.832188</ele><time>2022-04-12T15:46:12Z</time><extensions><speed>1.454436</speed><course>26.644915</course><hAcc>1.533004</hAcc><vAcc>0.808955</vAcc></extensions></trkpt>
      <trkpt lon="-76.446102" lat="39.346312"><ele>22.834150</ele><time>2022-04-12T15:46:13Z</time><extensions><speed>1.416345</speed><course>28.563099</course><hAcc>1.518385</hAcc><vAcc>0.808911</vAcc></extensions></trkpt>
      <trkpt lon="-76.446094" lat="39.346323"><ele>22.844969</ele><time>2022-04-12T15:46:14Z</time><extensions><speed>1.406224</speed><course>29.940346</course><hAcc>1.480349</hAcc><vAcc>0.808893</vAcc></extensions></trkpt>
      <trkpt lon="-76.446086" lat="39.346334"><ele>22.880171</ele><time>2022-04-12T15:46:15Z</time><extensions><speed>1.450557</speed><course>30.236763</course><hAcc>1.500353</hAcc><vAcc>0.808877</vAcc></extensions></trkpt>
      <trkpt lon="-76.446077" lat="39.346346"><ele>22.900019</ele><time>2022-04-12T15:46:16Z</time><extensions><speed>1.446293</speed><course>31.437496</course><hAcc>1.553588</hAcc><vAcc>0.808818</vAcc></extensions></trkpt>
      <trkpt lon="-76.446069" lat="39.346357"><ele>22.904125</ele><time>2022-04-12T15:46:17Z</time><extensions><speed>1.393534</speed><course>29.722473</course><hAcc>1.540844</hAcc><vAcc>0.808827</vAcc></extensions></trkpt>
      <trkpt lon="-76.446061" lat="39.346367"><ele>22.915623</ele><time>2022-04-12T15:46:18Z</time><extensions><speed>1.332227</speed><course>29.000103</course><hAcc>1.503843</hAcc><vAcc>0.808855</vAcc></extensions></trkpt>
      <trkpt lon="-76.446054" lat="39.346378"><ele>22.926136</ele><time>2022-04-12T15:46:19Z</time><extensions><speed>1.389762</speed><course>27.238964</course><hAcc>1.498670</hAcc><vAcc>0.808922</vAcc></extensions></trkpt>
      <trkpt lon="-76.446046" lat="39.346390"><ele>22.929531</ele><time>2022-04-12T15:46:20Z</time><extensions><speed>1.498562</speed><course>28.386356</course><hAcc>1.546114</hAcc><vAcc>0.808976</vAcc></extensions></trkpt>
      <trkpt lon="-76.446038" lat="39.346402"><ele>22.937204</ele><time>2022-04-12T15:46:21Z</time><extensions><speed>1.496232</speed><course>27.415024</course><hAcc>1.552898</hAcc><vAcc>0.809101</vAcc></extensions></trkpt>
      <trkpt lon="-76.446030" lat="39.346414"><ele>22.941458</ele><time>2022-04-12T15:46:22Z</time><extensions><speed>1.551820</speed><course>25.634535</course><hAcc>1.511638</hAcc><vAcc>0.809255</vAcc></extensions></trkpt>
      <trkpt lon="-76.446022" lat="39.346427"><ele>22.944441</ele><time>2022-04-12T15:46:23Z</time><extensions><speed>1.564938</speed><course>26.182575</course><hAcc>1.514720</hAcc><vAcc>0.809448</vAcc></extensions></trkpt>
      <trkpt lon="-76.446014" lat="39.346439"><ele>22.951170</ele><time>2022-04-12T15:46:24Z</time><extensions><speed>1.522066</speed><course>27.761446</course><hAcc>1.540857</hAcc><vAcc>0.809675</vAcc></extensions></trkpt>
      <trkpt lon="-76.446006" lat="39.346451"><ele>22.961861</ele><time>2022-04-12T15:46:25Z</time><extensions><speed>1.530458</speed><course>26.927448</course><hAcc>1.509513</hAcc><vAcc>0.809901</vAcc></extensions></trkpt>
      <trkpt lon="-76.445998" lat="39.346463"><ele>22.976749</ele><time>2022-04-12T15:46:26Z</time><extensions><speed>1.558394</speed><course>28.206633</course><hAcc>1.508647</hAcc><vAcc>0.810114</vAcc></extensions></trkpt>
      <trkpt lon="-76.445989" lat="39.346476"><ele>23.005308</ele><time>2022-04-12T15:46:27Z</time><extensions><speed>1.498480</speed><course>30.018000</course><hAcc>1.548937</hAcc><vAcc>0.810334</vAcc></extensions></trkpt>
      <trkpt lon="-76.445981" lat="39.346488"><ele>23.011959</ele><time>2022-04-12T15:46:28Z</time><extensions><speed>1.508753</speed><course>24.910723</course><hAcc>1.562930</hAcc><vAcc>0.810592</vAcc></extensions></trkpt>
      <trkpt lon="-76.445973" lat="39.346500"><ele>23.011141</ele><time>2022-04-12T15:46:29Z</time><extensions><speed>1.476692</speed><course>26.308338</course><hAcc>1.583218</hAcc><vAcc>0.810805</vAcc></extensions></trkpt>
      <trkpt lon="-76.445965" lat="39.346511"><ele>23.028011</ele><time>2022-04-12T15:46:30Z</time><extensions><speed>1.467236</speed><course>28.933100</course><hAcc>1.559707</hAcc><vAcc>0.811038</vAcc></extensions></trkpt>
      <trkpt lon="-76.445957" lat="39.346523"><ele>23.028669</ele><time>2022-04-12T15:46:31Z</time><extensions><speed>1.439313</speed><course>30.949644</course><hAcc>1.589706</hAcc><vAcc>0.811276</vAcc></extensions></trkpt>
      <trkpt lon="-76.445949" lat="39.346534"><ele>22.998617</ele><time>2022-04-12T15:46:32Z</time><extensions><speed>1.379359</speed><course>30.382481</course><hAcc>1.591174</hAcc><vAcc>0.811488</vAcc></extensions></trkpt>
      <trkpt lon="-76.445941" lat="39.346544"><ele>22.951849</ele><time>2022-04-12T15:46:33Z</time><extensions><speed>1.315552</speed><course>27.968079</course><hAcc>1.599120</hAcc><vAcc>0.811757</vAcc></extensions></trkpt>
      <trkpt lon="-76.445934" lat="39.346555"><ele>22.906630</ele><time>2022-04-12T15:46:33Z</time><extensions><speed>1.286912</speed><course>24.990984</course><hAcc>1.614016</hAcc><vAcc>0.811921</vAcc></extensions></trkpt>
      <trkpt lon="-76.445928" lat="39.346565"><ele>22.855574</ele><time>2022-04-12T15:46:34Z</time><extensions><speed>1.344743</speed><course>23.725466</course><hAcc>1.606961</hAcc><vAcc>0.811983</vAcc></extensions></trkpt>
      <trkpt lon="-76.445922" lat="39.346577"><ele>22.876240</ele><time>2022-04-12T15:46:35Z</time><extensions><speed>1.383842</speed><course>23.226608</course><hAcc>1.590423</hAcc><vAcc>0.811948</vAcc></extensions></trkpt>
      <trkpt lon="-76.445915" lat="39.346588"><ele>22.922663</ele><time>2022-04-12T15:46:36Z</time><extensions><speed>1.405670</speed><course>24.514545</course><hAcc>1.591874</hAcc><vAcc>0.811880</vAcc></extensions></trkpt>
      <trkpt lon="-76.445909" lat="39.346600"><ele>22.953085</ele><time>2022-04-12T15:46:37Z</time><extensions><speed>1.409049</speed><course>19.794136</course><hAcc>1.617807</hAcc><vAcc>0.811740</vAcc></extensions></trkpt>
      <trkpt lon="-76.445903" lat="39.346612"><ele>22.981915</ele><time>2022-04-12T15:46:38Z</time><extensions><speed>1.412895</speed><course>21.648609</course><hAcc>1.574084</hAcc><vAcc>0.811547</vAcc></extensions></trkpt>
      <trkpt lon="-76.445897" lat="39.346624"><ele>22.985430</ele><time>2022-04-12T15:46:39Z</time><extensions><speed>1.418472</speed><course>20.314356</course><hAcc>1.592476</hAcc><vAcc>0.811300</vAcc></extensions></trkpt>
      <trkpt lon="-76.445893" lat="39.346636"><ele>23.010082</ele><time>2022-04-12T15:46:40Z</time><extensions><speed>1.362415</speed><course>10.415826</course><hAcc>1.619416</hAcc><vAcc>0.810999</vAcc></extensions></trkpt>
      <trkpt lon="-76.445890" lat="39.346648"><ele>23.031670</ele><time>2022-04-12T15:46:41Z</time><extensions><speed>1.408090</speed><course>11.166635</course><hAcc>1.593971</hAcc><vAcc>0.810569</vAcc></extensions></trkpt>
      <trkpt lon="-76.445887" lat="39.346660"><ele>23.062824</ele><time>2022-04-12T15:46:42Z</time><extensions><speed>1.312166</speed><course>11.433737</course><hAcc>1.603670</hAcc><vAcc>0.810001</vAcc></extensions></trkpt>
      <trkpt lon="-76.445885" lat="39.346671"><ele>23.086849</ele><time>2022-04-12T15:46:43Z</time><extensions><speed>1.241936</speed><course>8.038056</course><hAcc>1.625684</hAcc><vAcc>0.809358</vAcc></extensions></trkpt>
      <trkpt lon="-76.445883" lat="39.346682"><ele>23.117569</ele><time>2022-04-12T15:46:44Z</time><extensions><speed>1.169927</speed><course>3.226591</course><hAcc>1.658209</hAcc><vAcc>0.808644</vAcc></extensions></trkpt>
      <trkpt lon="-76.445883" lat="39.346692"><ele>23.127642</ele><time>2022-04-12T15:46:45Z</time><extensions><speed>1.117407</speed><course>357.245758</course><hAcc>1.687751</hAcc><vAcc>0.807921</vAcc></extensions></trkpt>
      <trkpt lon="-76.445884" lat="39.346703"><ele>23.132111</ele><time>2022-04-12T15:46:46Z</time><extensions><speed>1.179974</speed><course>356.848816</course><hAcc>1.704540</hAcc><vAcc>0.807253</vAcc></extensions></trkpt>
      <trkpt lon="-76.445885" lat="39.346714"><ele>23.119011</ele><time>2022-04-12T15:46:47Z</time><extensions><speed>1.267280</speed><course>356.176483</course><hAcc>1.711717</hAcc><vAcc>0.806676</vAcc></extensions></trkpt>
      <trkpt lon="-76.445886" lat="39.346725"><ele>23.067606</ele><time>2022-04-12T15:46:48Z</time><extensions><speed>1.306393</speed><course>354.513031</course><hAcc>1.715752</hAcc><vAcc>0.806239</vAcc></extensions></trkpt>
      <trkpt lon="-76.445887" lat="39.346737"><ele>22.997307</ele><time>2022-04-12T15:46:49Z</time><extensions><speed>1.294088</speed><course>352.808533</course><hAcc>1.720291</hAcc><vAcc>0.805897</vAcc></extensions></trkpt>
      <trkpt lon="-76.445889" lat="39.346748"><ele>22.927679</ele><time>2022-04-12T15:46:51Z</time><extensions><speed>1.235040</speed><course>351.222595</course><hAcc>1.716164</hAcc><vAcc>0.805660</vAcc></extensions></trkpt>
      <trkpt lon="-76.445892" lat="39.346760"><ele>22.835484</ele><time>2022-04-12T15:46:52Z</time><extensions><speed>1.283576</speed><course>353.070770</course><hAcc>1.706223</hAcc><vAcc>0.805525</vAcc></extensions></trkpt>
      <trkpt lon="-76.445893" lat="39.346772"><ele>22.737717</ele><time>2022-04-12T15:46:53Z</time><extensions><speed>1.371634</speed><course>355.860626</course><hAcc>1.701067</hAcc><vAcc>0.805447</vAcc></extensions></trkpt>
      <trkpt lon="-76.445894" lat="39.346784"><ele>22.636984</ele><time>2022-04-12T15:46:54Z</time><extensions><speed>1.393591</speed><course>358.816101</course><hAcc>1.700069</hAcc><vAcc>0.805366</vAcc></extensions></trkpt>
      <trkpt lon="-76.445894" lat="39.346797"><ele>22.535297</ele><time>2022-04-12T15:46:55Z</time><extensions><speed>1.440511</speed><course>359.465698</course><hAcc>1.679066</hAcc><vAcc>0.805360</vAcc></extensions></trkpt>
      <trkpt lon="-76.445894" lat="39.346810"><ele>22.441860</ele><time>2022-04-12T15:46:56Z</time><extensions><speed>1.470118</speed><course>359.503174</course><hAcc>1.655006</hAcc><vAcc>0.805368</vAcc></extensions></trkpt>
      <trkpt lon="-76.445894" lat="39.346824"><ele>22.359388</ele><time>2022-04-12T15:46:57Z</time><extensions><speed>1.494298</speed><course>0.245980</course><hAcc>1.626218</hAcc><vAcc>0.805492</vAcc></extensions></trkpt>
      <trkpt lon="-76.445894" lat="39.346837"><ele>22.277603</ele><time>2022-04-12T15:46:58Z</time><extensions><speed>1.569977</speed><course>1.566036</course><hAcc>1.597409</hAcc><vAcc>0.805572</vAcc></extensions></trkpt>
      <trkpt lon="-76.445894" lat="39.346851"><ele>22.245932</ele><time>2022-04-12T15:46:59Z</time><extensions><speed>1.512392</speed><course>1.793344</course><hAcc>1.591277</hAcc><vAcc>0.805536</vAcc></extensions></trkpt>
      <trkpt lon="-76.445894" lat="39.346865"><ele>22.201744</ele><time>2022-04-12T15:47:00Z</time><extensions><speed>1.562881</speed><course>357.595825</course><hAcc>1.592101</hAcc><vAcc>0.805378</vAcc></extensions></trkpt>
      <trkpt lon="-76.445896" lat="39.346879"><ele>22.171114</ele><time>2022-04-12T15:47:01Z</time><extensions><speed>1.602432</speed><course>350.177979</course><hAcc>1.618376</hAcc><vAcc>0.805082</vAcc></extensions></trkpt>
      <trkpt lon="-76.445901" lat="39.346893"><ele>22.163780</ele><time>2022-04-12T15:47:02Z</time><extensions><speed>1.520450</speed><course>339.181793</course><hAcc>1.619394</hAcc><vAcc>0.804655</vAcc></extensions></trkpt>
      <trkpt lon="-76.445908" lat="39.346906"><ele>22.225729</ele><time>2022-04-12T15:47:03Z</time><extensions><speed>1.602500</speed><course>336.252014</course><hAcc>1.569106</hAcc><vAcc>0.804059</vAcc></extensions></trkpt>
      <trkpt lon="-76.445915" lat="39.346919"><ele>22.280678</ele><time>2022-04-12T15:47:04Z</time><extensions><speed>1.630982</speed><course>335.085358</course><hAcc>1.558007</hAcc><vAcc>0.803386</vAcc></extensions></trkpt>
      <trkpt lon="-76.445924" lat="39.346933"><ele>22.349428</ele><time>2022-04-12T15:47:05Z</time><extensions><speed>1.689143</speed><course>334.099579</course><hAcc>1.588079</hAcc><vAcc>0.802684</vAcc></extensions></trkpt>
      <trkpt lon="-76.445932" lat="39.346946"><ele>22.425888</ele><time>2022-04-12T15:47:06Z</time><extensions><speed>1.638401</speed><course>333.045013</course><hAcc>1.647204</hAcc><vAcc>0.801952</vAcc></extensions></trkpt>
      <trkpt lon="-76.445941" lat="39.346959"><ele>22.478586</ele><time>2022-04-12T15:47:07Z</time><extensions><speed>1.467126</speed><course>331.729126</course><hAcc>1.718600</hAcc><vAcc>0.801212</vAcc></extensions></trkpt>
      <trkpt lon="-76.445949" lat="39.346970"><ele>22.529566</ele><time>2022-04-12T15:47:08Z</time><extensions><speed>1.466006</speed><course>328.134003</course><hAcc>1.675444</hAcc><vAcc>0.800518</vAcc></extensions></trkpt>
      <trkpt lon="-76.445959" lat="39.346981"><ele>22.578569</ele><time>2022-04-12T15:47:09Z</time><extensions><speed>1.455477</speed><course>325.748474</course><hAcc>1.656946</hAcc><vAcc>0.799916</vAcc></extensions></trkpt>
      <trkpt lon="-76.445969" lat="39.346992"><ele>22.644535</ele><time>2022-04-12T15:47:10Z</time><extensions><speed>1.524960</speed><course>322.935516</course><hAcc>1.670330</hAcc><vAcc>0.799456</vAcc></extensions></trkpt>
      <trkpt lon="-76.445980" lat="39.347003"><ele>22.713245</ele><time>2022-04-12T15:47:11Z</time><extensions><speed>1.533486</speed><course>319.983521</course><hAcc>1.683583</hAcc><vAcc>0.799182</vAcc></extensions></trkpt>
      <trkpt lon="-76.445991" lat="39.347013"><ele>22.802139</ele><time>2022-04-12T15:47:12Z</time><extensions><speed>1.518555</speed><course>320.562225</course><hAcc>1.689273</hAcc><vAcc>0.799094</vAcc></extensions></trkpt>
      <trkpt lon="-76.446002" lat="39.347024"><ele>22.834997</ele><time>2022-04-12T15:47:13Z</time><extensions><speed>1.463009</speed><course>321.546661</course><hAcc>1.697936</hAcc><vAcc>0.799200</vAcc></extensions></trkpt>
      <trkpt lon="-76.446013" lat="39.347034"><ele>22.863438</ele><time>2022-04-12T15:47:14Z</time><extensions><speed>1.431241</speed><course>325.116425</course><hAcc>1.716495</hAcc><vAcc>0.799492</vAcc></extensions></trkpt>
      <trkpt lon="-76.446022" lat="39.347044"><ele>22.873150</ele><time>2022-04-12T15:47:15Z</time><extensions><speed>1.304516</speed><course>323.951508</course><hAcc>1.681695</hAcc><vAcc>0.799999</vAcc></extensions></trkpt>
      <trkpt lon="-76.446031" lat="39.347053"><ele>22.845453</ele><time>2022-04-12T15:47:16Z</time><extensions><speed>1.230108</speed><course>322.895782</course><hAcc>1.644503</hAcc><vAcc>0.800538</vAcc></extensions></trkpt>
      <trkpt lon="-76.446039" lat="39.347062"><ele>22.771633</ele><time>2022-04-12T15:47:17Z</time><extensions><speed>1.185728</speed><course>325.802124</course><hAcc>1.615485</hAcc><vAcc>0.801099</vAcc></extensions></trkpt>
      <trkpt lon="-76.446048" lat="39.347071"><ele>22.712530</ele><time>2022-04-12T15:47:18Z</time><extensions><speed>1.387213</speed><course>322.047363</course><hAcc>1.566467</hAcc><vAcc>0.801675</vAcc></extensions></trkpt>
      <trkpt lon="-76.446059" lat="39.347082"><ele>22.638144</ele><time>2022-04-12T15:47:19Z</time><extensions><speed>1.540216</speed><course>318.723938</course><hAcc>1.534510</hAcc><vAcc>0.802201</vAcc></extensions></trkpt>
      <trkpt lon="-76.446071" lat="39.347092"><ele>22.585794</ele><time>2022-04-12T15:47:20Z</time><extensions><speed>1.548243</speed><course>319.976807</course><hAcc>1.556679</hAcc><vAcc>0.802623</vAcc></extensions></trkpt>
      <trkpt lon="-76.446082" lat="39.347102"><ele>22.504324</ele><time>2022-04-12T15:47:21Z</time><extensions><speed>1.488085</speed><course>320.308380</course><hAcc>1.555049</hAcc><vAcc>0.802883</vAcc></extensions></trkpt>
      <trkpt lon="-76.446094" lat="39.347112"><ele>22.427242</ele><time>2022-04-12T15:47:22Z</time><extensions><speed>1.454718</speed><course>312.537659</course><hAcc>1.527678</hAcc><vAcc>0.802928</vAcc></extensions></trkpt>
      <trkpt lon="-76.446107" lat="39.347121"><ele>22.346674</ele><time>2022-04-12T15:47:23Z</time><extensions><speed>1.461855</speed><course>310.275146</course><hAcc>1.548096</hAcc><vAcc>0.802822</vAcc></extensions></trkpt>
      <trkpt lon="-76.446120" lat="39.347129"><ele>22.259270</ele><time>2022-04-12T15:47:24Z</time><extensions><speed>1.480716</speed><course>312.036987</course><hAcc>1.552835</hAcc><vAcc>0.802464</vAcc></extensions></trkpt>
      <trkpt lon="-76.446133" lat="39.347137"><ele>22.178549</ele><time>2022-04-12T15:47:25Z</time><extensions><speed>1.463135</speed><course>303.005676</course><hAcc>1.525004</hAcc><vAcc>0.801955</vAcc></extensions></trkpt>
      <trkpt lon="-76.446147" lat="39.347144"><ele>22.092661</ele><time>2022-04-12T15:47:26Z</time><extensions><speed>1.415632</speed><course>301.017853</course><hAcc>1.540859</hAcc><vAcc>0.801294</vAcc></extensions></trkpt>
      <trkpt lon="-76.446161" lat="39.347151"><ele>22.017094</ele><time>2022-04-12T15:47:27Z</time><extensions><speed>1.409604</speed><course>303.274658</course><hAcc>1.604385</hAcc><vAcc>0.800536</vAcc></extensions></trkpt>
      <trkpt lon="-76.446175" lat="39.347158"><ele>21.957890</ele><time>2022-04-12T15:47:28Z</time><extensions><speed>1.431065</speed><course>303.122101</course><hAcc>1.667525</hAcc><vAcc>0.799706</vAcc></extensions></trkpt>
      <trkpt lon="-76.446189" lat="39.347164"><ele>21.916071</ele><time>2022-04-12T15:47:29Z</time><extensions><speed>1.425007</speed><course>299.341919</course><hAcc>1.664226</hAcc><vAcc>0.798871</vAcc></extensions></trkpt>
      <trkpt lon="-76.446204" lat="39.347170"><ele>21.892647</ele><time>2022-04-12T15:47:30Z</time><extensions><speed>1.409735</speed><course>294.833130</course><hAcc>1.656659</hAcc><vAcc>0.798056</vAcc></extensions></trkpt>
      <trkpt lon="-76.446219" lat="39.347175"><ele>21.889811</ele><time>2022-04-12T15:47:31Z</time><extensions><speed>1.414467</speed><course>290.496674</course><hAcc>1.649658</hAcc><vAcc>0.797304</vAcc></extensions></trkpt>
      <trkpt lon="-76.446235" lat="39.347179"><ele>21.915533</ele><time>2022-04-12T15:47:32Z</time><extensions><speed>1.408350</speed><course>285.718353</course><hAcc>1.641433</hAcc><vAcc>0.796611</vAcc></extensions></trkpt>
      <trkpt lon="-76.446251" lat="39.347182"><ele>21.943483</ele><time>2022-04-12T15:47:33Z</time><extensions><speed>1.460561</speed><course>283.260071</course><hAcc>1.655965</hAcc><vAcc>0.796008</vAcc></extensions></trkpt>
      <trkpt lon="-76.446267" lat="39.347185"><ele>21.997519</ele><time>2022-04-12T15:47:34Z</time><extensions><speed>1.482355</speed><course>284.345764</course><hAcc>1.692608</hAcc><vAcc>0.795476</vAcc></extensions></trkpt>
      <trkpt lon="-76.446284" lat="39.347189"><ele>22.027388</ele><time>2022-04-12T15:47:35Z</time><extensions><speed>1.455833</speed><course>286.341370</course><hAcc>1.651608</hAcc><vAcc>0.794998</vAcc></extensions></trkpt>
      <trkpt lon="-76.446300" lat="39.347192"><ele>22.063534</ele><time>2022-04-12T15:47:36Z</time><extensions><speed>1.417529</speed><course>284.967621</course><hAcc>1.617382</hAcc><vAcc>0.794585</vAcc></extensions></trkpt>
      <trkpt lon="-76.446316" lat="39.347195"><ele>22.119999</ele><time>2022-04-12T15:47:37Z</time><extensions><speed>1.442362</speed><course>285.087128</course><hAcc>1.637792</hAcc><vAcc>0.794210</vAcc></extensions></trkpt>
      <trkpt lon="-76.446332" lat="39.347199"><ele>22.176208</ele><time>2022-04-12T15:47:38Z</time><extensions><speed>1.408901</speed><course>286.801788</course><hAcc>1.681765</hAcc><vAcc>0.793921</vAcc></extensions></trkpt>
      <trkpt lon="-76.446348" lat="39.347201"><ele>22.226761</ele><time>2022-04-12T15:47:39Z</time><extensions><speed>1.395625</speed><course>279.855469</course><hAcc>1.635016</hAcc><vAcc>0.793698</vAcc></extensions></trkpt>
      <trkpt lon="-76.446364" lat="39.347203"><ele>22.274940</ele><time>2022-04-12T15:47:40Z</time><extensions><speed>1.432374</speed><course>276.447784</course><hAcc>1.629668</hAcc><vAcc>0.793539</vAcc></extensions></trkpt>
      <trkpt lon="-76.446381" lat="39.347204"><ele>22.317844</ele><time>2022-04-12T15:47:41Z</time><extensions><speed>1.421325</speed><course>274.810028</course><hAcc>1.656471</hAcc><vAcc>0.793523</vAcc></extensions></trkpt>
      <trkpt lon="-76.446397" lat="39.347205"><ele>22.370337</ele><time>2022-04-12T15:47:42Z</time><extensions><speed>1.444249</speed><course>270.940735</course><hAcc>1.636948</hAcc><vAcc>0.793600</vAcc></extensions></trkpt>
      <trkpt lon="-76.446414" lat="39.347205"><ele>22.432045</ele><time>2022-04-12T15:47:43Z</time><extensions><speed>1.435598</speed><course>270.095184</course><hAcc>1.626863</hAcc><vAcc>0.793769</vAcc></extensions></trkpt>
      <trkpt lon="-76.446431" lat="39.347205"><ele>22.492355</ele><time>2022-04-12T15:47:44Z</time><extensions><speed>1.428141</speed><course>268.662964</course><hAcc>1.618236</hAcc><vAcc>0.794066</vAcc></extensions></trkpt>
      <trkpt lon="-76.446447" lat="39.347205"><ele>22.524393</ele><time>2022-04-12T15:47:45Z</time><extensions><speed>1.421645</speed><course>271.310486</course><hAcc>1.636441</hAcc><vAcc>0.794491</vAcc></extensions></trkpt>
      <trkpt lon="-76.446464" lat="39.347205"><ele>22.550158</ele><time>2022-04-12T15:47:46Z</time><extensions><speed>1.475081</speed><course>269.087036</course><hAcc>1.626019</hAcc><vAcc>0.795118</vAcc></extensions></trkpt>
      <trkpt lon="-76.446481" lat="39.347204"><ele>22.538931</ele><time>2022-04-12T15:47:47Z</time><extensions><speed>1.453367</speed><course>271.003387</course><hAcc>1.661271</hAcc><vAcc>0.795832</vAcc></extensions></trkpt>
      <trkpt lon="-76.446498" lat="39.347204"><ele>22.531904</ele><time>2022-04-12T15:47:48Z</time><extensions><speed>1.487826</speed><course>265.932098</course><hAcc>1.609096</hAcc><vAcc>0.796576</vAcc></extensions></trkpt>
      <trkpt lon="-76.446515" lat="39.347203"><ele>22.543983</ele><time>2022-04-12T15:47:49Z</time><extensions><speed>1.494821</speed><course>265.251251</course><hAcc>1.618859</hAcc><vAcc>0.797313</vAcc></extensions></trkpt>
      <trkpt lon="-76.446532" lat="39.347203"><ele>22.540262</ele><time>2022-04-12T15:47:50Z</time><extensions><speed>1.414120</speed><course>272.237671</course><hAcc>1.684289</hAcc><vAcc>0.798009</vAcc></extensions></trkpt>
      <trkpt lon="-76.446548" lat="39.347203"><ele>22.561661</ele><time>2022-04-12T15:47:51Z</time><extensions><speed>1.361603</speed><course>267.442841</course><hAcc>1.659359</hAcc><vAcc>0.798573</vAcc></extensions></trkpt>
      <trkpt lon="-76.446564" lat="39.347202"><ele>22.586021</ele><time>2022-04-12T15:47:52Z</time><extensions><speed>1.348577</speed><course>265.228271</course><hAcc>1.647297</hAcc><vAcc>0.798977</vAcc></extensions></trkpt>
      <trkpt lon="-76.446580" lat="39.347201"><ele>22.624392</ele><time>2022-04-12T15:47:53Z</time><extensions><speed>1.375242</speed><course>265.889313</course><hAcc>1.658355</hAcc><vAcc>0.799207</vAcc></extensions></trkpt>
      <trkpt lon="-76.446596" lat="39.347200"><ele>22.656790</ele><time>2022-04-12T15:47:54Z</time><extensions><speed>1.366362</speed><course>267.713196</course><hAcc>1.673981</hAcc><vAcc>0.799269</vAcc></extensions></trkpt>
      <trkpt lon="-76.446612" lat="39.347200"><ele>22.693382</ele><time>2022-04-12T15:47:55Z</time><extensions><speed>1.400503</speed><course>273.798126</course><hAcc>1.707368</hAcc><vAcc>0.799148</vAcc></extensions></trkpt>
      <trkpt lon="-76.446628" lat="39.347202"><ele>22.715225</ele><time>2022-04-12T15:47:56Z</time><extensions><speed>1.382348</speed><course>279.371094</course><hAcc>1.757442</hAcc><vAcc>0.798849</vAcc></extensions></trkpt>
      <trkpt lon="-76.446644" lat="39.347203"><ele>22.720936</ele><time>2022-04-12T15:47:57Z</time><extensions><speed>1.356904</speed><course>272.721405</course><hAcc>1.720795</hAcc><vAcc>0.798362</vAcc></extensions></trkpt>
      <trkpt lon="-76.446660" lat="39.347203"><ele>22.713480</ele><time>2022-04-12T15:47:58Z</time><extensions><speed>1.392697</speed><course>270.489380</course><hAcc>1.704506</hAcc><vAcc>0.797705</vAcc></extensions></trkpt>
      <trkpt lon="-76.446676" lat="39.347204"><ele>22.735252</ele><time>2022-04-12T15:47:59Z</time><extensions><speed>1.428142</speed><course>270.129364</course><hAcc>1.717120</hAcc><vAcc>0.796899</vAcc></extensions></trkpt>
      <trkpt lon="-76.446693" lat="39.347204"><ele>22.767727</ele><time>2022-04-12T15:48:00Z</time><extensions><speed>1.452614</speed><course>270.127075</course><hAcc>1.735753</hAcc><vAcc>0.795941</vAcc></extensions></trkpt>
      <trkpt lon="-76.446710" lat="39.347204"><ele>22.856356</ele><time>2022-04-12T15:48:01Z</time><extensions><speed>1.440518</speed><course>273.043945</course><hAcc>1.747407</hAcc><vAcc>0.794809</vAcc></extensions></trkpt>
      <trkpt lon="-76.446726" lat="39.347205"><ele>22.916323</ele><time>2022-04-12T15:48:02Z</time><extensions><speed>1.429489</speed><course>277.588531</course><hAcc>1.754498</hAcc><vAcc>0.793547</vAcc></extensions></trkpt>
      <trkpt lon="-76.446743" lat="39.347207"><ele>22.995180</ele><time>2022-04-12T15:48:03Z</time><extensions><speed>1.428092</speed><course>282.341034</course><hAcc>1.760062</hAcc><vAcc>0.792207</vAcc></extensions></trkpt>
      <trkpt lon="-76.446759" lat="39.347211"><ele>23.104538</ele><time>2022-04-12T15:48:04Z</time><extensions><speed>1.426580</speed><course>287.309601</course><hAcc>1.757895</hAcc><vAcc>0.790755</vAcc></extensions></trkpt>
      <trkpt lon="-76.446774" lat="39.347215"><ele>23.182192</ele><time>2022-04-12T15:48:05Z</time><extensions><speed>1.366305</speed><course>293.238525</course><hAcc>1.759062</hAcc><vAcc>0.789198</vAcc></extensions></trkpt>
      <trkpt lon="-76.446788" lat="39.347220"><ele>23.240906</ele><time>2022-04-12T15:48:06Z</time><extensions><speed>1.387955</speed><course>293.539673</course><hAcc>1.737366</hAcc><vAcc>0.787533</vAcc></extensions></trkpt>
      <trkpt lon="-76.446804" lat="39.347225"><ele>23.284121</ele><time>2022-04-12T15:48:07Z</time><extensions><speed>1.447450</speed><course>293.882263</course><hAcc>1.709997</hAcc><vAcc>0.785780</vAcc></extensions></trkpt>
      <trkpt lon="-76.446819" lat="39.347230"><ele>23.335302</ele><time>2022-04-12T15:48:08Z</time><extensions><speed>1.471403</speed><course>294.539154</course><hAcc>1.681322</hAcc><vAcc>0.783927</vAcc></extensions></trkpt>
      <trkpt lon="-76.446834" lat="39.347236"><ele>23.356970</ele><time>2022-04-12T15:48:09Z</time><extensions><speed>1.477936</speed><course>296.271545</course><hAcc>1.665154</hAcc><vAcc>0.781972</vAcc></extensions></trkpt>
      <trkpt lon="-76.446848" lat="39.347242"><ele>23.407038</ele><time>2022-04-12T15:48:10Z</time><extensions><speed>1.326496</speed><course>304.641693</course><hAcc>1.685118</hAcc><vAcc>0.779997</vAcc></extensions></trkpt>
      <trkpt lon="-76.446861" lat="39.347249"><ele>23.431650</ele><time>2022-04-12T15:48:11Z</time><extensions><speed>1.283664</speed><course>301.504944</course><hAcc>1.713261</hAcc><vAcc>0.778044</vAcc></extensions></trkpt>
      <trkpt lon="-76.446875" lat="39.347254"><ele>23.455996</ele><time>2022-04-12T15:48:12Z</time><extensions><speed>1.407614</speed><course>292.935669</course><hAcc>1.719076</hAcc><vAcc>0.776169</vAcc></extensions></trkpt>
      <trkpt lon="-76.446890" lat="39.347259"><ele>23.466770</ele><time>2022-04-12T15:48:13Z</time><extensions><speed>1.427314</speed><course>289.635651</course><hAcc>1.677983</hAcc><vAcc>0.774422</vAcc></extensions></trkpt>
      <trkpt lon="-76.446906" lat="39.347263"><ele>23.464899</ele><time>2022-04-12T15:48:14Z</time><extensions><speed>1.409990</speed><course>291.134003</course><hAcc>1.675820</hAcc><vAcc>0.772873</vAcc></extensions></trkpt>
      <trkpt lon="-76.446921" lat="39.347268"><ele>23.449224</ele><time>2022-04-12T15:48:15Z</time><extensions><speed>1.390891</speed><course>294.769653</course><hAcc>1.704717</hAcc><vAcc>0.771490</vAcc></extensions></trkpt>
      <trkpt lon="-76.446935" lat="39.347274"><ele>23.427229</ele><time>2022-04-12T15:48:16Z</time><extensions><speed>1.351866</speed><course>297.716248</course><hAcc>1.739447</hAcc><vAcc>0.770344</vAcc></extensions></trkpt>
      <trkpt lon="-76.446949" lat="39.347280"><ele>23.429731</ele><time>2022-04-12T15:48:17Z</time><extensions><speed>1.330262</speed><course>300.872528</course><hAcc>1.759410</hAcc><vAcc>0.769465</vAcc></extensions></trkpt>
      <trkpt lon="-76.446962" lat="39.347286"><ele>23.396603</ele><time>2022-04-12T15:48:18Z</time><extensions><speed>1.328949</speed><course>303.410217</course><hAcc>1.765509</hAcc><vAcc>0.768871</vAcc></extensions></trkpt>
      <trkpt lon="-76.446974" lat="39.347293"><ele>23.381376</ele><time>2022-04-12T15:48:19Z</time><extensions><speed>1.307110</speed><course>306.367584</course><hAcc>1.767639</hAcc><vAcc>0.768590</vAcc></extensions></trkpt>
      <trkpt lon="-76.446986" lat="39.347300"><ele>23.381664</ele><time>2022-04-12T15:48:20Z</time><extensions><speed>1.284265</speed><course>308.114410</course><hAcc>1.764904</hAcc><vAcc>0.768685</vAcc></extensions></trkpt>
      <trkpt lon="-76.446997" lat="39.347307"><ele>23.374920</ele><time>2022-04-12T15:48:21Z</time><extensions><speed>1.153430</speed><course>313.777344</course><hAcc>1.766297</hAcc><vAcc>0.769105</vAcc></extensions></trkpt>
      <trkpt lon="-76.447007" lat="39.347315"><ele>23.373755</ele><time>2022-04-12T15:48:22Z</time><extensions><speed>1.225165</speed><course>315.091309</course><hAcc>1.759425</hAcc><vAcc>0.769848</vAcc></extensions></trkpt>
      <trkpt lon="-76.447018" lat="39.347323"><ele>23.361486</ele><time>2022-04-12T15:48:23Z</time><extensions><speed>1.333249</speed><course>312.129852</course><hAcc>1.751483</hAcc><vAcc>0.770866</vAcc></extensions></trkpt>
      <trkpt lon="-76.447030" lat="39.347331"><ele>23.378504</ele><time>2022-04-12T15:48:24Z</time><extensions><speed>1.410249</speed><course>310.752716</course><hAcc>1.738942</hAcc><vAcc>0.772158</vAcc></extensions></trkpt>
      <trkpt lon="-76.447043" lat="39.347339"><ele>23.412678</ele><time>2022-04-12T15:48:25Z</time><extensions><speed>1.476247</speed><course>308.186401</course><hAcc>1.716595</hAcc><vAcc>0.773647</vAcc></extensions></trkpt>
      <trkpt lon="-76.447057" lat="39.347347"><ele>23.433325</ele><time>2022-04-12T15:48:26Z</time><extensions><speed>1.507085</speed><course>303.611267</course><hAcc>1.694552</hAcc><vAcc>0.775292</vAcc></extensions></trkpt>
      <trkpt lon="-76.447071" lat="39.347354"><ele>23.451744</ele><time>2022-04-12T15:48:27Z</time><extensions><speed>1.503847</speed><course>304.073059</course><hAcc>1.692920</hAcc><vAcc>0.777033</vAcc></extensions></trkpt>
      <trkpt lon="-76.447085" lat="39.347363"><ele>23.466757</ele><time>2022-04-12T15:48:28Z</time><extensions><speed>1.464536</speed><course>312.170715</course><hAcc>1.709989</hAcc><vAcc>0.778798</vAcc></extensions></trkpt>
      <trkpt lon="-76.447097" lat="39.347372"><ele>23.479149</ele><time>2022-04-12T15:48:29Z</time><extensions><speed>1.498180</speed><course>318.932465</course><hAcc>1.678669</hAcc><vAcc>0.780629</vAcc></extensions></trkpt>
      <trkpt lon="-76.447108" lat="39.347382"><ele>23.493376</ele><time>2022-04-12T15:48:30Z</time><extensions><speed>1.422534</speed><course>321.695953</course><hAcc>1.655168</hAcc><vAcc>0.782430</vAcc></extensions></trkpt>
      <trkpt lon="-76.447118" lat="39.347392"><ele>23.504126</ele><time>2022-04-12T15:48:31Z</time><extensions><speed>1.402184</speed><course>320.454346</course><hAcc>1.622262</hAcc><vAcc>0.784220</vAcc></extensions></trkpt>
      <trkpt lon="-76.447129" lat="39.347401"><ele>23.502819</ele><time>2022-04-12T15:48:32Z</time><extensions><speed>1.377251</speed><course>317.480652</course><hAcc>1.588682</hAcc><vAcc>0.785927</vAcc></extensions></trkpt>
      <trkpt lon="-76.447140" lat="39.347410"><ele>23.521797</ele><time>2022-04-12T15:48:33Z</time><extensions><speed>1.368325</speed><course>315.198120</course><hAcc>1.581918</hAcc><vAcc>0.787529</vAcc></extensions></trkpt>
      <trkpt lon="-76.447151" lat="39.347419"><ele>23.523651</ele><time>2022-04-12T15:48:34Z</time><extensions><speed>1.375368</speed><course>312.458252</course><hAcc>1.625463</hAcc><vAcc>0.789075</vAcc></extensions></trkpt>
      <trkpt lon="-76.447163" lat="39.347427"><ele>23.475685</ele><time>2022-04-12T15:48:35Z</time><extensions><speed>1.355436</speed><course>311.909393</course><hAcc>1.617443</hAcc><vAcc>0.790518</vAcc></extensions></trkpt>
      <trkpt lon="-76.447174" lat="39.347436"><ele>23.443811</ele><time>2022-04-12T15:48:36Z</time><extensions><speed>1.398321</speed><course>315.111755</course><hAcc>1.620552</hAcc><vAcc>0.791880</vAcc></extensions></trkpt>
      <trkpt lon="-76.447185" lat="39.347445"><ele>23.417540</ele><time>2022-04-12T15:48:37Z</time><extensions><speed>1.336254</speed><course>318.303650</course><hAcc>1.600957</hAcc><vAcc>0.793151</vAcc></extensions></trkpt>
      <trkpt lon="-76.447195" lat="39.347453"><ele>23.378458</ele><time>2022-04-12T15:48:38Z</time><extensions><speed>1.287424</speed><course>319.553009</course><hAcc>1.594087</hAcc><vAcc>0.794291</vAcc></extensions></trkpt>
      <trkpt lon="-76.447204" lat="39.347462"><ele>23.349356</ele><time>2022-04-12T15:48:39Z</time><extensions><speed>1.237272</speed><course>321.779846</course><hAcc>1.615523</hAcc><vAcc>0.795317</vAcc></extensions></trkpt>
      <trkpt lon="-76.447213" lat="39.347471"><ele>23.359570</ele><time>2022-04-12T15:48:40Z</time><extensions><speed>1.239747</speed><course>325.191010</course><hAcc>1.631898</hAcc><vAcc>0.796182</vAcc></extensions></trkpt>
      <trkpt lon="-76.447221" lat="39.347481"><ele>23.349865</ele><time>2022-04-12T15:48:41Z</time><extensions><speed>1.278764</speed><course>330.835541</course><hAcc>1.632790</hAcc><vAcc>0.796996</vAcc></extensions></trkpt>
      <trkpt lon="-76.447227" lat="39.347491"><ele>23.312706</ele><time>2022-04-12T15:48:42Z</time><extensions><speed>1.312497</speed><course>336.119995</course><hAcc>1.623054</hAcc><vAcc>0.797770</vAcc></extensions></trkpt>
      <trkpt lon="-76.447233" lat="39.347502"><ele>23.271223</ele><time>2022-04-12T15:48:43Z</time><extensions><speed>1.369603</speed><course>342.061005</course><hAcc>1.624016</hAcc><vAcc>0.798413</vAcc></extensions></trkpt>
      <trkpt lon="-76.447236" lat="39.347514"><ele>23.207621</ele><time>2022-04-12T15:48:44Z</time><extensions><speed>1.310446</speed><course>349.822968</course><hAcc>1.667499</hAcc><vAcc>0.798895</vAcc></extensions></trkpt>
      <trkpt lon="-76.447238" lat="39.347526"><ele>23.159636</ele><time>2022-04-12T15:48:45Z</time><extensions><speed>1.293580</speed><course>356.804077</course><hAcc>1.663117</hAcc><vAcc>0.799288</vAcc></extensions></trkpt>
      <trkpt lon="-76.447239" lat="39.347538"><ele>23.118431</ele><time>2022-04-12T15:48:46Z</time><extensions><speed>1.361184</speed><course>357.842651</course><hAcc>1.647357</hAcc><vAcc>0.799598</vAcc></extensions></trkpt>
      <trkpt lon="-76.447239" lat="39.347550"><ele>23.082930</ele><time>2022-04-12T15:48:47Z</time><extensions><speed>1.330283</speed><course>1.006921</course><hAcc>1.638538</hAcc><vAcc>0.799828</vAcc></extensions></trkpt>
      <trkpt lon="-76.447239" lat="39.347562"><ele>23.038376</ele><time>2022-04-12T15:48:48Z</time><extensions><speed>1.257613</speed><course>3.277729</course><hAcc>1.651943</hAcc><vAcc>0.800045</vAcc></extensions></trkpt>
      <trkpt lon="-76.447238" lat="39.347573"><ele>23.029068</ele><time>2022-04-12T15:48:49Z</time><extensions><speed>1.242964</speed><course>5.040930</course><hAcc>1.670274</hAcc><vAcc>0.800206</vAcc></extensions></trkpt>
      <trkpt lon="-76.447236" lat="39.347584"><ele>23.013262</ele><time>2022-04-12T15:48:50Z</time><extensions><speed>1.246269</speed><course>6.519978</course><hAcc>1.675993</hAcc><vAcc>0.800377</vAcc></extensions></trkpt>
      <trkpt lon="-76.447234" lat="39.347595"><ele>23.011543</ele><time>2022-04-12T15:48:51Z</time><extensions><speed>1.228340</speed><course>7.941167</course><hAcc>1.670557</hAcc><vAcc>0.800580</vAcc></extensions></trkpt>
      <trkpt lon="-76.447232" lat="39.347606"><ele>23.040071</ele><time>2022-04-12T15:48:51Z</time><extensions><speed>1.308298</speed><course>8.304599</course><hAcc>1.650674</hAcc><vAcc>0.800874</vAcc></extensions></trkpt>
      <trkpt lon="-76.447230" lat="39.347618"><ele>23.089094</ele><time>2022-04-12T15:48:52Z</time><extensions><speed>1.349417</speed><course>11.819652</course><hAcc>1.622416</hAcc><vAcc>0.801129</vAcc></extensions></trkpt>
      <trkpt lon="-76.447226" lat="39.347631"><ele>23.140463</ele><time>2022-04-12T15:48:53Z</time><extensions><speed>1.462587</speed><course>12.979614</course><hAcc>1.618775</hAcc><vAcc>0.801393</vAcc></extensions></trkpt>
      <trkpt lon="-76.447222" lat="39.347643"><ele>23.191595</ele><time>2022-04-12T15:48:54Z</time><extensions><speed>1.451435</speed><course>14.641126</course><hAcc>1.667748</hAcc><vAcc>0.801582</vAcc></extensions></trkpt>
      <trkpt lon="-76.447219" lat="39.347656"><ele>23.222811</ele><time>2022-04-12T15:48:55Z</time><extensions><speed>1.425669</speed><course>7.603450</course><hAcc>1.650950</hAcc><vAcc>0.801661</vAcc></extensions></trkpt>
      <trkpt lon="-76.447218" lat="39.347669"><ele>23.230152</ele><time>2022-04-12T15:48:57Z</time><extensions><speed>1.428796</speed><course>357.263611</course><hAcc>1.612902</hAcc><vAcc>0.801705</vAcc></extensions></trkpt>
      <trkpt lon="-76.447220" lat="39.347682"><ele>23.268211</ele><time>2022-04-12T15:48:58Z</time><extensions><speed>1.382898</speed><course>354.249054</course><hAcc>1.617223</hAcc><vAcc>0.801584</vAcc></extensions></trkpt>
      <trkpt lon="-76.447222" lat="39.347694"><ele>23.288204</ele><time>2022-04-12T15:48:59Z</time><extensions><speed>1.347248</speed><course>351.733856</course><hAcc>1.630816</hAcc><vAcc>0.801428</vAcc></extensions></trkpt>
      <trkpt lon="-76.447224" lat="39.347706"><ele>23.317196</ele><time>2022-04-12T15:49:00Z</time><extensions><speed>1.380754</speed><course>350.881683</course><hAcc>1.646990</hAcc><vAcc>0.801205</vAcc></extensions></trkpt>
      <trkpt lon="-76.447227" lat="39.347719"><ele>23.353632</ele><time>2022-04-12T15:49:01Z</time><extensions><speed>1.439225</speed><course>351.492218</course><hAcc>1.660796</hAcc><vAcc>0.800913</vAcc></extensions></trkpt>
      <trkpt lon="-76.447229" lat="39.347732"><ele>23.391619</ele><time>2022-04-12T15:49:02Z</time><extensions><speed>1.463978</speed><course>351.326111</course><hAcc>1.668772</hAcc><vAcc>0.800581</vAcc></extensions></trkpt>
      <trkpt lon="-76.447232" lat="39.347745"><ele>23.447443</ele><time>2022-04-12T15:49:03Z</time><extensions><speed>1.546891</speed><course>350.460144</course><hAcc>1.663353</hAcc><vAcc>0.800227</vAcc></extensions></trkpt>
      <trkpt lon="-76.447235" lat="39.347759"><ele>23.505833</ele><time>2022-04-12T15:49:04Z</time><extensions><speed>1.511714</speed><course>350.492676</course><hAcc>1.673778</hAcc><vAcc>0.799967</vAcc></extensions></trkpt>
      <trkpt lon="-76.447238" lat="39.347772"><ele>23.558008</ele><time>2022-04-12T15:49:05Z</time><extensions><speed>1.556054</speed><course>349.290588</course><hAcc>1.632990</hAcc><vAcc>0.799713</vAcc></extensions></trkpt>
      <trkpt lon="-76.447241" lat="39.347786"><ele>23.609251</ele><time>2022-04-12T15:49:06Z</time><extensions><speed>1.562562</speed><course>349.316040</course><hAcc>1.615570</hAcc><vAcc>0.799547</vAcc></extensions></trkpt>
      <trkpt lon="-76.447245" lat="39.347799"><ele>23.640896</ele><time>2022-04-12T15:49:07Z</time><extensions><speed>1.468191</speed><course>349.142670</course><hAcc>1.627913</hAcc><vAcc>0.799438</vAcc></extensions></trkpt>
      <trkpt lon="-76.447248" lat="39.347813"><ele>23.686695</ele><time>2022-04-12T15:49:08Z</time><extensions><speed>1.542618</speed><course>345.261108</course><hAcc>1.601053</hAcc><vAcc>0.799353</vAcc></extensions></trkpt>
      <trkpt lon="-76.447253" lat="39.347826"><ele>23.733547</ele><time>2022-04-12T15:49:09Z</time><extensions><speed>1.508870</speed><course>341.813171</course><hAcc>1.627223</hAcc><vAcc>0.799338</vAcc></extensions></trkpt>
      <trkpt lon="-76.447259" lat="39.347838"><ele>23.779690</ele><time>2022-04-12T15:49:10Z</time><extensions><speed>1.447796</speed><course>338.472504</course><hAcc>1.662697</hAcc><vAcc>0.799410</vAcc></extensions></trkpt>
      <trkpt lon="-76.447265" lat="39.347850"><ele>23.821712</ele><time>2022-04-12T15:49:11Z</time><extensions><speed>1.420198</speed><course>337.988007</course><hAcc>1.615301</hAcc><vAcc>0.799540</vAcc></extensions></trkpt>
      <trkpt lon="-76.447271" lat="39.347862"><ele>23.843742</ele><time>2022-04-12T15:49:12Z</time><extensions><speed>1.386472</speed><course>339.102417</course><hAcc>1.595061</hAcc><vAcc>0.799711</vAcc></extensions></trkpt>
      <trkpt lon="-76.447277" lat="39.347874"><ele>23.874716</ele><time>2022-04-12T15:49:13Z</time><extensions><speed>1.403492</speed><course>338.298828</course><hAcc>1.596394</hAcc><vAcc>0.799914</vAcc></extensions></trkpt>
      <trkpt lon="-76.447283" lat="39.347886"><ele>23.898996</ele><time>2022-04-12T15:49:14Z</time><extensions><speed>1.404930</speed><course>335.812225</course><hAcc>1.607569</hAcc><vAcc>0.800105</vAcc></extensions></trkpt>
      <trkpt lon="-76.447290" lat="39.347897"><ele>23.914257</ele><time>2022-04-12T15:49:15Z</time><extensions><speed>1.429961</speed><course>335.582153</course><hAcc>1.644598</hAcc><vAcc>0.800269</vAcc></extensions></trkpt>
      <trkpt lon="-76.447297" lat="39.347909"><ele>23.908154</ele><time>2022-04-12T15:49:16Z</time><extensions><speed>1.391612</speed><course>334.365021</course><hAcc>1.693830</hAcc><vAcc>0.800463</vAcc></extensions></trkpt>
      <trkpt lon="-76.447303" lat="39.347920"><ele>23.895409</ele><time>2022-04-12T15:49:17Z</time><extensions><speed>1.346499</speed><course>340.111816</course><hAcc>1.636389</hAcc><vAcc>0.800747</vAcc></extensions></trkpt>
      <trkpt lon="-76.447308" lat="39.347932"><ele>23.887264</ele><time>2022-04-12T15:49:18Z</time><extensions><speed>1.308606</speed><course>342.234589</course><hAcc>1.600906</hAcc><vAcc>0.801022</vAcc></extensions></trkpt>
      <trkpt lon="-76.447313" lat="39.347943"><ele>23.861662</ele><time>2022-04-12T15:49:19Z</time><extensions><speed>1.415135</speed><course>341.248718</course><hAcc>1.600559</hAcc><vAcc>0.801266</vAcc></extensions></trkpt>
      <trkpt lon="-76.447318" lat="39.347956"><ele>23.827488</ele><time>2022-04-12T15:49:20Z</time><extensions><speed>1.476042</speed><course>342.842438</course><hAcc>1.616161</hAcc><vAcc>0.801574</vAcc></extensions></trkpt>
      <trkpt lon="-76.447323" lat="39.347968"><ele>23.793333</ele><time>2022-04-12T15:49:21Z</time><extensions><speed>1.469456</speed><course>342.688293</course><hAcc>1.634800</hAcc><vAcc>0.801886</vAcc></extensions></trkpt>
      <trkpt lon="-76.447328" lat="39.347981"><ele>23.775105</ele><time>2022-04-12T15:49:22Z</time><extensions><speed>1.422144</speed><course>341.252777</course><hAcc>1.668874</hAcc><vAcc>0.802143</vAcc></extensions></trkpt>
      <trkpt lon="-76.447333" lat="39.347993"><ele>23.748217</ele><time>2022-04-12T15:49:23Z</time><extensions><speed>1.397156</speed><course>347.090851</course><hAcc>1.633473</hAcc><vAcc>0.802440</vAcc></extensions></trkpt>
      <trkpt lon="-76.447336" lat="39.348005"><ele>23.716618</ele><time>2022-04-12T15:49:24Z</time><extensions><speed>1.417181</speed><course>349.874268</course><hAcc>1.616919</hAcc><vAcc>0.802698</vAcc></extensions></trkpt>
      <trkpt lon="-76.447339" lat="39.348018"><ele>23.679493</ele><time>2022-04-12T15:49:25Z</time><extensions><speed>1.456867</speed><course>351.065613</course><hAcc>1.621550</hAcc><vAcc>0.802931</vAcc></extensions></trkpt>
      <trkpt lon="-76.447341" lat="39.348032"><ele>23.645813</ele><time>2022-04-12T15:49:26Z</time><extensions><speed>1.595196</speed><course>351.196533</course><hAcc>1.646956</hAcc><vAcc>0.803205</vAcc></extensions></trkpt>
      <trkpt lon="-76.447344" lat="39.348045"><ele>23.655090</ele><time>2022-04-12T15:49:27Z</time><extensions><speed>1.472820</speed><course>350.498474</course><hAcc>1.681119</hAcc><vAcc>0.803461</vAcc></extensions></trkpt>
      <trkpt lon="-76.447347" lat="39.348058"><ele>23.618277</ele><time>2022-04-12T15:49:28Z</time><extensions><speed>1.418592</speed><course>351.426727</course><hAcc>1.657594</hAcc><vAcc>0.803696</vAcc></extensions></trkpt>
      <trkpt lon="-76.447349" lat="39.348070"><ele>23.619495</ele><time>2022-04-12T15:49:29Z</time><extensions><speed>1.327432</speed><course>350.566681</course><hAcc>1.639407</hAcc><vAcc>0.803876</vAcc></extensions></trkpt>
      <trkpt lon="-76.447352" lat="39.348082"><ele>23.627594</ele><time>2022-04-12T15:49:30Z</time><extensions><speed>1.392648</speed><course>348.135101</course><hAcc>1.631129</hAcc><vAcc>0.803972</vAcc></extensions></trkpt>
      <trkpt lon="-76.447356" lat="39.348095"><ele>23.626350</ele><time>2022-04-12T15:49:31Z</time><extensions><speed>1.417745</speed><course>347.612640</course><hAcc>1.624227</hAcc><vAcc>0.803986</vAcc></extensions></trkpt>
      <trkpt lon="-76.447360" lat="39.348107"><ele>23.640875</ele><time>2022-04-12T15:49:32Z</time><extensions><speed>1.455897</speed><course>345.593506</course><hAcc>1.622608</hAcc><vAcc>0.803909</vAcc></extensions></trkpt>
      <trkpt lon="-76.447364" lat="39.348120"><ele>23.667559</ele><time>2022-04-12T15:49:33Z</time><extensions><speed>1.436533</speed><course>344.637695</course><hAcc>1.635324</hAcc><vAcc>0.803800</vAcc></extensions></trkpt>
      <trkpt lon="-76.447369" lat="39.348133"><ele>23.682648</ele><time>2022-04-12T15:49:34Z</time><extensions><speed>1.442693</speed><course>343.219086</course><hAcc>1.583428</hAcc><vAcc>0.803626</vAcc></extensions></trkpt>
      <trkpt lon="-76.447374" lat="39.348145"><ele>23.696081</ele><time>2022-04-12T15:49:35Z</time><extensions><speed>1.470020</speed><course>342.232025</course><hAcc>1.577941</hAcc><vAcc>0.803377</vAcc></extensions></trkpt>
      <trkpt lon="-76.447379" lat="39.348157"><ele>23.707502</ele><time>2022-04-12T15:49:36Z</time><extensions><speed>1.436245</speed><course>338.881256</course><hAcc>1.623699</hAcc><vAcc>0.803089</vAcc></extensions></trkpt>
      <trkpt lon="-76.447385" lat="39.348169"><ele>23.699183</ele><time>2022-04-12T15:49:37Z</time><extensions><speed>1.408516</speed><course>338.446075</course><hAcc>1.579599</hAcc><vAcc>0.802763</vAcc></extensions></trkpt>
      <trkpt lon="-76.447391" lat="39.348181"><ele>23.701752</ele><time>2022-04-12T15:49:38Z</time><extensions><speed>1.367393</speed><course>340.412323</course><hAcc>1.574366</hAcc><vAcc>0.802434</vAcc></extensions></trkpt>
      <trkpt lon="-76.447396" lat="39.348192"><ele>23.700630</ele><time>2022-04-12T15:49:39Z</time><extensions><speed>1.288730</speed><course>339.222900</course><hAcc>1.572630</hAcc><vAcc>0.802077</vAcc></extensions></trkpt>
      <trkpt lon="-76.447401" lat="39.348203"><ele>23.706131</ele><time>2022-04-12T15:49:40Z</time><extensions><speed>1.254415</speed><course>339.318237</course><hAcc>1.570943</hAcc><vAcc>0.801818</vAcc></extensions></trkpt>
      <trkpt lon="-76.447407" lat="39.348214"><ele>23.727909</ele><time>2022-04-12T15:49:41Z</time><extensions><speed>1.311574</speed><course>338.382385</course><hAcc>1.527661</hAcc><vAcc>0.801619</vAcc></extensions></trkpt>
      <trkpt lon="-76.447412" lat="39.348225"><ele>23.750732</ele><time>2022-04-12T15:49:42Z</time><extensions><speed>1.364476</speed><course>338.295135</course><hAcc>1.514812</hAcc><vAcc>0.801552</vAcc></extensions></trkpt>
      <trkpt lon="-76.447418" lat="39.348236"><ele>23.768391</ele><time>2022-04-12T15:49:43Z</time><extensions><speed>1.417582</speed><course>338.355560</course><hAcc>1.558358</hAcc><vAcc>0.801539</vAcc></extensions></trkpt>
      <trkpt lon="-76.447425" lat="39.348248"><ele>23.779972</ele><time>2022-04-12T15:49:44Z</time><extensions><speed>1.432877</speed><course>335.282471</course><hAcc>1.555566</hAcc><vAcc>0.801160</vAcc></extensions></trkpt>
      <trkpt lon="-76.447432" lat="39.348259"><ele>23.803810</ele><time>2022-04-12T15:49:45Z</time><extensions><speed>1.403883</speed><course>333.635529</course><hAcc>1.556611</hAcc><vAcc>0.800962</vAcc></extensions></trkpt>
      <trkpt lon="-76.447439" lat="39.348271"><ele>23.827204</ele><time>2022-04-12T15:49:46Z</time><extensions><speed>1.388876</speed><course>336.676483</course><hAcc>1.523421</hAcc><vAcc>0.800788</vAcc></extensions></trkpt>
      <trkpt lon="-76.447445" lat="39.348282"><ele>23.840542</ele><time>2022-04-12T15:49:47Z</time><extensions><speed>1.352415</speed><course>337.251740</course><hAcc>1.546584</hAcc><vAcc>0.800562</vAcc></extensions></trkpt>
      <trkpt lon="-76.447452" lat="39.348293"><ele>23.866566</ele><time>2022-04-12T15:49:48Z</time><extensions><speed>1.325452</speed><course>332.485962</course><hAcc>1.543557</hAcc><vAcc>0.800238</vAcc></extensions></trkpt>
      <trkpt lon="-76.447459" lat="39.348304"><ele>23.904388</ele><time>2022-04-12T15:49:49Z</time><extensions><speed>1.323456</speed><course>328.238617</course><hAcc>1.585114</hAcc><vAcc>0.799917</vAcc></extensions></trkpt>
      <trkpt lon="-76.447468" lat="39.348313"><ele>23.954714</ele><time>2022-04-12T15:49:50Z</time><extensions><speed>1.279554</speed><course>325.359589</course><hAcc>1.661772</hAcc><vAcc>0.799511</vAcc></extensions></trkpt>
      <trkpt lon="-76.447476" lat="39.348322"><ele>24.011566</ele><time>2022-04-12T15:49:51Z</time><extensions><speed>1.083578</speed><course>319.175842</course><hAcc>1.645350</hAcc><vAcc>0.799028</vAcc></extensions></trkpt>
      <trkpt lon="-76.447484" lat="39.348328"><ele>24.079990</ele><time>2022-04-12T15:49:52Z</time><extensions><speed>0.807662</speed><course>312.106873</course><hAcc>1.657145</hAcc><vAcc>0.798481</vAcc></extensions></trkpt>
      <trkpt lon="-76.447490" lat="39.348332"><ele>24.142780</ele><time>2022-04-12T15:49:53Z</time><extensions><speed>0.546493</speed><course>307.615204</course><hAcc>1.683015</hAcc><vAcc>0.797947</vAcc></extensions></trkpt>
      <trkpt lon="-76.447495" lat="39.348336"><ele>24.203547</ele><time>2022-04-12T15:49:54Z</time><extensions><speed>0.669241</speed><course>311.105743</course><hAcc>1.695188</hAcc><vAcc>0.797532</vAcc></extensions></trkpt>
      <trkpt lon="-76.447502" lat="39.348341"><ele>24.254667</ele><time>2022-04-12T15:49:55Z</time><extensions><speed>1.016697</speed><course>317.464294</course><hAcc>1.710359</hAcc><vAcc>0.797349</vAcc></extensions></trkpt>
      <trkpt lon="-76.447510" lat="39.348349"><ele>24.331678</ele><time>2022-04-12T15:49:56Z</time><extensions><speed>1.251187</speed><course>322.684021</course><hAcc>1.714296</hAcc><vAcc>0.797339</vAcc></extensions></trkpt>
      <trkpt lon="-76.447519" lat="39.348358"><ele>24.378586</ele><time>2022-04-12T15:49:57Z</time><extensions><speed>1.344070</speed><course>327.185394</course><hAcc>1.707355</hAcc><vAcc>0.797456</vAcc></extensions></trkpt>
      <trkpt lon="-76.447527" lat="39.348369"><ele>24.437782</ele><time>2022-04-12T15:49:58Z</time><extensions><speed>1.394552</speed><course>329.784088</course><hAcc>1.714396</hAcc><vAcc>0.797686</vAcc></extensions></trkpt>
      <trkpt lon="-76.447535" lat="39.348379"><ele>24.490688</ele><time>2022-04-12T15:49:59Z</time><extensions><speed>1.171024</speed><course>328.486206</course><hAcc>1.738342</hAcc><vAcc>0.797960</vAcc></extensions></trkpt>
      <trkpt lon="-76.447543" lat="39.348388"><ele>24.523769</ele><time>2022-04-12T15:50:00Z</time><extensions><speed>1.299827</speed><course>327.649841</course><hAcc>1.706925</hAcc><vAcc>0.798208</vAcc></extensions></trkpt>
      <trkpt lon="-76.447551" lat="39.348398"><ele>24.561108</ele><time>2022-04-12T15:50:01Z</time><extensions><speed>1.393709</speed><course>326.374908</course><hAcc>1.691975</hAcc><vAcc>0.798398</vAcc></extensions></trkpt>
      <trkpt lon="-76.447561" lat="39.348409"><ele>24.598391</ele><time>2022-04-12T15:50:02Z</time><extensions><speed>1.483026</speed><course>324.920715</course><hAcc>1.693675</hAcc><vAcc>0.798509</vAcc></extensions></trkpt>
      <trkpt lon="-76.447571" lat="39.348420"><ele>24.624086</ele><time>2022-04-12T15:50:03Z</time><extensions><speed>1.459639</speed><course>322.793457</course><hAcc>1.700461</hAcc><vAcc>0.798563</vAcc></extensions></trkpt>
      <trkpt lon="-76.447581" lat="39.348430"><ele>24.621525</ele><time>2022-04-12T15:50:04Z</time><extensions><speed>1.428240</speed><course>321.637970</course><hAcc>1.706307</hAcc><vAcc>0.798594</vAcc></extensions></trkpt>
      <trkpt lon="-76.447591" lat="39.348440"><ele>24.576937</ele><time>2022-04-12T15:50:05Z</time><extensions><speed>1.299552</speed><course>317.691315</course><hAcc>1.709951</hAcc><vAcc>0.798533</vAcc></extensions></trkpt>
      <trkpt lon="-76.447602" lat="39.348448"><ele>24.561768</ele><time>2022-04-12T15:50:06Z</time><extensions><speed>1.346749</speed><course>315.204926</course><hAcc>1.697363</hAcc><vAcc>0.798340</vAcc></extensions></trkpt>
      <trkpt lon="-76.447614" lat="39.348457"><ele>24.541473</ele><time>2022-04-12T15:50:07Z</time><extensions><speed>1.422025</speed><course>314.199005</course><hAcc>1.701342</hAcc><vAcc>0.798051</vAcc></extensions></trkpt>
      <trkpt lon="-76.447625" lat="39.348465"><ele>24.522774</ele><time>2022-04-12T15:50:08Z</time><extensions><speed>1.291880</speed><course>312.258057</course><hAcc>1.726310</hAcc><vAcc>0.797675</vAcc></extensions></trkpt>
      <trkpt lon="-76.447637" lat="39.348474"><ele>24.483862</ele><time>2022-04-12T15:50:09Z</time><extensions><speed>1.462855</speed><course>310.267120</course><hAcc>1.690401</hAcc><vAcc>0.797182</vAcc></extensions></trkpt>
      <trkpt lon="-76.447651" lat="39.348482"><ele>24.432188</ele><time>2022-04-12T15:50:10Z</time><extensions><speed>1.568215</speed><course>308.507233</course><hAcc>1.659635</hAcc><vAcc>0.796634</vAcc></extensions></trkpt>
      <trkpt lon="-76.447666" lat="39.348491"><ele>24.368027</ele><time>2022-04-12T15:50:11Z</time><extensions><speed>1.638456</speed><course>306.841187</course><hAcc>1.642894</hAcc><vAcc>0.796016</vAcc></extensions></trkpt>
      <trkpt lon="-76.447681" lat="39.348500"><ele>24.253532</ele><time>2022-04-12T15:50:12Z</time><extensions><speed>1.641351</speed><course>304.350891</course><hAcc>1.646221</hAcc><vAcc>0.795362</vAcc></extensions></trkpt>
      <trkpt lon="-76.447696" lat="39.348508"><ele>24.132391</ele><time>2022-04-12T15:50:13Z</time><extensions><speed>1.505332</speed><course>301.839355</course><hAcc>1.673466</hAcc><vAcc>0.794770</vAcc></extensions></trkpt>
      <trkpt lon="-76.447711" lat="39.348515"><ele>24.044670</ele><time>2022-04-12T15:50:14Z</time><extensions><speed>1.471811</speed><course>307.818115</course><hAcc>1.635430</hAcc><vAcc>0.794171</vAcc></extensions></trkpt>
      <trkpt lon="-76.447723" lat="39.348524"><ele>23.944092</ele><time>2022-04-12T15:50:15Z</time><extensions><speed>1.379744</speed><course>313.426117</course><hAcc>1.643077</hAcc><vAcc>0.793606</vAcc></extensions></trkpt>
      <trkpt lon="-76.447736" lat="39.348532"><ele>23.851259</ele><time>2022-04-12T15:50:16Z</time><extensions><speed>1.498964</speed><course>309.278961</course><hAcc>1.635217</hAcc><vAcc>0.793064</vAcc></extensions></trkpt>
      <trkpt lon="-76.447749" lat="39.348540"><ele>23.792406</ele><time>2022-04-12T15:50:17Z</time><extensions><speed>1.419885</speed><course>305.416168</course><hAcc>1.676963</hAcc><vAcc>0.792549</vAcc></extensions></trkpt>
      <trkpt lon="-76.447763" lat="39.348547"><ele>23.693176</ele><time>2022-04-12T15:50:18Z</time><extensions><speed>1.444021</speed><course>301.717163</course><hAcc>1.640948</hAcc><vAcc>0.792082</vAcc></extensions></trkpt>
      <trkpt lon="-76.447778" lat="39.348554"><ele>23.631187</ele><time>2022-04-12T15:50:19Z</time><extensions><speed>1.456054</speed><course>299.775818</course><hAcc>1.630520</hAcc><vAcc>0.791637</vAcc></extensions></trkpt>
      <trkpt lon="-76.447793" lat="39.348560"><ele>23.584225</ele><time>2022-04-12T15:50:20Z</time><extensions><speed>1.451309</speed><course>298.013702</course><hAcc>1.644087</hAcc><vAcc>0.791245</vAcc></extensions></trkpt>
      <trkpt lon="-76.447808" lat="39.348566"><ele>23.560797</ele><time>2022-04-12T15:50:21Z</time><extensions><speed>1.453454</speed><course>295.010559</course><hAcc>1.646807</hAcc><vAcc>0.790933</vAcc></extensions></trkpt>
      <trkpt lon="-76.447823" lat="39.348571"><ele>23.522038</ele><time>2022-04-12T15:50:22Z</time><extensions><speed>1.390069</speed><course>292.480499</course><hAcc>1.660216</hAcc><vAcc>0.790734</vAcc></extensions></trkpt>
      <trkpt lon="-76.447838" lat="39.348576"><ele>23.504232</ele><time>2022-04-12T15:50:23Z</time><extensions><speed>1.451078</speed><course>292.643860</course><hAcc>1.681223</hAcc><vAcc>0.790616</vAcc></extensions></trkpt>
      <trkpt lon="-76.447855" lat="39.348580"><ele>23.508066</ele><time>2022-04-12T15:50:24Z</time><extensions><speed>1.547875</speed><course>286.996216</course><hAcc>1.642094</hAcc><vAcc>0.790602</vAcc></extensions></trkpt>
      <trkpt lon="-76.447872" lat="39.348584"><ele>23.522919</ele><time>2022-04-12T15:50:25Z</time><extensions><speed>1.584550</speed><course>284.537384</course><hAcc>1.629412</hAcc><vAcc>0.790733</vAcc></extensions></trkpt>
      <trkpt lon="-76.447890" lat="39.348587"><ele>23.552622</ele><time>2022-04-12T15:50:26Z</time><extensions><speed>1.550647</speed><course>284.220337</course><hAcc>1.667179</hAcc><vAcc>0.790998</vAcc></extensions></trkpt>
      <trkpt lon="-76.447908" lat="39.348590"><ele>23.595875</ele><time>2022-04-12T15:50:27Z</time><extensions><speed>1.592500</speed><course>280.323853</course><hAcc>1.627533</hAcc><vAcc>0.791420</vAcc></extensions></trkpt>
      <trkpt lon="-76.447926" lat="39.348593"><ele>23.654181</ele><time>2022-04-12T15:50:28Z</time><extensions><speed>1.573974</speed><course>280.613556</course><hAcc>1.625109</hAcc><vAcc>0.792009</vAcc></extensions></trkpt>
      <trkpt lon="-76.447944" lat="39.348595"><ele>23.703863</ele><time>2022-04-12T15:50:29Z</time><extensions><speed>1.640931</speed><course>278.609955</course><hAcc>1.644721</hAcc><vAcc>0.792735</vAcc></extensions></trkpt>
      <trkpt lon="-76.447962" lat="39.348597"><ele>23.772442</ele><time>2022-04-12T15:50:30Z</time><extensions><speed>1.496105</speed><course>275.949005</course><hAcc>1.683942</hAcc><vAcc>0.793598</vAcc></extensions></trkpt>
      <trkpt lon="-76.447980" lat="39.348598"><ele>23.846195</ele><time>2022-04-12T15:50:31Z</time><extensions><speed>1.541828</speed><course>271.699890</course><hAcc>1.664065</hAcc><vAcc>0.794592</vAcc></extensions></trkpt>
      <trkpt lon="-76.447997" lat="39.348598"><ele>23.920166</ele><time>2022-04-12T15:50:32Z</time><extensions><speed>1.504732</speed><course>269.093903</course><hAcc>1.669385</hAcc><vAcc>0.795654</vAcc></extensions></trkpt>
      <trkpt lon="-76.448015" lat="39.348597"><ele>23.986506</ele><time>2022-04-12T15:50:33Z</time><extensions><speed>1.493156</speed><course>264.095612</course><hAcc>1.673144</hAcc><vAcc>0.796755</vAcc></extensions></trkpt>
      <trkpt lon="-76.448032" lat="39.348595"><ele>24.075483</ele><time>2022-04-12T15:50:34Z</time><extensions><speed>1.536566</speed><course>259.039429</course><hAcc>1.679682</hAcc><vAcc>0.797897</vAcc></extensions></trkpt>
      <trkpt lon="-76.448049" lat="39.348592"><ele>24.145809</ele><time>2022-04-12T15:50:35Z</time><extensions><speed>1.487817</speed><course>256.873383</course><hAcc>1.695258</hAcc><vAcc>0.799014</vAcc></extensions></trkpt>
      <trkpt lon="-76.448066" lat="39.348589"><ele>24.212608</ele><time>2022-04-12T15:50:36Z</time><extensions><speed>1.474653</speed><course>255.906158</course><hAcc>1.679239</hAcc><vAcc>0.800074</vAcc></extensions></trkpt>
      <trkpt lon="-76.448083" lat="39.348585"><ele>24.273464</ele><time>2022-04-12T15:50:37Z</time><extensions><speed>1.476960</speed><course>255.607193</course><hAcc>1.675400</hAcc><vAcc>0.800994</vAcc></extensions></trkpt>
      <trkpt lon="-76.448099" lat="39.348582"><ele>24.328854</ele><time>2022-04-12T15:50:38Z</time><extensions><speed>1.450238</speed><course>255.489044</course><hAcc>1.703101</hAcc><vAcc>0.801732</vAcc></extensions></trkpt>
      <trkpt lon="-76.448115" lat="39.348579"><ele>24.380894</ele><time>2022-04-12T15:50:39Z</time><extensions><speed>1.350393</speed><course>253.080261</course><hAcc>1.711680</hAcc><vAcc>0.802256</vAcc></extensions></trkpt>
      <trkpt lon="-76.448129" lat="39.348575"><ele>24.441854</ele><time>2022-04-12T15:50:40Z</time><extensions><speed>1.239197</speed><course>252.108261</course><hAcc>1.688714</hAcc><vAcc>0.802609</vAcc></extensions></trkpt>
      <trkpt lon="-76.448143" lat="39.348571"><ele>24.485628</ele><time>2022-04-12T15:50:41Z</time><extensions><speed>1.371450</speed><course>249.376328</course><hAcc>1.673026</hAcc><vAcc>0.802765</vAcc></extensions></trkpt>
      <trkpt lon="-76.448159" lat="39.348566"><ele>24.530062</ele><time>2022-04-12T15:50:42Z</time><extensions><speed>1.472773</speed><course>246.624420</course><hAcc>1.678945</hAcc><vAcc>0.802732</vAcc></extensions></trkpt>
      <trkpt lon="-76.448175" lat="39.348561"><ele>24.564264</ele><time>2022-04-12T15:50:43Z</time><extensions><speed>1.510784</speed><course>247.368484</course><hAcc>1.701435</hAcc><vAcc>0.802534</vAcc></extensions></trkpt>
      <trkpt lon="-76.448191" lat="39.348556"><ele>24.591850</ele><time>2022-04-12T15:50:44Z</time><extensions><speed>1.447813</speed><course>248.015732</course><hAcc>1.730460</hAcc><vAcc>0.802206</vAcc></extensions></trkpt>
      <trkpt lon="-76.448206" lat="39.348551"><ele>24.622391</ele><time>2022-04-12T15:50:45Z</time><extensions><speed>1.403721</speed><course>246.389908</course><hAcc>1.721961</hAcc><vAcc>0.801779</vAcc></extensions></trkpt>
      <trkpt lon="-76.448220" lat="39.348546"><ele>24.660366</ele><time>2022-04-12T15:50:46Z</time><extensions><speed>1.380283</speed><course>244.168488</course><hAcc>1.716212</hAcc><vAcc>0.801255</vAcc></extensions></trkpt>
      <trkpt lon="-76.448235" lat="39.348540"><ele>24.707541</ele><time>2022-04-12T15:50:47Z</time><extensions><speed>1.456911</speed><course>244.007141</course><hAcc>1.716818</hAcc><vAcc>0.800658</vAcc></extensions></trkpt>
      <trkpt lon="-76.448250" lat="39.348534"><ele>24.727032</ele><time>2022-04-12T15:50:48Z</time><extensions><speed>1.483750</speed><course>243.002335</course><hAcc>1.714703</hAcc><vAcc>0.800042</vAcc></extensions></trkpt>
      <trkpt lon="-76.448266" lat="39.348528"><ele>24.754068</ele><time>2022-04-12T15:50:49Z</time><extensions><speed>1.471373</speed><course>240.623962</course><hAcc>1.704462</hAcc><vAcc>0.799421</vAcc></extensions></trkpt>
      <trkpt lon="-76.448280" lat="39.348521"><ele>24.785357</ele><time>2022-04-12T15:50:50Z</time><extensions><speed>1.469680</speed><course>238.877777</course><hAcc>1.683220</hAcc><vAcc>0.798924</vAcc></extensions></trkpt>
      <trkpt lon="-76.448295" lat="39.348514"><ele>24.828493</ele><time>2022-04-12T15:50:51Z</time><extensions><speed>1.473873</speed><course>235.338364</course><hAcc>1.660481</hAcc><vAcc>0.798550</vAcc></extensions></trkpt>
      <trkpt lon="-76.448308" lat="39.348506"><ele>24.862329</ele><time>2022-04-12T15:50:52Z</time><extensions><speed>1.468940</speed><course>231.158401</course><hAcc>1.650756</hAcc><vAcc>0.798320</vAcc></extensions></trkpt>
      <trkpt lon="-76.448321" lat="39.348498"><ele>24.902771</ele><time>2022-04-12T15:50:53Z</time><extensions><speed>1.442592</speed><course>228.299271</course><hAcc>1.639750</hAcc><vAcc>0.798251</vAcc></extensions></trkpt>
      <trkpt lon="-76.448334" lat="39.348488"><ele>24.962383</ele><time>2022-04-12T15:50:54Z</time><extensions><speed>1.495796</speed><course>223.138504</course><hAcc>1.633155</hAcc><vAcc>0.798266</vAcc></extensions></trkpt>
      <trkpt lon="-76.448345" lat="39.348479"><ele>25.022076</ele><time>2022-04-12T15:50:55Z</time><extensions><speed>1.419084</speed><course>222.827499</course><hAcc>1.671457</hAcc><vAcc>0.798371</vAcc></extensions></trkpt>
      <trkpt lon="-76.448356" lat="39.348469"><ele>25.072281</ele><time>2022-04-12T15:50:56Z</time><extensions><speed>1.431504</speed><course>222.906204</course><hAcc>1.621800</hAcc><vAcc>0.798596</vAcc></extensions></trkpt>
      <trkpt lon="-76.448368" lat="39.348460"><ele>25.140213</ele><time>2022-04-12T15:50:57Z</time><extensions><speed>1.425308</speed><course>221.862839</course><hAcc>1.610406</hAcc><vAcc>0.798922</vAcc></extensions></trkpt>
      <trkpt lon="-76.448379" lat="39.348450"><ele>25.201202</ele><time>2022-04-12T15:50:57Z</time><extensions><speed>1.444171</speed><course>219.804260</course><hAcc>1.638831</hAcc><vAcc>0.799408</vAcc></extensions></trkpt>
      <trkpt lon="-76.448390" lat="39.348440"><ele>25.249823</ele><time>2022-04-12T15:50:58Z</time><extensions><speed>1.493579</speed><course>220.540375</course><hAcc>1.655389</hAcc><vAcc>0.800018</vAcc></extensions></trkpt>
      <trkpt lon="-76.448401" lat="39.348430"><ele>25.290142</ele><time>2022-04-12T15:50:59Z</time><extensions><speed>1.456900</speed><course>220.717407</course><hAcc>1.682022</hAcc><vAcc>0.800768</vAcc></extensions></trkpt>
      <trkpt lon="-76.448412" lat="39.348420"><ele>25.335402</ele><time>2022-04-12T15:51:00Z</time><extensions><speed>1.417621</speed><course>222.664246</course><hAcc>1.687038</hAcc><vAcc>0.801627</vAcc></extensions></trkpt>
      <trkpt lon="-76.448423" lat="39.348411"><ele>25.375904</ele><time>2022-04-12T15:51:01Z</time><extensions><speed>1.333803</speed><course>225.148193</course><hAcc>1.688704</hAcc><vAcc>0.802536</vAcc></extensions></trkpt>
      <trkpt lon="-76.448434" lat="39.348403"><ele>25.403254</ele><time>2022-04-12T15:51:03Z</time><extensions><speed>1.293564</speed><course>227.647552</course><hAcc>1.688361</hAcc><vAcc>0.803478</vAcc></extensions></trkpt>
      <trkpt lon="-76.448445" lat="39.348395"><ele>25.413769</ele><time>2022-04-12T15:51:04Z</time><extensions><speed>1.294745</speed><course>230.440155</course><hAcc>1.678064</hAcc><vAcc>0.804390</vAcc></extensions></trkpt>
      <trkpt lon="-76.448457" lat="39.348388"><ele>25.416941</ele><time>2022-04-12T15:51:05Z</time><extensions><speed>1.347354</speed><course>232.250534</course><hAcc>1.663803</hAcc><vAcc>0.805272</vAcc></extensions></trkpt>
      <trkpt lon="-76.448470" lat="39.348380"><ele>25.424383</ele><time>2022-04-12T15:51:06Z</time><extensions><speed>1.411311</speed><course>232.171738</course><hAcc>1.650290</hAcc><vAcc>0.806163</vAcc></extensions></trkpt>
      <trkpt lon="-76.448483" lat="39.348372"><ele>25.424835</ele><time>2022-04-12T15:51:07Z</time><extensions><speed>1.427874</speed><course>230.799225</course><hAcc>1.663951</hAcc><vAcc>0.806952</vAcc></extensions></trkpt>
      <trkpt lon="-76.448495" lat="39.348364"><ele>25.418480</ele><time>2022-04-12T15:51:08Z</time><extensions><speed>1.372892</speed><course>227.197327</course><hAcc>1.708838</hAcc><vAcc>0.807687</vAcc></extensions></trkpt>
      <trkpt lon="-76.448507" lat="39.348356"><ele>25.426630</ele><time>2022-04-12T15:51:09Z</time><extensions><speed>1.343339</speed><course>227.800507</course><hAcc>1.659047</hAcc><vAcc>0.808311</vAcc></extensions></trkpt>
      <trkpt lon="-76.448518" lat="39.348348"><ele>25.394188</ele><time>2022-04-12T15:51:10Z</time><extensions><speed>1.332280</speed><course>227.054626</course><hAcc>1.631872</hAcc><vAcc>0.808772</vAcc></extensions></trkpt>
      <trkpt lon="-76.448529" lat="39.348339"><ele>25.360214</ele><time>2022-04-12T15:51:11Z</time><extensions><speed>1.382992</speed><course>226.376465</course><hAcc>1.631974</hAcc><vAcc>0.809099</vAcc></extensions></trkpt>
      <trkpt lon="-76.448541" lat="39.348330"><ele>25.332636</ele><time>2022-04-12T15:51:12Z</time><extensions><speed>1.438810</speed><course>226.171066</course><hAcc>1.636316</hAcc><vAcc>0.809278</vAcc></extensions></trkpt>
      <trkpt lon="-76.448553" lat="39.348321"><ele>25.317144</ele><time>2022-04-12T15:51:13Z</time><extensions><speed>1.442097</speed><course>225.877365</course><hAcc>1.634591</hAcc><vAcc>0.809360</vAcc></extensions></trkpt>
      <trkpt lon="-76.448565" lat="39.348312"><ele>25.273262</ele><time>2022-04-12T15:51:14Z</time><extensions><speed>1.465468</speed><course>224.786179</course><hAcc>1.609367</hAcc><vAcc>0.809317</vAcc></extensions></trkpt>
      <trkpt lon="-76.448577" lat="39.348302"><ele>25.215279</ele><time>2022-04-12T15:51:15Z</time><extensions><speed>1.476803</speed><course>223.227844</course><hAcc>1.604839</hAcc><vAcc>0.809196</vAcc></extensions></trkpt>
      <trkpt lon="-76.448589" lat="39.348293"><ele>25.150745</ele><time>2022-04-12T15:51:16Z</time><extensions><speed>1.448230</speed><course>222.212662</course><hAcc>1.631672</hAcc><vAcc>0.809077</vAcc></extensions></trkpt>
      <trkpt lon="-76.448600" lat="39.348283"><ele>25.082937</ele><time>2022-04-12T15:51:17Z</time><extensions><speed>1.487963</speed><course>219.764099</course><hAcc>1.608578</hAcc><vAcc>0.808891</vAcc></extensions></trkpt>
      <trkpt lon="-76.448610" lat="39.348272"><ele>25.034691</ele><time>2022-04-12T15:51:18Z</time><extensions><speed>1.406782</speed><course>217.663696</course><hAcc>1.634533</hAcc><vAcc>0.808683</vAcc></extensions></trkpt>
      <trkpt lon="-76.448620" lat="39.348263"><ele>24.968706</ele><time>2022-04-12T15:51:19Z</time><extensions><speed>1.364900</speed><course>217.501556</course><hAcc>1.592482</hAcc><vAcc>0.808456</vAcc></extensions></trkpt>
      <trkpt lon="-76.448630" lat="39.348253"><ele>24.921661</ele><time>2022-04-12T15:51:20Z</time><extensions><speed>1.363822</speed><course>217.284744</course><hAcc>1.574986</hAcc><vAcc>0.808314</vAcc></extensions></trkpt>
      <trkpt lon="-76.448639" lat="39.348243"><ele>24.851728</ele><time>2022-04-12T15:51:21Z</time><extensions><speed>1.353411</speed><course>216.301285</course><hAcc>1.583856</hAcc><vAcc>0.808159</vAcc></extensions></trkpt>
      <trkpt lon="-76.448649" lat="39.348233"><ele>24.796324</ele><time>2022-04-12T15:51:22Z</time><extensions><speed>1.460383</speed><course>215.743317</course><hAcc>1.610192</hAcc><vAcc>0.807991</vAcc></extensions></trkpt>
      <trkpt lon="-76.448658" lat="39.348222"><ele>24.744898</ele><time>2022-04-12T15:51:23Z</time><extensions><speed>1.385128</speed><course>215.041626</course><hAcc>1.654731</hAcc><vAcc>0.807814</vAcc></extensions></trkpt>
      <trkpt lon="-76.448667" lat="39.348212"><ele>24.706976</ele><time>2022-04-12T15:51:24Z</time><extensions><speed>1.276383</speed><course>210.803711</course><hAcc>1.629098</hAcc><vAcc>0.807708</vAcc></extensions></trkpt>
      <trkpt lon="-76.448674" lat="39.348202"><ele>24.671982</ele><time>2022-04-12T15:51:25Z</time><extensions><speed>1.251460</speed><course>207.846970</course><hAcc>1.614618</hAcc><vAcc>0.807643</vAcc></extensions></trkpt>
      <trkpt lon="-76.448681" lat="39.348192"><ele>24.653748</ele><time>2022-04-12T15:51:26Z</time><extensions><speed>1.314871</speed><course>206.892593</course><hAcc>1.633023</hAcc><vAcc>0.807533</vAcc></extensions></trkpt>
      <trkpt lon="-76.448688" lat="39.348181"><ele>24.649649</ele><time>2022-04-12T15:51:27Z</time><extensions><speed>1.430615</speed><course>205.171448</course><hAcc>1.633483</hAcc><vAcc>0.807454</vAcc></extensions></trkpt>
      <trkpt lon="-76.448695" lat="39.348169"><ele>24.650726</ele><time>2022-04-12T15:51:28Z</time><extensions><speed>1.501272</speed><course>204.060699</course><hAcc>1.642200</hAcc><vAcc>0.807345</vAcc></extensions></trkpt>
      <trkpt lon="-76.448702" lat="39.348156"><ele>24.665823</ele><time>2022-04-12T15:51:29Z</time><extensions><speed>1.544944</speed><course>203.532822</course><hAcc>1.654711</hAcc><vAcc>0.807208</vAcc></extensions></trkpt>
      <trkpt lon="-76.448709" lat="39.348144"><ele>24.688948</ele><time>2022-04-12T15:51:30Z</time><extensions><speed>1.500639</speed><course>204.200790</course><hAcc>1.677781</hAcc><vAcc>0.807049</vAcc></extensions></trkpt>
      <trkpt lon="-76.448716" lat="39.348131"><ele>24.731133</ele><time>2022-04-12T15:51:31Z</time><extensions><speed>1.457173</speed><course>203.901321</course><hAcc>1.658902</hAcc><vAcc>0.806876</vAcc></extensions></trkpt>
      <trkpt lon="-76.448723" lat="39.348120"><ele>24.787447</ele><time>2022-04-12T15:51:32Z</time><extensions><speed>1.436279</speed><course>205.541321</course><hAcc>1.647943</hAcc><vAcc>0.806746</vAcc></extensions></trkpt>
      <trkpt lon="-76.448731" lat="39.348108"><ele>24.832512</ele><time>2022-04-12T15:51:33Z</time><extensions><speed>1.536562</speed><course>207.863312</course><hAcc>1.650272</hAcc><vAcc>0.806664</vAcc></extensions></trkpt>
      <trkpt lon="-76.448740" lat="39.348095"><ele>24.871849</ele><time>2022-04-12T15:51:34Z</time><extensions><speed>1.570539</speed><course>209.903564</course><hAcc>1.661244</hAcc><vAcc>0.806640</vAcc></extensions></trkpt>
      <trkpt lon="-76.448749" lat="39.348083"><ele>24.903969</ele><time>2022-04-12T15:51:35Z</time><extensions><speed>1.540612</speed><course>210.428024</course><hAcc>1.665149</hAcc><vAcc>0.806665</vAcc></extensions></trkpt>
      <trkpt lon="-76.448759" lat="39.348072"><ele>24.939922</ele><time>2022-04-12T15:51:36Z</time><extensions><speed>1.538920</speed><course>215.218124</course><hAcc>1.661848</hAcc><vAcc>0.806735</vAcc></extensions></trkpt>
      <trkpt lon="-76.448769" lat="39.348061"><ele>24.964031</ele><time>2022-04-12T15:51:37Z</time><extensions><speed>1.447995</speed><course>219.374695</course><hAcc>1.685619</hAcc><vAcc>0.806815</vAcc></extensions></trkpt>
      <trkpt lon="-76.448780" lat="39.348051"><ele>24.994228</ele><time>2022-04-12T15:51:38Z</time><extensions><speed>1.396283</speed><course>223.902618</course><hAcc>1.669418</hAcc><vAcc>0.806888</vAcc></extensions></trkpt>
      <trkpt lon="-76.448792" lat="39.348042"><ele>25.023790</ele><time>2022-04-12T15:51:39Z</time><extensions><speed>1.405275</speed><course>227.185623</course><hAcc>1.669718</hAcc><vAcc>0.806962</vAcc></extensions></trkpt>
      <trkpt lon="-76.448804" lat="39.348034"><ele>25.061831</ele><time>2022-04-12T15:51:40Z</time><extensions><speed>1.391843</speed><course>233.049957</course><hAcc>1.683089</hAcc><vAcc>0.807055</vAcc></extensions></trkpt>
      <trkpt lon="-76.448818" lat="39.348027"><ele>25.110714</ele><time>2022-04-12T15:51:41Z</time><extensions><speed>1.410454</speed><course>237.256165</course><hAcc>1.696615</hAcc><vAcc>0.807130</vAcc></extensions></trkpt>
      <trkpt lon="-76.448832" lat="39.348021"><ele>25.192389</ele><time>2022-04-12T15:51:42Z</time><extensions><speed>1.405073</speed><course>242.897064</course><hAcc>1.704419</hAcc><vAcc>0.807187</vAcc></extensions></trkpt>
      <trkpt lon="-76.448847" lat="39.348015"><ele>25.244413</ele><time>2022-04-12T15:51:43Z</time><extensions><speed>1.442608</speed><course>244.000778</course><hAcc>1.705776</hAcc><vAcc>0.807201</vAcc></extensions></trkpt>
      <trkpt lon="-76.448862" lat="39.348009"><ele>25.316246</ele><time>2022-04-12T15:51:44Z</time><extensions><speed>1.470729</speed><course>241.908539</course><hAcc>1.704018</hAcc><vAcc>0.807214</vAcc></extensions></trkpt>
      <trkpt lon="-76.448876" lat="39.348002"><ele>25.362967</ele><time>2022-04-12T15:51:45Z</time><extensions><speed>1.476892</speed><course>238.963165</course><hAcc>1.712776</hAcc><vAcc>0.807168</vAcc></extensions></trkpt>
      <trkpt lon="-76.448891" lat="39.347996"><ele>25.397079</ele><time>2022-04-12T15:51:46Z</time><extensions><speed>1.440442</speed><course>238.488953</course><hAcc>1.728395</hAcc><vAcc>0.807106</vAcc></extensions></trkpt>
      <trkpt lon="-76.448905" lat="39.347989"><ele>25.442619</ele><time>2022-04-12T15:51:47Z</time><extensions><speed>1.414092</speed><course>238.263092</course><hAcc>1.712365</hAcc><vAcc>0.806989</vAcc></extensions></trkpt>
      <trkpt lon="-76.448919" lat="39.347982"><ele>25.484535</ele><time>2022-04-12T15:51:48Z</time><extensions><speed>1.411842</speed><course>237.227539</course><hAcc>1.705303</hAcc><vAcc>0.806845</vAcc></extensions></trkpt>
      <trkpt lon="-76.448933" lat="39.347975"><ele>25.529877</ele><time>2022-04-12T15:51:49Z</time><extensions><speed>1.446621</speed><course>238.432434</course><hAcc>1.707079</hAcc><vAcc>0.806661</vAcc></extensions></trkpt>
      <trkpt lon="-76.448947" lat="39.347968"><ele>25.574156</ele><time>2022-04-12T15:51:50Z</time><extensions><speed>1.437386</speed><course>239.530350</course><hAcc>1.710484</hAcc><vAcc>0.806454</vAcc></extensions></trkpt>
      <trkpt lon="-76.448962" lat="39.347962"><ele>25.598339</ele><time>2022-04-12T15:51:51Z</time><extensions><speed>1.437523</speed><course>239.754196</course><hAcc>1.702867</hAcc><vAcc>0.806206</vAcc></extensions></trkpt>
      <trkpt lon="-76.448976" lat="39.347955"><ele>25.644642</ele><time>2022-04-12T15:51:52Z</time><extensions><speed>1.417464</speed><course>237.752533</course><hAcc>1.698127</hAcc><vAcc>0.806005</vAcc></extensions></trkpt>
      <trkpt lon="-76.448989" lat="39.347948"><ele>25.674885</ele><time>2022-04-12T15:51:53Z</time><extensions><speed>1.460162</speed><course>233.602036</course><hAcc>1.683284</hAcc><vAcc>0.805844</vAcc></extensions></trkpt>
      <trkpt lon="-76.449002" lat="39.347940"><ele>25.695282</ele><time>2022-04-12T15:51:54Z</time><extensions><speed>1.460350</speed><course>227.642258</course><hAcc>1.677293</hAcc><vAcc>0.805687</vAcc></extensions></trkpt>
      <trkpt lon="-76.449015" lat="39.347930"><ele>25.708174</ele><time>2022-04-12T15:51:55Z</time><extensions><speed>1.488299</speed><course>225.466934</course><hAcc>1.663345</hAcc><vAcc>0.805590</vAcc></extensions></trkpt>
      <trkpt lon="-76.449027" lat="39.347921"><ele>25.684618</ele><time>2022-04-12T15:51:56Z</time><extensions><speed>1.439279</speed><course>225.859116</course><hAcc>1.668330</hAcc><vAcc>0.805499</vAcc></extensions></trkpt>
      <trkpt lon="-76.449039" lat="39.347912"><ele>25.644913</ele><time>2022-04-12T15:51:57Z</time><extensions><speed>1.425944</speed><course>225.388916</course><hAcc>1.669568</hAcc><vAcc>0.805431</vAcc></extensions></trkpt>
      <trkpt lon="-76.449051" lat="39.347903"><ele>25.609587</ele><time>2022-04-12T15:51:58Z</time><extensions><speed>1.424036</speed><course>225.876633</course><hAcc>1.651194</hAcc><vAcc>0.805397</vAcc></extensions></trkpt>
      <trkpt lon="-76.449062" lat="39.347894"><ele>25.568869</ele><time>2022-04-12T15:51:59Z</time><extensions><speed>1.373540</speed><course>225.974564</course><hAcc>1.617071</hAcc><vAcc>0.805342</vAcc></extensions></trkpt>
      <trkpt lon="-76.449073" lat="39.347886"><ele>25.546297</ele><time>2022-04-12T15:52:00Z</time><extensions><speed>1.350403</speed><course>224.613907</course><hAcc>1.585729</hAcc><vAcc>0.805264</vAcc></extensions></trkpt>
      <trkpt lon="-76.449084" lat="39.347877"><ele>25.502174</ele><time>2022-04-12T15:52:01Z</time><extensions><speed>1.366918</speed><course>224.302505</course><hAcc>1.576260</hAcc><vAcc>0.805175</vAcc></extensions></trkpt>
      <trkpt lon="-76.449095" lat="39.347868"><ele>25.458376</ele><time>2022-04-12T15:52:02Z</time><extensions><speed>1.383775</speed><course>225.355042</course><hAcc>1.600484</hAcc><vAcc>0.805043</vAcc></extensions></trkpt>
      <trkpt lon="-76.449106" lat="39.347859"><ele>25.427448</ele><time>2022-04-12T15:52:03Z</time><extensions><speed>1.353080</speed><course>220.454269</course><hAcc>1.587944</hAcc><vAcc>0.804855</vAcc></extensions></trkpt>
      <trkpt lon="-76.449116" lat="39.347850"><ele>25.385187</ele><time>2022-04-12T15:52:04Z</time><extensions><speed>1.265936</speed><course>220.219543</course><hAcc>1.550889</hAcc><vAcc>0.804696</vAcc></extensions></trkpt>
      <trkpt lon="-76.449126" lat="39.347841"><ele>25.371801</ele><time>2022-04-12T15:52:05Z</time><extensions><speed>1.268950</speed><course>222.717957</course><hAcc>1.574448</hAcc><vAcc>0.804414</vAcc></extensions></trkpt>
      <trkpt lon="-76.449135" lat="39.347832"><ele>25.379574</ele><time>2022-04-12T15:52:06Z</time><extensions><speed>1.293686</speed><course>218.818634</course><hAcc>1.551790</hAcc><vAcc>0.804171</vAcc></extensions></trkpt>
      <trkpt lon="-76.449145" lat="39.347823"><ele>25.401224</ele><time>2022-04-12T15:52:07Z</time><extensions><speed>1.381799</speed><course>220.788040</course><hAcc>1.590286</hAcc><vAcc>0.803894</vAcc></extensions></trkpt>
      <trkpt lon="-76.449156" lat="39.347814"><ele>25.430099</ele><time>2022-04-12T15:52:08Z</time><extensions><speed>1.349768</speed><course>222.312729</course><hAcc>1.600518</hAcc><vAcc>0.803529</vAcc></extensions></trkpt>
      <trkpt lon="-76.449165" lat="39.347805"><ele>25.480932</ele><time>2022-04-12T15:52:09Z</time><extensions><speed>1.305197</speed><course>215.311111</course><hAcc>1.583520</hAcc><vAcc>0.803130</vAcc></extensions></trkpt>
      <trkpt lon="-76.449173" lat="39.347795"><ele>25.533278</ele><time>2022-04-12T15:52:10Z</time><extensions><speed>1.331822</speed><course>208.163391</course><hAcc>1.598882</hAcc><vAcc>0.802699</vAcc></extensions></trkpt>
      <trkpt lon="-76.449180" lat="39.347784"><ele>25.583481</ele><time>2022-04-12T15:52:11Z</time><extensions><speed>1.370433</speed><course>202.279724</course><hAcc>1.621018</hAcc><vAcc>0.802272</vAcc></extensions></trkpt>
      <trkpt lon="-76.449185" lat="39.347772"><ele>25.621511</ele><time>2022-04-12T15:52:12Z</time><extensions><speed>1.431376</speed><course>197.918198</course><hAcc>1.634849</hAcc><vAcc>0.801825</vAcc></extensions></trkpt>
      <trkpt lon="-76.449190" lat="39.347759"><ele>25.651960</ele><time>2022-04-12T15:52:13Z</time><extensions><speed>1.478956</speed><course>194.698547</course><hAcc>1.656053</hAcc><vAcc>0.801406</vAcc></extensions></trkpt>
      <trkpt lon="-76.449194" lat="39.347746"><ele>25.700380</ele><time>2022-04-12T15:52:14Z</time><extensions><speed>1.446181</speed><course>192.260315</course><hAcc>1.688325</hAcc><vAcc>0.801000</vAcc></extensions></trkpt>
      <trkpt lon="-76.449198" lat="39.347734"><ele>25.736452</ele><time>2022-04-12T15:52:15Z</time><extensions><speed>1.426646</speed><course>193.279572</course><hAcc>1.672133</hAcc><vAcc>0.800667</vAcc></extensions></trkpt>
      <trkpt lon="-76.449202" lat="39.347721"><ele>25.749952</ele><time>2022-04-12T15:52:16Z</time><extensions><speed>1.361155</speed><course>194.484634</course><hAcc>1.686287</hAcc><vAcc>0.800282</vAcc></extensions></trkpt>
      <trkpt lon="-76.449206" lat="39.347709"><ele>25.735016</ele><time>2022-04-12T15:52:17Z</time><extensions><speed>1.400742</speed><course>194.596191</course><hAcc>1.674276</hAcc><vAcc>0.799937</vAcc></extensions></trkpt>
      <trkpt lon="-76.449211" lat="39.347697"><ele>25.718977</ele><time>2022-04-12T15:52:18Z</time><extensions><speed>1.398228</speed><course>197.970871</course><hAcc>1.679949</hAcc><vAcc>0.799570</vAcc></extensions></trkpt>
      <trkpt lon="-76.449216" lat="39.347686"><ele>25.682714</ele><time>2022-04-12T15:52:19Z</time><extensions><speed>1.367741</speed><course>203.765610</course><hAcc>1.699206</hAcc><vAcc>0.799163</vAcc></extensions></trkpt>
      <trkpt lon="-76.449223" lat="39.347674"><ele>25.628189</ele><time>2022-04-12T15:52:20Z</time><extensions><speed>1.392515</speed><course>209.113892</course><hAcc>1.713954</hAcc><vAcc>0.798736</vAcc></extensions></trkpt>
      <trkpt lon="-76.449231" lat="39.347664"><ele>25.557707</ele><time>2022-04-12T15:52:21Z</time><extensions><speed>1.377397</speed><course>211.336823</course><hAcc>1.722407</hAcc><vAcc>0.798355</vAcc></extensions></trkpt>
      <trkpt lon="-76.449240" lat="39.347653"><ele>25.496359</ele><time>2022-04-12T15:52:22Z</time><extensions><speed>1.438540</speed><course>210.674759</course><hAcc>1.723932</hAcc><vAcc>0.798000</vAcc></extensions></trkpt>
      <trkpt lon="-76.449248" lat="39.347641"><ele>25.420589</ele><time>2022-04-12T15:52:23Z</time><extensions><speed>1.503650</speed><course>207.912338</course><hAcc>1.724331</hAcc><vAcc>0.797687</vAcc></extensions></trkpt>
      <trkpt lon="-76.449256" lat="39.347629"><ele>25.333788</ele><time>2022-04-12T15:52:24Z</time><extensions><speed>1.587975</speed><course>205.376831</course><hAcc>1.726828</hAcc><vAcc>0.797545</vAcc></extensions></trkpt>
      <trkpt lon="-76.449264" lat="39.347616"><ele>25.258255</ele><time>2022-04-12T15:52:25Z</time><extensions><speed>1.583989</speed><course>203.084717</course><hAcc>1.731035</hAcc><vAcc>0.797489</vAcc></extensions></trkpt>
      <trkpt lon="-76.449271" lat="39.347603"><ele>25.155983</ele><time>2022-04-12T15:52:26Z</time><extensions><speed>1.548307</speed><course>202.083054</course><hAcc>1.728277</hAcc><vAcc>0.797526</vAcc></extensions></trkpt>
      <trkpt lon="-76.449277" lat="39.347590"><ele>25.076080</ele><time>2022-04-12T15:52:27Z</time><extensions><speed>1.440746</speed><course>200.054672</course><hAcc>1.727867</hAcc><vAcc>0.797676</vAcc></extensions></trkpt>
      <trkpt lon="-76.449281" lat="39.347578"><ele>25.003595</ele><time>2022-04-12T15:52:28Z</time><extensions><speed>1.375100</speed><course>193.905533</course><hAcc>1.722115</hAcc><vAcc>0.797909</vAcc></extensions></trkpt>
      <trkpt lon="-76.449285" lat="39.347566"><ele>24.971510</ele><time>2022-04-12T15:52:29Z</time><extensions><speed>1.328157</speed><course>189.660446</course><hAcc>1.711768</hAcc><vAcc>0.798204</vAcc></extensions></trkpt>
      <trkpt lon="-76.449287" lat="39.347554"><ele>24.920708</ele><time>2022-04-12T15:52:30Z</time><extensions><speed>1.341440</speed><course>186.966721</course><hAcc>1.698874</hAcc><vAcc>0.798645</vAcc></extensions></trkpt>
      <trkpt lon="-76.449288" lat="39.347541"><ele>24.893232</ele><time>2022-04-12T15:52:31Z</time><extensions><speed>1.446261</speed><course>184.583755</course><hAcc>1.671885</hAcc><vAcc>0.799232</vAcc></extensions></trkpt>
      <trkpt lon="-76.449289" lat="39.347528"><ele>24.791344</ele><time>2022-04-12T15:52:32Z</time><extensions><speed>1.514224</speed><course>181.586517</course><hAcc>1.624850</hAcc><vAcc>0.799902</vAcc></extensions></trkpt>
      <trkpt lon="-76.449289" lat="39.347514"><ele>24.697197</ele><time>2022-04-12T15:52:33Z</time><extensions><speed>1.553172</speed><course>179.401642</course><hAcc>1.575623</hAcc><vAcc>0.800620</vAcc></extensions></trkpt>
      <trkpt lon="-76.449289" lat="39.347501"><ele>24.593021</ele><time>2022-04-12T15:52:34Z</time><extensions><speed>1.510180</speed><course>177.917450</course><hAcc>1.558338</hAcc><vAcc>0.801420</vAcc></extensions></trkpt>
      <trkpt lon="-76.449287" lat="39.347487"><ele>24.511189</ele><time>2022-04-12T15:52:35Z</time><extensions><speed>1.470996</speed><course>173.814240</course><hAcc>1.561141</hAcc><vAcc>0.802095</vAcc></extensions></trkpt>
      <trkpt lon="-76.449286" lat="39.347474"><ele>24.430202</ele><time>2022-04-12T15:52:36Z</time><extensions><speed>1.415061</speed><course>173.972961</course><hAcc>1.570986</hAcc><vAcc>0.802606</vAcc></extensions></trkpt>
      <trkpt lon="-76.449284" lat="39.347461"><ele>24.362734</ele><time>2022-04-12T15:52:37Z</time><extensions><speed>1.423887</speed><course>175.464462</course><hAcc>1.554122</hAcc><vAcc>0.802943</vAcc></extensions></trkpt>
      <trkpt lon="-76.449282" lat="39.347449"><ele>24.289833</ele><time>2022-04-12T15:52:38Z</time><extensions><speed>1.429545</speed><course>171.842346</course><hAcc>1.499030</hAcc><vAcc>0.803084</vAcc></extensions></trkpt>
      <trkpt lon="-76.449279" lat="39.347436"><ele>24.176096</ele><time>2022-04-12T15:52:39Z</time><extensions><speed>1.480997</speed><course>169.739182</course><hAcc>1.515852</hAcc><vAcc>0.802953</vAcc></extensions></trkpt>
      <trkpt lon="-76.449276" lat="39.347422"><ele>24.035034</ele><time>2022-04-12T15:52:40Z</time><extensions><speed>1.489878</speed><course>167.596405</course><hAcc>1.587506</hAcc><vAcc>0.802596</vAcc></extensions></trkpt>
      <trkpt lon="-76.449272" lat="39.347410"><ele>23.886784</ele><time>2022-04-12T15:52:41Z</time><extensions><speed>1.405125</speed><course>165.118210</course><hAcc>1.580036</hAcc><vAcc>0.802107</vAcc></extensions></trkpt>
      <trkpt lon="-76.449268" lat="39.347398"><ele>23.700438</ele><time>2022-04-12T15:52:42Z</time><extensions><speed>1.323580</speed><course>164.114441</course><hAcc>1.586458</hAcc><vAcc>0.801397</vAcc></extensions></trkpt>
      <trkpt lon="-76.449264" lat="39.347386"><ele>23.536198</ele><time>2022-04-12T15:52:43Z</time><extensions><speed>1.323185</speed><course>164.260300</course><hAcc>1.624029</hAcc><vAcc>0.800515</vAcc></extensions></trkpt>
      <trkpt lon="-76.449259" lat="39.347375"><ele>23.385647</ele><time>2022-04-12T15:52:44Z</time><extensions><speed>1.360056</speed><course>161.153366</course><hAcc>1.655741</hAcc><vAcc>0.799503</vAcc></extensions></trkpt>
      <trkpt lon="-76.449254" lat="39.347363"><ele>23.231697</ele><time>2022-04-12T15:52:45Z</time><extensions><speed>1.367374</speed><course>159.818085</course><hAcc>1.668901</hAcc><vAcc>0.798344</vAcc></extensions></trkpt>
      <trkpt lon="-76.449248" lat="39.347352"><ele>23.098921</ele><time>2022-04-12T15:52:46Z</time><extensions><speed>1.261584</speed><course>159.938583</course><hAcc>1.691345</hAcc><vAcc>0.797084</vAcc></extensions></trkpt>
      <trkpt lon="-76.449244" lat="39.347342"><ele>22.978449</ele><time>2022-04-12T15:52:47Z</time><extensions><speed>1.140767</speed><course>161.411713</course><hAcc>1.716368</hAcc><vAcc>0.795775</vAcc></extensions></trkpt>
      <trkpt lon="-76.449240" lat="39.347333"><ele>22.877762</ele><time>2022-04-12T15:52:48Z</time><extensions><speed>1.006910</speed><course>164.652634</course><hAcc>1.725879</hAcc><vAcc>0.794592</vAcc></extensions></trkpt>
      <trkpt lon="-76.449237" lat="39.347324"><ele>22.799322</ele><time>2022-04-12T15:52:49Z</time><extensions><speed>1.020892</speed><course>160.878815</course><hAcc>1.709000</hAcc><vAcc>0.793505</vAcc></extensions></trkpt>
      <trkpt lon="-76.449232" lat="39.347315"><ele>22.715548</ele><time>2022-04-12T15:52:50Z</time><extensions><speed>1.132349</speed><course>157.685562</course><hAcc>1.685438</hAcc><vAcc>0.792532</vAcc></extensions></trkpt>
      <trkpt lon="-76.449227" lat="39.347305"><ele>22.676933</ele><time>2022-04-12T15:52:51Z</time><extensions><speed>1.218018</speed><course>153.044464</course><hAcc>1.678085</hAcc><vAcc>0.791629</vAcc></extensions></trkpt>
      <trkpt lon="-76.449220" lat="39.347295"><ele>22.660187</ele><time>2022-04-12T15:52:52Z</time><extensions><speed>1.238766</speed><course>149.078156</course><hAcc>1.693882</hAcc><vAcc>0.790831</vAcc></extensions></trkpt>
      <trkpt lon="-76.449212" lat="39.347285"><ele>22.652731</ele><time>2022-04-12T15:52:53Z</time><extensions><speed>1.435094</speed><course>151.564835</course><hAcc>1.680645</hAcc><vAcc>0.790117</vAcc></extensions></trkpt>
      <trkpt lon="-76.449205" lat="39.347273"><ele>22.661289</ele><time>2022-04-12T15:52:54Z</time><extensions><speed>1.462905</speed><course>156.408356</course><hAcc>1.683061</hAcc><vAcc>0.789454</vAcc></extensions></trkpt>
      <trkpt lon="-76.449199" lat="39.347261"><ele>22.688606</ele><time>2022-04-12T15:52:55Z</time><extensions><speed>1.420184</speed><course>162.573318</course><hAcc>1.636317</hAcc><vAcc>0.788889</vAcc></extensions></trkpt>
      <trkpt lon="-76.449195" lat="39.347249"><ele>22.732674</ele><time>2022-04-12T15:52:56Z</time><extensions><speed>1.413736</speed><course>168.609558</course><hAcc>1.615283</hAcc><vAcc>0.788366</vAcc></extensions></trkpt>
      <trkpt lon="-76.449192" lat="39.347236"><ele>22.794054</ele><time>2022-04-12T15:52:57Z</time><extensions><speed>1.406893</speed><course>173.748077</course><hAcc>1.649425</hAcc><vAcc>0.787943</vAcc></extensions></trkpt>
      <trkpt lon="-76.449191" lat="39.347224"><ele>22.864511</ele><time>2022-04-12T15:52:58Z</time><extensions><speed>1.306432</speed><course>175.940826</course><hAcc>1.713585</hAcc><vAcc>0.787665</vAcc></extensions></trkpt>
      <trkpt lon="-76.449190" lat="39.347212"><ele>22.941029</ele><time>2022-04-12T15:52:59Z</time><extensions><speed>1.242559</speed><course>173.702957</course><hAcc>1.670107</hAcc><vAcc>0.787482</vAcc></extensions></trkpt>
      <trkpt lon="-76.449187" lat="39.347202"><ele>23.005619</ele><time>2022-04-12T15:53:00Z</time><extensions><speed>1.197733</speed><course>167.375656</course><hAcc>1.653211</hAcc><vAcc>0.787327</vAcc></extensions></trkpt>
      <trkpt lon="-76.449184" lat="39.347191"><ele>23.069441</ele><time>2022-04-12T15:53:01Z</time><extensions><speed>1.306414</speed><course>169.602112</course><hAcc>1.667998</hAcc><vAcc>0.787298</vAcc></extensions></trkpt>
      <trkpt lon="-76.449182" lat="39.347178"><ele>23.131531</ele><time>2022-04-12T15:53:02Z</time><extensions><speed>1.392691</speed><course>176.541245</course><hAcc>1.692336</hAcc><vAcc>0.787322</vAcc></extensions></trkpt>
      <trkpt lon="-76.449182" lat="39.347166"><ele>23.194784</ele><time>2022-04-12T15:53:03Z</time><extensions><speed>1.367970</speed><course>178.414856</course><hAcc>1.695779</hAcc><vAcc>0.787384</vAcc></extensions></trkpt>
      <trkpt lon="-76.449181" lat="39.347154"><ele>23.260206</ele><time>2022-04-12T15:53:04Z</time><extensions><speed>1.347039</speed><course>177.095230</course><hAcc>1.691955</hAcc><vAcc>0.787514</vAcc></extensions></trkpt>
      <trkpt lon="-76.449180" lat="39.347142"><ele>23.322006</ele><time>2022-04-12T15:53:05Z</time><extensions><speed>1.378263</speed><course>178.219727</course><hAcc>1.690443</hAcc><vAcc>0.787712</vAcc></extensions></trkpt>
      <trkpt lon="-76.449180" lat="39.347129"><ele>23.393225</ele><time>2022-04-12T15:53:06Z</time><extensions><speed>1.473130</speed><course>178.733337</course><hAcc>1.674975</hAcc><vAcc>0.787951</vAcc></extensions></trkpt>
      <trkpt lon="-76.449179" lat="39.347115"><ele>23.463182</ele><time>2022-04-12T15:53:07Z</time><extensions><speed>1.497972</speed><course>178.562515</course><hAcc>1.674210</hAcc><vAcc>0.788345</vAcc></extensions></trkpt>
      <trkpt lon="-76.449179" lat="39.347102"><ele>23.509583</ele><time>2022-04-12T15:53:08Z</time><extensions><speed>1.443479</speed><course>178.515823</course><hAcc>1.688080</hAcc><vAcc>0.788765</vAcc></extensions></trkpt>
      <trkpt lon="-76.449178" lat="39.347089"><ele>23.564445</ele><time>2022-04-12T15:53:09Z</time><extensions><speed>1.468258</speed><course>176.892273</course><hAcc>1.642651</hAcc><vAcc>0.789180</vAcc></extensions></trkpt>
      <trkpt lon="-76.449177" lat="39.347075"><ele>23.620897</ele><time>2022-04-12T15:53:10Z</time><extensions><speed>1.472096</speed><course>176.033844</course><hAcc>1.634032</hAcc><vAcc>0.789618</vAcc></extensions></trkpt>
      <trkpt lon="-76.449176" lat="39.347063"><ele>23.662830</ele><time>2022-04-12T15:53:11Z</time><extensions><speed>1.363751</speed><course>175.678558</course><hAcc>1.666181</hAcc><vAcc>0.790062</vAcc></extensions></trkpt>
      <trkpt lon="-76.449175" lat="39.347051"><ele>23.665094</ele><time>2022-04-12T15:53:12Z</time><extensions><speed>1.316610</speed><course>175.432587</course><hAcc>1.630061</hAcc><vAcc>0.790534</vAcc></extensions></trkpt>
      <trkpt lon="-76.449174" lat="39.347039"><ele>23.641434</ele><time>2022-04-12T15:53:13Z</time><extensions><speed>1.268598</speed><course>176.356461</course><hAcc>1.620469</hAcc><vAcc>0.791061</vAcc></extensions></trkpt>
      <trkpt lon="-76.449173" lat="39.347028"><ele>23.608389</ele><time>2022-04-12T15:53:14Z</time><extensions><speed>1.170172</speed><course>180.682022</course><hAcc>1.645848</hAcc><vAcc>0.791718</vAcc></extensions></trkpt>
      <trkpt lon="-76.449174" lat="39.347017"><ele>23.570259</ele><time>2022-04-12T15:53:15Z</time><extensions><speed>1.233202</speed><course>185.251190</course><hAcc>1.633498</hAcc><vAcc>0.792430</vAcc></extensions></trkpt>
      <trkpt lon="-76.449176" lat="39.347005"><ele>23.500296</ele><time>2022-04-12T15:53:16Z</time><extensions><speed>1.367942</speed><course>188.132919</course><hAcc>1.644532</hAcc><vAcc>0.793186</vAcc></extensions></trkpt>
      <trkpt lon="-76.449179" lat="39.346993"><ele>23.410828</ele><time>2022-04-12T15:53:17Z</time><extensions><speed>1.419666</speed><course>188.999008</course><hAcc>1.694881</hAcc><vAcc>0.793870</vAcc></extensions></trkpt>
      <trkpt lon="-76.449181" lat="39.346980"><ele>23.316917</ele><time>2022-04-12T15:53:18Z</time><extensions><speed>1.512134</speed><course>189.984589</course><hAcc>1.664518</hAcc><vAcc>0.794554</vAcc></extensions></trkpt>
      <trkpt lon="-76.449184" lat="39.346966"><ele>23.217234</ele><time>2022-04-12T15:53:19Z</time><extensions><speed>1.523488</speed><course>189.828629</course><hAcc>1.663086</hAcc><vAcc>0.795233</vAcc></extensions></trkpt>
      <trkpt lon="-76.449188" lat="39.346953"><ele>23.111940</ele><time>2022-04-12T15:53:20Z</time><extensions><speed>1.510638</speed><course>190.778870</course><hAcc>1.686955</hAcc><vAcc>0.796001</vAcc></extensions></trkpt>
      <trkpt lon="-76.449191" lat="39.346940"><ele>23.012831</ele><time>2022-04-12T15:53:21Z</time><extensions><speed>1.485835</speed><course>192.280365</course><hAcc>1.705213</hAcc><vAcc>0.796780</vAcc></extensions></trkpt>
      <trkpt lon="-76.449195" lat="39.346927"><ele>22.907337</ele><time>2022-04-12T15:53:22Z</time><extensions><speed>1.404442</speed><course>194.810699</course><hAcc>1.717405</hAcc><vAcc>0.797515</vAcc></extensions></trkpt>
      <trkpt lon="-76.449199" lat="39.346914"><ele>22.817261</ele><time>2022-04-12T15:53:23Z</time><extensions><speed>1.427228</speed><course>196.046799</course><hAcc>1.722847</hAcc><vAcc>0.798165</vAcc></extensions></trkpt>
      <trkpt lon="-76.449204" lat="39.346902"><ele>22.725243</ele><time>2022-04-12T15:53:24Z</time><extensions><speed>1.496930</speed><course>195.153931</course><hAcc>1.724139</hAcc><vAcc>0.798763</vAcc></extensions></trkpt>
      <trkpt lon="-76.449208" lat="39.346888"><ele>22.668598</ele><time>2022-04-12T15:53:25Z</time><extensions><speed>1.561851</speed><course>193.685379</course><hAcc>1.718671</hAcc><vAcc>0.799154</vAcc></extensions></trkpt>
      <trkpt lon="-76.449212" lat="39.346875"><ele>22.595240</ele><time>2022-04-12T15:53:26Z</time><extensions><speed>1.525794</speed><course>191.914841</course><hAcc>1.702840</hAcc><vAcc>0.799317</vAcc></extensions></trkpt>
      <trkpt lon="-76.449216" lat="39.346861"><ele>22.528137</ele><time>2022-04-12T15:53:27Z</time><extensions><speed>1.548994</speed><course>190.263245</course><hAcc>1.672395</hAcc><vAcc>0.799298</vAcc></extensions></trkpt>
      <trkpt lon="-76.449219" lat="39.346847"><ele>22.468065</ele><time>2022-04-12T15:53:28Z</time><extensions><speed>1.593391</speed><course>188.207870</course><hAcc>1.638256</hAcc><vAcc>0.799276</vAcc></extensions></trkpt>
      <trkpt lon="-76.449221" lat="39.346833"><ele>22.424644</ele><time>2022-04-12T15:53:29Z</time><extensions><speed>1.591972</speed><course>184.678253</course><hAcc>1.616460</hAcc><vAcc>0.799163</vAcc></extensions></trkpt>
      <trkpt lon="-76.449221" lat="39.346819"><ele>22.398302</ele><time>2022-04-12T15:53:30Z</time><extensions><speed>1.495943</speed><course>179.470627</course><hAcc>1.636825</hAcc><vAcc>0.798930</vAcc></extensions></trkpt>
      <trkpt lon="-76.449221" lat="39.346806"><ele>22.387064</ele><time>2022-04-12T15:53:31Z</time><extensions><speed>1.373952</speed><course>178.080460</course><hAcc>1.671548</hAcc><vAcc>0.798666</vAcc></extensions></trkpt>
      <trkpt lon="-76.449220" lat="39.346793"><ele>22.393639</ele><time>2022-04-12T15:53:32Z</time><extensions><speed>1.474446</speed><course>178.513275</course><hAcc>1.620670</hAcc><vAcc>0.798256</vAcc></extensions></trkpt>
      <trkpt lon="-76.449220" lat="39.346780"><ele>22.404013</ele><time>2022-04-12T15:53:33Z</time><extensions><speed>1.506952</speed><course>178.843353</course><hAcc>1.612856</hAcc><vAcc>0.797840</vAcc></extensions></trkpt>
      <trkpt lon="-76.449219" lat="39.346767"><ele>22.422850</ele><time>2022-04-12T15:53:34Z</time><extensions><speed>1.411407</speed><course>176.775299</course><hAcc>1.638011</hAcc><vAcc>0.797303</vAcc></extensions></trkpt>
      <trkpt lon="-76.449218" lat="39.346754"><ele>22.457830</ele><time>2022-04-12T15:53:35Z</time><extensions><speed>1.393182</speed><course>174.392883</course><hAcc>1.633842</hAcc><vAcc>0.796788</vAcc></extensions></trkpt>
      <trkpt lon="-76.449216" lat="39.346742"><ele>22.487072</ele><time>2022-04-12T15:53:36Z</time><extensions><speed>1.397179</speed><course>170.325592</course><hAcc>1.646224</hAcc><vAcc>0.796278</vAcc></extensions></trkpt>
      <trkpt lon="-76.449213" lat="39.346729"><ele>22.513775</ele><time>2022-04-12T15:53:37Z</time><extensions><speed>1.457636</speed><course>167.363281</course><hAcc>1.679449</hAcc><vAcc>0.795889</vAcc></extensions></trkpt>
      <trkpt lon="-76.449208" lat="39.346716"><ele>22.550320</ele><time>2022-04-12T15:53:38Z</time><extensions><speed>1.389907</speed><course>164.992767</course><hAcc>1.714227</hAcc><vAcc>0.795644</vAcc></extensions></trkpt>
      <trkpt lon="-76.449205" lat="39.346704"><ele>22.597534</ele><time>2022-04-12T15:53:39Z</time><extensions><speed>1.387034</speed><course>168.618393</course><hAcc>1.701762</hAcc><vAcc>0.795503</vAcc></extensions></trkpt>
      <trkpt lon="-76.449202" lat="39.346692"><ele>22.631538</ele><time>2022-04-12T15:53:40Z</time><extensions><speed>1.369022</speed><course>171.852249</course><hAcc>1.686901</hAcc><vAcc>0.795550</vAcc></extensions></trkpt>
      <trkpt lon="-76.449199" lat="39.346680"><ele>22.679770</ele><time>2022-04-12T15:53:41Z</time><extensions><speed>1.424787</speed><course>172.450943</course><hAcc>1.670226</hAcc><vAcc>0.795716</vAcc></extensions></trkpt>
      <trkpt lon="-76.449197" lat="39.346667"><ele>22.728273</ele><time>2022-04-12T15:53:42Z</time><extensions><speed>1.463465</speed><course>172.059937</course><hAcc>1.649830</hAcc><vAcc>0.795980</vAcc></extensions></trkpt>
      <trkpt lon="-76.449194" lat="39.346654"><ele>22.776247</ele><time>2022-04-12T15:53:43Z</time><extensions><speed>1.407308</speed><course>170.412476</course><hAcc>1.631331</hAcc><vAcc>0.796338</vAcc></extensions></trkpt>
      <trkpt lon="-76.449190" lat="39.346642"><ele>22.826063</ele><time>2022-04-12T15:53:44Z</time><extensions><speed>1.353104</speed><course>166.994202</course><hAcc>1.594734</hAcc><vAcc>0.796762</vAcc></extensions></trkpt>
      <trkpt lon="-76.449187" lat="39.346630"><ele>22.877155</ele><time>2022-04-12T15:53:45Z</time><extensions><speed>1.368256</speed><course>167.439850</course><hAcc>1.590137</hAcc><vAcc>0.797234</vAcc></extensions></trkpt>
      <trkpt lon="-76.449183" lat="39.346618"><ele>22.932775</ele><time>2022-04-12T15:53:46Z</time><extensions><speed>1.429101</speed><course>167.009384</course><hAcc>1.567749</hAcc><vAcc>0.797714</vAcc></extensions></trkpt>
      <trkpt lon="-76.449180" lat="39.346605"><ele>22.990543</ele><time>2022-04-12T15:53:47Z</time><extensions><speed>1.390886</speed><course>174.699875</course><hAcc>1.607907</hAcc><vAcc>0.798186</vAcc></extensions></trkpt>
      <trkpt lon="-76.449177" lat="39.346593"><ele>23.045666</ele><time>2022-04-12T15:53:48Z</time><extensions><speed>1.478406</speed><course>166.806808</course><hAcc>1.582601</hAcc><vAcc>0.798633</vAcc></extensions></trkpt>
      <trkpt lon="-76.449172" lat="39.346580"><ele>23.088202</ele><time>2022-04-12T15:53:49Z</time><extensions><speed>1.506959</speed><course>160.226105</course><hAcc>1.563020</hAcc><vAcc>0.799002</vAcc></extensions></trkpt>
      <trkpt lon="-76.449166" lat="39.346568"><ele>23.144571</ele><time>2022-04-12T15:53:50Z</time><extensions><speed>1.389613</speed><course>158.492020</course><hAcc>1.608798</hAcc><vAcc>0.799246</vAcc></extensions></trkpt>
      <trkpt lon="-76.449159" lat="39.346556"><ele>23.192915</ele><time>2022-04-12T15:53:51Z</time><extensions><speed>1.379493</speed><course>149.747330</course><hAcc>1.606983</hAcc><vAcc>0.799405</vAcc></extensions></trkpt>
      <trkpt lon="-76.449151" lat="39.346546"><ele>23.247038</ele><time>2022-04-12T15:53:52Z</time><extensions><speed>1.338410</speed><course>144.339386</course><hAcc>1.628128</hAcc><vAcc>0.799460</vAcc></extensions></trkpt>
      <trkpt lon="-76.449141" lat="39.346537"><ele>23.305067</ele><time>2022-04-12T15:53:53Z</time><extensions><speed>1.367759</speed><course>139.355682</course><hAcc>1.658876</hAcc><vAcc>0.799460</vAcc></extensions></trkpt>
      <trkpt lon="-76.449130" lat="39.346527"><ele>23.359842</ele><time>2022-04-12T15:53:54Z</time><extensions><speed>1.396849</speed><course>135.406448</course><hAcc>1.676543</hAcc><vAcc>0.799431</vAcc></extensions></trkpt>
      <trkpt lon="-76.449118" lat="39.346518"><ele>23.411394</ele><time>2022-04-12T15:53:55Z</time><extensions><speed>1.434273</speed><course>132.448624</course><hAcc>1.675694</hAcc><vAcc>0.799408</vAcc></extensions></trkpt>
      <trkpt lon="-76.449106" lat="39.346509"><ele>23.463131</ele><time>2022-04-12T15:53:56Z</time><extensions><speed>1.495967</speed><course>132.831100</course><hAcc>1.663260</hAcc><vAcc>0.799400</vAcc></extensions></trkpt>
      <trkpt lon="-76.449093" lat="39.346500"><ele>23.507299</ele><time>2022-04-12T15:53:57Z</time><extensions><speed>1.504441</speed><course>133.996719</course><hAcc>1.657583</hAcc><vAcc>0.799352</vAcc></extensions></trkpt>
      <trkpt lon="-76.449081" lat="39.346491"><ele>23.553503</ele><time>2022-04-12T15:53:58Z</time><extensions><speed>1.482890</speed><course>135.374527</course><hAcc>1.663295</hAcc><vAcc>0.799297</vAcc></extensions></trkpt>
      <trkpt lon="-76.449069" lat="39.346481"><ele>23.603607</ele><time>2022-04-12T15:53:59Z</time><extensions><speed>1.474771</speed><course>136.199677</course><hAcc>1.622007</hAcc><vAcc>0.799197</vAcc></extensions></trkpt>
      <trkpt lon="-76.449057" lat="39.346471"><ele>23.651993</ele><time>2022-04-12T15:54:00Z</time><extensions><speed>1.472657</speed><course>137.630539</course><hAcc>1.600978</hAcc><vAcc>0.799044</vAcc></extensions></trkpt>
      <trkpt lon="-76.449046" lat="39.346462"><ele>23.702526</ele><time>2022-04-12T15:54:01Z</time><extensions><speed>1.379602</speed><course>138.405960</course><hAcc>1.629627</hAcc><vAcc>0.798907</vAcc></extensions></trkpt>
      <trkpt lon="-76.449037" lat="39.346452"><ele>23.748398</ele><time>2022-04-12T15:54:02Z</time><extensions><speed>1.212800</speed><course>147.006912</course><hAcc>1.588026</hAcc><vAcc>0.798695</vAcc></extensions></trkpt>
      <trkpt lon="-76.449029" lat="39.346443"><ele>23.798841</ele><time>2022-04-12T15:54:03Z</time><extensions><speed>1.246048</speed><course>142.722473</course><hAcc>1.579787</hAcc><vAcc>0.798479</vAcc></extensions></trkpt>
      <trkpt lon="-76.449020" lat="39.346434"><ele>23.837259</ele><time>2022-04-12T15:54:04Z</time><extensions><speed>1.387050</speed><course>139.893219</course><hAcc>1.625218</hAcc><vAcc>0.798267</vAcc></extensions></trkpt>
      <trkpt lon="-76.449009" lat="39.346424"><ele>23.868725</ele><time>2022-04-12T15:54:05Z</time><extensions><speed>1.433524</speed><course>140.224625</course><hAcc>1.606785</hAcc><vAcc>0.798083</vAcc></extensions></trkpt>
      <trkpt lon="-76.448999" lat="39.346414"><ele>23.934658</ele><time>2022-04-12T15:54:06Z</time><extensions><speed>1.411578</speed><course>140.434921</course><hAcc>1.618099</hAcc><vAcc>0.797875</vAcc></extensions></trkpt>
      <trkpt lon="-76.448989" lat="39.346405"><ele>24.007639</ele><time>2022-04-12T15:54:07Z</time><extensions><speed>1.333549</speed><course>145.779953</course><hAcc>1.621734</hAcc><vAcc>0.797686</vAcc></extensions></trkpt>
      <trkpt lon="-76.448981" lat="39.346395"><ele>24.087929</ele><time>2022-04-12T15:54:08Z</time><extensions><speed>1.233052</speed><course>151.221695</course><hAcc>1.646153</hAcc><vAcc>0.797504</vAcc></extensions></trkpt>
      <trkpt lon="-76.448975" lat="39.346385"><ele>24.156998</ele><time>2022-04-12T15:54:09Z</time><extensions><speed>1.305930</speed><course>154.069977</course><hAcc>1.646147</hAcc><vAcc>0.797340</vAcc></extensions></trkpt>
      <trkpt lon="-76.448968" lat="39.346374"><ele>24.263819</ele><time>2022-04-12T15:54:10Z</time><extensions><speed>1.388047</speed><course>154.569550</course><hAcc>1.654842</hAcc><vAcc>0.797215</vAcc></extensions></trkpt>
      <trkpt lon="-76.448961" lat="39.346362"><ele>24.203865</ele><time>2022-04-12T15:54:11Z</time><extensions><speed>1.368071</speed><course>154.402832</course><hAcc>1.669700</hAcc><vAcc>0.797111</vAcc></extensions></trkpt>
      <trkpt lon="-76.448954" lat="39.346352"><ele>24.130844</ele><time>2022-04-12T15:54:12Z</time><extensions><speed>1.287241</speed><course>155.289169</course><hAcc>1.650856</hAcc><vAcc>0.796901</vAcc></extensions></trkpt>
      <trkpt lon="-76.448948" lat="39.346341"><ele>24.051741</ele><time>2022-04-12T15:54:13Z</time><extensions><speed>1.233484</speed><course>154.190323</course><hAcc>1.656985</hAcc><vAcc>0.796746</vAcc></extensions></trkpt>
      <trkpt lon="-76.448942" lat="39.346332"><ele>23.968716</ele><time>2022-04-12T15:54:14Z</time><extensions><speed>1.121335</speed><course>154.689148</course><hAcc>1.690874</hAcc><vAcc>0.796496</vAcc></extensions></trkpt>
      <trkpt lon="-76.448937" lat="39.346323"><ele>23.837187</ele><time>2022-04-12T15:54:15Z</time><extensions><speed>0.962902</speed><course>162.176102</course><hAcc>1.696613</hAcc><vAcc>0.796100</vAcc></extensions></trkpt>
      <trkpt lon="-76.448934" lat="39.346315"><ele>23.696249</ele><time>2022-04-12T15:54:16Z</time><extensions><speed>0.776033</speed><course>164.290237</course><hAcc>1.676477</hAcc><vAcc>0.795507</vAcc></extensions></trkpt>
      <trkpt lon="-76.448932" lat="39.346309"><ele>23.565020</ele><time>2022-04-12T15:54:17Z</time><extensions><speed>0.632830</speed><course>161.830521</course><hAcc>1.680124</hAcc><vAcc>0.794822</vAcc></extensions></trkpt>
      <trkpt lon="-76.448930" lat="39.346304"><ele>23.399412</ele><time>2022-04-12T15:54:18Z</time><extensions><speed>0.541883</speed><course>156.416153</course><hAcc>1.704217</hAcc><vAcc>0.793938</vAcc></extensions></trkpt>
      <trkpt lon="-76.448928" lat="39.346300"><ele>23.226606</ele><time>2022-04-12T15:54:19Z</time><extensions><speed>0.404912</speed><course>154.534607</course><hAcc>1.733423</hAcc><vAcc>0.792973</vAcc></extensions></trkpt>
      <trkpt lon="-76.448925" lat="39.346297"><ele>22.998024</ele><time>2022-04-12T15:54:20Z</time><extensions><speed>0.459836</speed><course>155.861694</course><hAcc>1.742517</hAcc><vAcc>0.791860</vAcc></extensions></trkpt>
      <trkpt lon="-76.448923" lat="39.346293"><ele>22.759686</ele><time>2022-04-12T15:54:21Z</time><extensions><speed>0.407929</speed><course>151.541458</course><hAcc>1.741709</hAcc><vAcc>0.790725</vAcc></extensions></trkpt>
      <trkpt lon="-76.448921" lat="39.346290"><ele>22.563402</ele><time>2022-04-12T15:54:22Z</time><extensions><speed>0.328669</speed><course>153.969223</course><hAcc>1.757201</hAcc><vAcc>0.789459</vAcc></extensions></trkpt>
      <trkpt lon="-76.448920" lat="39.346288"><ele>22.405550</ele><time>2022-04-12T15:54:23Z</time><extensions><speed>0.302291</speed><course>157.952438</course><hAcc>1.749550</hAcc><vAcc>0.788045</vAcc></extensions></trkpt>
      <trkpt lon="-76.448918" lat="39.346285"><ele>22.268763</ele><time>2022-04-12T15:54:24Z</time><extensions><speed>0.302522</speed><course>161.378830</course><hAcc>1.726630</hAcc><vAcc>0.786736</vAcc></extensions></trkpt>
      <trkpt lon="-76.448918" lat="39.346283"><ele>22.159513</ele><time>2022-04-12T15:54:25Z</time><extensions><speed>0.177272</speed><course>166.479294</course><hAcc>1.719250</hAcc><vAcc>0.785707</vAcc></extensions></trkpt>
      <trkpt lon="-76.448917" lat="39.346282"><ele>22.085039</ele><time>2022-04-12T15:54:26Z</time><extensions><speed>0.085722</speed><course>177.232513</course><hAcc>1.745233</hAcc><vAcc>0.784969</vAcc></extensions></trkpt>
      <trkpt lon="-76.448917" lat="39.346281"><ele>21.989674</ele><time>2022-04-12T15:54:27Z</time><extensions><speed>0.042821</speed><course>173.812836</course><hAcc>1.782964</hAcc><vAcc>0.784370</vAcc></extensions></trkpt>
      <trkpt lon="-76.448917" lat="39.346281"><ele>21.907059</ele><time>2022-04-12T15:54:28Z</time><extensions><speed>0.117040</speed><course>157.486954</course><hAcc>1.739873</hAcc><vAcc>0.784023</vAcc></extensions></trkpt>
      <trkpt lon="-76.448916" lat="39.346279"><ele>21.864521</ele><time>2022-04-12T15:54:29Z</time><extensions><speed>0.239841</speed><course>155.690430</course><hAcc>1.733247</hAcc><vAcc>0.783903</vAcc></extensions></trkpt>
      <trkpt lon="-76.448915" lat="39.346276"><ele>21.853876</ele><time>2022-04-12T15:54:30Z</time><extensions><speed>0.490163</speed><course>158.468033</course><hAcc>1.730087</hAcc><vAcc>0.784027</vAcc></extensions></trkpt>
      <trkpt lon="-76.448912" lat="39.346271"><ele>21.872385</ele><time>2022-04-12T15:54:31Z</time><extensions><speed>0.785563</speed><course>160.779175</course><hAcc>1.754147</hAcc><vAcc>0.784421</vAcc></extensions></trkpt>
      <trkpt lon="-76.448909" lat="39.346264"><ele>21.915483</ele><time>2022-04-12T15:54:32Z</time><extensions><speed>0.891485</speed><course>164.815475</course><hAcc>1.766343</hAcc><vAcc>0.784933</vAcc></extensions></trkpt>
      <trkpt lon="-76.448907" lat="39.346256"><ele>21.963158</ele><time>2022-04-12T15:54:33Z</time><extensions><speed>0.905537</speed><course>167.336288</course><hAcc>1.765521</hAcc><vAcc>0.785714</vAcc></extensions></trkpt>
      <trkpt lon="-76.448905" lat="39.346248"><ele>22.021084</ele><time>2022-04-12T15:54:34Z</time><extensions><speed>0.793796</speed><course>170.184479</course><hAcc>1.773313</hAcc><vAcc>0.786783</vAcc></extensions></trkpt>
      <trkpt lon="-76.448904" lat="39.346242"><ele>22.099771</ele><time>2022-04-12T15:54:35Z</time><extensions><speed>0.568702</speed><course>175.027222</course><hAcc>1.786762</hAcc><vAcc>0.788067</vAcc></extensions></trkpt>
      <trkpt lon="-76.448904" lat="39.346239"><ele>22.198116</ele><time>2022-04-12T15:54:36Z</time><extensions><speed>0.190347</speed><course>193.651855</course><hAcc>1.772102</hAcc><vAcc>0.789467</vAcc></extensions></trkpt>
      <trkpt lon="-76.448904" lat="39.346237"><ele>22.304850</ele><time>2022-04-12T15:54:37Z</time><extensions><speed>0.082813</speed><course>211.824615</course><hAcc>1.757365</hAcc><vAcc>0.790933</vAcc></extensions></trkpt>
      <trkpt lon="-76.448904" lat="39.346237"><ele>22.419405</ele><time>2022-04-12T15:54:38Z</time><extensions><speed>0.097411</speed><course>174.863022</course><hAcc>1.763570</hAcc><vAcc>0.792405</vAcc></extensions></trkpt>
      <trkpt lon="-76.448904" lat="39.346235"><ele>22.523153</ele><time>2022-04-12T15:54:39Z</time><extensions><speed>0.213820</speed><course>158.517487</course><hAcc>1.773429</hAcc><vAcc>0.793812</vAcc></extensions></trkpt>
      <trkpt lon="-76.448902" lat="39.346233"><ele>22.637747</ele><time>2022-04-12T15:54:40Z</time><extensions><speed>0.377310</speed><course>155.297974</course><hAcc>1.771788</hAcc><vAcc>0.795134</vAcc></extensions></trkpt>
      <trkpt lon="-76.448900" lat="39.346229"><ele>22.758518</ele><time>2022-04-12T15:54:41Z</time><extensions><speed>0.534459</speed><course>154.729553</course><hAcc>1.773754</hAcc><vAcc>0.796393</vAcc></extensions></trkpt>
      <trkpt lon="-76.448897" lat="39.346224"><ele>22.877562</ele><time>2022-04-12T15:54:42Z</time><extensions><speed>0.704257</speed><course>155.916641</course><hAcc>1.772301</hAcc><vAcc>0.797628</vAcc></extensions></trkpt>
      <trkpt lon="-76.448893" lat="39.346217"><ele>22.990473</ele><time>2022-04-12T15:54:43Z</time><extensions><speed>0.971869</speed><course>158.155762</course><hAcc>1.761903</hAcc><vAcc>0.798885</vAcc></extensions></trkpt>
      <trkpt lon="-76.448889" lat="39.346208"><ele>23.099106</ele><time>2022-04-12T15:54:44Z</time><extensions><speed>1.104891</speed><course>163.703964</course><hAcc>1.765453</hAcc><vAcc>0.800131</vAcc></extensions></trkpt>
      <trkpt lon="-76.448886" lat="39.346199"><ele>23.184542</ele><time>2022-04-12T15:54:45Z</time><extensions><speed>0.980243</speed><course>163.742096</course><hAcc>1.757021</hAcc><vAcc>0.801309</vAcc></extensions></trkpt>
      <trkpt lon="-76.448883" lat="39.346192"><ele>23.265144</ele><time>2022-04-12T15:54:46Z</time><extensions><speed>0.623033</speed><course>156.962662</course><hAcc>1.741379</hAcc><vAcc>0.802502</vAcc></extensions></trkpt>
      <trkpt lon="-76.448881" lat="39.346188"><ele>23.370970</ele><time>2022-04-12T15:54:47Z</time><extensions><speed>0.328457</speed><course>144.962830</course><hAcc>1.735971</hAcc><vAcc>0.803614</vAcc></extensions></trkpt>
      <trkpt lon="-76.448878" lat="39.346186"><ele>23.468878</ele><time>2022-04-12T15:54:48Z</time><extensions><speed>0.251377</speed><course>139.992981</course><hAcc>1.718015</hAcc><vAcc>0.804688</vAcc></extensions></trkpt>
      <trkpt lon="-76.448877" lat="39.346184"><ele>23.535664</ele><time>2022-04-12T15:54:49Z</time><extensions><speed>0.242049</speed><course>150.096420</course><hAcc>1.703107</hAcc><vAcc>0.805679</vAcc></extensions></trkpt>
      <trkpt lon="-76.448876" lat="39.346182"><ele>23.608038</ele><time>2022-04-12T15:54:50Z</time><extensions><speed>0.289954</speed><course>164.408417</course><hAcc>1.700047</hAcc><vAcc>0.806516</vAcc></extensions></trkpt>
      <trkpt lon="-76.448875" lat="39.346179"><ele>23.672276</ele><time>2022-04-12T15:54:51Z</time><extensions><speed>0.387989</speed><course>172.784927</course><hAcc>1.708953</hAcc><vAcc>0.807142</vAcc></extensions></trkpt>
      <trkpt lon="-76.448874" lat="39.346175"><ele>23.737959</ele><time>2022-04-12T15:54:52Z</time><extensions><speed>0.629286</speed><course>175.573563</course><hAcc>1.703319</hAcc><vAcc>0.807528</vAcc></extensions></trkpt>
      <trkpt lon="-76.448874" lat="39.346166"><ele>23.764015</ele><time>2022-04-12T15:54:53Z</time><extensions><speed>1.180694</speed><course>176.174225</course><hAcc>1.681322</hAcc><vAcc>0.807670</vAcc></extensions></trkpt>
      <trkpt lon="-76.448872" lat="39.346155"><ele>23.801714</ele><time>2022-04-12T15:54:54Z</time><extensions><speed>1.438317</speed><course>176.275635</course><hAcc>1.678027</hAcc><vAcc>0.807715</vAcc></extensions></trkpt>
      <trkpt lon="-76.448871" lat="39.346142"><ele>23.839796</ele><time>2022-04-12T15:54:55Z</time><extensions><speed>1.466157</speed><course>174.915985</course><hAcc>1.697140</hAcc><vAcc>0.807692</vAcc></extensions></trkpt>
      <trkpt lon="-76.448870" lat="39.346129"><ele>23.877312</ele><time>2022-04-12T15:54:56Z</time><extensions><speed>1.232740</speed><course>174.337265</course><hAcc>1.730064</hAcc><vAcc>0.807616</vAcc></extensions></trkpt>
      <trkpt lon="-76.448868" lat="39.346119"><ele>23.905231</ele><time>2022-04-12T15:54:57Z</time><extensions><speed>1.087951</speed><course>174.203659</course><hAcc>1.721568</hAcc><vAcc>0.807479</vAcc></extensions></trkpt>
      <trkpt lon="-76.448867" lat="39.346110"><ele>23.893652</ele><time>2022-04-12T15:54:58Z</time><extensions><speed>0.853677</speed><course>171.344559</course><hAcc>1.719211</hAcc><vAcc>0.807304</vAcc></extensions></trkpt>
      <trkpt lon="-76.448865" lat="39.346104"><ele>23.906204</ele><time>2022-04-12T15:54:59Z</time><extensions><speed>0.591449</speed><course>166.038376</course><hAcc>1.722875</hAcc><vAcc>0.807106</vAcc></extensions></trkpt>
      <trkpt lon="-76.448864" lat="39.346100"><ele>23.821899</ele><time>2022-04-12T15:55:00Z</time><extensions><speed>0.332571</speed><course>159.404114</course><hAcc>1.740646</hAcc><vAcc>0.806864</vAcc></extensions></trkpt>
      <trkpt lon="-76.448863" lat="39.346097"><ele>23.799259</ele><time>2022-04-12T15:55:01Z</time><extensions><speed>0.252300</speed><course>154.623337</course><hAcc>1.744194</hAcc><vAcc>0.806616</vAcc></extensions></trkpt>
      <trkpt lon="-76.448861" lat="39.346095"><ele>23.810411</ele><time>2022-04-12T15:55:02Z</time><extensions><speed>0.259599</speed><course>157.461258</course><hAcc>1.730922</hAcc><vAcc>0.806435</vAcc></extensions></trkpt>
      <trkpt lon="-76.448860" lat="39.346092"><ele>23.792871</ele><time>2022-04-12T15:55:03Z</time><extensions><speed>0.332925</speed><course>163.450882</course><hAcc>1.715892</hAcc><vAcc>0.806207</vAcc></extensions></trkpt>
      <trkpt lon="-76.448859" lat="39.346090"><ele>23.774864</ele><time>2022-04-12T15:55:04Z</time><extensions><speed>0.271233</speed><course>173.363525</course><hAcc>1.738045</hAcc><vAcc>0.805757</vAcc></extensions></trkpt>
      <trkpt lon="-76.448859" lat="39.346087"><ele>23.755476</ele><time>2022-04-12T15:55:05Z</time><extensions><speed>0.335248</speed><course>178.627899</course><hAcc>1.737958</hAcc><vAcc>0.805241</vAcc></extensions></trkpt>
      <trkpt lon="-76.448859" lat="39.346083"><ele>23.742847</ele><time>2022-04-12T15:55:06Z</time><extensions><speed>0.491524</speed><course>178.397034</course><hAcc>1.725384</hAcc><vAcc>0.804689</vAcc></extensions></trkpt>
      <trkpt lon="-76.448858" lat="39.346077"><ele>23.737745</ele><time>2022-04-12T15:55:07Z</time><extensions><speed>0.780210</speed><course>177.273468</course><hAcc>1.707615</hAcc><vAcc>0.803981</vAcc></extensions></trkpt>
      <trkpt lon="-76.448858" lat="39.346068"><ele>23.732050</ele><time>2022-04-12T15:55:08Z</time><extensions><speed>1.334676</speed><course>177.658524</course><hAcc>1.685305</hAcc><vAcc>0.803134</vAcc></extensions></trkpt>
      <trkpt lon="-76.448857" lat="39.346054"><ele>23.729151</ele><time>2022-04-12T15:55:09Z</time><extensions><speed>1.685229</speed><course>177.511780</course><hAcc>1.683903</hAcc><vAcc>0.802129</vAcc></extensions></trkpt>
      <trkpt lon="-76.448856" lat="39.346039"><ele>23.725462</ele><time>2022-04-12T15:55:10Z</time><extensions><speed>1.791235</speed><course>176.530975</course><hAcc>1.694094</hAcc><vAcc>0.801014</vAcc></extensions></trkpt>
      <trkpt lon="-76.448854" lat="39.346024"><ele>23.725122</ele><time>2022-04-12T15:55:11Z</time><extensions><speed>1.553267</speed><course>174.771988</course><hAcc>1.716948</hAcc><vAcc>0.799866</vAcc></extensions></trkpt>
      <trkpt lon="-76.448852" lat="39.346010"><ele>23.742838</ele><time>2022-04-12T15:55:12Z</time><extensions><speed>1.509832</speed><course>168.594894</course><hAcc>1.696661</hAcc><vAcc>0.798703</vAcc></extensions></trkpt>
      <trkpt lon="-76.448847" lat="39.345997"><ele>23.766121</ele><time>2022-04-12T15:55:13Z</time><extensions><speed>1.495675</speed><course>160.172806</course><hAcc>1.661142</hAcc><vAcc>0.797596</vAcc></extensions></trkpt>
      <trkpt lon="-76.448840" lat="39.345985"><ele>23.791077</ele><time>2022-04-12T15:55:14Z</time><extensions><speed>1.468229</speed><course>152.042862</course><hAcc>1.636611</hAcc><vAcc>0.796592</vAcc></extensions></trkpt>
      <trkpt lon="-76.448831" lat="39.345974"><ele>23.811357</ele><time>2022-04-12T15:55:15Z</time><extensions><speed>1.447533</speed><course>143.590942</course><hAcc>1.642305</hAcc><vAcc>0.795754</vAcc></extensions></trkpt>
      <trkpt lon="-76.448820" lat="39.345965"><ele>23.830536</ele><time>2022-04-12T15:55:16Z</time><extensions><speed>1.280939</speed><course>134.340881</course><hAcc>1.655960</hAcc><vAcc>0.795126</vAcc></extensions></trkpt>
      <trkpt lon="-76.448808" lat="39.345957"><ele>23.854507</ele><time>2022-04-12T15:55:17Z</time><extensions><speed>1.440228</speed><course>129.814697</course><hAcc>1.583271</hAcc><vAcc>0.794739</vAcc></extensions></trkpt>
      <trkpt lon="-76.448795" lat="39.345948"><ele>23.874016</ele><time>2022-04-12T15:55:18Z</time><extensions><speed>1.436357</speed><course>129.390244</course><hAcc>1.526392</hAcc><vAcc>0.794593</vAcc></extensions></trkpt>
      <trkpt lon="-76.448782" lat="39.345940"><ele>23.891481</ele><time>2022-04-12T15:55:19Z</time><extensions><speed>1.564983</speed><course>131.600754</course><hAcc>1.486270</hAcc><vAcc>0.794682</vAcc></extensions></trkpt>
      <trkpt lon="-76.448769" lat="39.345930"><ele>23.909197</ele><time>2022-04-12T15:55:20Z</time><extensions><speed>1.572339</speed><course>138.419830</course><hAcc>1.512531</hAcc><vAcc>0.795001</vAcc></extensions></trkpt>
      <trkpt lon="-76.448757" lat="39.345919"><ele>23.931383</ele><time>2022-04-12T15:55:21Z</time><extensions><speed>1.593248</speed><course>141.201660</course><hAcc>1.470346</hAcc><vAcc>0.795500</vAcc></extensions></trkpt>
      <trkpt lon="-76.448746" lat="39.345908"><ele>23.953831</ele><time>2022-04-12T15:55:22Z</time><extensions><speed>1.587988</speed><course>145.648407</course><hAcc>1.448457</hAcc><vAcc>0.796147</vAcc></extensions></trkpt>
      <trkpt lon="-76.448735" lat="39.345896"><ele>23.974909</ele><time>2022-04-12T15:55:23Z</time><extensions><speed>1.582482</speed><course>143.810089</course><hAcc>1.428964</hAcc><vAcc>0.796884</vAcc></extensions></trkpt>
      <trkpt lon="-76.448724" lat="39.345885"><ele>23.985407</ele><time>2022-04-12T15:55:24Z</time><extensions><speed>1.568175</speed><course>142.544739</course><hAcc>1.421741</hAcc><vAcc>0.797688</vAcc></extensions></trkpt>
      <trkpt lon="-76.448713" lat="39.345874"><ele>23.994116</ele><time>2022-04-12T15:55:25Z</time><extensions><speed>1.551533</speed><course>140.722992</course><hAcc>1.390893</hAcc><vAcc>0.798526</vAcc></extensions></trkpt>
      <trkpt lon="-76.448701" lat="39.345863"><ele>23.996107</ele><time>2022-04-12T15:55:26Z</time><extensions><speed>1.554816</speed><course>139.110764</course><hAcc>1.407713</hAcc><vAcc>0.799402</vAcc></extensions></trkpt>
      <trkpt lon="-76.448690" lat="39.345853"><ele>23.993984</ele><time>2022-04-12T15:55:27Z</time><extensions><speed>1.540730</speed><course>139.089005</course><hAcc>1.408660</hAcc><vAcc>0.800277</vAcc></extensions></trkpt>
      <trkpt lon="-76.448678" lat="39.345842"><ele>24.008455</ele><time>2022-04-12T15:55:28Z</time><extensions><speed>1.516508</speed><course>141.481842</course><hAcc>1.395764</hAcc><vAcc>0.801115</vAcc></extensions></trkpt>
      <trkpt lon="-76.448667" lat="39.345832"><ele>24.006838</ele><time>2022-04-12T15:55:29Z</time><extensions><speed>1.524056</speed><course>141.329880</course><hAcc>1.390708</hAcc><vAcc>0.801905</vAcc></extensions></trkpt>
      <trkpt lon="-76.448656" lat="39.345821"><ele>23.992947</ele><time>2022-04-12T15:55:30Z</time><extensions><speed>1.531946</speed><course>139.573853</course><hAcc>1.381861</hAcc><vAcc>0.802679</vAcc></extensions></trkpt>
      <trkpt lon="-76.448644" lat="39.345811"><ele>23.970182</ele><time>2022-04-12T15:55:31Z</time><extensions><speed>1.509930</speed><course>138.587463</course><hAcc>1.402949</hAcc><vAcc>0.803398</vAcc></extensions></trkpt>
      <trkpt lon="-76.448633" lat="39.345801"><ele>23.949551</ele><time>2022-04-12T15:55:32Z</time><extensions><speed>1.496719</speed><course>139.072754</course><hAcc>1.388313</hAcc><vAcc>0.804059</vAcc></extensions></trkpt>
      <trkpt lon="-76.448622" lat="39.345791"><ele>23.917263</ele><time>2022-04-12T15:55:33Z</time><extensions><speed>1.483160</speed><course>139.797455</course><hAcc>1.373680</hAcc><vAcc>0.804628</vAcc></extensions></trkpt>
      <trkpt lon="-76.448611" lat="39.345780"><ele>23.892008</ele><time>2022-04-12T15:55:34Z</time><extensions><speed>1.487270</speed><course>140.742386</course><hAcc>1.381630</hAcc><vAcc>0.805121</vAcc></extensions></trkpt>
      <trkpt lon="-76.448600" lat="39.345770"><ele>23.857239</ele><time>2022-04-12T15:55:35Z</time><extensions><speed>1.488967</speed><course>140.805893</course><hAcc>1.396106</hAcc><vAcc>0.805560</vAcc></extensions></trkpt>
      <trkpt lon="-76.448588" lat="39.345760"><ele>23.818975</ele><time>2022-04-12T15:55:36Z</time><extensions><speed>1.499477</speed><course>139.663132</course><hAcc>1.408607</hAcc><vAcc>0.805931</vAcc></extensions></trkpt>
      <trkpt lon="-76.448577" lat="39.345749"><ele>23.783600</ele><time>2022-04-12T15:55:37Z</time><extensions><speed>1.500979</speed><course>142.870239</course><hAcc>1.414634</hAcc><vAcc>0.806211</vAcc></extensions></trkpt>
      <trkpt lon="-76.448566" lat="39.345739"><ele>23.743980</ele><time>2022-04-12T15:55:38Z</time><extensions><speed>1.485356</speed><course>138.381012</course><hAcc>1.409712</hAcc><vAcc>0.806404</vAcc></extensions></trkpt>
      <trkpt lon="-76.448555" lat="39.345729"><ele>23.696051</ele><time>2022-04-12T15:55:39Z</time><extensions><speed>1.508764</speed><course>136.106491</course><hAcc>1.409182</hAcc><vAcc>0.806510</vAcc></extensions></trkpt>
      <trkpt lon="-76.448542" lat="39.345719"><ele>23.672953</ele><time>2022-04-12T15:55:40Z</time><extensions><speed>1.446593</speed><course>134.078430</course><hAcc>1.475539</hAcc><vAcc>0.806540</vAcc></extensions></trkpt>
      <trkpt lon="-76.448531" lat="39.345710"><ele>23.651018</ele><time>2022-04-12T15:55:41Z</time><extensions><speed>1.341708</speed><course>138.361694</course><hAcc>1.460182</hAcc><vAcc>0.806501</vAcc></extensions></trkpt>
      <trkpt lon="-76.448521" lat="39.345701"><ele>23.631725</ele><time>2022-04-12T15:55:42Z</time><extensions><speed>1.312742</speed><course>140.360397</course><hAcc>1.477328</hAcc><vAcc>0.806428</vAcc></extensions></trkpt>
      <trkpt lon="-76.448511" lat="39.345692"><ele>23.614586</ele><time>2022-04-12T15:55:43Z</time><extensions><speed>1.333623</speed><course>141.286087</course><hAcc>1.446690</hAcc><vAcc>0.806355</vAcc></extensions></trkpt>
      <trkpt lon="-76.448501" lat="39.345682"><ele>23.615561</ele><time>2022-04-12T15:55:44Z</time><extensions><speed>1.464101</speed><course>140.461716</course><hAcc>1.447128</hAcc><vAcc>0.806303</vAcc></extensions></trkpt>
      <trkpt lon="-76.448490" lat="39.345671"><ele>23.568714</ele><time>2022-04-12T15:55:45Z</time><extensions><speed>1.515057</speed><course>141.065704</course><hAcc>1.502910</hAcc><vAcc>0.806278</vAcc></extensions></trkpt>
      <trkpt lon="-76.448478" lat="39.345661"><ele>23.554001</ele><time>2022-04-12T15:55:46Z</time><extensions><speed>1.525849</speed><course>136.204071</course><hAcc>1.505625</hAcc><vAcc>0.806337</vAcc></extensions></trkpt>
      <trkpt lon="-76.448466" lat="39.345651"><ele>23.546602</ele><time>2022-04-12T15:55:47Z</time><extensions><speed>1.549648</speed><course>136.334290</course><hAcc>1.490283</hAcc><vAcc>0.806478</vAcc></extensions></trkpt>
      <trkpt lon="-76.448454" lat="39.345641"><ele>23.520844</ele><time>2022-04-12T15:55:48Z</time><extensions><speed>1.566289</speed><course>137.197678</course><hAcc>1.469784</hAcc><vAcc>0.806700</vAcc></extensions></trkpt>
      <trkpt lon="-76.448441" lat="39.345630"><ele>23.510527</ele><time>2022-04-12T15:55:49Z</time><extensions><speed>1.594755</speed><course>138.143951</course><hAcc>1.482754</hAcc><vAcc>0.807014</vAcc></extensions></trkpt>
      <trkpt lon="-76.448429" lat="39.345620"><ele>23.493717</ele><time>2022-04-12T15:55:50Z</time><extensions><speed>1.535728</speed><course>137.644333</course><hAcc>1.555918</hAcc><vAcc>0.807418</vAcc></extensions></trkpt>
      <trkpt lon="-76.448417" lat="39.345609"><ele>23.482908</ele><time>2022-04-12T15:55:51Z</time><extensions><speed>1.543750</speed><course>138.293915</course><hAcc>1.555097</hAcc><vAcc>0.807885</vAcc></extensions></trkpt>
      <trkpt lon="-76.448405" lat="39.345599"><ele>23.472759</ele><time>2022-04-12T15:55:52Z</time><extensions><speed>1.517655</speed><course>140.030853</course><hAcc>1.540674</hAcc><vAcc>0.808401</vAcc></extensions></trkpt>
      <trkpt lon="-76.448394" lat="39.345588"><ele>23.457926</ele><time>2022-04-12T15:55:53Z</time><extensions><speed>1.458074</speed><course>142.679611</course><hAcc>1.551527</hAcc><vAcc>0.808958</vAcc></extensions></trkpt>
      <trkpt lon="-76.448385" lat="39.345577"><ele>23.436470</ele><time>2022-04-12T15:55:54Z</time><extensions><speed>1.452056</speed><course>147.017578</course><hAcc>1.552038</hAcc><vAcc>0.809503</vAcc></extensions></trkpt>
      <trkpt lon="-76.448376" lat="39.345566"><ele>23.411743</ele><time>2022-04-12T15:55:55Z</time><extensions><speed>1.581528</speed><course>151.203537</course><hAcc>1.533803</hAcc><vAcc>0.810020</vAcc></extensions></trkpt>
      <trkpt lon="-76.448367" lat="39.345553"><ele>23.393059</ele><time>2022-04-12T15:55:56Z</time><extensions><speed>1.632060</speed><course>154.713943</course><hAcc>1.537664</hAcc><vAcc>0.810430</vAcc></extensions></trkpt>
      <trkpt lon="-76.448359" lat="39.345540"><ele>23.358568</ele><time>2022-04-12T15:55:57Z</time><extensions><speed>1.580091</speed><course>154.444107</course><hAcc>1.545175</hAcc><vAcc>0.810718</vAcc></extensions></trkpt>
      <trkpt lon="-76.448351" lat="39.345527"><ele>23.316044</ele><time>2022-04-12T15:55:58Z</time><extensions><speed>1.570678</speed><course>154.633316</course><hAcc>1.520825</hAcc><vAcc>0.810884</vAcc></extensions></trkpt>
      <trkpt lon="-76.448343" lat="39.345514"><ele>23.280214</ele><time>2022-04-12T15:55:59Z</time><extensions><speed>1.547409</speed><course>152.628265</course><hAcc>1.533967</hAcc><vAcc>0.810944</vAcc></extensions></trkpt>
      <trkpt lon="-76.448334" lat="39.345502"><ele>23.243742</ele><time>2022-04-12T15:56:00Z</time><extensions><speed>1.559119</speed><course>147.566711</course><hAcc>1.519814</hAcc><vAcc>0.810909</vAcc></extensions></trkpt>
      <trkpt lon="-76.448324" lat="39.345490"><ele>23.220932</ele><time>2022-04-12T15:56:01Z</time><extensions><speed>1.581090</speed><course>143.578796</course><hAcc>1.490893</hAcc><vAcc>0.810777</vAcc></extensions></trkpt>
      <trkpt lon="-76.448313" lat="39.345479"><ele>23.193810</ele><time>2022-04-12T15:56:02Z</time><extensions><speed>1.560561</speed><course>142.656174</course><hAcc>1.520746</hAcc><vAcc>0.810531</vAcc></extensions></trkpt>
      <trkpt lon="-76.448302" lat="39.345468"><ele>23.157759</ele><time>2022-04-12T15:56:03Z</time><extensions><speed>1.478380</speed><course>140.138260</course><hAcc>1.590758</hAcc><vAcc>0.810217</vAcc></extensions></trkpt>
      <trkpt lon="-76.448291" lat="39.345459"><ele>23.121874</ele><time>2022-04-12T15:56:04Z</time><extensions><speed>1.340699</speed><course>139.119659</course><hAcc>1.576161</hAcc><vAcc>0.809837</vAcc></extensions></trkpt>
      <trkpt lon="-76.448281" lat="39.345451"><ele>23.090521</ele><time>2022-04-12T15:56:05Z</time><extensions><speed>1.171014</speed><course>132.210907</course><hAcc>1.583020</hAcc><vAcc>0.809389</vAcc></extensions></trkpt>
      <trkpt lon="-76.448270" lat="39.345443"><ele>23.052174</ele><time>2022-04-12T15:56:06Z</time><extensions><speed>1.271091</speed><course>131.404312</course><hAcc>1.586786</hAcc><vAcc>0.808849</vAcc></extensions></trkpt>
      <trkpt lon="-76.448259" lat="39.345435"><ele>23.023909</ele><time>2022-04-12T15:56:07Z</time><extensions><speed>1.365851</speed><course>134.524200</course><hAcc>1.585699</hAcc><vAcc>0.808204</vAcc></extensions></trkpt>
      <trkpt lon="-76.448248" lat="39.345426"><ele>22.987358</ele><time>2022-04-12T15:56:08Z</time><extensions><speed>1.447488</speed><course>138.995758</course><hAcc>1.575819</hAcc><vAcc>0.807541</vAcc></extensions></trkpt>
      <trkpt lon="-76.448237" lat="39.345416"><ele>22.963146</ele><time>2022-04-12T15:56:09Z</time><extensions><speed>1.499066</speed><course>144.594086</course><hAcc>1.580163</hAcc><vAcc>0.806769</vAcc></extensions></trkpt>
      <trkpt lon="-76.448227" lat="39.345404"><ele>22.935265</ele><time>2022-04-12T15:56:10Z</time><extensions><speed>1.514364</speed><course>147.091110</course><hAcc>1.615068</hAcc><vAcc>0.805928</vAcc></extensions></trkpt>
      <trkpt lon="-76.448218" lat="39.345393"><ele>22.909121</ele><time>2022-04-12T15:56:11Z</time><extensions><speed>1.501551</speed><course>147.617249</course><hAcc>1.598064</hAcc><vAcc>0.805027</vAcc></extensions></trkpt>
      <trkpt lon="-76.448209" lat="39.345381"><ele>22.881060</ele><time>2022-04-12T15:56:12Z</time><extensions><speed>1.478489</speed><course>148.963852</course><hAcc>1.573523</hAcc><vAcc>0.804059</vAcc></extensions></trkpt>
      <trkpt lon="-76.448200" lat="39.345370"><ele>22.838377</ele><time>2022-04-12T15:56:13Z</time><extensions><speed>1.462573</speed><course>151.304749</course><hAcc>1.619729</hAcc><vAcc>0.803058</vAcc></extensions></trkpt>
      <trkpt lon="-76.448192" lat="39.345359"><ele>22.777046</ele><time>2022-04-12T15:56:14Z</time><extensions><speed>1.390993</speed><course>147.264160</course><hAcc>1.602913</hAcc><vAcc>0.802036</vAcc></extensions></trkpt>
      <trkpt lon="-76.448183" lat="39.345349"><ele>22.731993</ele><time>2022-04-12T15:56:15Z</time><extensions><speed>1.343042</speed><course>142.039093</course><hAcc>1.606873</hAcc><vAcc>0.800981</vAcc></extensions></trkpt>
      <trkpt lon="-76.448173" lat="39.345340"><ele>22.658606</ele><time>2022-04-12T15:56:16Z</time><extensions><speed>1.328267</speed><course>139.166412</course><hAcc>1.642097</hAcc><vAcc>0.799927</vAcc></extensions></trkpt>
      <trkpt lon="-76.448162" lat="39.345331"><ele>22.608393</ele><time>2022-04-12T15:56:17Z</time><extensions><speed>1.377618</speed><course>135.703613</course><hAcc>1.684221</hAcc><vAcc>0.798912</vAcc></extensions></trkpt>
      <trkpt lon="-76.448151" lat="39.345322"><ele>22.574846</ele><time>2022-04-12T15:56:18Z</time><extensions><speed>1.371489</speed><course>131.911102</course><hAcc>1.720245</hAcc><vAcc>0.797983</vAcc></extensions></trkpt>
      <trkpt lon="-76.448139" lat="39.345314"><ele>22.545761</ele><time>2022-04-12T15:56:19Z</time><extensions><speed>1.377154</speed><course>130.503082</course><hAcc>1.742269</hAcc><vAcc>0.797177</vAcc></extensions></trkpt>
      <trkpt lon="-76.448126" lat="39.345306"><ele>22.522995</ele><time>2022-04-12T15:56:20Z</time><extensions><speed>1.394297</speed><course>131.140442</course><hAcc>1.750703</hAcc><vAcc>0.796488</vAcc></extensions></trkpt>
      <trkpt lon="-76.448115" lat="39.345298"><ele>22.497343</ele><time>2022-04-12T15:56:21Z</time><extensions><speed>1.313279</speed><course>130.508469</course><hAcc>1.751552</hAcc><vAcc>0.795906</vAcc></extensions></trkpt>
      <trkpt lon="-76.448103" lat="39.345290"><ele>22.482573</ele><time>2022-04-12T15:56:22Z</time><extensions><speed>1.297397</speed><course>128.553574</course><hAcc>1.752473</hAcc><vAcc>0.795414</vAcc></extensions></trkpt>
      <trkpt lon="-76.448091" lat="39.345284"><ele>22.463957</ele><time>2022-04-12T15:56:23Z</time><extensions><speed>1.264966</speed><course>123.643448</course><hAcc>1.756773</hAcc><vAcc>0.794927</vAcc></extensions></trkpt>
      <trkpt lon="-76.448078" lat="39.345278"><ele>22.436954</ele><time>2022-04-12T15:56:24Z</time><extensions><speed>1.276303</speed><course>119.212189</course><hAcc>1.763321</hAcc><vAcc>0.794386</vAcc></extensions></trkpt>
      <trkpt lon="-76.448065" lat="39.345272"><ele>22.417511</ele><time>2022-04-12T15:56:25Z</time><extensions><speed>1.289146</speed><course>115.199745</course><hAcc>1.758961</hAcc><vAcc>0.793748</vAcc></extensions></trkpt>
      <trkpt lon="-76.448051" lat="39.345268"><ele>22.388792</ele><time>2022-04-12T15:56:26Z</time><extensions><speed>1.325526</speed><course>109.520020</course><hAcc>1.758090</hAcc><vAcc>0.792976</vAcc></extensions></trkpt>
      <trkpt lon="-76.448037" lat="39.345264"><ele>22.389170</ele><time>2022-04-12T15:56:27Z</time><extensions><speed>1.293787</speed><course>106.013672</course><hAcc>1.757247</hAcc><vAcc>0.792086</vAcc></extensions></trkpt>
      <trkpt lon="-76.448022" lat="39.345262"><ele>22.404627</ele><time>2022-04-12T15:56:28Z</time><extensions><speed>1.276129</speed><course>103.371834</course><hAcc>1.759007</hAcc><vAcc>0.791055</vAcc></extensions></trkpt>
      <trkpt lon="-76.448008" lat="39.345259"><ele>22.429327</ele><time>2022-04-12T15:56:29Z</time><extensions><speed>1.274786</speed><course>101.898766</course><hAcc>1.762055</hAcc><vAcc>0.789960</vAcc></extensions></trkpt>
      <trkpt lon="-76.447993" lat="39.345257"><ele>22.415289</ele><time>2022-04-12T15:56:30Z</time><extensions><speed>1.300059</speed><course>101.320908</course><hAcc>1.765638</hAcc><vAcc>0.788769</vAcc></extensions></trkpt>
      <trkpt lon="-76.447978" lat="39.345255"><ele>22.391739</ele><time>2022-04-12T15:56:31Z</time><extensions><speed>1.262795</speed><course>99.479439</course><hAcc>1.766294</hAcc><vAcc>0.787571</vAcc></extensions></trkpt>
      <trkpt lon="-76.447964" lat="39.345253"><ele>22.371685</ele><time>2022-04-12T15:56:32Z</time><extensions><speed>1.249116</speed><course>98.014709</course><hAcc>1.769430</hAcc><vAcc>0.786406</vAcc></extensions></trkpt>
      <trkpt lon="-76.447950" lat="39.345252"><ele>22.361773</ele><time>2022-04-12T15:56:33Z</time><extensions><speed>1.248529</speed><course>95.009506</course><hAcc>1.762088</hAcc><vAcc>0.785324</vAcc></extensions></trkpt>
      <trkpt lon="-76.447935" lat="39.345251"><ele>22.366491</ele><time>2022-04-12T15:56:34Z</time><extensions><speed>1.228208</speed><course>92.466026</course><hAcc>1.752000</hAcc><vAcc>0.784333</vAcc></extensions></trkpt>
      <trkpt lon="-76.447921" lat="39.345251"><ele>22.372778</ele><time>2022-04-12T15:56:35Z</time><extensions><speed>1.220076</speed><course>91.242378</course><hAcc>1.735154</hAcc><vAcc>0.783455</vAcc></extensions></trkpt>
      <trkpt lon="-76.447907" lat="39.345250"><ele>22.370815</ele><time>2022-04-12T15:56:36Z</time><extensions><speed>1.220514</speed><course>92.521904</course><hAcc>1.713952</hAcc><vAcc>0.782697</vAcc></extensions></trkpt>
      <trkpt lon="-76.447893" lat="39.345249"><ele>22.366192</ele><time>2022-04-12T15:56:37Z</time><extensions><speed>1.261003</speed><course>94.634232</course><hAcc>1.688462</hAcc><vAcc>0.782063</vAcc></extensions></trkpt>
      <trkpt lon="-76.447878" lat="39.345248"><ele>22.361027</ele><time>2022-04-12T15:56:38Z</time><extensions><speed>1.321759</speed><course>97.188461</course><hAcc>1.679590</hAcc><vAcc>0.781509</vAcc></extensions></trkpt>
      <trkpt lon="-76.447863" lat="39.345247"><ele>22.366423</ele><time>2022-04-12T15:56:39Z</time><extensions><speed>1.310248</speed><course>97.854019</course><hAcc>1.703386</hAcc><vAcc>0.781014</vAcc></extensions></trkpt>
      <trkpt lon="-76.447848" lat="39.345245"><ele>22.378328</ele><time>2022-04-12T15:56:40Z</time><extensions><speed>1.318079</speed><course>99.845284</course><hAcc>1.744769</hAcc><vAcc>0.780580</vAcc></extensions></trkpt>
      <trkpt lon="-76.447833" lat="39.345243"><ele>22.363216</ele><time>2022-04-12T15:56:41Z</time><extensions><speed>1.224383</speed><course>99.586212</course><hAcc>1.690456</hAcc><vAcc>0.780120</vAcc></extensions></trkpt>
      <trkpt lon="-76.447820" lat="39.345241"><ele>22.332401</ele><time>2022-04-12T15:56:42Z</time><extensions><speed>1.109789</speed><course>102.846344</course><hAcc>1.670870</hAcc><vAcc>0.779490</vAcc></extensions></trkpt>
      <trkpt lon="-76.447808" lat="39.345238"><ele>22.306976</ele><time>2022-04-12T15:56:43Z</time><extensions><speed>1.060284</speed><course>106.071709</course><hAcc>1.696043</hAcc><vAcc>0.778604</vAcc></extensions></trkpt>
      <trkpt lon="-76.447796" lat="39.345236"><ele>22.278404</ele><time>2022-04-12T15:56:44Z</time><extensions><speed>1.047517</speed><course>106.302338</course><hAcc>1.725276</hAcc><vAcc>0.777726</vAcc></extensions></trkpt>
      <trkpt lon="-76.447784" lat="39.345233"><ele>22.256277</ele><time>2022-04-12T15:56:45Z</time><extensions><speed>1.074369</speed><course>104.972343</course><hAcc>1.741408</hAcc><vAcc>0.776668</vAcc></extensions></trkpt>
      <trkpt lon="-76.447772" lat="39.345231"><ele>22.211540</ele><time>2022-04-12T15:56:46Z</time><extensions><speed>1.105891</speed><course>100.890900</course><hAcc>1.754017</hAcc><vAcc>0.775472</vAcc></extensions></trkpt>
      <trkpt lon="-76.447759" lat="39.345229"><ele>22.184870</ele><time>2022-04-12T15:56:47Z</time><extensions><speed>1.120561</speed><course>98.730949</course><hAcc>1.766493</hAcc><vAcc>0.774135</vAcc></extensions></trkpt>
      <trkpt lon="-76.447747" lat="39.345228"><ele>22.182419</ele><time>2022-04-12T15:56:48Z</time><extensions><speed>1.071397</speed><course>98.636818</course><hAcc>1.775412</hAcc><vAcc>0.772682</vAcc></extensions></trkpt>
      <trkpt lon="-76.447734" lat="39.345226"><ele>22.167030</ele><time>2022-04-12T15:56:49Z</time><extensions><speed>1.078590</speed><course>97.656197</course><hAcc>1.777084</hAcc><vAcc>0.771082</vAcc></extensions></trkpt>
      <trkpt lon="-76.447722" lat="39.345225"><ele>22.143919</ele><time>2022-04-12T15:56:50Z</time><extensions><speed>1.082738</speed><course>96.655022</course><hAcc>1.784897</hAcc><vAcc>0.769372</vAcc></extensions></trkpt>
      <trkpt lon="-76.447709" lat="39.345224"><ele>22.110422</ele><time>2022-04-12T15:56:51Z</time><extensions><speed>1.138628</speed><course>96.633011</course><hAcc>1.794685</hAcc><vAcc>0.767657</vAcc></extensions></trkpt>
      <trkpt lon="-76.447695" lat="39.345223"><ele>22.075218</ele><time>2022-04-12T15:56:52Z</time><extensions><speed>1.215750</speed><course>95.649078</course><hAcc>1.784710</hAcc><vAcc>0.765985</vAcc></extensions></trkpt>
      <trkpt lon="-76.447681" lat="39.345222"><ele>22.051092</ele><time>2022-04-12T15:56:53Z</time><extensions><speed>1.246603</speed><course>95.513954</course><hAcc>1.775738</hAcc><vAcc>0.764361</vAcc></extensions></trkpt>
      <trkpt lon="-76.447666" lat="39.345221"><ele>22.025524</ele><time>2022-04-12T15:56:54Z</time><extensions><speed>1.318697</speed><course>95.760971</course><hAcc>1.769656</hAcc><vAcc>0.762913</vAcc></extensions></trkpt>
      <trkpt lon="-76.447651" lat="39.345220"><ele>22.003752</ele><time>2022-04-12T15:56:55Z</time><extensions><speed>1.369130</speed><course>94.650604</course><hAcc>1.754973</hAcc><vAcc>0.761546</vAcc></extensions></trkpt>
      <trkpt lon="-76.447635" lat="39.345219"><ele>21.983820</ele><time>2022-04-12T15:56:56Z</time><extensions><speed>1.392860</speed><course>92.618706</course><hAcc>1.741739</hAcc><vAcc>0.760296</vAcc></extensions></trkpt>
      <trkpt lon="-76.447619" lat="39.345219"><ele>21.970163</ele><time>2022-04-12T15:56:57Z</time><extensions><speed>1.387825</speed><course>90.504066</course><hAcc>1.755986</hAcc><vAcc>0.759109</vAcc></extensions></trkpt>
      <trkpt lon="-76.447603" lat="39.345219"><ele>21.966536</ele><time>2022-04-12T15:56:58Z</time><extensions><speed>1.264777</speed><course>88.173607</course><hAcc>1.795496</hAcc><vAcc>0.757943</vAcc></extensions></trkpt>
      <trkpt lon="-76.447589" lat="39.345220"><ele>21.956383</ele><time>2022-04-12T15:56:59Z</time><extensions><speed>1.296821</speed><course>82.483368</course><hAcc>1.753327</hAcc><vAcc>0.756793</vAcc></extensions></trkpt>
      <trkpt lon="-76.447574" lat="39.345222"><ele>21.942051</ele><time>2022-04-12T15:57:00Z</time><extensions><speed>1.305434</speed><course>79.210251</course><hAcc>1.737245</hAcc><vAcc>0.755758</vAcc></extensions></trkpt>
      <trkpt lon="-76.447559" lat="39.345224"><ele>21.912863</ele><time>2022-04-12T15:57:01Z</time><extensions><speed>1.234046</speed><course>78.144218</course><hAcc>1.749811</hAcc><vAcc>0.754896</vAcc></extensions></trkpt>
      <trkpt lon="-76.447545" lat="39.345226"><ele>21.901320</ele><time>2022-04-12T15:57:02Z</time><extensions><speed>1.205959</speed><course>78.116844</course><hAcc>1.768376</hAcc><vAcc>0.754220</vAcc></extensions></trkpt>
      <trkpt lon="-76.447532" lat="39.345228"><ele>21.890469</ele><time>2022-04-12T15:57:03Z</time><extensions><speed>1.167211</speed><course>77.533791</course><hAcc>1.780768</hAcc><vAcc>0.753753</vAcc></extensions></trkpt>
      <trkpt lon="-76.447519" lat="39.345231"><ele>21.881441</ele><time>2022-04-12T15:57:04Z</time><extensions><speed>1.162097</speed><course>74.765419</course><hAcc>1.789094</hAcc><vAcc>0.753488</vAcc></extensions></trkpt>
      <trkpt lon="-76.447506" lat="39.345233"><ele>21.870104</ele><time>2022-04-12T15:57:05Z</time><extensions><speed>1.170920</speed><course>75.998672</course><hAcc>1.793988</hAcc><vAcc>0.753437</vAcc></extensions></trkpt>
      <trkpt lon="-76.447492" lat="39.345236"><ele>21.846769</ele><time>2022-04-12T15:57:06Z</time><extensions><speed>1.175715</speed><course>78.391136</course><hAcc>1.797601</hAcc><vAcc>0.753709</vAcc></extensions></trkpt>
      <trkpt lon="-76.447479" lat="39.345237"><ele>21.833105</ele><time>2022-04-12T15:57:07Z</time><extensions><speed>1.154045</speed><course>81.198685</course><hAcc>1.788315</hAcc><vAcc>0.754261</vAcc></extensions></trkpt>
      <trkpt lon="-76.447465" lat="39.345239"><ele>21.816114</ele><time>2022-04-12T15:57:08Z</time><extensions><speed>1.254692</speed><course>82.930099</course><hAcc>1.779410</hAcc><vAcc>0.755100</vAcc></extensions></trkpt>
      <trkpt lon="-76.447451" lat="39.345240"><ele>21.807983</ele><time>2022-04-12T15:57:09Z</time><extensions><speed>1.258429</speed><course>84.540871</course><hAcc>1.769282</hAcc><vAcc>0.756188</vAcc></extensions></trkpt>
      <trkpt lon="-76.447436" lat="39.345241"><ele>21.828184</ele><time>2022-04-12T15:57:10Z</time><extensions><speed>1.252837</speed><course>84.660744</course><hAcc>1.760746</hAcc><vAcc>0.757490</vAcc></extensions></trkpt>
      <trkpt lon="-76.447422" lat="39.345242"><ele>21.814795</ele><time>2022-04-12T15:57:11Z</time><extensions><speed>1.247208</speed><course>84.313484</course><hAcc>1.755222</hAcc><vAcc>0.758932</vAcc></extensions></trkpt>
      <trkpt lon="-76.447408" lat="39.345243"><ele>21.777025</ele><time>2022-04-12T15:57:12Z</time><extensions><speed>1.183130</speed><course>84.076942</course><hAcc>1.749521</hAcc><vAcc>0.760509</vAcc></extensions></trkpt>
      <trkpt lon="-76.447395" lat="39.345244"><ele>21.721159</ele><time>2022-04-12T15:57:13Z</time><extensions><speed>1.036618</speed><course>85.290070</course><hAcc>1.759112</hAcc><vAcc>0.762125</vAcc></extensions></trkpt>
      <trkpt lon="-76.447383" lat="39.345245"><ele>21.696804</ele><time>2022-04-12T15:57:14Z</time><extensions><speed>1.104781</speed><course>87.978828</course><hAcc>1.734074</hAcc><vAcc>0.763749</vAcc></extensions></trkpt>
      <trkpt lon="-76.447370" lat="39.345245"><ele>21.703667</ele><time>2022-04-12T15:57:15Z</time><extensions><speed>1.160350</speed><course>86.975784</course><hAcc>1.708366</hAcc><vAcc>0.765375</vAcc></extensions></trkpt>
      <trkpt lon="-76.447356" lat="39.345246"><ele>21.653631</ele><time>2022-04-12T15:57:16Z</time><extensions><speed>1.238012</speed><course>83.433258</course><hAcc>1.696301</hAcc><vAcc>0.766945</vAcc></extensions></trkpt>
      <trkpt lon="-76.447342" lat="39.345248"><ele>21.599834</ele><time>2022-04-12T15:57:17Z</time><extensions><speed>1.246329</speed><course>77.758881</course><hAcc>1.699885</hAcc><vAcc>0.768490</vAcc></extensions></trkpt>
      <trkpt lon="-76.447328" lat="39.345251"><ele>21.560127</ele><time>2022-04-12T15:57:18Z</time><extensions><speed>1.278527</speed><course>70.047997</course><hAcc>1.716600</hAcc><vAcc>0.769965</vAcc></extensions></trkpt>
      <trkpt lon="-76.447314" lat="39.345256"><ele>21.528433</ele><time>2022-04-12T15:57:19Z</time><extensions><speed>1.362657</speed><course>64.938904</course><hAcc>1.727533</hAcc><vAcc>0.771382</vAcc></extensions></trkpt>
      <trkpt lon="-76.447300" lat="39.345261"><ele>21.492430</ele><time>2022-04-12T15:57:20Z</time><extensions><speed>1.264377</speed><course>59.204540</course><hAcc>1.721960</hAcc><vAcc>0.772742</vAcc></extensions></trkpt>
      <trkpt lon="-76.447288" lat="39.345267"><ele>21.451801</ele><time>2022-04-12T15:57:21Z</time><extensions><speed>1.216292</speed><course>58.548050</course><hAcc>1.701332</hAcc><vAcc>0.774012</vAcc></extensions></trkpt>
      <trkpt lon="-76.447277" lat="39.345273"><ele>21.415745</ele><time>2022-04-12T15:57:22Z</time><extensions><speed>1.173563</speed><course>53.157013</course><hAcc>1.699310</hAcc><vAcc>0.775194</vAcc></extensions></trkpt>
      <trkpt lon="-76.447266" lat="39.345279"><ele>21.387032</ele><time>2022-04-12T15:57:23Z</time><extensions><speed>1.102178</speed><course>51.492924</course><hAcc>1.701233</hAcc><vAcc>0.776228</vAcc></extensions></trkpt>
      <trkpt lon="-76.447257" lat="39.345285"><ele>21.366493</ele><time>2022-04-12T15:57:24Z</time><extensions><speed>1.013003</speed><course>50.264153</course><hAcc>1.691613</hAcc><vAcc>0.777199</vAcc></extensions></trkpt>
      <trkpt lon="-76.447248" lat="39.345291"><ele>21.359980</ele><time>2022-04-12T15:57:25Z</time><extensions><speed>1.054341</speed><course>46.436588</course><hAcc>1.685793</hAcc><vAcc>0.777849</vAcc></extensions></trkpt>
      <trkpt lon="-76.447238" lat="39.345298"><ele>21.371122</ele><time>2022-04-12T15:57:26Z</time><extensions><speed>1.137686</speed><course>50.153637</course><hAcc>1.711057</hAcc><vAcc>0.778413</vAcc></extensions></trkpt>
      <trkpt lon="-76.447228" lat="39.345304"><ele>21.376310</ele><time>2022-04-12T15:57:27Z</time><extensions><speed>1.088011</speed><course>50.992733</course><hAcc>1.761362</hAcc><vAcc>0.778825</vAcc></extensions></trkpt>
      <trkpt lon="-76.447220" lat="39.345309"><ele>21.384846</ele><time>2022-04-12T15:57:28Z</time><extensions><speed>0.699965</speed><course>51.258991</course><hAcc>1.712774</hAcc><vAcc>0.779012</vAcc></extensions></trkpt>
      <trkpt lon="-76.447215" lat="39.345312"><ele>21.399290</ele><time>2022-04-12T15:57:29Z</time><extensions><speed>0.360321</speed><course>45.102821</course><hAcc>1.700456</hAcc><vAcc>0.779034</vAcc></extensions></trkpt>
      <trkpt lon="-76.447214" lat="39.345314"><ele>21.411825</ele><time>2022-04-12T15:57:30Z</time><extensions><speed>0.083298</speed><course>44.108479</course><hAcc>1.735283</hAcc><vAcc>0.779000</vAcc></extensions></trkpt>
      <trkpt lon="-76.447213" lat="39.345314"><ele>21.436491</ele><time>2022-04-12T15:57:31Z</time><extensions><speed>0.024145</speed><course>90.486893</course><hAcc>1.747750</hAcc><vAcc>0.778915</vAcc></extensions></trkpt>
      <trkpt lon="-76.447213" lat="39.345314"><ele>21.456379</ele><time>2022-04-12T15:57:32Z</time><extensions><speed>0.061422</speed><course>96.355621</course><hAcc>1.765863</hAcc><vAcc>0.778796</vAcc></extensions></trkpt>
      <trkpt lon="-76.447212" lat="39.345314"><ele>21.472963</ele><time>2022-04-12T15:57:33Z</time><extensions><speed>0.137990</speed><course>89.118042</course><hAcc>1.785154</hAcc><vAcc>0.778658</vAcc></extensions></trkpt>
      <trkpt lon="-76.447209" lat="39.345314"><ele>21.491148</ele><time>2022-04-12T15:57:34Z</time><extensions><speed>0.244901</speed><course>86.854012</course><hAcc>1.798516</hAcc><vAcc>0.778542</vAcc></extensions></trkpt>
      <trkpt lon="-76.447206" lat="39.345314"><ele>21.507498</ele><time>2022-04-12T15:57:35Z</time><extensions><speed>0.376030</speed><course>86.058640</course><hAcc>1.803594</hAcc><vAcc>0.778618</vAcc></extensions></trkpt>
      <trkpt lon="-76.447200" lat="39.345314"><ele>21.522671</ele><time>2022-04-12T15:57:36Z</time><extensions><speed>0.553507</speed><course>85.544167</course><hAcc>1.803341</hAcc><vAcc>0.778866</vAcc></extensions></trkpt>
      <trkpt lon="-76.447193" lat="39.345314"><ele>21.530462</ele><time>2022-04-12T15:57:37Z</time><extensions><speed>0.692574</speed><course>92.708885</course><hAcc>1.801392</hAcc><vAcc>0.779315</vAcc></extensions></trkpt>
      <trkpt lon="-76.447184" lat="39.345313"><ele>21.528311</ele><time>2022-04-12T15:57:38Z</time><extensions><speed>0.830993</speed><course>104.291710</course><hAcc>1.805522</hAcc><vAcc>0.779951</vAcc></extensions></trkpt>
      <trkpt lon="-76.447175" lat="39.345310"><ele>21.526165</ele><time>2022-04-12T15:57:39Z</time><extensions><speed>0.910162</speed><course>120.183441</course><hAcc>1.800956</hAcc><vAcc>0.780717</vAcc></extensions></trkpt>
      <trkpt lon="-76.447167" lat="39.345305"><ele>21.515291</ele><time>2022-04-12T15:57:40Z</time><extensions><speed>0.934435</speed><course>134.709274</course><hAcc>1.796537</hAcc><vAcc>0.781517</vAcc></extensions></trkpt>
      <trkpt lon="-76.447159" lat="39.345299"><ele>21.499462</ele><time>2022-04-12T15:57:41Z</time><extensions><speed>1.014260</speed><course>143.874680</course><hAcc>1.790356</hAcc><vAcc>0.782317</vAcc></extensions></trkpt>
      <trkpt lon="-76.447153" lat="39.345291"><ele>21.478664</ele><time>2022-04-12T15:57:42Z</time><extensions><speed>1.109616</speed><course>147.881744</course><hAcc>1.784149</hAcc><vAcc>0.783073</vAcc></extensions></trkpt>
      <trkpt lon="-76.447145" lat="39.345282"><ele>21.448341</ele><time>2022-04-12T15:57:43Z</time><extensions><speed>1.236815</speed><course>147.573059</course><hAcc>1.779489</hAcc><vAcc>0.783767</vAcc></extensions></trkpt>
      <trkpt lon="-76.447137" lat="39.345272"><ele>21.410137</ele><time>2022-04-12T15:57:44Z</time><extensions><speed>1.287055</speed><course>144.722809</course><hAcc>1.779732</hAcc><vAcc>0.784432</vAcc></extensions></trkpt>
      <trkpt lon="-76.447128" lat="39.345263"><ele>21.360878</ele><time>2022-04-12T15:57:45Z</time><extensions><speed>1.279294</speed><course>141.177292</course><hAcc>1.782969</hAcc><vAcc>0.785082</vAcc></extensions></trkpt>
      <trkpt lon="-76.447118" lat="39.345254"><ele>21.307163</ele><time>2022-04-12T15:57:46Z</time><extensions><speed>1.310081</speed><course>137.412201</course><hAcc>1.780603</hAcc><vAcc>0.785765</vAcc></extensions></trkpt>
      <trkpt lon="-76.447108" lat="39.345246"><ele>21.228590</ele><time>2022-04-12T15:57:47Z</time><extensions><speed>1.299937</speed><course>134.741409</course><hAcc>1.779145</hAcc><vAcc>0.786479</vAcc></extensions></trkpt>
      <trkpt lon="-76.447097" lat="39.345238"><ele>21.172857</ele><time>2022-04-12T15:57:48Z</time><extensions><speed>1.220084</speed><course>133.298126</course><hAcc>1.780799</hAcc><vAcc>0.787247</vAcc></extensions></trkpt>
      <trkpt lon="-76.447087" lat="39.345230"><ele>21.109350</ele><time>2022-04-12T15:57:49Z</time><extensions><speed>1.236803</speed><course>132.232712</course><hAcc>1.772832</hAcc><vAcc>0.788086</vAcc></extensions></trkpt>
      <trkpt lon="-76.447076" lat="39.345223"><ele>21.044054</ele><time>2022-04-12T15:57:50Z</time><extensions><speed>1.260562</speed><course>131.915146</course><hAcc>1.767921</hAcc><vAcc>0.788993</vAcc></extensions></trkpt>
      <trkpt lon="-76.447066" lat="39.345215"><ele>20.965868</ele><time>2022-04-12T15:57:51Z</time><extensions><speed>1.208891</speed><course>132.282898</course><hAcc>1.766964</hAcc><vAcc>0.789955</vAcc></extensions></trkpt>
      <trkpt lon="-76.447056" lat="39.345208"><ele>20.893080</ele><time>2022-04-12T15:57:52Z</time><extensions><speed>1.145428</speed><course>133.647095</course><hAcc>1.762011</hAcc><vAcc>0.790950</vAcc></extensions></trkpt>
      <trkpt lon="-76.447046" lat="39.345201"><ele>20.808371</ele><time>2022-04-12T15:57:53Z</time><extensions><speed>1.172767</speed><course>134.305511</course><hAcc>1.749215</hAcc><vAcc>0.791971</vAcc></extensions></trkpt>
      <trkpt lon="-76.447036" lat="39.345193"><ele>20.722826</ele><time>2022-04-12T15:57:54Z</time><extensions><speed>1.257032</speed><course>133.024490</course><hAcc>1.729152</hAcc><vAcc>0.793023</vAcc></extensions></trkpt>
      <trkpt lon="-76.447024" lat="39.345185"><ele>20.654531</ele><time>2022-04-12T15:57:55Z</time><extensions><speed>1.341017</speed><course>130.101151</course><hAcc>1.712138</hAcc><vAcc>0.794043</vAcc></extensions></trkpt>
      <trkpt lon="-76.447012" lat="39.345178"><ele>20.587749</ele><time>2022-04-12T15:57:56Z</time><extensions><speed>1.324869</speed><course>128.066498</course><hAcc>1.722847</hAcc><vAcc>0.794985</vAcc></extensions></trkpt>
      <trkpt lon="-76.447001" lat="39.345171"><ele>20.518696</ele><time>2022-04-12T15:57:57Z</time><extensions><speed>1.200529</speed><course>125.746117</course><hAcc>1.758160</hAcc><vAcc>0.795826</vAcc></extensions></trkpt>
      <trkpt lon="-76.446990" lat="39.345164"><ele>20.431982</ele><time>2022-04-12T15:57:58Z</time><extensions><speed>1.137943</speed><course>134.536697</course><hAcc>1.715825</hAcc><vAcc>0.796524</vAcc></extensions></trkpt>
      <trkpt lon="-76.446981" lat="39.345157"><ele>20.354717</ele><time>2022-04-12T15:57:59Z</time><extensions><speed>1.140776</speed><course>139.511475</course><hAcc>1.698352</hAcc><vAcc>0.797091</vAcc></extensions></trkpt>
      <trkpt lon="-76.446973" lat="39.345149"><ele>20.281187</ele><time>2022-04-12T15:58:00Z</time><extensions><speed>1.071669</speed><course>144.338333</course><hAcc>1.709457</hAcc><vAcc>0.797466</vAcc></extensions></trkpt>
      <trkpt lon="-76.446966" lat="39.345141"><ele>20.225039</ele><time>2022-04-12T15:58:01Z</time><extensions><speed>1.130085</speed><course>144.001633</course><hAcc>1.718251</hAcc><vAcc>0.797638</vAcc></extensions></trkpt>
      <trkpt lon="-76.446958" lat="39.345132"><ele>20.157345</ele><time>2022-04-12T15:58:02Z</time><extensions><speed>1.231478</speed><course>142.918304</course><hAcc>1.718373</hAcc><vAcc>0.797720</vAcc></extensions></trkpt>
      <trkpt lon="-76.446949" lat="39.345123"><ele>20.160040</ele><time>2022-04-12T15:58:03Z</time><extensions><speed>1.266133</speed><course>141.331802</course><hAcc>1.719216</hAcc><vAcc>0.797657</vAcc></extensions></trkpt>
      <trkpt lon="-76.446940" lat="39.345114"><ele>20.174631</ele><time>2022-04-12T15:58:04Z</time><extensions><speed>1.342342</speed><course>141.345139</course><hAcc>1.724056</hAcc><vAcc>0.797547</vAcc></extensions></trkpt>
      <trkpt lon="-76.446930" lat="39.345105"><ele>20.198095</ele><time>2022-04-12T15:58:05Z</time><extensions><speed>1.397943</speed><course>140.965363</course><hAcc>1.729576</hAcc><vAcc>0.797364</vAcc></extensions></trkpt>
      <trkpt lon="-76.446920" lat="39.345095"><ele>20.228699</ele><time>2022-04-12T15:58:06Z</time><extensions><speed>1.415207</speed><course>143.210876</course><hAcc>1.708835</hAcc><vAcc>0.797139</vAcc></extensions></trkpt>
      <trkpt lon="-76.446910" lat="39.345084"><ele>20.235298</ele><time>2022-04-12T15:58:07Z</time><extensions><speed>1.362209</speed><course>147.394119</course><hAcc>1.694841</hAcc><vAcc>0.796868</vAcc></extensions></trkpt>
      <trkpt lon="-76.446902" lat="39.345073"><ele>20.261168</ele><time>2022-04-12T15:58:08Z</time><extensions><speed>1.410683</speed><course>151.874847</course><hAcc>1.701567</hAcc><vAcc>0.796600</vAcc></extensions></trkpt>
      <trkpt lon="-76.446895" lat="39.345062"><ele>20.302219</ele><time>2022-04-12T15:58:09Z</time><extensions><speed>1.412368</speed><course>152.509109</course><hAcc>1.719281</hAcc><vAcc>0.796298</vAcc></extensions></trkpt>
      <trkpt lon="-76.446887" lat="39.345051"><ele>20.320301</ele><time>2022-04-12T15:58:10Z</time><extensions><speed>1.394392</speed><course>156.033310</course><hAcc>1.687581</hAcc><vAcc>0.795897</vAcc></extensions></trkpt>
      <trkpt lon="-76.446881" lat="39.345040"><ele>20.336971</ele><time>2022-04-12T15:58:11Z</time><extensions><speed>1.311803</speed><course>158.343246</course><hAcc>1.667401</hAcc><vAcc>0.795518</vAcc></extensions></trkpt>
      <trkpt lon="-76.446876" lat="39.345029"><ele>20.345655</ele><time>2022-04-12T15:58:12Z</time><extensions><speed>1.185853</speed><course>160.396835</course><hAcc>1.674090</hAcc><vAcc>0.795096</vAcc></extensions></trkpt>
      <trkpt lon="-76.446872" lat="39.345019"><ele>20.341402</ele><time>2022-04-12T15:58:13Z</time><extensions><speed>1.169351</speed><course>163.404999</course><hAcc>1.704616</hAcc><vAcc>0.794657</vAcc></extensions></trkpt>
      <trkpt lon="-76.446868" lat="39.345009"><ele>20.316996</ele><time>2022-04-12T15:58:14Z</time><extensions><speed>1.240396</speed><course>164.299911</course><hAcc>1.703804</hAcc><vAcc>0.794177</vAcc></extensions></trkpt>
      <trkpt lon="-76.446864" lat="39.344998"><ele>20.273586</ele><time>2022-04-12T15:58:15Z</time><extensions><speed>1.242751</speed><course>166.934952</course><hAcc>1.690605</hAcc><vAcc>0.793661</vAcc></extensions></trkpt>
      <trkpt lon="-76.446861" lat="39.344987"><ele>20.255678</ele><time>2022-04-12T15:58:16Z</time><extensions><speed>1.220848</speed><course>166.520615</course><hAcc>1.698274</hAcc><vAcc>0.793102</vAcc></extensions></trkpt>
      <trkpt lon="-76.446857" lat="39.344976"><ele>20.195028</ele><time>2022-04-12T15:58:17Z</time><extensions><speed>1.205661</speed><course>162.847122</course><hAcc>1.714579</hAcc><vAcc>0.792514</vAcc></extensions></trkpt>
      <trkpt lon="-76.446853" lat="39.344966"><ele>20.124685</ele><time>2022-04-12T15:58:18Z</time><extensions><speed>1.214159</speed><course>161.611664</course><hAcc>1.731590</hAcc><vAcc>0.791965</vAcc></extensions></trkpt>
      <trkpt lon="-76.446848" lat="39.344955"><ele>20.051090</ele><time>2022-04-12T15:58:19Z</time><extensions><speed>1.266939</speed><course>159.473557</course><hAcc>1.741035</hAcc><vAcc>0.791490</vAcc></extensions></trkpt>
      <trkpt lon="-76.446843" lat="39.344945"><ele>19.971434</ele><time>2022-04-12T15:58:20Z</time><extensions><speed>1.287272</speed><course>154.162796</course><hAcc>1.743168</hAcc><vAcc>0.791141</vAcc></extensions></trkpt>
      <trkpt lon="-76.446836" lat="39.344934"><ele>19.905241</ele><time>2022-04-12T15:58:21Z</time><extensions><speed>1.290997</speed><course>152.907318</course><hAcc>1.742163</hAcc><vAcc>0.791021</vAcc></extensions></trkpt>
      <trkpt lon="-76.446830" lat="39.344924"><ele>19.840857</ele><time>2022-04-12T15:58:22Z</time><extensions><speed>1.292576</speed><course>153.893219</course><hAcc>1.728923</hAcc><vAcc>0.791086</vAcc></extensions></trkpt>
      <trkpt lon="-76.446823" lat="39.344913"><ele>19.779165</ele><time>2022-04-12T15:58:23Z</time><extensions><speed>1.302393</speed><course>154.617233</course><hAcc>1.709212</hAcc><vAcc>0.791456</vAcc></extensions></trkpt>
      <trkpt lon="-76.446818" lat="39.344903"><ele>19.729204</ele><time>2022-04-12T15:58:24Z</time><extensions><speed>1.266482</speed><course>158.866165</course><hAcc>1.686493</hAcc><vAcc>0.792018</vAcc></extensions></trkpt>
      <trkpt lon="-76.446813" lat="39.344892"><ele>19.677271</ele><time>2022-04-12T15:58:25Z</time><extensions><speed>1.339826</speed><course>161.910599</course><hAcc>1.666867</hAcc><vAcc>0.792799</vAcc></extensions></trkpt>
      <trkpt lon="-76.446808" lat="39.344880"><ele>19.639206</ele><time>2022-04-12T15:58:26Z</time><extensions><speed>1.388881</speed><course>163.638641</course><hAcc>1.674300</hAcc><vAcc>0.793683</vAcc></extensions></trkpt>
      <trkpt lon="-76.446804" lat="39.344868"><ele>19.607454</ele><time>2022-04-12T15:58:27Z</time><extensions><speed>1.412969</speed><course>168.339447</course><hAcc>1.657968</hAcc><vAcc>0.794656</vAcc></extensions></trkpt>
      <trkpt lon="-76.446801" lat="39.344856"><ele>19.576370</ele><time>2022-04-12T15:58:28Z</time><extensions><speed>1.398731</speed><course>171.338959</course><hAcc>1.672674</hAcc><vAcc>0.795613</vAcc></extensions></trkpt>
      <trkpt lon="-76.446801" lat="39.344843"><ele>19.558390</ele><time>2022-04-12T15:58:29Z</time><extensions><speed>1.330629</speed><course>185.069046</course><hAcc>1.637139</hAcc><vAcc>0.796532</vAcc></extensions></trkpt>
      <trkpt lon="-76.446803" lat="39.344832"><ele>19.518900</ele><time>2022-04-12T15:58:30Z</time><extensions><speed>1.282493</speed><course>194.145401</course><hAcc>1.621348</hAcc><vAcc>0.797365</vAcc></extensions></trkpt>
      <trkpt lon="-76.446808" lat="39.344821"><ele>19.468960</ele><time>2022-04-12T15:58:31Z</time><extensions><speed>1.185925</speed><course>201.650635</course><hAcc>1.630598</hAcc><vAcc>0.798058</vAcc></extensions></trkpt>
      <trkpt lon="-76.446813" lat="39.344813"><ele>19.415869</ele><time>2022-04-12T15:58:32Z</time><extensions><speed>1.029242</speed><course>210.026154</course><hAcc>1.643610</hAcc><vAcc>0.798708</vAcc></extensions></trkpt>
      <trkpt lon="-76.446819" lat="39.344805"><ele>19.362171</ele><time>2022-04-12T15:58:33Z</time><extensions><speed>0.908351</speed><course>215.618652</course><hAcc>1.673125</hAcc><vAcc>0.799296</vAcc></extensions></trkpt>
      <trkpt lon="-76.446826" lat="39.344799"><ele>19.288982</ele><time>2022-04-12T15:58:34Z</time><extensions><speed>0.960773</speed><course>222.048843</course><hAcc>1.665913</hAcc><vAcc>0.799781</vAcc></extensions></trkpt>
      <trkpt lon="-76.446834" lat="39.344792"><ele>19.212929</ele><time>2022-04-12T15:58:35Z</time><extensions><speed>0.939000</speed><course>224.428116</course><hAcc>1.679945</hAcc><vAcc>0.800106</vAcc></extensions></trkpt>
      <trkpt lon="-76.446841" lat="39.344787"><ele>19.146273</ele><time>2022-04-12T15:58:36Z</time><extensions><speed>0.863817</speed><course>227.133957</course><hAcc>1.674736</hAcc><vAcc>0.800269</vAcc></extensions></trkpt>
      <trkpt lon="-76.446849" lat="39.344782"><ele>19.081039</ele><time>2022-04-12T15:58:37Z</time><extensions><speed>0.885379</speed><course>230.373566</course><hAcc>1.681022</hAcc><vAcc>0.800309</vAcc></extensions></trkpt>
      <trkpt lon="-76.446857" lat="39.344777"><ele>19.019661</ele><time>2022-04-12T15:58:38Z</time><extensions><speed>0.923381</speed><course>232.496582</course><hAcc>1.692593</hAcc><vAcc>0.800218</vAcc></extensions></trkpt>
      <trkpt lon="-76.446865" lat="39.344772"><ele>18.963978</ele><time>2022-04-12T15:58:39Z</time><extensions><speed>0.831594</speed><course>234.268814</course><hAcc>1.706260</hAcc><vAcc>0.800016</vAcc></extensions></trkpt>
      <trkpt lon="-76.446873" lat="39.344768"><ele>18.915356</ele><time>2022-04-12T15:58:40Z</time><extensions><speed>0.635972</speed><course>239.961929</course><hAcc>1.719538</hAcc><vAcc>0.799757</vAcc></extensions></trkpt>
      <trkpt lon="-76.446879" lat="39.344766"><ele>18.861172</ele><time>2022-04-12T15:58:41Z</time><extensions><speed>0.571576</speed><course>251.230453</course><hAcc>1.725941</hAcc><vAcc>0.803284</vAcc></extensions></trkpt>
      <trkpt lon="-76.446886" lat="39.344764"><ele>18.814831</ele><time>2022-04-12T15:58:42Z</time><extensions><speed>0.669563</speed><course>255.701172</course><hAcc>1.726965</hAcc><vAcc>0.809263</vAcc></extensions></trkpt>
      <trkpt lon="-76.446894" lat="39.344763"><ele>18.831787</ele><time>2022-04-12T15:58:43Z</time><extensions><speed>0.719984</speed><course>259.165436</course><hAcc>1.727374</hAcc><vAcc>0.809804</vAcc></extensions></trkpt>
      <trkpt lon="-76.446902" lat="39.344762"><ele>18.873833</ele><time>2022-04-12T15:58:44Z</time><extensions><speed>0.750682</speed><course>261.250977</course><hAcc>1.729184</hAcc><vAcc>0.811084</vAcc></extensions></trkpt>
      <trkpt lon="-76.446911" lat="39.344761"><ele>18.923956</ele><time>2022-04-12T15:58:45Z</time><extensions><speed>0.771383</speed><course>261.468750</course><hAcc>1.723175</hAcc><vAcc>0.812414</vAcc></extensions></trkpt>
      <trkpt lon="-76.446920" lat="39.344760"><ele>18.976322</ele><time>2022-04-12T15:58:46Z</time><extensions><speed>0.767989</speed><course>261.653351</course><hAcc>1.712350</hAcc><vAcc>0.813789</vAcc></extensions></trkpt>
      <trkpt lon="-76.446928" lat="39.344759"><ele>19.035334</ele><time>2022-04-12T15:58:47Z</time><extensions><speed>0.680339</speed><course>262.475494</course><hAcc>1.706607</hAcc><vAcc>0.815110</vAcc></extensions></trkpt>
      <trkpt lon="-76.446935" lat="39.344758"><ele>19.085705</ele><time>2022-04-12T15:58:48Z</time><extensions><speed>0.491160</speed><course>262.947205</course><hAcc>1.699525</hAcc><vAcc>0.816043</vAcc></extensions></trkpt>
      <trkpt lon="-76.446941" lat="39.344758"><ele>19.134556</ele><time>2022-04-12T15:58:49Z</time><extensions><speed>0.614343</speed><course>261.817505</course><hAcc>1.653394</hAcc><vAcc>0.816309</vAcc></extensions></trkpt>
      <trkpt lon="-76.446950" lat="39.344757"><ele>19.163378</ele><time>2022-04-12T15:58:50Z</time><extensions><speed>0.798168</speed><course>259.166840</course><hAcc>1.652695</hAcc><vAcc>0.815627</vAcc></extensions></trkpt>
      <trkpt lon="-76.446958" lat="39.344756"><ele>19.233234</ele><time>2022-04-12T15:58:51Z</time><extensions><speed>0.764495</speed><course>256.689148</course><hAcc>1.726398</hAcc><vAcc>0.813551</vAcc></extensions></trkpt>
      <trkpt lon="-76.446967" lat="39.344754"><ele>19.293434</ele><time>2022-04-12T15:58:52Z</time><extensions><speed>0.770850</speed><course>258.100403</course><hAcc>1.720632</hAcc><vAcc>0.809726</vAcc></extensions></trkpt>
      <trkpt lon="-76.446976" lat="39.344753"><ele>19.369402</ele><time>2022-04-12T15:58:53Z</time><extensions><speed>0.772694</speed><course>261.721710</course><hAcc>1.661170</hAcc><vAcc>0.804404</vAcc></extensions></trkpt>
      <trkpt lon="-76.446985" lat="39.344752"><ele>19.427330</ele><time>2022-04-12T15:58:54Z</time><extensions><speed>0.791965</speed><course>262.538696</course><hAcc>1.687157</hAcc><vAcc>0.798162</vAcc></extensions></trkpt>
      <trkpt lon="-76.446994" lat="39.344751"><ele>19.464386</ele><time>2022-04-12T15:58:55Z</time><extensions><speed>0.872460</speed><course>267.175354</course><hAcc>1.730444</hAcc><vAcc>0.791661</vAcc></extensions></trkpt>
      <trkpt lon="-76.447005" lat="39.344751"><ele>19.490231</ele><time>2022-04-12T15:58:56Z</time><extensions><speed>0.972320</speed><course>273.038574</course><hAcc>1.757259</hAcc><vAcc>0.785406</vAcc></extensions></trkpt>
      <trkpt lon="-76.447017" lat="39.344752"><ele>19.499228</ele><time>2022-04-12T15:58:57Z</time><extensions><speed>1.006796</speed><course>280.266296</course><hAcc>1.770961</hAcc><vAcc>0.779790</vAcc></extensions></trkpt>
      <trkpt lon="-76.447028" lat="39.344754"><ele>19.527744</ele><time>2022-04-12T15:58:58Z</time><extensions><speed>1.071678</speed><course>282.868378</course><hAcc>1.777049</hAcc><vAcc>0.775078</vAcc></extensions></trkpt>
      <trkpt lon="-76.447041" lat="39.344756"><ele>19.520716</ele><time>2022-04-12T15:58:59Z</time><extensions><speed>1.092639</speed><course>283.743683</course><hAcc>1.780833</hAcc><vAcc>0.771455</vAcc></extensions></trkpt>
      <trkpt lon="-76.447053" lat="39.344758"><ele>19.501581</ele><time>2022-04-12T15:59:00Z</time><extensions><speed>1.078345</speed><course>281.079742</course><hAcc>1.781639</hAcc><vAcc>0.768915</vAcc></extensions></trkpt>
      <trkpt lon="-76.447065" lat="39.344760"><ele>19.478439</ele><time>2022-04-12T15:59:01Z</time><extensions><speed>1.061279</speed><course>273.679993</course><hAcc>1.782663</hAcc><vAcc>0.767413</vAcc></extensions></trkpt>
      <trkpt lon="-76.447078" lat="39.344760"><ele>19.447420</ele><time>2022-04-12T15:59:02Z</time><extensions><speed>1.058419</speed><course>268.429260</course><hAcc>1.780533</hAcc><vAcc>0.766867</vAcc></extensions></trkpt>
      <trkpt lon="-76.447090" lat="39.344759"><ele>19.420197</ele><time>2022-04-12T15:59:03Z</time><extensions><speed>1.095386</speed><course>266.226624</course><hAcc>1.783992</hAcc><vAcc>0.767134</vAcc></extensions></trkpt>
      <trkpt lon="-76.447103" lat="39.344759"><ele>19.392105</ele><time>2022-04-12T15:59:04Z</time><extensions><speed>1.139177</speed><course>267.169708</course><hAcc>1.777552</hAcc><vAcc>0.768106</vAcc></extensions></trkpt>
      <trkpt lon="-76.447116" lat="39.344758"><ele>19.368542</ele><time>2022-04-12T15:59:05Z</time><extensions><speed>1.102863</speed><course>266.736633</course><hAcc>1.775554</hAcc><vAcc>0.769648</vAcc></extensions></trkpt>
      <trkpt lon="-76.447129" lat="39.344757"><ele>19.341347</ele><time>2022-04-12T15:59:06Z</time><extensions><speed>1.140428</speed><course>265.661713</course><hAcc>1.776291</hAcc><vAcc>0.771615</vAcc></extensions></trkpt>
      <trkpt lon="-76.447142" lat="39.344756"><ele>19.318462</ele><time>2022-04-12T15:59:07Z</time><extensions><speed>1.151690</speed><course>261.772980</course><hAcc>1.770490</hAcc><vAcc>0.773965</vAcc></extensions></trkpt>
      <trkpt lon="-76.447155" lat="39.344754"><ele>19.296967</ele><time>2022-04-12T15:59:08Z</time><extensions><speed>1.066877</speed><course>256.279114</course><hAcc>1.768853</hAcc><vAcc>0.776538</vAcc></extensions></trkpt>
      <trkpt lon="-76.447166" lat="39.344752"><ele>19.295218</ele><time>2022-04-12T15:59:09Z</time><extensions><speed>0.889544</speed><course>251.692810</course><hAcc>1.772404</hAcc><vAcc>0.779187</vAcc></extensions></trkpt>
      <trkpt lon="-76.447175" lat="39.344749"><ele>19.293875</ele><time>2022-04-12T15:59:10Z</time><extensions><speed>0.859420</speed><course>250.965317</course><hAcc>1.769779</hAcc><vAcc>0.781745</vAcc></extensions></trkpt>
      <trkpt lon="-76.447185" lat="39.344747"><ele>19.287983</ele><time>2022-04-12T15:59:11Z</time><extensions><speed>0.918308</speed><course>250.310669</course><hAcc>1.763972</hAcc><vAcc>0.784115</vAcc></extensions></trkpt>
      <trkpt lon="-76.447196" lat="39.344744"><ele>19.294537</ele><time>2022-04-12T15:59:12Z</time><extensions><speed>0.976354</speed><course>250.900970</course><hAcc>1.760379</hAcc><vAcc>0.786188</vAcc></extensions></trkpt>
      <trkpt lon="-76.447206" lat="39.344741"><ele>19.288326</ele><time>2022-04-12T15:59:13Z</time><extensions><speed>1.012074</speed><course>251.208252</course><hAcc>1.758868</hAcc><vAcc>0.787863</vAcc></extensions></trkpt>
      <trkpt lon="-76.447218" lat="39.344738"><ele>19.320412</ele><time>2022-04-12T15:59:14Z</time><extensions><speed>1.057800</speed><course>251.276016</course><hAcc>1.762023</hAcc><vAcc>0.789176</vAcc></extensions></trkpt>
      <trkpt lon="-76.447230" lat="39.344735"><ele>19.324167</ele><time>2022-04-12T15:59:15Z</time><extensions><speed>1.093518</speed><course>251.556137</course><hAcc>1.763686</hAcc><vAcc>0.790114</vAcc></extensions></trkpt>
      <trkpt lon="-76.447242" lat="39.344732"><ele>19.329094</ele><time>2022-04-12T15:59:16Z</time><extensions><speed>1.114762</speed><course>250.358994</course><hAcc>1.761312</hAcc><vAcc>0.790725</vAcc></extensions></trkpt>
      <trkpt lon="-76.447254" lat="39.344728"><ele>19.332359</ele><time>2022-04-12T15:59:17Z</time><extensions><speed>1.173227</speed><course>248.397751</course><hAcc>1.759579</hAcc><vAcc>0.791156</vAcc></extensions></trkpt>
      <trkpt lon="-76.447267" lat="39.344724"><ele>19.341640</ele><time>2022-04-12T15:59:18Z</time><extensions><speed>1.140519</speed><course>247.280014</course><hAcc>1.751760</hAcc><vAcc>0.791438</vAcc></extensions></trkpt>
      <trkpt lon="-76.447279" lat="39.344720"><ele>19.350040</ele><time>2022-04-12T15:59:19Z</time><extensions><speed>1.063285</speed><course>246.712067</course><hAcc>1.732289</hAcc><vAcc>0.791633</vAcc></extensions></trkpt>
      <trkpt lon="-76.447290" lat="39.344716"><ele>19.355007</ele><time>2022-04-12T15:59:20Z</time><extensions><speed>1.041323</speed><course>248.686203</course><hAcc>1.709586</hAcc><vAcc>0.791743</vAcc></extensions></trkpt>
      <trkpt lon="-76.447301" lat="39.344713"><ele>19.359001</ele><time>2022-04-12T15:59:21Z</time><extensions><speed>1.006835</speed><course>249.932617</course><hAcc>1.693468</hAcc><vAcc>0.791761</vAcc></extensions></trkpt>
      <trkpt lon="-76.447312" lat="39.344710"><ele>19.343338</ele><time>2022-04-12T15:59:21Z</time><extensions><speed>0.980013</speed><course>252.112762</course><hAcc>1.686710</hAcc><vAcc>0.791648</vAcc></extensions></trkpt>
      <trkpt lon="-76.447323" lat="39.344708"><ele>19.333954</ele><time>2022-04-12T15:59:22Z</time><extensions><speed>0.936162</speed><course>254.962051</course><hAcc>1.705522</hAcc><vAcc>0.791430</vAcc></extensions></trkpt>
      <trkpt lon="-76.447334" lat="39.344706"><ele>19.315678</ele><time>2022-04-12T15:59:23Z</time><extensions><speed>0.966482</speed><course>260.318970</course><hAcc>1.725460</hAcc><vAcc>0.791149</vAcc></extensions></trkpt>
      <trkpt lon="-76.447345" lat="39.344704"><ele>19.304176</ele><time>2022-04-12T15:59:24Z</time><extensions><speed>1.099784</speed><course>258.066498</course><hAcc>1.677112</hAcc><vAcc>0.790756</vAcc></extensions></trkpt>
      <trkpt lon="-76.447358" lat="39.344702"><ele>19.284357</ele><time>2022-04-12T15:59:25Z</time><extensions><speed>1.165734</speed><course>257.280426</course><hAcc>1.670347</hAcc><vAcc>0.790228</vAcc></extensions></trkpt>
      <trkpt lon="-76.447372" lat="39.344699"><ele>19.277870</ele><time>2022-04-12T15:59:27Z</time><extensions><speed>1.186989</speed><course>255.969208</course><hAcc>1.695082</hAcc><vAcc>0.789595</vAcc></extensions></trkpt>
      <trkpt lon="-76.447386" lat="39.344697"><ele>19.260483</ele><time>2022-04-12T15:59:28Z</time><extensions><speed>1.287418</speed><course>256.234283</course><hAcc>1.711692</hAcc><vAcc>0.788819</vAcc></extensions></trkpt>
      <trkpt lon="-76.447400" lat="39.344694"><ele>19.255724</ele><time>2022-04-12T15:59:29Z</time><extensions><speed>1.309596</speed><course>255.817642</course><hAcc>1.735866</hAcc><vAcc>0.787934</vAcc></extensions></trkpt>
      <trkpt lon="-76.447415" lat="39.344691"><ele>19.250050</ele><time>2022-04-12T15:59:30Z</time><extensions><speed>1.311568</speed><course>254.471924</course><hAcc>1.739945</hAcc><vAcc>0.787014</vAcc></extensions></trkpt>
      <trkpt lon="-76.447429" lat="39.344688"><ele>19.236839</ele><time>2022-04-12T15:59:31Z</time><extensions><speed>1.232145</speed><course>253.012955</course><hAcc>1.745317</hAcc><vAcc>0.786049</vAcc></extensions></trkpt>
      <trkpt lon="-76.447442" lat="39.344684"><ele>19.229122</ele><time>2022-04-12T15:59:32Z</time><extensions><speed>1.097311</speed><course>252.523499</course><hAcc>1.753779</hAcc><vAcc>0.785088</vAcc></extensions></trkpt>
      <trkpt lon="-76.447454" lat="39.344682"><ele>19.227316</ele><time>2022-04-12T15:59:33Z</time><extensions><speed>0.992786</speed><course>252.064194</course><hAcc>1.762305</hAcc><vAcc>0.784249</vAcc></extensions></trkpt>
      <trkpt lon="-76.447465" lat="39.344679"><ele>19.241997</ele><time>2022-04-12T15:59:34Z</time><extensions><speed>1.022577</speed><course>253.165588</course><hAcc>1.767223</hAcc><vAcc>0.783525</vAcc></extensions></trkpt>
      <trkpt lon="-76.447476" lat="39.344676"><ele>19.263947</ele><time>2022-04-12T15:59:35Z</time><extensions><speed>1.041312</speed><course>254.184570</course><hAcc>1.769312</hAcc><vAcc>0.782951</vAcc></extensions></trkpt>
      <trkpt lon="-76.447488" lat="39.344674"><ele>19.272526</ele><time>2022-04-12T15:59:36Z</time><extensions><speed>1.125166</speed><course>253.816544</course><hAcc>1.771632</hAcc><vAcc>0.782550</vAcc></extensions></trkpt>
      <trkpt lon="-76.447501" lat="39.344671"><ele>19.290588</ele><time>2022-04-12T15:59:37Z</time><extensions><speed>1.170200</speed><course>253.936981</course><hAcc>1.771947</hAcc><vAcc>0.782358</vAcc></extensions></trkpt>
      <trkpt lon="-76.447514" lat="39.344668"><ele>19.283484</ele><time>2022-04-12T15:59:38Z</time><extensions><speed>1.177233</speed><course>254.257401</course><hAcc>1.764989</hAcc><vAcc>0.782355</vAcc></extensions></trkpt>
      <trkpt lon="-76.447527" lat="39.344665"><ele>19.281487</ele><time>2022-04-12T15:59:39Z</time><extensions><speed>1.202302</speed><course>253.746353</course><hAcc>1.762096</hAcc><vAcc>0.782522</vAcc></extensions></trkpt>
      <trkpt lon="-76.447541" lat="39.344662"><ele>19.277533</ele><time>2022-04-12T15:59:40Z</time><extensions><speed>1.244016</speed><course>252.776398</course><hAcc>1.761505</hAcc><vAcc>0.782808</vAcc></extensions></trkpt>
      <trkpt lon="-76.447555" lat="39.344658"><ele>19.269007</ele><time>2022-04-12T15:59:41Z</time><extensions><speed>1.286223</speed><course>252.797501</course><hAcc>1.759175</hAcc><vAcc>0.783255</vAcc></extensions></trkpt>
      <trkpt lon="-76.447569" lat="39.344655"><ele>19.272697</ele><time>2022-04-12T15:59:42Z</time><extensions><speed>1.239994</speed><course>255.090302</course><hAcc>1.750986</hAcc><vAcc>0.783774</vAcc></extensions></trkpt>
      <trkpt lon="-76.447583" lat="39.344653"><ele>19.295568</ele><time>2022-04-12T15:59:43Z</time><extensions><speed>1.152966</speed><course>259.130249</course><hAcc>1.744924</hAcc><vAcc>0.784227</vAcc></extensions></trkpt>
      <trkpt lon="-76.447596" lat="39.344651"><ele>19.295568</ele><time>2022-04-12T15:59:44Z</time><extensions><speed>1.115202</speed><course>259.896851</course><hAcc>1.731832</hAcc><vAcc>0.784572</vAcc></extensions></trkpt>
      <trkpt lon="-76.447608" lat="39.344649"><ele>19.277666</ele><time>2022-04-12T15:59:45Z</time><extensions><speed>1.096336</speed><course>260.474548</course><hAcc>1.730100</hAcc><vAcc>0.784708</vAcc></extensions></trkpt>
      <trkpt lon="-76.447621" lat="39.344647"><ele>19.258404</ele><time>2022-04-12T15:59:46Z</time><extensions><speed>1.071540</speed><course>259.149506</course><hAcc>1.743029</hAcc><vAcc>0.784676</vAcc></extensions></trkpt>
      <trkpt lon="-76.447633" lat="39.344645"><ele>19.235685</ele><time>2022-04-12T15:59:47Z</time><extensions><speed>1.060001</speed><course>253.929611</course><hAcc>1.745411</hAcc><vAcc>0.784464</vAcc></extensions></trkpt>
      <trkpt lon="-76.447644" lat="39.344642"><ele>19.203569</ele><time>2022-04-12T15:59:48Z</time><extensions><speed>0.987067</speed><course>250.123550</course><hAcc>1.735119</hAcc><vAcc>0.783955</vAcc></extensions></trkpt>
      <trkpt lon="-76.447655" lat="39.344639"><ele>19.169065</ele><time>2022-04-12T15:59:49Z</time><extensions><speed>1.005799</speed><course>247.908569</course><hAcc>1.729478</hAcc><vAcc>0.783126</vAcc></extensions></trkpt>
      <trkpt lon="-76.447666" lat="39.344635"><ele>19.175684</ele><time>2022-04-12T15:59:50Z</time><extensions><speed>1.141040</speed><course>247.921906</course><hAcc>1.739004</hAcc><vAcc>0.781903</vAcc></extensions></trkpt>
      <trkpt lon="-76.447679" lat="39.344631"><ele>19.185759</ele><time>2022-04-12T15:59:51Z</time><extensions><speed>1.246040</speed><course>248.693466</course><hAcc>1.755709</hAcc><vAcc>0.780280</vAcc></extensions></trkpt>
      <trkpt lon="-76.447693" lat="39.344627"><ele>19.203793</ele><time>2022-04-12T15:59:52Z</time><extensions><speed>1.313930</speed><course>251.340073</course><hAcc>1.759163</hAcc><vAcc>0.778392</vAcc></extensions></trkpt>
      <trkpt lon="-76.447708" lat="39.344624"><ele>19.220764</ele><time>2022-04-12T15:59:53Z</time><extensions><speed>1.272122</speed><course>253.261520</course><hAcc>1.756039</hAcc><vAcc>0.776131</vAcc></extensions></trkpt>
      <trkpt lon="-76.447721" lat="39.344621"><ele>19.258574</ele><time>2022-04-12T15:59:54Z</time><extensions><speed>1.184258</speed><course>255.529831</course><hAcc>1.756180</hAcc><vAcc>0.773548</vAcc></extensions></trkpt>
      <trkpt lon="-76.447734" lat="39.344619"><ele>19.299566</ele><time>2022-04-12T15:59:55Z</time><extensions><speed>1.037634</speed><course>258.176147</course><hAcc>1.760094</hAcc><vAcc>0.770686</vAcc></extensions></trkpt>
      <trkpt lon="-76.447745" lat="39.344617"><ele>19.300854</ele><time>2022-04-12T15:59:56Z</time><extensions><speed>0.969816</speed><course>262.748291</course><hAcc>1.774545</hAcc><vAcc>0.767591</vAcc></extensions></trkpt>
      <trkpt lon="-76.447756" lat="39.344616"><ele>19.292866</ele><time>2022-04-12T15:59:57Z</time><extensions><speed>0.951006</speed><course>268.378662</course><hAcc>1.795892</hAcc><vAcc>0.764324</vAcc></extensions></trkpt>
      <trkpt lon="-76.447768" lat="39.344617"><ele>19.281477</ele><time>2022-04-12T15:59:58Z</time><extensions><speed>1.048606</speed><course>272.552673</course><hAcc>1.775071</hAcc><vAcc>0.760845</vAcc></extensions></trkpt>
      <trkpt lon="-76.447780" lat="39.344617"><ele>19.283571</ele><time>2022-04-12T15:59:59Z</time><extensions><speed>1.064144</speed><course>274.649170</course><hAcc>1.767691</hAcc><vAcc>0.757066</vAcc></extensions></trkpt>
      <trkpt lon="-76.447792" lat="39.344618"><ele>19.219852</ele><time>2022-04-12T16:00:00Z</time><extensions><speed>1.045028</speed><course>275.705139</course><hAcc>1.778462</hAcc><vAcc>0.752795</vAcc></extensions></trkpt>
      <trkpt lon="-76.447804" lat="39.344619"><ele>19.130110</ele><time>2022-04-12T16:00:01Z</time><extensions><speed>0.931414</speed><course>276.872559</course><hAcc>1.785618</hAcc><vAcc>0.748268</vAcc></extensions></trkpt>
      <trkpt lon="-76.447814" lat="39.344620"><ele>19.028421</ele><time>2022-04-12T16:00:02Z</time><extensions><speed>0.812834</speed><course>276.515167</course><hAcc>1.787069</hAcc><vAcc>0.743394</vAcc></extensions></trkpt>
      <trkpt lon="-76.447823" lat="39.344620"><ele>18.929996</ele><time>2022-04-12T16:00:03Z</time><extensions><speed>0.727595</speed><course>274.888367</course><hAcc>1.786798</hAcc><vAcc>0.738390</vAcc></extensions></trkpt>
      <trkpt lon="-76.447831" lat="39.344621"><ele>18.807508</ele><time>2022-04-12T16:00:04Z</time><extensions><speed>0.666112</speed><course>271.734863</course><hAcc>1.785595</hAcc><vAcc>0.733130</vAcc></extensions></trkpt>
      <trkpt lon="-76.447839" lat="39.344621"><ele>18.667610</ele><time>2022-04-12T16:00:05Z</time><extensions><speed>0.671759</speed><course>269.383087</course><hAcc>1.777553</hAcc><vAcc>0.727654</vAcc></extensions></trkpt>
      <trkpt lon="-76.447847" lat="39.344620"><ele>18.532469</ele><time>2022-04-12T16:00:06Z</time><extensions><speed>0.681953</speed><course>265.144623</course><hAcc>1.772383</hAcc><vAcc>0.721993</vAcc></extensions></trkpt>
      <trkpt lon="-76.447855" lat="39.344620"><ele>18.417149</ele><time>2022-04-12T16:00:07Z</time><extensions><speed>0.690102</speed><course>262.171997</course><hAcc>1.771072</hAcc><vAcc>0.716355</vAcc></extensions></trkpt>
      <trkpt lon="-76.447862" lat="39.344619"><ele>18.302235</ele><time>2022-04-12T16:00:08Z</time><extensions><speed>0.555441</speed><course>257.023529</course><hAcc>1.794366</hAcc><vAcc>0.710791</vAcc></extensions></trkpt>
      <trkpt lon="-76.447867" lat="39.344618"><ele>18.207735</ele><time>2022-04-12T16:00:09Z</time><extensions><speed>0.350302</speed><course>250.564667</course><hAcc>1.830406</hAcc><vAcc>0.705516</vAcc></extensions></trkpt>
      <trkpt lon="-76.447873" lat="39.344616"><ele>18.125933</ele><time>2022-04-12T16:00:10Z</time><extensions><speed>0.625113</speed><course>249.746780</course><hAcc>1.783982</hAcc><vAcc>0.700683</vAcc></extensions></trkpt>
      <trkpt lon="-76.447881" lat="39.344614"><ele>18.067879</ele><time>2022-04-12T16:00:11Z</time><extensions><speed>0.819185</speed><course>251.505432</course><hAcc>1.779295</hAcc><vAcc>0.696495</vAcc></extensions></trkpt>
      <trkpt lon="-76.447891" lat="39.344612"><ele>18.025639</ele><time>2022-04-12T16:00:12Z</time><extensions><speed>1.088935</speed><course>252.218140</course><hAcc>1.806661</hAcc><vAcc>0.693035</vAcc></extensions></trkpt>
      <trkpt lon="-76.447904" lat="39.344609"><ele>18.014067</ele><time>2022-04-12T16:00:13Z</time><extensions><speed>1.224747</speed><course>254.843552</course><hAcc>1.819593</hAcc><vAcc>0.690335</vAcc></extensions></trkpt>
      <trkpt lon="-76.447918" lat="39.344606"><ele>18.018595</ele><time>2022-04-12T16:00:14Z</time><extensions><speed>1.209124</speed><course>257.385468</course><hAcc>1.818869</hAcc><vAcc>0.688349</vAcc></extensions></trkpt>
      <trkpt lon="-76.447931" lat="39.344604"><ele>18.071850</ele><time>2022-04-12T16:00:15Z</time><extensions><speed>1.078804</speed><course>260.338562</course><hAcc>1.820757</hAcc><vAcc>0.687041</vAcc></extensions></trkpt>
      <trkpt lon="-76.447943" lat="39.344603"><ele>18.147846</ele><time>2022-04-12T16:00:16Z</time><extensions><speed>0.949259</speed><course>264.206085</course><hAcc>1.826170</hAcc><vAcc>0.686392</vAcc></extensions></trkpt>
      <trkpt lon="-76.447953" lat="39.344602"><ele>18.245979</ele><time>2022-04-12T16:00:17Z</time><extensions><speed>0.817272</speed><course>264.204285</course><hAcc>1.838513</hAcc><vAcc>0.686299</vAcc></extensions></trkpt>
      <trkpt lon="-76.447962" lat="39.344602"><ele>18.371778</ele><time>2022-04-12T16:00:18Z</time><extensions><speed>0.823198</speed><course>272.466187</course><hAcc>1.830052</hAcc><vAcc>0.686579</vAcc></extensions></trkpt>
      <trkpt lon="-76.447972" lat="39.344603"><ele>18.512289</ele><time>2022-04-12T16:00:19Z</time><extensions><speed>0.860561</speed><course>279.866425</course><hAcc>1.826790</hAcc><vAcc>0.687008</vAcc></extensions></trkpt>
      <trkpt lon="-76.447982" lat="39.344604"><ele>18.650164</ele><time>2022-04-12T16:00:20Z</time><extensions><speed>0.921890</speed><course>281.660797</course><hAcc>1.822172</hAcc><vAcc>0.689280</vAcc></extensions></trkpt>
      <trkpt lon="-76.447993" lat="39.344606"><ele>18.816309</ele><time>2022-04-12T16:00:21Z</time><extensions><speed>1.020150</speed><course>280.023834</course><hAcc>1.820260</hAcc><vAcc>0.690298</vAcc></extensions></trkpt>
      <trkpt lon="-76.448005" lat="39.344607"><ele>18.941282</ele><time>2022-04-12T16:00:22Z</time><extensions><speed>1.056857</speed><course>278.213531</course><hAcc>1.817836</hAcc><vAcc>0.691006</vAcc></extensions></trkpt>
      <trkpt lon="-76.448017" lat="39.344609"><ele>19.071608</ele><time>2022-04-12T16:00:23Z</time><extensions><speed>1.035611</speed><course>277.171204</course><hAcc>1.811992</hAcc><vAcc>0.691110</vAcc></extensions></trkpt>
      <trkpt lon="-76.448029" lat="39.344610"><ele>19.193781</ele><time>2022-04-12T16:00:24Z</time><extensions><speed>0.991034</speed><course>276.240448</course><hAcc>1.807514</hAcc><vAcc>0.690582</vAcc></extensions></trkpt>
      <trkpt lon="-76.448040" lat="39.344611"><ele>19.309473</ele><time>2022-04-12T16:00:25Z</time><extensions><speed>0.904799</speed><course>274.942444</course><hAcc>1.807356</hAcc><vAcc>0.689522</vAcc></extensions></trkpt>
      <trkpt lon="-76.448051" lat="39.344611"><ele>19.412390</ele><time>2022-04-12T16:00:26Z</time><extensions><speed>1.019757</speed><course>273.468018</course><hAcc>1.784563</hAcc><vAcc>0.687805</vAcc></extensions></trkpt>
      <trkpt lon="-76.448063" lat="39.344612"><ele>19.510056</ele><time>2022-04-12T16:00:27Z</time><extensions><speed>1.108361</speed><course>273.128937</course><hAcc>1.756455</hAcc><vAcc>0.685400</vAcc></extensions></trkpt>
      <trkpt lon="-76.448076" lat="39.344612"><ele>19.587444</ele><time>2022-04-12T16:00:28Z</time><extensions><speed>1.095308</speed><course>272.204498</course><hAcc>1.746298</hAcc><vAcc>0.682197</vAcc></extensions></trkpt>
      <trkpt lon="-76.448089" lat="39.344612"><ele>19.648891</ele><time>2022-04-12T16:00:29Z</time><extensions><speed>1.088612</speed><course>269.201935</course><hAcc>1.781981</hAcc><vAcc>0.678143</vAcc></extensions></trkpt>
      <trkpt lon="-76.448101" lat="39.344612"><ele>19.693859</ele><time>2022-04-12T16:00:30Z</time><extensions><speed>1.062379</speed><course>263.873901</course><hAcc>1.851241</hAcc><vAcc>0.673101</vAcc></extensions></trkpt>
      <trkpt lon="-76.448113" lat="39.344611"><ele>19.715874</ele><time>2022-04-12T16:00:31Z</time><extensions><speed>0.875432</speed><course>270.931824</course><hAcc>1.789090</hAcc><vAcc>0.667275</vAcc></extensions></trkpt>
      <trkpt lon="-76.448122" lat="39.344612"><ele>19.725546</ele><time>2022-04-12T16:00:32Z</time><extensions><speed>0.813504</speed><course>274.851227</course><hAcc>1.766894</hAcc><vAcc>0.661313</vAcc></extensions></trkpt>
      <trkpt lon="-76.448132" lat="39.344612"><ele>19.721125</ele><time>2022-04-12T16:00:33Z</time><extensions><speed>0.863853</speed><course>272.388153</course><hAcc>1.792899</hAcc><vAcc>0.656043</vAcc></extensions></trkpt>
      <trkpt lon="-76.448143" lat="39.344612"><ele>19.701630</ele><time>2022-04-12T16:00:34Z</time><extensions><speed>0.989675</speed><course>268.129700</course><hAcc>1.827030</hAcc><vAcc>0.652061</vAcc></extensions></trkpt>
      <trkpt lon="-76.448155" lat="39.344611"><ele>19.687160</ele><time>2022-04-12T16:00:35Z</time><extensions><speed>1.047050</speed><course>265.803131</course><hAcc>1.852139</hAcc><vAcc>0.649668</vAcc></extensions></trkpt>
      <trkpt lon="-76.448167" lat="39.344611"><ele>19.661562</ele><time>2022-04-12T16:00:36Z</time><extensions><speed>1.064976</speed><course>264.854950</course><hAcc>1.866467</hAcc><vAcc>0.648975</vAcc></extensions></trkpt>
      <trkpt lon="-76.448179" lat="39.344610"><ele>19.618603</ele><time>2022-04-12T16:00:37Z</time><extensions><speed>1.023576</speed><course>262.810486</course><hAcc>1.873710</hAcc><vAcc>0.649890</vAcc></extensions></trkpt>
      <trkpt lon="-76.448190" lat="39.344608"><ele>19.581226</ele><time>2022-04-12T16:00:38Z</time><extensions><speed>0.969900</speed><course>261.284973</course><hAcc>1.872538</hAcc><vAcc>0.652242</vAcc></extensions></trkpt>
      <trkpt lon="-76.448201" lat="39.344607"><ele>19.548418</ele><time>2022-04-12T16:00:39Z</time><extensions><speed>0.948458</speed><course>259.653351</course><hAcc>1.874754</hAcc><vAcc>0.655909</vAcc></extensions></trkpt>
      <trkpt lon="-76.448212" lat="39.344605"><ele>19.506014</ele><time>2022-04-12T16:00:40Z</time><extensions><speed>0.951732</speed><course>259.389160</course><hAcc>1.878578</hAcc><vAcc>0.660677</vAcc></extensions></trkpt>
      <trkpt lon="-76.448223" lat="39.344604"><ele>19.451199</ele><time>2022-04-12T16:00:41Z</time><extensions><speed>0.975943</speed><course>259.580933</course><hAcc>1.870178</hAcc><vAcc>0.666311</vAcc></extensions></trkpt>
      <trkpt lon="-76.448235" lat="39.344602"><ele>19.398708</ele><time>2022-04-12T16:00:42Z</time><extensions><speed>0.983945</speed><course>259.251709</course><hAcc>1.861189</hAcc><vAcc>0.672556</vAcc></extensions></trkpt>
      <trkpt lon="-76.448246" lat="39.344601"><ele>19.340981</ele><time>2022-04-12T16:00:43Z</time><extensions><speed>1.012758</speed><course>260.398651</course><hAcc>1.855867</hAcc><vAcc>0.679126</vAcc></extensions></trkpt>
      <trkpt lon="-76.448258" lat="39.344599"><ele>19.267925</ele><time>2022-04-12T16:00:44Z</time><extensions><speed>1.085337</speed><course>262.554962</course><hAcc>1.851551</hAcc><vAcc>0.685673</vAcc></extensions></trkpt>
      <trkpt lon="-76.448271" lat="39.344598"><ele>19.199833</ele><time>2022-04-12T16:00:45Z</time><extensions><speed>1.162026</speed><course>264.337189</course><hAcc>1.846460</hAcc><vAcc>0.691909</vAcc></extensions></trkpt>
      <trkpt lon="-76.448285" lat="39.344597"><ele>19.136597</ele><time>2022-04-12T16:00:46Z</time><extensions><speed>1.266235</speed><course>265.247223</course><hAcc>1.837594</hAcc><vAcc>0.697735</vAcc></extensions></trkpt>
      <trkpt lon="-76.448299" lat="39.344596"><ele>19.083900</ele><time>2022-04-12T16:00:47Z</time><extensions><speed>1.195117</speed><course>267.309998</course><hAcc>1.828200</hAcc><vAcc>0.702969</vAcc></extensions></trkpt>
      <trkpt lon="-76.448313" lat="39.344596"><ele>19.028826</ele><time>2022-04-12T16:00:48Z</time><extensions><speed>1.181104</speed><course>271.660645</course><hAcc>1.813022</hAcc><vAcc>0.707469</vAcc></extensions></trkpt>
      <trkpt lon="-76.448327" lat="39.344597"><ele>18.998512</ele><time>2022-04-12T16:00:49Z</time><extensions><speed>1.215197</speed><course>277.280426</course><hAcc>1.799467</hAcc><vAcc>0.711240</vAcc></extensions></trkpt>
      <trkpt lon="-76.448341" lat="39.344599"><ele>18.942123</ele><time>2022-04-12T16:00:50Z</time><extensions><speed>1.166069</speed><course>280.871399</course><hAcc>1.799222</hAcc><vAcc>0.714369</vAcc></extensions></trkpt>
      <trkpt lon="-76.448353" lat="39.344601"><ele>18.869347</ele><time>2022-04-12T16:00:51Z</time><extensions><speed>0.909961</speed><course>279.766724</course><hAcc>1.813793</hAcc><vAcc>0.716811</vAcc></extensions></trkpt>
      <trkpt lon="-76.448363" lat="39.344601"><ele>18.819433</ele><time>2022-04-12T16:00:52Z</time><extensions><speed>0.849135</speed><course>273.288330</course><hAcc>1.794396</hAcc><vAcc>0.718476</vAcc></extensions></trkpt>
      <trkpt lon="-76.448373" lat="39.344602"><ele>18.772228</ele><time>2022-04-12T16:00:53Z</time><extensions><speed>0.897275</speed><course>269.087097</course><hAcc>1.790030</hAcc><vAcc>0.719248</vAcc></extensions></trkpt>
      <trkpt lon="-76.448384" lat="39.344601"><ele>18.740622</ele><time>2022-04-12T16:00:54Z</time><extensions><speed>0.959127</speed><course>267.010376</course><hAcc>1.780841</hAcc><vAcc>0.719066</vAcc></extensions></trkpt>
      <trkpt lon="-76.448395" lat="39.344601"><ele>18.708368</ele><time>2022-04-12T16:00:55Z</time><extensions><speed>1.054156</speed><course>265.732880</course><hAcc>1.779084</hAcc><vAcc>0.717978</vAcc></extensions></trkpt>
      <trkpt lon="-76.448408" lat="39.344600"><ele>18.689550</ele><time>2022-04-12T16:00:56Z</time><extensions><speed>1.169072</speed><course>263.567749</course><hAcc>1.794941</hAcc><vAcc>0.716012</vAcc></extensions></trkpt>
      <trkpt lon="-76.448422" lat="39.344598"><ele>18.667753</ele><time>2022-04-12T16:00:57Z</time><extensions><speed>1.193538</speed><course>263.467712</course><hAcc>1.800799</hAcc><vAcc>0.713310</vAcc></extensions></trkpt>
      <trkpt lon="-76.448436" lat="39.344597"><ele>18.647350</ele><time>2022-04-12T16:00:58Z</time><extensions><speed>1.151088</speed><course>265.693115</course><hAcc>1.787002</hAcc><vAcc>0.710077</vAcc></extensions></trkpt>
      <trkpt lon="-76.448449" lat="39.344597"><ele>18.642023</ele><time>2022-04-12T16:00:59Z</time><extensions><speed>1.124317</speed><course>268.512543</course><hAcc>1.780077</hAcc><vAcc>0.706474</vAcc></extensions></trkpt>
      <trkpt lon="-76.448462" lat="39.344597"><ele>18.631727</ele><time>2022-04-12T16:01:00Z</time><extensions><speed>1.134904</speed><course>269.937805</course><hAcc>1.773670</hAcc><vAcc>0.702622</vAcc></extensions></trkpt>
      <trkpt lon="-76.448475" lat="39.344596"><ele>18.632490</ele><time>2022-04-12T16:01:01Z</time><extensions><speed>1.074877</speed><course>266.301056</course><hAcc>1.784255</hAcc><vAcc>0.698623</vAcc></extensions></trkpt>
      <trkpt lon="-76.448487" lat="39.344595"><ele>18.633430</ele><time>2022-04-12T16:01:02Z</time><extensions><speed>1.026787</speed><course>264.642761</course><hAcc>1.807346</hAcc><vAcc>0.694581</vAcc></extensions></trkpt>
      <trkpt lon="-76.448499" lat="39.344594"><ele>18.632759</ele><time>2022-04-12T16:01:03Z</time><extensions><speed>1.043848</speed><course>261.109131</course><hAcc>1.788213</hAcc><vAcc>0.690604</vAcc></extensions></trkpt>
      <trkpt lon="-76.448511" lat="39.344593"><ele>18.636816</ele><time>2022-04-12T16:01:04Z</time><extensions><speed>1.041932</speed><course>259.838806</course><hAcc>1.793002</hAcc><vAcc>0.686849</vAcc></extensions></trkpt>
      <trkpt lon="-76.448523" lat="39.344591"><ele>18.643339</ele><time>2022-04-12T16:01:05Z</time><extensions><speed>1.096683</speed><course>257.751892</course><hAcc>1.794434</hAcc><vAcc>0.684996</vAcc></extensions></trkpt>
      <trkpt lon="-76.448536" lat="39.344588"><ele>18.625519</ele><time>2022-04-12T16:01:06Z</time><extensions><speed>1.162716</speed><course>256.802612</course><hAcc>1.796275</hAcc><vAcc>0.683190</vAcc></extensions></trkpt>
      <trkpt lon="-76.448549" lat="39.344586"><ele>18.594711</ele><time>2022-04-12T16:01:07Z</time><extensions><speed>1.173626</speed><course>255.593948</course><hAcc>1.804407</hAcc><vAcc>0.682367</vAcc></extensions></trkpt>
      <trkpt lon="-76.448562" lat="39.344583"><ele>18.566687</ele><time>2022-04-12T16:01:08Z</time><extensions><speed>1.141160</speed><course>254.968201</course><hAcc>1.809762</hAcc><vAcc>0.682437</vAcc></extensions></trkpt>
      <trkpt lon="-76.448575" lat="39.344580"><ele>18.533646</ele><time>2022-04-12T16:01:09Z</time><extensions><speed>1.095986</speed><course>254.003601</course><hAcc>1.812671</hAcc><vAcc>0.683425</vAcc></extensions></trkpt>
      <trkpt lon="-76.448587" lat="39.344578"><ele>18.494423</ele><time>2022-04-12T16:01:10Z</time><extensions><speed>1.105559</speed><course>253.769867</course><hAcc>1.810507</hAcc><vAcc>0.685210</vAcc></extensions></trkpt>
      <trkpt lon="-76.448599" lat="39.344575"><ele>18.448078</ele><time>2022-04-12T16:01:11Z</time><extensions><speed>1.083248</speed><course>253.172867</course><hAcc>1.799267</hAcc><vAcc>0.687592</vAcc></extensions></trkpt>
      <trkpt lon="-76.448611" lat="39.344572"><ele>18.403795</ele><time>2022-04-12T16:01:12Z</time><extensions><speed>1.091690</speed><course>250.042877</course><hAcc>1.770101</hAcc><vAcc>0.690347</vAcc></extensions></trkpt>
      <trkpt lon="-76.448623" lat="39.344568"><ele>18.358879</ele><time>2022-04-12T16:01:13Z</time><extensions><speed>1.105671</speed><course>249.466553</course><hAcc>1.753881</hAcc><vAcc>0.693236</vAcc></extensions></trkpt>
      <trkpt lon="-76.448636" lat="39.344565"><ele>18.311586</ele><time>2022-04-12T16:01:14Z</time><extensions><speed>1.137571</speed><course>253.123062</course><hAcc>1.783884</hAcc><vAcc>0.696025</vAcc></extensions></trkpt>
      <trkpt lon="-76.448650" lat="39.344563"><ele>18.259007</ele><time>2022-04-12T16:01:15Z</time><extensions><speed>1.302024</speed><course>264.480103</course><hAcc>1.841365</hAcc><vAcc>0.698415</vAcc></extensions></trkpt>
      <trkpt lon="-76.448664" lat="39.344562"><ele>18.226416</ele><time>2022-04-12T16:01:16Z</time><extensions><speed>1.195983</speed><course>261.405731</course><hAcc>1.792838</hAcc><vAcc>0.700274</vAcc></extensions></trkpt>
      <trkpt lon="-76.448677" lat="39.344560"><ele>18.192278</ele><time>2022-04-12T16:01:17Z</time><extensions><speed>1.118912</speed><course>261.137787</course><hAcc>1.763587</hAcc><vAcc>0.701903</vAcc></extensions></trkpt>
      <trkpt lon="-76.448690" lat="39.344559"><ele>18.166908</ele><time>2022-04-12T16:01:18Z</time><extensions><speed>1.060516</speed><course>263.032104</course><hAcc>1.770245</hAcc><vAcc>0.703718</vAcc></extensions></trkpt>
      <trkpt lon="-76.448702" lat="39.344558"><ele>18.145792</ele><time>2022-04-12T16:01:19Z</time><extensions><speed>1.051281</speed><course>265.767761</course><hAcc>1.784523</hAcc><vAcc>0.705936</vAcc></extensions></trkpt>
      <trkpt lon="-76.448714" lat="39.344557"><ele>18.133402</ele><time>2022-04-12T16:01:20Z</time><extensions><speed>1.037545</speed><course>267.139435</course><hAcc>1.799520</hAcc><vAcc>0.708645</vAcc></extensions></trkpt>
      <trkpt lon="-76.448726" lat="39.344556"><ele>18.133144</ele><time>2022-04-12T16:01:21Z</time><extensions><speed>0.987968</speed><course>266.268311</course><hAcc>1.811424</hAcc><vAcc>0.711800</vAcc></extensions></trkpt>
      <trkpt lon="-76.448738" lat="39.344555"><ele>18.141474</ele><time>2022-04-12T16:01:22Z</time><extensions><speed>1.034266</speed><course>261.832977</course><hAcc>1.795951</hAcc><vAcc>0.715360</vAcc></extensions></trkpt>
      <trkpt lon="-76.448750" lat="39.344553"><ele>18.141762</ele><time>2022-04-12T16:01:23Z</time><extensions><speed>1.082116</speed><course>256.245575</course><hAcc>1.778794</hAcc><vAcc>0.719264</vAcc></extensions></trkpt>
      <trkpt lon="-76.448762" lat="39.344551"><ele>18.149437</ele><time>2022-04-12T16:01:24Z</time><extensions><speed>1.031273</speed><course>252.215607</course><hAcc>1.765354</hAcc><vAcc>0.723407</vAcc></extensions></trkpt>
      <trkpt lon="-76.448773" lat="39.344547"><ele>18.160599</ele><time>2022-04-12T16:01:24Z</time><extensions><speed>1.022228</speed><course>247.719482</course><hAcc>1.757521</hAcc><vAcc>0.727674</vAcc></extensions></trkpt>
      <trkpt lon="-76.448783" lat="39.344544"><ele>18.195038</ele><time>2022-04-12T16:01:25Z</time><extensions><speed>0.969832</speed><course>246.045944</course><hAcc>1.759293</hAcc><vAcc>0.731986</vAcc></extensions></trkpt>
      <trkpt lon="-76.448794" lat="39.344540"><ele>18.219704</ele><time>2022-04-12T16:01:26Z</time><extensions><speed>1.017533</speed><course>242.509964</course><hAcc>1.750146</hAcc><vAcc>0.736242</vAcc></extensions></trkpt>
      <trkpt lon="-76.448805" lat="39.344535"><ele>18.245350</ele><time>2022-04-12T16:01:27Z</time><extensions><speed>1.127208</speed><course>241.200104</course><hAcc>1.752755</hAcc><vAcc>0.740340</vAcc></extensions></trkpt>
      <trkpt lon="-76.448815" lat="39.344530"><ele>18.276815</ele><time>2022-04-12T16:01:28Z</time><extensions><speed>1.145292</speed><course>231.754501</course><hAcc>1.738669</hAcc><vAcc>0.744228</vAcc></extensions></trkpt>
      <trkpt lon="-76.448825" lat="39.344523"><ele>18.312006</ele><time>2022-04-12T16:01:29Z</time><extensions><speed>1.096034</speed><course>225.252670</course><hAcc>1.742272</hAcc><vAcc>0.747827</vAcc></extensions></trkpt>
      <trkpt lon="-76.448833" lat="39.344516"><ele>18.364439</ele><time>2022-04-12T16:01:30Z</time><extensions><speed>1.010129</speed><course>215.829727</course><hAcc>1.736629</hAcc><vAcc>0.751039</vAcc></extensions></trkpt>
      <trkpt lon="-76.448839" lat="39.344508"><ele>18.428392</ele><time>2022-04-12T16:01:31Z</time><extensions><speed>0.941537</speed><course>206.716339</course><hAcc>1.735903</hAcc><vAcc>0.753955</vAcc></extensions></trkpt>
      <trkpt lon="-76.448843" lat="39.344500"><ele>18.482025</ele><time>2022-04-12T16:01:33Z</time><extensions><speed>0.953936</speed><course>198.825378</course><hAcc>1.731531</hAcc><vAcc>0.756497</vAcc></extensions></trkpt>
      <trkpt lon="-76.448846" lat="39.344492"><ele>18.536428</ele><time>2022-04-12T16:01:34Z</time><extensions><speed>0.952906</speed><course>193.413681</course><hAcc>1.741824</hAcc><vAcc>0.758522</vAcc></extensions></trkpt>
      <trkpt lon="-76.448848" lat="39.344483"><ele>18.585020</ele><time>2022-04-12T16:01:35Z</time><extensions><speed>0.938321</speed><course>188.361679</course><hAcc>1.757857</hAcc><vAcc>0.760137</vAcc></extensions></trkpt>
      <trkpt lon="-76.448849" lat="39.344475"><ele>18.633575</ele><time>2022-04-12T16:01:36Z</time><extensions><speed>0.875024</speed><course>183.452469</course><hAcc>1.776715</hAcc><vAcc>0.761362</vAcc></extensions></trkpt>
      <trkpt lon="-76.448850" lat="39.344467"><ele>18.675810</ele><time>2022-04-12T16:01:37Z</time><extensions><speed>1.039168</speed><course>182.113083</course><hAcc>1.762425</hAcc><vAcc>0.762218</vAcc></extensions></trkpt>
      <trkpt lon="-76.448850" lat="39.344457"><ele>18.711573</ele><time>2022-04-12T16:01:38Z</time><extensions><speed>1.194813</speed><course>182.133362</course><hAcc>1.756466</hAcc><vAcc>0.762760</vAcc></extensions></trkpt>
      <trkpt lon="-76.448851" lat="39.344445"><ele>18.755077</ele><time>2022-04-12T16:01:39Z</time><extensions><speed>1.266998</speed><course>181.795380</course><hAcc>1.765599</hAcc><vAcc>0.763184</vAcc></extensions></trkpt>
      <trkpt lon="-76.448851" lat="39.344434"><ele>18.784458</ele><time>2022-04-12T16:01:40Z</time><extensions><speed>1.332561</speed><course>181.584808</course><hAcc>1.775498</hAcc><vAcc>0.763448</vAcc></extensions></trkpt>
      <trkpt lon="-76.448851" lat="39.344422"><ele>18.803223</ele><time>2022-04-12T16:01:41Z</time><extensions><speed>1.307901</speed><course>179.961365</course><hAcc>1.782964</hAcc><vAcc>0.763570</vAcc></extensions></trkpt>
      <trkpt lon="-76.448851" lat="39.344410"><ele>18.830017</ele><time>2022-04-12T16:01:42Z</time><extensions><speed>1.296993</speed><course>177.373886</course><hAcc>1.790534</hAcc><vAcc>0.763711</vAcc></extensions></trkpt>
      <trkpt lon="-76.448850" lat="39.344399"><ele>18.862543</ele><time>2022-04-12T16:01:43Z</time><extensions><speed>1.215814</speed><course>173.470657</course><hAcc>1.793427</hAcc><vAcc>0.763958</vAcc></extensions></trkpt>
      <trkpt lon="-76.448848" lat="39.344388"><ele>18.881248</ele><time>2022-04-12T16:01:44Z</time><extensions><speed>1.183668</speed><course>169.679565</course><hAcc>1.787768</hAcc><vAcc>0.764298</vAcc></extensions></trkpt>
      <trkpt lon="-76.448845" lat="39.344377"><ele>18.881081</ele><time>2022-04-12T16:01:45Z</time><extensions><speed>1.236013</speed><course>168.581558</course><hAcc>1.783658</hAcc><vAcc>0.764829</vAcc></extensions></trkpt>
      <trkpt lon="-76.448842" lat="39.344366"><ele>18.841496</ele><time>2022-04-12T16:01:46Z</time><extensions><speed>1.322087</speed><course>168.287628</course><hAcc>1.777854</hAcc><vAcc>0.765385</vAcc></extensions></trkpt>
      <trkpt lon="-76.448839" lat="39.344354"><ele>18.787683</ele><time>2022-04-12T16:01:47Z</time><extensions><speed>1.322044</speed><course>168.429855</course><hAcc>1.768393</hAcc><vAcc>0.766067</vAcc></extensions></trkpt>
      <trkpt lon="-76.448836" lat="39.344343"><ele>18.735817</ele><time>2022-04-12T16:01:48Z</time><extensions><speed>1.242493</speed><course>168.848862</course><hAcc>1.768248</hAcc><vAcc>0.766815</vAcc></extensions></trkpt>
      <trkpt lon="-76.448833" lat="39.344332"><ele>18.697994</ele><time>2022-04-12T16:01:49Z</time><extensions><speed>1.178742</speed><course>170.838425</course><hAcc>1.779527</hAcc><vAcc>0.767571</vAcc></extensions></trkpt>
      <trkpt lon="-76.448831" lat="39.344322"><ele>18.653521</ele><time>2022-04-12T16:01:50Z</time><extensions><speed>1.125814</speed><course>168.764084</course><hAcc>1.759933</hAcc><vAcc>0.768244</vAcc></extensions></trkpt>
      <trkpt lon="-76.448828" lat="39.344312"><ele>18.597990</ele><time>2022-04-12T16:01:51Z</time><extensions><speed>1.094604</speed><course>167.044891</course><hAcc>1.743656</hAcc><vAcc>0.768733</vAcc></extensions></trkpt>
      <trkpt lon="-76.448825" lat="39.344303"><ele>18.558786</ele><time>2022-04-12T16:01:52Z</time><extensions><speed>1.075124</speed><course>165.431137</course><hAcc>1.746947</hAcc><vAcc>0.768970</vAcc></extensions></trkpt>
      <trkpt lon="-76.448822" lat="39.344294"><ele>18.529602</ele><time>2022-04-12T16:01:53Z</time><extensions><speed>0.969937</speed><course>160.619232</course><hAcc>1.751043</hAcc><vAcc>0.769038</vAcc></extensions></trkpt>
      <trkpt lon="-76.448818" lat="39.344287"><ele>18.524862</ele><time>2022-04-12T16:01:54Z</time><extensions><speed>0.863113</speed><course>152.811844</course><hAcc>1.747871</hAcc><vAcc>0.768920</vAcc></extensions></trkpt>
      <trkpt lon="-76.448813" lat="39.344281"><ele>18.515171</ele><time>2022-04-12T16:01:55Z</time><extensions><speed>0.644805</speed><course>135.882416</course><hAcc>1.756704</hAcc><vAcc>0.768655</vAcc></extensions></trkpt>
      <trkpt lon="-76.448807" lat="39.344279"><ele>18.476870</ele><time>2022-04-12T16:01:56Z</time><extensions><speed>0.450299</speed><course>95.176346</course><hAcc>1.766809</hAcc><vAcc>0.768274</vAcc></extensions></trkpt>
      <trkpt lon="-76.448801" lat="39.344280"><ele>18.440275</ele><time>2022-04-12T16:01:57Z</time><extensions><speed>0.657788</speed><course>72.515747</course><hAcc>1.774500</hAcc><vAcc>0.767829</vAcc></extensions></trkpt>
      <trkpt lon="-76.448793" lat="39.344282"><ele>18.402996</ele><time>2022-04-12T16:01:58Z</time><extensions><speed>0.784377</speed><course>70.192108</course><hAcc>1.777588</hAcc><vAcc>0.767401</vAcc></extensions></trkpt>
      <trkpt lon="-76.448785" lat="39.344284"><ele>18.363914</ele><time>2022-04-12T16:01:59Z</time><extensions><speed>0.750678</speed><course>69.831841</course><hAcc>1.782308</hAcc><vAcc>0.767082</vAcc></extensions></trkpt>
      <trkpt lon="-76.448777" lat="39.344286"><ele>18.335554</ele><time>2022-04-12T16:02:00Z</time><extensions><speed>0.753889</speed><course>71.163269</course><hAcc>1.782704</hAcc><vAcc>0.766998</vAcc></extensions></trkpt>
      <trkpt lon="-76.448768" lat="39.344289"><ele>18.277138</ele><time>2022-04-12T16:02:01Z</time><extensions><speed>0.822765</speed><course>75.708145</course><hAcc>1.789396</hAcc><vAcc>0.767158</vAcc></extensions></trkpt>
      <trkpt lon="-76.448758" lat="39.344290"><ele>18.226639</ele><time>2022-04-12T16:02:02Z</time><extensions><speed>0.864858</speed><course>78.549576</course><hAcc>1.792302</hAcc><vAcc>0.767665</vAcc></extensions></trkpt>
      <trkpt lon="-76.448748" lat="39.344292"><ele>18.176939</ele><time>2022-04-12T16:02:03Z</time><extensions><speed>0.885220</speed><course>80.921394</course><hAcc>1.793344</hAcc><vAcc>0.768502</vAcc></extensions></trkpt>
      <trkpt lon="-76.448737" lat="39.344293"><ele>18.140856</ele><time>2022-04-12T16:02:04Z</time><extensions><speed>0.994260</speed><course>84.057549</course><hAcc>1.783958</hAcc><vAcc>0.769657</vAcc></extensions></trkpt>
      <trkpt lon="-76.448726" lat="39.344294"><ele>18.106493</ele><time>2022-04-12T16:02:05Z</time><extensions><speed>0.957570</speed><course>82.494873</course><hAcc>1.774242</hAcc><vAcc>0.771057</vAcc></extensions></trkpt>
      <trkpt lon="-76.448715" lat="39.344296"><ele>18.070835</ele><time>2022-04-12T16:02:06Z</time><extensions><speed>0.947455</speed><course>79.631599</course><hAcc>1.773042</hAcc><vAcc>0.772618</vAcc></extensions></trkpt>
      <trkpt lon="-76.448704" lat="39.344298"><ele>18.028622</ele><time>2022-04-12T16:02:07Z</time><extensions><speed>1.021563</speed><course>76.670769</course><hAcc>1.764455</hAcc><vAcc>0.774217</vAcc></extensions></trkpt>
      <trkpt lon="-76.448692" lat="39.344300"><ele>18.006594</ele><time>2022-04-12T16:02:08Z</time><extensions><speed>1.044474</speed><course>73.406494</course><hAcc>1.761031</hAcc><vAcc>0.775858</vAcc></extensions></trkpt>
      <trkpt lon="-76.448681" lat="39.344303"><ele>18.000473</ele><time>2022-04-12T16:02:09Z</time><extensions><speed>1.025246</speed><course>66.917358</course><hAcc>1.758008</hAcc><vAcc>0.777494</vAcc></extensions></trkpt>
      <trkpt lon="-76.448670" lat="39.344307"><ele>18.000538</ele><time>2022-04-12T16:02:10Z</time><extensions><speed>1.014760</speed><course>58.710712</course><hAcc>1.756261</hAcc><vAcc>0.779058</vAcc></extensions></trkpt>
      <trkpt lon="-76.448660" lat="39.344313"><ele>17.998560</ele><time>2022-04-12T16:02:11Z</time><extensions><speed>0.993157</speed><course>53.882275</course><hAcc>1.762836</hAcc><vAcc>0.780533</vAcc></extensions></trkpt>
      <trkpt lon="-76.448650" lat="39.344318"><ele>17.994293</ele><time>2022-04-12T16:02:12Z</time><extensions><speed>1.198722</speed><course>57.679363</course><hAcc>1.764467</hAcc><vAcc>0.781923</vAcc></extensions></trkpt>
      <trkpt lon="-76.448637" lat="39.344324"><ele>18.022245</ele><time>2022-04-12T16:02:13Z</time><extensions><speed>1.398279</speed><course>60.678627</course><hAcc>1.762305</hAcc><vAcc>0.783224</vAcc></extensions></trkpt>
      <trkpt lon="-76.448623" lat="39.344330"><ele>18.075035</ele><time>2022-04-12T16:02:14Z</time><extensions><speed>1.387814</speed><course>61.108501</course><hAcc>1.764228</hAcc><vAcc>0.784511</vAcc></extensions></trkpt>
      <trkpt lon="-76.448609" lat="39.344336"><ele>18.131542</ele><time>2022-04-12T16:02:15Z</time><extensions><speed>1.327685</speed><course>61.114799</course><hAcc>1.768537</hAcc><vAcc>0.785790</vAcc></extensions></trkpt>
      <trkpt lon="-76.448596" lat="39.344342"><ele>18.201782</ele><time>2022-04-12T16:02:16Z</time><extensions><speed>1.239030</speed><course>61.358261</course><hAcc>1.768486</hAcc><vAcc>0.787111</vAcc></extensions></trkpt>
      <trkpt lon="-76.448584" lat="39.344347"><ele>18.265392</ele><time>2022-04-12T16:02:17Z</time><extensions><speed>1.106508</speed><course>61.534321</course><hAcc>1.767679</hAcc><vAcc>0.788416</vAcc></extensions></trkpt>
      <trkpt lon="-76.448573" lat="39.344351"><ele>18.326405</ele><time>2022-04-12T16:02:18Z</time><extensions><speed>1.018067</speed><course>64.805801</course><hAcc>1.766619</hAcc><vAcc>0.789693</vAcc></extensions></trkpt>
      <trkpt lon="-76.448562" lat="39.344355"><ele>18.382179</ele><time>2022-04-12T16:02:19Z</time><extensions><speed>1.031940</speed><course>65.513489</course><hAcc>1.766087</hAcc><vAcc>0.790806</vAcc></extensions></trkpt>
      <trkpt lon="-76.448551" lat="39.344359"><ele>18.434328</ele><time>2022-04-12T16:02:20Z</time><extensions><speed>1.037790</speed><course>65.805969</course><hAcc>1.763696</hAcc><vAcc>0.791572</vAcc></extensions></trkpt>
      <trkpt lon="-76.448540" lat="39.344363"><ele>18.477762</ele><time>2022-04-12T16:02:21Z</time><extensions><speed>1.086406</speed><course>67.392342</course><hAcc>1.763979</hAcc><vAcc>0.791967</vAcc></extensions></trkpt>
      <trkpt lon="-76.448528" lat="39.344366"><ele>18.524763</ele><time>2022-04-12T16:02:22Z</time><extensions><speed>1.140052</speed><course>70.393959</course><hAcc>1.768198</hAcc><vAcc>0.792021</vAcc></extensions></trkpt>
      <trkpt lon="-76.448515" lat="39.344369"><ele>18.564108</ele><time>2022-04-12T16:02:23Z</time><extensions><speed>1.107082</speed><course>74.218887</course><hAcc>1.772330</hAcc><vAcc>0.791832</vAcc></extensions></trkpt>
      <trkpt lon="-76.448503" lat="39.344372"><ele>18.594952</ele><time>2022-04-12T16:02:24Z</time><extensions><speed>1.036319</speed><course>76.773506</course><hAcc>1.781854</hAcc><vAcc>0.791270</vAcc></extensions></trkpt>
      <trkpt lon="-76.448492" lat="39.344374"><ele>18.601706</ele><time>2022-04-12T16:02:25Z</time><extensions><speed>0.937425</speed><course>77.972641</course><hAcc>1.795583</hAcc><vAcc>0.790454</vAcc></extensions></trkpt>
      <trkpt lon="-76.448482" lat="39.344375"><ele>18.612146</ele><time>2022-04-12T16:02:26Z</time><extensions><speed>0.836168</speed><course>77.780159</course><hAcc>1.809303</hAcc><vAcc>0.789210</vAcc></extensions></trkpt>
      <trkpt lon="-76.448473" lat="39.344377"><ele>18.604652</ele><time>2022-04-12T16:02:27Z</time><extensions><speed>0.791012</speed><course>75.964737</course><hAcc>1.823871</hAcc><vAcc>0.787555</vAcc></extensions></trkpt>
      <trkpt lon="-76.448465" lat="39.344379"><ele>18.579458</ele><time>2022-04-12T16:02:28Z</time><extensions><speed>0.718226</speed><course>75.258881</course><hAcc>1.837352</hAcc><vAcc>0.785517</vAcc></extensions></trkpt>
      <trkpt lon="-76.448457" lat="39.344380"><ele>18.533623</ele><time>2022-04-12T16:02:29Z</time><extensions><speed>0.659341</speed><course>77.030182</course><hAcc>1.844082</hAcc><vAcc>0.783286</vAcc></extensions></trkpt>
      <trkpt lon="-76.448449" lat="39.344381"><ele>18.480833</ele><time>2022-04-12T16:02:30Z</time><extensions><speed>0.672040</speed><course>81.490898</course><hAcc>1.847077</hAcc><vAcc>0.781131</vAcc></extensions></trkpt>
      <trkpt lon="-76.448441" lat="39.344382"><ele>18.376081</ele><time>2022-04-12T16:02:31Z</time><extensions><speed>0.764255</speed><course>85.715942</course><hAcc>1.841887</hAcc><vAcc>0.779164</vAcc></extensions></trkpt>
      <trkpt lon="-76.448431" lat="39.344382"><ele>18.250071</ele><time>2022-04-12T16:02:32Z</time><extensions><speed>0.899329</speed><course>87.323036</course><hAcc>1.831728</hAcc><vAcc>0.777601</vAcc></extensions></trkpt>
      <trkpt lon="-76.448420" lat="39.344382"><ele>18.091507</ele><time>2022-04-12T16:02:33Z</time><extensions><speed>1.078926</speed><course>87.234596</course><hAcc>1.816741</hAcc><vAcc>0.776470</vAcc></extensions></trkpt>
      <trkpt lon="-76.448406" lat="39.344383"><ele>17.902716</ele><time>2022-04-12T16:02:34Z</time><extensions><speed>1.258037</speed><course>85.841919</course><hAcc>1.785007</hAcc><vAcc>0.775698</vAcc></extensions></trkpt>
      <trkpt lon="-76.448390" lat="39.344384"><ele>17.701437</ele><time>2022-04-12T16:02:35Z</time><extensions><speed>1.409508</speed><course>84.426094</course><hAcc>1.755235</hAcc><vAcc>0.775404</vAcc></extensions></trkpt>
      <trkpt lon="-76.448374" lat="39.344385"><ele>17.544504</ele><time>2022-04-12T16:02:36Z</time><extensions><speed>1.470844</speed><course>84.478027</course><hAcc>1.748153</hAcc><vAcc>0.775513</vAcc></extensions></trkpt>
      <trkpt lon="-76.448358" lat="39.344386"><ele>17.388744</ele><time>2022-04-12T16:02:37Z</time><extensions><speed>1.317566</speed><course>84.327866</course><hAcc>1.773112</hAcc><vAcc>0.775921</vAcc></extensions></trkpt>
      <trkpt lon="-76.448343" lat="39.344386"><ele>17.217041</ele><time>2022-04-12T16:02:38Z</time><extensions><speed>1.284485</speed><course>94.868660</course><hAcc>1.723155</hAcc><vAcc>0.776589</vAcc></extensions></trkpt>
      <trkpt lon="-76.448328" lat="39.344384"><ele>17.051455</ele><time>2022-04-12T16:02:39Z</time><extensions><speed>1.249253</speed><course>105.437714</course><hAcc>1.694324</hAcc><vAcc>0.777543</vAcc></extensions></trkpt>
      <trkpt lon="-76.448314" lat="39.344381"><ele>16.867683</ele><time>2022-04-12T16:02:40Z</time><extensions><speed>1.229703</speed><course>109.286819</course><hAcc>1.693048</hAcc><vAcc>0.778625</vAcc></extensions></trkpt>
      <trkpt lon="-76.448301" lat="39.344377"><ele>16.703396</ele><time>2022-04-12T16:02:41Z</time><extensions><speed>1.257481</speed><course>106.527122</course><hAcc>1.700249</hAcc><vAcc>0.779748</vAcc></extensions></trkpt>
      <trkpt lon="-76.448286" lat="39.344374"><ele>16.574524</ele><time>2022-04-12T16:02:42Z</time><extensions><speed>1.288216</speed><course>103.624924</course><hAcc>1.699731</hAcc><vAcc>0.780682</vAcc></extensions></trkpt>
      <trkpt lon="-76.448272" lat="39.344372"><ele>16.516148</ele><time>2022-04-12T16:02:43Z</time><extensions><speed>1.331603</speed><course>99.249634</course><hAcc>1.710821</hAcc><vAcc>0.781387</vAcc></extensions></trkpt>
      <trkpt lon="-76.448257" lat="39.344370"><ele>16.500633</ele><time>2022-04-12T16:02:44Z</time><extensions><speed>1.270987</speed><course>95.965462</course><hAcc>1.738850</hAcc><vAcc>0.781902</vAcc></extensions></trkpt>
      <trkpt lon="-76.448241" lat="39.344369"><ele>16.539486</ele><time>2022-04-12T16:02:45Z</time><extensions><speed>1.406888</speed><course>95.106842</course><hAcc>1.725821</hAcc><vAcc>0.782135</vAcc></extensions></trkpt>
      <trkpt lon="-76.448225" lat="39.344368"><ele>16.610359</ele><time>2022-04-12T16:02:46Z</time><extensions><speed>1.396119</speed><course>93.767410</course><hAcc>1.720299</hAcc><vAcc>0.782144</vAcc></extensions></trkpt>
      <trkpt lon="-76.448210" lat="39.344367"><ele>16.702862</ele><time>2022-04-12T16:02:47Z</time><extensions><speed>1.246628</speed><course>94.131859</course><hAcc>1.723234</hAcc><vAcc>0.781950</vAcc></extensions></trkpt>
      <trkpt lon="-76.448196" lat="39.344366"><ele>16.779486</ele><time>2022-04-12T16:02:48Z</time><extensions><speed>1.118780</speed><course>96.046265</course><hAcc>1.736858</hAcc><vAcc>0.781588</vAcc></extensions></trkpt>
      <trkpt lon="-76.448184" lat="39.344365"><ele>16.864038</ele><time>2022-04-12T16:02:49Z</time><extensions><speed>1.010953</speed><course>99.103813</course><hAcc>1.749146</hAcc><vAcc>0.781167</vAcc></extensions></trkpt>
      <trkpt lon="-76.448172" lat="39.344364"><ele>16.964876</ele><time>2022-04-12T16:02:50Z</time><extensions><speed>1.035784</speed><course>99.479401</course><hAcc>1.753780</hAcc><vAcc>0.780667</vAcc></extensions></trkpt>
      <trkpt lon="-76.448160" lat="39.344362"><ele>17.074949</ele><time>2022-04-12T16:02:51Z</time><extensions><speed>1.078357</speed><course>98.929085</course><hAcc>1.745223</hAcc><vAcc>0.779936</vAcc></extensions></trkpt>
      <trkpt lon="-76.448148" lat="39.344361"><ele>17.200291</ele><time>2022-04-12T16:02:52Z</time><extensions><speed>0.992393</speed><course>97.942024</course><hAcc>1.742568</hAcc><vAcc>0.778994</vAcc></extensions></trkpt>
      <trkpt lon="-76.448137" lat="39.344360"><ele>17.350199</ele><time>2022-04-12T16:02:53Z</time><extensions><speed>0.950377</speed><course>96.471855</course><hAcc>1.749988</hAcc><vAcc>0.777860</vAcc></extensions></trkpt>
      <trkpt lon="-76.448126" lat="39.344359"><ele>17.488821</ele><time>2022-04-12T16:02:54Z</time><extensions><speed>0.924037</speed><course>92.239731</course><hAcc>1.769604</hAcc><vAcc>0.776582</vAcc></extensions></trkpt>
      <trkpt lon="-76.448115" lat="39.344359"><ele>17.605452</ele><time>2022-04-12T16:02:55Z</time><extensions><speed>0.907276</speed><course>85.541260</course><hAcc>1.757252</hAcc><vAcc>0.775257</vAcc></extensions></trkpt>
      <trkpt lon="-76.448105" lat="39.344360"><ele>17.729820</ele><time>2022-04-12T16:02:56Z</time><extensions><speed>0.927533</speed><course>79.655602</course><hAcc>1.747882</hAcc><vAcc>0.773930</vAcc></extensions></trkpt>
      <trkpt lon="-76.448094" lat="39.344362"><ele>17.843065</ele><time>2022-04-12T16:02:57Z</time><extensions><speed>1.000087</speed><course>75.779007</course><hAcc>1.745327</hAcc><vAcc>0.772622</vAcc></extensions></trkpt>
      <trkpt lon="-76.448082" lat="39.344364"><ele>17.964357</ele><time>2022-04-12T16:02:58Z</time><extensions><speed>1.112350</speed><course>76.262115</course><hAcc>1.746484</hAcc><vAcc>0.771420</vAcc></extensions></trkpt>
      <trkpt lon="-76.448069" lat="39.344367"><ele>18.085836</ele><time>2022-04-12T16:02:59Z</time><extensions><speed>1.077155</speed><course>75.043793</course><hAcc>1.740166</hAcc><vAcc>0.770351</vAcc></extensions></trkpt>
      <trkpt lon="-76.448058" lat="39.344369"><ele>18.199432</ele><time>2022-04-12T16:03:00Z</time><extensions><speed>1.021904</speed><course>74.733368</course><hAcc>1.733568</hAcc><vAcc>0.769412</vAcc></extensions></trkpt>
      <trkpt lon="-76.448046" lat="39.344372"><ele>18.285105</ele><time>2022-04-12T16:03:01Z</time><extensions><speed>0.957633</speed><course>76.321785</course><hAcc>1.747625</hAcc><vAcc>0.768719</vAcc></extensions></trkpt>
      <trkpt lon="-76.448036" lat="39.344373"><ele>18.370056</ele><time>2022-04-12T16:03:02Z</time><extensions><speed>0.916457</speed><course>77.962753</course><hAcc>1.780560</hAcc><vAcc>0.768359</vAcc></extensions></trkpt>
      <trkpt lon="-76.448024" lat="39.344375"><ele>18.462427</ele><time>2022-04-12T16:03:03Z</time><extensions><speed>1.087561</speed><course>81.554588</course><hAcc>1.742676</hAcc><vAcc>0.768357</vAcc></extensions></trkpt>
      <trkpt lon="-76.448012" lat="39.344376"><ele>18.541595</ele><time>2022-04-12T16:03:04Z</time><extensions><speed>1.117978</speed><course>85.569145</course><hAcc>1.719461</hAcc><vAcc>0.768693</vAcc></extensions></trkpt>
      <trkpt lon="-76.447999" lat="39.344377"><ele>18.613276</ele><time>2022-04-12T16:03:05Z</time><extensions><speed>1.001368</speed><course>89.331993</course><hAcc>1.725262</hAcc><vAcc>0.769332</vAcc></extensions></trkpt>
      <trkpt lon="-76.447988" lat="39.344377"><ele>18.656637</ele><time>2022-04-12T16:03:06Z</time><extensions><speed>1.017237</speed><course>89.836426</course><hAcc>1.741233</hAcc><vAcc>0.770180</vAcc></extensions></trkpt>
      <trkpt lon="-76.447975" lat="39.344377"><ele>18.709593</ele><time>2022-04-12T16:03:07Z</time><extensions><speed>1.112770</speed><course>85.797707</course><hAcc>1.767925</hAcc><vAcc>0.771161</vAcc></extensions></trkpt>
      <trkpt lon="-76.447962" lat="39.344378"><ele>18.769218</ele><time>2022-04-12T16:03:08Z</time><extensions><speed>1.141367</speed><course>83.665024</course><hAcc>1.752018</hAcc><vAcc>0.772165</vAcc></extensions></trkpt>
      <trkpt lon="-76.447949" lat="39.344379"><ele>18.832333</ele><time>2022-04-12T16:03:09Z</time><extensions><speed>1.087584</speed><course>82.606239</course><hAcc>1.742721</hAcc><vAcc>0.773185</vAcc></extensions></trkpt>
      <trkpt lon="-76.447937" lat="39.344381"><ele>18.879421</ele><time>2022-04-12T16:03:10Z</time><extensions><speed>1.046984</speed><course>81.528107</course><hAcc>1.750773</hAcc><vAcc>0.774061</vAcc></extensions></trkpt>
      <trkpt lon="-76.447925" lat="39.344382"><ele>18.928225</ele><time>2022-04-12T16:03:11Z</time><extensions><speed>1.063825</speed><course>82.282539</course><hAcc>1.764674</hAcc><vAcc>0.774867</vAcc></extensions></trkpt>
      <trkpt lon="-76.447913" lat="39.344383"><ele>18.936888</ele><time>2022-04-12T16:03:12Z</time><extensions><speed>1.027388</speed><course>81.950653</course><hAcc>1.774080</hAcc><vAcc>0.775601</vAcc></extensions></trkpt>
      <trkpt lon="-76.447901" lat="39.344385"><ele>18.976570</ele><time>2022-04-12T16:03:13Z</time><extensions><speed>1.122213</speed><course>80.712967</course><hAcc>1.770819</hAcc><vAcc>0.776272</vAcc></extensions></trkpt>
      <trkpt lon="-76.447888" lat="39.344387"><ele>18.981585</ele><time>2022-04-12T16:03:14Z</time><extensions><speed>1.157221</speed><course>79.679550</course><hAcc>1.771812</hAcc><vAcc>0.776917</vAcc></extensions></trkpt>
      <trkpt lon="-76.447874" lat="39.344388"><ele>18.993483</ele><time>2022-04-12T16:03:15Z</time><extensions><speed>1.149821</speed><course>80.200111</course><hAcc>1.772339</hAcc><vAcc>0.777568</vAcc></extensions></trkpt>
      <trkpt lon="-76.447861" lat="39.344390"><ele>19.045483</ele><time>2022-04-12T16:03:16Z</time><extensions><speed>1.138485</speed><course>81.174461</course><hAcc>1.771679</hAcc><vAcc>0.778304</vAcc></extensions></trkpt>
      <trkpt lon="-76.447849" lat="39.344392"><ele>19.096146</ele><time>2022-04-12T16:03:17Z</time><extensions><speed>1.084216</speed><course>81.077469</course><hAcc>1.762996</hAcc><vAcc>0.779158</vAcc></extensions></trkpt>
      <trkpt lon="-76.447836" lat="39.344394"><ele>19.141268</ele><time>2022-04-12T16:03:18Z</time><extensions><speed>1.039672</speed><course>79.378235</course><hAcc>1.749386</hAcc><vAcc>0.780188</vAcc></extensions></trkpt>
      <trkpt lon="-76.447825" lat="39.344396"><ele>19.169651</ele><time>2022-04-12T16:03:19Z</time><extensions><speed>0.952272</speed><course>78.077637</course><hAcc>1.732628</hAcc><vAcc>0.781318</vAcc></extensions></trkpt>
      <trkpt lon="-76.447814" lat="39.344397"><ele>19.196274</ele><time>2022-04-12T16:03:20Z</time><extensions><speed>1.058951</speed><course>77.352516</course><hAcc>1.712434</hAcc><vAcc>0.782562</vAcc></extensions></trkpt>
      <trkpt lon="-76.447801" lat="39.344400"><ele>19.219641</ele><time>2022-04-12T16:03:21Z</time><extensions><speed>1.229303</speed><course>78.194359</course><hAcc>1.724401</hAcc><vAcc>0.783880</vAcc></extensions></trkpt>
      <trkpt lon="-76.447787" lat="39.344402"><ele>19.239780</ele><time>2022-04-12T16:03:22Z</time><extensions><speed>1.225845</speed><course>79.963455</course><hAcc>1.765014</hAcc><vAcc>0.785259</vAcc></extensions></trkpt>
      <trkpt lon="-76.447773" lat="39.344404"><ele>19.249363</ele><time>2022-04-12T16:03:23Z</time><extensions><speed>1.218600</speed><course>71.406807</course><hAcc>1.729481</hAcc><vAcc>0.786660</vAcc></extensions></trkpt>
      <trkpt lon="-76.447760" lat="39.344409"><ele>19.248301</ele><time>2022-04-12T16:03:24Z</time><extensions><speed>1.169171</speed><course>62.617035</course><hAcc>1.703381</hAcc><vAcc>0.787991</vAcc></extensions></trkpt>
      <trkpt lon="-76.447749" lat="39.344414"><ele>19.246006</ele><time>2022-04-12T16:03:25Z</time><extensions><speed>1.120707</speed><course>54.892601</course><hAcc>1.708485</hAcc><vAcc>0.789241</vAcc></extensions></trkpt>
      <trkpt lon="-76.447739" lat="39.344420"><ele>19.233881</ele><time>2022-04-12T16:03:26Z</time><extensions><speed>1.073809</speed><course>52.322479</course><hAcc>1.728258</hAcc><vAcc>0.790331</vAcc></extensions></trkpt>
      <trkpt lon="-76.447729" lat="39.344426"><ele>19.219603</ele><time>2022-04-12T16:03:27Z</time><extensions><speed>1.063725</speed><course>51.956387</course><hAcc>1.741436</hAcc><vAcc>0.791304</vAcc></extensions></trkpt>
      <trkpt lon="-76.447719" lat="39.344431"><ele>19.209387</ele><time>2022-04-12T16:03:28Z</time><extensions><speed>1.034362</speed><course>54.499386</course><hAcc>1.749277</hAcc><vAcc>0.792076</vAcc></extensions></trkpt>
      <trkpt lon="-76.447709" lat="39.344436"><ele>19.192511</ele><time>2022-04-12T16:03:29Z</time><extensions><speed>1.007658</speed><course>60.119724</course><hAcc>1.752923</hAcc><vAcc>0.792545</vAcc></extensions></trkpt>
      <trkpt lon="-76.447699" lat="39.344440"><ele>19.181620</ele><time>2022-04-12T16:03:30Z</time><extensions><speed>0.982532</speed><course>65.027504</course><hAcc>1.753542</hAcc><vAcc>0.792718</vAcc></extensions></trkpt>
      <trkpt lon="-76.447689" lat="39.344444"><ele>19.168949</ele><time>2022-04-12T16:03:31Z</time><extensions><speed>0.913518</speed><course>65.823883</course><hAcc>1.750803</hAcc><vAcc>0.792636</vAcc></extensions></trkpt>
      <trkpt lon="-76.447680" lat="39.344447"><ele>19.143675</ele><time>2022-04-12T16:03:32Z</time><extensions><speed>0.836933</speed><course>63.759678</course><hAcc>1.745658</hAcc><vAcc>0.792414</vAcc></extensions></trkpt>
      <trkpt lon="-76.447671" lat="39.344451"><ele>19.119278</ele><time>2022-04-12T16:03:33Z</time><extensions><speed>0.808185</speed><course>62.491516</course><hAcc>1.737165</hAcc><vAcc>0.792089</vAcc></extensions></trkpt>
      <trkpt lon="-76.447664" lat="39.344454"><ele>19.078215</ele><time>2022-04-12T16:03:34Z</time><extensions><speed>0.743283</speed><course>53.986599</course><hAcc>1.720361</hAcc><vAcc>0.791593</vAcc></extensions></trkpt>
      <trkpt lon="-76.447658" lat="39.344459"><ele>19.029356</ele><time>2022-04-12T16:03:35Z</time><extensions><speed>0.690072</speed><course>40.423569</course><hAcc>1.705633</hAcc><vAcc>0.790814</vAcc></extensions></trkpt>
      <trkpt lon="-76.447653" lat="39.344464"><ele>18.985989</ele><time>2022-04-12T16:03:35Z</time><extensions><speed>0.703214</speed><course>27.435898</course><hAcc>1.711604</hAcc><vAcc>0.789816</vAcc></extensions></trkpt>
      <trkpt lon="-76.447650" lat="39.344470"><ele>18.985361</ele><time>2022-04-12T16:03:36Z</time><extensions><speed>0.712432</speed><course>20.693834</course><hAcc>1.743904</hAcc><vAcc>0.788416</vAcc></extensions></trkpt>
      <trkpt lon="-76.447648" lat="39.344476"><ele>18.949144</ele><time>2022-04-12T16:03:37Z</time><extensions><speed>0.677764</speed><course>17.926548</course><hAcc>1.729148</hAcc><vAcc>0.786725</vAcc></extensions></trkpt>
      <trkpt lon="-76.447646" lat="39.344481"><ele>18.915451</ele><time>2022-04-12T16:03:39Z</time><extensions><speed>0.618828</speed><course>10.446221</course><hAcc>1.709832</hAcc><vAcc>0.784651</vAcc></extensions></trkpt>
      <trkpt lon="-76.447645" lat="39.344486"><ele>18.889894</ele><time>2022-04-12T16:03:40Z</time><extensions><speed>0.575847</speed><course>359.881165</course><hAcc>1.720943</hAcc><vAcc>0.782266</vAcc></extensions></trkpt>
      <trkpt lon="-76.447646" lat="39.344491"><ele>18.871342</ele><time>2022-04-12T16:03:41Z</time><extensions><speed>0.538715</speed><course>351.906586</course><hAcc>1.747391</hAcc><vAcc>0.779476</vAcc></extensions></trkpt>
      <trkpt lon="-76.447647" lat="39.344496"><ele>18.879955</ele><time>2022-04-12T16:03:42Z</time><extensions><speed>0.407355</speed><course>337.664520</course><hAcc>1.768737</hAcc><vAcc>0.776187</vAcc></extensions></trkpt>
      <trkpt lon="-76.447649" lat="39.344499"><ele>18.923435</ele><time>2022-04-12T16:03:43Z</time><extensions><speed>0.511085</speed><course>339.581329</course><hAcc>1.785528</hAcc><vAcc>0.772570</vAcc></extensions></trkpt>
      <trkpt lon="-76.447651" lat="39.344504"><ele>18.949652</ele><time>2022-04-12T16:03:44Z</time><extensions><speed>0.582719</speed><course>337.345245</course><hAcc>1.816272</hAcc><vAcc>0.768659</vAcc></extensions></trkpt>
      <trkpt lon="-76.447655" lat="39.344509"><ele>18.990038</ele><time>2022-04-12T16:03:45Z</time><extensions><speed>0.653251</speed><course>328.400818</course><hAcc>1.835703</hAcc><vAcc>0.764513</vAcc></extensions></trkpt>
      <trkpt lon="-76.447659" lat="39.344514"><ele>19.036945</ele><time>2022-04-12T16:03:46Z</time><extensions><speed>0.695195</speed><course>316.250977</course><hAcc>1.847040</hAcc><vAcc>0.760320</vAcc></extensions></trkpt>
      <trkpt lon="-76.447665" lat="39.344518"><ele>19.102406</ele><time>2022-04-12T16:03:47Z</time><extensions><speed>0.715932</speed><course>307.396210</course><hAcc>1.862327</hAcc><vAcc>0.756314</vAcc></extensions></trkpt>
      <trkpt lon="-76.447673" lat="39.344522"><ele>19.162142</ele><time>2022-04-12T16:03:48Z</time><extensions><speed>0.749031</speed><course>301.502930</course><hAcc>1.865073</hAcc><vAcc>0.752728</vAcc></extensions></trkpt>
      <trkpt lon="-76.447680" lat="39.344525"><ele>19.223961</ele><time>2022-04-12T16:03:49Z</time><extensions><speed>0.775668</speed><course>295.945435</course><hAcc>1.862804</hAcc><vAcc>0.749651</vAcc></extensions></trkpt>
      <trkpt lon="-76.447689" lat="39.344528"><ele>19.296045</ele><time>2022-04-12T16:03:50Z</time><extensions><speed>0.795110</speed><course>293.757721</course><hAcc>1.860000</hAcc><vAcc>0.747139</vAcc></extensions></trkpt>
      <trkpt lon="-76.447697" lat="39.344530"><ele>19.370539</ele><time>2022-04-12T16:03:51Z</time><extensions><speed>0.786244</speed><course>291.484924</course><hAcc>1.847619</hAcc><vAcc>0.745352</vAcc></extensions></trkpt>
      <trkpt lon="-76.447705" lat="39.344533"><ele>19.432707</ele><time>2022-04-12T16:03:52Z</time><extensions><speed>0.752083</speed><course>292.033936</course><hAcc>1.840176</hAcc><vAcc>0.744180</vAcc></extensions></trkpt>
      <trkpt lon="-76.447713" lat="39.344536"><ele>19.494219</ele><time>2022-04-12T16:03:53Z</time><extensions><speed>0.729831</speed><course>298.223022</course><hAcc>1.841725</hAcc><vAcc>0.743520</vAcc></extensions></trkpt>
      <trkpt lon="-76.447721" lat="39.344539"><ele>19.545767</ele><time>2022-04-12T16:03:54Z</time><extensions><speed>0.782436</speed><course>300.388672</course><hAcc>1.808403</hAcc><vAcc>0.743291</vAcc></extensions></trkpt>
      <trkpt lon="-76.447729" lat="39.344543"><ele>19.585457</ele><time>2022-04-12T16:03:55Z</time><extensions><speed>0.842908</speed><course>300.909210</course><hAcc>1.766982</hAcc><vAcc>0.743289</vAcc></extensions></trkpt>
      <trkpt lon="-76.447738" lat="39.344547"><ele>19.576380</ele><time>2022-04-12T16:03:56Z</time><extensions><speed>0.916614</speed><course>302.961273</course><hAcc>1.749704</hAcc><vAcc>0.743327</vAcc></extensions></trkpt>
      <trkpt lon="-76.447747" lat="39.344552"><ele>19.558430</ele><time>2022-04-12T16:03:57Z</time><extensions><speed>1.003689</speed><course>308.028259</course><hAcc>1.778164</hAcc><vAcc>0.743322</vAcc></extensions></trkpt>
      <trkpt lon="-76.447756" lat="39.344558"><ele>19.539482</ele><time>2022-04-12T16:03:58Z</time><extensions><speed>1.009448</speed><course>309.004181</course><hAcc>1.796265</hAcc><vAcc>0.743142</vAcc></extensions></trkpt>
      <trkpt lon="-76.447765" lat="39.344563"><ele>19.574495</ele><time>2022-04-12T16:03:59Z</time><extensions><speed>0.930633</speed><course>308.622375</course><hAcc>1.760119</hAcc><vAcc>0.742522</vAcc></extensions></trkpt>
      <trkpt lon="-76.447772" lat="39.344568"><ele>19.598629</ele><time>2022-04-12T16:04:00Z</time><extensions><speed>0.810264</speed><course>310.813385</course><hAcc>1.752997</hAcc><vAcc>0.741732</vAcc></extensions></trkpt>
      <trkpt lon="-76.447779" lat="39.344573"><ele>19.604855</ele><time>2022-04-12T16:04:01Z</time><extensions><speed>0.713772</speed><course>314.542725</course><hAcc>1.780653</hAcc><vAcc>0.740541</vAcc></extensions></trkpt>
      <trkpt lon="-76.447784" lat="39.344577"><ele>19.603979</ele><time>2022-04-12T16:04:02Z</time><extensions><speed>0.605829</speed><course>315.446289</course><hAcc>1.785610</hAcc><vAcc>0.738868</vAcc></extensions></trkpt>
      <trkpt lon="-76.447789" lat="39.344581"><ele>19.600777</ele><time>2022-04-12T16:04:03Z</time><extensions><speed>0.526201</speed><course>315.744873</course><hAcc>1.792587</hAcc><vAcc>0.736589</vAcc></extensions></trkpt>
      <trkpt lon="-76.447793" lat="39.344584"><ele>19.603012</ele><time>2022-04-12T16:04:04Z</time><extensions><speed>0.452447</speed><course>316.884216</course><hAcc>1.812714</hAcc><vAcc>0.733743</vAcc></extensions></trkpt>
      <trkpt lon="-76.447796" lat="39.344587"><ele>19.602751</ele><time>2022-04-12T16:04:05Z</time><extensions><speed>0.334511</speed><course>321.217987</course><hAcc>1.814290</hAcc><vAcc>0.730396</vAcc></extensions></trkpt>
      <trkpt lon="-76.447797" lat="39.344589"><ele>19.563715</ele><time>2022-04-12T16:04:06Z</time><extensions><speed>0.228737</speed><course>332.647064</course><hAcc>1.811862</hAcc><vAcc>0.726430</vAcc></extensions></trkpt>
      <trkpt lon="-76.447799" lat="39.344591"><ele>19.514130</ele><time>2022-04-12T16:04:07Z</time><extensions><speed>0.217182</speed><course>331.536560</course><hAcc>1.833961</hAcc><vAcc>0.721850</vAcc></extensions></trkpt>
      <trkpt lon="-76.447800" lat="39.344592"><ele>19.462444</ele><time>2022-04-12T16:04:08Z</time><extensions><speed>0.173925</speed><course>317.499786</course><hAcc>1.860979</hAcc><vAcc>0.716878</vAcc></extensions></trkpt>
      <trkpt lon="-76.447802" lat="39.344593"><ele>19.371149</ele><time>2022-04-12T16:04:09Z</time><extensions><speed>0.312916</speed><course>292.179352</course><hAcc>1.851531</hAcc><vAcc>0.711405</vAcc></extensions></trkpt>
      <trkpt lon="-76.447806" lat="39.344594"><ele>19.297476</ele><time>2022-04-12T16:04:10Z</time><extensions><speed>0.295614</speed><course>283.547821</course><hAcc>1.841457</hAcc><vAcc>0.705288</vAcc></extensions></trkpt>
      <trkpt lon="-76.447809" lat="39.344594"><ele>19.202925</ele><time>2022-04-12T16:04:11Z</time><extensions><speed>0.202704</speed><course>288.980621</course><hAcc>1.836636</hAcc><vAcc>0.698469</vAcc></extensions></trkpt>
      <trkpt lon="-76.447810" lat="39.344595"><ele>19.099995</ele><time>2022-04-12T16:04:12Z</time><extensions><speed>0.102210</speed><course>321.658081</course><hAcc>1.842423</hAcc><vAcc>0.690847</vAcc></extensions></trkpt>
      <trkpt lon="-76.447811" lat="39.344596"><ele>18.996328</ele><time>2022-04-12T16:04:13Z</time><extensions><speed>0.081750</speed><course>343.791687</course><hAcc>1.845850</hAcc><vAcc>0.682404</vAcc></extensions></trkpt>
      <trkpt lon="-76.447811" lat="39.344597"><ele>18.900366</ele><time>2022-04-12T16:04:14Z</time><extensions><speed>0.067798</speed><course>330.618683</course><hAcc>1.852237</hAcc><vAcc>0.673266</vAcc></extensions></trkpt>
      <trkpt lon="-76.447812" lat="39.344597"><ele>18.810024</ele><time>2022-04-12T16:04:15Z</time><extensions><speed>0.083961</speed><course>287.716248</course><hAcc>1.877740</hAcc><vAcc>0.663668</vAcc></extensions></trkpt>
      <trkpt lon="-76.447813" lat="39.344597"><ele>18.730982</ele><time>2022-04-12T16:04:16Z</time><extensions><speed>0.140193</speed><course>265.251282</course><hAcc>1.919478</hAcc><vAcc>0.653926</vAcc></extensions></trkpt>
      <trkpt lon="-76.447816" lat="39.344597"><ele>18.668144</ele><time>2022-04-12T16:04:17Z</time><extensions><speed>0.290823</speed><course>260.092072</course><hAcc>1.910867</hAcc><vAcc>0.644402</vAcc></extensions></trkpt>
      <trkpt lon="-76.447820" lat="39.344596"><ele>18.624958</ele><time>2022-04-12T16:04:18Z</time><extensions><speed>0.517123</speed><course>259.050995</course><hAcc>1.893965</hAcc><vAcc>0.635394</vAcc></extensions></trkpt>
      <trkpt lon="-76.447827" lat="39.344595"><ele>18.628529</ele><time>2022-04-12T16:04:19Z</time><extensions><speed>0.649836</speed><course>260.112823</course><hAcc>1.901967</hAcc><vAcc>0.627077</vAcc></extensions></trkpt>
      <trkpt lon="-76.447834" lat="39.344595"><ele>18.659243</ele><time>2022-04-12T16:04:20Z</time><extensions><speed>0.645069</speed><course>267.565033</course><hAcc>1.916850</hAcc><vAcc>0.619560</vAcc></extensions></trkpt>
      <trkpt lon="-76.447842" lat="39.344595"><ele>18.717911</ele><time>2022-04-12T16:04:21Z</time><extensions><speed>0.603476</speed><course>275.514862</course><hAcc>1.939301</hAcc><vAcc>0.612871</vAcc></extensions></trkpt>
      <trkpt lon="-76.447849" lat="39.344596"><ele>18.790766</ele><time>2022-04-12T16:04:22Z</time><extensions><speed>0.638948</speed><course>283.077545</course><hAcc>1.926954</hAcc><vAcc>0.606997</vAcc></extensions></trkpt>
      <trkpt lon="-76.447856" lat="39.344597"><ele>18.874329</ele><time>2022-04-12T16:04:23Z</time><extensions><speed>0.657145</speed><course>288.274109</course><hAcc>1.914106</hAcc><vAcc>0.601933</vAcc></extensions></trkpt>
      <trkpt lon="-76.447863" lat="39.344599"><ele>18.959845</ele><time>2022-04-12T16:04:24Z</time><extensions><speed>0.588745</speed><course>291.682373</course><hAcc>1.928133</hAcc><vAcc>0.597620</vAcc></extensions></trkpt>
      <trkpt lon="-76.447869" lat="39.344601"><ele>19.045162</ele><time>2022-04-12T16:04:25Z</time><extensions><speed>0.432574</speed><course>289.663635</course><hAcc>1.945853</hAcc><vAcc>0.593897</vAcc></extensions></trkpt>
      <trkpt lon="-76.447874" lat="39.344602"><ele>19.123962</ele><time>2022-04-12T16:04:26Z</time><extensions><speed>0.391446</speed><course>285.763611</course><hAcc>1.949074</hAcc><vAcc>0.590561</vAcc></extensions></trkpt>
      <trkpt lon="-76.447878" lat="39.344603"><ele>19.193884</ele><time>2022-04-12T16:04:27Z</time><extensions><speed>0.379810</speed><course>281.365417</course><hAcc>1.952263</hAcc><vAcc>0.587414</vAcc></extensions></trkpt>
      <trkpt lon="-76.447882" lat="39.344603"><ele>19.248104</ele><time>2022-04-12T16:04:28Z</time><extensions><speed>0.399495</speed><course>277.616455</course><hAcc>1.951612</hAcc><vAcc>0.584295</vAcc></extensions></trkpt>
      <trkpt lon="-76.447887" lat="39.344604"><ele>19.285629</ele><time>2022-04-12T16:04:29Z</time><extensions><speed>0.435665</speed><course>275.297241</course><hAcc>1.952159</hAcc><vAcc>0.581129</vAcc></extensions></trkpt>
      <trkpt lon="-76.447892" lat="39.344604"><ele>19.310762</ele><time>2022-04-12T16:04:30Z</time><extensions><speed>0.433845</speed><course>275.018341</course><hAcc>1.973335</hAcc><vAcc>0.577894</vAcc></extensions></trkpt>
      <trkpt lon="-76.447898" lat="39.344605"><ele>19.320803</ele><time>2022-04-12T16:04:31Z</time><extensions><speed>0.437444</speed><course>276.448669</course><hAcc>1.998443</hAcc><vAcc>0.574629</vAcc></extensions></trkpt>
      <trkpt lon="-76.447903" lat="39.344605"><ele>19.323328</ele><time>2022-04-12T16:04:32Z</time><extensions><speed>0.446449</speed><course>278.995270</course><hAcc>2.020229</hAcc><vAcc>0.571416</vAcc></extensions></trkpt>
      <trkpt lon="-76.447908" lat="39.344606"><ele>19.324909</ele><time>2022-04-12T16:04:33Z</time><extensions><speed>0.472696</speed><course>282.786652</course><hAcc>2.035997</hAcc><vAcc>0.568385</vAcc></extensions></trkpt>
      <trkpt lon="-76.447914" lat="39.344607"><ele>19.324757</ele><time>2022-04-12T16:04:34Z</time><extensions><speed>0.508206</speed><course>287.615417</course><hAcc>2.047714</hAcc><vAcc>0.565667</vAcc></extensions></trkpt>
      <trkpt lon="-76.447919" lat="39.344609"><ele>19.324213</ele><time>2022-04-12T16:04:35Z</time><extensions><speed>0.512519</speed><course>291.991577</course><hAcc>2.061767</hAcc><vAcc>0.563350</vAcc></extensions></trkpt>
      <trkpt lon="-76.447925" lat="39.344610"><ele>19.328220</ele><time>2022-04-12T16:04:36Z</time><extensions><speed>0.507828</speed><course>294.670197</course><hAcc>2.066000</hAcc><vAcc>0.561454</vAcc></extensions></trkpt>
      <trkpt lon="-76.447930" lat="39.344612"><ele>19.338820</ele><time>2022-04-12T16:04:37Z</time><extensions><speed>0.488834</speed><course>294.135651</course><hAcc>2.061909</hAcc><vAcc>0.559970</vAcc></extensions></trkpt>
      <trkpt lon="-76.447935" lat="39.344614"><ele>19.356510</ele><time>2022-04-12T16:04:38Z</time><extensions><speed>0.465134</speed><course>290.199432</course><hAcc>2.050813</hAcc><vAcc>0.558910</vAcc></extensions></trkpt>
      <trkpt lon="-76.447940" lat="39.344615"><ele>19.381227</ele><time>2022-04-12T16:04:39Z</time><extensions><speed>0.455023</speed><course>284.103943</course><hAcc>2.031432</hAcc><vAcc>0.558241</vAcc></extensions></trkpt>
      <trkpt lon="-76.447946" lat="39.344615"><ele>19.411415</ele><time>2022-04-12T16:04:40Z</time><extensions><speed>0.449146</speed><course>276.706940</course><hAcc>2.009393</hAcc><vAcc>0.557826</vAcc></extensions></trkpt>
      <trkpt lon="-76.447951" lat="39.344616"><ele>19.444155</ele><time>2022-04-12T16:04:41Z</time><extensions><speed>0.448222</speed><course>269.959991</course><hAcc>1.990778</hAcc><vAcc>0.557497</vAcc></extensions></trkpt>
      <trkpt lon="-76.447956" lat="39.344615"><ele>19.480141</ele><time>2022-04-12T16:04:42Z</time><extensions><speed>0.457167</speed><course>264.825531</course><hAcc>1.986562</hAcc><vAcc>0.557108</vAcc></extensions></trkpt>
      <trkpt lon="-76.447961" lat="39.344615"><ele>19.517551</ele><time>2022-04-12T16:04:43Z</time><extensions><speed>0.307587</speed><course>252.868973</course><hAcc>1.997641</hAcc><vAcc>0.556612</vAcc></extensions></trkpt>
      <trkpt lon="-76.447964" lat="39.344614"><ele>19.556623</ele><time>2022-04-12T16:04:44Z</time><extensions><speed>0.309354</speed><course>237.866913</course><hAcc>1.979105</hAcc><vAcc>0.556157</vAcc></extensions></trkpt>
      <trkpt lon="-76.447967" lat="39.344612"><ele>19.596249</ele><time>2022-04-12T16:04:45Z</time><extensions><speed>0.313626</speed><course>226.464172</course><hAcc>1.969549</hAcc><vAcc>0.556028</vAcc></extensions></trkpt>
      <trkpt lon="-76.447969" lat="39.344610"><ele>19.635845</ele><time>2022-04-12T16:04:46Z</time><extensions><speed>0.307486</speed><course>218.180069</course><hAcc>1.975746</hAcc><vAcc>0.556435</vAcc></extensions></trkpt>
      <trkpt lon="-76.447971" lat="39.344608"><ele>19.674715</ele><time>2022-04-12T16:04:47Z</time><extensions><speed>0.302626</speed><course>213.131271</course><hAcc>1.985877</hAcc><vAcc>0.557361</vAcc></extensions></trkpt>
      <trkpt lon="-76.447973" lat="39.344606"><ele>19.705410</ele><time>2022-04-12T16:04:48Z</time><extensions><speed>0.298141</speed><course>211.696655</course><hAcc>1.997222</hAcc><vAcc>0.558571</vAcc></extensions></trkpt>
      <trkpt lon="-76.447975" lat="39.344603"><ele>19.729744</ele><time>2022-04-12T16:04:49Z</time><extensions><speed>0.292580</speed><course>214.257294</course><hAcc>2.002634</hAcc><vAcc>0.559734</vAcc></extensions></trkpt>
      <trkpt lon="-76.447977" lat="39.344601"><ele>19.747351</ele><time>2022-04-12T16:04:50Z</time><extensions><speed>0.330834</speed><course>219.788452</course><hAcc>1.983526</hAcc><vAcc>0.560519</vAcc></extensions></trkpt>
      <trkpt lon="-76.447980" lat="39.344600"><ele>19.765478</ele><time>2022-04-12T16:04:51Z</time><extensions><speed>0.235746</speed><course>249.758011</course><hAcc>1.984909</hAcc><vAcc>0.560568</vAcc></extensions></trkpt>
      <trkpt lon="-76.447982" lat="39.344600"><ele>19.789284</ele><time>2022-04-12T16:04:52Z</time><extensions><speed>0.244288</speed><course>312.526733</course><hAcc>1.993772</hAcc><vAcc>0.559440</vAcc></extensions></trkpt>
      <trkpt lon="-76.447984" lat="39.344602"><ele>19.813963</ele><time>2022-04-12T16:04:53Z</time><extensions><speed>0.341011</speed><course>332.229156</course><hAcc>1.989904</hAcc><vAcc>0.556661</vAcc></extensions></trkpt>
      <trkpt lon="-76.447986" lat="39.344605"><ele>19.842722</ele><time>2022-04-12T16:04:54Z</time><extensions><speed>0.341491</speed><course>336.062134</course><hAcc>1.995788</hAcc><vAcc>0.551944</vAcc></extensions></trkpt>
      <trkpt lon="-76.447988" lat="39.344608"><ele>19.884998</ele><time>2022-04-12T16:04:55Z</time><extensions><speed>0.254270</speed><course>334.013916</course><hAcc>2.014123</hAcc><vAcc>0.545307</vAcc></extensions></trkpt>
      <trkpt lon="-76.447989" lat="39.344610"><ele>19.933517</ele><time>2022-04-12T16:04:56Z</time><extensions><speed>0.229017</speed><course>328.357788</course><hAcc>2.015224</hAcc><vAcc>0.537135</vAcc></extensions></trkpt>
      <trkpt lon="-76.447990" lat="39.344611"><ele>19.982658</ele><time>2022-04-12T16:04:57Z</time><extensions><speed>0.153948</speed><course>319.125610</course><hAcc>2.043880</hAcc><vAcc>0.528097</vAcc></extensions></trkpt>
      <trkpt lon="-76.447992" lat="39.344612"><ele>20.026100</ele><time>2022-04-12T16:04:58Z</time><extensions><speed>0.216742</speed><course>312.287720</course><hAcc>2.001415</hAcc><vAcc>0.519081</vAcc></extensions></trkpt>
      <trkpt lon="-76.447994" lat="39.344614"><ele>20.061586</ele><time>2022-04-12T16:04:59Z</time><extensions><speed>0.250665</speed><course>310.582184</course><hAcc>1.981490</hAcc><vAcc>0.510690</vAcc></extensions></trkpt>
      <trkpt lon="-76.447996" lat="39.344615"><ele>20.099787</ele><time>2022-04-12T16:05:00Z</time><extensions><speed>0.240548</speed><course>309.856201</course><hAcc>2.015317</hAcc><vAcc>0.503260</vAcc></extensions></trkpt>
      <trkpt lon="-76.447998" lat="39.344616"><ele>20.136366</ele><time>2022-04-12T16:05:01Z</time><extensions><speed>0.203641</speed><course>308.447357</course><hAcc>2.080335</hAcc><vAcc>0.497122</vAcc></extensions></trkpt>
      <trkpt lon="-76.448000" lat="39.344617"><ele>20.165726</ele><time>2022-04-12T16:05:02Z</time><extensions><speed>0.133926</speed><course>303.582520</course><hAcc>2.143927</hAcc><vAcc>0.492659</vAcc></extensions></trkpt>
      <trkpt lon="-76.448002" lat="39.344618"><ele>20.185875</ele><time>2022-04-12T16:05:03Z</time><extensions><speed>0.182598</speed><course>297.049591</course><hAcc>2.128134</hAcc><vAcc>0.490079</vAcc></extensions></trkpt>
      <trkpt lon="-76.448004" lat="39.344619"><ele>20.192783</ele><time>2022-04-12T16:05:04Z</time><extensions><speed>0.197085</speed><course>292.129639</course><hAcc>2.141579</hAcc><vAcc>0.489180</vAcc></extensions></trkpt>
      <trkpt lon="-76.448006" lat="39.344619"><ele>20.186844</ele><time>2022-04-12T16:05:05Z</time><extensions><speed>0.198282</speed><course>288.345490</course><hAcc>2.190873</hAcc><vAcc>0.489503</vAcc></extensions></trkpt>
      <trkpt lon="-76.448008" lat="39.344620"><ele>20.174465</ele><time>2022-04-12T16:05:06Z</time><extensions><speed>0.193147</speed><course>285.225464</course><hAcc>2.263902</hAcc><vAcc>0.490754</vAcc></extensions></trkpt>
      <trkpt lon="-76.448011" lat="39.344620"><ele>20.158791</ele><time>2022-04-12T16:05:07Z</time><extensions><speed>0.162291</speed><course>281.474030</course><hAcc>2.364533</hAcc><vAcc>0.493136</vAcc></extensions></trkpt>
      <trkpt lon="-76.448012" lat="39.344621"><ele>20.137068</ele><time>2022-04-12T16:05:08Z</time><extensions><speed>0.134323</speed><course>277.221588</course><hAcc>2.455889</hAcc><vAcc>0.497264</vAcc></extensions></trkpt>
      <trkpt lon="-76.448014" lat="39.344621"><ele>20.108017</ele><time>2022-04-12T16:05:09Z</time><extensions><speed>0.160302</speed><course>274.862122</course><hAcc>2.516271</hAcc><vAcc>0.503608</vAcc></extensions></trkpt>
      <trkpt lon="-76.448016" lat="39.344621"><ele>20.068954</ele><time>2022-04-12T16:05:10Z</time><extensions><speed>0.167284</speed><course>275.126862</course><hAcc>2.619893</hAcc><vAcc>0.511959</vAcc></extensions></trkpt>
      <trkpt lon="-76.448018" lat="39.344621"><ele>20.025059</ele><time>2022-04-12T16:05:11Z</time><extensions><speed>0.161016</speed><course>275.237213</course><hAcc>2.776577</hAcc><vAcc>0.521537</vAcc></extensions></trkpt>
      <trkpt lon="-76.448020" lat="39.344621"><ele>19.966120</ele><time>2022-04-12T16:05:12Z</time><extensions><speed>0.147576</speed><course>273.238220</course><hAcc>2.966298</hAcc><vAcc>0.531331</vAcc></extensions></trkpt>
      <trkpt lon="-76.448022" lat="39.344620"><ele>19.924446</ele><time>2022-04-12T16:05:13Z</time><extensions><speed>0.130828</speed><course>268.311371</course><hAcc>3.170367</hAcc><vAcc>0.540380</vAcc></extensions></trkpt>
      <trkpt lon="-76.448023" lat="39.344620"><ele>19.874443</ele><time>2022-04-12T16:05:14Z</time><extensions><speed>0.113349</speed><course>258.668488</course><hAcc>3.373585</hAcc><vAcc>0.547950</vAcc></extensions></trkpt>
      <trkpt lon="-76.448024" lat="39.344618"><ele>19.823565</ele><time>2022-04-12T16:05:15Z</time><extensions><speed>0.109495</speed><course>241.320145</course><hAcc>3.564878</hAcc><vAcc>0.553582</vAcc></extensions></trkpt>
      <trkpt lon="-76.448025" lat="39.344616"><ele>19.758677</ele><time>2022-04-12T16:05:16Z</time><extensions><speed>0.129610</speed><course>216.960007</course><hAcc>3.731195</hAcc><vAcc>0.556965</vAcc></extensions></trkpt>
      <trkpt lon="-76.448026" lat="39.344614"><ele>19.677307</ele><time>2022-04-12T16:05:17Z</time><extensions><speed>0.173210</speed><course>199.967148</course><hAcc>3.861189</hAcc><vAcc>0.557824</vAcc></extensions></trkpt>
      <trkpt lon="-76.448027" lat="39.344611"><ele>19.569647</ele><time>2022-04-12T16:05:18Z</time><extensions><speed>0.229200</speed><course>192.435562</course><hAcc>3.950314</hAcc><vAcc>0.555942</vAcc></extensions></trkpt>
      <trkpt lon="-76.448027" lat="39.344608"><ele>19.460674</ele><time>2022-04-12T16:05:19Z</time><extensions><speed>0.277506</speed><course>188.536285</course><hAcc>4.010884</hAcc><vAcc>0.551154</vAcc></extensions></trkpt>
      <trkpt lon="-76.448028" lat="39.344605"><ele>19.355986</ele><time>2022-04-12T16:05:20Z</time><extensions><speed>0.313649</speed><course>186.391708</course><hAcc>4.045843</hAcc><vAcc>0.543363</vAcc></extensions></trkpt>
      <trkpt lon="-76.448029" lat="39.344603"><ele>19.245752</ele><time>2022-04-12T16:05:21Z</time><extensions><speed>0.299286</speed><course>186.041489</course><hAcc>4.062594</hAcc><vAcc>0.532718</vAcc></extensions></trkpt>
      <trkpt lon="-76.448029" lat="39.344601"><ele>19.149755</ele><time>2022-04-12T16:05:22Z</time><extensions><speed>0.263098</speed><course>186.916016</course><hAcc>4.044376</hAcc><vAcc>0.519349</vAcc></extensions></trkpt>
      <trkpt lon="-76.448030" lat="39.344601"><ele>19.077991</ele><time>2022-04-12T16:05:23Z</time><extensions><speed>0.218195</speed><course>187.687363</course><hAcc>3.988335</hAcc><vAcc>0.503771</vAcc></extensions></trkpt>
      <trkpt lon="-76.448031" lat="39.344599"><ele>19.022907</ele><time>2022-04-12T16:05:24Z</time><extensions><speed>0.174739</speed><course>189.174637</course><hAcc>3.902634</hAcc><vAcc>0.486893</vAcc></extensions></trkpt>
      <trkpt lon="-76.448031" lat="39.344598"><ele>18.977047</ele><time>2022-04-12T16:05:25Z</time><extensions><speed>0.170627</speed><course>191.459930</course><hAcc>3.771272</hAcc><vAcc>0.469709</vAcc></extensions></trkpt>
      <trkpt lon="-76.448032" lat="39.344596"><ele>18.910791</ele><time>2022-04-12T16:05:26Z</time><extensions><speed>0.158813</speed><course>194.635193</course><hAcc>3.639704</hAcc><vAcc>0.453134</vAcc></extensions></trkpt>
      <trkpt lon="-76.448033" lat="39.344595"><ele>18.873421</ele><time>2022-04-12T16:05:27Z</time><extensions><speed>0.150785</speed><course>198.492004</course><hAcc>3.567417</hAcc><vAcc>0.437922</vAcc></extensions></trkpt>
      <trkpt lon="-76.448033" lat="39.344594"><ele>18.851599</ele><time>2022-04-12T16:05:28Z</time><extensions><speed>0.042268</speed><course>218.464676</course><hAcc>3.559680</hAcc><vAcc>0.424522</vAcc></extensions></trkpt>
      <trkpt lon="-76.448034" lat="39.344594"><ele>18.847189</ele><time>2022-04-12T16:05:29Z</time><extensions><speed>0.025669</speed><course>290.369568</course><hAcc>3.538759</hAcc><vAcc>0.413233</vAcc></extensions></trkpt>
      <trkpt lon="-76.448034" lat="39.344595"><ele>18.853369</ele><time>2022-04-12T16:05:30Z</time><extensions><speed>0.027088</speed><course>323.455231</course><hAcc>3.538970</hAcc><vAcc>0.404268</vAcc></extensions></trkpt>
      <trkpt lon="-76.448034" lat="39.344595"><ele>18.867884</ele><time>2022-04-12T16:05:31Z</time><extensions><speed>0.037399</speed><course>327.633545</course><hAcc>3.525376</hAcc><vAcc>0.397615</vAcc></extensions></trkpt>
      <trkpt lon="-76.448035" lat="39.344596"><ele>18.880661</ele><time>2022-04-12T16:05:32Z</time><extensions><speed>0.044144</speed><course>317.112244</course><hAcc>3.514613</hAcc><vAcc>0.392821</vAcc></extensions></trkpt>
      <trkpt lon="-76.448036" lat="39.344596"><ele>18.888346</ele><time>2022-04-12T16:05:33Z</time><extensions><speed>0.063442</speed><course>290.125366</course><hAcc>3.500108</hAcc><vAcc>0.389244</vAcc></extensions></trkpt>
      <trkpt lon="-76.448038" lat="39.344596"><ele>18.887537</ele><time>2022-04-12T16:05:34Z</time><extensions><speed>0.146956</speed><course>271.911652</course><hAcc>3.483900</hAcc><vAcc>0.386767</vAcc></extensions></trkpt>
      <trkpt lon="-76.448040" lat="39.344596"><ele>18.880678</ele><time>2022-04-12T16:05:35Z</time><extensions><speed>0.245252</speed><course>262.970062</course><hAcc>3.541389</hAcc><vAcc>0.385441</vAcc></extensions></trkpt>
      <trkpt lon="-76.448043" lat="39.344596"><ele>18.868286</ele><time>2022-04-12T16:05:36Z</time><extensions><speed>0.198473</speed><course>275.275391</course><hAcc>3.660696</hAcc><vAcc>0.385469</vAcc></extensions></trkpt>
      <trkpt lon="-76.448046" lat="39.344597"><ele>18.849068</ele><time>2022-04-12T16:05:37Z</time><extensions><speed>0.192197</speed><course>285.258087</course><hAcc>3.771952</hAcc><vAcc>0.386904</vAcc></extensions></trkpt>
      <trkpt lon="-76.448048" lat="39.344597"><ele>18.821228</ele><time>2022-04-12T16:05:38Z</time><extensions><speed>0.196841</speed><course>291.362183</course><hAcc>3.852699</hAcc><vAcc>0.389685</vAcc></extensions></trkpt>
      <trkpt lon="-76.448051" lat="39.344598"><ele>18.783535</ele><time>2022-04-12T16:05:39Z</time><extensions><speed>0.199355</speed><course>293.898865</course><hAcc>3.891252</hAcc><vAcc>0.393589</vAcc></extensions></trkpt>
      <trkpt lon="-76.448053" lat="39.344599"><ele>18.735949</ele><time>2022-04-12T16:05:40Z</time><extensions><speed>0.192774</speed><course>293.896973</course><hAcc>3.887452</hAcc><vAcc>0.398151</vAcc></extensions></trkpt>
      <trkpt lon="-76.448056" lat="39.344600"><ele>18.680307</ele><time>2022-04-12T16:05:41Z</time><extensions><speed>0.172681</speed><course>293.153717</course><hAcc>3.857521</hAcc><vAcc>0.402505</vAcc></extensions></trkpt>
      <trkpt lon="-76.448057" lat="39.344600"><ele>18.619896</ele><time>2022-04-12T16:05:42Z</time><extensions><speed>0.132171</speed><course>292.550629</course><hAcc>3.819528</hAcc><vAcc>0.405405</vAcc></extensions></trkpt>
      <trkpt lon="-76.448059" lat="39.344601"><ele>18.558847</ele><time>2022-04-12T16:05:43Z</time><extensions><speed>0.080087</speed><course>291.864838</course><hAcc>3.764102</hAcc><vAcc>0.405864</vAcc></extensions></trkpt>
      <trkpt lon="-76.448060" lat="39.344601"><ele>18.502611</ele><time>2022-04-12T16:05:44Z</time><extensions><speed>0.064132</speed><course>291.348511</course><hAcc>3.735158</hAcc><vAcc>0.404855</vAcc></extensions></trkpt>
      <trkpt lon="-76.448060" lat="39.344601"><ele>18.451162</ele><time>2022-04-12T16:05:45Z</time><extensions><speed>0.050626</speed><course>291.057953</course><hAcc>3.701086</hAcc><vAcc>0.401176</vAcc></extensions></trkpt>
      <trkpt lon="-76.448061" lat="39.344601"><ele>18.405840</ele><time>2022-04-12T16:05:46Z</time><extensions><speed>0.040477</speed><course>290.900726</course><hAcc>3.678337</hAcc><vAcc>0.395746</vAcc></extensions></trkpt>
      <trkpt lon="-76.448061" lat="39.344602"><ele>18.366983</ele><time>2022-04-12T16:05:47Z</time><extensions><speed>0.034064</speed><course>290.821747</course><hAcc>3.668710</hAcc><vAcc>0.390282</vAcc></extensions></trkpt>
      <trkpt lon="-76.448062" lat="39.344602"><ele>18.334249</ele><time>2022-04-12T16:05:48Z</time><extensions><speed>0.028998</speed><course>290.785889</course><hAcc>3.684414</hAcc><vAcc>0.387724</vAcc></extensions></trkpt>
      <trkpt lon="-76.448062" lat="39.344602"><ele>18.306789</ele><time>2022-04-12T16:05:49Z</time><extensions><speed>0.018257</speed><course>290.768372</course><hAcc>3.734557</hAcc><vAcc>0.393068</vAcc></extensions></trkpt>
      <trkpt lon="-76.448062" lat="39.344602"><ele>18.283468</ele><time>2022-04-12T16:05:50Z</time><extensions><speed>0.014131</speed><course>290.758392</course><hAcc>3.779979</hAcc><vAcc>0.413892</vAcc></extensions></trkpt>
      <trkpt lon="-76.448062" lat="39.344602"><ele>18.263046</ele><time>2022-04-12T16:05:51Z</time><extensions><speed>0.017085</speed><course>290.754547</course><hAcc>3.844386</hAcc><vAcc>0.459289</vAcc></extensions></trkpt>
      <trkpt lon="-76.448062" lat="39.344602"><ele>18.244358</ele><time>2022-04-12T16:05:52Z</time><extensions><speed>0.015133</speed><course>290.753479</course><hAcc>4.032789</hAcc><vAcc>0.536903</vAcc></extensions></trkpt>
      <trkpt lon="-76.448062" lat="39.344602"><ele>18.226458</ele><time>2022-04-12T16:05:53Z</time><extensions><speed>0.012207</speed><course>290.753174</course><hAcc>4.406242</hAcc><vAcc>0.650230</vAcc></extensions></trkpt>
    </trkseg>
  </trk>
</gpx>